stamp,session,status,lat,lon,alt,cov_xx,cov_yy,cov_zz,x,y,z
1788925516.300000429,20260909_124516,2,36.843979700,128.092602900,293.7110,0.000196,0.000196,0.000225,3.4163,45.0578,0.0000
1788925516.400000334,20260909_124516,2,36.843979700,128.092602900,293.7160,0.000196,0.000196,0.000225,3.4163,45.0578,0.0000
1788925516.500000238,20260909_124516,2,36.843979600,128.092602900,293.7220,0.000196,0.000196,0.000361,3.4163,45.0467,0.0000
1788925516.600000381,20260909_124516,2,36.843979700,128.092602900,293.7100,0.000196,0.000196,0.000256,3.4163,45.0578,0.0000
1788925516.700000286,20260909_124516,2,36.843979600,128.092603000,293.7120,0.000196,0.000196,0.000361,3.4252,45.0467,0.0000
1788925516.800000191,20260909_124516,2,36.843979700,128.092602900,293.7170,0.000196,0.000196,0.000289,3.4163,45.0578,0.0000
1788925516.900000334,20260909_124516,2,36.843979700,128.092602900,293.7180,0.000196,0.000196,0.000225,3.4163,45.0578,0.0000
1788925517.000000238,20260909_124516,2,36.843979700,128.092602900,293.7130,0.000196,0.000196,0.000196,3.4163,45.0578,0.0000
1788925517.100000143,20260909_124516,2,36.843979700,128.092602900,293.7130,0.000196,0.000196,0.000196,3.4163,45.0578,0.0000
1788925517.200000286,20260909_124516,2,36.843979700,128.092602900,293.7180,0.000196,0.000196,0.000169,3.4163,45.0578,0.0000
1788925517.300000191,20260909_124516,2,36.843979700,128.092602900,293.7190,0.000196,0.000196,0.000169,3.4163,45.0578,0.0000
1788925517.400000095,20260909_124516,2,36.843979700,128.092602900,293.7170,0.000196,0.000196,0.000225,3.4163,45.0578,0.0000
1788925517.500000000,20260909_124516,2,36.843979700,128.092602900,293.7150,0.000196,0.000196,0.000196,3.4163,45.0578,0.0000
1788925517.600000143,20260909_124516,2,36.843979700,128.092602900,293.7130,0.000196,0.000196,0.000169,3.4163,45.0578,0.0000
1788925517.700000048,20260909_124516,2,36.843979700,128.092602900,293.7150,0.000196,0.000196,0.000225,3.4163,45.0578,0.0000
1788925517.799999952,20260909_124516,2,36.843979700,128.092602900,293.7220,0.000196,0.000196,0.000225,3.4163,45.0578,0.0000
1788925517.900000095,20260909_124516,2,36.843979700,128.092602900,293.7170,0.000196,0.000196,0.000225,3.4163,45.0578,0.0000
1788925518.000000000,20260909_124516,2,36.843979700,128.092602900,293.7090,0.000196,0.000196,0.000196,3.4163,45.0578,0.0000
1788925518.099999905,20260909_124516,2,36.843979700,128.092602900,293.7090,0.000196,0.000196,0.000196,3.4163,45.0578,0.0000
1788925518.200000048,20260909_124516,2,36.843979700,128.092602900,293.7120,0.000196,0.000196,0.000225,3.4163,45.0578,0.0000
1788925518.299999952,20260909_124516,2,36.843979700,128.092602900,293.7100,0.000196,0.000196,0.000225,3.4163,45.0578,0.0000
1788925518.399999857,20260909_124516,2,36.843979700,128.092602900,293.7170,0.000196,0.000196,0.000225,3.4163,45.0578,0.0000
1788925518.500000000,20260909_124516,2,36.843979700,128.092602900,293.7140,0.000196,0.000196,0.000256,3.4163,45.0578,0.0000
1788925518.599999905,20260909_124516,2,36.843979700,128.092602900,293.7200,0.000196,0.000196,0.000256,3.4163,45.0578,0.0000
1788925518.699999809,20260909_124516,2,36.843979700,128.092602900,293.7190,0.000196,0.000196,0.000256,3.4163,45.0578,0.0000
1788925518.799999952,20260909_124516,2,36.843979700,128.092602900,293.7140,0.000196,0.000196,0.000289,3.4163,45.0578,0.0000
1788925518.899999857,20260909_124516,2,36.843979700,128.092602900,293.7110,0.000196,0.000196,0.000289,3.4163,45.0578,0.0000
1788925518.999999762,20260909_124516,2,36.843979700,128.092602900,293.7220,0.000196,0.000196,0.000324,3.4163,45.0578,0.0000
1788925519.099999905,20260909_124516,2,36.843979700,128.092602900,293.7240,0.000196,0.000196,0.000324,3.4163,45.0578,0.0000
1788925519.199999809,20260909_124516,2,36.843979700,128.092602900,293.7130,0.000196,0.000196,0.000324,3.4163,45.0578,0.0000
1788925519.299999714,20260909_124516,2,36.843979700,128.092602900,293.7080,0.000196,0.000196,0.000289,3.4163,45.0578,0.0000
1788925519.399999857,20260909_124516,2,36.843979700,128.092602900,293.7120,0.000196,0.000196,0.000289,3.4163,45.0578,0.0000
1788925519.499999762,20260909_124516,2,36.843979700,128.092602900,293.7090,0.000196,0.000196,0.000256,3.4163,45.0578,0.0000
1788925519.599999666,20260909_124516,2,36.843979700,128.092602900,293.7080,0.000196,0.000196,0.000256,3.4163,45.0578,0.0000
1788925519.699999809,20260909_124516,2,36.843979700,128.092602900,293.7060,0.000196,0.000196,0.000256,3.4163,45.0578,0.0000
1788925519.799999714,20260909_124516,2,36.843979700,128.092602900,293.7060,0.000196,0.000196,0.000256,3.4163,45.0578,0.0000
1788925519.899999619,20260909_124516,2,36.843979700,128.092602900,293.7090,0.000196,0.000196,0.000225,3.4163,45.0578,0.0000
1788925519.999999762,20260909_124516,2,36.843979700,128.092602900,293.7060,0.000196,0.000196,0.000361,3.4163,45.0578,0.0000
1788925520.099999666,20260909_124516,2,36.843979700,128.092602900,293.7080,0.000196,0.000196,0.000324,3.4163,45.0578,0.0000
1788925520.199999571,20260909_124516,2,36.843979700,128.092602900,293.7100,0.000196,0.000196,0.000256,3.4163,45.0578,0.0000
1788925520.299999475,20260909_124516,2,36.843979700,128.092602900,293.7080,0.000196,0.000196,0.000324,3.4163,45.0578,0.0000
1788925520.399999619,20260909_124516,2,36.843979700,128.092602800,293.7250,0.000196,0.000196,0.000324,3.4073,45.0578,0.0000
1788925520.499999523,20260909_124516,2,36.843979600,128.092602800,293.7240,0.000196,0.000196,0.000441,3.4073,45.0467,0.0000
1788925520.599999428,20260909_124516,2,36.843979700,128.092602900,293.7050,0.000196,0.000196,0.000361,3.4163,45.0578,0.0000
1788925520.699999571,20260909_124516,2,36.843979700,128.092602900,293.7150,0.000196,0.000196,0.000361,3.4163,45.0578,0.0000
1788925520.799999475,20260909_124516,2,36.843979700,128.092602800,293.7150,0.000196,0.000196,0.000361,3.4073,45.0578,0.0000
1788925520.899999380,20260909_124516,2,36.843979700,128.092602900,293.7090,0.000196,0.000196,0.000324,3.4163,45.0578,0.0000
1788925520.999999523,20260909_124516,2,36.843979700,128.092602800,293.7150,0.000196,0.000196,0.000361,3.4073,45.0578,0.0000
1788925521.099999428,20260909_124516,2,36.843979700,128.092602800,293.7130,0.000196,0.000196,0.000361,3.4073,45.0578,0.0000
1788925521.199999332,20260909_124516,2,36.843979700,128.092602900,293.7080,0.000196,0.000196,0.000324,3.4163,45.0578,0.0000
1788925521.299999475,20260909_124516,2,36.843979700,128.092602900,293.7090,0.000196,0.000196,0.000289,3.4163,45.0578,0.0000
1788925521.399999380,20260909_124516,2,36.843979700,128.092602900,293.7080,0.000196,0.000196,0.000289,3.4163,45.0578,0.0000
1788925521.499999285,20260909_124516,2,36.843979700,128.092602900,293.7060,0.000196,0.000196,0.000289,3.4163,45.0578,0.0000
1788925521.599999428,20260909_124516,2,36.843979700,128.092602800,293.7070,0.000196,0.000196,0.000324,3.4073,45.0578,0.0000
1788925521.699999332,20260909_124516,2,36.843979700,128.092602900,293.7050,0.000196,0.000196,0.000289,3.4163,45.0578,0.0000
1788925521.799999237,20260909_124516,2,36.843979700,128.092602900,293.7120,0.000196,0.000196,0.000289,3.4163,45.0578,0.0000
1788925521.899999380,20260909_124516,2,36.843979700,128.092602800,293.7100,0.000196,0.000196,0.000289,3.4073,45.0578,0.0000
1788925521.999999285,20260909_124516,2,36.843979700,128.092602900,293.7050,0.000196,0.000196,0.000256,3.4163,45.0578,0.0000
1788925522.099999189,20260909_124516,2,36.843979700,128.092602900,293.7130,0.000196,0.000196,0.000256,3.4163,45.0578,0.0000
1788925522.199999332,20260909_124516,2,36.843979700,128.092602900,293.7040,0.000196,0.000196,0.000289,3.4163,45.0578,0.0000
1788925522.299999237,20260909_124516,2,36.843979700,128.092602900,293.7070,0.000196,0.000196,0.000289,3.4163,45.0578,0.0000
1788925522.399999142,20260909_124516,2,36.843979700,128.092602900,293.7100,0.000196,0.000196,0.000289,3.4163,45.0578,0.0000
1788925522.499999285,20260909_124516,2,36.843979700,128.092602900,293.7020,0.000196,0.000196,0.000289,3.4163,45.0578,0.0000
1788925522.599999189,20260909_124516,2,36.843979700,128.092602900,293.7070,0.000196,0.000196,0.000324,3.4163,45.0578,0.0000
1788925522.699999094,20260909_124516,2,36.843979700,128.092602900,293.7000,0.000196,0.000196,0.000289,3.4163,45.0578,0.0000
1788925522.799998999,20260909_124516,2,36.843979700,128.092602900,293.7020,0.000196,0.000196,0.000324,3.4163,45.0578,0.0000
1788925522.899999142,20260909_124516,2,36.843979700,128.092602900,293.7080,0.000196,0.000196,0.000324,3.4163,45.0578,0.0000
1788925522.999999046,20260909_124516,2,36.843979700,128.092602900,293.7110,0.000196,0.000196,0.000289,3.4163,45.0578,0.0000
1788925523.099998951,20260909_124516,2,36.843979700,128.092602900,293.7060,0.000196,0.000196,0.000324,3.4163,45.0578,0.0000
1788925523.199999094,20260909_124516,2,36.843979700,128.092602900,293.6990,0.000196,0.000196,0.000324,3.4163,45.0578,0.0000
1788925523.299998999,20260909_124516,2,36.843979700,128.092602900,293.7040,0.000196,0.000196,0.000324,3.4163,45.0578,0.0000
1788925523.399998903,20260909_124516,2,36.843979700,128.092602900,293.7040,0.000196,0.000196,0.000324,3.4163,45.0578,0.0000
1788925523.499999046,20260909_124516,2,36.843979700,128.092602900,293.7050,0.000196,0.000196,0.000324,3.4163,45.0578,0.0000
1788925523.599998951,20260909_124516,2,36.843979700,128.092602900,293.7010,0.000196,0.000196,0.000324,3.4163,45.0578,0.0000
1788925523.699998856,20260909_124516,2,36.843979700,128.092602900,293.7020,0.000196,0.000196,0.000324,3.4163,45.0578,0.0000
1788925523.799998999,20260909_124516,2,36.843979700,128.092602900,293.7040,0.000196,0.000196,0.000289,3.4163,45.0578,0.0000
1788925523.899998903,20260909_124516,2,36.843979700,128.092602900,293.7080,0.000196,0.000196,0.000289,3.4163,45.0578,0.0000
1788925523.999998808,20260909_124516,2,36.843979700,128.092602900,293.7160,0.000196,0.000196,0.000256,3.4163,45.0578,0.0000
1788925524.099998951,20260909_124516,2,36.843979700,128.092602900,293.7010,0.000196,0.000196,0.000289,3.4163,45.0578,0.0000
1788925524.199998856,20260909_124516,2,36.843979700,128.092602900,293.7020,0.000196,0.000196,0.000361,3.4163,45.0578,0.0000
1788925524.299998760,20260909_124516,2,36.843979700,128.092602900,293.7090,0.000196,0.000196,0.000324,3.4163,45.0578,0.0000
1788925524.399998903,20260909_124516,2,36.843979700,128.092602900,293.7030,0.000196,0.000196,0.000324,3.4163,45.0578,0.0000
1788925524.499998808,20260909_124516,2,36.843979700,128.092602900,293.7030,0.000196,0.000196,0.000324,3.4163,45.0578,0.0000
1788925524.599998713,20260909_124516,2,36.843979700,128.092602900,293.7030,0.000196,0.000196,0.000324,3.4163,45.0578,0.0000
1788925524.699998856,20260909_124516,2,36.843979700,128.092602900,293.7050,0.000196,0.000196,0.000324,3.4163,45.0578,0.0000
1788925524.799998760,20260909_124516,2,36.843979700,128.092602800,293.7130,0.000196,0.000196,0.000289,3.4073,45.0578,0.0000
1788925524.899998665,20260909_124516,2,36.843979700,128.092602900,293.7070,0.000196,0.000196,0.000324,3.4163,45.0578,0.0000
1788925524.999998808,20260909_124516,2,36.843979700,128.092602900,293.7020,0.000196,0.000196,0.000324,3.4163,45.0578,0.0000
1788925525.099998713,20260909_124516,2,36.843979700,128.092602900,293.7030,0.000196,0.000196,0.000324,3.4163,45.0578,0.0000
1788925525.199998617,20260909_124516,2,36.843979700,128.092602900,293.6940,0.000196,0.000196,0.000324,3.4163,45.0578,0.0000
1788925525.299998522,20260909_124516,2,36.843979700,128.092602900,293.7030,0.000196,0.000196,0.000324,3.4163,45.0578,0.0000
1788925525.399998665,20260909_124516,2,36.843979700,128.092602900,293.6990,0.000196,0.000196,0.000289,3.4163,45.0578,0.0000
1788925525.499998569,20260909_124516,2,36.843979700,128.092602900,293.7000,0.000196,0.000196,0.000324,3.4163,45.0578,0.0000
1788925525.599998474,20260909_124516,2,36.843979700,128.092602900,293.6970,0.000196,0.000196,0.000289,3.4163,45.0578,0.0000
1788925525.699998617,20260909_124516,2,36.843979700,128.092602900,293.6920,0.000196,0.000196,0.000324,3.4163,45.0578,0.0000
1788925525.799998522,20260909_124516,2,36.843979700,128.092602900,293.7060,0.000196,0.000196,0.000324,3.4163,45.0578,0.0000
1788925525.899998426,20260909_124516,2,36.843979700,128.092602900,293.6970,0.000196,0.000196,0.000324,3.4163,45.0578,0.0000
1788925525.999998569,20260909_124516,2,36.843979600,128.092602900,293.7030,0.000196,0.000196,0.000484,3.4163,45.0467,0.0000
1788925526.099998474,20260909_124516,2,36.843979600,128.092602900,293.7020,0.000196,0.000196,0.000484,3.4163,45.0467,0.0000
1788925526.199998379,20260909_124516,2,36.843979600,128.092602900,293.6990,0.000196,0.000196,0.000484,3.4163,45.0467,0.0000
1788925526.299998522,20260909_124516,2,36.843979700,128.092602900,293.7070,0.000196,0.000196,0.000529,3.4163,45.0578,0.0000
1788925526.399998426,20260909_124516,2,36.843979600,128.092602900,293.7110,0.000196,0.000196,0.000576,3.4163,45.0467,0.0000
1788925526.499998331,20260909_124516,2,36.843979700,128.092602900,293.7050,0.000196,0.000196,0.000441,3.4163,45.0578,0.0000
1788925526.599998474,20260909_124516,2,36.843979700,128.092602900,293.7090,0.000196,0.000196,0.000361,3.4163,45.0578,0.0000
1788925526.699998379,20260909_124516,2,36.843979700,128.092602900,293.7010,0.000196,0.000196,0.000289,3.4163,45.0578,0.0000
1788925526.799998283,20260909_124516,2,36.843979700,128.092602900,293.7100,0.000196,0.000196,0.000289,3.4163,45.0578,0.0000
1788925526.899998426,20260909_124516,2,36.843979700,128.092602900,293.7040,0.000196,0.000196,0.000289,3.4163,45.0578,0.0000
1788925526.999998331,20260909_124516,2,36.843979700,128.092602900,293.7050,0.000196,0.000196,0.000256,3.4163,45.0578,0.0000
1788925527.099998236,20260909_124516,2,36.843979700,128.092602900,293.7080,0.000196,0.000196,0.000256,3.4163,45.0578,0.0000
1788925527.199998379,20260909_124516,2,36.843979700,128.092602900,293.7090,0.000196,0.000196,0.000289,3.4163,45.0578,0.0000
1788925527.299998283,20260909_124516,2,36.843979700,128.092602900,293.7110,0.000196,0.000196,0.000289,3.4163,45.0578,0.0000
1788925527.399998188,20260909_124516,2,36.843979700,128.092602900,293.7080,0.000196,0.000196,0.000324,3.4163,45.0578,0.0000
1788925527.499998331,20260909_124516,2,36.843979700,128.092602900,293.7090,0.000196,0.000196,0.000324,3.4163,45.0578,0.0000
1788925527.599998236,20260909_124516,2,36.843979700,128.092602900,293.7130,0.000196,0.000196,0.000324,3.4163,45.0578,0.0000
1788925527.699998140,20260909_124516,2,36.843979600,128.092602900,293.7160,0.000196,0.000196,0.000441,3.4163,45.0467,0.0000
1788925527.799998045,20260909_124516,2,36.843979700,128.092602900,293.7100,0.000196,0.000196,0.000441,3.4163,45.0578,0.0000
1788925527.899998188,20260909_124516,2,36.843979700,128.092602900,293.7150,0.000196,0.000196,0.000400,3.4163,45.0578,0.0000
1788925527.999998093,20260909_124516,2,36.843979700,128.092602900,293.7160,0.000196,0.000196,0.000400,3.4163,45.0578,0.0000
1788925528.099997997,20260909_124516,2,36.843979700,128.092602900,293.7170,0.000196,0.000196,0.000400,3.4163,45.0578,0.0000
1788925528.199998140,20260909_124516,2,36.843979700,128.092602900,293.7140,0.000196,0.000196,0.000400,3.4163,45.0578,0.0000
1788925528.299998045,20260909_124516,2,36.843979700,128.092602900,293.7160,0.000196,0.000196,0.000400,3.4163,45.0578,0.0000
1788925528.399997950,20260909_124516,2,36.843979700,128.092602900,293.7240,0.000196,0.000196,0.000361,3.4163,45.0578,0.0000
1788925528.499998093,20260909_124516,2,36.843979700,128.092602900,293.7100,0.000196,0.000196,0.000361,3.4163,45.0578,0.0000
1788925528.599997997,20260909_124516,2,36.843979700,128.092602900,293.7170,0.000196,0.000196,0.000324,3.4163,45.0578,0.0000
1788925528.699997902,20260909_124516,2,36.843979700,128.092602900,293.7190,0.000196,0.000196,0.000289,3.4163,45.0578,0.0000
1788925528.799998045,20260909_124516,2,36.843979700,128.092602900,293.7140,0.000196,0.000196,0.000324,3.4163,45.0578,0.0000
1788925528.899997950,20260909_124516,2,36.843979700,128.092602900,293.7110,0.000196,0.000196,0.000324,3.4163,45.0578,0.0000
1788925528.999997854,20260909_124516,2,36.843979700,128.092602900,293.7200,0.000196,0.000196,0.000289,3.4163,45.0578,0.0000
1788925529.099997997,20260909_124516,2,36.843979700,128.092602900,293.7140,0.000196,0.000196,0.000324,3.4163,45.0578,0.0000
1788925529.199997902,20260909_124516,2,36.843979700,128.092602900,293.7100,0.000196,0.000196,0.000289,3.4163,45.0578,0.0000
1788925529.299997807,20260909_124516,2,36.843979600,128.092602900,293.7080,0.000196,0.000196,0.000361,3.4163,45.0467,0.0000
1788925529.399997950,20260909_124516,2,36.843979600,128.092602900,293.7090,0.000196,0.000196,0.000400,3.4163,45.0467,0.0000
1788925529.499997854,20260909_124516,2,36.843979600,128.092602900,293.7080,0.000196,0.000196,0.000361,3.4163,45.0467,0.0000
1788925529.599997759,20260909_124516,2,36.843979600,128.092603000,293.7070,0.000196,0.000196,0.000361,3.4252,45.0467,0.0000
1788925529.699997902,20260909_124516,2,36.843979600,128.092602900,293.7050,0.000196,0.000196,0.000361,3.4163,45.0467,0.0000
1788925529.799997807,20260909_124516,2,36.843979600,128.092603000,293.7080,0.000196,0.000196,0.000324,3.4252,45.0467,0.0000
1788925529.899997711,20260909_124516,2,36.843979600,128.092602900,293.7100,0.000196,0.000196,0.000361,3.4163,45.0467,0.0000
1788925529.999997854,20260909_124516,2,36.843979600,128.092603000,293.7080,0.000196,0.000196,0.000400,3.4252,45.0467,0.0000
1788925530.099997759,20260909_124516,2,36.843979600,128.092602900,293.7100,0.000196,0.000196,0.000361,3.4163,45.0467,0.0000
1788925530.199997663,20260909_124516,2,36.843979600,128.092602900,293.7100,0.000196,0.000196,0.000400,3.4163,45.0467,0.0000
1788925530.299997568,20260909_124516,2,36.843979700,128.092602900,293.7110,0.000196,0.000196,0.000400,3.4163,45.0578,0.0000
1788925530.399997711,20260909_124516,2,36.843979600,128.092602900,293.7200,0.000196,0.000196,0.000484,3.4163,45.0467,0.0000
1788925530.499997616,20260909_124516,2,36.843979700,128.092602900,293.7080,0.000196,0.000196,0.000400,3.4163,45.0578,0.0000
1788925530.599997520,20260909_124516,2,36.843979700,128.092602900,293.7090,0.000196,0.000196,0.000441,3.4163,45.0578,0.0000
1788925530.699997663,20260909_124516,2,36.843979700,128.092602800,293.7120,0.000196,0.000196,0.000361,3.4073,45.0578,0.0000
1788925530.799997568,20260909_124516,2,36.843979700,128.092602900,293.7070,0.000196,0.000196,0.000400,3.4163,45.0578,0.0000
1788925530.899997473,20260909_124516,2,36.843979700,128.092602900,293.7190,0.000196,0.000196,0.000441,3.4163,45.0578,0.0000
1788925530.999997616,20260909_124516,2,36.843979600,128.092602900,293.7140,0.000196,0.000196,0.000324,3.4163,45.0467,0.0000
1788925531.099997520,20260909_124516,2,36.843979600,128.092602900,293.7070,0.000196,0.000196,0.000324,3.4163,45.0467,0.0000
1788925531.199997425,20260909_124516,2,36.843979600,128.092602900,293.7140,0.000196,0.000196,0.000400,3.4163,45.0467,0.0000
1788925531.299997568,20260909_124516,2,36.843979700,128.092602900,293.6900,0.000196,0.000196,0.000324,3.4163,45.0578,0.0000
1788925531.399997473,20260909_124516,2,36.843979700,128.092602900,293.6980,0.000196,0.000196,0.000361,3.4163,45.0578,0.0000
1788925531.499997377,20260909_124516,2,36.843979700,128.092602900,293.7000,0.000196,0.000196,0.000324,3.4163,45.0578,0.0000
1788925531.599997520,20260909_124516,2,36.843979700,128.092602900,293.6990,0.000196,0.000196,0.000289,3.4163,45.0578,0.0000
1788925531.699997425,20260909_124516,2,36.843979700,128.092602900,293.7120,0.000196,0.000196,0.000225,3.4163,45.0578,0.0000
1788925531.799997330,20260909_124516,2,36.843979700,128.092603000,293.7050,0.000196,0.000196,0.000225,3.4252,45.0578,0.0000
1788925531.899997473,20260909_124516,2,36.843979700,128.092602900,293.7090,0.000196,0.000196,0.000225,3.4163,45.0578,0.0000
1788925531.999997377,20260909_124516,2,36.843979600,128.092603000,293.7090,0.000196,0.000196,0.000361,3.4252,45.0467,0.0000
1788925532.099997282,20260909_124516,2,36.843979700,128.092603000,293.7030,0.000196,0.000196,0.000484,3.4252,45.0578,0.0000
1788925532.199997425,20260909_124516,2,36.843979700,128.092602900,293.7110,0.000196,0.000196,0.000484,3.4163,45.0578,0.0000
1788925532.299997330,20260909_124516,2,36.843979600,128.092602800,293.7210,0.000196,0.000196,0.000484,3.4073,45.0467,0.0000
1788925532.399997234,20260909_124516,2,36.843979600,128.092602900,293.7090,0.000196,0.000196,0.000484,3.4163,45.0467,0.0000
1788925532.499997377,20260909_124516,2,36.843979600,128.092602900,293.7090,0.000196,0.000196,0.000484,3.4163,45.0467,0.0000
1788925532.599997282,20260909_124516,2,36.843979600,128.092602900,293.7110,0.000225,0.000225,0.000529,3.4163,45.0467,0.0000
1788925532.699997187,20260909_124516,2,36.843979600,128.092602900,293.7120,0.000225,0.000225,0.000529,3.4163,45.0467,0.0000
1788925532.799997091,20260909_124516,2,36.843979700,128.092602900,293.7090,0.000225,0.000225,0.000529,3.4163,45.0578,0.0000
1788925532.899997234,20260909_124516,2,36.843979700,128.092602900,293.7060,0.000256,0.000256,0.000576,3.4163,45.0578,0.0000
1788925532.999997139,20260909_124516,2,36.843979700,128.092602900,293.7080,0.000196,0.000196,0.000484,3.4163,45.0578,0.0000
1788925533.099997044,20260909_124516,2,36.843979700,128.092602900,293.7140,0.000196,0.000196,0.000484,3.4163,45.0578,0.0000
1788925533.199997187,20260909_124516,2,36.843979700,128.092603100,293.6930,0.000529,0.000529,0.001156,3.4341,45.0578,0.0000
1788925533.299997091,20260909_124516,2,36.843979700,128.092603100,293.7000,0.000625,0.000625,0.001369,3.4341,45.0578,0.0000
1788925533.399996996,20260909_124516,2,36.843979700,128.092603000,293.7000,0.000676,0.000676,0.001521,3.4252,45.0578,0.0000
1788925533.499997139,20260909_124516,2,36.843979700,128.092603100,293.6990,0.000729,0.000729,0.001600,3.4341,45.0578,0.0000
1788925533.599997044,20260909_124516,2,36.843979700,128.092603000,293.7020,0.000784,0.000784,0.001764,3.4252,45.0578,0.0000
1788925533.699996948,20260909_124516,2,36.843979700,128.092603000,293.7180,0.000784,0.000784,0.001681,3.4252,45.0578,0.0000
1788925533.799997091,20260909_124516,2,36.843979700,128.092603000,293.7040,0.000784,0.000784,0.001681,3.4252,45.0578,0.0000
1788925533.899996996,20260909_124516,2,36.843979700,128.092603100,293.6860,0.000676,0.000676,0.001521,3.4341,45.0578,0.0000
1788925533.999996901,20260909_124516,2,36.843979700,128.092603100,293.6840,0.000676,0.000676,0.001521,3.4341,45.0578,0.0000
1788925534.099997044,20260909_124516,2,36.843979700,128.092603100,293.6770,0.000676,0.000676,0.001521,3.4341,45.0578,0.0000
1788925534.199996948,20260909_124516,2,36.843979700,128.092602700,293.7670,0.000441,0.000441,0.001024,3.3984,45.0578,0.0000
1788925534.299996853,20260909_124516,2,36.843979800,128.092602700,293.7640,0.000361,0.000361,0.000841,3.3984,45.0689,0.0000
1788925534.399996996,20260909_124516,2,36.843979800,128.092602700,293.7690,0.000289,0.000289,0.000676,3.3984,45.0689,0.0000
1788925534.499996901,20260909_124516,2,36.843979800,128.092602700,293.7710,0.000324,0.000324,0.000729,3.3984,45.0689,0.0000
1788925534.599996805,20260909_124516,2,36.843979800,128.092602700,293.7750,0.000289,0.000289,0.000676,3.3984,45.0689,0.0000
1788925534.699996948,20260909_124516,2,36.843979800,128.092602700,293.7670,0.000256,0.000256,0.000576,3.3984,45.0689,0.0000
1788925534.799996853,20260909_124516,2,36.843979700,128.092602700,293.7670,0.000256,0.000256,0.000625,3.3984,45.0578,0.0000
1788925534.899996758,20260909_124516,2,36.843979700,128.092602700,293.7700,0.000324,0.000324,0.000784,3.3984,45.0578,0.0000
1788925534.999996901,20260909_124516,2,36.843979700,128.092602700,293.7720,0.000324,0.000324,0.000729,3.3984,45.0578,0.0000
1788925535.099996805,20260909_124516,2,36.843979700,128.092602600,293.7820,0.000289,0.000289,0.000676,3.3895,45.0578,0.0000
1788925535.199996710,20260909_124516,2,36.843979800,128.092602700,293.7660,0.000324,0.000324,0.000729,3.3984,45.0689,0.0000
1788925535.299996614,20260909_124516,2,36.843979700,128.092602900,293.7250,0.000196,0.000196,0.000529,3.4163,45.0578,0.0000
1788925535.399996758,20260909_124516,2,36.843979700,128.092602900,293.7270,0.000256,0.000256,0.000625,3.4163,45.0578,0.0000
1788925535.499996662,20260909_124516,2,36.843979700,128.092602900,293.7290,0.000225,0.000225,0.000576,3.4163,45.0578,0.0000
1788925535.599996567,20260909_124516,2,36.843979700,128.092602900,293.7370,0.000225,0.000225,0.000576,3.4163,45.0578,0.0000
1788925535.699996710,20260909_124516,2,36.843979700,128.092602900,293.7370,0.000225,0.000225,0.000576,3.4163,45.0578,0.0000
1788925535.799996614,20260909_124516,2,36.843979700,128.092602900,293.7280,0.000256,0.000256,0.000729,3.4163,45.0578,0.0000
1788925535.899996519,20260909_124516,2,36.843979700,128.092602700,293.7450,0.000256,0.000256,0.000729,3.3984,45.0578,0.0000
1788925535.999996662,20260909_124516,2,36.843979700,128.092602700,293.7510,0.000256,0.000256,0.000676,3.3984,45.0578,0.0000
1788925536.099996567,20260909_124516,2,36.843979700,128.092602800,293.7380,0.000225,0.000225,0.000625,3.4073,45.0578,0.0000
1788925536.199996471,20260909_124516,2,36.843979800,128.092602800,293.7220,0.000289,0.000289,0.000784,3.4073,45.0689,0.0000
1788925536.299996614,20260909_124516,2,36.843979800,128.092603000,293.6730,0.000225,0.000225,0.000676,3.4252,45.0689,0.0000
1788925536.399996519,20260909_124516,2,36.843979700,128.092603000,293.6760,0.000289,0.000289,0.000784,3.4252,45.0578,0.0000
1788925536.499996424,20260909_124516,2,36.843979500,128.092603000,293.6650,0.000289,0.000289,0.000841,3.4252,45.0356,0.0000
1788925536.599996567,20260909_124516,2,36.843979700,128.092603100,293.6730,0.000256,0.000256,0.000729,3.4341,45.0578,0.0000
1788925536.699996471,20260909_124516,2,36.843979700,128.092602900,293.6900,0.000196,0.000196,0.000441,3.4163,45.0578,0.0000
1788925536.799996376,20260909_124516,2,36.843979700,128.092603000,293.6730,0.000196,0.000196,0.000324,3.4252,45.0578,0.0000
1788925536.899996519,20260909_124516,2,36.843979700,128.092603000,293.6690,0.000196,0.000196,0.000256,3.4252,45.0578,0.0000
1788925536.999996424,20260909_124516,2,36.843979700,128.092603100,293.6650,0.000196,0.000196,0.000169,3.4341,45.0578,0.0000
1788925537.099996328,20260909_124516,2,36.843979700,128.092603000,293.6660,0.000196,0.000196,0.000169,3.4252,45.0578,0.0000
1788925537.199996471,20260909_124516,2,36.843979700,128.092603000,293.6660,0.000196,0.000196,0.000169,3.4252,45.0578,0.0000
1788925537.299996376,20260909_124516,2,36.843979700,128.092602900,293.6960,0.000196,0.000196,0.000169,3.4163,45.0578,0.0000
1788925537.399996281,20260909_124516,2,36.843979700,128.092602800,293.7030,0.000196,0.000196,0.000196,3.4073,45.0578,0.0000
1788925537.499996424,20260909_124516,2,36.843979600,128.092602900,293.6890,0.000196,0.000196,0.000361,3.4163,45.0467,0.0000
1788925537.599996328,20260909_124516,2,36.843979700,128.092602800,293.6960,0.000196,0.000196,0.000289,3.4073,45.0578,0.0000
1788925537.699996233,20260909_124516,2,36.843979700,128.092602800,293.7010,0.000196,0.000196,0.000225,3.4073,45.0578,0.0000
1788925537.799996138,20260909_124516,2,36.843979700,128.092602800,293.7000,0.000196,0.000196,0.000196,3.4073,45.0578,0.0000
1788925537.899996281,20260909_124516,2,36.843979700,128.092602800,293.7000,0.000196,0.000196,0.000196,3.4073,45.0578,0.0000
1788925537.999996185,20260909_124516,2,36.843979600,128.092602900,293.6870,0.000196,0.000196,0.000361,3.4163,45.0467,0.0000
1788925538.099996090,20260909_124516,2,36.843979700,128.092602800,293.6970,0.000196,0.000196,0.000324,3.4073,45.0578,0.0000
1788925538.199996233,20260909_124516,2,36.843979700,128.092602800,293.6940,0.000196,0.000196,0.000289,3.4073,45.0578,0.0000
1788925538.299996138,20260909_124516,2,36.843979600,128.092602900,293.6930,0.000196,0.000196,0.000441,3.4163,45.0467,0.0000
1788925538.399996042,20260909_124516,2,36.843979700,128.092602900,293.6950,0.000196,0.000196,0.000256,3.4163,45.0578,0.0000
1788925538.499996185,20260909_124516,2,36.843979700,128.092602900,293.6930,0.000196,0.000196,0.000361,3.4163,45.0578,0.0000
1788925538.599996090,20260909_124516,2,36.843979700,128.092602900,293.6880,0.000196,0.000196,0.000400,3.4163,45.0578,0.0000
1788925538.699995995,20260909_124516,2,36.843979700,128.092602900,293.6920,0.000196,0.000196,0.000441,3.4163,45.0578,0.0000
1788925538.799996138,20260909_124516,2,36.843979700,128.092602900,293.6960,0.000196,0.000196,0.000484,3.4163,45.0578,0.0000
1788925538.899996042,20260909_124516,2,36.843979700,128.092602900,293.6860,0.000196,0.000196,0.000484,3.4163,45.0578,0.0000
1788925538.999995947,20260909_124516,2,36.843979700,128.092603000,293.6850,0.000196,0.000196,0.000484,3.4252,45.0578,0.0000
1788925539.099996090,20260909_124516,2,36.843979700,128.092602900,293.6980,0.000196,0.000196,0.000484,3.4163,45.0578,0.0000
1788925539.199995995,20260909_124516,2,36.843979700,128.092602900,293.6900,0.000225,0.000225,0.000576,3.4163,45.0578,0.0000
1788925539.299995899,20260909_124516,2,36.843979700,128.092602900,293.6910,0.000196,0.000196,0.000400,3.4163,45.0578,0.0000
1788925539.399996042,20260909_124516,2,36.843979700,128.092602900,293.6970,0.000196,0.000196,0.000225,3.4163,45.0578,0.0000
1788925539.499995947,20260909_124516,2,36.843979700,128.092602800,293.7020,0.000196,0.000196,0.000169,3.4073,45.0578,0.0000
1788925539.599995852,20260909_124516,2,36.843979700,128.092602900,293.7050,0.000196,0.000196,0.000144,3.4163,45.0578,0.0000
1788925539.699995995,20260909_124516,2,36.843979700,128.092602900,293.6940,0.000196,0.000196,0.000144,3.4163,45.0578,0.0000
1788925539.799995899,20260909_124516,2,36.843979700,128.092602900,293.7020,0.000196,0.000196,0.000144,3.4163,45.0578,0.0000
1788925539.899995804,20260909_124516,2,36.843979700,128.092603100,293.7160,0.000196,0.000196,0.000144,3.4341,45.0578,0.0000
1788925539.999995947,20260909_124516,2,36.843979800,128.092603300,293.7040,0.000196,0.000196,0.000121,3.4519,45.0689,0.0000
1788925540.099995852,20260909_124516,2,36.843979800,128.092603500,293.7130,0.000196,0.000196,0.000121,3.4698,45.0689,0.0000
1788925540.199995756,20260909_124516,2,36.843979900,128.092603700,293.7060,0.000196,0.000196,0.000121,3.4876,45.0800,0.0000
1788925540.299995661,20260909_124516,2,36.843979900,128.092603800,293.7110,0.000196,0.000196,0.000121,3.4965,45.0800,0.0000
1788925540.399995804,20260909_124516,2,36.843979900,128.092604000,293.7150,0.000196,0.000196,0.000121,3.5144,45.0800,0.0000
1788925540.499995708,20260909_124516,2,36.843979900,128.092604200,293.7070,0.000196,0.000196,0.000121,3.5322,45.0800,0.0000
1788925540.599995613,20260909_124516,2,36.843979900,128.092604500,293.7130,0.000196,0.000196,0.000121,3.5590,45.0800,0.0000
1788925540.699995756,20260909_124516,2,36.843980000,128.092604800,293.7160,0.000196,0.000196,0.000121,3.5857,45.0911,0.0000
1788925540.799995661,20260909_124516,2,36.843980000,128.092605200,293.7080,0.000196,0.000196,0.000144,3.6214,45.0911,0.0000
1788925540.899995565,20260909_124516,2,36.843980100,128.092605600,293.7060,0.000196,0.000196,0.000169,3.6571,45.1022,0.0000
1788925540.999995708,20260909_124516,2,36.843980200,128.092606000,293.7090,0.000196,0.000196,0.000196,3.6928,45.1133,0.0000
1788925541.099995613,20260909_124516,2,36.843980200,128.092606400,293.7010,0.000196,0.000196,0.000169,3.7284,45.1133,0.0000
1788925541.199995518,20260909_124516,2,36.843980300,128.092606700,293.7090,0.000196,0.000196,0.000169,3.7552,45.1244,0.0000
1788925541.299995661,20260909_124516,2,36.843980300,128.092606900,293.7350,0.000196,0.000196,0.000196,3.7730,45.1244,0.0000
1788925541.399995565,20260909_124516,2,36.843980300,128.092607400,293.7110,0.000196,0.000196,0.000324,3.8176,45.1244,0.0000
1788925541.499995470,20260909_124516,2,36.843980400,128.092607500,293.7120,0.000196,0.000196,0.000289,3.8266,45.1355,0.0000
1788925541.599995613,20260909_124516,2,36.843980400,128.092607800,293.7080,0.000196,0.000196,0.000400,3.8533,45.1355,0.0000
1788925541.699995518,20260909_124516,2,36.843980400,128.092608100,293.6980,0.000196,0.000196,0.000441,3.8801,45.1355,0.0000
1788925541.799995422,20260909_124516,2,36.843980500,128.092608300,293.7000,0.000196,0.000196,0.000484,3.8979,45.1466,0.0000
1788925541.899995565,20260909_124516,2,36.843980500,128.092608600,293.7120,0.000225,0.000225,0.000529,3.9247,45.1466,0.0000
1788925541.999995470,20260909_124516,2,36.843980600,128.092609000,293.7100,0.000196,0.000196,0.000441,3.9604,45.1577,0.0000
1788925542.099995375,20260909_124516,2,36.843980600,128.092609400,293.7190,0.000196,0.000196,0.000361,3.9960,45.1577,0.0000
1788925542.199995518,20260909_124516,2,36.843980700,128.092609900,293.7170,0.000196,0.000196,0.000324,4.0406,45.1688,0.0000
1788925542.299995422,20260909_124516,2,36.843980800,128.092610300,293.7190,0.000196,0.000196,0.000289,4.0763,45.1799,0.0000
1788925542.399995327,20260909_124516,2,36.843980900,128.092610900,293.6870,0.000196,0.000196,0.000289,4.1298,45.1910,0.0000
1788925542.499995470,20260909_124516,2,36.843981000,128.092611300,293.6860,0.000196,0.000196,0.000289,4.1655,45.2021,0.0000
1788925542.599995375,20260909_124516,2,36.843981000,128.092611600,293.6880,0.000196,0.000196,0.000256,4.1923,45.2021,0.0000
1788925542.699995279,20260909_124516,2,36.843981000,128.092612000,293.6820,0.000196,0.000196,0.000225,4.2280,45.2021,0.0000
1788925542.799995184,20260909_124516,2,36.843980900,128.092612400,293.7160,0.000196,0.000196,0.000441,4.2636,45.1910,0.0000
1788925542.899995327,20260909_124516,2,36.843981100,128.092612800,293.7000,0.000196,0.000196,0.000361,4.2993,45.2132,0.0000
1788925542.999995232,20260909_124516,2,36.843981100,128.092613200,293.6930,0.000196,0.000196,0.000361,4.3350,45.2132,0.0000
1788925543.099995136,20260909_124516,2,36.843981100,128.092613600,293.6890,0.000196,0.000196,0.000324,4.3707,45.2132,0.0000
1788925543.199995279,20260909_124516,2,36.843981100,128.092614100,293.6960,0.000196,0.000196,0.000289,4.4153,45.2132,0.0000
1788925543.299995184,20260909_124516,2,36.843981000,128.092614600,293.7020,0.000196,0.000196,0.000361,4.4599,45.2021,0.0000
1788925543.399995089,20260909_124516,2,36.843981000,128.092614900,293.6830,0.000289,0.000289,0.000625,4.4866,45.2021,0.0000
1788925543.499995232,20260909_124516,2,36.843981000,128.092615500,293.6860,0.000256,0.000256,0.000529,4.5401,45.2021,0.0000
1788925543.599995136,20260909_124516,2,36.843981000,128.092615900,293.6770,0.000256,0.000256,0.000529,4.5758,45.2021,0.0000
1788925543.699995041,20260909_124516,2,36.843980900,128.092616400,293.6900,0.000289,0.000289,0.000625,4.6204,45.1910,0.0000
1788925543.799995184,20260909_124516,2,36.843981000,128.092616700,293.6950,0.000289,0.000289,0.000625,4.6472,45.2021,0.0000
1788925543.899995089,20260909_124516,2,36.843981100,128.092617000,293.6860,0.000256,0.000256,0.000576,4.6739,45.2132,0.0000
1788925543.999994993,20260909_124516,2,36.843981100,128.092617100,293.6820,0.000289,0.000289,0.000676,4.6829,45.2132,0.0000
1788925544.099995136,20260909_124516,2,36.843981100,128.092617300,293.6920,0.000225,0.000225,0.000529,4.7007,45.2132,0.0000
1788925544.199995041,20260909_124516,2,36.843981100,128.092617500,293.6730,0.000256,0.000256,0.000576,4.7185,45.2132,0.0000
1788925544.299994946,20260909_124516,2,36.843981100,128.092617600,293.6960,0.000225,0.000225,0.000529,4.7275,45.2132,0.0000
1788925544.399995089,20260909_124516,2,36.843981200,128.092618000,293.6850,0.000196,0.000196,0.000361,4.7631,45.2243,0.0000
1788925544.499994993,20260909_124516,2,36.843981200,128.092618200,293.6800,0.000196,0.000196,0.000289,4.7810,45.2243,0.0000
1788925544.599994898,20260909_124516,2,36.843981200,128.092618500,293.6750,0.000196,0.000196,0.000225,4.8077,45.2243,0.0000
1788925544.699995041,20260909_124516,2,36.843981200,128.092618900,293.6800,0.000196,0.000196,0.000225,4.8434,45.2243,0.0000
1788925544.799994946,20260909_124516,2,36.843981300,128.092619300,293.6860,0.000196,0.000196,0.000256,4.8791,45.2354,0.0000
1788925544.899994850,20260909_124516,2,36.843981300,128.092619700,293.6770,0.000196,0.000196,0.000324,4.9148,45.2354,0.0000
1788925544.999994993,20260909_124516,2,36.843981300,128.092620000,293.6670,0.000196,0.000196,0.000256,4.9415,45.2354,0.0000
1788925545.099994898,20260909_124516,2,36.843981200,128.092620300,293.6950,0.000196,0.000196,0.000289,4.9683,45.2243,0.0000
1788925545.199994802,20260909_124516,2,36.843981300,128.092620600,293.6730,0.000196,0.000196,0.000324,4.9950,45.2354,0.0000
1788925545.299994707,20260909_124516,2,36.843981300,128.092620900,293.6720,0.000196,0.000196,0.000400,5.0218,45.2354,0.0000
1788925545.399994850,20260909_124516,2,36.843981300,128.092620900,293.6990,0.000196,0.000196,0.000576,5.0218,45.2354,0.0000
1788925545.499994755,20260909_124516,2,36.843981300,128.092621200,293.6920,0.000196,0.000196,0.000529,5.0486,45.2354,0.0000
1788925545.599994659,20260909_124516,2,36.843981300,128.092621500,293.7020,0.000196,0.000196,0.000441,5.0753,45.2354,0.0000
1788925545.699994802,20260909_124516,2,36.843981300,128.092621800,293.6980,0.000196,0.000196,0.000400,5.1021,45.2354,0.0000
1788925545.799994707,20260909_124516,2,36.843981400,128.092622100,293.7110,0.000196,0.000196,0.000400,5.1288,45.2465,0.0000
1788925545.899994612,20260909_124516,2,36.843981400,128.092622400,293.7050,0.000196,0.000196,0.000484,5.1556,45.2465,0.0000
1788925545.999994755,20260909_124516,2,36.843981400,128.092622700,293.7120,0.000196,0.000196,0.000576,5.1824,45.2465,0.0000
1788925546.099994659,20260909_124516,2,36.843981400,128.092622900,293.7210,0.000225,0.000225,0.000676,5.2002,45.2465,0.0000
1788925546.199994564,20260909_124516,2,36.843981400,128.092623000,293.7220,0.000289,0.000289,0.000841,5.2091,45.2465,0.0000
1788925546.299994707,20260909_124516,2,36.843981400,128.092623300,293.7110,0.000289,0.000289,0.000900,5.2359,45.2465,0.0000
1788925546.399994612,20260909_124516,2,36.843981400,128.092623500,293.6770,0.000225,0.000225,0.000625,5.2537,45.2465,0.0000
1788925546.499994516,20260909_124516,2,36.843981400,128.092623700,293.6740,0.000196,0.000196,0.000576,5.2716,45.2465,0.0000
1788925546.599994659,20260909_124516,2,36.843981400,128.092624100,293.6750,0.000196,0.000196,0.000576,5.3072,45.2465,0.0000
1788925546.699994564,20260909_124516,2,36.843981400,128.092624500,293.6620,0.000256,0.000256,0.000676,5.3429,45.2465,0.0000
1788925546.799994469,20260909_124516,2,36.843981500,128.092624900,293.6660,0.000196,0.000196,0.000529,5.3786,45.2576,0.0000
1788925546.899994612,20260909_124516,2,36.843981500,128.092625200,293.6930,0.000196,0.000196,0.000529,5.4054,45.2576,0.0000
1788925546.999994516,20260909_124516,2,36.843981500,128.092625600,293.6710,0.000196,0.000196,0.000484,5.4410,45.2576,0.0000
1788925547.099994421,20260909_124516,2,36.843981500,128.092626000,293.6650,0.000225,0.000225,0.000625,5.4767,45.2576,0.0000
1788925547.199994564,20260909_124516,2,36.843981600,128.092626400,293.6560,0.000225,0.000225,0.000576,5.5124,45.2687,0.0000
1788925547.299994469,20260909_124516,2,36.843981700,128.092626800,293.6640,0.000225,0.000225,0.000676,5.5481,45.2798,0.0000
1788925547.399994373,20260909_124516,2,36.843981600,128.092627300,293.6640,0.000196,0.000196,0.000529,5.5927,45.2687,0.0000
1788925547.499994278,20260909_124516,2,36.843981600,128.092627700,293.6660,0.000196,0.000196,0.000529,5.6284,45.2687,0.0000
1788925547.599994421,20260909_124516,2,36.843981700,128.092628100,293.6570,0.000196,0.000196,0.000529,5.6640,45.2798,0.0000
1788925547.699994326,20260909_124516,2,36.843981800,128.092628500,293.6360,0.000196,0.000196,0.000484,5.6997,45.2909,0.0000
1788925547.799994230,20260909_124516,2,36.843981800,128.092628900,293.6340,0.000196,0.000196,0.000484,5.7354,45.2909,0.0000
1788925547.899994373,20260909_124516,2,36.843981900,128.092629400,293.6560,0.000196,0.000196,0.000529,5.7800,45.3020,0.0000
1788925547.999994278,20260909_124516,2,36.843981900,128.092629900,293.6430,0.000196,0.000196,0.000484,5.8246,45.3020,0.0000
1788925548.099994183,20260909_124516,2,36.843981800,128.092630200,293.6440,0.000196,0.000196,0.000400,5.8513,45.2909,0.0000
1788925548.199994326,20260909_124516,2,36.843981900,128.092630500,293.6460,0.000196,0.000196,0.000441,5.8781,45.3020,0.0000
1788925548.299994230,20260909_124516,2,36.843981900,128.092630900,293.6680,0.000196,0.000196,0.000361,5.9138,45.3020,0.0000
1788925548.399994135,20260909_124516,2,36.843981900,128.092631100,293.6670,0.000196,0.000196,0.000400,5.9316,45.3020,0.0000
1788925548.499994278,20260909_124516,2,36.843981800,128.092631300,293.6640,0.000196,0.000196,0.000400,5.9495,45.2909,0.0000
1788925548.599994183,20260909_124516,2,36.843981800,128.092631600,293.6750,0.000196,0.000196,0.000441,5.9762,45.2909,0.0000
1788925548.699994087,20260909_124516,2,36.843981800,128.092631900,293.6740,0.000225,0.000225,0.000484,6.0030,45.2909,0.0000
1788925548.799994230,20260909_124516,2,36.843981800,128.092632300,293.6750,0.000196,0.000196,0.000484,6.0387,45.2909,0.0000
1788925548.899994135,20260909_124516,2,36.843981800,128.092632800,293.6770,0.000225,0.000225,0.000484,6.0833,45.2909,0.0000
1788925548.999994040,20260909_124516,2,36.843981800,128.092633300,293.6770,0.000225,0.000225,0.000576,6.1279,45.2909,0.0000
1788925549.099994183,20260909_124516,2,36.843981800,128.092633700,293.6750,0.000225,0.000225,0.000529,6.1635,45.2909,0.0000
1788925549.199994087,20260909_124516,2,36.843981800,128.092634100,293.6770,0.000256,0.000256,0.000625,6.1992,45.2909,0.0000
1788925549.299993992,20260909_124516,2,36.843982000,128.092634400,293.6870,0.000196,0.000196,0.000400,6.2260,45.3131,0.0000
1788925549.399994135,20260909_124516,2,36.843982200,128.092634800,293.6850,0.000196,0.000196,0.000256,6.2617,45.3353,0.0000
1788925549.499994040,20260909_124516,2,36.843982300,128.092635200,293.6790,0.000196,0.000196,0.000196,6.2973,45.3464,0.0000
1788925549.599993944,20260909_124516,2,36.843982300,128.092635700,293.6750,0.000196,0.000196,0.000256,6.3419,45.3464,0.0000
1788925549.699994087,20260909_124516,2,36.843982300,128.092636100,293.6830,0.000196,0.000196,0.000225,6.3776,45.3464,0.0000
1788925549.799993992,20260909_124516,2,36.843982400,128.092636500,293.6670,0.000196,0.000196,0.000196,6.4133,45.3575,0.0000
1788925549.899993896,20260909_124516,2,36.843982600,128.092636900,293.6540,0.000196,0.000196,0.000196,6.4490,45.3797,0.0000
1788925549.999993801,20260909_124516,2,36.843982700,128.092637400,293.6570,0.000196,0.000196,0.000225,6.4936,45.3908,0.0000
1788925550.099993944,20260909_124516,2,36.843982600,128.092637900,293.6390,0.000196,0.000196,0.000289,6.5382,45.3797,0.0000
1788925550.199993849,20260909_124516,2,36.843982800,128.092638500,293.6250,0.000196,0.000196,0.000324,6.5917,45.4019,0.0000
1788925550.299993753,20260909_124516,2,36.843982900,128.092639100,293.6210,0.000196,0.000196,0.000289,6.6452,45.4130,0.0000
1788925550.399993896,20260909_124516,2,36.843982900,128.092639700,293.5840,0.000196,0.000196,0.000441,6.6987,45.4130,0.0000
1788925550.499993801,20260909_124516,2,36.843983000,128.092640100,293.5790,0.000289,0.000289,0.000729,6.7344,45.4241,0.0000
1788925550.599993706,20260909_124516,2,36.843983000,128.092640500,293.5940,0.000324,0.000324,0.000841,6.7701,45.4241,0.0000
1788925550.699993849,20260909_124516,2,36.843983000,128.092640900,293.6000,0.000324,0.000324,0.000784,6.8058,45.4241,0.0000
1788925550.799993753,20260909_124516,2,36.843983000,128.092641300,293.5940,0.000361,0.000361,0.000900,6.8414,45.4241,0.0000
1788925550.899993658,20260909_124516,2,36.843983200,128.092641800,293.5810,0.000361,0.000361,0.000900,6.8860,45.4462,0.0000
1788925550.999993801,20260909_124516,2,36.843983300,128.092642200,293.5750,0.000361,0.000361,0.000841,6.9217,45.4573,0.0000
1788925551.099993706,20260909_124516,2,36.843983300,128.092642700,293.5680,0.000441,0.000441,0.001156,6.9663,45.4573,0.0000
1788925551.199993610,20260909_124516,2,36.843983400,128.092643200,293.5740,0.000529,0.000529,0.001296,7.0109,45.4684,0.0000
1788925551.299993753,20260909_124516,2,36.843983500,128.092643700,293.5590,0.000484,0.000484,0.001225,7.0555,45.4795,0.0000
1788925551.399993658,20260909_124516,2,36.843983600,128.092644000,293.5650,0.000441,0.000441,0.001024,7.0823,45.4906,0.0000
1788925551.499993563,20260909_124516,2,36.843983700,128.092644500,293.5660,0.000441,0.000441,0.001156,7.1269,45.5017,0.0000
1788925551.599993706,20260909_124516,2,36.843983700,128.092645000,293.5500,0.000484,0.000484,0.001225,7.1715,45.5017,0.0000
1788925551.699993610,20260909_124516,2,36.843983900,128.092645500,293.5300,0.000400,0.000400,0.000961,7.2161,45.5239,0.0000
1788925551.799993515,20260909_124516,2,36.843984000,128.092646000,293.5280,0.000324,0.000324,0.000784,7.2607,45.5350,0.0000
1788925551.899993658,20260909_124516,2,36.843984000,128.092646500,293.5380,0.000289,0.000289,0.000729,7.3053,45.5350,0.0000
1788925551.999993563,20260909_124516,2,36.843984000,128.092646900,293.5230,0.000256,0.000256,0.000625,7.3409,45.5350,0.0000
1788925552.099993467,20260909_124516,2,36.843984100,128.092647300,293.5220,0.000225,0.000225,0.000529,7.3766,45.5461,0.0000
1788925552.199993372,20260909_124516,2,36.843984200,128.092647600,293.5300,0.000256,0.000256,0.000625,7.4034,45.5572,0.0000
1788925552.299993515,20260909_124516,2,36.843984300,128.092647900,293.5190,0.000676,0.000676,0.001444,7.4301,45.5683,0.0000
1788925552.399993420,20260909_124516,2,36.843984300,128.092648200,293.5060,0.000841,0.000841,0.001849,7.4569,45.5683,0.0000
1788925552.499993324,20260909_124516,2,36.843984300,128.092648500,293.5020,0.000841,0.000841,0.001849,7.4837,45.5683,0.0000
1788925552.599993467,20260909_124516,2,36.843984400,128.092648700,293.4980,0.000841,0.000841,0.001849,7.5015,45.5794,0.0000
1788925552.699993372,20260909_124516,2,36.843984400,128.092649000,293.4960,0.000729,0.000729,0.001600,7.5283,45.5794,0.0000
1788925552.799993277,20260909_124516,2,36.843984500,128.092649200,293.5070,0.000729,0.000729,0.001681,7.5461,45.5905,0.0000
1788925552.899993420,20260909_124516,2,36.843984500,128.092649500,293.5040,0.000784,0.000784,0.001764,7.5729,45.5905,0.0000
1788925552.999993324,20260909_124516,2,36.843984500,128.092649900,293.5030,0.000784,0.000784,0.001764,7.6085,45.5905,0.0000
1788925553.099993229,20260909_124516,2,36.843984600,128.092650300,293.5050,0.000841,0.000841,0.001849,7.6442,45.6016,0.0000
1788925553.199993372,20260909_124516,2,36.843984600,128.092650700,293.5010,0.000841,0.000841,0.001936,7.6799,45.6016,0.0000
1788925553.299993277,20260909_124516,2,36.843984600,128.092651100,293.4800,0.000784,0.000784,0.001764,7.7156,45.6016,0.0000
1788925553.399993181,20260909_124516,2,36.843984700,128.092651600,293.4560,0.000289,0.000289,0.000676,7.7602,45.6127,0.0000
1788925553.499993324,20260909_124516,2,36.843984800,128.092652000,293.4440,0.000256,0.000256,0.000576,7.7958,45.6238,0.0000
1788925553.599993229,20260909_124516,2,36.843984900,128.092652400,293.4560,0.000225,0.000225,0.000529,7.8315,45.6349,0.0000
1788925553.699993134,20260909_124516,2,36.843984900,128.092652700,293.4610,0.000225,0.000225,0.000484,7.8583,45.6349,0.0000
1788925553.799993277,20260909_124516,2,36.843985000,128.092653100,293.4700,0.000225,0.000225,0.000529,7.8940,45.6460,0.0000
1788925553.899993181,20260909_124516,2,36.843985100,128.092653500,293.4360,0.000225,0.000225,0.000529,7.9296,45.6571,0.0000
1788925553.999993086,20260909_124516,2,36.843985100,128.092653900,293.4240,0.000225,0.000225,0.000484,7.9653,45.6571,0.0000
1788925554.099993229,20260909_124516,2,36.843985100,128.092654200,293.4510,0.000225,0.000225,0.000484,7.9921,45.6571,0.0000
1788925554.199993134,20260909_124516,2,36.843985100,128.092654500,293.4510,0.000196,0.000196,0.000400,8.0188,45.6571,0.0000
1788925554.299993038,20260909_124516,2,36.843985200,128.092654800,293.4510,0.000196,0.000196,0.000361,8.0456,45.6682,0.0000
1788925554.399993181,20260909_124516,2,36.843985300,128.092655100,293.4530,0.000196,0.000196,0.000324,8.0724,45.6793,0.0000
1788925554.499993086,20260909_124516,2,36.843985300,128.092655400,293.4540,0.000196,0.000196,0.000324,8.0991,45.6793,0.0000
1788925554.599992990,20260909_124516,2,36.843985500,128.092655800,293.4440,0.000196,0.000196,0.000361,8.1348,45.7015,0.0000
1788925554.699992895,20260909_124516,2,36.843985400,128.092656200,293.4130,0.000289,0.000289,0.000625,8.1705,45.6904,0.0000
1788925554.799993038,20260909_124516,2,36.843985500,128.092656500,293.4200,0.000324,0.000324,0.000729,8.1972,45.7015,0.0000
1788925554.899992943,20260909_124516,2,36.843985500,128.092657000,293.4320,0.000324,0.000324,0.000729,8.2418,45.7015,0.0000
1788925554.999992847,20260909_124516,2,36.843985600,128.092657300,293.4090,0.000361,0.000361,0.000841,8.2686,45.7126,0.0000
1788925555.099992990,20260909_124516,2,36.843985800,128.092657700,293.3960,0.000400,0.000400,0.000900,8.3043,45.7348,0.0000
1788925555.199992895,20260909_124516,2,36.843985900,128.092658000,293.4170,0.000441,0.000441,0.000961,8.3310,45.7459,0.0000
1788925555.299992800,20260909_124516,2,36.843985700,128.092658200,293.3870,0.000484,0.000484,0.001024,8.3489,45.7237,0.0000
1788925555.399992943,20260909_124516,2,36.843985700,128.092658500,293.3960,0.000400,0.000400,0.000900,8.3756,45.7237,0.0000
1788925555.499992847,20260909_124516,2,36.843985800,128.092658800,293.4050,0.000361,0.000361,0.000784,8.4024,45.7348,0.0000
1788925555.599992752,20260909_124516,2,36.843985800,128.092659100,293.3840,0.000324,0.000324,0.000676,8.4291,45.7348,0.0000
1788925555.699992895,20260909_124516,2,36.843985900,128.092659400,293.4010,0.000289,0.000289,0.000576,8.4559,45.7459,0.0000
1788925555.799992800,20260909_124516,2,36.843985900,128.092659800,293.4070,0.000361,0.000361,0.000729,8.4916,45.7459,0.0000
1788925555.899992704,20260909_124516,2,36.843985900,128.092660100,293.4130,0.000361,0.000361,0.000784,8.5183,45.7459,0.0000
1788925555.999992847,20260909_124516,2,36.843986000,128.092660400,293.3960,0.000324,0.000324,0.000729,8.5451,45.7570,0.0000
1788925556.099992752,20260909_124516,2,36.843986000,128.092660800,293.3850,0.000324,0.000324,0.000676,8.5808,45.7570,0.0000
1788925556.199992657,20260909_124516,2,36.843986100,128.092661100,293.3840,0.000289,0.000289,0.000576,8.6075,45.7681,0.0000
1788925556.299992800,20260909_124516,2,36.843986200,128.092661500,293.3980,0.000256,0.000256,0.000529,8.6432,45.7792,0.0000
1788925556.399992704,20260909_124516,2,36.843986300,128.092661900,293.3910,0.000225,0.000225,0.000441,8.6789,45.7903,0.0000
1788925556.499992609,20260909_124516,2,36.843986400,128.092662200,293.3850,0.000256,0.000256,0.000529,8.7057,45.8014,0.0000
1788925556.599992752,20260909_124516,2,36.843986400,128.092662500,293.3850,0.000256,0.000256,0.000529,8.7324,45.8014,0.0000
1788925556.699992657,20260909_124516,2,36.843986500,128.092662900,293.3700,0.000256,0.000256,0.000529,8.7681,45.8125,0.0000
1788925556.799992561,20260909_124516,2,36.843986500,128.092663100,293.3820,0.000256,0.000256,0.000484,8.7859,45.8125,0.0000
1788925556.899992466,20260909_124516,2,36.843986500,128.092663400,293.3960,0.000225,0.000225,0.000441,8.8127,45.8125,0.0000
1788925556.999992609,20260909_124516,2,36.843986600,128.092663700,293.3820,0.000196,0.000196,0.000400,8.8395,45.8236,0.0000
1788925557.099992514,20260909_124516,2,36.843986600,128.092664000,293.3900,0.000225,0.000225,0.000441,8.8662,45.8236,0.0000
1788925557.199992418,20260909_124516,2,36.843986600,128.092664400,293.3870,0.000196,0.000196,0.000400,8.9019,45.8236,0.0000
1788925557.299992561,20260909_124516,2,36.843986700,128.092664800,293.3820,0.000225,0.000225,0.000529,8.9376,45.8347,0.0000
1788925557.399992466,20260909_124516,2,36.843986800,128.092665300,293.3730,0.000256,0.000256,0.000676,8.9822,45.8458,0.0000
1788925557.499992371,20260909_124516,2,36.843986700,128.092665700,293.3650,0.000289,0.000289,0.000729,9.0178,45.8347,0.0000
1788925557.599992514,20260909_124516,2,36.843986700,128.092666200,293.3610,0.000256,0.000256,0.000625,9.0624,45.8347,0.0000
1788925557.699992418,20260909_124516,2,36.843986600,128.092666600,293.3820,0.000289,0.000289,0.000676,9.0981,45.8236,0.0000
1788925557.799992323,20260909_124516,2,36.843986600,128.092667000,293.3790,0.000256,0.000256,0.000625,9.1338,45.8236,0.0000
1788925557.899992466,20260909_124516,2,36.843986500,128.092667500,293.3670,0.000256,0.000256,0.000625,9.1784,45.8125,0.0000
1788925557.999992371,20260909_124516,2,36.843986600,128.092667900,293.3510,0.000324,0.000324,0.000729,9.2141,45.8236,0.0000
1788925558.099992275,20260909_124516,2,36.843986600,128.092668300,293.3520,0.000324,0.000324,0.000784,9.2498,45.8236,0.0000
1788925558.199992418,20260909_124516,2,36.843986500,128.092668900,293.3700,0.000400,0.000400,0.000961,9.3033,45.8125,0.0000
1788925558.299992323,20260909_124516,2,36.843986400,128.092669000,293.3890,0.000484,0.000484,0.001225,9.3122,45.8014,0.0000
1788925558.399992228,20260909_124516,2,36.843986300,128.092669400,293.3740,0.000484,0.000484,0.001225,9.3479,45.7903,0.0000
1788925558.499992371,20260909_124516,2,36.843986200,128.092670000,293.3730,0.000484,0.000484,0.001296,9.4014,45.7792,0.0000
1788925558.599992275,20260909_124516,2,36.843986100,128.092670500,293.3740,0.000196,0.000196,0.000361,9.4460,45.7681,0.0000
1788925558.799992323,20260909_124516,2,36.843985900,128.092671500,293.3600,0.000441,0.000441,0.001156,9.5352,45.7459,0.0000
1788925558.899992228,20260909_124516,2,36.843985800,128.092671700,293.3550,0.000484,0.000484,0.001156,9.5530,45.7348,0.0000
1788925558.999992132,20260909_124516,2,36.843985600,128.092671900,293.3640,0.000484,0.000484,0.001225,9.5709,45.7126,0.0000
1788925559.099992275,20260909_124516,2,36.843985500,128.092672100,293.3730,0.000576,0.000576,0.001444,9.5887,45.7015,0.0000
1788925559.199992180,20260909_124516,2,36.843985600,128.092672300,293.3710,0.000576,0.000576,0.001444,9.6065,45.7126,0.0000
1788925559.299992085,20260909_124516,2,36.843985400,128.092672500,293.3840,0.000441,0.000441,0.001089,9.6244,45.6904,0.0000
1788925559.399991989,20260909_124516,2,36.843985400,128.092672700,293.3950,0.000361,0.000361,0.000900,9.6422,45.6904,0.0000
1788925559.499992132,20260909_124516,2,36.843985300,128.092672900,293.3950,0.000324,0.000324,0.000784,9.6601,45.6793,0.0000
1788925559.599992037,20260909_124516,2,36.843985100,128.092673200,293.4050,0.000289,0.000289,0.000729,9.6868,45.6571,0.0000
1788925559.699991941,20260909_124516,2,36.843985000,128.092673500,293.4110,0.000289,0.000289,0.000729,9.7136,45.6460,0.0000
1788925559.799992085,20260909_124516,2,36.843984900,128.092673800,293.3990,0.000324,0.000324,0.000784,9.7403,45.6349,0.0000
1788925559.899991989,20260909_124516,2,36.843984800,128.092674100,293.3870,0.000361,0.000361,0.000900,9.7671,45.6238,0.0000
1788925559.999991894,20260909_124516,2,36.843984600,128.092674500,293.3800,0.000289,0.000289,0.000729,9.8028,45.6016,0.0000
1788925560.099992037,20260909_124516,2,36.843984500,128.092674700,293.3700,0.000289,0.000289,0.000729,9.8206,45.5905,0.0000
1788925560.199991941,20260909_124516,2,36.843984400,128.092674900,293.3730,0.000289,0.000289,0.000784,9.8385,45.5794,0.0000
1788925560.299991846,20260909_124516,2,36.843984200,128.092675300,293.3610,0.000225,0.000225,0.000576,9.8741,45.5572,0.0000
1788925560.399991989,20260909_124516,2,36.843984100,128.092675500,293.3710,0.000225,0.000225,0.000576,9.8920,45.5461,0.0000
1788925560.499991894,20260909_124516,2,36.843983900,128.092675700,293.3740,0.000196,0.000196,0.000529,9.9098,45.5239,0.0000
1788925560.599991798,20260909_124516,2,36.843983800,128.092675900,293.3640,0.000196,0.000196,0.000529,9.9277,45.5128,0.0000
1788925560.699991941,20260909_124516,2,36.843983700,128.092676200,293.3500,0.000225,0.000225,0.000576,9.9544,45.5017,0.0000
1788925560.799991846,20260909_124516,2,36.843983500,128.092676500,293.3530,0.000225,0.000225,0.000576,9.9812,45.4795,0.0000
1788925560.899991751,20260909_124516,2,36.843983400,128.092676800,293.3510,0.000225,0.000225,0.000576,10.0079,45.4684,0.0000
1788925560.999991894,20260909_124516,2,36.843983200,128.092677000,293.3510,0.000196,0.000196,0.000529,10.0258,45.4462,0.0000
1788925561.099991798,20260909_124516,2,36.843983000,128.092677200,293.3590,0.000196,0.000196,0.000484,10.0436,45.4241,0.0000
1788925561.199991703,20260909_124516,2,36.843982900,128.092677400,293.3580,0.000196,0.000196,0.000484,10.0615,45.4130,0.0000
1788925561.299991846,20260909_124516,2,36.843982700,128.092677800,293.3540,0.000196,0.000196,0.000484,10.0971,45.3908,0.0000
1788925561.399991751,20260909_124516,2,36.843982600,128.092678000,293.3750,0.000196,0.000196,0.000441,10.1150,45.3797,0.0000
1788925561.499991655,20260909_124516,2,36.843982400,128.092678300,293.3800,0.000196,0.000196,0.000441,10.1417,45.3575,0.0000
1788925561.599991798,20260909_124516,2,36.843982100,128.092678500,293.3970,0.000196,0.000196,0.000529,10.1596,45.3242,0.0000
1788925561.699991703,20260909_124516,2,36.843981800,128.092678900,293.3890,0.000196,0.000196,0.000529,10.1953,45.2909,0.0000
1788925561.799991608,20260909_124516,2,36.843981500,128.092679400,293.3770,0.000196,0.000196,0.000441,10.2399,45.2576,0.0000
1788925561.899991512,20260909_124516,2,36.843981000,128.092679800,293.3740,0.000196,0.000196,0.000484,10.2755,45.2021,0.0000
1788925561.999991655,20260909_124516,2,36.843980500,128.092680300,293.3810,0.000196,0.000196,0.000576,10.3201,45.1466,0.0000
1788925562.099991560,20260909_124516,2,36.843980100,128.092680800,293.3220,0.000196,0.000196,0.000441,10.3647,45.1022,0.0000
1788925562.199991465,20260909_124516,2,36.843979600,128.092681200,293.3760,0.000196,0.000196,0.000484,10.4004,45.0467,0.0000
1788925562.299991608,20260909_124516,2,36.843979200,128.092681600,293.3870,0.000196,0.000196,0.000676,10.4361,45.0023,0.0000
1788925562.399991512,20260909_124516,2,36.843978900,128.092681700,293.4020,0.000361,0.000361,0.001024,10.4450,44.9690,0.0000
1788925562.499991417,20260909_124516,2,36.843978400,128.092682300,293.4230,0.000324,0.000324,0.000961,10.4985,44.9135,0.0000
1788925562.599991560,20260909_124516,2,36.843978100,128.092682500,293.4150,0.000324,0.000324,0.000900,10.5164,44.8803,0.0000
1788925562.699991465,20260909_124516,2,36.843977600,128.092682700,293.4340,0.000289,0.000289,0.000841,10.5342,44.8248,0.0000
1788925562.799991369,20260909_124516,2,36.843977300,128.092682900,293.4350,0.000256,0.000256,0.000729,10.5520,44.7915,0.0000
1788925562.899991512,20260909_124516,2,36.843976900,128.092683200,293.4290,0.000225,0.000225,0.000625,10.5788,44.7471,0.0000
1788925562.999991417,20260909_124516,2,36.843976600,128.092683400,293.4570,0.000196,0.000196,0.000484,10.5966,44.7138,0.0000
1788925563.099991322,20260909_124516,2,36.843976200,128.092683700,293.4600,0.000196,0.000196,0.000400,10.6234,44.6694,0.0000
1788925563.199991465,20260909_124516,2,36.843975900,128.092683900,293.4490,0.000196,0.000196,0.000484,10.6412,44.6361,0.0000
1788925563.299991369,20260909_124516,2,36.843975600,128.092684200,293.4500,0.000196,0.000196,0.000625,10.6680,44.6028,0.0000
1788925563.399991274,20260909_124516,2,36.843975300,128.092684400,293.4230,0.000196,0.000196,0.000576,10.6858,44.5695,0.0000
1788925563.499991417,20260909_124516,2,36.843975100,128.092684600,293.4100,0.000196,0.000196,0.000324,10.7037,44.5473,0.0000
1788925563.599991322,20260909_124516,2,36.843974800,128.092684800,293.4140,0.000196,0.000196,0.000256,10.7215,44.5140,0.0000
1788925563.699991226,20260909_124516,2,36.843974500,128.092685000,293.3980,0.000196,0.000196,0.000225,10.7394,44.4807,0.0000
1788925563.799991369,20260909_124516,2,36.843974200,128.092685200,293.3850,0.000196,0.000196,0.000256,10.7572,44.4474,0.0000
1788925563.899991274,20260909_124516,2,36.843973900,128.092685400,293.4140,0.000196,0.000196,0.000225,10.7750,44.4141,0.0000
1788925563.999991179,20260909_124516,2,36.843973600,128.092685600,293.4070,0.000196,0.000196,0.000196,10.7929,44.3808,0.0000
1788925564.099991083,20260909_124516,2,36.843973200,128.092685700,293.4020,0.000196,0.000196,0.000256,10.8018,44.3365,0.0000
1788925564.199991226,20260909_124516,2,36.843972900,128.092685900,293.4220,0.000196,0.000196,0.000324,10.8196,44.3032,0.0000
1788925564.299991131,20260909_124516,2,36.843972500,128.092686100,293.4140,0.000196,0.000196,0.000289,10.8375,44.2588,0.0000
1788925564.399991035,20260909_124516,2,36.843972200,128.092686200,293.3990,0.000196,0.000196,0.000361,10.8464,44.2255,0.0000
1788925564.499991179,20260909_124516,2,36.843971900,128.092686400,293.3910,0.000196,0.000196,0.000441,10.8642,44.1922,0.0000
1788925564.599991083,20260909_124516,2,36.843971400,128.092686700,293.4170,0.000196,0.000196,0.000529,10.8910,44.1367,0.0000
1788925564.699990988,20260909_124516,2,36.843971000,128.092686900,293.4080,0.000196,0.000196,0.000484,10.9088,44.0923,0.0000
1788925564.799991131,20260909_124516,2,36.843970800,128.092687100,293.3830,0.000196,0.000196,0.000484,10.9267,44.0701,0.0000
1788925564.899991035,20260909_124516,2,36.843970400,128.092687200,293.3930,0.000196,0.000196,0.000576,10.9356,44.0257,0.0000
1788925564.999990940,20260909_124516,2,36.843970000,128.092687300,293.3940,0.000196,0.000196,0.000529,10.9445,43.9813,0.0000
1788925565.099991083,20260909_124516,2,36.843969600,128.092687500,293.4210,0.000196,0.000196,0.000441,10.9624,43.9369,0.0000
1788925565.199990988,20260909_124516,2,36.843969200,128.092687600,293.4250,0.000196,0.000196,0.000441,10.9713,43.8925,0.0000
1788925565.299990892,20260909_124516,2,36.843968800,128.092687700,293.4380,0.000196,0.000196,0.000576,10.9802,43.8481,0.0000
1788925565.399991035,20260909_124516,2,36.843968400,128.092688100,293.4340,0.000225,0.000225,0.000625,11.0159,43.8037,0.0000
1788925565.499990940,20260909_124516,2,36.843968100,128.092688300,293.4140,0.000256,0.000256,0.000676,11.0337,43.7705,0.0000
1788925565.599990845,20260909_124516,2,36.843967700,128.092688300,293.4130,0.000225,0.000225,0.000625,11.0337,43.7261,0.0000
1788925565.699990988,20260909_124516,2,36.843967300,128.092688500,293.4340,0.000196,0.000196,0.000484,11.0515,43.6817,0.0000
1788925565.799990892,20260909_124516,2,36.843967000,128.092688500,293.4200,0.000196,0.000196,0.000400,11.0515,43.6484,0.0000
1788925565.899990797,20260909_124516,2,36.843966700,128.092688800,293.4020,0.000196,0.000196,0.000361,11.0783,43.6151,0.0000
1788925565.999990940,20260909_124516,2,36.843966400,128.092689000,293.3900,0.000196,0.000196,0.000324,11.0961,43.5818,0.0000
1788925566.099990845,20260909_124516,2,36.843965900,128.092689000,293.3940,0.000196,0.000196,0.000441,11.0961,43.5263,0.0000
1788925566.199990749,20260909_124516,2,36.843965500,128.092689000,293.4100,0.000196,0.000196,0.000576,11.0961,43.4819,0.0000
1788925566.299990892,20260909_124516,2,36.843965200,128.092689100,293.4210,0.000196,0.000196,0.000441,11.1051,43.4486,0.0000
1788925566.399990797,20260909_124516,2,36.843964800,128.092689200,293.4310,0.000196,0.000196,0.000324,11.1140,43.4042,0.0000
1788925566.499990702,20260909_124516,2,36.843964500,128.092689200,293.4270,0.000256,0.000256,0.000676,11.1140,43.3709,0.0000
1788925566.599990606,20260909_124516,2,36.843964100,128.092689400,293.4090,0.000289,0.000289,0.000784,11.1318,43.3265,0.0000
1788925566.699990749,20260909_124516,2,36.843963800,128.092689600,293.3960,0.000225,0.000225,0.000625,11.1497,43.2932,0.0000
1788925566.799990654,20260909_124516,2,36.843963300,128.092689600,293.4100,0.000196,0.000196,0.000529,11.1497,43.2378,0.0000
1788925566.899990559,20260909_124516,2,36.843963000,128.092689700,293.4040,0.000196,0.000196,0.000484,11.1586,43.2045,0.0000
1788925566.999990702,20260909_124516,2,36.843962500,128.092689800,293.4020,0.000196,0.000196,0.000576,11.1675,43.1490,0.0000
1788925567.099990606,20260909_124516,2,36.843962200,128.092689800,293.3870,0.000225,0.000225,0.000676,11.1675,43.1157,0.0000
1788925567.199990511,20260909_124516,2,36.843962000,128.092689900,293.3880,0.000196,0.000196,0.000529,11.1764,43.0935,0.0000
1788925567.299990654,20260909_124516,2,36.843961600,128.092690000,293.4030,0.000196,0.000196,0.000400,11.1853,43.0491,0.0000
1788925567.399990559,20260909_124516,2,36.843961300,128.092690200,293.3860,0.000196,0.000196,0.000361,11.2032,43.0158,0.0000
1788925567.499990463,20260909_124516,2,36.843961000,128.092690300,293.3860,0.000196,0.000196,0.000400,11.2121,42.9825,0.0000
1788925567.599990606,20260909_124516,2,36.843960700,128.092690300,293.3910,0.000196,0.000196,0.000529,11.2121,42.9492,0.0000
1788925567.699990511,20260909_124516,2,36.843960300,128.092690400,293.3860,0.000196,0.000196,0.000576,11.2210,42.9048,0.0000
1788925567.799990416,20260909_124516,2,36.843960000,128.092690500,293.3850,0.000196,0.000196,0.000529,11.2299,42.8715,0.0000
1788925567.899990559,20260909_124516,2,36.843959700,128.092690400,293.4000,0.000196,0.000196,0.000576,11.2210,42.8382,0.0000
1788925567.999990463,20260909_124516,2,36.843959300,128.092690500,293.3980,0.000196,0.000196,0.000484,11.2299,42.7938,0.0000
1788925568.099990368,20260909_124516,2,36.843958900,128.092690400,293.4150,0.000196,0.000196,0.000441,11.2210,42.7494,0.0000
1788925568.199990511,20260909_124516,2,36.843958500,128.092690400,293.4180,0.000196,0.000196,0.000361,11.2210,42.7050,0.0000
1788925568.299990416,20260909_124516,2,36.843958100,128.092690500,293.4090,0.000196,0.000196,0.000361,11.2299,42.6607,0.0000
1788925568.399990320,20260909_124516,2,36.843957700,128.092690700,293.4050,0.000196,0.000196,0.000324,11.2478,42.6163,0.0000
1788925568.499990463,20260909_124516,2,36.843957300,128.092690700,293.4040,0.000196,0.000196,0.000441,11.2478,42.5719,0.0000
1788925568.599990368,20260909_124516,2,36.843956900,128.092690700,293.4090,0.000196,0.000196,0.000529,11.2478,42.5275,0.0000
1788925568.699990273,20260909_124516,2,36.843956600,128.092690800,293.4140,0.000196,0.000196,0.000676,11.2567,42.4942,0.0000
1788925568.799990416,20260909_124516,2,36.843956400,128.092690900,293.4110,0.000196,0.000196,0.000676,11.2656,42.4720,0.0000
1788925568.899990320,20260909_124516,2,36.843956100,128.092690900,293.4300,0.000196,0.000196,0.000529,11.2656,42.4387,0.0000
1788925568.999990225,20260909_124516,2,36.843955700,128.092691000,293.4340,0.000196,0.000196,0.000625,11.2745,42.3943,0.0000
1788925569.099990129,20260909_124516,2,36.843955300,128.092691100,293.4150,0.000196,0.000196,0.000729,11.2835,42.3499,0.0000
1788925569.199990273,20260909_124516,2,36.843955100,128.092691100,293.4180,0.000225,0.000225,0.000841,11.2835,42.3277,0.0000
1788925569.299990177,20260909_124516,2,36.843954800,128.092691000,293.4010,0.000400,0.000400,0.001156,11.2745,42.2944,0.0000
1788925569.399990082,20260909_124516,2,36.843954500,128.092691100,293.3880,0.000256,0.000256,0.000784,11.2835,42.2611,0.0000
1788925569.499990225,20260909_124516,2,36.843954200,128.092691200,293.3860,0.000196,0.000196,0.000625,11.2924,42.2278,0.0000
1788925569.599990129,20260909_124516,2,36.843953800,128.092691100,293.4020,0.000196,0.000196,0.000441,11.2835,42.1834,0.0000
1788925569.699990034,20260909_124516,2,36.843953400,128.092691000,293.4070,0.000196,0.000196,0.000400,11.2745,42.1391,0.0000
1788925569.799990177,20260909_124516,2,36.843953000,128.092691000,293.4130,0.000196,0.000196,0.000400,11.2745,42.0947,0.0000
1788925569.899990082,20260909_124516,2,36.843952600,128.092690800,293.4110,0.000196,0.000196,0.000361,11.2567,42.0503,0.0000
1788925569.999989986,20260909_124516,2,36.843952200,128.092690800,293.4330,0.000196,0.000196,0.000324,11.2567,42.0059,0.0000
1788925570.099990129,20260909_124516,2,36.843951800,128.092690700,293.4320,0.000196,0.000196,0.000441,11.2478,41.9615,0.0000
1788925570.199990034,20260909_124516,2,36.843951400,128.092690800,293.4520,0.000196,0.000196,0.000400,11.2567,41.9171,0.0000
1788925570.299989939,20260909_124516,2,36.843951000,128.092690700,293.4390,0.000196,0.000196,0.000441,11.2478,41.8727,0.0000
1788925570.399990082,20260909_124516,2,36.843950700,128.092690600,293.4480,0.000196,0.000196,0.000400,11.2389,41.8394,0.0000
1788925570.499989986,20260909_124516,2,36.843950500,128.092690600,293.4190,0.000196,0.000196,0.000484,11.2389,41.8172,0.0000
1788925570.599989891,20260909_124516,2,36.843950100,128.092690600,293.3960,0.000196,0.000196,0.000529,11.2389,41.7728,0.0000
1788925570.699990034,20260909_124516,2,36.843949800,128.092690500,293.4200,0.000196,0.000196,0.000289,11.2299,41.7395,0.0000
1788925570.899989843,20260909_124516,2,36.843949100,128.092690300,293.4160,0.000196,0.000196,0.000361,11.2121,41.6618,0.0000
1788925570.999989986,20260909_124516,2,36.843948700,128.092690100,293.4120,0.000196,0.000196,0.000289,11.1943,41.6174,0.0000
1788925571.099989891,20260909_124516,2,36.843948500,128.092690100,293.4170,0.000196,0.000196,0.000256,11.1943,41.5953,0.0000
1788925571.199989796,20260909_124516,2,36.843948200,128.092690000,293.4220,0.000196,0.000196,0.000225,11.1853,41.5620,0.0000
1788925571.399989843,20260909_124516,2,36.843947500,128.092689600,293.4490,0.000196,0.000196,0.000361,11.1497,41.4843,0.0000
1788925571.499989748,20260909_124516,2,36.843947300,128.092689700,293.4430,0.000196,0.000196,0.000400,11.1586,41.4621,0.0000
1788925571.599989653,20260909_124516,2,36.843947000,128.092689600,293.4590,0.000196,0.000196,0.000529,11.1497,41.4288,0.0000
1788925571.699989796,20260909_124516,2,36.843946900,128.092689600,293.4680,0.000196,0.000196,0.000625,11.1497,41.4177,0.0000
1788925571.799989700,20260909_124516,2,36.843946700,128.092689600,293.4560,0.000225,0.000225,0.000729,11.1497,41.3955,0.0000
1788925571.899989605,20260909_124516,2,36.843946600,128.092689500,293.4660,0.000256,0.000256,0.000841,11.1407,41.3844,0.0000
1788925571.999989748,20260909_124516,2,36.843946400,128.092689400,293.4710,0.000256,0.000256,0.000900,11.1318,41.3622,0.0000
1788925572.099989653,20260909_124516,2,36.843946100,128.092689300,293.4730,0.000225,0.000225,0.000784,11.1229,41.3289,0.0000
1788925572.199989557,20260909_124516,2,36.843945800,128.092689300,293.4720,0.000256,0.000256,0.000784,11.1229,41.2956,0.0000
1788925572.299989700,20260909_124516,2,36.843945500,128.092689500,293.4670,0.000196,0.000196,0.000484,11.1407,41.2623,0.0000
1788925572.399989605,20260909_124516,2,36.843945200,128.092689300,293.4400,0.000196,0.000196,0.000529,11.1229,41.2290,0.0000
1788925572.499989510,20260909_124516,2,36.843944600,128.092689100,293.4490,0.000225,0.000225,0.000625,11.1051,41.1624,0.0000
1788925572.599989653,20260909_124516,2,36.843944300,128.092689200,293.4570,0.000225,0.000225,0.000625,11.1140,41.1291,0.0000
1788925572.699989557,20260909_124516,2,36.843944100,128.092689200,293.4580,0.000225,0.000225,0.000625,11.1140,41.1069,0.0000
1788925572.799989462,20260909_124516,2,36.843943800,128.092689200,293.4600,0.000196,0.000196,0.000576,11.1140,41.0736,0.0000
1788925572.899989605,20260909_124516,2,36.843943600,128.092689200,293.4420,0.000225,0.000225,0.000625,11.1140,41.0514,0.0000
1788925572.999989510,20260909_124516,2,36.843943200,128.092689100,293.4500,0.000256,0.000256,0.000729,11.1051,41.0071,0.0000
1788925573.099989414,20260909_124516,2,36.843942800,128.092689000,293.4610,0.000256,0.000256,0.000784,11.0962,40.9627,0.0000
1788925573.199989557,20260909_124516,2,36.843942600,128.092689300,293.4410,0.000729,0.000729,0.001681,11.1229,40.9405,0.0000
1788925573.299989462,20260909_124516,2,36.843942400,128.092689300,293.4240,0.000784,0.000784,0.001764,11.1229,40.9183,0.0000
1788925573.399989367,20260909_124516,2,36.843942000,128.092689400,293.4410,0.000729,0.000729,0.001681,11.1318,40.8739,0.0000
1788925573.499989510,20260909_124516,2,36.843941700,128.092689400,293.4330,0.000784,0.000784,0.001849,11.1318,40.8406,0.0000
1788925573.599989414,20260909_124516,2,36.843941400,128.092689400,293.4150,0.000961,0.000961,0.002401,11.1318,40.8073,0.0000
1788925573.699989319,20260909_124516,2,36.843941100,128.092689600,293.4090,0.000961,0.000961,0.002304,11.1497,40.7740,0.0000
1788925573.799989462,20260909_124516,2,36.843940900,128.092689700,293.4060,0.000900,0.000900,0.002209,11.1586,40.7518,0.0000
1788925573.899989367,20260909_124516,2,36.843940500,128.092689600,293.4410,0.000784,0.000784,0.001849,11.1497,40.7074,0.0000
1788925573.999989271,20260909_124516,2,36.843940100,128.092689400,293.4590,0.000676,0.000676,0.001600,11.1318,40.6630,0.0000
1788925574.099989176,20260909_124516,2,36.843939800,128.092689600,293.4150,0.000676,0.000676,0.001600,11.1497,40.6297,0.0000
1788925574.199989319,20260909_124516,2,36.843939400,128.092689400,293.4170,0.000576,0.000576,0.001369,11.1318,40.5853,0.0000
1788925574.299989223,20260909_124516,2,36.843938900,128.092688800,293.5300,0.000196,0.000196,0.000484,11.0783,40.5298,0.0000
1788925574.399989128,20260909_124516,2,36.843938600,128.092688700,293.5450,0.000196,0.000196,0.000441,11.0694,40.4966,0.0000
1788925574.499989271,20260909_124516,2,36.843938200,128.092688700,293.5360,0.000196,0.000196,0.000484,11.0694,40.4522,0.0000
1788925574.599989176,20260909_124516,2,36.843937900,128.092688800,293.5300,0.000196,0.000196,0.000529,11.0783,40.4189,0.0000
1788925574.699989080,20260909_124516,2,36.843937400,128.092688800,293.5490,0.000196,0.000196,0.000529,11.0783,40.3634,0.0000
1788925574.799989223,20260909_124516,2,36.843937100,128.092688700,293.5640,0.000196,0.000196,0.000484,11.0694,40.3301,0.0000
1788925574.899989128,20260909_124516,2,36.843936700,128.092688700,293.5540,0.000196,0.000196,0.000576,11.0694,40.2857,0.0000
1788925574.999989033,20260909_124516,2,36.843936200,128.092688700,293.5520,0.000196,0.000196,0.000529,11.0694,40.2302,0.0000
1788925575.099989176,20260909_124516,2,36.843935900,128.092688600,293.5630,0.000196,0.000196,0.000676,11.0605,40.1969,0.0000
1788925575.199989080,20260909_124516,2,36.843935600,128.092688600,293.5670,0.000225,0.000225,0.000676,11.0605,40.1636,0.0000
1788925575.299988985,20260909_124516,2,36.843935200,128.092688500,293.5610,0.000361,0.000361,0.000961,11.0516,40.1192,0.0000
1788925575.399989128,20260909_124516,2,36.843934900,128.092688600,293.5540,0.000289,0.000289,0.000784,11.0605,40.0859,0.0000
1788925575.499989033,20260909_124516,2,36.843934500,128.092688500,293.5330,0.000289,0.000289,0.000841,11.0516,40.0415,0.0000
1788925575.599988937,20260909_124516,2,36.843934200,128.092688400,293.5260,0.000324,0.000324,0.000900,11.0426,40.0082,0.0000
1788925575.699989080,20260909_124516,2,36.843933800,128.092688400,293.5290,0.000441,0.000441,0.001225,11.0426,39.9638,0.0000
1788925575.799988985,20260909_124516,2,36.843933500,128.092688400,293.5090,0.000441,0.000441,0.001296,11.0426,39.9306,0.0000
1788925575.899988890,20260909_124516,2,36.843933000,128.092688300,293.4940,0.000484,0.000484,0.001369,11.0337,39.8751,0.0000
1788925575.999989033,20260909_124516,2,36.843932600,128.092688300,293.5070,0.000400,0.000400,0.001156,11.0337,39.8307,0.0000
1788925576.099988937,20260909_124516,2,36.843932300,128.092688400,293.5140,0.000361,0.000361,0.001089,11.0426,39.7974,0.0000
1788925576.199988842,20260909_124516,2,36.843931800,128.092688400,293.5040,0.000324,0.000324,0.001024,11.0426,39.7419,0.0000
1788925576.299988985,20260909_124516,2,36.843931600,128.092688600,293.5160,0.000256,0.000256,0.000729,11.0605,39.7197,0.0000
1788925576.399988890,20260909_124516,2,36.843931200,128.092688400,293.5690,0.000196,0.000196,0.000529,11.0426,39.6753,0.0000
1788925576.499988794,20260909_124516,2,36.843930800,128.092688400,293.5410,0.000225,0.000225,0.000576,11.0426,39.6309,0.0000
1788925576.599988937,20260909_124516,2,36.843930400,128.092688300,293.5440,0.000289,0.000289,0.000841,11.0337,39.5865,0.0000
1788925576.699988842,20260909_124516,2,36.843930000,128.092688300,293.5440,0.000256,0.000256,0.000784,11.0337,39.5421,0.0000
1788925576.799988747,20260909_124516,2,36.843929600,128.092688300,293.5520,0.000225,0.000225,0.000676,11.0337,39.4977,0.0000
1788925576.899988651,20260909_124516,2,36.843929300,128.092688400,293.5480,0.000256,0.000256,0.000729,11.0426,39.4644,0.0000
1788925576.999988794,20260909_124516,2,36.843928800,128.092688300,293.5310,0.000196,0.000196,0.000529,11.0337,39.4089,0.0000
1788925577.099988699,20260909_124516,2,36.843928300,128.092688100,293.5300,0.000196,0.000196,0.000441,11.0159,39.3535,0.0000
1788925577.199988604,20260909_124516,2,36.843928100,128.092688200,293.5460,0.000225,0.000225,0.000625,11.0248,39.3313,0.0000
1788925577.299988747,20260909_124516,2,36.843927600,128.092688100,293.6450,0.000196,0.000196,0.000400,11.0159,39.2758,0.0000
1788925577.399988651,20260909_124516,2,36.843927200,128.092688100,293.6550,0.000196,0.000196,0.000484,11.0159,39.2314,0.0000
1788925577.499988556,20260909_124516,2,36.843926800,128.092688000,293.6180,0.000196,0.000196,0.000441,11.0070,39.1870,0.0000
1788925577.599988699,20260909_124516,2,36.843926400,128.092688000,293.6270,0.000196,0.000196,0.000361,11.0070,39.1426,0.0000
1788925577.699988604,20260909_124516,2,36.843926100,128.092688100,293.6390,0.000196,0.000196,0.000529,11.0159,39.1093,0.0000
1788925577.799988508,20260909_124516,2,36.843925700,128.092688100,293.6480,0.000196,0.000196,0.000529,11.0159,39.0649,0.0000
1788925577.899988651,20260909_124516,2,36.843925400,128.092688100,293.6150,0.000196,0.000196,0.000441,11.0159,39.0316,0.0000
1788925577.999988556,20260909_124516,2,36.843925000,128.092688200,293.6300,0.000196,0.000196,0.000441,11.0248,38.9872,0.0000
1788925578.099988461,20260909_124516,2,36.843924700,128.092688200,293.6610,0.000196,0.000196,0.000441,11.0248,38.9539,0.0000
1788925578.199988604,20260909_124516,2,36.843924200,128.092688200,293.6740,0.000196,0.000196,0.000441,11.0248,38.8984,0.0000
1788925578.299988508,20260909_124516,2,36.843924000,128.092688200,293.6240,0.000196,0.000196,0.000324,11.0248,38.8762,0.0000
1788925578.399988413,20260909_124516,2,36.843923700,128.092688200,293.5990,0.000196,0.000196,0.000324,11.0248,38.8430,0.0000
1788925578.499988556,20260909_124516,2,36.843923300,128.092688100,293.6340,0.000196,0.000196,0.000361,11.0159,38.7986,0.0000
1788925578.599988461,20260909_124516,2,36.843922800,128.092688100,293.6420,0.000196,0.000196,0.000289,11.0159,38.7431,0.0000
1788925578.699988365,20260909_124516,2,36.843922500,128.092688100,293.6260,0.000196,0.000196,0.000400,11.0159,38.7098,0.0000
1788925578.799988508,20260909_124516,2,36.843922100,128.092688000,293.6090,0.000196,0.000196,0.000361,11.0070,38.6654,0.0000
1788925578.899988413,20260909_124516,2,36.843921800,128.092688000,293.5980,0.000196,0.000196,0.000324,11.0070,38.6321,0.0000
1788925578.999988317,20260909_124516,2,36.843921400,128.092688000,293.6100,0.000196,0.000196,0.000324,11.0070,38.5877,0.0000
1788925579.099988461,20260909_124516,2,36.843920900,128.092688000,293.6420,0.000196,0.000196,0.000400,11.0070,38.5322,0.0000
1788925579.199988365,20260909_124516,2,36.843920800,128.092688000,293.6080,0.000196,0.000196,0.000361,11.0070,38.5211,0.0000
1788925579.299988270,20260909_124516,2,36.843920100,128.092687700,293.5920,0.000196,0.000196,0.000324,10.9802,38.4434,0.0000
1788925579.399988413,20260909_124516,2,36.843919700,128.092687600,293.5950,0.000196,0.000196,0.000361,10.9713,38.3990,0.0000
1788925579.499988317,20260909_124516,2,36.843919200,128.092687600,293.6280,0.000196,0.000196,0.000324,10.9713,38.3435,0.0000
1788925579.599988222,20260909_124516,2,36.843918900,128.092687600,293.6090,0.000196,0.000196,0.000324,10.9713,38.3102,0.0000
1788925579.699988365,20260909_124516,2,36.843918600,128.092687700,293.5910,0.000196,0.000196,0.000400,10.9802,38.2770,0.0000
1788925579.799988270,20260909_124516,2,36.843918200,128.092687800,293.6190,0.000196,0.000196,0.000484,10.9891,38.2326,0.0000
1788925579.899988174,20260909_124516,2,36.843917700,128.092687800,293.6370,0.000196,0.000196,0.000441,10.9891,38.1771,0.0000
1788925579.999988079,20260909_124516,2,36.843917300,128.092687700,293.5990,0.000196,0.000196,0.000484,10.9802,38.1327,0.0000
1788925580.099988222,20260909_124516,2,36.843916900,128.092687700,293.5990,0.000196,0.000196,0.000441,10.9802,38.0883,0.0000
1788925580.199988127,20260909_124516,2,36.843916400,128.092687700,293.6190,0.000196,0.000196,0.000484,10.9802,38.0328,0.0000
1788925580.299988031,20260909_124516,2,36.843916100,128.092687800,293.6180,0.000324,0.000324,0.001089,10.9891,37.9995,0.0000
1788925580.399988174,20260909_124516,2,36.843915800,128.092687800,293.5960,0.000289,0.000289,0.001024,10.9891,37.9662,0.0000
1788925580.499988079,20260909_124516,2,36.843915400,128.092687800,293.6020,0.000256,0.000256,0.000900,10.9891,37.9218,0.0000
1788925580.599987984,20260909_124516,2,36.843915000,128.092687700,293.5820,0.000289,0.000289,0.001024,10.9802,37.8774,0.0000
1788925580.699988127,20260909_124516,2,36.843914600,128.092687700,293.6020,0.000324,0.000324,0.001089,10.9802,37.8330,0.0000
1788925580.799988031,20260909_124516,2,36.843914200,128.092687700,293.6420,0.000361,0.000361,0.001156,10.9802,37.7886,0.0000
1788925580.899987936,20260909_124516,2,36.843913800,128.092687700,293.6090,0.000441,0.000441,0.001444,10.9802,37.7443,0.0000
1788925580.999988079,20260909_124516,2,36.843913400,128.092687700,293.6460,0.000324,0.000324,0.001089,10.9802,37.6999,0.0000
1788925581.099987984,20260909_124516,2,36.843913000,128.092687600,293.6560,0.000289,0.000289,0.000961,10.9713,37.6555,0.0000
1788925581.199987888,20260909_124516,2,36.843912700,128.092687500,293.6420,0.000289,0.000289,0.000961,10.9624,37.6222,0.0000
1788925581.299988031,20260909_124516,2,36.843912300,128.092687400,293.6900,0.000225,0.000225,0.000676,10.9534,37.5778,0.0000
1788925581.399987936,20260909_124516,2,36.843911800,128.092687400,293.6860,0.000196,0.000196,0.000576,10.9534,37.5223,0.0000
1788925581.499987841,20260909_124516,2,36.843911500,128.092687400,293.6710,0.000196,0.000196,0.000441,10.9534,37.4890,0.0000
1788925581.599987984,20260909_124516,2,36.843911100,128.092687400,293.6570,0.000196,0.000196,0.000400,10.9534,37.4446,0.0000
1788925581.699987888,20260909_124516,2,36.843910600,128.092687400,293.7010,0.000196,0.000196,0.000484,10.9534,37.3891,0.0000
1788925581.799987793,20260909_124516,2,36.843910300,128.092687400,293.6810,0.000196,0.000196,0.000441,10.9534,37.3558,0.0000
1788925581.899987936,20260909_124516,2,36.843909800,128.092687200,293.6940,0.000196,0.000196,0.000361,10.9356,37.3003,0.0000
1788925581.999987841,20260909_124516,2,36.843909400,128.092687300,293.7160,0.000196,0.000196,0.000400,10.9445,37.2559,0.0000
1788925582.099987745,20260909_124516,2,36.843909000,128.092687400,293.7060,0.000196,0.000196,0.000576,10.9534,37.2115,0.0000
1788925582.199987888,20260909_124516,2,36.843908300,128.092687200,293.6780,0.000225,0.000225,0.000625,10.9356,37.1339,0.0000
1788925582.299987793,20260909_124516,2,36.843907900,128.092687500,293.5730,0.000361,0.000361,0.000961,10.9624,37.0895,0.0000
1788925582.399987698,20260909_124516,2,36.843907500,128.092687500,293.5720,0.000400,0.000400,0.001024,10.9624,37.0451,0.0000
1788925582.499987841,20260909_124516,2,36.843906800,128.092687300,293.5710,0.000361,0.000361,0.000961,10.9445,36.9674,0.0000
1788925582.599987745,20260909_124516,2,36.843906500,128.092687300,293.5710,0.000441,0.000441,0.001156,10.9445,36.9341,0.0000
1788925582.699987650,20260909_124516,2,36.843906200,128.092687300,293.5810,0.000484,0.000484,0.001225,10.9445,36.9008,0.0000
1788925582.799987555,20260909_124516,2,36.843905800,128.092687300,293.5900,0.000529,0.000529,0.001369,10.9445,36.8564,0.0000
1788925582.899987698,20260909_124516,2,36.843905300,128.092687200,293.5850,0.000484,0.000484,0.001296,10.9356,36.8009,0.0000
1788925582.999987602,20260909_124516,2,36.843904900,128.092687200,293.5730,0.000484,0.000484,0.001225,10.9356,36.7565,0.0000
1788925583.099987507,20260909_124516,2,36.843904600,128.092687200,293.5610,0.000484,0.000484,0.001296,10.9356,36.7232,0.0000
1788925583.199987650,20260909_124516,2,36.843904200,128.092686700,293.6420,0.000441,0.000441,0.001024,10.8910,36.6788,0.0000
1788925583.299987555,20260909_124516,2,36.843903800,128.092686500,293.6410,0.000400,0.000400,0.000841,10.8732,36.6345,0.0000
1788925583.399987459,20260909_124516,2,36.843903400,128.092686500,293.6500,0.000324,0.000324,0.000784,10.8732,36.5901,0.0000
1788925583.499987602,20260909_124516,2,36.843903000,128.092686600,293.6550,0.000324,0.000324,0.000729,10.8821,36.5457,0.0000
1788925583.599987507,20260909_124516,2,36.843902500,128.092686400,293.6450,0.000256,0.000256,0.000625,10.8642,36.4902,0.0000
1788925583.699987411,20260909_124516,2,36.843902000,128.092686300,293.6620,0.000256,0.000256,0.000576,10.8553,36.4347,0.0000
1788925583.799987555,20260909_124516,2,36.843901600,128.092686300,293.6590,0.000289,0.000289,0.000676,10.8553,36.3903,0.0000
1788925583.899987459,20260909_124516,2,36.843901100,128.092686100,293.6420,0.000289,0.000289,0.000625,10.8375,36.3348,0.0000
1788925583.999987364,20260909_124516,2,36.843900600,128.092686100,293.6350,0.000256,0.000256,0.000576,10.8375,36.2793,0.0000
1788925584.099987507,20260909_124516,2,36.843900300,128.092686000,293.6470,0.000256,0.000256,0.000576,10.8286,36.2460,0.0000
1788925584.199987411,20260909_124516,2,36.843899900,128.092686000,293.6410,0.000196,0.000196,0.000484,10.8286,36.2016,0.0000
1788925584.299987316,20260909_124516,2,36.843899500,128.092686100,293.6110,0.000196,0.000196,0.000441,10.8375,36.1572,0.0000
1788925584.399987459,20260909_124516,2,36.843899100,128.092685900,293.6280,0.000225,0.000225,0.000529,10.8196,36.1128,0.0000
1788925584.499987364,20260909_124516,2,36.843898700,128.092685800,293.6350,0.000256,0.000256,0.000625,10.8107,36.0685,0.0000
1788925584.599987268,20260909_124516,2,36.843898300,128.092685900,293.6440,0.000289,0.000289,0.000729,10.8196,36.0241,0.0000
1788925584.699987411,20260909_124516,2,36.843897900,128.092685800,293.6280,0.000324,0.000324,0.000784,10.8107,35.9797,0.0000
1788925584.799987316,20260909_124516,2,36.843897400,128.092685700,293.6280,0.000324,0.000324,0.000784,10.8018,35.9242,0.0000
1788925584.899987221,20260909_124516,2,36.843897100,128.092685700,293.6510,0.000289,0.000289,0.000729,10.8018,35.8909,0.0000
1788925584.999987364,20260909_124516,2,36.843896700,128.092685600,293.6540,0.000256,0.000256,0.000576,10.7929,35.8465,0.0000
1788925585.099987268,20260909_124516,2,36.843896200,128.092685500,293.6320,0.000256,0.000256,0.000576,10.7840,35.7910,0.0000
1788925585.199987173,20260909_124516,2,36.843895700,128.092685400,293.6240,0.000196,0.000196,0.000484,10.7750,35.7355,0.0000
1788925585.299987316,20260909_124516,2,36.843895400,128.092685400,293.6140,0.000196,0.000196,0.000441,10.7750,35.7022,0.0000
1788925585.399987221,20260909_124516,2,36.843894900,128.092685300,293.6480,0.000196,0.000196,0.000441,10.7661,35.6467,0.0000
1788925585.499987125,20260909_124516,2,36.843894500,128.092685200,293.6310,0.000196,0.000196,0.000441,10.7572,35.6023,0.0000
1788925585.599987268,20260909_124516,2,36.843894100,128.092685200,293.6530,0.000196,0.000196,0.000484,10.7572,35.5579,0.0000
1788925585.699987173,20260909_124516,2,36.843893700,128.092685200,293.6660,0.000225,0.000225,0.000529,10.7572,35.5136,0.0000
1788925585.799987078,20260909_124516,2,36.843893300,128.092685100,293.6590,0.000196,0.000196,0.000529,10.7483,35.4692,0.0000
1788925585.899987221,20260909_124516,2,36.843892900,128.092685200,293.6440,0.000196,0.000196,0.000484,10.7572,35.4248,0.0000
1788925585.999987125,20260909_124516,2,36.843892400,128.092685100,293.6580,0.000256,0.000256,0.000676,10.7483,35.3693,0.0000
1788925586.099987030,20260909_124516,2,36.843892100,128.092685000,293.6490,0.000256,0.000256,0.000729,10.7394,35.3360,0.0000
1788925586.199986935,20260909_124516,2,36.843891600,128.092684900,293.6520,0.000256,0.000256,0.000676,10.7304,35.2805,0.0000
1788925586.299987078,20260909_124516,2,36.843891200,128.092684800,293.6720,0.000256,0.000256,0.000676,10.7215,35.2361,0.0000
1788925586.399986982,20260909_124516,2,36.843890800,128.092684800,293.6500,0.000256,0.000256,0.000676,10.7215,35.1917,0.0000
1788925586.499986887,20260909_124516,2,36.843890300,128.092684800,293.6890,0.000196,0.000196,0.000529,10.7215,35.1362,0.0000
1788925586.599987030,20260909_124516,2,36.843890000,128.092684800,293.6930,0.000196,0.000196,0.000400,10.7215,35.1029,0.0000
1788925586.699986935,20260909_124516,2,36.843889500,128.092684700,293.6640,0.000196,0.000196,0.000361,10.7126,35.0474,0.0000
1788925586.799986839,20260909_124516,2,36.843889100,128.092684600,293.6720,0.000196,0.000196,0.000361,10.7037,35.0030,0.0000
1788925586.899986982,20260909_124516,2,36.843888800,128.092684600,293.7000,0.000196,0.000196,0.000400,10.7037,34.9698,0.0000
1788925586.999986887,20260909_124516,2,36.843888300,128.092684500,293.6980,0.000196,0.000196,0.000441,10.6948,34.9143,0.0000
1788925587.099986792,20260909_124516,2,36.843887900,128.092684400,293.6590,0.000196,0.000196,0.000361,10.6859,34.8699,0.0000
1788925587.199986935,20260909_124516,2,36.843887400,128.092684300,293.6680,0.000196,0.000196,0.000324,10.6769,34.8144,0.0000
1788925587.299986839,20260909_124516,2,36.843886800,128.092684300,293.6800,0.000361,0.000361,0.001024,10.6769,34.7478,0.0000
1788925587.399986744,20260909_124516,2,36.843886300,128.092684300,293.6790,0.000529,0.000529,0.001444,10.6769,34.6923,0.0000
1788925587.499986887,20260909_124516,2,36.843886000,128.092684100,293.6620,0.000529,0.000529,0.001444,10.6591,34.6590,0.0000
1788925587.599986792,20260909_124516,2,36.843885400,128.092684100,293.6830,0.000576,0.000576,0.001600,10.6591,34.5924,0.0000
1788925587.699986696,20260909_124516,2,36.843884900,128.092684100,293.6960,0.000625,0.000625,0.001764,10.6591,34.5369,0.0000
1788925587.799986839,20260909_124516,2,36.843884500,128.092684000,293.6570,0.000676,0.000676,0.001849,10.6502,34.4925,0.0000
1788925587.899986744,20260909_124516,2,36.843884100,128.092684000,293.6750,0.000625,0.000625,0.001764,10.6502,34.4481,0.0000
1788925587.999986649,20260909_124516,2,36.843883600,128.092683900,293.6920,0.000625,0.000625,0.001764,10.6413,34.3927,0.0000
1788925588.099986792,20260909_124516,2,36.843883200,128.092683900,293.6770,0.000625,0.000625,0.001764,10.6413,34.3483,0.0000
1788925588.199986696,20260909_124516,2,36.843882700,128.092683900,293.6590,0.000400,0.000400,0.000961,10.6413,34.2928,0.0000
1788925588.299986601,20260909_124516,2,36.843882300,128.092683900,293.6850,0.000441,0.000441,0.000961,10.6413,34.2484,0.0000
1788925588.399986744,20260909_124516,2,36.843881800,128.092683900,293.6900,0.000400,0.000400,0.000961,10.6413,34.1929,0.0000
1788925588.499986649,20260909_124516,2,36.843881300,128.092683700,293.6770,0.000400,0.000400,0.000900,10.6234,34.1374,0.0000
1788925588.599986553,20260909_124516,2,36.843880900,128.092683600,293.6730,0.000400,0.000400,0.000900,10.6145,34.0930,0.0000
1788925588.699986696,20260909_124516,2,36.843880400,128.092683600,293.6480,0.000324,0.000324,0.000841,10.6145,34.0375,0.0000
1788925588.799986601,20260909_124516,2,36.843879900,128.092683600,293.6290,0.000324,0.000324,0.000784,10.6145,33.9820,0.0000
1788925588.899986506,20260909_124516,2,36.843879500,128.092683500,293.6630,0.000324,0.000324,0.000784,10.6056,33.9376,0.0000
1788925588.999986649,20260909_124516,2,36.843878900,128.092683500,293.6730,0.000289,0.000289,0.000729,10.6056,33.8711,0.0000
1788925589.099986553,20260909_124516,2,36.843878400,128.092683400,293.6950,0.000324,0.000324,0.000784,10.5967,33.8156,0.0000
1788925589.199986458,20260909_124516,2,36.843878000,128.092683300,293.6860,0.000289,0.000289,0.000729,10.5877,33.7712,0.0000
1788925589.299986601,20260909_124516,2,36.843877400,128.092683200,293.6600,0.000256,0.000256,0.000625,10.5788,33.7046,0.0000
1788925589.399986506,20260909_124516,2,36.843876900,128.092683300,293.6610,0.000289,0.000289,0.000729,10.5877,33.6491,0.0000
1788925589.499986410,20260909_124516,2,36.843876400,128.092683200,293.6550,0.000361,0.000361,0.000900,10.5788,33.5936,0.0000
1788925589.599986315,20260909_124516,2,36.843876000,128.092683200,293.6580,0.000361,0.000361,0.000900,10.5788,33.5492,0.0000
1788925589.699986458,20260909_124516,2,36.843875500,128.092683100,293.6680,0.000361,0.000361,0.000900,10.5699,33.4937,0.0000
1788925589.799986362,20260909_124516,2,36.843875100,128.092683000,293.6740,0.000361,0.000361,0.000900,10.5610,33.4493,0.0000
1788925589.899986267,20260909_124516,2,36.843874800,128.092683000,293.6800,0.000361,0.000361,0.000900,10.5610,33.4160,0.0000
1788925589.999986410,20260909_124516,2,36.843874500,128.092683000,293.6800,0.000361,0.000361,0.000961,10.5610,33.3827,0.0000
1788925590.099986315,20260909_124516,2,36.843874100,128.092683000,293.6890,0.000361,0.000361,0.000900,10.5610,33.3384,0.0000
1788925590.199986219,20260909_124516,2,36.843873500,128.092683000,293.6860,0.000361,0.000361,0.000900,10.5610,33.2718,0.0000
1788925590.299986362,20260909_124516,2,36.843873100,128.092682900,293.6840,0.000225,0.000225,0.000625,10.5521,33.2274,0.0000
1788925590.399986267,20260909_124516,2,36.843872600,128.092682800,293.6730,0.000225,0.000225,0.000625,10.5431,33.1719,0.0000
1788925590.499986172,20260909_124516,2,36.843872100,128.092682800,293.6720,0.000225,0.000225,0.000576,10.5431,33.1164,0.0000
1788925590.599986315,20260909_124516,2,36.843871800,128.092682800,293.6360,0.000196,0.000196,0.000484,10.5431,33.0831,0.0000
1788925590.699986219,20260909_124516,2,36.843871200,128.092682600,293.6390,0.000196,0.000196,0.000361,10.5253,33.0165,0.0000
1788925590.799986124,20260909_124516,2,36.843870900,128.092682500,293.6760,0.000196,0.000196,0.000289,10.5164,32.9832,0.0000
1788925590.899986267,20260909_124516,2,36.843870500,128.092682500,293.6670,0.000196,0.000196,0.000289,10.5164,32.9388,0.0000
1788925590.999986172,20260909_124516,2,36.843870100,128.092682500,293.6540,0.000196,0.000196,0.000361,10.5164,32.8944,0.0000
1788925591.099986076,20260909_124516,2,36.843869700,128.092682600,293.6660,0.000196,0.000196,0.000361,10.5253,32.8500,0.0000
1788925591.199986219,20260909_124516,2,36.843869300,128.092682500,293.6810,0.000196,0.000196,0.000324,10.5164,32.8056,0.0000
1788925591.299986124,20260909_124516,2,36.843869100,128.092682400,293.6670,0.000289,0.000289,0.000576,10.5075,32.7835,0.0000
1788925591.399986029,20260909_124516,2,36.843868700,128.092682400,293.6620,0.000361,0.000361,0.000729,10.5075,32.7391,0.0000
1788925591.499986172,20260909_124516,2,36.843868400,128.092682300,293.6830,0.000361,0.000361,0.000729,10.4985,32.7058,0.0000
1788925591.599986076,20260909_124516,2,36.843868000,128.092682300,293.6420,0.000324,0.000324,0.000784,10.4985,32.6614,0.0000
1788925591.699985981,20260909_124516,2,36.843867500,128.092682400,293.6390,0.000361,0.000361,0.000841,10.5075,32.6059,0.0000
1788925591.799986124,20260909_124516,2,36.843867200,128.092682400,293.6550,0.000361,0.000361,0.000784,10.5075,32.5726,0.0000
1788925591.899986029,20260909_124516,2,36.843866900,128.092682300,293.6650,0.000324,0.000324,0.000784,10.4985,32.5393,0.0000
1788925591.999985933,20260909_124516,2,36.843866600,128.092682100,293.6780,0.000361,0.000361,0.000841,10.4807,32.5060,0.0000
1788925592.099986076,20260909_124516,2,36.843866100,128.092682000,293.6890,0.000441,0.000441,0.001024,10.4718,32.4505,0.0000
1788925592.199985981,20260909_124516,2,36.843865600,128.092682100,293.6900,0.000441,0.000441,0.001024,10.4807,32.3950,0.0000
1788925592.299985886,20260909_124516,2,36.843865200,128.092682000,293.7230,0.000324,0.000324,0.000900,10.4718,32.3506,0.0000
1788925592.399986029,20260909_124516,2,36.843864900,128.092682000,293.7120,0.000324,0.000324,0.000961,10.4718,32.3173,0.0000
1788925592.499985933,20260909_124516,2,36.843864500,128.092681900,293.7150,0.000361,0.000361,0.001024,10.4629,32.2729,0.0000
1788925592.599985838,20260909_124516,2,36.843864200,128.092681900,293.7350,0.000361,0.000361,0.001156,10.4629,32.2397,0.0000
1788925592.699985981,20260909_124516,2,36.843863800,128.092681800,293.7160,0.000324,0.000324,0.001024,10.4539,32.1953,0.0000
1788925592.799985886,20260909_124516,2,36.843863500,128.092681800,293.7300,0.000289,0.000289,0.000841,10.4539,32.1620,0.0000
1788925592.899985790,20260909_124516,2,36.843863100,128.092681800,293.7310,0.000289,0.000289,0.000841,10.4539,32.1176,0.0000
1788925592.999985933,20260909_124516,2,36.843862600,128.092681600,293.7230,0.000289,0.000289,0.000900,10.4361,32.0621,0.0000
1788925593.099985838,20260909_124516,2,36.843862300,128.092681600,293.7560,0.000289,0.000289,0.000841,10.4361,32.0288,0.0000
1788925593.199985743,20260909_124516,2,36.843861900,128.092681600,293.7570,0.000289,0.000289,0.000784,10.4361,31.9844,0.0000
1788925593.299985647,20260909_124516,2,36.843861500,128.092681600,293.7310,0.000225,0.000225,0.000625,10.4361,31.9400,0.0000
1788925593.399985790,20260909_124516,2,36.843861100,128.092681600,293.7520,0.000256,0.000256,0.000729,10.4361,31.8956,0.0000
1788925593.499985695,20260909_124516,2,36.843860700,128.092681500,293.7530,0.000256,0.000256,0.000729,10.4272,31.8512,0.0000
1788925593.599985600,20260909_124516,2,36.843860300,128.092681500,293.7460,0.000225,0.000225,0.000625,10.4272,31.8068,0.0000
1788925593.699985743,20260909_124516,2,36.843859900,128.092681500,293.7610,0.000256,0.000256,0.000676,10.4272,31.7624,0.0000
1788925593.799985647,20260909_124516,2,36.843859400,128.092681500,293.7740,0.000256,0.000256,0.000729,10.4272,31.7069,0.0000
1788925593.899985552,20260909_124516,2,36.843858900,128.092681400,293.7700,0.000256,0.000256,0.000625,10.4183,31.6515,0.0000
1788925593.999985695,20260909_124516,2,36.843858600,128.092681300,293.7860,0.000225,0.000225,0.000529,10.4093,31.6182,0.0000
1788925594.099985600,20260909_124516,2,36.843858200,128.092681200,293.7950,0.000225,0.000225,0.000529,10.4004,31.5738,0.0000
1788925594.199985504,20260909_124516,2,36.843857900,128.092681200,293.8020,0.000225,0.000225,0.000625,10.4004,31.5405,0.0000
1788925594.299985647,20260909_124516,2,36.843857300,128.092681100,293.8000,0.000256,0.000256,0.000625,10.3915,31.4739,0.0000
1788925594.399985552,20260909_124516,2,36.843856900,128.092681000,293.7960,0.000256,0.000256,0.000676,10.3826,31.4295,0.0000
1788925594.499985456,20260909_124516,2,36.843856500,128.092680900,293.7920,0.000256,0.000256,0.000576,10.3737,31.3851,0.0000
1788925594.599985600,20260909_124516,2,36.843856000,128.092680800,293.7960,0.000256,0.000256,0.000576,10.3647,31.3296,0.0000
1788925594.699985504,20260909_124516,2,36.843855600,128.092680800,293.8200,0.000225,0.000225,0.000484,10.3647,31.2852,0.0000
1788925594.799985409,20260909_124516,2,36.843855200,128.092680800,293.8300,0.000196,0.000196,0.000400,10.3647,31.2408,0.0000
1788925594.899985552,20260909_124516,2,36.843854800,128.092680700,293.8310,0.000225,0.000225,0.000441,10.3558,31.1964,0.0000
1788925594.999985456,20260909_124516,2,36.843854400,128.092680700,293.8320,0.000225,0.000225,0.000441,10.3558,31.1520,0.0000
1788925595.099985361,20260909_124516,2,36.843853800,128.092680700,293.8170,0.000225,0.000225,0.000441,10.3558,31.0855,0.0000
1788925595.199985504,20260909_124516,2,36.843853400,128.092680600,293.8150,0.000225,0.000225,0.000400,10.3469,31.0411,0.0000
1788925595.299985409,20260909_124516,2,36.843853200,128.092680500,293.8070,0.000196,0.000196,0.000324,10.3380,31.0189,0.0000
1788925595.399985313,20260909_124516,2,36.843852700,128.092680400,293.8170,0.000196,0.000196,0.000256,10.3291,30.9634,0.0000
1788925595.499985456,20260909_124516,2,36.843852400,128.092680500,293.8530,0.000196,0.000196,0.000289,10.3380,30.9301,0.0000
1788925595.599985361,20260909_124516,2,36.843852000,128.092680600,293.8400,0.000196,0.000196,0.000289,10.3469,30.8857,0.0000
1788925595.699985266,20260909_124516,2,36.843851500,128.092680600,293.8320,0.000196,0.000196,0.000256,10.3469,30.8302,0.0000
1788925595.799985409,20260909_124516,2,36.843851200,128.092680400,293.8340,0.000196,0.000196,0.000196,10.3291,30.7969,0.0000
1788925595.899985313,20260909_124516,2,36.843850800,128.092680300,293.8610,0.000196,0.000196,0.000196,10.3201,30.7525,0.0000
1788925595.999985218,20260909_124516,2,36.843850400,128.092680200,293.8480,0.000196,0.000196,0.000256,10.3112,30.7081,0.0000
1788925596.099985361,20260909_124516,2,36.843850000,128.092680100,293.8280,0.000196,0.000196,0.000289,10.3023,30.6637,0.0000
1788925596.199985266,20260909_124516,2,36.843849500,128.092680000,293.8240,0.000196,0.000196,0.000289,10.2934,30.6082,0.0000
1788925596.299985170,20260909_124516,2,36.843849200,128.092679900,293.8240,0.000196,0.000196,0.000484,10.2845,30.5750,0.0000
1788925596.399985313,20260909_124516,2,36.843848800,128.092680000,293.8190,0.000225,0.000225,0.000529,10.2934,30.5306,0.0000
1788925596.499985218,20260909_124516,2,36.843848400,128.092679900,293.8110,0.000225,0.000225,0.000625,10.2845,30.4862,0.0000
1788925596.599985123,20260909_124516,2,36.843848000,128.092679700,293.8210,0.000256,0.000256,0.000625,10.2666,30.4418,0.0000
1788925596.699985266,20260909_124516,2,36.843847500,128.092679800,293.8470,0.000225,0.000225,0.000576,10.2755,30.3863,0.0000
1788925596.799985170,20260909_124516,2,36.843847100,128.092679700,293.8360,0.000225,0.000225,0.000625,10.2666,30.3419,0.0000
1788925596.899985075,20260909_124516,2,36.843846600,128.092679700,293.8460,0.000225,0.000225,0.000576,10.2666,30.2864,0.0000
1788925596.999984980,20260909_124516,2,36.843846200,128.092679700,293.8620,0.000256,0.000256,0.000676,10.2666,30.2420,0.0000
1788925597.099985123,20260909_124516,2,36.843845800,128.092679700,293.8660,0.000256,0.000256,0.000784,10.2666,30.1976,0.0000
1788925597.199985027,20260909_124516,2,36.843845500,128.092679600,293.8560,0.000256,0.000256,0.000729,10.2577,30.1643,0.0000
1788925597.299984932,20260909_124516,2,36.843844900,128.092679700,293.8580,0.000225,0.000225,0.000576,10.2666,30.0977,0.0000
1788925597.399985075,20260909_124516,2,36.843844500,128.092679800,293.8820,0.000256,0.000256,0.000784,10.2755,30.0533,0.0000
1788925597.499984980,20260909_124516,2,36.843844200,128.092679700,293.8870,0.000324,0.000324,0.001024,10.2666,30.0201,0.0000
1788925597.599984884,20260909_124516,2,36.843843800,128.092679500,293.8480,0.000361,0.000361,0.001089,10.2488,29.9757,0.0000
1788925597.699985027,20260909_124516,2,36.843843400,128.092679500,293.8660,0.000324,0.000324,0.001024,10.2488,29.9313,0.0000
1788925597.799984932,20260909_124516,2,36.843843000,128.092679500,293.8740,0.000361,0.000361,0.001089,10.2488,29.8869,0.0000
1788925597.899984837,20260909_124516,2,36.843842500,128.092679400,293.8780,0.000324,0.000324,0.001024,10.2399,29.8314,0.0000
1788925597.999984980,20260909_124516,2,36.843842100,128.092679200,293.8880,0.000324,0.000324,0.001024,10.2220,29.7870,0.0000
1788925598.099984884,20260909_124516,2,36.843841700,128.092679200,293.9100,0.000324,0.000324,0.000961,10.2220,29.7426,0.0000
1788925598.199984789,20260909_124516,2,36.843841300,128.092679100,293.9140,0.000324,0.000324,0.000961,10.2131,29.6982,0.0000
1788925598.299984932,20260909_124516,2,36.843840900,128.092678900,293.8700,0.000324,0.000324,0.000900,10.1953,29.6538,0.0000
1788925598.399984837,20260909_124516,2,36.843840500,128.092678800,293.8550,0.000256,0.000256,0.000625,10.1864,29.6094,0.0000
1788925598.499984741,20260909_124516,2,36.843840200,128.092678700,293.8900,0.000225,0.000225,0.000484,10.1774,29.5761,0.0000
1788925598.599984884,20260909_124516,2,36.843839800,128.092678700,293.9320,0.000225,0.000225,0.000484,10.1774,29.5317,0.0000
1788925598.699984789,20260909_124516,2,36.843839300,128.092678700,293.9250,0.000225,0.000225,0.000484,10.1774,29.4763,0.0000
1788925598.799984694,20260909_124516,2,36.843839000,128.092678600,293.9510,0.000225,0.000225,0.000441,10.1685,29.4430,0.0000
1788925598.899984837,20260909_124516,2,36.843838800,128.092678600,293.9530,0.000225,0.000225,0.000484,10.1685,29.4208,0.0000
1788925598.999984741,20260909_124516,2,36.843838400,128.092678500,293.9470,0.000196,0.000196,0.000400,10.1596,29.3764,0.0000
1788925599.099984646,20260909_124516,2,36.843838000,128.092678400,293.9260,0.000196,0.000196,0.000361,10.1507,29.3320,0.0000
1788925599.199984789,20260909_124516,2,36.843837700,128.092678500,293.9120,0.000225,0.000225,0.000441,10.1596,29.2987,0.0000
1788925599.299984694,20260909_124516,2,36.843837200,128.092678600,293.9850,0.000225,0.000225,0.000529,10.1685,29.2432,0.0000
1788925599.399984598,20260909_124516,2,36.843836700,128.092678600,294.0260,0.000225,0.000225,0.000529,10.1685,29.1877,0.0000
1788925599.499984741,20260909_124516,2,36.843836400,128.092678500,294.0340,0.000225,0.000225,0.000529,10.1596,29.1544,0.0000
1788925599.599984646,20260909_124516,2,36.843835900,128.092678400,294.0250,0.000289,0.000289,0.000676,10.1507,29.0989,0.0000
1788925599.699984550,20260909_124516,2,36.843835400,128.092678400,294.0580,0.000289,0.000289,0.000784,10.1507,29.0434,0.0000
1788925599.799984694,20260909_124516,2,36.843835100,128.092678400,294.0730,0.000256,0.000256,0.000625,10.1507,29.0101,0.0000
1788925599.899984598,20260909_124516,2,36.843834700,128.092678300,294.0920,0.000225,0.000225,0.000625,10.1418,28.9657,0.0000
1788925599.999984503,20260909_124516,2,36.843834300,128.092678200,294.0960,0.000225,0.000225,0.000625,10.1328,28.9214,0.0000
1788925600.099984646,20260909_124516,2,36.843834000,128.092678200,294.1040,0.000225,0.000225,0.000529,10.1328,28.8881,0.0000
1788925600.199984550,20260909_124516,2,36.843833600,128.092678100,294.0900,0.000196,0.000196,0.000441,10.1239,28.8437,0.0000
1788925600.299984455,20260909_124516,2,36.843833200,128.092678100,294.1060,0.000196,0.000196,0.000400,10.1239,28.7993,0.0000
1788925600.399984598,20260909_124516,2,36.843832900,128.092678100,294.1450,0.000196,0.000196,0.000361,10.1239,28.7660,0.0000
1788925600.499984503,20260909_124516,2,36.843832500,128.092678000,294.1190,0.000196,0.000196,0.000361,10.1150,28.7216,0.0000
1788925600.599984407,20260909_124516,2,36.843831900,128.092677900,294.0940,0.000196,0.000196,0.000529,10.1061,28.6550,0.0000
1788925600.699984312,20260909_124516,2,36.843831700,128.092677900,294.1340,0.000196,0.000196,0.000576,10.1061,28.6328,0.0000
1788925600.799984455,20260909_124516,2,36.843831200,128.092677800,294.1680,0.000225,0.000225,0.000676,10.0972,28.5773,0.0000
1788925600.899984360,20260909_124516,2,36.843830700,128.092677600,294.1610,0.000196,0.000196,0.000576,10.0793,28.5218,0.0000
1788925600.999984264,20260909_124516,2,36.843830400,128.092677600,294.1490,0.000196,0.000196,0.000484,10.0793,28.4885,0.0000
1788925601.099984407,20260909_124516,2,36.843830000,128.092677600,294.1680,0.000196,0.000196,0.000400,10.0793,28.4441,0.0000
1788925601.199984312,20260909_124516,2,36.843829500,128.092677500,294.1740,0.000196,0.000196,0.000529,10.0704,28.3887,0.0000
1788925601.299984217,20260909_124516,2,36.843829000,128.092677400,294.1700,0.000196,0.000196,0.000324,10.0615,28.3332,0.0000
1788925601.399984360,20260909_124516,2,36.843828600,128.092677300,294.1800,0.000196,0.000196,0.000400,10.0526,28.2888,0.0000
1788925601.499984264,20260909_124516,2,36.843828300,128.092677300,294.1880,0.000196,0.000196,0.000400,10.0526,28.2555,0.0000
1788925601.599984169,20260909_124516,2,36.843827900,128.092677300,294.1850,0.000196,0.000196,0.000400,10.0526,28.2111,0.0000
1788925601.699984312,20260909_124516,2,36.843827600,128.092677300,294.2080,0.000196,0.000196,0.000324,10.0526,28.1778,0.0000
1788925601.799984217,20260909_124516,2,36.843827200,128.092677200,294.2180,0.000196,0.000196,0.000289,10.0436,28.1334,0.0000
1788925601.899984121,20260909_124516,2,36.843826800,128.092677200,294.2240,0.000196,0.000196,0.000441,10.0436,28.0890,0.0000
1788925601.999984264,20260909_124516,2,36.843826500,128.092677300,294.2330,0.000196,0.000196,0.000441,10.0526,28.0557,0.0000
1788925602.099984169,20260909_124516,2,36.843826100,128.092677400,294.2500,0.000196,0.000196,0.000441,10.0615,28.0113,0.0000
1788925602.199984074,20260909_124516,2,36.843825800,128.092677500,294.2810,0.000196,0.000196,0.000324,10.0704,27.9780,0.0000
1788925602.299984217,20260909_124516,2,36.843825300,128.092677600,294.2850,0.000225,0.000225,0.000441,10.0793,27.9225,0.0000
1788925602.399984121,20260909_124516,2,36.843824900,128.092677700,294.2730,0.000256,0.000256,0.000625,10.0882,27.8781,0.0000
1788925602.499984026,20260909_124516,2,36.843824500,128.092677700,294.2730,0.000256,0.000256,0.000676,10.0882,27.8338,0.0000
1788925602.599984169,20260909_124516,2,36.843824200,128.092677800,294.3010,0.000256,0.000256,0.000625,10.0972,27.8005,0.0000
1788925602.699984074,20260909_124516,2,36.843823800,128.092677900,294.2910,0.000256,0.000256,0.000625,10.1061,27.7561,0.0000
1788925602.799983978,20260909_124516,2,36.843823500,128.092678000,294.2960,0.000256,0.000256,0.000676,10.1150,27.7228,0.0000
1788925602.899984121,20260909_124516,2,36.843823100,128.092678000,294.3030,0.000289,0.000289,0.000729,10.1150,27.6784,0.0000
1788925602.999984026,20260909_124516,2,36.843822600,128.092678100,294.3050,0.000289,0.000289,0.000729,10.1239,27.6229,0.0000
1788925603.099983931,20260909_124516,2,36.843822300,128.092678100,294.2910,0.000289,0.000289,0.000729,10.1239,27.5896,0.0000
1788925603.199984074,20260909_124516,2,36.843822000,128.092678100,294.2810,0.000256,0.000256,0.000676,10.1239,27.5563,0.0000
1788925603.299983978,20260909_124516,2,36.843821600,128.092678100,294.3030,0.000225,0.000225,0.000441,10.1239,27.5119,0.0000
1788925603.399983883,20260909_124516,2,36.843821200,128.092678100,294.3370,0.000225,0.000225,0.000400,10.1239,27.4675,0.0000
1788925603.499984026,20260909_124516,2,36.843820800,128.092678200,294.3500,0.000196,0.000196,0.000324,10.1328,27.4231,0.0000
1788925603.599983931,20260909_124516,2,36.843820300,128.092678200,294.3620,0.000196,0.000196,0.000256,10.1328,27.3676,0.0000
1788925603.699983835,20260909_124516,2,36.843820000,128.092678400,294.3670,0.000196,0.000196,0.000361,10.1507,27.3343,0.0000
1788925603.799983978,20260909_124516,2,36.843819600,128.092678400,294.3830,0.000256,0.000256,0.000529,10.1507,27.2900,0.0000
1788925603.899983883,20260909_124516,2,36.843819100,128.092678500,294.4110,0.000256,0.000256,0.000529,10.1596,27.2345,0.0000
1788925603.999983788,20260909_124516,2,36.843818600,128.092678500,294.4140,0.000256,0.000256,0.000529,10.1596,27.1790,0.0000
1788925604.099983931,20260909_124516,2,36.843818200,128.092678500,294.4120,0.000225,0.000225,0.000441,10.1596,27.1346,0.0000
1788925604.199983835,20260909_124516,2,36.843817800,128.092678500,294.4390,0.000225,0.000225,0.000441,10.1596,27.0902,0.0000
1788925604.299983740,20260909_124516,2,36.843817200,128.092678500,294.4470,0.000225,0.000225,0.000361,10.1596,27.0236,0.0000
1788925604.399983644,20260909_124516,2,36.843816800,128.092678500,294.4500,0.000225,0.000225,0.000361,10.1596,26.9792,0.0000
1788925604.499983788,20260909_124516,2,36.843816500,128.092678600,294.4520,0.000225,0.000225,0.000400,10.1685,26.9459,0.0000
1788925604.599983692,20260909_124516,2,36.843816100,128.092678700,294.4640,0.000225,0.000225,0.000441,10.1774,26.9015,0.0000
1788925604.699983597,20260909_124516,2,36.843815700,128.092678700,294.4750,0.000225,0.000225,0.000441,10.1774,26.8571,0.0000
1788925604.799983740,20260909_124516,2,36.843815400,128.092678700,294.4630,0.000225,0.000225,0.000441,10.1774,26.8238,0.0000
1788925604.899983644,20260909_124516,2,36.843814900,128.092678800,294.4770,0.000225,0.000225,0.000441,10.1864,26.7683,0.0000
1788925604.999983549,20260909_124516,2,36.843814500,128.092678800,294.4970,0.000196,0.000196,0.000361,10.1864,26.7240,0.0000
1788925605.099983692,20260909_124516,2,36.843814200,128.092678800,294.5060,0.000196,0.000196,0.000361,10.1864,26.6907,0.0000
1788925605.199983597,20260909_124516,2,36.843813700,128.092678800,294.5230,0.000196,0.000196,0.000484,10.1864,26.6352,0.0000
1788925605.299983501,20260909_124516,2,36.843813400,128.092678800,294.5200,0.000196,0.000196,0.000441,10.1864,26.6019,0.0000
1788925605.399983644,20260909_124516,2,36.843813000,128.092678800,294.5100,0.000196,0.000196,0.000441,10.1864,26.5575,0.0000
1788925605.499983549,20260909_124516,2,36.843812500,128.092678800,294.5220,0.000196,0.000196,0.000441,10.1864,26.5020,0.0000
1788925605.599983454,20260909_124516,2,36.843812100,128.092678900,294.5590,0.000196,0.000196,0.000361,10.1953,26.4576,0.0000
1788925605.699983597,20260909_124516,2,36.843811700,128.092678900,294.5530,0.000196,0.000196,0.000361,10.1953,26.4132,0.0000
1788925605.799983501,20260909_124516,2,36.843811400,128.092679000,294.5670,0.000196,0.000196,0.000400,10.2042,26.3799,0.0000
1788925605.899983406,20260909_124516,2,36.843811100,128.092679100,294.5590,0.000196,0.000196,0.000441,10.2131,26.3466,0.0000
1788925605.999983549,20260909_124516,2,36.843810600,128.092679000,294.5480,0.000196,0.000196,0.000400,10.2042,26.2911,0.0000
1788925606.099983454,20260909_124516,2,36.843810200,128.092679000,294.5470,0.000196,0.000196,0.000441,10.2042,26.2467,0.0000
1788925606.199983358,20260909_124516,2,36.843809900,128.092679000,294.5730,0.000196,0.000196,0.000361,10.2042,26.2134,0.0000
1788925606.299983501,20260909_124516,2,36.843809500,128.092679100,294.6070,0.000196,0.000196,0.000324,10.2131,26.1691,0.0000
1788925606.399983406,20260909_124516,2,36.843809000,128.092679200,294.6220,0.000196,0.000196,0.000361,10.2220,26.1136,0.0000
1788925606.499983311,20260909_124516,2,36.843808600,128.092679200,294.6010,0.000196,0.000196,0.000361,10.2220,26.0692,0.0000
1788925606.599983454,20260909_124516,2,36.843808200,128.092679100,294.6190,0.000196,0.000196,0.000289,10.2131,26.0248,0.0000
1788925606.699983358,20260909_124516,2,36.843807800,128.092679200,294.6410,0.000196,0.000196,0.000289,10.2220,25.9804,0.0000
1788925606.799983263,20260909_124516,2,36.843807300,128.092679300,294.6440,0.000196,0.000196,0.000324,10.2310,25.9249,0.0000
1788925606.899983406,20260909_124516,2,36.843806900,128.092679300,294.6350,0.000196,0.000196,0.000361,10.2310,25.8805,0.0000
1788925606.999983311,20260909_124516,2,36.843806500,128.092679300,294.6470,0.000196,0.000196,0.000361,10.2310,25.8361,0.0000
1788925607.099983215,20260909_124516,2,36.843806000,128.092679300,294.6790,0.000196,0.000196,0.000400,10.2310,25.7806,0.0000
1788925607.199983358,20260909_124516,2,36.843805700,128.092679300,294.7080,0.000225,0.000225,0.000441,10.2310,25.7473,0.0000
1788925607.299983263,20260909_124516,2,36.843805300,128.092679300,294.7060,0.000256,0.000256,0.000576,10.2310,25.7029,0.0000
1788925607.399983168,20260909_124516,2,36.843804900,128.092679300,294.7160,0.000256,0.000256,0.000625,10.2310,25.6585,0.0000
1788925607.499983311,20260909_124516,2,36.843804600,128.092679400,294.7320,0.000225,0.000225,0.000576,10.2399,25.6253,0.0000
1788925607.599983215,20260909_124516,2,36.843804000,128.092679400,294.7280,0.000256,0.000256,0.000529,10.2399,25.5587,0.0000
1788925607.699983120,20260909_124516,2,36.843803600,128.092679400,294.7400,0.000225,0.000225,0.000484,10.2399,25.5143,0.0000
1788925607.799983263,20260909_124516,2,36.843803200,128.092679500,294.7400,0.000225,0.000225,0.000529,10.2488,25.4699,0.0000
1788925607.899983168,20260909_124516,2,36.843802700,128.092679600,294.7550,0.000256,0.000256,0.000576,10.2577,25.4144,0.0000
1788925607.999983072,20260909_124516,2,36.843802500,128.092679700,294.7720,0.000256,0.000256,0.000676,10.2666,25.3922,0.0000
1788925608.099982977,20260909_124516,2,36.843802100,128.092679700,294.7780,0.000256,0.000256,0.000676,10.2666,25.3478,0.0000
1788925608.199983120,20260909_124516,2,36.843801600,128.092679700,294.7580,0.000289,0.000289,0.000625,10.2666,25.2923,0.0000
1788925608.299983025,20260909_124516,2,36.843801300,128.092679800,294.7710,0.000256,0.000256,0.000484,10.2756,25.2590,0.0000
1788925608.399982929,20260909_124516,2,36.843801000,128.092679900,294.7780,0.000225,0.000225,0.000400,10.2845,25.2257,0.0000
1788925608.499983072,20260909_124516,2,36.843800600,128.092679900,294.7880,0.000225,0.000225,0.000441,10.2845,25.1813,0.0000
1788925608.599982977,20260909_124516,2,36.843800300,128.092680100,294.7950,0.000225,0.000225,0.000441,10.3023,25.1480,0.0000
1788925608.699982882,20260909_124516,2,36.843800000,128.092680300,294.8000,0.000256,0.000256,0.000484,10.3202,25.1147,0.0000
1788925608.799983025,20260909_124516,2,36.843799600,128.092680300,294.7990,0.000289,0.000289,0.000625,10.3202,25.0704,0.0000
1788925608.899982929,20260909_124516,2,36.843799200,128.092680400,294.8140,0.000256,0.000256,0.000529,10.3291,25.0260,0.0000
1788925608.999982834,20260909_124516,2,36.843798800,128.092680400,294.8190,0.000225,0.000225,0.000400,10.3291,24.9816,0.0000
1788925609.099982977,20260909_124516,2,36.843798400,128.092680500,294.8220,0.000196,0.000196,0.000324,10.3380,24.9372,0.0000
1788925609.199982882,20260909_124516,2,36.843797900,128.092680500,294.8350,0.000225,0.000225,0.000361,10.3380,24.8817,0.0000
1788925609.299982786,20260909_124516,2,36.843797400,128.092680600,294.8450,0.000225,0.000225,0.000361,10.3469,24.8262,0.0000
1788925609.399982929,20260909_124516,2,36.843797000,128.092680700,294.8600,0.000225,0.000225,0.000361,10.3558,24.7818,0.0000
1788925609.499982834,20260909_124516,2,36.843796500,128.092680800,294.8660,0.000225,0.000225,0.000400,10.3648,24.7263,0.0000
1788925609.599982738,20260909_124516,2,36.843796100,128.092680900,294.8720,0.000225,0.000225,0.000400,10.3737,24.6819,0.0000
1788925609.699982882,20260909_124516,2,36.843795600,128.092681000,294.8800,0.000196,0.000196,0.000361,10.3826,24.6264,0.0000
1788925609.799982786,20260909_124516,2,36.843795100,128.092681000,294.8800,0.000196,0.000196,0.000361,10.3826,24.5709,0.0000
1788925609.899982691,20260909_124516,2,36.843794700,128.092681000,294.8940,0.000196,0.000196,0.000324,10.3826,24.5266,0.0000
1788925609.999982834,20260909_124516,2,36.843794300,128.092681100,294.9010,0.000196,0.000196,0.000324,10.3915,24.4822,0.0000
1788925610.099982738,20260909_124516,2,36.843793800,128.092681200,294.9170,0.000196,0.000196,0.000361,10.4004,24.4267,0.0000
1788925610.199982643,20260909_124516,2,36.843793400,128.092681300,294.9020,0.000225,0.000225,0.000441,10.4094,24.3823,0.0000
1788925610.299982786,20260909_124516,2,36.843792900,128.092681300,294.8930,0.000256,0.000256,0.000576,10.4094,24.3268,0.0000
1788925610.399982691,20260909_124516,2,36.843792400,128.092681300,294.9180,0.000256,0.000256,0.000529,10.4094,24.2713,0.0000
1788925610.499982595,20260909_124516,2,36.843791800,128.092681400,294.9060,0.000289,0.000289,0.000625,10.4183,24.2047,0.0000
1788925610.599982738,20260909_124516,2,36.843791400,128.092681500,294.9040,0.000289,0.000289,0.000576,10.4272,24.1603,0.0000
1788925610.699982643,20260909_124516,2,36.843790900,128.092681600,294.9180,0.000256,0.000256,0.000576,10.4361,24.1048,0.0000
1788925610.799982548,20260909_124516,2,36.843790400,128.092681600,294.9240,0.000324,0.000324,0.000676,10.4361,24.0493,0.0000
1788925610.899982691,20260909_124516,2,36.843790000,128.092681800,294.9450,0.000324,0.000324,0.000729,10.4540,24.0050,0.0000
1788925610.999982595,20260909_124516,2,36.843789500,128.092681900,294.9330,0.000324,0.000324,0.000729,10.4629,23.9495,0.0000
1788925611.099982500,20260909_124516,2,36.843789100,128.092682000,294.9250,0.000324,0.000324,0.000676,10.4718,23.9051,0.0000
1788925611.199982643,20260909_124516,2,36.843788700,128.092682100,294.9480,0.000324,0.000324,0.000676,10.4807,23.8607,0.0000
1788925611.299982548,20260909_124516,2,36.843788200,128.092682300,294.9690,0.000225,0.000225,0.000484,10.4986,23.8052,0.0000
1788925611.399982452,20260909_124516,2,36.843787800,128.092682500,294.9650,0.000225,0.000225,0.000441,10.5164,23.7608,0.0000
1788925611.499982595,20260909_124516,2,36.843787200,128.092682600,294.9830,0.000225,0.000225,0.000484,10.5253,23.6942,0.0000
1788925611.599982500,20260909_124516,2,36.843786800,128.092682700,294.9960,0.000289,0.000289,0.000625,10.5342,23.6498,0.0000
1788925611.699982405,20260909_124516,2,36.843786200,128.092682800,295.0000,0.000289,0.000289,0.000676,10.5432,23.5832,0.0000
1788925611.799982309,20260909_124516,2,36.843785800,128.092683000,295.0040,0.000324,0.000324,0.000729,10.5610,23.5388,0.0000
1788925611.899982452,20260909_124516,2,36.843785300,128.092683100,294.9950,0.000289,0.000289,0.000676,10.5699,23.4833,0.0000
1788925611.999982357,20260909_124516,2,36.843784800,128.092683200,294.9950,0.000289,0.000289,0.000676,10.5788,23.4279,0.0000
1788925612.099982262,20260909_124516,2,36.843784300,128.092683400,295.0080,0.000289,0.000289,0.000625,10.5967,23.3724,0.0000
1788925612.199982405,20260909_124516,2,36.843783800,128.092683300,295.0190,0.000289,0.000289,0.000676,10.5878,23.3169,0.0000
1788925612.299982309,20260909_124516,2,36.843783400,128.092683400,295.0110,0.000324,0.000324,0.000729,10.5967,23.2725,0.0000
1788925612.399982214,20260909_124516,2,36.843782900,128.092683600,295.0420,0.000225,0.000225,0.000484,10.6145,23.2170,0.0000
1788925612.499982357,20260909_124516,2,36.843782600,128.092683800,295.0430,0.000196,0.000196,0.000441,10.6323,23.1837,0.0000
1788925612.599982262,20260909_124516,2,36.843782100,128.092683900,295.0320,0.000196,0.000196,0.000400,10.6413,23.1282,0.0000
1788925612.699982166,20260909_124516,2,36.843781600,128.092684100,295.0460,0.000196,0.000196,0.000484,10.6591,23.0727,0.0000
1788925612.799982309,20260909_124516,2,36.843781200,128.092684200,295.0550,0.000225,0.000225,0.000484,10.6680,23.0283,0.0000
1788925612.899982214,20260909_124516,2,36.843780700,128.092684300,295.0540,0.000196,0.000196,0.000441,10.6769,22.9728,0.0000
1788925612.999982119,20260909_124516,2,36.843780200,128.092684500,295.0560,0.000196,0.000196,0.000361,10.6948,22.9173,0.0000
1788925613.099982262,20260909_124516,2,36.843779800,128.092684700,295.0610,0.000196,0.000196,0.000361,10.7126,22.8730,0.0000
1788925613.199982166,20260909_124516,2,36.843779300,128.092684800,295.0770,0.000196,0.000196,0.000361,10.7215,22.8175,0.0000
1788925613.299982071,20260909_124516,2,36.843778900,128.092685100,295.0830,0.000196,0.000196,0.000256,10.7483,22.7731,0.0000
1788925613.399982214,20260909_124516,2,36.843778500,128.092685200,295.0920,0.000196,0.000196,0.000225,10.7572,22.7287,0.0000
1788925613.499982119,20260909_124516,2,36.843777900,128.092685300,295.0900,0.000196,0.000196,0.000196,10.7661,22.6621,0.0000
1788925613.599982023,20260909_124516,2,36.843777500,128.092685400,295.1010,0.000196,0.000196,0.000169,10.7751,22.6177,0.0000
1788925613.699982166,20260909_124516,2,36.843777000,128.092685500,295.1100,0.000196,0.000196,0.000196,10.7840,22.5622,0.0000
1788925613.799982071,20260909_124516,2,36.843776600,128.092685600,295.1080,0.000196,0.000196,0.000196,10.7929,22.5178,0.0000
1788925613.899981976,20260909_124516,2,36.843776100,128.092685700,295.0970,0.000196,0.000196,0.000196,10.8018,22.4623,0.0000
1788925613.999982119,20260909_124516,2,36.843775700,128.092685700,295.1030,0.000196,0.000196,0.000196,10.8018,22.4179,0.0000
1788925614.099982023,20260909_124516,2,36.843775300,128.092685900,295.1110,0.000196,0.000196,0.000169,10.8197,22.3735,0.0000
1788925614.199981928,20260909_124516,2,36.843774700,128.092686000,295.1260,0.000196,0.000196,0.000225,10.8286,22.3070,0.0000
1788925614.299982071,20260909_124516,2,36.843774400,128.092686100,295.1270,0.000196,0.000196,0.000225,10.8375,22.2737,0.0000
1788925614.399981976,20260909_124516,2,36.843773900,128.092686300,295.1270,0.000196,0.000196,0.000196,10.8553,22.2182,0.0000
1788925614.499981880,20260909_124516,2,36.843773400,128.092686400,295.1340,0.000196,0.000196,0.000196,10.8643,22.1627,0.0000
1788925614.599982023,20260909_124516,2,36.843773000,128.092686500,295.1400,0.000196,0.000196,0.000256,10.8732,22.1183,0.0000
1788925614.699981928,20260909_124516,2,36.843772600,128.092686700,295.1430,0.000196,0.000196,0.000225,10.8910,22.0739,0.0000
1788925614.799981833,20260909_124516,2,36.843772100,128.092686900,295.1390,0.000196,0.000196,0.000225,10.9089,22.0184,0.0000
1788925614.899981976,20260909_124516,2,36.843771700,128.092687000,295.1410,0.000196,0.000196,0.000225,10.9178,21.9740,0.0000
1788925614.999981880,20260909_124516,2,36.843771300,128.092687100,295.1490,0.000196,0.000196,0.000256,10.9267,21.9296,0.0000
1788925615.099981785,20260909_124516,2,36.843770900,128.092687300,295.1470,0.000196,0.000196,0.000256,10.9445,21.8852,0.0000
1788925615.199981928,20260909_124516,2,36.843770500,128.092687400,295.1690,0.000196,0.000196,0.000256,10.9535,21.8408,0.0000
1788925615.299981833,20260909_124516,2,36.843770100,128.092687500,295.1780,0.000196,0.000196,0.000324,10.9624,21.7965,0.0000
1788925615.399981737,20260909_124516,2,36.843769600,128.092687800,295.1750,0.000196,0.000196,0.000289,10.9891,21.7410,0.0000
1788925615.499981642,20260909_124516,2,36.843769200,128.092688000,295.1710,0.000196,0.000196,0.000361,11.0070,21.6966,0.0000
1788925615.599981785,20260909_124516,2,36.843768800,128.092688100,295.1730,0.000196,0.000196,0.000361,11.0159,21.6522,0.0000
1788925615.699981689,20260909_124516,2,36.843768300,128.092688200,295.1960,0.000196,0.000196,0.000324,11.0248,21.5967,0.0000
1788925615.799981594,20260909_124516,2,36.843767900,128.092688300,295.2010,0.000196,0.000196,0.000361,11.0337,21.5523,0.0000
1788925615.899981737,20260909_124516,2,36.843767600,128.092688500,295.2050,0.000196,0.000196,0.000400,11.0516,21.5190,0.0000
1788925615.999981642,20260909_124516,2,36.843767100,128.092688800,295.2000,0.000196,0.000196,0.000324,11.0783,21.4635,0.0000
1788925616.099981546,20260909_124516,2,36.843766700,128.092688900,295.2030,0.000196,0.000196,0.000324,11.0873,21.4191,0.0000
1788925616.199981689,20260909_124516,2,36.843766300,128.092689100,295.2210,0.000196,0.000196,0.000361,11.1051,21.3747,0.0000
1788925616.299981594,20260909_124516,2,36.843765900,128.092689300,295.2020,0.000196,0.000196,0.000441,11.1229,21.3303,0.0000
1788925616.399981499,20260909_124516,2,36.843765500,128.092689600,295.1910,0.000196,0.000196,0.000484,11.1497,21.2859,0.0000
1788925616.499981642,20260909_124516,2,36.843765100,128.092689800,295.1990,0.000196,0.000196,0.000400,11.1675,21.2416,0.0000
1788925616.599981546,20260909_124516,2,36.843764700,128.092690000,295.2130,0.000196,0.000196,0.000324,11.1854,21.1972,0.0000
1788925616.699981451,20260909_124516,2,36.843764300,128.092690200,295.2310,0.000196,0.000196,0.000256,11.2032,21.1528,0.0000
1788925616.799981594,20260909_124516,2,36.843763900,128.092690400,295.2170,0.000196,0.000196,0.000225,11.2211,21.1084,0.0000
1788925616.899981499,20260909_124516,2,36.843763400,128.092690600,295.2320,0.000196,0.000196,0.000324,11.2389,21.0529,0.0000
1788925616.999981403,20260909_124516,2,36.843763000,128.092690800,295.2280,0.000196,0.000196,0.000324,11.2567,21.0085,0.0000
1788925617.099981546,20260909_124516,2,36.843762600,128.092691000,295.2170,0.000196,0.000196,0.000324,11.2746,20.9641,0.0000
1788925617.199981451,20260909_124516,2,36.843762100,128.092691100,295.2330,0.000196,0.000196,0.000256,11.2835,20.9086,0.0000
1788925617.299981356,20260909_124516,2,36.843761700,128.092691300,295.2490,0.000196,0.000196,0.000289,11.3013,20.8642,0.0000
1788925617.399981499,20260909_124516,2,36.843761400,128.092691500,295.2620,0.000196,0.000196,0.000256,11.3192,20.8309,0.0000
1788925617.499981403,20260909_124516,2,36.843760900,128.092691700,295.2630,0.000196,0.000196,0.000225,11.3370,20.7754,0.0000
1788925617.599981308,20260909_124516,2,36.843760400,128.092691800,295.2580,0.000196,0.000196,0.000256,11.3459,20.7199,0.0000
1788925617.699981451,20260909_124516,2,36.843760000,128.092692000,295.2700,0.000196,0.000196,0.000289,11.3638,20.6756,0.0000
1788925617.799981356,20260909_124516,2,36.843759500,128.092692300,295.2780,0.000196,0.000196,0.000256,11.3905,20.6201,0.0000
1788925617.899981260,20260909_124516,2,36.843759100,128.092692400,295.2920,0.000196,0.000196,0.000289,11.3995,20.5757,0.0000
1788925617.999981403,20260909_124516,2,36.843758600,128.092692600,295.2960,0.000196,0.000196,0.000289,11.4173,20.5202,0.0000
1788925618.099981308,20260909_124516,2,36.843758100,128.092692900,295.2940,0.000196,0.000196,0.000256,11.4441,20.4647,0.0000
1788925618.199981213,20260909_124516,2,36.843757700,128.092693200,295.3020,0.000196,0.000196,0.000256,11.4708,20.4203,0.0000
1788925618.299981356,20260909_124516,2,36.843757200,128.092693400,295.2950,0.000196,0.000196,0.000441,11.4886,20.3648,0.0000
1788925618.399981260,20260909_124516,2,36.843756800,128.092693600,295.3020,0.000225,0.000225,0.000576,11.5065,20.3204,0.0000
1788925618.499981165,20260909_124516,2,36.843756300,128.092693800,295.3180,0.000225,0.000225,0.000576,11.5243,20.2649,0.0000
1788925618.599981308,20260909_124516,2,36.843755800,128.092694000,295.3090,0.000196,0.000196,0.000529,11.5422,20.2094,0.0000
1788925618.699981213,20260909_124516,2,36.843755300,128.092694100,295.3170,0.000196,0.000196,0.000484,11.5511,20.1540,0.0000
1788925618.799981117,20260909_124516,2,36.843754900,128.092694400,295.3170,0.000196,0.000196,0.000484,11.5778,20.1096,0.0000
1788925618.899981260,20260909_124516,2,36.843754400,128.092694500,295.3220,0.000225,0.000225,0.000576,11.5868,20.0541,0.0000
1788925618.999981165,20260909_124516,2,36.843753800,128.092694700,295.3250,0.000225,0.000225,0.000576,11.6046,19.9875,0.0000
1788925619.099981070,20260909_124516,2,36.843753400,128.092694800,295.3230,0.000225,0.000225,0.000576,11.6135,19.9431,0.0000
1788925619.199980974,20260909_124516,2,36.843753000,128.092695000,295.3290,0.000196,0.000196,0.000484,11.6314,19.8987,0.0000
1788925619.299981117,20260909_124516,2,36.843752600,128.092695300,295.2900,0.000196,0.000196,0.000529,11.6581,19.8543,0.0000
1788925619.399981022,20260909_124516,2,36.843752300,128.092695500,295.3070,0.000196,0.000196,0.000441,11.6760,19.8210,0.0000
1788925619.499980927,20260909_124516,2,36.843751800,128.092695600,295.3170,0.000196,0.000196,0.000400,11.6849,19.7655,0.0000
1788925619.599981070,20260909_124516,2,36.843751400,128.092695800,295.3180,0.000196,0.000196,0.000400,11.7027,19.7211,0.0000
1788925619.699980974,20260909_124516,2,36.843751000,128.092696000,295.3250,0.000196,0.000196,0.000441,11.7206,19.6767,0.0000
1788925619.799980879,20260909_124516,2,36.843750500,128.092696200,295.3290,0.000196,0.000196,0.000400,11.7384,19.6212,0.0000
1788925619.899981022,20260909_124516,2,36.843750100,128.092696400,295.3410,0.000196,0.000196,0.000324,11.7562,19.5769,0.0000
1788925619.999980927,20260909_124516,2,36.843749600,128.092696700,295.3390,0.000196,0.000196,0.000324,11.7830,19.5214,0.0000
1788925620.099980831,20260909_124516,2,36.843749200,128.092696800,295.3430,0.000196,0.000196,0.000225,11.7919,19.4770,0.0000
1788925620.199980974,20260909_124516,2,36.843748800,128.092697000,295.3270,0.000196,0.000196,0.000196,11.8098,19.4326,0.0000
1788925620.299980879,20260909_124516,2,36.843748300,128.092697200,295.3350,0.000196,0.000196,0.000400,11.8276,19.3771,0.0000
1788925620.399980783,20260909_124516,2,36.843747900,128.092697400,295.3380,0.000196,0.000196,0.000529,11.8454,19.3327,0.0000
1788925620.499980927,20260909_124516,2,36.843747500,128.092697700,295.3420,0.000196,0.000196,0.000484,11.8722,19.2883,0.0000
1788925620.599980831,20260909_124516,2,36.843747100,128.092697800,295.3530,0.000196,0.000196,0.000400,11.8811,19.2439,0.0000
1788925620.699980736,20260909_124516,2,36.843746600,128.092697900,295.3580,0.000196,0.000196,0.000441,11.8900,19.1884,0.0000
1788925620.799980879,20260909_124516,2,36.843746200,128.092698100,295.3610,0.000196,0.000196,0.000441,11.9079,19.1440,0.0000
1788925620.899980783,20260909_124516,2,36.843745800,128.092698400,295.3710,0.000196,0.000196,0.000484,11.9346,19.0996,0.0000
1788925620.999980688,20260909_124516,2,36.843745300,128.092698700,295.3800,0.000256,0.000256,0.000625,11.9614,19.0442,0.0000
1788925621.099980831,20260909_124516,2,36.843744900,128.092698900,295.3690,0.000225,0.000225,0.000576,11.9792,18.9998,0.0000
1788925621.199980736,20260909_124516,2,36.843744400,128.092699000,295.3770,0.000225,0.000225,0.000576,11.9882,18.9443,0.0000
1788925621.299980640,20260909_124516,2,36.843743900,128.092699200,295.4000,0.000289,0.000289,0.000729,12.0060,18.8888,0.0000
1788925621.399980783,20260909_124516,2,36.843743500,128.092699500,295.4030,0.000289,0.000289,0.000729,12.0328,18.8444,0.0000
1788925621.499980688,20260909_124516,2,36.843743100,128.092699800,295.3940,0.000256,0.000256,0.000625,12.0595,18.8000,0.0000
1788925621.599980593,20260909_124516,2,36.843742600,128.092700000,295.3960,0.000196,0.000196,0.000529,12.0774,18.7445,0.0000
1788925621.699980736,20260909_124516,2,36.843742100,128.092700100,295.4030,0.000225,0.000225,0.000576,12.0863,18.6890,0.0000
1788925621.799980640,20260909_124516,2,36.843741700,128.092700400,295.4050,0.000225,0.000225,0.000576,12.1130,18.6446,0.0000
1788925621.899980545,20260909_124516,2,36.843741200,128.092700700,295.4130,0.000196,0.000196,0.000529,12.1398,18.5891,0.0000
1788925621.999980688,20260909_124516,2,36.843740800,128.092700800,295.4270,0.000196,0.000196,0.000529,12.1487,18.5447,0.0000
1788925622.099980593,20260909_124516,2,36.843740300,128.092701000,295.4250,0.000256,0.000256,0.000676,12.1666,18.4893,0.0000
1788925622.199980497,20260909_124516,2,36.843739800,128.092701200,295.4430,0.000361,0.000361,0.000900,12.1844,18.4338,0.0000
1788925622.299980640,20260909_124516,2,36.843739300,128.092701500,295.4410,0.000324,0.000324,0.000841,12.2112,18.3783,0.0000
1788925622.399980545,20260909_124516,2,36.843738700,128.092701700,295.4510,0.000196,0.000196,0.000529,12.2290,18.3117,0.0000
1788925622.499980450,20260909_124516,2,36.843738300,128.092701900,295.4560,0.000196,0.000196,0.000441,12.2468,18.2673,0.0000
1788925622.599980593,20260909_124516,2,36.843737900,128.092702200,295.4490,0.000196,0.000196,0.000529,12.2736,18.2229,0.0000
1788925622.699980497,20260909_124516,2,36.843737400,128.092702400,295.4570,0.000196,0.000196,0.000484,12.2914,18.1674,0.0000
1788925622.799980402,20260909_124516,2,36.843737000,128.092702700,295.4540,0.000196,0.000196,0.000400,12.3182,18.1230,0.0000
1788925622.899980307,20260909_124516,2,36.843736500,128.092702800,295.4770,0.000196,0.000196,0.000529,12.3271,18.0675,0.0000
1788925622.999980450,20260909_124516,2,36.843736000,128.092703000,295.4960,0.000225,0.000225,0.000576,12.3450,18.0120,0.0000
1788925623.099980354,20260909_124516,2,36.843735500,128.092703300,295.4810,0.000225,0.000225,0.000576,12.3717,17.9566,0.0000
1788925623.199980259,20260909_124516,2,36.843735100,128.092703500,295.4770,0.000225,0.000225,0.000676,12.3895,17.9122,0.0000
1788925623.299980402,20260909_124516,2,36.843734600,128.092703700,295.4820,0.000225,0.000225,0.000576,12.4074,17.8567,0.0000
1788925623.399980307,20260909_124516,2,36.843734100,128.092704100,295.4760,0.000196,0.000196,0.000441,12.4431,17.8012,0.0000
1788925623.499980211,20260909_124516,2,36.843733600,128.092704200,295.4820,0.000196,0.000196,0.000361,12.4520,17.7457,0.0000
1788925623.599980354,20260909_124516,2,36.843733100,128.092704500,295.4910,0.000196,0.000196,0.000225,12.4787,17.6902,0.0000
1788925623.699980259,20260909_124516,2,36.843732600,128.092704700,295.4870,0.000196,0.000196,0.000289,12.4966,17.6347,0.0000
1788925623.799980164,20260909_124516,2,36.843732100,128.092705000,295.4900,0.000196,0.000196,0.000289,12.5233,17.5792,0.0000
1788925623.899980307,20260909_124516,2,36.843731600,128.092705100,295.5030,0.000196,0.000196,0.000289,12.5323,17.5237,0.0000
1788925623.999980211,20260909_124516,2,36.843731100,128.092705200,295.5160,0.000196,0.000196,0.000324,12.5412,17.4682,0.0000
1788925624.099980116,20260909_124516,2,36.843730700,128.092705500,295.5290,0.000196,0.000196,0.000361,12.5679,17.4238,0.0000
1788925624.199980259,20260909_124516,2,36.843730300,128.092705700,295.5120,0.000196,0.000196,0.000289,12.5858,17.3795,0.0000
1788925624.299980164,20260909_124516,2,36.843729800,128.092705900,295.5010,0.000196,0.000196,0.000324,12.6036,17.3240,0.0000
1788925624.399980068,20260909_124516,2,36.843729300,128.092706100,295.4950,0.000225,0.000225,0.000576,12.6215,17.2685,0.0000
1788925624.499980211,20260909_124516,2,36.843728800,128.092706200,295.5110,0.000256,0.000256,0.000625,12.6304,17.2130,0.0000
1788925624.599980116,20260909_124516,2,36.843728200,128.092706500,295.5040,0.000361,0.000361,0.000961,12.6571,17.1464,0.0000
1788925624.699980021,20260909_124516,2,36.843727800,128.092706700,295.5230,0.000289,0.000289,0.000729,12.6750,17.1020,0.0000
1788925624.799980164,20260909_124516,2,36.843727300,128.092706900,295.5230,0.000256,0.000256,0.000676,12.6928,17.0465,0.0000
1788925624.899980068,20260909_124516,2,36.843726800,128.092707100,295.5380,0.000225,0.000225,0.000625,12.7107,16.9910,0.0000
1788925624.999979973,20260909_124516,2,36.843726400,128.092707300,295.5250,0.000225,0.000225,0.000625,12.7285,16.9466,0.0000
1788925625.099980116,20260909_124516,2,36.843726100,128.092707500,295.5240,0.000256,0.000256,0.000625,12.7463,16.9133,0.0000
1788925625.199980021,20260909_124516,2,36.843725600,128.092707700,295.5440,0.000289,0.000289,0.000729,12.7642,16.8579,0.0000
1788925625.299979925,20260909_124516,2,36.843725200,128.092708000,295.5150,0.000289,0.000289,0.000676,12.7909,16.8135,0.0000
1788925625.399980068,20260909_124516,2,36.843724800,128.092708200,295.5340,0.000225,0.000225,0.000576,12.8088,16.7691,0.0000
1788925625.499979973,20260909_124516,2,36.843724200,128.092708300,295.5570,0.000225,0.000225,0.000529,12.8177,16.7025,0.0000
1788925625.599979877,20260909_124516,2,36.843723700,128.092708500,295.5480,0.000196,0.000196,0.000484,12.8355,16.6470,0.0000
1788925625.699980021,20260909_124516,2,36.843723400,128.092708800,295.5380,0.000225,0.000225,0.000529,12.8623,16.6137,0.0000
1788925625.799979925,20260909_124516,2,36.843722800,128.092709000,295.5310,0.000225,0.000225,0.000529,12.8801,16.5471,0.0000
1788925625.899979830,20260909_124516,2,36.843722400,128.092709100,295.5550,0.000225,0.000225,0.000484,12.8891,16.5027,0.0000
1788925625.999979973,20260909_124516,2,36.843721900,128.092709300,295.5500,0.000256,0.000256,0.000625,12.9069,16.4472,0.0000
1788925626.099979877,20260909_124516,2,36.843721400,128.092709500,295.5470,0.000289,0.000289,0.000729,12.9247,16.3917,0.0000
1788925626.199979782,20260909_124516,2,36.843720800,128.092709600,295.5750,0.000256,0.000256,0.000576,12.9337,16.3251,0.0000
1788925626.299979687,20260909_124516,2,36.843720300,128.092709900,295.5710,0.000196,0.000196,0.000361,12.9604,16.2697,0.0000
1788925626.399979830,20260909_124516,2,36.843719900,128.092710100,295.5750,0.000196,0.000196,0.000400,12.9783,16.2253,0.0000
1788925626.499979734,20260909_124516,2,36.843719300,128.092710300,295.5930,0.000196,0.000196,0.000361,12.9961,16.1587,0.0000
1788925626.599979639,20260909_124516,2,36.843718900,128.092710300,295.6040,0.000196,0.000196,0.000484,12.9961,16.1143,0.0000
1788925626.699979782,20260909_124516,2,36.843718400,128.092710600,295.5850,0.000196,0.000196,0.000441,13.0229,16.0588,0.0000
1788925626.799979687,20260909_124516,2,36.843717900,128.092710800,295.5960,0.000196,0.000196,0.000400,13.0407,16.0033,0.0000
1788925626.899979591,20260909_124516,2,36.843717400,128.092711100,295.6010,0.000196,0.000196,0.000324,13.0675,15.9478,0.0000
1788925626.999979734,20260909_124516,2,36.843716900,128.092711200,295.5950,0.000196,0.000196,0.000256,13.0764,15.8923,0.0000
1788925627.099979639,20260909_124516,2,36.843716500,128.092711400,295.6070,0.000196,0.000196,0.000256,13.0942,15.8479,0.0000
1788925627.199979544,20260909_124516,2,36.843716000,128.092711700,295.5900,0.000196,0.000196,0.000196,13.1210,15.7924,0.0000
1788925627.299979687,20260909_124516,2,36.843715500,128.092711700,295.6070,0.000196,0.000196,0.000289,13.1210,15.7370,0.0000
1788925627.399979591,20260909_124516,2,36.843715000,128.092712100,295.6040,0.000196,0.000196,0.000324,13.1567,15.6815,0.0000
1788925627.499979496,20260909_124516,2,36.843714600,128.092712200,295.5970,0.000196,0.000196,0.000361,13.1656,15.6371,0.0000
1788925627.599979639,20260909_124516,2,36.843714100,128.092712500,295.6270,0.000196,0.000196,0.000324,13.1923,15.5816,0.0000
1788925627.699979544,20260909_124516,2,36.843713600,128.092712800,295.6150,0.000196,0.000196,0.000324,13.2191,15.5261,0.0000
1788925627.799979448,20260909_124516,2,36.843713200,128.092713000,295.6060,0.000196,0.000196,0.000256,13.2369,15.4817,0.0000
1788925627.899979591,20260909_124516,2,36.843712700,128.092713200,295.6100,0.000196,0.000196,0.000289,13.2548,15.4262,0.0000
1788925627.999979496,20260909_124516,2,36.843712200,128.092713200,295.6110,0.000196,0.000196,0.000225,13.2548,15.3707,0.0000
1788925628.099979401,20260909_124516,2,36.843711800,128.092713300,295.6200,0.000196,0.000196,0.000196,13.2637,15.3263,0.0000
1788925628.199979544,20260909_124516,2,36.843711400,128.092713500,295.6160,0.000196,0.000196,0.000169,13.2815,15.2819,0.0000
1788925628.299979448,20260909_124516,2,36.843710800,128.092713700,295.6150,0.000196,0.000196,0.000256,13.2994,15.2154,0.0000
1788925628.399979353,20260909_124516,2,36.843710500,128.092714100,295.5880,0.000196,0.000196,0.000400,13.3350,15.1821,0.0000
1788925628.499979496,20260909_124516,2,36.843710000,128.092714300,295.6070,0.000196,0.000196,0.000400,13.3529,15.1266,0.0000
1788925628.599979401,20260909_124516,2,36.843709300,128.092714300,295.6250,0.000196,0.000196,0.000441,13.3529,15.0489,0.0000
1788925628.699979305,20260909_124516,2,36.843708900,128.092714400,295.6280,0.000196,0.000196,0.000400,13.3618,15.0045,0.0000
1788925628.799979448,20260909_124516,2,36.843708400,128.092714600,295.6330,0.000196,0.000196,0.000400,13.3796,14.9490,0.0000
1788925628.899979353,20260909_124516,2,36.843708000,128.092714800,295.6290,0.000196,0.000196,0.000400,13.3975,14.9046,0.0000
1788925628.999979258,20260909_124516,2,36.843707600,128.092715100,295.6290,0.000196,0.000196,0.000400,13.4242,14.8602,0.0000
1788925629.099979401,20260909_124516,2,36.843707200,128.092715300,295.6360,0.000196,0.000196,0.000484,13.4421,14.8158,0.0000
1788925629.199979305,20260909_124516,2,36.843706700,128.092715500,295.6470,0.000196,0.000196,0.000484,13.4599,14.7603,0.0000
1788925629.299979210,20260909_124516,2,36.843706400,128.092715800,295.6210,0.000196,0.000196,0.000361,13.4867,14.7270,0.0000
1788925629.399979115,20260909_124516,2,36.843705900,128.092716000,295.6380,0.000196,0.000196,0.000289,13.5045,14.6716,0.0000
1788925629.499979258,20260909_124516,2,36.843705300,128.092716200,295.6630,0.000196,0.000196,0.000225,13.5224,14.6050,0.0000
1788925629.599979162,20260909_124516,2,36.843704800,128.092716300,295.6340,0.000196,0.000196,0.000256,13.5313,14.5495,0.0000
1788925629.699979067,20260909_124516,2,36.843704400,128.092716700,295.6330,0.000196,0.000196,0.000361,13.5670,14.5051,0.0000
1788925629.799979210,20260909_124516,2,36.843703900,128.092716900,295.6520,0.000196,0.000196,0.000196,13.5848,14.4496,0.0000
1788925629.999979019,20260909_124516,2,36.843702900,128.092717400,295.6490,0.000196,0.000196,0.000361,13.6294,14.3386,0.0000
1788925630.099979162,20260909_124516,2,36.843702400,128.092717600,295.6560,0.000196,0.000196,0.000324,13.6472,14.2831,0.0000
1788925630.199979067,20260909_124516,2,36.843702000,128.092717600,295.6740,0.000196,0.000196,0.000289,13.6472,14.2387,0.0000
1788925630.299978971,20260909_124516,2,36.843701500,128.092717900,295.7110,0.000196,0.000196,0.000441,13.6740,14.1832,0.0000
1788925630.399979115,20260909_124516,2,36.843701100,128.092718000,295.7230,0.000196,0.000196,0.000484,13.6829,14.1388,0.0000
1788925630.499979019,20260909_124516,2,36.843700600,128.092718300,295.7150,0.000225,0.000225,0.000529,13.7097,14.0834,0.0000
1788925630.599978924,20260909_124516,2,36.843700200,128.092718600,295.7000,0.000256,0.000256,0.000729,13.7364,14.0390,0.0000
1788925630.699979067,20260909_124516,2,36.843699500,128.092718600,295.7190,0.000256,0.000256,0.000729,13.7364,13.9613,0.0000
1788925630.799978971,20260909_124516,2,36.843699000,128.092719000,295.7120,0.000225,0.000225,0.000576,13.7721,13.9058,0.0000
1788925630.899978876,20260909_124516,2,36.843698600,128.092719300,295.7100,0.000225,0.000225,0.000576,13.7989,13.8614,0.0000
1788925630.999979019,20260909_124516,2,36.843698100,128.092719600,295.7050,0.000225,0.000225,0.000625,13.8256,13.8059,0.0000
1788925631.099978924,20260909_124516,2,36.843697600,128.092719800,295.6970,0.000324,0.000324,0.000841,13.8435,13.7504,0.0000
1788925631.199978828,20260909_124516,2,36.843697200,128.092720000,295.7200,0.000324,0.000324,0.000900,13.8613,13.7060,0.0000
1788925631.299978971,20260909_124516,2,36.843696700,128.092720100,295.7120,0.000196,0.000196,0.000484,13.8702,13.6505,0.0000
1788925631.399978876,20260909_124516,2,36.843696200,128.092720400,295.7040,0.000196,0.000196,0.000400,13.8970,13.5950,0.0000
1788925631.499978781,20260909_124516,2,36.843695800,128.092720500,295.7180,0.000196,0.000196,0.000361,13.9059,13.5507,0.0000
1788925631.599978924,20260909_124516,2,36.843695300,128.092720800,295.7100,0.000196,0.000196,0.000324,13.9327,13.4952,0.0000
1788925631.699978828,20260909_124516,2,36.843694800,128.092721100,295.7060,0.000196,0.000196,0.000361,13.9594,13.4397,0.0000
1788925631.799978733,20260909_124516,2,36.843694400,128.092721300,295.7290,0.000196,0.000196,0.000324,13.9773,13.3953,0.0000
1788925631.899978876,20260909_124516,2,36.843693900,128.092721500,295.7260,0.000196,0.000196,0.000289,13.9951,13.3398,0.0000
1788925631.999978781,20260909_124516,2,36.843693500,128.092721800,295.7320,0.000196,0.000196,0.000289,14.0219,13.2954,0.0000
1788925632.099978685,20260909_124516,2,36.843693000,128.092722000,295.7420,0.000196,0.000196,0.000324,14.0397,13.2399,0.0000
1788925632.199978828,20260909_124516,2,36.843692500,128.092722200,295.7530,0.000196,0.000196,0.000324,14.0576,13.1844,0.0000
1788925632.299978733,20260909_124516,2,36.843691900,128.092722300,295.7620,0.000196,0.000196,0.000225,14.0665,13.1178,0.0000
1788925632.399978638,20260909_124516,2,36.843691500,128.092722700,295.7550,0.000196,0.000196,0.000225,14.1022,13.0734,0.0000
1788925632.499978781,20260909_124516,2,36.843690900,128.092722900,295.7590,0.000196,0.000196,0.000169,14.1200,13.0069,0.0000
1788925632.599978685,20260909_124516,2,36.843690400,128.092723100,295.7640,0.000196,0.000196,0.000225,14.1378,12.9514,0.0000
1788925632.699978590,20260909_124516,2,36.843690000,128.092723400,295.7380,0.000196,0.000196,0.000256,14.1646,12.9070,0.0000
1788925632.799978495,20260909_124516,2,36.843689600,128.092723700,295.7620,0.000196,0.000196,0.000256,14.1914,12.8626,0.0000
1788925632.899978638,20260909_124516,2,36.843688900,128.092723900,295.7750,0.000196,0.000196,0.000196,14.2092,12.7849,0.0000
1788925632.999978542,20260909_124516,2,36.843688400,128.092724100,295.7810,0.000196,0.000196,0.000225,14.2270,12.7294,0.0000
1788925633.099978447,20260909_124516,2,36.843688000,128.092724400,295.7860,0.000196,0.000196,0.000256,14.2538,12.6850,0.0000
1788925633.199978590,20260909_124516,2,36.843687700,128.092724700,295.7670,0.000196,0.000196,0.000324,14.2805,12.6517,0.0000
1788925633.299978495,20260909_124516,2,36.843687300,128.092724800,295.7340,0.000196,0.000196,0.000441,14.2895,12.6073,0.0000
1788925633.399978399,20260909_124516,2,36.843686900,128.092725000,295.7480,0.000196,0.000196,0.000441,14.3073,12.5629,0.0000
1788925633.499978542,20260909_124516,2,36.843686500,128.092725300,295.7480,0.000225,0.000225,0.000529,14.3341,12.5185,0.0000
1788925633.599978447,20260909_124516,2,36.843686000,128.092725400,295.7330,0.000256,0.000256,0.000625,14.3430,12.4631,0.0000
1788925633.699978352,20260909_124516,2,36.843685500,128.092725700,295.7610,0.000225,0.000225,0.000576,14.3697,12.4076,0.0000
1788925633.799978495,20260909_124516,2,36.843685100,128.092725900,295.7590,0.000225,0.000225,0.000484,14.3876,12.3632,0.0000
1788925633.899978399,20260909_124516,2,36.843684600,128.092726200,295.7460,0.000225,0.000225,0.000576,14.4143,12.3077,0.0000
1788925633.999978304,20260909_124516,2,36.843684100,128.092726400,295.7420,0.000225,0.000225,0.000576,14.4322,12.2522,0.0000
1788925634.099978447,20260909_124516,2,36.843683600,128.092726600,295.7310,0.000225,0.000225,0.000576,14.4500,12.1967,0.0000
1788925634.199978352,20260909_124516,2,36.843683100,128.092726900,295.7260,0.000324,0.000324,0.000784,14.4768,12.1412,0.0000
1788925634.299978256,20260909_124516,2,36.843682700,128.092727200,295.7450,0.000289,0.000289,0.000729,14.5035,12.0968,0.0000
1788925634.399978399,20260909_124516,2,36.843682100,128.092727300,295.7590,0.000196,0.000196,0.000361,14.5125,12.0302,0.0000
1788925634.499978304,20260909_124516,2,36.843681600,128.092727600,295.7660,0.000196,0.000196,0.000256,14.5392,11.9747,0.0000
1788925634.599978209,20260909_124516,2,36.843681200,128.092727800,295.7790,0.000196,0.000196,0.000169,14.5571,11.9303,0.0000
1788925634.699978352,20260909_124516,2,36.843680700,128.092728000,295.7850,0.000196,0.000196,0.000169,14.5749,11.8749,0.0000
1788925634.799978256,20260909_124516,2,36.843680300,128.092728300,295.7820,0.000196,0.000196,0.000256,14.6017,11.8305,0.0000
1788925634.899978161,20260909_124516,2,36.843679900,128.092728600,295.7760,0.000196,0.000196,0.000256,14.6284,11.7861,0.0000
1788925634.999978304,20260909_124516,2,36.843679500,128.092729000,295.7860,0.000196,0.000196,0.000225,14.6641,11.7417,0.0000
1788925635.099978209,20260909_124516,2,36.843678900,128.092729100,295.7910,0.000196,0.000196,0.000225,14.6730,11.6751,0.0000
1788925635.199978113,20260909_124516,2,36.843678500,128.092729300,295.7930,0.000196,0.000196,0.000169,14.6909,11.6307,0.0000
1788925635.299978256,20260909_124516,2,36.843678000,128.092729600,295.7840,0.000196,0.000196,0.000169,14.7176,11.5752,0.0000
1788925635.399978161,20260909_124516,2,36.843677500,128.092729600,295.8080,0.000196,0.000196,0.000225,14.7176,11.5197,0.0000
1788925635.499978065,20260909_124516,2,36.843677000,128.092729900,295.8030,0.000196,0.000196,0.000225,14.7444,11.4642,0.0000
1788925635.599978209,20260909_124516,2,36.843676500,128.092730100,295.8130,0.000196,0.000196,0.000225,14.7622,11.4087,0.0000
1788925635.699978113,20260909_124516,2,36.843676100,128.092730400,295.7980,0.000196,0.000196,0.000225,14.7890,11.3644,0.0000
1788925635.799978018,20260909_124516,2,36.843675600,128.092730700,295.7910,0.000196,0.000196,0.000225,14.8157,11.3089,0.0000
1788925635.899977922,20260909_124516,2,36.843675200,128.092730900,295.8270,0.000196,0.000196,0.000225,14.8336,11.2645,0.0000
1788925635.999978065,20260909_124516,2,36.843674700,128.092731200,295.8120,0.000196,0.000196,0.000256,14.8603,11.2090,0.0000
1788925636.099977970,20260909_124516,2,36.843674300,128.092731400,295.8150,0.000196,0.000196,0.000289,14.8782,11.1646,0.0000
1788925636.199977875,20260909_124516,2,36.843673900,128.092731600,295.8080,0.000196,0.000196,0.000256,14.8960,11.1202,0.0000
1788925636.299978018,20260909_124516,2,36.843673300,128.092731900,295.8190,0.000196,0.000196,0.000256,14.9228,11.0536,0.0000
1788925636.399977922,20260909_124516,2,36.843673000,128.092732300,295.7770,0.000196,0.000196,0.000121,14.9585,11.0203,0.0000
1788925636.499977827,20260909_124516,2,36.843672500,128.092732500,295.7970,0.000196,0.000196,0.000121,14.9763,10.9648,0.0000
1788925636.599977970,20260909_124516,2,36.843672000,128.092732700,295.8130,0.000196,0.000196,0.000144,14.9941,10.9093,0.0000
1788925636.699977875,20260909_124516,2,36.843671600,128.092733000,295.8020,0.000196,0.000196,0.000196,15.0209,10.8649,0.0000
1788925636.799977779,20260909_124516,2,36.843671000,128.092733200,295.8220,0.000196,0.000196,0.000169,15.0387,10.7984,0.0000
1788925636.899977922,20260909_124516,2,36.843670600,128.092733400,295.8120,0.000196,0.000196,0.000169,15.0566,10.7540,0.0000
1788925636.999977827,20260909_124516,2,36.843670200,128.092733700,295.8210,0.000196,0.000196,0.000169,15.0833,10.7096,0.0000
1788925637.099977732,20260909_124516,2,36.843669700,128.092733900,295.8100,0.000196,0.000196,0.000169,15.1012,10.6541,0.0000
1788925637.199977875,20260909_124516,2,36.843669200,128.092734200,295.8270,0.000196,0.000196,0.000196,15.1279,10.5986,0.0000
1788925637.299977779,20260909_124516,2,36.843668900,128.092734400,295.8150,0.000196,0.000196,0.000256,15.1458,10.5653,0.0000
1788925637.399977684,20260909_124516,2,36.843668500,128.092734700,295.8170,0.000196,0.000196,0.000256,15.1725,10.5209,0.0000
1788925637.499977827,20260909_124516,2,36.843668100,128.092734900,295.8170,0.000196,0.000196,0.000256,15.1904,10.4765,0.0000
1788925637.599977732,20260909_124516,2,36.843667600,128.092735100,295.8240,0.000196,0.000196,0.000225,15.2082,10.4210,0.0000
1788925637.699977636,20260909_124516,2,36.843667200,128.092735400,295.8290,0.000196,0.000196,0.000225,15.2350,10.3766,0.0000
1788925637.799977779,20260909_124516,2,36.843666700,128.092735600,295.8200,0.000196,0.000196,0.000225,15.2528,10.3211,0.0000
1788925637.899977684,20260909_124516,2,36.843666200,128.092735900,295.8120,0.000196,0.000196,0.000225,15.2796,10.2657,0.0000
1788925637.999977589,20260909_124516,2,36.843665800,128.092736100,295.8030,0.000196,0.000196,0.000225,15.2974,10.2213,0.0000
1788925638.099977732,20260909_124516,2,36.843665400,128.092736300,295.8210,0.000196,0.000196,0.000256,15.3152,10.1769,0.0000
1788925638.199977636,20260909_124516,2,36.843665000,128.092736600,295.8140,0.000196,0.000196,0.000256,15.3420,10.1325,0.0000
1788925638.299977541,20260909_124516,2,36.843664500,128.092736900,295.8180,0.000196,0.000196,0.000256,15.3688,10.0770,0.0000
1788925638.399977684,20260909_124516,2,36.843663900,128.092737100,295.8290,0.000196,0.000196,0.000169,15.3866,10.0104,0.0000
1788925638.499977589,20260909_124516,2,36.843663400,128.092737300,295.8280,0.000196,0.000196,0.000144,15.4044,9.9549,0.0000
1788925638.599977493,20260909_124516,2,36.843662900,128.092737600,295.8250,0.000196,0.000196,0.000144,15.4312,9.8994,0.0000
1788925638.699977636,20260909_124516,2,36.843662400,128.092737900,295.8110,0.000196,0.000196,0.000169,15.4580,9.8439,0.0000
1788925638.799977541,20260909_124516,2,36.843661900,128.092738200,295.8300,0.000196,0.000196,0.000169,15.4847,9.7884,0.0000
1788925638.899977446,20260909_124516,2,36.843661400,128.092738400,295.8300,0.000196,0.000196,0.000169,15.5026,9.7329,0.0000
1788925638.999977350,20260909_124516,2,36.843661000,128.092738700,295.8330,0.000196,0.000196,0.000169,15.5293,9.6886,0.0000
1788925639.099977493,20260909_124516,2,36.843660500,128.092739000,295.8240,0.000196,0.000196,0.000144,15.5561,9.6331,0.0000
1788925639.199977398,20260909_124516,2,36.843660000,128.092739300,295.8050,0.000196,0.000196,0.000196,15.5828,9.5776,0.0000
1788925639.299977303,20260909_124516,2,36.843659500,128.092739500,295.8220,0.000196,0.000196,0.000169,15.6007,9.5221,0.0000
1788925639.399977446,20260909_124516,2,36.843658900,128.092739800,295.8310,0.000196,0.000196,0.000144,15.6274,9.4555,0.0000
1788925639.499977350,20260909_124516,2,36.843658400,128.092740100,295.8110,0.000196,0.000196,0.000144,15.6542,9.4000,0.0000
1788925639.599977255,20260909_124516,2,36.843657900,128.092740400,295.8030,0.000196,0.000196,0.000144,15.6810,9.3445,0.0000
1788925639.699977398,20260909_124516,2,36.843657400,128.092740600,295.7970,0.000196,0.000196,0.000169,15.6988,9.2890,0.0000
1788925639.799977303,20260909_124516,2,36.843656900,128.092740900,295.8190,0.000196,0.000196,0.000144,15.7256,9.2335,0.0000
1788925639.899977207,20260909_124516,2,36.843656300,128.092741200,295.8180,0.000196,0.000196,0.000144,15.7523,9.1670,0.0000
1788925639.999977350,20260909_124516,2,36.843655900,128.092741500,295.8040,0.000196,0.000196,0.000144,15.7791,9.1226,0.0000
1788925640.099977255,20260909_124516,2,36.843655500,128.092741700,295.8210,0.000196,0.000196,0.000144,15.7969,9.0782,0.0000
1788925640.199977160,20260909_124516,2,36.843654900,128.092741800,295.8320,0.000196,0.000196,0.000144,15.8058,9.0116,0.0000
1788925640.299977303,20260909_124516,2,36.843654500,128.092742200,295.8070,0.000196,0.000196,0.000144,15.8415,8.9672,0.0000
1788925640.399977207,20260909_124516,2,36.843654000,128.092742500,295.8130,0.000196,0.000196,0.000144,15.8683,8.9117,0.0000
1788925640.499977112,20260909_124516,2,36.843653400,128.092742900,295.8640,0.000196,0.000196,0.000121,15.9040,8.8451,0.0000
1788925640.599977255,20260909_124516,2,36.843652900,128.092743200,295.8600,0.000196,0.000196,0.000121,15.9307,8.7896,0.0000
1788925640.699977160,20260909_124516,2,36.843652400,128.092743400,295.8770,0.000196,0.000196,0.000121,15.9486,8.7341,0.0000
1788925640.799977064,20260909_124516,2,36.843651800,128.092743800,295.8670,0.000196,0.000196,0.000121,15.9842,8.6675,0.0000
1788925640.899977207,20260909_124516,2,36.843651400,128.092744000,295.8620,0.000196,0.000196,0.000121,16.0021,8.6232,0.0000
1788925640.999977112,20260909_124516,2,36.843650900,128.092744400,295.8680,0.000196,0.000196,0.000144,16.0378,8.5677,0.0000
1788925641.099977016,20260909_124516,2,36.843650500,128.092744500,295.8470,0.000196,0.000196,0.000144,16.0467,8.5233,0.0000
1788925641.199977160,20260909_124516,2,36.843650000,128.092744900,295.8750,0.000196,0.000196,0.000144,16.0823,8.4678,0.0000
1788925641.299977064,20260909_124516,2,36.843649500,128.092745200,295.8710,0.000196,0.000196,0.000169,16.1091,8.4123,0.0000
1788925641.399976969,20260909_124516,2,36.843649000,128.092745400,295.8470,0.000196,0.000196,0.000169,16.1269,8.3568,0.0000
1788925641.499977112,20260909_124516,2,36.843648500,128.092745500,295.8690,0.000196,0.000196,0.000196,16.1359,8.3013,0.0000
1788925641.599977016,20260909_124516,2,36.843648000,128.092745700,295.8790,0.000196,0.000196,0.000256,16.1537,8.2458,0.0000
1788925641.699976921,20260909_124516,2,36.843647400,128.092746000,295.8740,0.000196,0.000196,0.000289,16.1805,8.1792,0.0000
1788925641.799977064,20260909_124516,2,36.843647100,128.092746300,295.8520,0.000196,0.000196,0.000225,16.2072,8.1459,0.0000
1788925641.899976969,20260909_124516,2,36.843646500,128.092746700,295.8690,0.000196,0.000196,0.000196,16.2429,8.0794,0.0000
1788925641.999976873,20260909_124516,2,36.843645900,128.092746900,295.8780,0.000196,0.000196,0.000196,16.2607,8.0128,0.0000
1788925642.099976778,20260909_124516,2,36.843645500,128.092747100,295.8570,0.000196,0.000196,0.000169,16.2786,7.9684,0.0000
1788925642.199976921,20260909_124516,2,36.843645000,128.092747500,295.8550,0.000196,0.000196,0.000256,16.3143,7.9129,0.0000
1788925642.299976826,20260909_124516,2,36.843644600,128.092747900,295.8640,0.000196,0.000196,0.000289,16.3499,7.8685,0.0000
1788925642.399976730,20260909_124516,2,36.843644100,128.092748100,295.8740,0.000196,0.000196,0.000256,16.3678,7.8130,0.0000
1788925642.499976873,20260909_124516,2,36.843643600,128.092748300,295.8700,0.000196,0.000196,0.000225,16.3856,7.7575,0.0000
1788925642.599976778,20260909_124516,2,36.843643000,128.092748600,295.8920,0.000196,0.000196,0.000196,16.4124,7.6909,0.0000
1788925642.699976683,20260909_124516,2,36.843642600,128.092748800,295.8810,0.000196,0.000196,0.000196,16.4302,7.6465,0.0000
1788925642.799976826,20260909_124516,2,36.843642100,128.092749100,295.8730,0.000196,0.000196,0.000225,16.4570,7.5910,0.0000
1788925642.899976730,20260909_124516,2,36.843641600,128.092749400,295.8800,0.000196,0.000196,0.000225,16.4837,7.5355,0.0000
1788925642.999976635,20260909_124516,2,36.843641100,128.092749700,295.8840,0.000196,0.000196,0.000225,16.5105,7.4801,0.0000
1788925643.099976778,20260909_124516,2,36.843640600,128.092749800,295.8890,0.000196,0.000196,0.000324,16.5194,7.4246,0.0000
1788925643.199976683,20260909_124516,2,36.843640100,128.092750200,295.8800,0.000196,0.000196,0.000256,16.5551,7.3691,0.0000
1788925643.299976587,20260909_124516,2,36.843639700,128.092750500,295.8870,0.000196,0.000196,0.000196,16.5819,7.3247,0.0000
1788925643.399976730,20260909_124516,2,36.843639200,128.092750800,295.8630,0.000196,0.000196,0.000256,16.6086,7.2692,0.0000
1788925643.499976635,20260909_124516,2,36.843638600,128.092751000,295.8770,0.000196,0.000196,0.000361,16.6265,7.2026,0.0000
1788925643.599976540,20260909_124516,2,36.843638200,128.092751200,295.8620,0.000196,0.000196,0.000484,16.6443,7.1582,0.0000
1788925643.699976683,20260909_124516,2,36.843637700,128.092751500,295.8520,0.000225,0.000225,0.000676,16.6711,7.1027,0.0000
1788925643.799976587,20260909_124516,2,36.843637300,128.092751800,295.8650,0.000256,0.000256,0.000784,16.6978,7.0583,0.0000
1788925643.899976492,20260909_124516,2,36.843636900,128.092752000,295.8570,0.000225,0.000225,0.000729,16.7157,7.0139,0.0000
1788925643.999976635,20260909_124516,2,36.843636300,128.092752200,295.8720,0.000289,0.000289,0.000841,16.7335,6.9474,0.0000
1788925644.099976540,20260909_124516,2,36.843635900,128.092752400,295.8750,0.000324,0.000324,0.000961,16.7513,6.9030,0.0000
1788925644.199976444,20260909_124516,2,36.843635500,128.092752700,295.8850,0.000289,0.000289,0.000900,16.7781,6.8586,0.0000
1788925644.299976587,20260909_124516,2,36.843635000,128.092753000,295.8910,0.000256,0.000256,0.000784,16.8049,6.8031,0.0000
1788925644.399976492,20260909_124516,2,36.843634600,128.092753200,295.9020,0.000196,0.000196,0.000441,16.8227,6.7587,0.0000
1788925644.499976397,20260909_124516,2,36.843634100,128.092753400,295.8910,0.000196,0.000196,0.000400,16.8405,6.7032,0.0000
1788925644.599976540,20260909_124516,2,36.843633700,128.092753700,295.8970,0.000196,0.000196,0.000400,16.8673,6.6588,0.0000
1788925644.699976444,20260909_124516,2,36.843633200,128.092754000,295.9100,0.000196,0.000196,0.000324,16.8941,6.6033,0.0000
1788925644.799976349,20260909_124516,2,36.843632700,128.092754300,295.8980,0.000196,0.000196,0.000324,16.9208,6.5478,0.0000
1788925644.899976492,20260909_124516,2,36.843632200,128.092754600,295.9110,0.000196,0.000196,0.000361,16.9476,6.4923,0.0000
1788925644.999976397,20260909_124516,2,36.843631800,128.092754800,295.8970,0.000196,0.000196,0.000324,16.9654,6.4479,0.0000
1788925645.099976301,20260909_124516,2,36.843631200,128.092755100,295.9100,0.000196,0.000196,0.000361,16.9922,6.3814,0.0000
1788925645.199976444,20260909_124516,2,36.843630800,128.092755400,295.9190,0.000196,0.000196,0.000361,17.0189,6.3370,0.0000
1788925645.299976349,20260909_124516,2,36.843630300,128.092755700,295.9270,0.000196,0.000196,0.000400,17.0457,6.2815,0.0000
1788925645.399976254,20260909_124516,2,36.843629900,128.092755900,295.8930,0.000196,0.000196,0.000400,17.0635,6.2371,0.0000
1788925645.499976158,20260909_124516,2,36.843629500,128.092756100,295.8940,0.000196,0.000196,0.000400,17.0814,6.1927,0.0000
1788925645.599976301,20260909_124516,2,36.843629000,128.092756300,295.8810,0.000196,0.000196,0.000324,17.0992,6.1372,0.0000
1788925645.699976206,20260909_124516,2,36.843628600,128.092756500,295.8920,0.000196,0.000196,0.000361,17.1170,6.0928,0.0000
1788925645.799976110,20260909_124516,2,36.843628000,128.092756800,295.9040,0.000196,0.000196,0.000324,17.1438,6.0262,0.0000
1788925645.899976254,20260909_124516,2,36.843627600,128.092757000,295.9070,0.000196,0.000196,0.000324,17.1616,5.9818,0.0000
1788925645.999976158,20260909_124516,2,36.843627100,128.092757200,295.9210,0.000196,0.000196,0.000361,17.1795,5.9263,0.0000
1788925646.099976063,20260909_124516,2,36.843626700,128.092757500,295.9190,0.000196,0.000196,0.000361,17.2062,5.8820,0.0000
1788925646.199976206,20260909_124516,2,36.843626200,128.092757800,295.9220,0.000196,0.000196,0.000400,17.2330,5.8265,0.0000
1788925646.299976110,20260909_124516,2,36.843625700,128.092758000,295.9030,0.000196,0.000196,0.000484,17.2508,5.7710,0.0000
1788925646.399976015,20260909_124516,2,36.843625300,128.092758300,295.9090,0.000196,0.000196,0.000324,17.2776,5.7266,0.0000
1788925646.499976158,20260909_124516,2,36.843624800,128.092758500,295.9160,0.000196,0.000196,0.000256,17.2954,5.6711,0.0000
1788925646.599976063,20260909_124516,2,36.843624400,128.092758800,295.9100,0.000196,0.000196,0.000256,17.3222,5.6267,0.0000
1788925646.699975967,20260909_124516,2,36.843624000,128.092759100,295.8860,0.000196,0.000196,0.000225,17.3490,5.5823,0.0000
1788925646.799976110,20260909_124516,2,36.843623600,128.092759300,295.8870,0.000196,0.000196,0.000225,17.3668,5.5379,0.0000
1788925646.899976015,20260909_124516,2,36.843623200,128.092759500,295.9010,0.000196,0.000196,0.000225,17.3846,5.4935,0.0000
1788925646.999975920,20260909_124516,2,36.843622700,128.092759800,295.8910,0.000196,0.000196,0.000256,17.4114,5.4380,0.0000
1788925647.099976063,20260909_124516,2,36.843622200,128.092760000,295.8940,0.000196,0.000196,0.000225,17.4292,5.3825,0.0000
1788925647.199975967,20260909_124516,2,36.843621800,128.092760200,295.9010,0.000196,0.000196,0.000225,17.4471,5.3381,0.0000
1788925647.299975872,20260909_124516,2,36.843621300,128.092760400,295.9050,0.000196,0.000196,0.000225,17.4649,5.2827,0.0000
1788925647.399976015,20260909_124516,2,36.843620800,128.092760700,295.9270,0.000196,0.000196,0.000256,17.4917,5.2272,0.0000
1788925647.499975920,20260909_124516,2,36.843620300,128.092760900,295.9370,0.000196,0.000196,0.000225,17.5095,5.1717,0.0000
1788925647.599975824,20260909_124516,2,36.843619800,128.092761200,295.9330,0.000196,0.000196,0.000256,17.5363,5.1162,0.0000
1788925647.699975967,20260909_124516,2,36.843619300,128.092761500,295.9240,0.000196,0.000196,0.000289,17.5630,5.0607,0.0000
1788925647.799975872,20260909_124516,2,36.843618800,128.092761800,295.9280,0.000196,0.000196,0.000256,17.5898,5.0052,0.0000
1788925647.899975777,20260909_124516,2,36.843618300,128.092762000,295.9310,0.000196,0.000196,0.000225,17.6076,4.9497,0.0000
1788925647.999975920,20260909_124516,2,36.843617700,128.092762300,295.9420,0.000196,0.000196,0.000324,17.6344,4.8831,0.0000
1788925648.099975824,20260909_124516,2,36.843617300,128.092762500,295.9430,0.000196,0.000196,0.000256,17.6522,4.8387,0.0000
1788925648.199975729,20260909_124516,2,36.843616900,128.092762800,295.9480,0.000196,0.000196,0.000196,17.6790,4.7943,0.0000
1788925648.299975872,20260909_124516,2,36.843616400,128.092763000,295.9520,0.000196,0.000196,0.000324,17.6968,4.7389,0.0000
1788925648.399975777,20260909_124516,2,36.843615900,128.092763300,295.9830,0.000196,0.000196,0.000256,17.7236,4.6834,0.0000
1788925648.499975681,20260909_124516,2,36.843615600,128.092763500,295.9710,0.000196,0.000196,0.000324,17.7414,4.6501,0.0000
1788925648.599975586,20260909_124516,2,36.843615200,128.092763800,295.9870,0.000196,0.000196,0.000361,17.7682,4.6057,0.0000
1788925648.699975729,20260909_124516,2,36.843614700,128.092764000,295.9830,0.000196,0.000196,0.000361,17.7860,4.5502,0.0000
1788925648.799975634,20260909_124516,2,36.843614400,128.092764300,295.9720,0.000196,0.000196,0.000441,17.8128,4.5169,0.0000
1788925648.899975538,20260909_124516,2,36.843613900,128.092764500,295.9710,0.000196,0.000196,0.000484,17.8306,4.4614,0.0000
1788925648.999975681,20260909_124516,2,36.843613400,128.092764700,295.9920,0.000196,0.000196,0.000529,17.8485,4.4059,0.0000
1788925649.099975586,20260909_124516,2,36.843613000,128.092765000,295.9780,0.000225,0.000225,0.000625,17.8752,4.3615,0.0000
1788925649.199975491,20260909_124516,2,36.843612500,128.092765300,295.9780,0.000196,0.000196,0.000484,17.9020,4.3060,0.0000
1788925649.299975634,20260909_124516,2,36.843612000,128.092765500,295.9840,0.000196,0.000196,0.000441,17.9198,4.2505,0.0000
1788925649.399975538,20260909_124516,2,36.843611600,128.092765800,295.9690,0.000196,0.000196,0.000324,17.9466,4.2062,0.0000
1788925649.499975443,20260909_124516,2,36.843611100,128.092766200,295.9580,0.000196,0.000196,0.000256,17.9823,4.1507,0.0000
1788925649.599975586,20260909_124516,2,36.843610600,128.092766500,295.9490,0.000196,0.000196,0.000225,18.0090,4.0952,0.0000
1788925649.699975491,20260909_124516,2,36.843610100,128.092766600,295.9640,0.000196,0.000196,0.000256,18.0179,4.0397,0.0000
1788925649.799975395,20260909_124516,2,36.843609600,128.092766900,295.9700,0.000196,0.000196,0.000256,18.0447,3.9842,0.0000
1788925649.899975538,20260909_124516,2,36.843609100,128.092767200,295.9760,0.000196,0.000196,0.000324,18.0715,3.9287,0.0000
1788925649.999975443,20260909_124516,2,36.843608600,128.092767500,295.9720,0.000196,0.000196,0.000324,18.0982,3.8732,0.0000
1788925650.099975348,20260909_124516,2,36.843608100,128.092767900,295.9810,0.000196,0.000196,0.000324,18.1339,3.8177,0.0000
1788925650.199975491,20260909_124516,2,36.843607600,128.092768100,295.9850,0.000196,0.000196,0.000289,18.1517,3.7622,0.0000
1788925650.299975395,20260909_124516,2,36.843607100,128.092768400,295.9820,0.000196,0.000196,0.000289,18.1785,3.7067,0.0000
1788925650.399975300,20260909_124516,2,36.843606700,128.092768700,295.9760,0.000196,0.000196,0.000289,18.2053,3.6624,0.0000
1788925650.499975443,20260909_124516,2,36.843606100,128.092769000,296.0210,0.000196,0.000196,0.000256,18.2320,3.5958,0.0000
1788925650.599975348,20260909_124516,2,36.843605600,128.092769200,296.0120,0.000196,0.000196,0.000256,18.2499,3.5403,0.0000
1788925650.699975252,20260909_124516,2,36.843605100,128.092769500,296.0050,0.000196,0.000196,0.000256,18.2766,3.4848,0.0000
1788925650.799975395,20260909_124516,2,36.843604600,128.092769700,296.0170,0.000196,0.000196,0.000225,18.2945,3.4293,0.0000
1788925650.899975300,20260909_124516,2,36.843604100,128.092770000,296.0070,0.000196,0.000196,0.000169,18.3212,3.3738,0.0000
1788925650.999975204,20260909_124516,2,36.843603600,128.092770300,296.0350,0.000196,0.000196,0.000196,18.3480,3.3183,0.0000
1788925651.099975348,20260909_124516,2,36.843603100,128.092770500,296.0180,0.000196,0.000196,0.000196,18.3658,3.2628,0.0000
1788925651.199975252,20260909_124516,2,36.843602500,128.092770700,296.0280,0.000196,0.000196,0.000144,18.3837,3.1962,0.0000
1788925651.299975157,20260909_124516,2,36.843602100,128.092770900,296.0080,0.000196,0.000196,0.000225,18.4015,3.1518,0.0000
1788925651.399975300,20260909_124516,2,36.843601500,128.092771200,296.0030,0.000196,0.000196,0.000256,18.4283,3.0853,0.0000
1788925651.499975204,20260909_124516,2,36.843601000,128.092771400,296.0040,0.000196,0.000196,0.000324,18.4461,3.0298,0.0000
1788925651.599975109,20260909_124516,2,36.843600500,128.092771600,296.0160,0.000196,0.000196,0.000324,18.4639,2.9743,0.0000
1788925651.699975252,20260909_124516,2,36.843600000,128.092771900,296.0060,0.000196,0.000196,0.000361,18.4907,2.9188,0.0000
1788925651.799975157,20260909_124516,2,36.843599500,128.092772100,296.0080,0.000196,0.000196,0.000324,18.5085,2.8633,0.0000
1788925651.899975061,20260909_124516,2,36.843599100,128.092772400,296.0030,0.000196,0.000196,0.000361,18.5353,2.8189,0.0000
1788925651.999974966,20260909_124516,2,36.843598500,128.092772600,296.0250,0.000196,0.000196,0.000361,18.5531,2.7523,0.0000
1788925652.099975109,20260909_124516,2,36.843598100,128.092772900,296.0180,0.000196,0.000196,0.000289,18.5799,2.7079,0.0000
1788925652.199975014,20260909_124516,2,36.843597500,128.092773100,296.0200,0.000196,0.000196,0.000256,18.5977,2.6413,0.0000
1788925652.299974918,20260909_124516,2,36.843597000,128.092773400,296.0320,0.000196,0.000196,0.000256,18.6245,2.5859,0.0000
1788925652.399975061,20260909_124516,2,36.843596600,128.092773600,296.0190,0.000196,0.000196,0.000324,18.6423,2.5415,0.0000
1788925652.499974966,20260909_124516,2,36.843596000,128.092773900,296.0320,0.000196,0.000196,0.000361,18.6691,2.4749,0.0000
1788925652.599974871,20260909_124516,2,36.843595600,128.092774100,296.0140,0.000196,0.000196,0.000400,18.6869,2.4305,0.0000
1788925652.699975014,20260909_124516,2,36.843595100,128.092774300,296.0240,0.000196,0.000196,0.000484,18.7048,2.3750,0.0000
1788925652.799974918,20260909_124516,2,36.843594500,128.092774500,296.0410,0.000196,0.000196,0.000441,18.7226,2.3084,0.0000
1788925652.899974823,20260909_124516,2,36.843594100,128.092774800,296.0290,0.000196,0.000196,0.000400,18.7494,2.2640,0.0000
1788925652.999974966,20260909_124516,2,36.843593600,128.092775000,296.0310,0.000225,0.000225,0.000484,18.7672,2.2085,0.0000
1788925653.099974871,20260909_124516,2,36.843593000,128.092775200,296.0450,0.000196,0.000196,0.000400,18.7851,2.1419,0.0000
1788925653.199974775,20260909_124516,2,36.843592500,128.092775300,296.0440,0.000196,0.000196,0.000361,18.7940,2.0864,0.0000
1788925653.299974918,20260909_124516,2,36.843592100,128.092775600,296.0480,0.000196,0.000196,0.000324,18.8207,2.0421,0.0000
1788925653.399974823,20260909_124516,2,36.843591600,128.092776000,296.0580,0.000196,0.000196,0.000289,18.8564,1.9866,0.0000
1788925653.499974728,20260909_124516,2,36.843591100,128.092776300,296.0470,0.000196,0.000196,0.000289,18.8832,1.9311,0.0000
1788925653.599974871,20260909_124516,2,36.843590600,128.092776600,296.0480,0.000196,0.000196,0.000361,18.9099,1.8756,0.0000
1788925653.699974775,20260909_124516,2,36.843590000,128.092776800,296.0580,0.000196,0.000196,0.000361,18.9278,1.8090,0.0000
1788925653.799974680,20260909_124516,2,36.843589600,128.092777100,296.0450,0.000196,0.000196,0.000289,18.9545,1.7646,0.0000
1788925653.899974823,20260909_124516,2,36.843589100,128.092777300,296.0540,0.000196,0.000196,0.000289,18.9724,1.7091,0.0000
1788925653.999974728,20260909_124516,2,36.843588500,128.092777600,296.0530,0.000196,0.000196,0.000289,18.9991,1.6425,0.0000
1788925654.099974632,20260909_124516,2,36.843588000,128.092777800,296.0550,0.000196,0.000196,0.000256,19.0170,1.5870,0.0000
1788925654.199974775,20260909_124516,2,36.843587500,128.092778000,296.0600,0.000196,0.000196,0.000256,19.0348,1.5315,0.0000
1788925654.299974680,20260909_124516,2,36.843586900,128.092778200,296.0420,0.000196,0.000196,0.000441,19.0527,1.4650,0.0000
1788925654.399974585,20260909_124516,2,36.843586500,128.092778500,296.0410,0.000196,0.000196,0.000400,19.0794,1.4206,0.0000
1788925654.499974728,20260909_124516,2,36.843586000,128.092778800,296.0330,0.000196,0.000196,0.000441,19.1062,1.3651,0.0000
1788925654.599974632,20260909_124516,2,36.843585500,128.092779000,296.0430,0.000225,0.000225,0.000484,19.1240,1.3096,0.0000
1788925654.699974537,20260909_124516,2,36.843585000,128.092779200,296.0480,0.000225,0.000225,0.000484,19.1418,1.2541,0.0000
1788925654.799974680,20260909_124516,2,36.843584500,128.092779600,296.0460,0.000225,0.000225,0.000529,19.1775,1.1986,0.0000
1788925654.899974585,20260909_124516,2,36.843584100,128.092779800,296.0470,0.000289,0.000289,0.000625,19.1954,1.1542,0.0000
1788925654.999974489,20260909_124516,2,36.843583600,128.092780000,296.0570,0.000256,0.000256,0.000576,19.2132,1.0987,0.0000
1788925655.099974394,20260909_124516,2,36.843583100,128.092780300,296.0590,0.000289,0.000289,0.000676,19.2400,1.0432,0.0000
1788925655.199974537,20260909_124516,2,36.843582500,128.092780500,296.0630,0.000324,0.000324,0.000676,19.2578,0.9766,0.0000
1788925655.299974442,20260909_124516,2,36.843582000,128.092780800,296.0840,0.000196,0.000196,0.000441,19.2846,0.9212,0.0000
1788925655.399974346,20260909_124516,2,36.843581600,128.092781100,296.0730,0.000196,0.000196,0.000324,19.3113,0.8768,0.0000
1788925655.499974489,20260909_124516,2,36.843581100,128.092781400,296.0720,0.000196,0.000196,0.000289,19.3381,0.8213,0.0000
1788925655.599974394,20260909_124516,2,36.843580600,128.092781800,296.0770,0.000196,0.000196,0.000256,19.3738,0.7658,0.0000
1788925655.699974298,20260909_124516,2,36.843580100,128.092782100,296.0690,0.000196,0.000196,0.000256,19.4005,0.7103,0.0000
1788925655.799974442,20260909_124516,2,36.843579700,128.092782400,296.0810,0.000196,0.000196,0.000256,19.4273,0.6659,0.0000
1788925655.899974346,20260909_124516,2,36.843579200,128.092782800,296.0720,0.000196,0.000196,0.000256,19.4630,0.6104,0.0000
1788925655.999974251,20260909_124516,2,36.843578700,128.092783000,296.0580,0.000196,0.000196,0.000289,19.4808,0.5549,0.0000
1788925656.099974394,20260909_124516,2,36.843578100,128.092783300,296.0940,0.000196,0.000196,0.000256,19.5076,0.4883,0.0000
1788925656.199974298,20260909_124516,2,36.843577600,128.092783500,296.1140,0.000196,0.000196,0.000256,19.5254,0.4328,0.0000
1788925656.299974203,20260909_124516,2,36.843577100,128.092783700,296.0840,0.000196,0.000196,0.000361,19.5432,0.3774,0.0000
1788925656.399974346,20260909_124516,2,36.843576600,128.092783900,296.0870,0.000196,0.000196,0.000400,19.5611,0.3219,0.0000
1788925656.499974251,20260909_124516,2,36.843576100,128.092784200,296.0870,0.000196,0.000196,0.000361,19.5878,0.2664,0.0000
1788925656.599974155,20260909_124516,2,36.843575600,128.092784400,296.1000,0.000196,0.000196,0.000400,19.6057,0.2109,0.0000
1788925656.699974298,20260909_124516,2,36.843575100,128.092784700,296.0880,0.000196,0.000196,0.000441,19.6324,0.1554,0.0000
1788925656.799974203,20260909_124516,2,36.843574600,128.092784900,296.0870,0.000196,0.000196,0.000400,19.6503,0.0999,0.0000
1788925656.899974108,20260909_124516,2,36.843574100,128.092785200,296.0810,0.000196,0.000196,0.000400,19.6770,0.0444,0.0000
1788925656.999974251,20260909_124516,2,36.843573600,128.092785500,296.0960,0.000196,0.000196,0.000484,19.7038,-0.0111,0.0000
1788925657.099974155,20260909_124516,2,36.843573100,128.092785800,296.1170,0.000196,0.000196,0.000484,19.7306,-0.0666,0.0000
1788925657.199974060,20260909_124516,2,36.843572600,128.092786100,296.1070,0.000196,0.000196,0.000400,19.7573,-0.1221,0.0000
1788925657.299974203,20260909_124516,2,36.843572000,128.092786400,296.1020,0.000196,0.000196,0.000324,19.7841,-0.1886,0.0000
1788925657.399974108,20260909_124516,2,36.843571500,128.092786700,296.1060,0.000196,0.000196,0.000324,19.8108,-0.2441,0.0000
1788925657.499974012,20260909_124516,2,36.843571000,128.092787000,296.0940,0.000196,0.000196,0.000289,19.8376,-0.2996,0.0000
1788925657.599974155,20260909_124516,2,36.843570600,128.092787300,296.1020,0.000196,0.000196,0.000256,19.8644,-0.3440,0.0000
1788925657.699974060,20260909_124516,2,36.843570000,128.092787500,296.1100,0.000196,0.000196,0.000289,19.8822,-0.4106,0.0000
1788925657.799973965,20260909_124516,2,36.843569500,128.092787800,296.0950,0.000196,0.000196,0.000289,19.9090,-0.4661,0.0000
1788925657.899974108,20260909_124516,2,36.843569000,128.092788100,296.0980,0.000196,0.000196,0.000324,19.9357,-0.5216,0.0000
1788925657.999974012,20260909_124516,2,36.843568500,128.092788300,296.1100,0.000196,0.000196,0.000256,19.9536,-0.5771,0.0000
1788925658.099973917,20260909_124516,2,36.843567900,128.092788600,296.1260,0.000196,0.000196,0.000256,19.9803,-0.6437,0.0000
1788925658.199973822,20260909_124516,2,36.843567400,128.092788900,296.1030,0.000196,0.000196,0.000361,20.0071,-0.6991,0.0000
1788925658.299973965,20260909_124516,2,36.843566900,128.092789100,296.1180,0.000196,0.000196,0.000400,20.0249,-0.7546,0.0000
1788925658.399973869,20260909_124516,2,36.843566300,128.092789500,296.1330,0.000196,0.000196,0.000400,20.0606,-0.8212,0.0000
1788925658.499973774,20260909_124516,2,36.843565900,128.092789800,296.0940,0.000196,0.000196,0.000441,20.0874,-0.8656,0.0000
1788925658.599973917,20260909_124516,2,36.843565300,128.092790200,296.1330,0.000196,0.000196,0.000529,20.1230,-0.9322,0.0000
1788925658.699973822,20260909_124516,2,36.843564800,128.092790400,296.1130,0.000225,0.000225,0.000576,20.1409,-0.9877,0.0000
1788925658.799973726,20260909_124516,2,36.843564300,128.092790700,296.1350,0.000196,0.000196,0.000576,20.1676,-1.0432,0.0000
1788925658.899973869,20260909_124516,2,36.843563800,128.092791100,296.1130,0.000196,0.000196,0.000529,20.2033,-1.0987,0.0000
1788925658.999973774,20260909_124516,2,36.843563400,128.092791300,296.1260,0.000196,0.000196,0.000529,20.2211,-1.1431,0.0000
1788925659.099973679,20260909_124516,2,36.843562800,128.092791500,296.1140,0.000196,0.000196,0.000529,20.2390,-1.2097,0.0000
1788925659.199973822,20260909_124516,2,36.843562200,128.092791900,296.1290,0.000196,0.000196,0.000441,20.2747,-1.2762,0.0000
1788925659.299973726,20260909_124516,2,36.843561900,128.092792200,296.0940,0.000196,0.000196,0.000441,20.3014,-1.3095,0.0000
1788925659.399973631,20260909_124516,2,36.843561300,128.092792500,296.1180,0.000196,0.000196,0.000484,20.3282,-1.3761,0.0000
1788925659.499973774,20260909_124516,2,36.843560800,128.092792900,296.1170,0.000196,0.000196,0.000324,20.3639,-1.4316,0.0000
1788925659.599973679,20260909_124516,2,36.843560300,128.092793200,296.1060,0.000196,0.000196,0.000361,20.3906,-1.4871,0.0000
1788925659.699973583,20260909_124516,2,36.843559800,128.092793400,296.1140,0.000196,0.000196,0.000400,20.4085,-1.5426,0.0000
1788925659.799973726,20260909_124516,2,36.843559300,128.092793800,296.1090,0.000196,0.000196,0.000441,20.4441,-1.5981,0.0000
1788925659.899973631,20260909_124516,2,36.843558800,128.092794100,296.1150,0.000196,0.000196,0.000529,20.4709,-1.6536,0.0000
1788925659.999973536,20260909_124516,2,36.843558300,128.092794400,296.1190,0.000196,0.000196,0.000529,20.4977,-1.7091,0.0000
1788925660.099973679,20260909_124516,2,36.843557700,128.092794700,296.1300,0.000196,0.000196,0.000576,20.5244,-1.7757,0.0000
1788925660.199973583,20260909_124516,2,36.843557300,128.092795100,296.1020,0.000196,0.000196,0.000576,20.5601,-1.8200,0.0000
1788925660.299973488,20260909_124516,2,36.843556700,128.092795400,296.1310,0.000196,0.000196,0.000529,20.5869,-1.8866,0.0000
1788925660.399973631,20260909_124516,2,36.843556200,128.092795600,296.1430,0.000196,0.000196,0.000484,20.6047,-1.9421,0.0000
1788925660.499973536,20260909_124516,2,36.843555700,128.092795900,296.1370,0.000196,0.000196,0.000529,20.6315,-1.9976,0.0000
1788925660.599973440,20260909_124516,2,36.843555200,128.092796200,296.1460,0.000196,0.000196,0.000484,20.6582,-2.0531,0.0000
1788925660.699973583,20260909_124516,2,36.843554700,128.092796600,296.1240,0.000196,0.000196,0.000441,20.6939,-2.1086,0.0000
1788925660.799973488,20260909_124516,2,36.843554200,128.092796900,296.1230,0.000196,0.000196,0.000400,20.7207,-2.1641,0.0000
1788925660.899973392,20260909_124516,2,36.843553600,128.092797100,296.1250,0.000196,0.000196,0.000529,20.7385,-2.2307,0.0000
1788925660.999973536,20260909_124516,2,36.843553100,128.092797500,296.1240,0.000196,0.000196,0.000529,20.7742,-2.2862,0.0000
1788925661.099973440,20260909_124516,2,36.843552600,128.092797600,296.1340,0.000196,0.000196,0.000484,20.7831,-2.3417,0.0000
1788925661.199973345,20260909_124516,2,36.843552100,128.092798000,296.1210,0.000196,0.000196,0.000484,20.8188,-2.3971,0.0000
1788925661.299973249,20260909_124516,2,36.843551600,128.092798400,296.1370,0.000196,0.000196,0.000484,20.8545,-2.4526,0.0000
1788925661.399973392,20260909_124516,2,36.843551100,128.092798600,296.1340,0.000196,0.000196,0.000400,20.8723,-2.5081,0.0000
1788925661.499973297,20260909_124516,2,36.843550500,128.092798900,296.1580,0.000196,0.000196,0.000400,20.8991,-2.5747,0.0000
1788925661.599973202,20260909_124516,2,36.843550000,128.092799300,296.1350,0.000196,0.000196,0.000324,20.9347,-2.6302,0.0000
1788925661.699973345,20260909_124516,2,36.843549600,128.092799500,296.1250,0.000196,0.000196,0.000324,20.9526,-2.6746,0.0000
1788925661.799973249,20260909_124516,2,36.843549000,128.092799800,296.1530,0.000196,0.000196,0.000361,20.9793,-2.7412,0.0000
1788925661.899973154,20260909_124516,2,36.843548500,128.092800100,296.1270,0.000196,0.000196,0.000361,21.0061,-2.7967,0.0000
1788925661.999973297,20260909_124516,2,36.843548000,128.092800300,296.1330,0.000196,0.000196,0.000324,21.0239,-2.8522,0.0000
1788925662.099973202,20260909_124516,2,36.843547500,128.092800600,296.1350,0.000196,0.000196,0.000361,21.0507,-2.9076,0.0000
1788925662.199973106,20260909_124516,2,36.843547000,128.092800900,296.1370,0.000196,0.000196,0.000441,21.0775,-2.9631,0.0000
1788925662.299973249,20260909_124516,2,36.843546400,128.092801300,296.1550,0.000196,0.000196,0.000441,21.1131,-3.0297,0.0000
1788925662.399973154,20260909_124516,2,36.843545800,128.092801600,296.1520,0.000196,0.000196,0.000361,21.1399,-3.0963,0.0000
1788925662.499973059,20260909_124516,2,36.843545300,128.092801800,296.1510,0.000196,0.000196,0.000361,21.1577,-3.1518,0.0000
1788925662.599973202,20260909_124516,2,36.843544900,128.092802100,296.1180,0.000196,0.000196,0.000361,21.1845,-3.1962,0.0000
1788925662.699973106,20260909_124516,2,36.843544300,128.092802600,296.1350,0.000196,0.000196,0.000289,21.2291,-3.2628,0.0000
1788925662.799973011,20260909_124516,2,36.843543800,128.092802900,296.1420,0.000196,0.000196,0.000361,21.2558,-3.3183,0.0000
1788925662.899973154,20260909_124516,2,36.843543300,128.092803000,296.1450,0.000196,0.000196,0.000361,21.2648,-3.3738,0.0000
1788925662.999973059,20260909_124516,2,36.843542800,128.092803300,296.1320,0.000196,0.000196,0.000324,21.2915,-3.4293,0.0000
1788925663.099972963,20260909_124516,2,36.843542300,128.092803600,296.1380,0.000196,0.000196,0.000289,21.3183,-3.4847,0.0000
1788925663.199973106,20260909_124516,2,36.843541700,128.092803900,296.1380,0.000196,0.000196,0.000400,21.3450,-3.5513,0.0000
1788925663.299973011,20260909_124516,2,36.843541100,128.092804200,296.1560,0.000196,0.000196,0.000529,21.3718,-3.6179,0.0000
1788925663.399972916,20260909_124516,2,36.843540700,128.092804500,296.1510,0.000196,0.000196,0.000576,21.3986,-3.6623,0.0000
1788925663.499973059,20260909_124516,2,36.843540100,128.092804800,296.1670,0.000225,0.000225,0.000576,21.4253,-3.7289,0.0000
1788925663.599972963,20260909_124516,2,36.843539700,128.092805100,296.1550,0.000196,0.000196,0.000529,21.4521,-3.7733,0.0000
1788925663.699972868,20260909_124516,2,36.843539100,128.092805300,296.1620,0.000225,0.000225,0.000625,21.4699,-3.8399,0.0000
1788925663.799973011,20260909_124516,2,36.843538700,128.092805500,296.1760,0.000225,0.000225,0.000676,21.4878,-3.8843,0.0000
1788925663.899972916,20260909_124516,2,36.843538200,128.092805800,296.1750,0.000225,0.000225,0.000625,21.5145,-3.9398,0.0000
1788925663.999972820,20260909_124516,2,36.843537700,128.092806100,296.1660,0.000196,0.000196,0.000576,21.5413,-3.9952,0.0000
1788925664.099972963,20260909_124516,2,36.843537300,128.092806500,296.1590,0.000196,0.000196,0.000576,21.5770,-4.0396,0.0000
1788925664.199972868,20260909_124516,2,36.843536700,128.092806800,296.1710,0.000225,0.000225,0.000576,21.6037,-4.1062,0.0000
1788925664.299972773,20260909_124516,2,36.843536200,128.092807000,296.1720,0.000196,0.000196,0.000361,21.6216,-4.1617,0.0000
1788925664.399972677,20260909_124516,2,36.843535800,128.092807200,296.1660,0.000196,0.000196,0.000324,21.6394,-4.2061,0.0000
1788925664.499972820,20260909_124516,2,36.843535300,128.092807600,296.1680,0.000196,0.000196,0.000324,21.6751,-4.2616,0.0000
1788925664.599972725,20260909_124516,2,36.843534700,128.092807900,296.1690,0.000196,0.000196,0.000441,21.7018,-4.3282,0.0000
1788925664.699972630,20260909_124516,2,36.843534200,128.092808200,296.1870,0.000196,0.000196,0.000400,21.7286,-4.3837,0.0000
1788925664.799972773,20260909_124516,2,36.843533700,128.092808500,296.1750,0.000196,0.000196,0.000400,21.7554,-4.4392,0.0000
1788925664.899972677,20260909_124516,2,36.843533100,128.092808800,296.1830,0.000196,0.000196,0.000441,21.7821,-4.5058,0.0000
1788925664.999972582,20260909_124516,2,36.843532600,128.092809200,296.1850,0.000196,0.000196,0.000441,21.8178,-4.5612,0.0000
1788925665.099972725,20260909_124516,2,36.843532200,128.092809500,296.1730,0.000196,0.000196,0.000361,21.8446,-4.6056,0.0000
1788925665.199972630,20260909_124516,2,36.843531600,128.092809800,296.1760,0.000196,0.000196,0.000400,21.8713,-4.6722,0.0000
1788925665.299972534,20260909_124516,2,36.843531100,128.092810000,296.1620,0.000196,0.000196,0.000361,21.8892,-4.7277,0.0000
1788925665.399972677,20260909_124516,2,36.843530700,128.092810400,296.1640,0.000196,0.000196,0.000324,21.9248,-4.7721,0.0000
1788925665.499972582,20260909_124516,2,36.843530200,128.092810700,296.1580,0.000196,0.000196,0.000324,21.9516,-4.8276,0.0000
1788925665.599972486,20260909_124516,2,36.843529600,128.092810900,296.1630,0.000196,0.000196,0.000289,21.9694,-4.8942,0.0000
1788925665.699972630,20260909_124516,2,36.843529100,128.092811300,296.1640,0.000196,0.000196,0.000324,22.0051,-4.9497,0.0000
1788925665.799972534,20260909_124516,2,36.843528600,128.092811700,296.1460,0.000196,0.000196,0.000361,22.0408,-5.0052,0.0000
1788925665.899972439,20260909_124516,2,36.843528100,128.092812000,296.1360,0.000196,0.000196,0.000400,22.0676,-5.0607,0.0000
1788925665.999972582,20260909_124516,2,36.843527600,128.092812400,296.1430,0.000196,0.000196,0.000441,22.1032,-5.1161,0.0000
1788925666.099972486,20260909_124516,2,36.843527100,128.092812700,296.1380,0.000196,0.000196,0.000361,22.1300,-5.1716,0.0000
1788925666.199972391,20260909_124516,2,36.843526600,128.092813000,296.1400,0.000196,0.000196,0.000361,22.1568,-5.2271,0.0000
1788925666.299972534,20260909_124516,2,36.843526000,128.092813300,296.1340,0.000196,0.000196,0.000361,22.1835,-5.2937,0.0000
1788925666.399972439,20260909_124516,2,36.843525400,128.092813500,296.1540,0.000225,0.000225,0.000484,22.2014,-5.3603,0.0000
1788925666.499972343,20260909_124516,2,36.843524800,128.092813800,296.1740,0.000256,0.000256,0.000576,22.2281,-5.4269,0.0000
1788925666.599972486,20260909_124516,2,36.843524300,128.092814100,296.1620,0.000225,0.000225,0.000576,22.2549,-5.4824,0.0000
1788925666.699972391,20260909_124516,2,36.843523800,128.092814400,296.1750,0.000225,0.000225,0.000576,22.2816,-5.5379,0.0000
1788925666.799972296,20260909_124516,2,36.843523300,128.092814700,296.1850,0.000256,0.000256,0.000576,22.3084,-5.5934,0.0000
1788925666.899972439,20260909_124516,2,36.843522700,128.092815000,296.1920,0.000256,0.000256,0.000625,22.3351,-5.6599,0.0000
1788925666.999972343,20260909_124516,2,36.843522300,128.092815200,296.1830,0.000225,0.000225,0.000576,22.3530,-5.7043,0.0000
1788925667.099972248,20260909_124516,2,36.843521800,128.092815600,296.2000,0.000256,0.000256,0.000576,22.3887,-5.7598,0.0000
1788925667.199972391,20260909_124516,2,36.843521300,128.092816000,296.1800,0.000225,0.000225,0.000576,22.4243,-5.8153,0.0000
1788925667.299972296,20260909_124516,2,36.843520700,128.092816200,296.1930,0.000225,0.000225,0.000484,22.4422,-5.8819,0.0000
1788925667.399972200,20260909_124516,2,36.843520300,128.092816500,296.1890,0.000196,0.000196,0.000361,22.4689,-5.9263,0.0000
1788925667.499972105,20260909_124516,2,36.843519700,128.092816800,296.1830,0.000196,0.000196,0.000361,22.4957,-5.9929,0.0000
1788925667.599972248,20260909_124516,2,36.843519200,128.092817200,296.1840,0.000196,0.000196,0.000361,22.5314,-6.0484,0.0000
1788925667.699972153,20260909_124516,2,36.843518600,128.092817500,296.1890,0.000196,0.000196,0.000324,22.5581,-6.1150,0.0000
1788925667.799972057,20260909_124516,2,36.843518100,128.092817700,296.1980,0.000196,0.000196,0.000400,22.5760,-6.1705,0.0000
1788925667.899972200,20260909_124516,2,36.843517600,128.092817900,296.1850,0.000196,0.000196,0.000361,22.5938,-6.2259,0.0000
1788925667.999972105,20260909_124516,2,36.843517100,128.092818300,296.1880,0.000196,0.000196,0.000361,22.6295,-6.2814,0.0000
1788925668.099972010,20260909_124516,2,36.843516600,128.092818600,296.1780,0.000196,0.000196,0.000361,22.6563,-6.3369,0.0000
1788925668.199972153,20260909_124516,2,36.843516100,128.092818800,296.1640,0.000196,0.000196,0.000400,22.6741,-6.3924,0.0000
1788925668.299972057,20260909_124516,2,36.843515500,128.092819100,296.1930,0.000196,0.000196,0.000400,22.7009,-6.4590,0.0000
1788925668.399971962,20260909_124516,2,36.843515000,128.092819500,296.1660,0.000196,0.000196,0.000441,22.7365,-6.5145,0.0000
1788925668.499972105,20260909_124516,2,36.843514600,128.092819900,296.1500,0.000196,0.000196,0.000441,22.7722,-6.5589,0.0000
1788925668.599972010,20260909_124516,2,36.843514000,128.092820200,296.1430,0.000196,0.000196,0.000400,22.7990,-6.6255,0.0000
1788925668.699971914,20260909_124516,2,36.843513400,128.092820400,296.1550,0.000196,0.000196,0.000400,22.8168,-6.6921,0.0000
1788925668.799972057,20260909_124516,2,36.843512900,128.092820700,296.1530,0.000196,0.000196,0.000400,22.8436,-6.7475,0.0000
1788925668.899971962,20260909_124516,2,36.843512400,128.092821000,296.1690,0.000196,0.000196,0.000400,22.8703,-6.8030,0.0000
1788925668.999971867,20260909_124516,2,36.843511900,128.092821300,296.1570,0.000196,0.000196,0.000484,22.8971,-6.8585,0.0000
1788925669.099972010,20260909_124516,2,36.843511400,128.092821700,296.1480,0.000196,0.000196,0.000441,22.9328,-6.9140,0.0000
1788925669.199971914,20260909_124516,2,36.843510800,128.092822000,296.1660,0.000196,0.000196,0.000400,22.9595,-6.9806,0.0000
1788925669.299971819,20260909_124516,2,36.843510400,128.092822200,296.1650,0.000196,0.000196,0.000441,22.9774,-7.0250,0.0000
1788925669.399971962,20260909_124516,2,36.843509700,128.092822500,296.1870,0.000196,0.000196,0.000361,23.0041,-7.1027,0.0000
1788925669.499971867,20260909_124516,2,36.843509300,128.092822900,296.1710,0.000196,0.000196,0.000324,23.0398,-7.1471,0.0000
1788925669.599971771,20260909_124516,2,36.843508800,128.092823200,296.1630,0.000196,0.000196,0.000361,23.0666,-7.2026,0.0000
1788925669.699971914,20260909_124516,2,36.843508200,128.092823500,296.1690,0.000196,0.000196,0.000324,23.0933,-7.2692,0.0000
1788925669.799971819,20260909_124516,2,36.843507800,128.092823900,296.1490,0.000196,0.000196,0.000324,23.1290,-7.3135,0.0000
1788925669.899971724,20260909_124516,2,36.843507200,128.092824200,296.1740,0.000196,0.000196,0.000400,23.1558,-7.3801,0.0000
1788925669.999971867,20260909_124516,2,36.843506700,128.092824500,296.1620,0.000196,0.000196,0.000400,23.1825,-7.4356,0.0000
1788925670.099971771,20260909_124516,2,36.843506200,128.092824800,296.1700,0.000196,0.000196,0.000400,23.2093,-7.4911,0.0000
1788925670.199971676,20260909_124516,2,36.843505700,128.092825200,296.1770,0.000196,0.000196,0.000361,23.2450,-7.5466,0.0000
1788925670.299971819,20260909_124516,2,36.843505200,128.092825400,296.1830,0.000196,0.000196,0.000289,23.2628,-7.6021,0.0000
1788925670.399971724,20260909_124516,2,36.843504800,128.092825800,296.1720,0.000196,0.000196,0.000289,23.2985,-7.6465,0.0000
1788925670.499971628,20260909_124516,2,36.843504300,128.092826200,296.1720,0.000196,0.000196,0.000289,23.3342,-7.7020,0.0000
1788925670.599971533,20260909_124516,2,36.843503800,128.092826500,296.1550,0.000196,0.000196,0.000324,23.3609,-7.7575,0.0000
1788925670.699971676,20260909_124516,2,36.843503400,128.092826900,296.1450,0.000196,0.000196,0.000361,23.3966,-7.8019,0.0000
1788925670.799971581,20260909_124516,2,36.843503000,128.092827200,296.1530,0.000196,0.000196,0.000361,23.4234,-7.8462,0.0000
1788925670.899971485,20260909_124516,2,36.843502500,128.092827500,296.1550,0.000196,0.000196,0.000324,23.4501,-7.9017,0.0000
1788925670.999971628,20260909_124516,2,36.843502000,128.092827800,296.1690,0.000196,0.000196,0.000289,23.4769,-7.9572,0.0000
1788925671.099971533,20260909_124516,2,36.843501500,128.092828200,296.1710,0.000196,0.000196,0.000256,23.5126,-8.0127,0.0000
1788925671.199971437,20260909_124516,2,36.843501100,128.092828400,296.1690,0.000196,0.000196,0.000196,23.5304,-8.0571,0.0000
1788925671.299971581,20260909_124516,2,36.843500500,128.092828700,296.1830,0.000196,0.000196,0.000225,23.5572,-8.1237,0.0000
1788925671.399971485,20260909_124516,2,36.843500000,128.092829100,296.1780,0.000196,0.000196,0.000324,23.5928,-8.1792,0.0000
1788925671.499971390,20260909_124516,2,36.843499500,128.092829400,296.1890,0.000196,0.000196,0.000324,23.6196,-8.2347,0.0000
1788925671.599971533,20260909_124516,2,36.843498900,128.092829900,296.1840,0.000196,0.000196,0.000361,23.6642,-8.3013,0.0000
1788925671.699971437,20260909_124516,2,36.843498500,128.092830200,296.1900,0.000196,0.000196,0.000400,23.6910,-8.3457,0.0000
1788925671.799971342,20260909_124516,2,36.843497800,128.092830500,296.1880,0.000196,0.000196,0.000361,23.7177,-8.4233,0.0000
1788925671.899971485,20260909_124516,2,36.843497300,128.092831000,296.1880,0.000196,0.000196,0.000324,23.7623,-8.4788,0.0000
1788925671.999971390,20260909_124516,2,36.843496800,128.092831400,296.1890,0.000196,0.000196,0.000324,23.7980,-8.5343,0.0000
1788925672.099971294,20260909_124516,2,36.843496300,128.092831800,296.1870,0.000196,0.000196,0.000441,23.8337,-8.5898,0.0000
1788925672.199971437,20260909_124516,2,36.843495800,128.092832100,296.1890,0.000196,0.000196,0.000400,23.8604,-8.6453,0.0000
1788925672.299971342,20260909_124516,2,36.843495300,128.092832500,296.1780,0.000225,0.000225,0.000529,23.8961,-8.7008,0.0000
1788925672.399971247,20260909_124516,2,36.843494700,128.092832900,296.1910,0.000196,0.000196,0.000484,23.9318,-8.7674,0.0000
1788925672.499971390,20260909_124516,2,36.843494300,128.092833300,296.1800,0.000225,0.000225,0.000529,23.9675,-8.8118,0.0000
1788925672.599971294,20260909_124516,2,36.843493700,128.092833700,296.1860,0.000225,0.000225,0.000484,24.0032,-8.8784,0.0000
1788925672.699971199,20260909_124516,2,36.843493200,128.092834000,296.2000,0.000225,0.000225,0.000529,24.0299,-8.9338,0.0000
1788925672.799971342,20260909_124516,2,36.843492700,128.092834300,296.1880,0.000225,0.000225,0.000529,24.0567,-8.9893,0.0000
1788925672.899971247,20260909_124516,2,36.843492300,128.092834800,296.1730,0.000225,0.000225,0.000484,24.1013,-9.0337,0.0000
1788925672.999971151,20260909_124516,2,36.843491800,128.092835100,296.1840,0.000225,0.000225,0.000529,24.1280,-9.0892,0.0000
1788925673.099971294,20260909_124516,2,36.843491200,128.092835300,296.1800,0.000225,0.000225,0.000484,24.1459,-9.1558,0.0000
1788925673.199971199,20260909_124516,2,36.843490700,128.092835700,296.1760,0.000196,0.000196,0.000441,24.1816,-9.2113,0.0000
1788925673.299971104,20260909_124516,2,36.843490200,128.092836100,296.1790,0.000196,0.000196,0.000400,24.2172,-9.2668,0.0000
1788925673.399971008,20260909_124516,2,36.843489700,128.092836500,296.1920,0.000196,0.000196,0.000324,24.2529,-9.3223,0.0000
1788925673.499971151,20260909_124516,2,36.843489200,128.092836700,296.1810,0.000196,0.000196,0.000289,24.2708,-9.3778,0.0000
1788925673.599971056,20260909_124516,2,36.843488700,128.092837100,296.1850,0.000196,0.000196,0.000361,24.3064,-9.4333,0.0000
1788925673.699970961,20260909_124516,2,36.843488200,128.092837400,296.1810,0.000196,0.000196,0.000400,24.3332,-9.4887,0.0000
1788925673.799971104,20260909_124516,2,36.843487700,128.092837800,296.1590,0.000196,0.000196,0.000441,24.3689,-9.5442,0.0000
1788925673.899971008,20260909_124516,2,36.843487200,128.092838200,296.1870,0.000196,0.000196,0.000441,24.4046,-9.5997,0.0000
1788925673.999970913,20260909_124516,2,36.843486700,128.092838400,296.1850,0.000196,0.000196,0.000484,24.4224,-9.6552,0.0000
1788925674.099971056,20260909_124516,2,36.843486200,128.092838800,296.1890,0.000196,0.000196,0.000484,24.4581,-9.7107,0.0000
1788925674.199970961,20260909_124516,2,36.843485800,128.092839300,296.1930,0.000196,0.000196,0.000484,24.5027,-9.7551,0.0000
1788925674.299970865,20260909_124516,2,36.843485300,128.092839700,296.1960,0.000196,0.000196,0.000441,24.5383,-9.8106,0.0000
1788925674.399971008,20260909_124516,2,36.843484700,128.092840200,296.2380,0.000256,0.000256,0.000676,24.5829,-9.8772,0.0000
1788925674.499970913,20260909_124516,2,36.843484200,128.092840500,296.2270,0.000324,0.000324,0.000784,24.6097,-9.9327,0.0000
1788925674.599970818,20260909_124516,2,36.843483700,128.092840900,296.2250,0.000289,0.000289,0.000676,24.6454,-9.9882,0.0000
1788925674.699970961,20260909_124516,2,36.843483300,128.092841400,296.2270,0.000256,0.000256,0.000676,24.6900,-10.0325,0.0000
1788925674.799970865,20260909_124516,2,36.843482900,128.092841800,296.2320,0.000361,0.000361,0.000900,24.7257,-10.0769,0.0000
1788925674.899970770,20260909_124516,2,36.843482300,128.092842200,296.2390,0.000324,0.000324,0.000784,24.7613,-10.1435,0.0000
1788925674.999970913,20260909_124516,2,36.843481900,128.092842500,296.2380,0.000256,0.000256,0.000676,24.7881,-10.1879,0.0000
1788925675.099970818,20260909_124516,2,36.843481400,128.092842900,296.2490,0.000256,0.000256,0.000625,24.8238,-10.2434,0.0000
1788925675.199970722,20260909_124516,2,36.843480900,128.092843300,296.2660,0.000256,0.000256,0.000625,24.8595,-10.2989,0.0000
1788925675.299970865,20260909_124516,2,36.843480400,128.092843700,296.2790,0.000225,0.000225,0.000576,24.8951,-10.3544,0.0000
1788925675.399970770,20260909_124516,2,36.843480100,128.092844100,296.1940,0.000225,0.000225,0.000529,24.9308,-10.3877,0.0000
1788925675.499970675,20260909_124516,2,36.843479600,128.092844400,296.2070,0.000256,0.000256,0.000576,24.9576,-10.4432,0.0000
1788925675.599970818,20260909_124516,2,36.843479200,128.092844900,296.2070,0.000256,0.000256,0.000576,25.0022,-10.4876,0.0000
1788925675.699970722,20260909_124516,2,36.843478600,128.092845300,296.2080,0.000225,0.000225,0.000529,25.0379,-10.5541,0.0000
1788925675.799970627,20260909_124516,2,36.843478100,128.092845600,296.2180,0.000289,0.000289,0.000676,25.0646,-10.6096,0.0000
1788925675.899970770,20260909_124516,2,36.843477600,128.092845900,296.2120,0.000400,0.000400,0.000841,25.0914,-10.6651,0.0000
1788925675.999970675,20260909_124516,2,36.843477200,128.092846400,296.2000,0.000400,0.000400,0.000841,25.1360,-10.7095,0.0000
1788925676.099970579,20260909_124516,2,36.843476600,128.092846800,296.2210,0.000400,0.000400,0.000841,25.1717,-10.7761,0.0000
1788925676.199970722,20260909_124516,2,36.843476200,128.092847300,296.2090,0.000361,0.000361,0.000784,25.2163,-10.8205,0.0000
1788925676.299970627,20260909_124516,2,36.843475800,128.092847800,296.2300,0.000361,0.000361,0.000784,25.2609,-10.8649,0.0000
1788925676.399970531,20260909_124516,2,36.843475200,128.092848000,296.2500,0.000484,0.000484,0.001024,25.2787,-10.9315,0.0000
1788925676.499970436,20260909_124516,2,36.843474800,128.092848500,296.2480,0.000441,0.000441,0.001024,25.3233,-10.9759,0.0000
1788925676.599970579,20260909_124516,2,36.843474200,128.092848800,296.2700,0.000484,0.000484,0.001089,25.3501,-11.0425,0.0000
1788925676.699970484,20260909_124516,2,36.843473700,128.092849200,296.2780,0.000484,0.000484,0.001024,25.3857,-11.0980,0.0000
1788925676.799970388,20260909_124516,2,36.843473300,128.092849700,296.2520,0.000441,0.000441,0.000961,25.4303,-11.1423,0.0000
1788925676.899970531,20260909_124516,2,36.843472600,128.092850000,296.2800,0.000441,0.000441,0.000961,25.4571,-11.2200,0.0000
1788925676.999970436,20260909_124516,2,36.843472100,128.092850500,296.2950,0.000441,0.000441,0.000961,25.5017,-11.2755,0.0000
1788925677.099970341,20260909_124516,2,36.843471500,128.092850800,296.2850,0.000484,0.000484,0.001024,25.5284,-11.3421,0.0000
1788925677.199970484,20260909_124516,2,36.843471000,128.092851200,296.3000,0.000400,0.000400,0.000841,25.5641,-11.3976,0.0000
1788925677.299970388,20260909_124516,2,36.843470700,128.092851700,296.3030,0.000400,0.000400,0.000900,25.6087,-11.4309,0.0000
1788925677.399970293,20260909_124516,2,36.843470200,128.092852000,296.2970,0.000400,0.000400,0.000900,25.6355,-11.4864,0.0000
1788925677.499970436,20260909_124516,2,36.843469800,128.092852400,296.3070,0.000289,0.000289,0.000676,25.6712,-11.5308,0.0000
1788925677.599970341,20260909_124516,2,36.843469300,128.092852900,296.3190,0.000256,0.000256,0.000625,25.7158,-11.5863,0.0000
1788925677.699970245,20260909_124516,2,36.843468800,128.092853300,296.3230,0.000225,0.000225,0.000576,25.7514,-11.6418,0.0000
1788925677.799970388,20260909_124516,2,36.843468300,128.092853700,296.3200,0.000225,0.000225,0.000484,25.7871,-11.6972,0.0000
1788925677.899970293,20260909_124516,2,36.843467900,128.092854200,296.3350,0.000196,0.000196,0.000400,25.8317,-11.7416,0.0000
1788925677.999970198,20260909_124516,2,36.843467300,128.092854600,296.3360,0.000196,0.000196,0.000361,25.8674,-11.8082,0.0000
1788925678.099970341,20260909_124516,2,36.843466900,128.092855000,296.3370,0.000225,0.000225,0.000484,25.9031,-11.8526,0.0000
1788925678.199970245,20260909_124516,2,36.843466400,128.092855500,296.3460,0.000196,0.000196,0.000441,25.9477,-11.9081,0.0000
1788925678.299970150,20260909_124516,2,36.843465900,128.092855900,296.3390,0.000225,0.000225,0.000484,25.9834,-11.9636,0.0000
1788925678.399970293,20260909_124516,2,36.843465400,128.092856400,296.3310,0.000256,0.000256,0.000625,26.0280,-12.0191,0.0000
1788925678.499970198,20260909_124516,2,36.843465000,128.092856900,296.3530,0.000225,0.000225,0.000529,26.0726,-12.0635,0.0000
1788925678.599970102,20260909_124516,2,36.843464300,128.092857200,296.3380,0.000225,0.000225,0.000576,26.0993,-12.1412,0.0000
1788925678.699970245,20260909_124516,2,36.843463800,128.092857600,296.3420,0.000225,0.000225,0.000529,26.1350,-12.1966,0.0000
1788925678.799970150,20260909_124516,2,36.843463400,128.092858100,296.3450,0.000225,0.000225,0.000484,26.1796,-12.2410,0.0000
1788925678.899970055,20260909_124516,2,36.843463100,128.092858600,296.3450,0.000225,0.000225,0.000484,26.2242,-12.2743,0.0000
1788925678.999970198,20260909_124516,2,36.843462600,128.092859100,296.3440,0.000225,0.000225,0.000484,26.2688,-12.3298,0.0000
1788925679.099970102,20260909_124516,2,36.843462100,128.092859500,296.3620,0.000225,0.000225,0.000441,26.3045,-12.3853,0.0000
1788925679.199970007,20260909_124516,2,36.843461600,128.092860000,296.3580,0.000225,0.000225,0.000484,26.3491,-12.4408,0.0000
1788925679.299970150,20260909_124516,2,36.843461200,128.092860400,296.3430,0.000256,0.000256,0.000676,26.3848,-12.4852,0.0000
1788925679.399970055,20260909_124516,2,36.843460800,128.092861000,296.3540,0.000256,0.000256,0.000576,26.4383,-12.5296,0.0000
1788925679.499969959,20260909_124516,2,36.843460400,128.092861500,296.3210,0.000196,0.000196,0.000400,26.4829,-12.5740,0.0000
1788925679.599969864,20260909_124516,2,36.843459900,128.092861900,296.3410,0.000196,0.000196,0.000441,26.5186,-12.6295,0.0000
1788925679.699970007,20260909_124516,2,36.843459500,128.092862500,296.3250,0.000196,0.000196,0.000441,26.5721,-12.6739,0.0000
1788925679.799969912,20260909_124516,2,36.843459000,128.092863000,296.3370,0.000196,0.000196,0.000361,26.6167,-12.7294,0.0000
1788925679.899969816,20260909_124516,2,36.843458600,128.092863500,296.3350,0.000196,0.000196,0.000484,26.6613,-12.7737,0.0000
1788925679.999969959,20260909_124516,2,36.843458100,128.092864000,296.3520,0.000196,0.000196,0.000484,26.7059,-12.8292,0.0000
1788925680.099969864,20260909_124516,2,36.843457700,128.092864500,296.3450,0.000196,0.000196,0.000441,26.7505,-12.8736,0.0000
1788925680.199969769,20260909_124516,2,36.843457400,128.092865100,296.3300,0.000196,0.000196,0.000441,26.8040,-12.9069,0.0000
1788925680.299969912,20260909_124516,2,36.843456900,128.092865700,296.3280,0.000196,0.000196,0.000529,26.8575,-12.9624,0.0000
1788925680.399969816,20260909_124516,2,36.843456400,128.092866200,296.3190,0.000225,0.000225,0.000625,26.9021,-13.0179,0.0000
1788925680.499969721,20260909_124516,2,36.843455900,128.092866700,296.3320,0.000196,0.000196,0.000529,26.9467,-13.0734,0.0000
1788925680.599969864,20260909_124516,0,36.843455600,128.092867400,296.3490,0.000196,0.000196,0.000361,27.0091,-13.1067,0.0000
1788925680.699969769,20260909_124516,0,36.843455100,128.092867900,296.3540,0.000196,0.000196,0.000289,27.0537,-13.1622,0.0000
1788925680.799969673,20260909_124516,0,36.843454600,128.092868400,296.3470,0.000196,0.000196,0.000256,27.0983,-13.2177,0.0000
1788925680.899969816,20260909_124516,0,36.843454000,128.092868800,296.3640,0.000196,0.000196,0.000256,27.1340,-13.2842,0.0000
1788925680.999969721,20260909_124516,0,36.843453600,128.092869200,296.3640,0.000196,0.000196,0.000256,27.1697,-13.3286,0.0000
1788925681.099969625,20260909_124516,0,36.843453100,128.092869700,296.3630,0.000196,0.000196,0.000256,27.2143,-13.3841,0.0000
1788925681.199969769,20260909_124516,0,36.843452600,128.092870200,296.3670,0.000196,0.000196,0.000256,27.2589,-13.4396,0.0000
1788925681.299969673,20260909_124516,0,36.843452100,128.092870700,296.3690,0.000196,0.000196,0.000225,27.3035,-13.4951,0.0000
1788925681.399969578,20260909_124516,0,36.843451700,128.092871200,296.3730,0.000196,0.000196,0.000256,27.3481,-13.5395,0.0000
1788925681.499969721,20260909_124516,0,36.843451100,128.092871600,296.3820,0.000196,0.000196,0.000361,27.3838,-13.6061,0.0000
1788925681.599969625,20260909_124516,0,36.843450600,128.092872200,296.3760,0.000196,0.000196,0.000361,27.4373,-13.6616,0.0000
1788925681.699969530,20260909_124516,0,36.843450000,128.092872500,296.4100,0.000196,0.000196,0.000196,27.4641,-13.7282,0.0000
1788925681.799969673,20260909_124516,0,36.843449500,128.092872900,296.4160,0.000196,0.000196,0.000144,27.4997,-13.7837,0.0000
1788925681.899969578,20260909_124516,0,36.843448900,128.092873400,296.4050,0.000196,0.000196,0.000144,27.5443,-13.8502,0.0000
1788925681.999969482,20260909_124516,0,36.843448400,128.092873800,296.4210,0.000196,0.000196,0.000121,27.5800,-13.9057,0.0000
1788925682.099969625,20260909_124516,0,36.843448000,128.092874400,296.4250,0.000196,0.000196,0.000121,27.6335,-13.9501,0.0000
1788925682.199969530,20260909_124516,0,36.843447500,128.092874800,296.4170,0.000196,0.000196,0.000121,27.6692,-14.0056,0.0000
1788925682.299969435,20260909_124516,0,36.843447000,128.092875200,296.4070,0.000196,0.000196,0.000121,27.7049,-14.0611,0.0000
1788925682.399969578,20260909_124516,0,36.843446600,128.092875800,296.4190,0.000196,0.000196,0.000144,27.7584,-14.1055,0.0000
1788925682.499969482,20260909_124516,0,36.843446200,128.092876300,296.4430,0.000196,0.000196,0.000144,27.8030,-14.1499,0.0000
1788925682.599969387,20260909_124516,0,36.843445800,128.092876800,296.4360,0.000196,0.000196,0.000144,27.8476,-14.1943,0.0000
1788925682.699969292,20260909_124516,0,36.843445300,128.092877200,296.4360,0.000196,0.000196,0.000121,27.8833,-14.2498,0.0000
1788925682.799969435,20260909_124516,0,36.843444900,128.092877700,296.4540,0.000196,0.000196,0.000144,27.9279,-14.2942,0.0000
1788925682.899969339,20260909_124516,0,36.843444500,128.092878100,296.4440,0.000196,0.000196,0.000144,27.9636,-14.3386,0.0000
1788925682.999969244,20260909_124516,0,36.843443900,128.092878600,296.4680,0.000196,0.000196,0.000169,28.0082,-14.4051,0.0000
1788925683.099969387,20260909_124516,0,36.843443400,128.092879000,296.4570,0.000196,0.000196,0.000144,28.0438,-14.4606,0.0000
1788925683.199969292,20260909_124516,0,36.843442900,128.092879600,296.4710,0.000196,0.000196,0.000169,28.0974,-14.5161,0.0000
1788925683.299969196,20260909_124516,0,36.843442500,128.092880100,296.4680,0.000196,0.000196,0.000196,28.1420,-14.5605,0.0000
1788925683.399969339,20260909_124516,0,36.843442000,128.092880600,296.4640,0.000196,0.000196,0.000169,28.1866,-14.6160,0.0000
1788925683.499969244,20260909_124516,0,36.843441500,128.092881200,296.4710,0.000196,0.000196,0.000169,28.2401,-14.6715,0.0000
1788925683.599969149,20260909_124516,0,36.843441000,128.092881800,296.4330,0.000196,0.000196,0.000169,28.2936,-14.7270,0.0000
1788925683.699969292,20260909_124516,0,36.843440600,128.092882400,296.4310,0.000196,0.000196,0.000144,28.3471,-14.7714,0.0000
1788925683.799969196,20260909_124516,0,36.843440100,128.092883000,296.4410,0.000196,0.000196,0.000169,28.4006,-14.8269,0.0000
1788925683.899969101,20260909_124516,0,36.843439700,128.092883500,296.4370,0.000196,0.000196,0.000169,28.4452,-14.8713,0.0000
1788925683.999969244,20260909_124516,0,36.843439300,128.092884000,296.4410,0.000196,0.000196,0.000169,28.4898,-14.9156,0.0000
1788925684.099969149,20260909_124516,0,36.843438900,128.092884700,296.4440,0.000196,0.000196,0.000196,28.5523,-14.9600,0.0000
1788925684.199969053,20260909_124516,0,36.843438500,128.092885300,296.4480,0.000196,0.000196,0.000169,28.6058,-15.0044,0.0000
1788925684.299969196,20260909_124516,0,36.843438100,128.092885900,296.4410,0.000196,0.000196,0.000169,28.6593,-15.0488,0.0000
1788925684.399969101,20260909_124516,0,36.843437700,128.092886400,296.4410,0.000196,0.000196,0.000144,28.7039,-15.0932,0.0000
1788925684.499969006,20260909_124516,2,36.843436900,128.092886600,296.4720,0.000196,0.000196,0.000121,28.7217,-15.1820,0.0000
1788925684.599969149,20260909_124516,2,36.843436300,128.092887100,296.4880,0.000196,0.000196,0.000144,28.7663,-15.2486,0.0000
1788925684.699969053,20260909_124516,2,36.843436000,128.092887600,296.4770,0.000196,0.000196,0.000196,28.8109,-15.2819,0.0000
1788925684.799968958,20260909_124516,2,36.843435500,128.092888200,296.4760,0.000196,0.000196,0.000196,28.8645,-15.3374,0.0000
1788925684.899969101,20260909_124516,2,36.843435100,128.092888800,296.4850,0.000196,0.000196,0.000196,28.9180,-15.3818,0.0000
1788925684.999969006,20260909_124516,2,36.843434600,128.092889300,296.4870,0.000196,0.000196,0.000169,28.9626,-15.4373,0.0000
1788925685.099968910,20260909_124516,2,36.843434200,128.092889900,296.4790,0.000196,0.000196,0.000196,29.0161,-15.4816,0.0000
1788925685.199969053,20260909_124516,2,36.843433700,128.092890400,296.5000,0.000196,0.000196,0.000225,29.0607,-15.5371,0.0000
1788925685.299968958,20260909_124516,2,36.843433300,128.092891000,296.4880,0.000196,0.000196,0.000196,29.1142,-15.5815,0.0000
1788925685.399968863,20260909_124516,2,36.843432800,128.092891500,296.5220,0.000196,0.000196,0.000256,29.1588,-15.6370,0.0000
1788925685.499968767,20260909_124516,2,36.843432400,128.092892000,296.5310,0.000196,0.000196,0.000289,29.2034,-15.6814,0.0000
1788925685.599968910,20260909_124516,2,36.843431800,128.092892400,296.5460,0.000196,0.000196,0.000225,29.2391,-15.7480,0.0000
1788925685.699968815,20260909_124516,2,36.843431400,128.092893100,296.5190,0.000196,0.000196,0.000196,29.3015,-15.7924,0.0000
1788925685.799968719,20260909_124516,2,36.843430900,128.092893600,296.5310,0.000196,0.000196,0.000225,29.3461,-15.8479,0.0000
1788925685.899968863,20260909_124516,2,36.843430400,128.092894300,296.5160,0.000196,0.000196,0.000225,29.4086,-15.9034,0.0000
1788925685.999968767,20260909_124516,2,36.843429900,128.092894800,296.5240,0.000196,0.000196,0.000225,29.4532,-15.9589,0.0000
1788925686.099968672,20260909_124516,2,36.843429500,128.092895400,296.5370,0.000196,0.000196,0.000256,29.5067,-16.0032,0.0000
1788925686.199968815,20260909_124516,2,36.843429000,128.092895900,296.5520,0.000196,0.000196,0.000225,29.5513,-16.0587,0.0000
1788925686.299968719,20260909_124516,2,36.843428500,128.092896500,296.5140,0.000196,0.000196,0.000225,29.6048,-16.1142,0.0000
1788925686.399968624,20260909_124516,2,36.843428100,128.092897100,296.5360,0.000196,0.000196,0.000289,29.6583,-16.1586,0.0000
1788925686.499968767,20260909_124516,2,36.843427600,128.092897600,296.5180,0.000196,0.000196,0.000289,29.7029,-16.2141,0.0000
1788925686.599968672,20260909_124516,2,36.843427100,128.092898200,296.5300,0.000196,0.000196,0.000361,29.7565,-16.2696,0.0000
1788925686.699968576,20260909_124516,2,36.843426700,128.092898600,296.5370,0.000196,0.000196,0.000361,29.7921,-16.3140,0.0000
1788925686.799968719,20260909_124516,2,36.843426300,128.092899200,296.5400,0.000196,0.000196,0.000441,29.8456,-16.3584,0.0000
1788925686.899968624,20260909_124516,2,36.843425800,128.092899700,296.5600,0.000196,0.000196,0.000400,29.8902,-16.4139,0.0000
1788925686.999968529,20260909_124516,2,36.843425300,128.092900200,296.5470,0.000196,0.000196,0.000361,29.9348,-16.4694,0.0000
1788925687.099968672,20260909_124516,2,36.843424900,128.092901100,296.5330,0.000196,0.000196,0.000400,30.0151,-16.5138,0.0000
1788925687.199968576,20260909_124516,2,36.843424200,128.092901700,296.5380,0.000196,0.000196,0.000324,30.0686,-16.5914,0.0000
1788925687.299968481,20260909_124516,2,36.843423600,128.092902200,296.5760,0.000196,0.000196,0.000400,30.1132,-16.6580,0.0000
1788925687.399968624,20260909_124516,2,36.843423200,128.092902900,296.5780,0.000196,0.000196,0.000324,30.1757,-16.7024,0.0000
1788925687.499968529,20260909_124516,2,36.843422700,128.092903500,296.6010,0.000196,0.000196,0.000324,30.2292,-16.7579,0.0000
1788925687.599968433,20260909_124516,2,36.843422000,128.092903900,296.6290,0.000196,0.000196,0.000289,30.2649,-16.8356,0.0000
1788925687.699968576,20260909_124516,2,36.843421500,128.092904500,296.6270,0.000196,0.000196,0.000361,30.3184,-16.8911,0.0000
1788925687.799968481,20260909_124516,2,36.843421000,128.092905100,296.6480,0.000196,0.000196,0.000324,30.3719,-16.9466,0.0000
1788925687.899968386,20260909_124516,2,36.843420500,128.092905500,296.6470,0.000196,0.000196,0.000400,30.4076,-17.0021,0.0000
1788925687.999968529,20260909_124516,2,36.843420100,128.092905900,296.6590,0.000196,0.000196,0.000361,30.4433,-17.0465,0.0000
1788925688.099968433,20260909_124516,2,36.843419700,128.092906500,296.6520,0.000196,0.000196,0.000361,30.4968,-17.0908,0.0000
1788925688.199968338,20260909_124516,2,36.843419200,128.092907000,296.6430,0.000196,0.000196,0.000361,30.5414,-17.1463,0.0000
1788925688.299968243,20260909_124516,2,36.843418900,128.092907600,296.6210,0.000196,0.000196,0.000324,30.5949,-17.1796,0.0000
1788925688.399968386,20260909_124516,2,36.843418500,128.092908400,296.6250,0.000196,0.000196,0.000289,30.6663,-17.2240,0.0000
1788925688.499968290,20260909_124516,2,36.843418200,128.092908900,296.6180,0.000196,0.000196,0.000289,30.7109,-17.2573,0.0000
1788925688.599968195,20260909_124516,2,36.843417800,128.092909200,296.6400,0.000196,0.000196,0.000256,30.7376,-17.3017,0.0000
1788925688.699968338,20260909_124516,2,36.843417400,128.092909600,296.6350,0.000196,0.000196,0.000225,30.7733,-17.3461,0.0000
1788925688.799968243,20260909_124516,2,36.843417000,128.092910000,296.6150,0.000196,0.000196,0.000289,30.8090,-17.3905,0.0000
1788925688.899968147,20260909_124516,2,36.843416600,128.092910400,296.6300,0.000196,0.000196,0.000324,30.8447,-17.4349,0.0000
1788925688.999968290,20260909_124516,2,36.843416200,128.092910900,296.6610,0.000196,0.000196,0.000324,30.8893,-17.4793,0.0000
1788925689.099968195,20260909_124516,2,36.843415900,128.092911300,296.6370,0.000196,0.000196,0.000289,30.9249,-17.5126,0.0000
1788925689.199968100,20260909_124516,2,36.843415500,128.092911800,296.6750,0.000196,0.000196,0.000289,30.9695,-17.5570,0.0000
1788925689.299968243,20260909_124516,2,36.843415000,128.092912300,296.7200,0.000196,0.000196,0.000289,31.0141,-17.6125,0.0000
1788925689.399968147,20260909_124516,2,36.843414600,128.092912700,296.6820,0.000196,0.000196,0.000289,31.0498,-17.6568,0.0000
1788925689.499968052,20260909_124516,2,36.843414100,128.092913300,296.7210,0.000196,0.000196,0.000324,31.1033,-17.7123,0.0000
1788925689.599968195,20260909_124516,2,36.843413700,128.092913900,296.7430,0.000196,0.000196,0.000324,31.1569,-17.7567,0.0000
1788925689.699968100,20260909_124516,2,36.843413400,128.092914600,296.7360,0.000196,0.000196,0.000324,31.2193,-17.7900,0.0000
1788925689.799968004,20260909_124516,2,36.843413100,128.092915100,296.7210,0.000196,0.000196,0.000400,31.2639,-17.8233,0.0000
1788925689.899968147,20260909_124516,2,36.843412600,128.092915600,296.7140,0.000196,0.000196,0.000484,31.3085,-17.8788,0.0000
1788925689.999968052,20260909_124516,2,36.843412000,128.092916100,296.7600,0.000196,0.000196,0.000484,31.3531,-17.9454,0.0000
1788925690.099967957,20260909_124516,2,36.843411700,128.092916700,296.7670,0.000196,0.000196,0.000400,31.4066,-17.9787,0.0000
1788925690.199968100,20260909_124516,2,36.843411300,128.092917200,296.7600,0.000196,0.000196,0.000400,31.4512,-18.0231,0.0000
1788925690.299968004,20260909_124516,2,36.843410900,128.092917800,296.7880,0.000196,0.000196,0.000441,31.5047,-18.0675,0.0000
1788925690.399967909,20260909_124516,2,36.843410500,128.092918300,296.7830,0.000196,0.000196,0.000484,31.5493,-18.1119,0.0000
1788925690.499968052,20260909_124516,2,36.843410000,128.092918800,296.7710,0.000196,0.000196,0.000361,31.5939,-18.1673,0.0000
1788925690.599967957,20260909_124516,2,36.843409500,128.092919300,296.7850,0.000196,0.000196,0.000324,31.6385,-18.2228,0.0000
1788925690.699967861,20260909_124516,2,36.843409100,128.092919900,296.7940,0.000196,0.000196,0.000289,31.6921,-18.2672,0.0000
1788925690.799968004,20260909_124516,2,36.843408600,128.092920500,296.8220,0.000196,0.000196,0.000289,31.7456,-18.3227,0.0000
1788925690.899967909,20260909_124516,2,36.843408200,128.092921100,296.8390,0.000196,0.000196,0.000256,31.7991,-18.3671,0.0000
1788925690.999967813,20260909_124516,2,36.843407800,128.092921500,296.8440,0.000196,0.000196,0.000361,31.8348,-18.4115,0.0000
1788925691.099967957,20260909_124516,2,36.843407300,128.092922000,296.8630,0.000196,0.000196,0.000441,31.8794,-18.4670,0.0000
1788925691.199967861,20260909_124516,2,36.843406800,128.092922400,296.8550,0.000196,0.000196,0.000441,31.9151,-18.5225,0.0000
1788925691.299967766,20260909_124516,2,36.843406500,128.092923000,296.8800,0.000196,0.000196,0.000576,31.9686,-18.5558,0.0000
1788925691.399967670,20260909_124516,2,36.843406100,128.092923300,296.8990,0.000196,0.000196,0.000529,31.9953,-18.6002,0.0000
1788925691.499967813,20260909_124516,2,36.843405600,128.092923800,296.9140,0.000196,0.000196,0.000484,32.0399,-18.6557,0.0000
1788925691.599967718,20260909_124516,2,36.843405100,128.092924200,296.9510,0.000196,0.000196,0.000484,32.0756,-18.7111,0.0000
1788925691.699967623,20260909_124516,2,36.843404700,128.092924800,296.9410,0.000196,0.000196,0.000484,32.1291,-18.7555,0.0000
1788925691.799967766,20260909_124516,2,36.843404300,128.092925300,296.9720,0.000196,0.000196,0.000576,32.1737,-18.7999,0.0000
1788925691.899967670,20260909_124516,2,36.843403900,128.092925700,296.9890,0.000196,0.000196,0.000676,32.2094,-18.8443,0.0000
1788925691.999967575,20260909_124516,2,36.843403500,128.092926200,297.0070,0.000196,0.000196,0.000625,32.2540,-18.8887,0.0000
1788925692.099967718,20260909_124516,2,36.843403100,128.092926800,297.0230,0.000196,0.000196,0.000484,32.3075,-18.9331,0.0000
1788925692.199967623,20260909_124516,2,36.843402600,128.092927200,297.0380,0.000196,0.000196,0.000484,32.3432,-18.9886,0.0000
1788925692.299967527,20260909_124516,2,36.843402300,128.092927500,297.0250,0.000196,0.000196,0.000529,32.3700,-19.0219,0.0000
1788925692.399967670,20260909_124516,2,36.843401800,128.092927900,297.0800,0.000196,0.000196,0.000576,32.4056,-19.0774,0.0000
1788925692.499967575,20260909_124516,2,36.843401400,128.092928400,297.0770,0.000256,0.000256,0.000841,32.4502,-19.1218,0.0000
1788925692.599967480,20260909_124516,2,36.843400800,128.092928900,297.0850,0.000225,0.000225,0.000784,32.4948,-19.1884,0.0000
1788925692.699967623,20260909_124516,2,36.843400400,128.092929300,297.1080,0.000225,0.000225,0.000729,32.5305,-19.2328,0.0000
1788925692.799967527,20260909_124516,2,36.843399900,128.092929700,297.1290,0.000225,0.000225,0.000676,32.5662,-19.2882,0.0000
1788925692.899967432,20260909_124516,2,36.843399400,128.092930100,297.1650,0.000225,0.000225,0.000625,32.6019,-19.3437,0.0000
1788925692.999967575,20260909_124516,2,36.843399100,128.092930500,297.1660,0.000289,0.000289,0.000841,32.6376,-19.3770,0.0000
1788925693.099967480,20260909_124516,2,36.843398500,128.092931000,297.1830,0.000256,0.000256,0.000841,32.6822,-19.4436,0.0000
1788925693.199967384,20260909_124516,2,36.843398000,128.092931400,297.2060,0.000256,0.000256,0.000729,32.7178,-19.4991,0.0000
1788925693.299967527,20260909_124516,2,36.843397500,128.092931800,297.2650,0.000196,0.000196,0.000361,32.7535,-19.5546,0.0000
1788925693.399967432,20260909_124516,2,36.843397100,128.092932200,297.2830,0.000196,0.000196,0.000324,32.7892,-19.5990,0.0000
1788925693.499967337,20260909_124516,2,36.843396700,128.092932600,297.3030,0.000196,0.000196,0.000256,32.8249,-19.6434,0.0000
1788925693.599967480,20260909_124516,2,36.843396400,128.092933100,297.3110,0.000196,0.000196,0.000225,32.8695,-19.6767,0.0000
1788925693.699967384,20260909_124516,2,36.843395900,128.092933500,297.3400,0.000196,0.000196,0.000169,32.9052,-19.7322,0.0000
1788925693.799967289,20260909_124516,2,36.843395500,128.092934000,297.3520,0.000196,0.000196,0.000100,32.9498,-19.7766,0.0000
1788925693.899967432,20260909_124516,2,36.843395100,128.092934500,297.3650,0.000196,0.000196,0.000144,32.9944,-19.8209,0.0000
1788925693.999967337,20260909_124516,2,36.843394700,128.092935000,297.3850,0.000196,0.000196,0.000121,33.0390,-19.8653,0.0000
1788925694.099967241,20260909_124516,2,36.843394200,128.092935400,297.4140,0.000196,0.000196,0.000100,33.0746,-19.9208,0.0000
1788925694.199967146,20260909_124516,2,36.843393700,128.092935800,297.4170,0.000196,0.000196,0.000100,33.1103,-19.9763,0.0000
1788925694.299967289,20260909_124516,2,36.843393200,128.092936400,297.4350,0.000196,0.000196,0.000121,33.1638,-20.0318,0.0000
1788925694.399967194,20260909_124516,2,36.843392800,128.092937000,297.4340,0.000196,0.000196,0.000225,33.2174,-20.0762,0.0000
1788925694.499967098,20260909_124516,2,36.843392400,128.092937600,297.4370,0.000196,0.000196,0.000225,33.2709,-20.1206,0.0000
1788925694.599967241,20260909_124516,2,36.843391900,128.092938200,297.4480,0.000196,0.000196,0.000225,33.3244,-20.1761,0.0000
1788925694.699967146,20260909_124516,2,36.843391400,128.092938700,297.4500,0.000196,0.000196,0.000289,33.3690,-20.2316,0.0000
1788925694.799967051,20260909_124516,2,36.843390900,128.092939300,297.4770,0.000196,0.000196,0.000289,33.4225,-20.2871,0.0000
1788925694.899967194,20260909_124516,2,36.843390300,128.092939900,297.4780,0.000196,0.000196,0.000256,33.4760,-20.3536,0.0000
1788925694.999967098,20260909_124516,2,36.843389900,128.092940300,297.4870,0.000196,0.000196,0.000324,33.5117,-20.3980,0.0000
1788925695.099967003,20260909_124516,2,36.843389600,128.092940700,297.5360,0.000196,0.000196,0.000256,33.5474,-20.4313,0.0000
1788925695.199967146,20260909_124516,2,36.843389300,128.092941300,297.5390,0.000196,0.000196,0.000256,33.6009,-20.4646,0.0000
1788925695.299967051,20260909_124516,2,36.843388800,128.092941700,297.5520,0.000196,0.000196,0.000256,33.6366,-20.5201,0.0000
1788925695.399966955,20260909_124516,2,36.843388300,128.092942100,297.5910,0.000196,0.000196,0.000169,33.6723,-20.5756,0.0000
1788925695.499967098,20260909_124516,2,36.843387800,128.092942700,297.5890,0.000196,0.000196,0.000169,33.7258,-20.6311,0.0000
1788925695.599967003,20260909_124516,2,36.843387400,128.092943200,297.6370,0.000196,0.000196,0.000169,33.7704,-20.6755,0.0000
1788925695.699966908,20260909_124516,2,36.843386900,128.092943800,297.6300,0.000196,0.000196,0.000121,33.8239,-20.7310,0.0000
1788925695.799967051,20260909_124516,2,36.843386500,128.092944400,297.6300,0.000196,0.000196,0.000121,33.8774,-20.7754,0.0000
1788925695.899966955,20260909_124516,2,36.843386000,128.092945000,297.6530,0.000196,0.000196,0.000121,33.9309,-20.8309,0.0000
1788925695.999966860,20260909_124516,2,36.843385600,128.092945400,297.6440,0.000196,0.000196,0.000121,33.9666,-20.8753,0.0000
1788925696.099967003,20260909_124516,2,36.843385100,128.092945900,297.6700,0.000196,0.000196,0.000121,34.0112,-20.9307,0.0000
1788925696.199966908,20260909_124516,2,36.843384500,128.092946300,297.6750,0.000196,0.000196,0.000121,34.0469,-20.9973,0.0000
1788925696.299966812,20260909_124516,2,36.843384000,128.092946900,297.6670,0.000196,0.000196,0.000144,34.1004,-21.0528,0.0000
1788925696.399966955,20260909_124516,2,36.843383400,128.092947600,297.7110,0.000196,0.000196,0.000121,34.1629,-21.1194,0.0000
1788925696.499966860,20260909_124516,2,36.843382800,128.092948200,297.7080,0.000196,0.000196,0.000100,34.2164,-21.1860,0.0000
1788925696.599966764,20260909_124516,2,36.843382000,128.092948700,297.7140,0.000196,0.000196,0.000100,34.2610,-21.2748,0.0000
1788925696.699966908,20260909_124516,2,36.843381300,128.092949400,297.7180,0.000196,0.000196,0.000100,34.3234,-21.3525,0.0000
1788925696.799966812,20260909_124516,2,36.843380600,128.092950100,297.7520,0.000196,0.000196,0.000100,34.3859,-21.4302,0.0000
1788925696.899966717,20260909_124516,2,36.843379900,128.092950600,297.7440,0.000196,0.000196,0.000100,34.4305,-21.5078,0.0000
1788925696.999966621,20260909_124516,2,36.843379100,128.092951200,297.7550,0.000196,0.000196,0.000121,34.4840,-21.5966,0.0000
1788925697.099966764,20260909_124516,2,36.843378400,128.092951700,297.7530,0.000196,0.000196,0.000121,34.5286,-21.6743,0.0000
1788925697.199966669,20260909_124516,2,36.843377500,128.092952100,297.7620,0.000196,0.000196,0.000121,34.5643,-21.7742,0.0000
1788925697.299966574,20260909_124516,2,36.843376700,128.092952400,297.7660,0.000196,0.000196,0.000121,34.5910,-21.8630,0.0000
1788925697.399966717,20260909_124516,2,36.843375900,128.092952800,297.7280,0.000196,0.000196,0.000225,34.6267,-21.9518,0.0000
1788925697.499966621,20260909_124516,2,36.843375100,128.092953200,297.7440,0.000196,0.000196,0.000289,34.6624,-22.0405,0.0000
1788925697.599966526,20260909_124516,2,36.843374300,128.092953600,297.7360,0.000196,0.000196,0.000361,34.6980,-22.1293,0.0000
1788925697.699966669,20260909_124516,2,36.843373600,128.092953800,297.7620,0.000196,0.000196,0.000361,34.7159,-22.2070,0.0000
1788925697.799966574,20260909_124516,2,36.843372800,128.092954000,297.7580,0.000196,0.000196,0.000361,34.7337,-22.2958,0.0000
1788925697.899966478,20260909_124516,2,36.843372100,128.092954400,297.7540,0.000196,0.000196,0.000441,34.7694,-22.3735,0.0000
1788925697.999966621,20260909_124516,2,36.843371500,128.092954700,297.7400,0.000196,0.000196,0.000484,34.7962,-22.4401,0.0000
1788925698.099966526,20260909_124516,2,36.843370800,128.092954900,297.7670,0.000196,0.000196,0.000441,34.8140,-22.5178,0.0000
1788925698.199966431,20260909_124516,2,36.843370000,128.092955100,297.7590,0.000196,0.000196,0.000400,34.8318,-22.6065,0.0000
1788925698.299966574,20260909_124516,2,36.843369300,128.092955400,297.7580,0.000196,0.000196,0.000400,34.8586,-22.6842,0.0000
1788925698.399966478,20260909_124516,2,36.843368500,128.092955400,297.7800,0.000196,0.000196,0.000256,34.8586,-22.7730,0.0000
1788925698.499966383,20260909_124516,2,36.843367700,128.092955500,297.7760,0.000196,0.000196,0.000256,34.8675,-22.8618,0.0000
1788925698.599966526,20260909_124516,2,36.843367000,128.092955800,297.7520,0.000196,0.000196,0.000256,34.8943,-22.9395,0.0000
1788925698.699966431,20260909_124516,2,36.843366100,128.092956000,297.7830,0.000196,0.000196,0.000256,34.9121,-23.0394,0.0000
1788925698.799966335,20260909_124516,2,36.843365400,128.092956000,297.8000,0.000196,0.000196,0.000225,34.9121,-23.1170,0.0000
1788925698.899966478,20260909_124516,2,36.843364700,128.092956000,297.7930,0.000196,0.000196,0.000196,34.9121,-23.1947,0.0000
1788925698.999966383,20260909_124516,2,36.843363900,128.092956100,297.8120,0.000196,0.000196,0.000225,34.9210,-23.2835,0.0000
1788925699.099966288,20260909_124516,2,36.843363100,128.092956100,297.8140,0.000196,0.000196,0.000225,34.9211,-23.3723,0.0000
1788925699.199966431,20260909_124516,2,36.843362400,128.092956100,297.8380,0.000196,0.000196,0.000225,34.9211,-23.4500,0.0000
1788925699.299966335,20260909_124516,2,36.843361700,128.092956100,297.8230,0.000196,0.000196,0.000169,34.9211,-23.5277,0.0000
1788925699.399966240,20260909_124516,2,36.843360900,128.092956000,297.8340,0.000196,0.000196,0.000169,34.9121,-23.6165,0.0000
1788925699.499966383,20260909_124516,2,36.843360100,128.092956000,297.8340,0.000196,0.000196,0.000144,34.9121,-23.7052,0.0000
1788925699.599966288,20260909_124516,2,36.843359400,128.092955900,297.8280,0.000196,0.000196,0.000144,34.9032,-23.7829,0.0000
1788925699.699966192,20260909_124516,2,36.843358600,128.092955700,297.8580,0.000196,0.000196,0.000169,34.8854,-23.8717,0.0000
1788925699.799966097,20260909_124516,2,36.843357900,128.092955600,297.8170,0.000196,0.000196,0.000144,34.8765,-23.9494,0.0000
1788925699.899966240,20260909_124516,2,36.843357100,128.092955500,297.8460,0.000196,0.000196,0.000169,34.8675,-24.0382,0.0000
1788925699.999966145,20260909_124516,2,36.843356300,128.092955100,297.8380,0.000196,0.000196,0.000169,34.8319,-24.1270,0.0000
1788925700.099966049,20260909_124516,2,36.843355500,128.092954800,297.8560,0.000196,0.000196,0.000169,34.8051,-24.2157,0.0000
1788925700.199966192,20260909_124516,2,36.843354600,128.092954500,297.8320,0.000196,0.000196,0.000225,34.7783,-24.3156,0.0000
1788925700.299966097,20260909_124516,2,36.843353800,128.092954100,297.8080,0.000196,0.000196,0.000196,34.7427,-24.4044,0.0000
1788925700.399966002,20260909_124516,2,36.843352900,128.092953800,297.8600,0.000196,0.000196,0.000256,34.7159,-24.5043,0.0000
1788925700.499966145,20260909_124516,2,36.843352100,128.092953300,297.8450,0.000196,0.000196,0.000225,34.6713,-24.5931,0.0000
1788925700.599966049,20260909_124516,2,36.843351200,128.092952700,297.8640,0.000196,0.000196,0.000196,34.6178,-24.6930,0.0000
1788925700.699965954,20260909_124516,2,36.843350400,128.092952300,297.8820,0.000196,0.000196,0.000225,34.5821,-24.7817,0.0000
1788925700.799966097,20260909_124516,2,36.843349600,128.092951700,297.8890,0.000196,0.000196,0.000225,34.5286,-24.8705,0.0000
1788925700.899966002,20260909_124516,2,36.843348900,128.092951000,297.8900,0.000196,0.000196,0.000256,34.4661,-24.9482,0.0000
1788925700.999965906,20260909_124516,2,36.843348100,128.092950200,297.8850,0.000196,0.000196,0.000196,34.3948,-25.0370,0.0000
1788925701.099966049,20260909_124516,2,36.843347300,128.092949400,297.9150,0.000196,0.000196,0.000225,34.3234,-25.1258,0.0000
1788925701.199965954,20260909_124516,2,36.843346600,128.092948700,297.9090,0.000196,0.000196,0.000225,34.2610,-25.2035,0.0000
1788925701.299965858,20260909_124516,2,36.843346000,128.092948000,297.9070,0.000196,0.000196,0.000256,34.1986,-25.2701,0.0000
1788925701.399966002,20260909_124516,2,36.843345300,128.092947500,297.9040,0.000196,0.000196,0.000225,34.1540,-25.3477,0.0000
1788925701.499965906,20260909_124516,2,36.843344700,128.092946900,297.8910,0.000196,0.000196,0.000256,34.1004,-25.4143,0.0000
1788925701.599965811,20260909_124516,2,36.843344200,128.092946400,297.8980,0.000196,0.000196,0.000256,34.0558,-25.4698,0.0000
1788925701.699965954,20260909_124516,2,36.843343600,128.092945700,297.9020,0.000196,0.000196,0.000225,33.9934,-25.5364,0.0000
1788925701.799965858,20260909_124516,2,36.843343000,128.092945100,297.8950,0.000196,0.000196,0.000256,33.9399,-25.6030,0.0000
1788925701.899965763,20260909_124516,2,36.843342400,128.092944400,297.9050,0.000196,0.000196,0.000225,33.8774,-25.6696,0.0000
1788925701.999965906,20260909_124516,2,36.843341800,128.092943600,297.8980,0.000196,0.000196,0.000256,33.8061,-25.7362,0.0000
1788925702.099965811,20260909_124516,2,36.843341200,128.092942900,297.9150,0.000196,0.000196,0.000225,33.7436,-25.8028,0.0000
1788925702.199965715,20260909_124516,2,36.843340600,128.092942200,297.9050,0.000196,0.000196,0.000256,33.6812,-25.8694,0.0000
1788925702.299965858,20260909_124516,2,36.843340100,128.092941700,297.8980,0.000196,0.000196,0.000169,33.6366,-25.9248,0.0000
1788925702.399965763,20260909_124516,2,36.843339600,128.092941000,297.9180,0.000196,0.000196,0.000169,33.5742,-25.9803,0.0000
1788925702.499965668,20260909_124516,2,36.843339100,128.092940200,297.9110,0.000196,0.000196,0.000169,33.5028,-26.0358,0.0000
1788925702.599965811,20260909_124516,2,36.843338500,128.092939600,297.9110,0.000196,0.000196,0.000169,33.4493,-26.1024,0.0000
1788925702.699965715,20260909_124516,2,36.843338000,128.092939000,297.9120,0.000196,0.000196,0.000144,33.3958,-26.1579,0.0000
1788925702.799965620,20260909_124516,2,36.843337400,128.092938300,297.9240,0.000196,0.000196,0.000144,33.3333,-26.2245,0.0000
1788925702.899965525,20260909_124516,2,36.843336900,128.092937600,297.9110,0.000196,0.000196,0.000169,33.2709,-26.2800,0.0000
1788925702.999965668,20260909_124516,2,36.843336300,128.092936900,297.9240,0.000196,0.000196,0.000196,33.2085,-26.3466,0.0000
1788925703.099965572,20260909_124516,2,36.843335700,128.092936200,297.9470,0.000196,0.000196,0.000225,33.1460,-26.4132,0.0000
1788925703.199965477,20260909_124516,2,36.843335200,128.092935400,297.9340,0.000196,0.000196,0.000196,33.0747,-26.4686,0.0000
1788925703.299965620,20260909_124516,2,36.843334600,128.092934500,297.9500,0.000196,0.000196,0.000256,32.9944,-26.5352,0.0000
1788925703.399965525,20260909_124516,2,36.843334100,128.092933700,297.9570,0.000196,0.000196,0.000225,32.9230,-26.5907,0.0000
1788925703.499965429,20260909_124516,2,36.843333500,128.092932800,297.9660,0.000196,0.000196,0.000225,32.8427,-26.6573,0.0000
1788925703.599965572,20260909_124516,2,36.843333000,128.092931800,297.9610,0.000196,0.000196,0.000225,32.7536,-26.7128,0.0000
1788925703.699965477,20260909_124516,2,36.843332500,128.092930800,297.9740,0.000196,0.000196,0.000196,32.6644,-26.7683,0.0000
1788925703.799965382,20260909_124516,2,36.843332100,128.092929900,297.9650,0.000196,0.000196,0.000196,32.5841,-26.8127,0.0000
1788925703.899965525,20260909_124516,2,36.843331600,128.092929000,297.9940,0.000196,0.000196,0.000196,32.5038,-26.8682,0.0000
1788925703.999965429,20260909_124516,2,36.843331200,128.092928000,297.9850,0.000196,0.000196,0.000256,32.4146,-26.9126,0.0000
1788925704.099965334,20260909_124516,2,36.843330800,128.092927000,297.9730,0.000196,0.000196,0.000169,32.3254,-26.9570,0.0000
1788925704.199965477,20260909_124516,2,36.843330300,128.092926100,297.9910,0.000196,0.000196,0.000169,32.2451,-27.0124,0.0000
1788925704.299965382,20260909_124516,2,36.843330000,128.092925100,297.9910,0.000196,0.000196,0.000144,32.1559,-27.0457,0.0000
1788925704.399965286,20260909_124516,2,36.843329500,128.092924100,298.0140,0.000196,0.000196,0.000256,32.0667,-27.1012,0.0000
1788925704.499965429,20260909_124516,2,36.843329100,128.092923000,297.9960,0.000196,0.000196,0.000289,31.9686,-27.1456,0.0000
1788925704.599965334,20260909_124516,2,36.843328700,128.092922000,298.0230,0.000196,0.000196,0.000324,31.8794,-27.1900,0.0000
1788925704.699965239,20260909_124516,2,36.843328400,128.092921000,298.0190,0.000196,0.000196,0.000256,31.7902,-27.2233,0.0000
1788925704.799965382,20260909_124516,2,36.843328100,128.092919900,298.0250,0.000196,0.000196,0.000225,31.6921,-27.2566,0.0000
1788925704.899965286,20260909_124516,2,36.843327800,128.092918900,298.0520,0.000196,0.000196,0.000225,31.6029,-27.2899,0.0000
1788925704.999965191,20260909_124516,2,36.843327500,128.092917900,298.0380,0.000196,0.000196,0.000225,31.5137,-27.3232,0.0000
1788925705.099965334,20260909_124516,2,36.843327100,128.092916800,298.0290,0.000196,0.000196,0.000256,31.4156,-27.3676,0.0000
1788925705.199965239,20260909_124516,2,36.843326900,128.092915700,298.0490,0.000196,0.000196,0.000256,31.3175,-27.3898,0.0000
1788925705.299965143,20260909_124516,2,36.843326600,128.092914700,298.0400,0.000196,0.000196,0.000256,31.2283,-27.4231,0.0000
1788925705.399965286,20260909_124516,2,36.843326300,128.092913600,298.0360,0.000196,0.000196,0.000256,31.1301,-27.4564,0.0000
1788925705.499965191,20260909_124516,2,36.843326100,128.092912600,298.0350,0.000196,0.000196,0.000289,31.0409,-27.4786,0.0000
1788925705.599965096,20260909_124516,2,36.843325900,128.092911500,298.0350,0.000196,0.000196,0.000256,30.9428,-27.5008,0.0000
1788925705.699965239,20260909_124516,2,36.843325700,128.092910500,298.0530,0.000196,0.000196,0.000289,30.8536,-27.5230,0.0000
1788925705.799965143,20260909_124516,2,36.843325500,128.092909500,298.0570,0.000196,0.000196,0.000361,30.7644,-27.5452,0.0000
1788925705.899965048,20260909_124516,2,36.843325300,128.092908600,298.0720,0.000196,0.000196,0.000441,30.6842,-27.5674,0.0000
1788925705.999964952,20260909_124516,2,36.843325100,128.092907700,298.0590,0.000196,0.000196,0.000441,30.6039,-27.5896,0.0000
1788925706.099965096,20260909_124516,2,36.843324800,128.092906800,298.0760,0.000196,0.000196,0.000484,30.5236,-27.6228,0.0000
1788925706.199965000,20260909_124516,2,36.843324700,128.092905900,298.0780,0.000196,0.000196,0.000400,30.4433,-27.6339,0.0000
1788925706.299964905,20260909_124516,2,36.843324600,128.092905200,298.0930,0.000196,0.000196,0.000256,30.3809,-27.6450,0.0000
1788925706.399965048,20260909_124516,2,36.843324300,128.092904400,298.0860,0.000196,0.000196,0.000225,30.3095,-27.6783,0.0000
1788925706.499964952,20260909_124516,2,36.843324200,128.092903600,298.0890,0.000196,0.000196,0.000225,30.2382,-27.6894,0.0000
1788925706.599964857,20260909_124516,2,36.843324000,128.092902700,298.0970,0.000196,0.000196,0.000196,30.1579,-27.7116,0.0000
1788925706.699965000,20260909_124516,2,36.843323800,128.092902000,298.1100,0.000196,0.000196,0.000225,30.0955,-27.7338,0.0000
1788925706.799964905,20260909_124516,2,36.843323700,128.092901200,298.1010,0.000196,0.000196,0.000256,30.0241,-27.7449,0.0000
1788925706.899964809,20260909_124516,2,36.843323500,128.092900600,298.1100,0.000196,0.000196,0.000289,29.9706,-27.7671,0.0000
1788925706.999964952,20260909_124516,2,36.843323400,128.092900100,298.1230,0.000196,0.000196,0.000256,29.9260,-27.7782,0.0000
1788925707.099964857,20260909_124516,2,36.843323200,128.092899600,298.1160,0.000196,0.000196,0.000289,29.8814,-27.8004,0.0000
1788925707.199964762,20260909_124516,2,36.843323200,128.092899300,298.1210,0.000196,0.000196,0.000361,29.8546,-27.8004,0.0000
1788925707.299964905,20260909_124516,2,36.843323000,128.092898900,298.1130,0.000196,0.000196,0.000256,29.8189,-27.8226,0.0000
1788925707.399964809,20260909_124516,2,36.843322900,128.092898700,298.1130,0.000196,0.000196,0.000225,29.8011,-27.8337,0.0000
1788925707.499964714,20260909_124516,2,36.843322900,128.092898500,298.1160,0.000196,0.000196,0.000225,29.7833,-27.8337,0.0000
1788925707.599964857,20260909_124516,2,36.843322800,128.092898500,298.1040,0.000196,0.000196,0.000225,29.7833,-27.8448,0.0000
1788925707.699964762,20260909_124516,2,36.843322800,128.092898600,298.1050,0.000196,0.000196,0.000225,29.7922,-27.8448,0.0000
1788925707.799964666,20260909_124516,2,36.843322900,128.092898600,298.1100,0.000196,0.000196,0.000196,29.7922,-27.8337,0.0000
1788925707.899964809,20260909_124516,2,36.843322900,128.092898700,298.1140,0.000196,0.000196,0.000225,29.8011,-27.8337,0.0000
1788925707.999964714,20260909_124516,2,36.843322900,128.092898800,298.1250,0.000196,0.000196,0.000196,29.8100,-27.8337,0.0000
1788925708.099964619,20260909_124516,2,36.843322900,128.092898700,298.1150,0.000196,0.000196,0.000225,29.8011,-27.8337,0.0000
1788925708.199964762,20260909_124516,2,36.843322900,128.092898700,298.1130,0.000196,0.000196,0.000225,29.8011,-27.8337,0.0000
1788925708.299964666,20260909_124516,2,36.843323000,128.092898700,298.1100,0.000196,0.000196,0.000324,29.8011,-27.8226,0.0000
1788925708.399964571,20260909_124516,2,36.843323000,128.092898700,298.1020,0.000196,0.000196,0.000361,29.8011,-27.8226,0.0000
1788925708.499964714,20260909_124516,2,36.843323000,128.092898700,298.1070,0.000196,0.000196,0.000361,29.8011,-27.8226,0.0000
1788925708.599964619,20260909_124516,2,36.843322900,128.092898700,298.0920,0.000196,0.000196,0.000361,29.8011,-27.8337,0.0000
1788925708.699964523,20260909_124516,2,36.843322900,128.092898700,298.0930,0.000196,0.000196,0.000324,29.8011,-27.8337,0.0000
1788925708.799964666,20260909_124516,2,36.843323000,128.092898700,298.0990,0.000196,0.000196,0.000289,29.8011,-27.8226,0.0000
1788925708.899964571,20260909_124516,2,36.843323000,128.092898600,298.0980,0.000196,0.000196,0.000289,29.7922,-27.8226,0.0000
1788925708.999964476,20260909_124516,2,36.843322900,128.092898500,298.0880,0.000196,0.000196,0.000289,29.7833,-27.8337,0.0000
1788925709.099964380,20260909_124516,2,36.843322800,128.092898300,298.1010,0.000196,0.000196,0.000289,29.7654,-27.8448,0.0000
1788925709.199964523,20260909_124516,2,36.843322900,128.092898000,298.1000,0.000196,0.000196,0.000289,29.7387,-27.8337,0.0000
1788925709.299964428,20260909_124516,2,36.843322800,128.092897700,298.1010,0.000196,0.000196,0.000289,29.7119,-27.8448,0.0000
1788925709.399964333,20260909_124516,2,36.843322800,128.092897400,298.1100,0.000196,0.000196,0.000289,29.6851,-27.8448,0.0000
1788925709.499964476,20260909_124516,2,36.843322700,128.092897000,298.1100,0.000196,0.000196,0.000324,29.6495,-27.8559,0.0000
1788925709.599964380,20260909_124516,2,36.843322600,128.092896600,298.0940,0.000196,0.000196,0.000361,29.6138,-27.8670,0.0000
1788925709.699964285,20260909_124516,2,36.843322500,128.092896100,298.0880,0.000196,0.000196,0.000361,29.5692,-27.8781,0.0000
1788925709.799964428,20260909_124516,2,36.843322500,128.092895600,298.0890,0.000196,0.000196,0.000361,29.5246,-27.8781,0.0000
1788925709.899964333,20260909_124516,2,36.843322400,128.092895100,298.1010,0.000196,0.000196,0.000400,29.4800,-27.8892,0.0000
1788925709.999964237,20260909_124516,2,36.843322400,128.092894600,298.1120,0.000196,0.000196,0.000400,29.4354,-27.8892,0.0000
1788925710.099964380,20260909_124516,2,36.843322300,128.092894100,298.1080,0.000196,0.000196,0.000400,29.3908,-27.9003,0.0000
1788925710.199964285,20260909_124516,2,36.843322300,128.092893700,298.1130,0.000196,0.000196,0.000400,29.3551,-27.9003,0.0000
1788925710.299964190,20260909_124516,2,36.843322100,128.092893300,298.1240,0.000196,0.000196,0.000225,29.3194,-27.9225,0.0000
1788925710.399964333,20260909_124516,2,36.843322100,128.092892900,298.1370,0.000196,0.000196,0.000225,29.2837,-27.9225,0.0000
1788925710.499964237,20260909_124516,2,36.843322100,128.092892700,298.1420,0.000196,0.000196,0.000196,29.2659,-27.9225,0.0000
1788925710.599964142,20260909_124516,2,36.843322000,128.092892400,298.1360,0.000196,0.000196,0.000196,29.2391,-27.9336,0.0000
1788925710.699964285,20260909_124516,2,36.843322000,128.092892100,298.1430,0.000196,0.000196,0.000196,29.2124,-27.9336,0.0000
1788925710.799964190,20260909_124516,2,36.843321900,128.092891900,298.1460,0.000196,0.000196,0.000169,29.1946,-27.9447,0.0000
1788925710.899964094,20260909_124516,2,36.843321900,128.092891800,298.1380,0.000196,0.000196,0.000169,29.1856,-27.9447,0.0000
1788925710.999964237,20260909_124516,2,36.843321900,128.092891800,298.1380,0.000196,0.000196,0.000144,29.1856,-27.9447,0.0000
1788925711.099964142,20260909_124516,2,36.843321900,128.092891800,298.1340,0.000196,0.000196,0.000169,29.1856,-27.9447,0.0000
1788925711.199964046,20260909_124516,2,36.843322000,128.092891900,298.1420,0.000196,0.000196,0.000169,29.1946,-27.9336,0.0000
1788925711.299964190,20260909_124516,2,36.843321900,128.092892000,298.1330,0.000196,0.000196,0.000225,29.2035,-27.9447,0.0000
1788925711.399964094,20260909_124516,2,36.843321900,128.092891900,298.1410,0.000196,0.000196,0.000256,29.1946,-27.9447,0.0000
1788925711.499963999,20260909_124516,2,36.843321900,128.092891900,298.1530,0.000196,0.000196,0.000256,29.1946,-27.9447,0.0000
1788925711.599964142,20260909_124516,2,36.843321900,128.092891900,298.1350,0.000196,0.000196,0.000256,29.1946,-27.9447,0.0000
1788925711.699964046,20260909_124516,2,36.843321900,128.092891900,298.1380,0.000196,0.000196,0.000256,29.1946,-27.9447,0.0000
1788925711.799963951,20260909_124516,2,36.843321900,128.092891900,298.1460,0.000196,0.000196,0.000289,29.1946,-27.9447,0.0000
1788925711.899964094,20260909_124516,2,36.843321900,128.092891900,298.1420,0.000196,0.000196,0.000256,29.1946,-27.9447,0.0000
1788925711.999963999,20260909_124516,2,36.843321900,128.092891900,298.1570,0.000196,0.000196,0.000289,29.1946,-27.9447,0.0000
1788925712.099963903,20260909_124516,2,36.843321900,128.092891900,298.1490,0.000196,0.000196,0.000361,29.1946,-27.9447,0.0000
1788925712.199963808,20260909_124516,2,36.843321900,128.092892000,298.1570,0.000196,0.000196,0.000324,29.2035,-27.9447,0.0000
1788925712.399963856,20260909_124516,2,36.843321900,128.092891900,298.1580,0.000196,0.000196,0.000256,29.1946,-27.9447,0.0000
1788925712.499963760,20260909_124516,2,36.843321800,128.092892100,298.1890,0.000196,0.000196,0.000289,29.2124,-27.9558,0.0000
1788925712.599963903,20260909_124516,2,36.843321600,128.092892200,298.1750,0.000196,0.000196,0.000289,29.2213,-27.9780,0.0000
1788925712.699963808,20260909_124516,2,36.843321700,128.092892100,298.1350,0.000196,0.000196,0.000361,29.2124,-27.9669,0.0000
1788925712.799963713,20260909_124516,2,36.843321700,128.092892000,298.1180,0.000196,0.000196,0.000324,29.2035,-27.9669,0.0000
1788925712.899963856,20260909_124516,2,36.843321700,128.092892000,298.1340,0.000196,0.000196,0.000289,29.2035,-27.9669,0.0000
1788925712.999963760,20260909_124516,2,36.843321800,128.092891900,298.1320,0.000196,0.000196,0.000256,29.1946,-27.9558,0.0000
1788925713.099963665,20260909_124516,2,36.843321800,128.092891900,298.1590,0.000196,0.000196,0.000196,29.1946,-27.9558,0.0000
1788925713.199963808,20260909_124516,2,36.843321800,128.092892000,298.1540,0.000196,0.000196,0.000169,29.2035,-27.9558,0.0000
1788925713.299963713,20260909_124516,2,36.843321800,128.092892000,298.1540,0.000196,0.000196,0.000144,29.2035,-27.9558,0.0000
1788925713.399963617,20260909_124516,2,36.843321800,128.092892000,298.1490,0.000196,0.000196,0.000144,29.2035,-27.9558,0.0000
1788925713.499963760,20260909_124516,2,36.843321900,128.092892100,298.1510,0.000196,0.000196,0.000121,29.2124,-27.9447,0.0000
1788925713.599963665,20260909_124516,2,36.843321900,128.092892000,298.1510,0.000196,0.000196,0.000121,29.2035,-27.9447,0.0000
1788925713.699963570,20260909_124516,2,36.843321800,128.092892000,298.1490,0.000196,0.000196,0.000121,29.2035,-27.9558,0.0000
1788925713.799963713,20260909_124516,2,36.843321800,128.092891900,298.1370,0.000196,0.000196,0.000121,29.1946,-27.9558,0.0000
1788925713.899963617,20260909_124516,2,36.843321700,128.092892000,298.1040,0.000196,0.000196,0.000144,29.2035,-27.9669,0.0000
1788925713.999963522,20260909_124516,2,36.843321600,128.092892100,298.1070,0.000196,0.000196,0.000256,29.2124,-27.9780,0.0000
1788925714.099963665,20260909_124516,2,36.843321800,128.092892200,298.1020,0.000196,0.000196,0.000225,29.2213,-27.9558,0.0000
1788925714.199963570,20260909_124516,2,36.843322000,128.092892100,298.1700,0.000196,0.000196,0.000225,29.2124,-27.9336,0.0000
1788925714.299963474,20260909_124516,2,36.843321800,128.092892000,298.1530,0.000196,0.000196,0.000196,29.2035,-27.9558,0.0000
1788925714.399963617,20260909_124516,2,36.843322000,128.092892000,298.1150,0.000196,0.000196,0.000169,29.2035,-27.9336,0.0000
1788925714.499963522,20260909_124516,2,36.843322000,128.092892000,298.1420,0.000196,0.000196,0.000144,29.2035,-27.9336,0.0000
1788925714.599963427,20260909_124516,2,36.843322000,128.092892000,298.1320,0.000196,0.000196,0.000144,29.2035,-27.9336,0.0000
1788925714.699963570,20260909_124516,2,36.843322000,128.092892000,298.1300,0.000196,0.000196,0.000121,29.2035,-27.9336,0.0000
1788925714.799963474,20260909_124516,2,36.843322000,128.092892000,298.1380,0.000196,0.000196,0.000144,29.2035,-27.9336,0.0000
1788925714.899963379,20260909_124516,2,36.843322000,128.092892100,298.1370,0.000196,0.000196,0.000144,29.2124,-27.9336,0.0000
1788925714.999963522,20260909_124516,2,36.843322000,128.092892000,298.1270,0.000196,0.000196,0.000144,29.2035,-27.9336,0.0000
1788925715.099963427,20260909_124516,2,36.843322000,128.092892000,298.1420,0.000196,0.000196,0.000144,29.2035,-27.9336,0.0000
1788925715.199963331,20260909_124516,2,36.843322000,128.092892000,298.1380,0.000196,0.000196,0.000144,29.2035,-27.9336,0.0000
1788925715.299963236,20260909_124516,2,36.843321900,128.092891900,298.1310,0.000196,0.000196,0.000169,29.1946,-27.9447,0.0000
1788925715.399963379,20260909_124516,2,36.843321900,128.092891900,298.1340,0.000196,0.000196,0.000169,29.1946,-27.9447,0.0000
1788925715.499963284,20260909_124516,2,36.843321900,128.092892000,298.1290,0.000196,0.000196,0.000169,29.2035,-27.9447,0.0000
1788925715.599963188,20260909_124516,2,36.843321900,128.092891900,298.1330,0.000196,0.000196,0.000169,29.1946,-27.9447,0.0000
1788925715.699963331,20260909_124516,2,36.843321900,128.092891900,298.1280,0.000196,0.000196,0.000169,29.1946,-27.9447,0.0000
1788925715.799963236,20260909_124516,2,36.843321900,128.092891900,298.1350,0.000196,0.000196,0.000196,29.1946,-27.9447,0.0000
1788925715.899963140,20260909_124516,2,36.843321900,128.092891900,298.1280,0.000196,0.000196,0.000196,29.1946,-27.9447,0.0000
1788925715.999963284,20260909_124516,2,36.843321900,128.092891900,298.1200,0.000196,0.000196,0.000196,29.1946,-27.9447,0.0000
1788925716.099963188,20260909_124516,2,36.843322000,128.092891900,298.1270,0.000196,0.000196,0.000196,29.1946,-27.9336,0.0000
1788925716.199963093,20260909_124516,2,36.843321900,128.092891900,298.1270,0.000196,0.000196,0.000196,29.1946,-27.9447,0.0000
1788925716.299963236,20260909_124516,2,36.843321900,128.092892000,298.1600,0.000196,0.000196,0.000361,29.2035,-27.9447,0.0000
1788925716.399963140,20260909_124516,2,36.843321900,128.092891900,298.1410,0.000196,0.000196,0.000400,29.1946,-27.9447,0.0000
1788925716.499963045,20260909_124516,2,36.843321900,128.092891900,298.1490,0.000196,0.000196,0.000400,29.1946,-27.9447,0.0000
1788925716.599963188,20260909_124516,2,36.843321900,128.092892000,298.1560,0.000196,0.000196,0.000441,29.2035,-27.9447,0.0000
1788925716.699963093,20260909_124516,2,36.843321900,128.092891900,298.1390,0.000196,0.000196,0.000361,29.1946,-27.9447,0.0000
1788925716.799962997,20260909_124516,2,36.843321900,128.092891900,298.1300,0.000196,0.000196,0.000441,29.1946,-27.9447,0.0000
1788925716.899963140,20260909_124516,2,36.843322000,128.092891900,298.1450,0.000196,0.000196,0.000441,29.1946,-27.9336,0.0000
1788925716.999963045,20260909_124516,2,36.843322000,128.092891900,298.1310,0.000196,0.000196,0.000441,29.1946,-27.9336,0.0000
1788925717.099962950,20260909_124516,2,36.843321900,128.092892000,298.1300,0.000196,0.000196,0.000484,29.2035,-27.9447,0.0000
1788925717.199963093,20260909_124516,2,36.843322000,128.092892000,298.1420,0.000196,0.000196,0.000529,29.2035,-27.9336,0.0000
1788925717.299962997,20260909_124516,2,36.843322000,128.092891900,298.1000,0.000196,0.000196,0.000225,29.1946,-27.9336,0.0000
1788925717.399962902,20260909_124516,2,36.843322000,128.092891900,298.1100,0.000196,0.000196,0.000196,29.1946,-27.9336,0.0000
1788925717.499963045,20260909_124516,2,36.843322000,128.092891900,298.1100,0.000196,0.000196,0.000225,29.1946,-27.9336,0.0000
1788925717.599962950,20260909_124516,2,36.843322000,128.092891900,298.1070,0.000196,0.000196,0.000225,29.1946,-27.9336,0.0000
1788925717.699962854,20260909_124516,2,36.843322000,128.092891900,298.1120,0.000196,0.000196,0.000196,29.1946,-27.9336,0.0000
1788925717.799962997,20260909_124516,2,36.843322000,128.092892000,298.1050,0.000196,0.000196,0.000225,29.2035,-27.9336,0.0000
1788925717.899962902,20260909_124516,2,36.843322000,128.092891900,298.1090,0.000196,0.000196,0.000196,29.1946,-27.9336,0.0000
1788925717.999962807,20260909_124516,2,36.843322000,128.092892000,298.1090,0.000196,0.000196,0.000196,29.2035,-27.9336,0.0000
1788925718.099962950,20260909_124516,2,36.843322000,128.092892000,298.1080,0.000196,0.000196,0.000225,29.2035,-27.9336,0.0000
1788925718.199962854,20260909_124516,2,36.843322000,128.092892000,298.1090,0.000196,0.000196,0.000196,29.2035,-27.9336,0.0000
1788925718.299962759,20260909_124516,2,36.843322000,128.092891900,298.1180,0.000196,0.000196,0.000196,29.1946,-27.9336,0.0000
1788925718.399962664,20260909_124516,2,36.843322000,128.092892000,298.1080,0.000196,0.000196,0.000196,29.2035,-27.9336,0.0000
1788925718.499962807,20260909_124516,2,36.843322000,128.092892000,298.1150,0.000196,0.000196,0.000169,29.2035,-27.9336,0.0000
1788925718.599962711,20260909_124516,2,36.843322000,128.092892000,298.1140,0.000196,0.000196,0.000144,29.2035,-27.9336,0.0000
1788925718.699962616,20260909_124516,2,36.843322000,128.092892000,298.1120,0.000196,0.000196,0.000144,29.2035,-27.9336,0.0000
1788925718.799962759,20260909_124516,2,36.843322000,128.092891900,298.1110,0.000196,0.000196,0.000144,29.1946,-27.9336,0.0000
1788925718.899962664,20260909_124516,2,36.843322000,128.092892000,298.1070,0.000196,0.000196,0.000169,29.2035,-27.9336,0.0000
1788925718.999962568,20260909_124516,2,36.843322000,128.092892000,298.1120,0.000196,0.000196,0.000169,29.2035,-27.9336,0.0000
1788925719.099962711,20260909_124516,2,36.843322000,128.092892000,298.1090,0.000196,0.000196,0.000144,29.2035,-27.9336,0.0000
1788925719.199962616,20260909_124516,2,36.843322000,128.092892000,298.1020,0.000196,0.000196,0.000121,29.2035,-27.9336,0.0000
1788925719.299962521,20260909_124516,2,36.843322000,128.092892000,298.1110,0.000196,0.000196,0.000144,29.2035,-27.9336,0.0000
1788925719.399962664,20260909_124516,2,36.843321900,128.092892000,298.1220,0.000196,0.000196,0.000144,29.2035,-27.9447,0.0000
1788925719.499962568,20260909_124516,2,36.843321900,128.092892000,298.1170,0.000196,0.000196,0.000169,29.2035,-27.9447,0.0000
1788925719.599962473,20260909_124516,2,36.843322000,128.092892000,298.1290,0.000196,0.000196,0.000196,29.2035,-27.9336,0.0000
1788925719.699962616,20260909_124516,2,36.843322000,128.092892000,298.1280,0.000196,0.000196,0.000225,29.2035,-27.9336,0.0000
1788925719.799962521,20260909_124516,2,36.843322000,128.092891900,298.1370,0.000196,0.000196,0.000225,29.1946,-27.9336,0.0000
1788925719.899962425,20260909_124516,2,36.843321900,128.092892000,298.1360,0.000196,0.000196,0.000225,29.2035,-27.9447,0.0000
1788925719.999962568,20260909_124516,2,36.843321900,128.092891900,298.1460,0.000196,0.000196,0.000225,29.1946,-27.9447,0.0000
1788925720.099962473,20260909_124516,2,36.843322000,128.092891900,298.1440,0.000196,0.000196,0.000196,29.1946,-27.9336,0.0000
1788925720.199962378,20260909_124516,2,36.843321900,128.092892100,298.1490,0.000196,0.000196,0.000196,29.2124,-27.9447,0.0000
1788925720.299962521,20260909_124516,2,36.843321900,128.092892100,298.1380,0.000196,0.000196,0.000256,29.2124,-27.9447,0.0000
1788925720.399962425,20260909_124516,2,36.843321900,128.092892000,298.1300,0.000196,0.000196,0.000225,29.2035,-27.9447,0.0000
1788925720.499962330,20260909_124516,2,36.843321900,128.092891900,298.1200,0.000196,0.000196,0.000225,29.1946,-27.9447,0.0000
1788925720.599962473,20260909_124516,2,36.843321900,128.092892000,298.1240,0.000196,0.000196,0.000225,29.2035,-27.9447,0.0000
1788925720.699962378,20260909_124516,2,36.843321900,128.092891900,298.1270,0.000196,0.000196,0.000196,29.1946,-27.9447,0.0000
1788925720.799962282,20260909_124516,2,36.843321900,128.092891900,298.1230,0.000196,0.000196,0.000169,29.1946,-27.9447,0.0000
1788925720.899962425,20260909_124516,2,36.843321900,128.092891900,298.1290,0.000196,0.000196,0.000144,29.1946,-27.9447,0.0000
1788925720.999962330,20260909_124516,2,36.843321900,128.092891900,298.1300,0.000196,0.000196,0.000144,29.1946,-27.9447,0.0000
1788925721.099962234,20260909_124516,2,36.843321900,128.092891900,298.1270,0.000196,0.000196,0.000144,29.1946,-27.9447,0.0000
1788925721.199962378,20260909_124516,2,36.843321900,128.092891900,298.1360,0.000196,0.000196,0.000144,29.1946,-27.9447,0.0000
1788925721.299962282,20260909_124516,2,36.843322000,128.092891900,298.1430,0.000196,0.000196,0.000169,29.1946,-27.9336,0.0000
1788925721.399962187,20260909_124516,2,36.843322000,128.092891900,298.1460,0.000196,0.000196,0.000225,29.1946,-27.9336,0.0000
1788925721.499962091,20260909_124516,2,36.843322000,128.092891900,298.1440,0.000196,0.000196,0.000196,29.1946,-27.9336,0.0000
1788925721.599962234,20260909_124516,2,36.843322000,128.092891900,298.1540,0.000196,0.000196,0.000324,29.1946,-27.9336,0.0000
1788925721.699962139,20260909_124516,2,36.843322000,128.092891900,298.1510,0.000196,0.000196,0.000324,29.1946,-27.9336,0.0000
1788925721.799962044,20260909_124516,2,36.843322000,128.092892000,298.1390,0.000196,0.000196,0.000289,29.2035,-27.9336,0.0000
1788925721.899962187,20260909_124516,2,36.843322000,128.092891900,298.1510,0.000196,0.000196,0.000256,29.1946,-27.9336,0.0000
1788925721.999962091,20260909_124516,2,36.843322000,128.092891900,298.1440,0.000196,0.000196,0.000256,29.1946,-27.9336,0.0000
1788925722.099961996,20260909_124516,2,36.843322000,128.092891900,298.1440,0.000196,0.000196,0.000256,29.1946,-27.9336,0.0000
1788925722.199962139,20260909_124516,2,36.843322000,128.092891900,298.1460,0.000196,0.000196,0.000256,29.1946,-27.9336,0.0000
1788925722.299962044,20260909_124516,2,36.843322000,128.092891900,298.1410,0.000196,0.000196,0.000289,29.1946,-27.9336,0.0000
1788925722.399961948,20260909_124516,2,36.843322000,128.092891900,298.1250,0.000196,0.000196,0.000289,29.1946,-27.9336,0.0000
1788925722.499962091,20260909_124516,2,36.843322000,128.092892000,298.1320,0.000196,0.000196,0.000324,29.2035,-27.9336,0.0000
1788925722.599961996,20260909_124516,2,36.843322000,128.092892000,298.1330,0.000196,0.000196,0.000441,29.2035,-27.9336,0.0000
1788925722.699961901,20260909_124516,2,36.843322000,128.092892000,298.1490,0.000256,0.000256,0.000729,29.2035,-27.9336,0.0000
1788925722.799962044,20260909_124516,2,36.843321900,128.092892200,298.1480,0.000256,0.000256,0.000676,29.2213,-27.9447,0.0000
1788925722.899961948,20260909_124516,2,36.843321900,128.092892100,298.1330,0.000256,0.000256,0.000784,29.2124,-27.9447,0.0000
1788925722.999961853,20260909_124516,2,36.843321900,128.092892000,298.1080,0.000256,0.000256,0.000784,29.2035,-27.9447,0.0000
1788925723.099961996,20260909_124516,2,36.843322000,128.092891900,298.1200,0.000256,0.000256,0.000676,29.1946,-27.9336,0.0000
1788925723.199961901,20260909_124516,2,36.843321900,128.092892000,298.1380,0.000225,0.000225,0.000576,29.2035,-27.9447,0.0000
1788925723.299961805,20260909_124516,2,36.843322000,128.092891900,298.1090,0.000196,0.000196,0.000441,29.1946,-27.9336,0.0000
1788925723.399961948,20260909_124516,2,36.843322000,128.092892000,298.0880,0.000196,0.000196,0.000324,29.2035,-27.9336,0.0000
1788925723.499961853,20260909_124516,2,36.843322000,128.092891900,298.0910,0.000196,0.000196,0.000324,29.1945,-27.9336,0.0000
1788925723.599961758,20260909_124516,2,36.843322000,128.092892000,298.0910,0.000196,0.000196,0.000324,29.2035,-27.9336,0.0000
1788925723.699961901,20260909_124516,2,36.843322000,128.092892000,298.0900,0.000196,0.000196,0.000289,29.2035,-27.9336,0.0000
1788925723.799961805,20260909_124516,2,36.843322000,128.092891900,298.0960,0.000196,0.000196,0.000324,29.1946,-27.9336,0.0000
1788925723.899961710,20260909_124516,2,36.843322000,128.092892000,298.0940,0.000196,0.000196,0.000324,29.2035,-27.9336,0.0000
1788925723.999961853,20260909_124516,2,36.843322000,128.092891900,298.0950,0.000196,0.000196,0.000324,29.1946,-27.9336,0.0000
1788925724.099961758,20260909_124516,2,36.843322000,128.092892000,298.0880,0.000196,0.000196,0.000324,29.2035,-27.9336,0.0000
1788925724.199961662,20260909_124516,2,36.843322000,128.092892000,298.0840,0.000196,0.000196,0.000324,29.2035,-27.9336,0.0000
1788925724.299961567,20260909_124516,2,36.843322000,128.092892000,298.1070,0.000196,0.000196,0.000225,29.2035,-27.9336,0.0000
1788925724.399961710,20260909_124516,2,36.843322000,128.092891900,298.1100,0.000196,0.000196,0.000256,29.1946,-27.9336,0.0000
1788925724.499961615,20260909_124516,2,36.843322000,128.092891900,298.1090,0.000196,0.000196,0.000256,29.1946,-27.9336,0.0000
1788925724.599961519,20260909_124516,2,36.843322000,128.092891900,298.1150,0.000196,0.000196,0.000289,29.1946,-27.9336,0.0000
1788925724.699961662,20260909_124516,2,36.843322000,128.092891900,298.1130,0.000196,0.000196,0.000324,29.1946,-27.9336,0.0000
1788925724.799961567,20260909_124516,2,36.843322000,128.092891900,298.1140,0.000196,0.000196,0.000324,29.1946,-27.9336,0.0000
1788925724.899961472,20260909_124516,2,36.843322000,128.092891900,298.1130,0.000196,0.000196,0.000324,29.1946,-27.9336,0.0000
1788925724.999961615,20260909_124516,2,36.843322000,128.092891900,298.1120,0.000196,0.000196,0.000324,29.1946,-27.9336,0.0000
1788925725.099961519,20260909_124516,2,36.843322000,128.092891900,298.1120,0.000196,0.000196,0.000289,29.1946,-27.9336,0.0000
1788925725.199961424,20260909_124516,2,36.843322000,128.092891900,298.1100,0.000196,0.000196,0.000289,29.1946,-27.9336,0.0000
1788925725.299961567,20260909_124516,2,36.843322000,128.092892000,298.1190,0.000196,0.000196,0.000256,29.2035,-27.9336,0.0000
1788925725.399961472,20260909_124516,2,36.843322000,128.092892000,298.1240,0.000196,0.000196,0.000225,29.2035,-27.9336,0.0000
1788925725.499961376,20260909_124516,2,36.843322000,128.092891900,298.1180,0.000196,0.000196,0.000225,29.1946,-27.9336,0.0000
