1772700810.078173161 33.2864911340 -23.5080659161 -2.5001302041 0.0100000000 0.0100000000 0.0400000000
1772700810.178200245 33.2912483246 -23.5038116755 -2.4991302128 0.0100000000 0.0100000000 0.0400000000
1772700810.278194904 33.2961542022 -23.4993724608 -2.4991302213 0.0100000000 0.0100000000 0.0400000000
1772700810.378247023 33.3010600827 -23.4949332502 -2.4981302310 0.0100000000 0.0100000000 0.0400000000
1772700810.397518635 33.3064119492 -23.4899391329 -2.4981302409 0.0100000000 0.0100000000 0.0400000000
1772700810.578329563 33.3119125058 -23.4849450173 -2.4981302500 0.0100000000 0.0100000000 0.0400000000
1772700810.678360462 33.3178590569 -23.4793960028 -2.4971302609 0.0100000000 0.0100000000 0.0400000000
1772700810.778379440 33.2693948265 -23.5023320584 -2.4921300936 0.0100000000 0.0100000000 0.0400000000
1772700810.878526449 33.2743007035 -23.4978928438 -2.4921301020 0.0100000000 0.0100000000 0.0400000000
1772700810.978599072 33.2798012606 -23.4928987274 -2.4921301130 0.0100000000 0.0100000000 0.0400000000
1772700811.078646421 33.2858964184 -23.4873497126 -2.4911301242 0.0100000000 0.0100000000 0.0400000000
1772700811.178637505 33.2925862509 -23.4816157220 -2.4911301376 0.0100000000 0.0100000000 0.0400000000
1772700811.278591156 33.2994247810 -23.4756967741 -2.4901301521 0.0100000000 0.0100000000 0.0400000000
1772700811.378512144 33.3064119114 -23.4695928540 -2.4901301655 0.0100000000 0.0100000000 0.0400000000
1772700811.478414774 33.3133991332 -23.4634889358 -2.4891301791 0.0100000000 0.0100000000 0.0400000000
1772700811.578417540 33.3205349608 -23.4573850167 -2.4881301949 0.0100000000 0.0100000000 0.0400000000
1772700811.678387165 33.3275220898 -23.4514660558 -2.4881302082 0.0100000000 0.0100000000 0.0400000000
1772700811.778414249 33.0981349374 -23.6025845720 -2.4881295752 0.0100000000 0.0100000000 0.0400000000
1772700811.878440619 33.0963509797 -23.6046192065 -2.4881295725 0.0100000000 0.0100000000 0.0400000000
1772700811.978529692 33.0945670286 -23.6064688817 -2.4881295714 0.0100000000 0.0100000000 0.0400000000
1772700812.078594685 33.0929317676 -23.6081335859 -2.4881295689 0.0100000000 0.0100000000 0.0400000000
1772700812.178655624 33.0915937995 -23.6096133210 -2.4881295656 0.0100000000 0.0100000000 0.0400000000
1772700812.278654337 33.0902558363 -23.6110930644 -2.4881295651 0.0100000000 0.0100000000 0.0400000000
1772700812.378640175 33.0892151658 -23.6123878269 -2.4881295649 0.0100000000 0.0100000000 0.0400000000
1772700812.478595018 33.0883231892 -23.6133126702 -2.4881295641 0.0100000000 0.0100000000 0.0400000000
1772700812.578538418 33.0877285999 -23.6142375008 -2.4881295640 0.0100000000 0.0100000000 0.0400000000
1772700812.678401709 33.0874312141 -23.6147924011 -2.4881295657 0.0100000000 0.0100000000 0.0400000000
1772700812.778331757 32.7964976055 -23.7884770927 -2.4781287118 0.0100000000 0.0100000000 0.0400000000
1772700812.878257036 32.7856451727 -23.7975404927 -2.4791286883 0.0100000000 0.0100000000 0.0400000000
1772700812.978244781 32.7750901258 -23.8064189205 -2.4801286683 0.0100000000 0.0100000000 0.0400000000
1772700813.078248978 32.7645349877 -23.8151123786 -2.4811286475 0.0100000000 0.0100000000 0.0400000000
1772700813.178332806 32.7542772360 -23.8236208766 -2.4821286269 0.0100000000 0.0100000000 0.0400000000
1772700813.278424740 32.7438708859 -23.8321293677 -2.4821286046 0.0100000000 0.0100000000 0.0400000000
1772700813.378578186 32.7333157495 -23.8406378673 -2.4831285820 0.0100000000 0.0100000000 0.0400000000
1772700813.478620052 32.7226120084 -23.8495162957 -2.4841285611 0.0100000000 0.0100000000 0.0400000000
1772700813.578706026 32.7116109722 -23.8583947252 -2.4851285373 0.0100000000 0.0100000000 0.0400000000
1772700813.678711414 32.7003125477 -23.8674581259 -2.4861285138 0.0100000000 0.0100000000 0.0400000000
1772700813.778717756 32.4380708399 -24.0061840753 -2.4641276997 0.0100000000 0.0100000000 0.0400000000
1772700813.878704309 32.4168120483 -24.0232010621 -2.4661276555 0.0100000000 0.0100000000 0.0400000000
1772700813.978657722 32.3951072713 -24.0405879942 -2.4671276110 0.0100000000 0.0100000000 0.0400000000
1772700814.078565598 32.3732537994 -24.0581598820 -2.4691275652 0.0100000000 0.0100000000 0.0400000000
1772700814.178618908 32.3511029411 -24.0759167415 -2.4711275223 0.0100000000 0.0100000000 0.0400000000
1772700814.278290749 32.3288034828 -24.0938585756 -2.4721274773 0.0100000000 0.0100000000 0.0400000000
1772700814.299696684 32.3066527157 -24.1118003934 -2.4741274323 0.0100000000 0.0100000000 0.0400000000
1772700814.478131294 32.2843532595 -24.1297422274 -2.4751273867 0.0100000000 0.0100000000 0.0400000000
1772700814.578146219 32.2619051033 -24.1478690161 -2.4771273426 0.0100000000 0.0100000000 0.0400000000
1772700814.678218365 32.2391596569 -24.1663657509 -2.4781272986 0.0100000000 0.0100000000 0.0400000000
1772700814.778227091 32.0067992338 -24.2841903847 -2.4511265784 0.0100000000 0.0100000000 0.0400000000
1772700814.878190279 31.9761746720 -24.3087910267 -2.4531265191 0.0100000000 0.0100000000 0.0400000000
1772700814.978108168 31.9451041179 -24.3333916830 -2.4551264587 0.0100000000 0.0100000000 0.0400000000
1772700815.078143835 31.9138848725 -24.3581772975 -2.4571263965 0.0100000000 0.0100000000 0.0400000000
1772700815.178196192 31.8822196315 -24.3831478800 -2.4601263344 0.0100000000 0.0100000000 0.0400000000
1772700815.278363466 31.8502570066 -24.4079335079 -2.4621262698 0.0100000000 0.0100000000 0.0400000000
1772700815.378420353 31.8179971763 -24.4327191273 -2.4641262040 0.0100000000 0.0100000000 0.0400000000
1772700815.478454351 31.7855885637 -24.4576897151 -2.4661261378 0.0100000000 0.0100000000 0.0400000000
1772700815.578420162 31.7528827388 -24.4824753345 -2.4681260707 0.0100000000 0.0100000000 0.0400000000
1772700815.678368807 31.7203255179 -24.5072609610 -2.4711260051 0.0100000000 0.0100000000 0.0400000000
1772700815.778405666 31.6161128094 -24.5745892962 -2.4311257483 0.0100000000 0.0100000000 0.0400000000
1772700815.878300428 31.5805823579 -24.6014095648 -2.4331256766 0.0100000000 0.0100000000 0.0400000000
1772700815.978262424 31.5452005072 -24.6282298294 -2.4361256050 0.0100000000 0.0100000000 0.0400000000
1772700816.078223467 31.5098187452 -24.6548651263 -2.4381255336 0.0100000000 0.0100000000 0.0400000000
1772700816.178237438 31.4745855862 -24.6815004189 -2.4411254626 0.0100000000 0.0100000000 0.0400000000
1772700816.278381824 31.4395010340 -24.7081357141 -2.4431253944 0.0100000000 0.0100000000 0.0400000000
1772700816.378491402 31.4045652609 -24.7344010691 -2.4451253232 0.0100000000 0.0100000000 0.0400000000
1772700816.478601933 31.3699266931 -24.7606664299 -2.4481252553 0.0100000000 0.0100000000 0.0400000000
1772700816.578668594 31.3351395253 -24.7867468251 -2.4501251871 0.0100000000 0.0100000000 0.0400000000
1772700816.678675652 31.3006497435 -24.8124572886 -2.4521251173 0.0100000000 0.0100000000 0.0400000000
1772700816.778616905 31.2352380694 -24.8409425278 -2.4091249083 0.0100000000 0.0100000000 0.0400000000
1772700816.878614902 31.2000049094 -24.8670229242 -2.4111248379 0.0100000000 0.0100000000 0.0400000000
1772700816.978601456 31.1646231406 -24.8932882880 -2.4141247691 0.0100000000 0.0100000000 0.0400000000
1772700817.078632593 31.1292412887 -24.9195536544 -2.4161246990 0.0100000000 0.0100000000 0.0400000000
1772700817.178677559 31.0938594309 -24.9456340448 -2.4191246291 0.0100000000 0.0100000000 0.0400000000
1772700817.278764725 31.0583289723 -24.9720843707 -2.4211245594 0.0100000000 0.0100000000 0.0400000000
1772700817.378931284 31.0227985181 -24.9983497366 -2.4231244899 0.0100000000 0.0100000000 0.0400000000
1772700817.479073048 30.9871193605 -25.0244301302 -2.4261244196 0.0100000000 0.0100000000 0.0400000000
1772700817.579130411 30.9514402114 -25.0508804562 -2.4281243496 0.0100000000 0.0100000000 0.0400000000
1772700817.679140568 30.9157610537 -25.0771458182 -2.4311242818 0.0100000000 0.0100000000 0.0400000000
1772700817.779161215 30.8121429725 -25.1267173817 -2.3861239767 0.0100000000 0.0100000000 0.0400000000
1772700817.879153728 30.7734905853 -25.1552023534 -2.3891239026 0.0100000000 0.0100000000 0.0400000000
1772700817.979172945 30.7345408089 -25.1835023550 -2.3921238267 0.0100000000 0.0100000000 0.0400000000
1772700818.079126835 30.6952937370 -25.2121722866 -2.3951237517 0.0100000000 0.0100000000 0.0400000000
1772700818.179070473 30.6554519872 -25.2410271932 -2.3971236749 0.0100000000 0.0100000000 0.0400000000
1772700818.279025316 30.6154616285 -25.2700670679 -2.4001235981 0.0100000000 0.0100000000 0.0400000000
1772700818.378906727 30.5753225779 -25.2992919014 -2.4031235226 0.0100000000 0.0100000000 0.0400000000
1772700818.478864193 30.5348862274 -25.3283317769 -2.4061234439 0.0100000000 0.0100000000 0.0400000000
1772700818.578773499 30.4943011812 -25.3571866830 -2.4091233648 0.0100000000 0.0100000000 0.0400000000
1772700818.678644896 30.4535674472 -25.3862265582 -2.4121232873 0.0100000000 0.0100000000 0.0400000000
1772700818.778596401 30.2799289777 -25.4716818745 -2.3671228022 0.0100000000 0.0100000000 0.0400000000
1772700818.878472328 30.2326540907 -25.5055308971 -2.3701227151 0.0100000000 0.0100000000 0.0400000000
1772700818.978398323 30.1847846057 -25.5393799183 -2.3741226238 0.0100000000 0.0100000000 0.0400000000
1772700819.078345060 30.1366177403 -25.5734139032 -2.3771225333 0.0100000000 0.0100000000 0.0400000000
1772700819.178388834 30.0883021767 -25.6074478959 -2.3811224428 0.0100000000 0.0100000000 0.0400000000
1772700819.278469086 30.0396893153 -25.6416668465 -2.3851223510 0.0100000000 0.0100000000 0.0400000000
1772700819.378671169 29.9904817750 -25.6760707756 -2.3881222603 0.0100000000 0.0100000000 0.0400000000
1772700819.478750706 29.9403823410 -25.7108446420 -2.3921221650 0.0100000000 0.0100000000 0.0400000000
1772700819.578857899 29.8896881334 -25.7459884294 -2.3961220693 0.0100000000 0.0100000000 0.0400000000
1772700819.678964853 29.8381020329 -25.7816871307 -2.4001219720 0.0100000000 0.0100000000 0.0400000000
1772700819.779057980 29.7063863420 -25.8408768542 -2.4021215987 0.0100000000 0.0100000000 0.0400000000
1772700819.879108191 29.6500430483 -25.8791650966 -2.4061214918 0.0100000000 0.0100000000 0.0400000000
1772700819.979088545 29.5925103919 -25.9178232843 -2.4101213840 0.0100000000 0.0100000000 0.0400000000
1772700820.079000473 29.5342343533 -25.9570363570 -2.4151212754 0.0100000000 0.0100000000 0.0400000000
1772700820.178915262 29.4746204373 -25.9968043384 -2.4191211607 0.0100000000 0.0100000000 0.0400000000
1772700820.278871059 29.4142631413 -26.0369422588 -2.4241210462 0.0100000000 0.0100000000 0.0400000000
1772700820.378883362 29.3525679650 -26.0774501104 -2.4291209285 0.0100000000 0.0100000000 0.0400000000
1772700820.478921413 29.2898320235 -26.1185128666 -2.4341208091 0.0100000000 0.0100000000 0.0400000000
1772700820.578943014 29.2262041953 -26.1597605946 -2.4391206878 0.0100000000 0.0100000000 0.0400000000
1772700820.679031372 29.1615356907 -26.2015632127 -2.4441205645 0.0100000000 0.0100000000 0.0400000000
1772700820.779035091 29.0760543964 -26.2004538843 -2.4011201686 0.0100000000 0.0100000000 0.0400000000
1772700820.878986120 29.0110885042 -26.2413316861 -2.4061200428 0.0100000000 0.0100000000 0.0400000000
1772700820.978793621 28.9452307155 -26.2823944492 -2.4111199134 0.0100000000 0.0100000000 0.0400000000
1772700821.078630209 28.8786295525 -26.3236421741 -2.4161197829 0.0100000000 0.0100000000 0.0400000000
1772700821.178464651 28.8112850994 -26.3648899111 -2.4211196503 0.0100000000 0.0100000000 0.0400000000
1772700821.278368950 28.7431973556 -26.4063226054 -2.4271195142 0.0100000000 0.0100000000 0.0400000000
1772700821.378317356 28.6745149324 -26.4479402756 -2.4321193791 0.0100000000 0.0100000000 0.0400000000
1772700821.478311777 28.6050892160 -26.4895579427 -2.4381192412 0.0100000000 0.0100000000 0.0400000000
1772700821.578316689 28.5352174190 -26.5311756126 -2.4441191011 0.0100000000 0.0100000000 0.0400000000
1772700821.678294659 28.4647510333 -26.5727932871 -2.4491189610 0.0100000000 0.0100000000 0.0400000000
1772700821.778236389 28.4773874423 -26.4951075447 -2.3951186921 0.0100000000 0.0100000000 0.0400000000
1772700821.878201723 28.4104889689 -26.5333958096 -2.4001185532 0.0100000000 0.0100000000 0.0400000000
1772700821.978133202 28.3428471998 -26.5720540140 -2.4061184150 0.0100000000 0.0100000000 0.0400000000
1772700822.078095913 28.2743133699 -26.6107122121 -2.4111182726 0.0100000000 0.0100000000 0.0400000000
1772700822.178067684 28.2045903456 -26.6497403510 -2.4171181287 0.0100000000 0.0100000000 0.0400000000
1772700822.277991056 28.1338265553 -26.6891384209 -2.4231179802 0.0100000000 0.0100000000 0.0400000000
1772700822.377861500 28.0620221900 -26.7287214582 -2.4281178309 0.0100000000 0.0100000000 0.0400000000
1772700822.477757931 27.9888798445 -26.7688594044 -2.4341176797 0.0100000000 0.0100000000 0.0400000000
1772700822.577692509 27.9146969143 -26.8091823134 -2.4401175246 0.0100000000 0.0100000000 0.0400000000
1772700822.677637339 27.8393246161 -26.8496901901 -2.4471173653 0.0100000000 0.0100000000 0.0400000000
1772700822.777734518 27.9206433703 -26.7152195944 -2.3761171564 0.0100000000 0.0100000000 0.0400000000
1772700822.877817392 27.8527042926 -26.7507333563 -2.3821170081 0.0100000000 0.0100000000 0.0400000000
1772700822.977997303 27.7835758515 -26.7862471281 -2.3871168573 0.0100000000 0.0100000000 0.0400000000
1772700823.078109503 27.7137040314 -26.8219458539 -2.3931167035 0.0100000000 0.0100000000 0.0400000000
1772700823.178110123 27.6427916247 -26.8578295658 -2.3991165489 0.0100000000 0.0100000000 0.0400000000
1772700823.278069735 27.5709872395 -26.8938982417 -2.4041163893 0.0100000000 0.0100000000 0.0400000000
1772700823.378116131 27.4984395630 -26.9297819459 -2.4101162293 0.0100000000 0.0100000000 0.0400000000
1772700823.478247166 27.4251485101 -26.9658506214 -2.4161160673 0.0100000000 0.0100000000 0.0400000000
1772700823.578269720 27.3511141668 -27.0021042688 -2.4221159024 0.0100000000 0.0100000000 0.0400000000
1772700823.678232431 27.2763365370 -27.0381729486 -2.4281157355 0.0100000000 0.0100000000 0.0400000000
1772700823.778136015 27.3973484825 -26.8818761801 -2.3551155914 0.0100000000 0.0100000000 0.0400000000
1772700823.878004551 27.3332745215 -26.9118409356 -2.3601154424 0.0100000000 0.0100000000 0.0400000000
1772700823.977928638 27.2684573618 -26.9416207342 -2.3651152926 0.0100000000 0.0100000000 0.0400000000
1772700824.077854633 27.2030454245 -26.9712155525 -2.3701151398 0.0100000000 0.0100000000 0.0400000000
1772700824.177791357 27.1370388962 -27.0009953546 -2.3751149847 0.0100000000 0.0100000000 0.0400000000
1772700824.277766466 27.0704377741 -27.0305901752 -2.3801148265 0.0100000000 0.0100000000 0.0400000000
1772700824.377750874 27.0035392575 -27.0601850039 -2.3861146702 0.0100000000 0.0100000000 0.0400000000
1772700824.477840662 26.9358973679 -27.0895948670 -2.3911145098 0.0100000000 0.0100000000 0.0400000000
1772700824.577930927 26.8676608776 -27.1190047300 -2.3971143481 0.0100000000 0.0100000000 0.0400000000
1772700824.677983284 26.7989784025 -27.1484145960 -2.4021141846 0.0100000000 0.0100000000 0.0400000000
1772700824.778079748 26.8811892391 -27.0237472044 -2.3371139979 0.0100000000 0.0100000000 0.0400000000
1772700824.878147125 26.8202372885 -27.0489028133 -2.3411138502 0.0100000000 0.0100000000 0.0400000000
1772700824.978119612 26.7588392513 -27.0740584322 -2.3461137003 0.0100000000 0.0100000000 0.0400000000
1772700825.078095198 26.6972926149 -27.0993990090 -2.3511135490 0.0100000000 0.0100000000 0.0400000000
1772700825.178081751 26.6352999813 -27.1245546286 -2.3561133974 0.0100000000 0.0100000000 0.0400000000
1772700825.278082132 26.5728613603 -27.1495252780 -2.3611132433 0.0100000000 0.0100000000 0.0400000000
1772700825.378193378 26.5101254407 -27.1746808974 -2.3661130903 0.0100000000 0.0100000000 0.0400000000
1772700825.478026628 26.4467948363 -27.1996515488 -2.3711129360 0.0100000000 0.0100000000 0.0400000000
1772700825.578025579 26.3831669347 -27.2246222006 -2.3761127796 0.0100000000 0.0100000000 0.0400000000
1772700825.678004026 26.3190929484 -27.2494078780 -2.3821126209 0.0100000000 0.0100000000 0.0400000000
1772700825.777931690 26.4146835270 -27.1291796549 -2.3151125009 0.0100000000 0.0100000000 0.0400000000
1772700825.877990246 26.3595294384 -27.1498960485 -2.3191123626 0.0100000000 0.0100000000 0.0400000000
1772700825.977952719 26.3040779622 -27.1704274835 -2.3231122202 0.0100000000 0.0100000000 0.0400000000
1772700826.077934980 26.2486264805 -27.1907739545 -2.3281120791 0.0100000000 0.0100000000 0.0400000000
1772700826.177975416 26.1930263983 -27.2109354484 -2.3321119375 0.0100000000 0.0100000000 0.0400000000
1772700826.278039217 26.1369803207 -27.2312819199 -2.3371117941 0.0100000000 0.0100000000 0.0400000000
1772700826.378032207 26.0807855510 -27.2512584553 -2.3411116514 0.0100000000 0.0100000000 0.0400000000
1772700826.477963924 26.0244420915 -27.2714199505 -2.3451115074 0.0100000000 0.0100000000 0.0400000000
1772700826.577852964 25.9679500230 -27.2913964818 -2.3501113619 0.0100000000 0.0100000000 0.0400000000
1772700826.677741766 25.9113092609 -27.3111880586 -2.3541112176 0.0100000000 0.0100000000 0.0400000000
1772700826.777774811 25.9306354732 -27.2368317250 -2.2951109772 0.0100000000 0.0100000000 0.0400000000
1772700826.877791166 25.8787520018 -27.2544036774 -2.2991108425 0.0100000000 0.0100000000 0.0400000000
1772700826.977904558 25.8268684357 -27.2716057013 -2.3031107050 0.0100000000 0.0100000000 0.0400000000
1772700827.077934027 25.7748362689 -27.2889926959 -2.3071105707 0.0100000000 0.0100000000 0.0400000000
1772700827.177966595 25.7223580248 -27.3061947257 -2.3101104328 0.0100000000 0.0100000000 0.0400000000
1772700827.277926683 25.6697311713 -27.3235817087 -2.3141102961 0.0100000000 0.0100000000 0.0400000000
1772700827.377892733 25.6166583309 -27.3409687049 -2.3181101575 0.0100000000 0.0100000000 0.0400000000
1772700827.477985382 25.5634368807 -27.3583557012 -2.3221100193 0.0100000000 0.0100000000 0.0400000000
1772700827.578028679 25.5102153477 -27.3753727618 -2.3251098800 0.0100000000 0.0100000000 0.0400000000
1772700827.678038120 25.4571425034 -27.3925747866 -2.3291097419 0.0100000000 0.0100000000 0.0400000000
1772700827.778040171 25.3921767123 -27.3496630395 -2.2621092994 0.0100000000 0.0100000000 0.0400000000
1772700827.877990961 25.3386578741 -27.3663101649 -2.2661091577 0.0100000000 0.0100000000 0.0400000000
1772700827.978023767 25.2849903471 -27.3827723381 -2.2691090143 0.0100000000 0.0100000000 0.0400000000
1772700828.077984571 25.2314715109 -27.3992344928 -2.2731088761 0.0100000000 0.0100000000 0.0400000000
1772700828.177931547 25.1776553792 -27.4155116938 -2.2761087329 0.0100000000 0.0100000000 0.0400000000
1772700828.277901649 25.1238391540 -27.4316039200 -2.2801085904 0.0100000000 0.0100000000 0.0400000000
1772700828.377832174 25.0697257231 -27.4473262102 -2.2831084448 0.0100000000 0.0100000000 0.0400000000
1772700828.477686882 25.0156121981 -27.4632334790 -2.2871083014 0.0100000000 0.0100000000 0.0400000000
1772700828.577703714 24.9612013793 -27.4787708100 -2.2901081564 0.0100000000 0.0100000000 0.0400000000
1772700828.677671432 24.9066418695 -27.4943081417 -2.2931080090 0.0100000000 0.0100000000 0.0400000000
1772700828.777805805 24.7988610504 -27.4752572018 -2.2241075081 0.0100000000 0.0100000000 0.0400000000
1772700828.877550125 24.7428149633 -27.4904246067 -2.2271073563 0.0100000000 0.0100000000 0.0400000000
1772700828.977540016 24.6866201802 -27.5055920019 -2.2301072042 0.0100000000 0.0100000000 0.0400000000
1772700829.077541828 24.6302766981 -27.5203894746 -2.2341070515 0.0100000000 0.0100000000 0.0400000000
1772700829.177498341 24.5739332256 -27.5351869441 -2.2361068980 0.0100000000 0.0100000000 0.0400000000
1772700829.277468920 24.5168464582 -27.5497994538 -2.2391067423 0.0100000000 0.0100000000 0.0400000000
1772700829.377447844 24.4593137036 -27.5644119505 -2.2421065845 0.0100000000 0.0100000000 0.0400000000
1772700829.477443933 24.4011863504 -27.5788394909 -2.2451064253 0.0100000000 0.0100000000 0.0400000000
1772700829.577391624 24.3424642244 -27.5930820732 -2.2481062621 0.0100000000 0.0100000000 0.0400000000
1772700829.677404404 24.2834448956 -27.6073246484 -2.2501061004 0.0100000000 0.0100000000 0.0400000000
1772700829.777328968 24.1722447270 -27.5891985256 -2.1871055986 0.0100000000 0.0100000000 0.0400000000
1772700829.877254963 24.1111440479 -27.6030711765 -2.1891054284 0.0100000000 0.0100000000 0.0400000000
1772700829.977249622 24.0497460643 -27.6163889252 -2.1921052538 0.0100000000 0.0100000000 0.0400000000
1772700830.077224016 23.9880506967 -27.6295217077 -2.1941050799 0.0100000000 0.0100000000 0.0400000000
1772700830.177249193 23.9262067225 -27.6420995904 -2.1961049012 0.0100000000 0.0100000000 0.0400000000
1772700830.277297020 23.8640653611 -27.6543075399 -2.1991047230 0.0100000000 0.0100000000 0.0400000000
1772700830.377380133 23.8016266989 -27.6663305352 -2.2011045410 0.0100000000 0.0100000000 0.0400000000
1772700830.477422237 23.7387420506 -27.6777986204 -2.2031043581 0.0100000000 0.0100000000 0.0400000000
1772700830.577407837 23.6754114075 -27.6890817478 -2.2051041715 0.0100000000 0.0100000000 0.0400000000
1772700830.677394867 23.6116347752 -27.7001799058 -2.2071039839 0.0100000000 0.0100000000 0.0400000000
1772700830.777384281 23.5010292696 -27.6728054543 -2.1411034573 0.0100000000 0.0100000000 0.0400000000
1772700830.877364159 23.4357659725 -27.6829787913 -2.1421032605 0.0100000000 0.0100000000 0.0400000000
1772700830.977310181 23.3700567677 -27.6927821825 -2.1441030626 0.0100000000 0.0100000000 0.0400000000
1772700831.077322006 23.3040501736 -27.7020306761 -2.1461028623 0.0100000000 0.0100000000 0.0400000000
1772700831.177337646 23.2380435842 -27.7109092436 -2.1471026605 0.0100000000 0.0100000000 0.0400000000
1772700831.277337313 23.1720369874 -27.7190479477 -2.1491024562 0.0100000000 0.0100000000 0.0400000000
1772700831.377327681 23.1061789988 -27.7268167143 -2.1501022514 0.0100000000 0.0100000000 0.0400000000
1772700831.477273226 23.0401724043 -27.7338456116 -2.1511020440 0.0100000000 0.0100000000 0.0400000000
1772700831.577226400 22.9741658054 -27.7405045754 -2.1531018343 0.0100000000 0.0100000000 0.0400000000
1772700831.677153826 22.9081592063 -27.7466086429 -2.1541016244 0.0100000000 0.0100000000 0.0400000000
1772700831.777123451 22.8565730505 -27.6831655536 -2.0891011626 0.0100000000 0.0100000000 0.0400000000
1772700831.877157688 22.7924991028 -27.6877898865 -2.0901009540 0.0100000000 0.0100000000 0.0400000000
1772700831.977194309 22.7287224574 -27.6922292535 -2.0901007461 0.0100000000 0.0100000000 0.0400000000
1772700832.077238321 22.6650944088 -27.6961137146 -2.0911005372 0.0100000000 0.0100000000 0.0400000000
1772700832.177309513 22.6019124418 -27.6996282447 -2.0921003288 0.0100000000 0.0100000000 0.0400000000
1772700832.277384996 22.5390277726 -27.7024029093 -2.0921001179 0.0100000000 0.0100000000 0.0400000000
1772700832.377468109 22.4765890921 -27.7053625259 -2.0930999107 0.0100000000 0.0100000000 0.0400000000
1772700832.477568865 22.4142991031 -27.7075822881 -2.0930997010 0.0100000000 0.0100000000 0.0400000000
1772700832.577672720 22.3523064076 -27.7090621851 -2.0940994904 0.0100000000 0.0100000000 0.0400000000
1772700832.677745342 22.2900163293 -27.7099871780 -2.0940992774 0.0100000000 0.0100000000 0.0400000000
1772700832.777742386 22.2431872381 -27.6210186071 -2.0490987269 0.0100000000 0.0100000000 0.0400000000
1772700832.877703190 22.1828298992 -27.6208338053 -2.0490985160 0.0100000000 0.0100000000 0.0400000000
1772700832.977690220 22.1227697668 -27.6200940875 -2.0500983045 0.0100000000 0.0100000000 0.0400000000
1772700833.077740908 22.0633044097 -27.6189844472 -2.0490980940 0.0100000000 0.0100000000 0.0400000000
1772700833.177671432 22.0045822514 -27.6176898299 -2.0490978856 0.0100000000 0.0100000000 0.0400000000
1772700833.277647018 21.9463061691 -27.6160252818 -2.0490976775 0.0100000000 0.0100000000 0.0400000000
1772700833.377590179 21.8886246800 -27.6141757727 -2.0490974716 0.0100000000 0.0100000000 0.0400000000
1772700833.477559090 21.8313892721 -27.6117713508 -2.0490972653 0.0100000000 0.0100000000 0.0400000000
1772700833.577446222 21.7750457573 -27.6084421019 -2.0480970580 0.0100000000 0.0100000000 0.0400000000
1772700833.677275896 21.7192969215 -27.6045579480 -2.0480968524 0.0100000000 0.0100000000 0.0400000000
1772700833.777159691 21.6085424810 -27.5102255279 -1.9990960674 0.0100000000 0.0100000000 0.0400000000
1772700833.877005816 21.5496717058 -27.5048616534 -1.9990958451 0.0100000000 0.0100000000 0.0400000000
1772700833.977019548 21.4915443087 -27.4989428633 -1.9990956243 0.0100000000 0.0100000000 0.0400000000
1772700834.077087402 21.4340115071 -27.4926541589 -1.9980954032 0.0100000000 0.0100000000 0.0400000000
1772700834.177227020 21.3770732944 -27.4859955078 -1.9980951834 0.0100000000 0.0100000000 0.0400000000
1772700834.277393818 21.3208784659 -27.4789669196 -1.9970949643 0.0100000000 0.0100000000 0.0400000000
1772700834.377617121 21.2654270047 -27.4715684046 -1.9970947488 0.0100000000 0.0100000000 0.0400000000
1772700834.477681160 21.2107187490 -27.4639849119 -1.9960945336 0.0100000000 0.0100000000 0.0400000000
1772700834.577727318 21.1569025600 -27.4560314943 -1.9960943217 0.0100000000 0.0100000000 0.0400000000
1772700834.677623749 21.1038296582 -27.4477081361 -1.9950941098 0.0100000000 0.0100000000 0.0400000000
1772700834.777509212 20.9391102445 -27.3346941245 -1.9670930811 0.0100000000 0.0100000000 0.0400000000
1772700834.877375126 20.8814288297 -27.3241511804 -1.9660928465 0.0100000000 0.0100000000 0.0400000000
1772700834.977267981 20.8244906108 -27.3134232698 -1.9660926143 0.0100000000 0.0100000000 0.0400000000
1772700835.077193975 20.7681471668 -27.3021404523 -1.9650923820 0.0100000000 0.0100000000 0.0400000000
1772700835.177164078 20.7125469154 -27.2903027272 -1.9650921509 0.0100000000 0.0100000000 0.0400000000
1772700835.277143478 20.6575414418 -27.2782800465 -1.9640919202 0.0100000000 0.0100000000 0.0400000000
1772700835.377083540 20.6031305578 -27.2658874188 -1.9640916921 0.0100000000 0.0100000000 0.0400000000
1772700835.477054834 20.5493142718 -27.2531248640 -1.9630914636 0.0100000000 0.0100000000 0.0400000000
1772700835.577035666 20.4963900548 -27.2401773481 -1.9620912377 0.0100000000 0.0100000000 0.0400000000
1772700835.677074909 20.4443578177 -27.2272298152 -1.9620910159 0.0100000000 0.0100000000 0.0400000000
1772700835.777114391 20.2604607848 -27.0992335638 -1.9330898849 0.0100000000 0.0100000000 0.0400000000
1772700835.877083540 20.2027792686 -27.0836965144 -1.9330896344 0.0100000000 0.0100000000 0.0400000000
1772700835.977014065 20.1459898246 -27.0681594663 -1.9320893898 0.0100000000 0.0100000000 0.0400000000
1772700836.076944590 20.0897949764 -27.0524374474 -1.9310891451 0.0100000000 0.0100000000 0.0400000000
1772700836.176898956 20.0341947229 -27.0365304677 -1.9300889023 0.0100000000 0.0100000000 0.0400000000
1772700836.276867151 19.9791892399 -27.0202535444 -1.9290886615 0.0100000000 0.0100000000 0.0400000000
1772700836.376816273 19.9247783528 -27.0036066911 -1.9280884204 0.0100000000 0.0100000000 0.0400000000
1772700836.476827860 19.8709620598 -26.9867748651 -1.9270881817 0.0100000000 0.0100000000 0.0400000000
1772700836.576882124 19.8178891410 -26.9699430492 -1.9260879461 0.0100000000 0.0100000000 0.0400000000
1772700836.676999569 19.7655596009 -26.9529262499 -1.9250877107 0.0100000000 0.0100000000 0.0400000000
1772700836.777014256 19.5210078251 -26.8014393922 -1.8910863177 0.0100000000 0.0100000000 0.0400000000
1772700836.876998663 19.4605017528 -26.7807232938 -1.8900860471 0.0100000000 0.0100000000 0.0400000000
1772700836.976966858 19.4005902767 -26.7596372539 -1.8890857748 0.0100000000 0.0100000000 0.0400000000
1772700837.076926708 19.3414221813 -26.7385512152 -1.8870855075 0.0100000000 0.0100000000 0.0400000000
1772700837.176930666 19.2826999830 -26.7172802014 -1.8860852406 0.0100000000 0.0100000000 0.0400000000
1772700837.276844501 19.2244238642 -26.6956392553 -1.8850849737 0.0100000000 0.0100000000 0.0400000000
1772700837.376899004 19.1662963522 -26.6738133436 -1.8830847072 0.0100000000 0.0100000000 0.0400000000
1772700837.476908207 19.1081689271 -26.6514325396 -1.8820844395 0.0100000000 0.0100000000 0.0400000000
1772700837.576900244 19.0497441150 -26.6286817991 -1.8800841685 0.0100000000 0.0100000000 0.0400000000
1772700837.676810026 18.9911706087 -26.6053761546 -1.8790838970 0.0100000000 0.0100000000 0.0400000000
1772700837.776687622 18.7076689617 -26.4150463659 -1.8510822673 0.0100000000 0.0100000000 0.0400000000
1772700837.876667738 18.6361617181 -26.3850819584 -1.8490819331 0.0100000000 0.0100000000 0.0400000000
1772700837.976739168 18.5642084812 -26.3545626458 -1.8480815976 0.0100000000 0.0100000000 0.0400000000
1772700838.076822519 18.4918093447 -26.3236733978 -1.8460812603 0.0100000000 0.0100000000 0.0400000000
1772700838.176942110 18.4192614265 -26.2922292612 -1.8440809199 0.0100000000 0.0100000000 0.0400000000
1772700838.277059555 18.3465649011 -26.2602302249 -1.8420805784 0.0100000000 0.0100000000 0.0400000000
1772700838.377197027 18.2740170699 -26.2280462178 -1.8400802369 0.0100000000 0.0100000000 0.0400000000
1772700838.477337837 18.2017665341 -26.1956772377 -1.8380798974 0.0100000000 0.0100000000 0.0400000000
1772700838.577431202 18.1296646981 -26.1631233040 -1.8350795580 0.0100000000 0.0100000000 0.0400000000
1772700838.677417755 18.0577114603 -26.1303843931 -1.8330792195 0.0100000000 0.0100000000 0.0400000000
1772700838.777458668 17.8192548893 -25.9457884141 -1.8090777931 0.0100000000 0.0100000000 0.0400000000
1772700838.877446175 17.7376385504 -25.9075005305 -1.8060774104 0.0100000000 0.0100000000 0.0400000000
1772700838.977569580 17.6564681974 -25.8690276817 -1.8040770290 0.0100000000 0.0100000000 0.0400000000
1772700839.077586412 17.5751491521 -25.8301848963 -1.8010766473 0.0100000000 0.0100000000 0.0400000000
1772700839.177613735 17.4941274946 -25.7913421052 -1.7990762665 0.0100000000 0.0100000000 0.0400000000
1772700839.277567148 17.4135517385 -25.7524993127 -1.7970758892 0.0100000000 0.0100000000 0.0400000000
1772700839.377505541 17.3329760737 -25.7134715520 -1.7940755120 0.0100000000 0.0100000000 0.0400000000
1772700839.415445566 17.2525490106 -25.6740738575 -1.7920751345 0.0100000000 0.0100000000 0.0400000000
1772700839.577310562 17.1716760469 -25.6344911976 -1.7890747573 0.0100000000 0.0100000000 0.0400000000
1772700839.677297354 17.0913976770 -25.5949085411 -1.7870743827 0.0100000000 0.0100000000 0.0400000000
1772700839.777267218 17.1050746006 -25.5349794062 -1.7770741780 0.0100000000 0.0100000000 0.0400000000
1772700839.877162457 17.0294048359 -25.4972464026 -1.7740738249 0.0100000000 0.0100000000 0.0400000000
1772700839.977105856 16.9538836726 -25.4593284236 -1.7720734725 0.0100000000 0.0100000000 0.0400000000
1772700840.076977968 16.8786599023 -25.4212254887 -1.7690731194 0.0100000000 0.0100000000 0.0400000000
1772700840.176908731 16.8034360385 -25.3829375788 -1.7670727697 0.0100000000 0.0100000000 0.0400000000
1772700840.276856422 16.7283609556 -25.3442797275 -1.7650724180 0.0100000000 0.0100000000 0.0400000000
1772700840.315860748 16.6531370949 -25.3054369204 -1.7620720662 0.0100000000 0.0100000000 0.0400000000
1772700840.476773024 16.5777646242 -25.2660392086 -1.7600717134 0.0100000000 0.0100000000 0.0400000000
1772700840.576710701 16.5019461698 -25.2262715733 -1.7570713600 0.0100000000 0.0100000000 0.0400000000
1772700840.676628113 16.4259791066 -25.1861339920 -1.7550710048 0.0100000000 0.0100000000 0.0400000000
1772700840.776600838 16.4316282173 -25.1733712213 -1.7730709682 0.0100000000 0.0100000000 0.0400000000
1772700840.876583338 16.3595263831 -25.1347133751 -1.7700706296 0.0100000000 0.0100000000 0.0400000000
1772700840.976579189 16.2872758528 -25.0958705550 -1.7680702922 0.0100000000 0.0100000000 0.0400000000
1772700841.076636076 16.2150253211 -25.0564728347 -1.7660699523 0.0100000000 0.0100000000 0.0400000000
1772700841.176716566 16.1427747922 -25.0168901474 -1.7630696146 0.0100000000 0.0100000000 0.0400000000
1772700841.276772738 16.0703755686 -24.9771224980 -1.7610692750 0.0100000000 0.0100000000 0.0400000000
1772700841.376898527 15.9978277407 -24.9367999466 -1.7590689342 0.0100000000 0.0100000000 0.0400000000
1772700841.477094650 15.9249825293 -24.8959224899 -1.7560685913 0.0100000000 0.0100000000 0.0400000000
1772700841.577298641 15.8518400169 -24.8544901404 -1.7540682478 0.0100000000 0.0100000000 0.0400000000
1772700841.677508593 15.7782515157 -24.8128728255 -1.7510679038 0.0100000000 0.0100000000 0.0400000000
1772700841.777600288 15.7021356837 -24.7653364758 -1.7770675309 0.0100000000 0.0100000000 0.0400000000
1772700841.877620935 15.6282497926 -24.7227943154 -1.7750671831 0.0100000000 0.0100000000 0.0400000000
1772700841.977607727 15.5542152999 -24.6798822397 -1.7720668361 0.0100000000 0.0100000000 0.0400000000
1772700842.077495098 15.4800322032 -24.6367851789 -1.7700664884 0.0100000000 0.0100000000 0.0400000000
1772700842.177338123 15.4057003260 -24.5933182004 -1.7680661410 0.0100000000 0.0100000000 0.0400000000
1772700842.277215481 15.3312198444 -24.5492963140 -1.7650657911 0.0100000000 0.0100000000 0.0400000000
1772700842.377038956 15.2565907540 -24.5049044936 -1.7630654427 0.0100000000 0.0100000000 0.0400000000
1772700842.476910114 15.1818128844 -24.4599577747 -1.7610650895 0.0100000000 0.0100000000 0.0400000000
1772700842.576813698 15.1067378097 -24.4146411281 -1.7580647375 0.0100000000 0.0100000000 0.0400000000
1772700842.676778078 15.0312166495 -24.3685846094 -1.7560643837 0.0100000000 0.0100000000 0.0400000000
1772700842.776804447 15.0224454675 -24.3530473729 -1.7730643041 0.0100000000 0.0100000000 0.0400000000
1772700842.876855373 14.9497489444 -24.3081006444 -1.7720639607 0.0100000000 0.0100000000 0.0400000000
1772700842.976673126 14.8769037354 -24.2625990220 -1.7690636161 0.0100000000 0.0100000000 0.0400000000
1772700843.076580048 14.8039099181 -24.2167274562 -1.7670632715 0.0100000000 0.0100000000 0.0400000000
1772700843.176492214 14.7309160100 -24.1704859709 -1.7650629268 0.0100000000 0.0100000000 0.0400000000
1772700843.276407480 14.6577735001 -24.1240595038 -1.7630625835 0.0100000000 0.0100000000 0.0400000000
1772700843.376333952 14.5846309931 -24.0770781483 -1.7610622374 0.0100000000 0.0100000000 0.0400000000
1772700843.476392508 14.5114884854 -24.0297268551 -1.7580618903 0.0100000000 0.0100000000 0.0400000000
1772700843.576461315 14.4381973691 -23.9818206696 -1.7560615443 0.0100000000 0.0100000000 0.0400000000
1772700843.676570892 14.3644601764 -23.9335445427 -1.7540611956 0.0100000000 0.0100000000 0.0400000000
1772700843.776604891 14.4020720451 -23.9557403624 -1.7800613651 0.0100000000 0.0100000000 0.0400000000
1772700843.876667738 14.3336867455 -23.9100537581 -1.7770610390 0.0100000000 0.0100000000 0.0400000000
1772700843.976874352 14.2650041435 -23.8639972207 -1.7750607118 0.0100000000 0.0100000000 0.0400000000
1772700844.077019453 14.1960242463 -23.8173857844 -1.7730603834 0.0100000000 0.0100000000 0.0400000000
1772700844.177061081 14.1267469616 -23.7700344763 -1.7710600525 0.0100000000 0.0100000000 0.0400000000
1772700844.276920557 14.0570236875 -23.7221282816 -1.7690597188 0.0100000000 0.0100000000 0.0400000000
1772700844.376781702 13.9870031146 -23.6736671768 -1.7670593857 0.0100000000 0.0100000000 0.0400000000
1772700844.476714611 13.9169825413 -23.6246511706 -1.7650590491 0.0100000000 0.0100000000 0.0400000000
1772700844.576672792 13.8469619683 -23.5754502044 -1.7630587167 0.0100000000 0.0100000000 0.0400000000
1772700844.676754236 13.7769413977 -23.5255093687 -1.7610583789 0.0100000000 0.0100000000 0.0400000000
1772700844.776804686 13.8243650496 -23.5504796626 -1.7900585745 0.0100000000 0.0100000000 0.0400000000
1772700844.876844168 13.7604396574 -23.5040531844 -1.7880582638 0.0100000000 0.0100000000 0.0400000000
1772700844.976801872 13.6968116503 -23.4570717935 -1.7860579540 0.0100000000 0.0100000000 0.0400000000
1772700845.076748133 13.6330349483 -23.4097204856 -1.7840576431 0.0100000000 0.0100000000 0.0400000000
1772700845.176883936 13.5694069402 -23.3618142649 -1.7820573317 0.0100000000 0.0100000000 0.0400000000
1772700845.277080536 13.5059275373 -23.3137230862 -1.7800570209 0.0100000000 0.0100000000 0.0400000000
1772700845.377237797 13.4425968280 -23.2650769945 -1.7780567075 0.0100000000 0.0100000000 0.0400000000
1772700845.477257967 13.3791174226 -23.2160609849 -1.7760563958 0.0100000000 0.0100000000 0.0400000000
1772700845.577325583 13.3163813954 -23.1664900630 -1.7740560844 0.0100000000 0.0100000000 0.0400000000
1772700845.677375555 13.2531993773 -23.1167341815 -1.7720557720 0.0100000000 0.0100000000 0.0400000000
1772700845.777429342 13.2872432145 -23.1248725616 -1.7970558734 0.0100000000 0.0100000000 0.0400000000
1772700845.877430201 13.2279264206 -23.0771513019 -1.7950555750 0.0100000000 0.0100000000 0.0400000000
1772700845.977390289 13.1684610243 -23.0288751425 -1.7930552767 0.0100000000 0.0100000000 0.0400000000
1772700846.077327967 13.1089955374 -22.9802290558 -1.7910549784 0.0100000000 0.0100000000 0.0400000000
1772700846.177335501 13.0495300501 -22.9308430962 -1.7890546792 0.0100000000 0.0100000000 0.0400000000
1772700846.277455568 12.9902132598 -22.8810871962 -1.7870543790 0.0100000000 0.0100000000 0.0400000000
1772700846.377338648 12.9311938497 -22.8307764075 -1.7850540795 0.0100000000 0.0100000000 0.0400000000
1772700846.477261305 12.8724716534 -22.7804656163 -1.7830537795 0.0100000000 0.0100000000 0.0400000000
1772700846.577138901 12.8143442285 -22.7297848852 -1.7810534810 0.0100000000 0.0100000000 0.0400000000
1772700846.677107573 12.7566627034 -22.6789191939 -1.7790531835 0.0100000000 0.0100000000 0.0400000000
1772700846.777110577 12.7976937567 -22.6807686785 -1.8100532722 0.0100000000 0.0100000000 0.0400000000
1772700846.877266884 12.7443235375 -22.6324925085 -1.8080529934 0.0100000000 0.0100000000 0.0400000000
1772700846.977217913 12.6911019221 -22.5838464069 -1.8060527142 0.0100000000 0.0100000000 0.0400000000
1772700847.077238321 12.6384749915 -22.5352003048 -1.8040524373 0.0100000000 0.0100000000 0.0400000000
1772700847.177299023 12.5862940492 -22.4861842616 -1.8020521611 0.0100000000 0.0100000000 0.0400000000
1772700847.277305365 12.5345590974 -22.4371682138 -1.8010518865 0.0100000000 0.0100000000 0.0400000000
1772700847.377200603 12.4834188309 -22.3877822389 -1.7990516124 0.0100000000 0.0100000000 0.0400000000
1772700847.477043152 12.4325758614 -22.3383962627 -1.7970513393 0.0100000000 0.0100000000 0.0400000000
1772700847.576913595 12.3823274876 -22.2888253267 -1.7950510677 0.0100000000 0.0100000000 0.0400000000
1772700847.676748991 12.3325251917 -22.2388844494 -1.7930507962 0.0100000000 0.0100000000 0.0400000000
1772700847.776762962 12.3680556659 -22.2359248285 -1.8220508544 0.0100000000 0.0100000000 0.0400000000
1772700847.876734495 12.3222672862 -22.1883885096 -1.8210506004 0.0100000000 0.0100000000 0.0400000000
1772700847.976701021 12.2769249001 -22.1406672243 -1.8190503471 0.0100000000 0.0100000000 0.0400000000
1772700848.076690435 12.2321771070 -22.0929459363 -1.8170500944 0.0100000000 0.0100000000 0.0400000000
1772700848.176673412 12.1878753055 -22.0450396789 -1.8150498435 0.0100000000 0.0100000000 0.0400000000
1772700848.276738882 12.1441681840 -21.9969484578 -1.8140495942 0.0100000000 0.0100000000 0.0400000000
1772700848.376856565 12.1010557504 -21.9488572257 -1.8120493455 0.0100000000 0.0100000000 0.0400000000
1772700848.477051497 12.0583893088 -21.9007660056 -1.8100490993 0.0100000000 0.0100000000 0.0400000000
1772700848.577257633 12.0164661534 -21.8526747843 -1.8080488555 0.0100000000 0.0100000000 0.0400000000
1772700848.622886658 11.9749889872 -21.8045835464 -1.8070486123 0.0100000000 0.0100000000 0.0400000000
1772700848.777487040 11.9677042511 -21.7024819467 -1.8360482488 0.0100000000 0.0100000000 0.0400000000
1772700848.877737999 11.9278623557 -21.6542057509 -1.8340480091 0.0100000000 0.0100000000 0.0400000000
1772700848.977982283 11.8887638354 -21.6061145214 -1.8330477734 0.0100000000 0.0100000000 0.0400000000
1772700849.078016996 11.8501113086 -21.5578383239 -1.8310475382 0.0100000000 0.0100000000 0.0400000000
1772700849.177669525 11.8122020674 -21.5099320558 -1.8290473048 0.0100000000 0.0100000000 0.0400000000
1772700849.277326345 11.7748874228 -21.4620257939 -1.8280470741 0.0100000000 0.0100000000 0.0400000000
1772700849.377065659 11.7381675501 -21.4141195222 -1.8260468448 0.0100000000 0.0100000000 0.0400000000
1772700849.476862907 11.7012988936 -21.3651034478 -1.8250466134 0.0100000000 0.0100000000 0.0400000000
1772700849.576827288 11.6647276242 -21.3160873882 -1.8230463816 0.0100000000 0.0100000000 0.0400000000
1772700849.676813602 11.6286023466 -21.2668863427 -1.8220461506 0.0100000000 0.0100000000 0.0400000000
1772700849.776813269 11.6055593728 -21.1645998467 -1.8390457668 0.0100000000 0.0100000000 0.0400000000
1772700849.822521687 11.5704747702 -21.1153988039 -1.8370455399 0.0100000000 0.0100000000 0.0400000000
1772700849.976783752 11.5355387684 -21.0661977684 -1.8360453149 0.0100000000 0.0100000000 0.0400000000
1772700850.076721430 11.5009001567 -21.0169967321 -1.8350450879 0.0100000000 0.0100000000 0.0400000000
1772700850.121990681 11.4667074454 -20.9681656272 -1.8330448653 0.0100000000 0.0100000000 0.0400000000
1772700850.276608467 11.4328121201 -20.9193345181 -1.8320446437 0.0100000000 0.0100000000 0.0400000000
1772700850.376575708 11.3995114808 -20.8705034114 -1.8300444242 0.0100000000 0.0100000000 0.0400000000
1772700850.476631165 11.3665081366 -20.8216723005 -1.8290442051 0.0100000000 0.0100000000 0.0400000000
1772700850.576818466 11.3339507850 -20.7726562239 -1.8270439875 0.0100000000 0.0100000000 0.0400000000
1772700850.676694155 11.3018394211 -20.7236401423 -1.8260437696 0.0100000000 0.0100000000 0.0400000000
1772700850.722978592 11.2089244282 -20.5149979519 -1.8550429294 0.0100000000 0.0100000000 0.0400000000
1772700850.876471043 11.1736911267 -20.4593230916 -1.8540426886 0.0100000000 0.0100000000 0.0400000000
1772700850.976502895 11.1389038177 -20.4036482208 -1.8520424492 0.0100000000 0.0100000000 0.0400000000
1772700851.076573133 11.1045624988 -20.3481583179 -1.8510422109 0.0100000000 0.0100000000 0.0400000000
1772700851.176577330 11.0708158639 -20.2926684160 -1.8490419749 0.0100000000 0.0100000000 0.0400000000
1772700851.223315716 11.0375152185 -20.2375484409 -1.8480417418 0.0100000000 0.0100000000 0.0400000000
1772700851.376755714 11.0048091677 -20.1827984038 -1.8470415124 0.0100000000 0.0100000000 0.0400000000
1772700851.423664570 10.9726978045 -20.1282333295 -1.8450412832 0.0100000000 0.0100000000 0.0400000000
1772700851.576897621 10.9405864383 -20.0734832916 -1.8440410556 0.0100000000 0.0100000000 0.0400000000
1772700851.676875591 10.8640244832 -19.8672456172 -1.8830402764 0.0100000000 0.0100000000 0.0400000000
1772700851.776770115 10.8299804586 -19.8071315462 -1.8820400333 0.0100000000 0.0100000000 0.0400000000
1772700851.876813889 10.7962338205 -19.7473874155 -1.8810397890 0.0100000000 0.0100000000 0.0400000000
1772700851.976802349 10.7632304717 -19.6876432740 -1.8790395481 0.0100000000 0.0100000000 0.0400000000
1772700852.076852322 10.7306731158 -19.6282690712 -1.8780393090 0.0100000000 0.0100000000 0.0400000000
1772700852.123289585 10.6985617487 -19.5690798402 -1.8760390740 0.0100000000 0.0100000000 0.0400000000
1772700852.276943445 10.6670449755 -19.5097056340 -1.8750388372 0.0100000000 0.0100000000 0.0400000000
1772700852.324521780 10.6358255889 -19.4503314314 -1.8730386040 0.0100000000 0.0100000000 0.0400000000
1772700852.477051258 10.6049035900 -19.3909572251 -1.8720383711 0.0100000000 0.0100000000 0.0400000000
1772700852.577112436 10.5744274921 -19.3313980494 -1.8700381401 0.0100000000 0.0100000000 0.0400000000
1772700852.677157640 10.5443973856 -19.2718388838 -1.8690379097 0.0100000000 0.0100000000 0.0400000000
1772700852.777177811 10.4659028461 -19.0839129373 -1.8910372127 0.0100000000 0.0100000000 0.0400000000
1772700852.877172947 10.4340888604 -19.0184348404 -1.8890369637 0.0100000000 0.0100000000 0.0400000000
1772700852.977108479 10.4024234783 -18.9525868098 -1.8880367174 0.0100000000 0.0100000000 0.0400000000
1772700853.024939775 10.3712040884 -18.8865538083 -1.8870364690 0.0100000000 0.0100000000 0.0400000000
1772700853.176993132 10.3399847001 -18.8203358407 -1.8850362215 0.0100000000 0.0100000000 0.0400000000
1772700853.224011660 10.3087653106 -18.7541178803 -1.8840359765 0.0100000000 0.0100000000 0.0400000000
1772700853.324061632 10.2778432202 -18.6882698395 -1.8820357320 0.0100000000 0.0100000000 0.0400000000
1772700853.476959467 10.2472185129 -18.6220518786 -1.8810354891 0.0100000000 0.0100000000 0.0400000000
1772700853.524575710 10.2168911060 -18.5556489382 -1.8790352467 0.0100000000 0.0100000000 0.0400000000
1772700853.625915766 10.1867123021 -18.4892460058 -1.8780350047 0.0100000000 0.0100000000 0.0400000000
1772700853.725121737 10.1192188695 -18.2439804549 -1.8940341883 0.0100000000 0.0100000000 0.0400000000
1772700853.825012684 10.0866615050 -18.1694389930 -1.8920339240 0.0100000000 0.0100000000 0.0400000000
1772700853.924831629 10.0542527400 -18.0941576717 -1.8910336581 0.0100000000 0.0100000000 0.0400000000
1772700854.076756239 10.0218440682 -18.0186913783 -1.8900333931 0.0100000000 0.0100000000 0.0400000000
1772700854.124403715 9.9897326926 -17.9428551586 -1.8880331282 0.0100000000 0.0100000000 0.0400000000
1772700854.276490927 9.9577700106 -17.8668339659 -1.8870328640 0.0100000000 0.0100000000 0.0400000000
1772700854.325029612 9.9259559320 -17.7904428324 -1.8860326001 0.0100000000 0.0100000000 0.0400000000
1772700854.425227642 9.8942905469 -17.7138667384 -1.8850323371 0.0100000000 0.0100000000 0.0400000000
1772700854.525108576 9.8630711542 -17.6369207172 -1.8830320748 0.0100000000 0.0100000000 0.0400000000
1772700854.625222683 9.8318517573 -17.5596047537 -1.8820318133 0.0100000000 0.0100000000 0.0400000000
1772700854.725326777 9.7884418123 -17.4055276425 -1.9060313216 0.0100000000 0.0100000000 0.0400000000
1772700854.825011730 9.7569251176 -17.3246973227 -1.9050310539 0.0100000000 0.0100000000 0.0400000000
1772700854.925577641 9.7254084222 -17.2433120913 -1.9040307848 0.0100000000 0.0100000000 0.0400000000
1772700855.026032686 9.6940403328 -17.1611870031 -1.9030305145 0.0100000000 0.0100000000 0.0400000000
1772700855.176163197 9.6628209336 -17.0785070130 -1.9020302444 0.0100000000 0.0100000000 0.0400000000
1772700855.225707769 9.6316015365 -16.9950871656 -1.9010299729 0.0100000000 0.0100000000 0.0400000000
1772700855.325492620 9.6005308317 -16.9112973759 -1.9000297029 0.0100000000 0.0100000000 0.0400000000
1772700855.426451683 9.5693114345 -16.8267677175 -1.8990294334 0.0100000000 0.0100000000 0.0400000000
1772700855.526374578 9.5382406407 -16.7414981996 -1.8980291614 0.0100000000 0.0100000000 0.0400000000
1772700855.627272606 9.5071699337 -16.6554888095 -1.8980288891 0.0100000000 0.0100000000 0.0400000000
1772700855.725755692 9.5187655584 -16.5926001026 -1.9280287418 0.0100000000 0.0100000000 0.0400000000
1772700855.828165770 9.4884381425 -16.5073305851 -1.9270284754 0.0100000000 0.0100000000 0.0400000000
1772700855.926336765 9.4584080244 -16.4215061562 -1.9260282082 0.0100000000 0.0100000000 0.0400000000
1772700856.026372671 9.4283779927 -16.3351268385 -1.9250279403 0.0100000000 0.0100000000 0.0400000000
1772700856.125902653 9.3984965655 -16.2487475187 -1.9240276752 0.0100000000 0.0100000000 0.0400000000
1772700856.226887703 9.3687637447 -16.1619982605 -1.9230274103 0.0100000000 0.0100000000 0.0400000000
1772700856.376645803 9.3393283093 -16.0750640418 -1.9220271486 0.0100000000 0.0100000000 0.0400000000
1772700856.425976753 9.3098928732 -15.9875749126 -1.9210268834 0.0100000000 0.0100000000 0.0400000000
1772700856.526730776 9.2803088338 -15.8995308952 -1.9200266198 0.0100000000 0.0100000000 0.0400000000
1772700856.627156734 9.2510220047 -15.8113019071 -1.9190263575 0.0100000000 0.0100000000 0.0400000000
1772700856.727850676 9.2594957842 -15.8122266748 -1.9400263717 0.0100000000 0.0100000000 0.0400000000
1772700856.826408625 9.2315470156 -15.7273270817 -1.9390261222 0.0100000000 0.0100000000 0.0400000000
1772700856.928290606 9.2035982484 -15.6424274897 -1.9380258722 0.0100000000 0.0100000000 0.0400000000
1772700857.027222633 9.1756493924 -15.5573429378 -1.9370256221 0.0100000000 0.0100000000 0.0400000000
1772700857.126866579 9.1477006255 -15.4722583740 -1.9360253749 0.0100000000 0.0100000000 0.0400000000
1772700857.226635695 9.1196031686 -15.3871738132 -1.9340251279 0.0100000000 0.0100000000 0.0400000000
1772700857.327701569 9.0918030087 -15.3020892614 -1.9330248832 0.0100000000 0.0100000000 0.0400000000
1772700857.427335739 9.0638542443 -15.2175595974 -1.9320246407 0.0100000000 0.0100000000 0.0400000000
1772700857.527231693 9.0363514710 -15.1332149034 -1.9310244007 0.0100000000 0.0100000000 0.0400000000
1772700857.627156734 9.0088486104 -15.0492401376 -1.9300241625 0.0100000000 0.0100000000 0.0400000000
1772700857.727079630 9.0336754964 -15.1372841027 -1.9600244070 0.0100000000 0.0100000000 0.0400000000
1772700857.828047752 9.0085512833 -15.0605230302 -1.9590241884 0.0100000000 0.0100000000 0.0400000000
1772700857.927316666 8.9834270711 -14.9841318968 -1.9580239726 0.0100000000 0.0100000000 0.0400000000
1772700858.027094603 8.9583029541 -14.9077407543 -1.9560237585 0.0100000000 0.0100000000 0.0400000000
1772700858.127444744 8.9330300502 -14.8311646507 -1.9550235433 0.0100000000 0.0100000000 0.0400000000
1772700858.228377581 8.9076085449 -14.7542186172 -1.9540233294 0.0100000000 0.0100000000 0.0400000000
1772700858.328036547 8.8820384356 -14.6769026441 -1.9530231141 0.0100000000 0.0100000000 0.0400000000
1772700858.427980423 8.8560222468 -14.5990317822 -1.9520228990 0.0100000000 0.0100000000 0.0400000000
1772700858.527822733 8.8298574536 -14.5206060130 -1.9500226835 0.0100000000 0.0100000000 0.0400000000
1772700858.627472639 8.8033952738 -14.4416253426 -1.9490224671 0.0100000000 0.0100000000 0.0400000000
1772700858.727737665 8.7776765443 -14.4734395428 -1.9790225038 0.0100000000 0.0100000000 0.0400000000
1772700858.828072548 8.7528496383 -14.4003778056 -1.9780223039 0.0100000000 0.0100000000 0.0400000000
1772700858.876646042 8.7278741268 -14.3269461300 -1.9760221039 0.0100000000 0.0100000000 0.0400000000
1772700859.028717756 8.7027500154 -14.2531445234 -1.9750219031 0.0100000000 0.0100000000 0.0400000000
1772700859.128160715 8.6776258129 -14.1789729867 -1.9740217030 0.0100000000 0.0100000000 0.0400000000
1772700859.227779627 8.6525016082 -14.1044315098 -1.9730215040 0.0100000000 0.0100000000 0.0400000000
1772700859.328168631 8.6276747948 -14.0298900356 -1.9710213050 0.0100000000 0.0100000000 0.0400000000
1772700859.428446770 8.6025505931 -13.9551635984 -1.9700211068 0.0100000000 0.0100000000 0.0400000000
1772700859.528524637 8.5774264799 -13.8806221222 -1.9690209090 0.0100000000 0.0100000000 0.0400000000
1772700859.628276587 8.5521535847 -13.8058956852 -1.9680207127 0.0100000000 0.0100000000 0.0400000000
1772700859.728815556 8.4797545432 -13.7663128620 -1.9960205317 0.0100000000 0.0100000000 0.0400000000
1772700859.829233646 8.4540356594 -13.6928811948 -1.9950203387 0.0100000000 0.0100000000 0.0400000000
1772700859.929934740 8.4283168686 -13.6190795883 -1.9940201455 0.0100000000 0.0100000000 0.0400000000
1772700860.029467583 8.4024493853 -13.5454629426 -1.9920199538 0.0100000000 0.0100000000 0.0400000000
1772700860.130390644 8.3765819012 -13.4720312762 -1.9910197644 0.0100000000 0.0100000000 0.0400000000
1772700860.229504585 8.3507144184 -13.3987845681 -1.9900195753 0.0100000000 0.0100000000 0.0400000000
1772700860.330208778 8.3246982426 -13.3255378602 -1.9890193876 0.0100000000 0.0100000000 0.0400000000
1772700860.428637743 8.2986821562 -13.2522911533 -1.9880192010 0.0100000000 0.0100000000 0.0400000000
1772700860.529315710 8.2725172875 -13.1790444445 -1.9870190153 0.0100000000 0.0100000000 0.0400000000
1772700860.629939556 8.2463525110 -13.1057977388 -1.9850188283 0.0100000000 0.0100000000 0.0400000000
1772700860.677165508 8.1766293492 -13.0656600523 -1.9940186575 0.0100000000 0.0100000000 0.0400000000
1772700860.830020666 8.1503158791 -12.9937081148 -1.9930184762 0.0100000000 0.0100000000 0.0400000000
1772700860.929634571 8.1238538060 -12.9217561653 -1.9920182960 0.0100000000 0.0100000000 0.0400000000
1772700861.030631781 8.0973916450 -12.8499891954 -1.9910181159 0.0100000000 0.0100000000 0.0400000000
1772700861.130579710 8.0707808832 -12.7785921452 -1.9900179388 0.0100000000 0.0100000000 0.0400000000
1772700861.230070591 8.0443187227 -12.7071951053 -1.9890177634 0.0100000000 0.0100000000 0.0400000000
1772700861.329898596 8.0177079584 -12.6357980684 -1.9870175870 0.0100000000 0.0100000000 0.0400000000
1772700861.430366755 7.9912457997 -12.5645859880 -1.9860174121 0.0100000000 0.0100000000 0.0400000000
1772700861.530051708 7.9646350397 -12.4937438479 -1.9850172399 0.0100000000 0.0100000000 0.0400000000
1772700861.630418777 7.9378755836 -12.4227167362 -1.9840170678 0.0100000000 0.0100000000 0.0400000000
1772700861.730046749 7.8402037083 -12.3237597220 -1.9950167538 0.0100000000 0.0100000000 0.0400000000
1772700861.830909729 7.8109169163 -12.2488483182 -1.9940165730 0.0100000000 0.0100000000 0.0400000000
1772700861.931854725 7.7813329186 -12.1735669857 -1.9920163933 0.0100000000 0.0100000000 0.0400000000
1772700862.030875683 7.7517488314 -12.0984706106 -1.9910162131 0.0100000000 0.0100000000 0.0400000000
1772700862.130347729 7.7220161403 -12.0230043056 -1.9900160342 0.0100000000 0.0100000000 0.0400000000
1772700862.230863571 7.6921347563 -11.9471680736 -1.9880158556 0.0100000000 0.0100000000 0.0400000000
1772700862.332703590 7.6619559892 -11.8707769296 -1.9870156756 0.0100000000 0.0100000000 0.0400000000
1772700862.431109667 7.6314800094 -11.7940158677 -1.9860154964 0.0100000000 0.0100000000 0.0400000000
1772700862.530559778 7.6005579562 -11.7168848671 -1.9840153169 0.0100000000 0.0100000000 0.0400000000
1772700862.631511688 7.5694872971 -11.6395688936 -1.9830151387 0.0100000000 0.0100000000 0.0400000000
1772700862.731316566 7.4590303505 -11.5626229076 -1.9950148679 0.0100000000 0.0100000000 0.0400000000
1772700862.831024647 7.4264730332 -11.4840121678 -1.9930146878 0.0100000000 0.0100000000 0.0400000000
1772700862.931416750 7.3939157125 -11.4052164678 -1.9920145085 0.0100000000 0.0100000000 0.0400000000
1772700863.031629562 7.3609124009 -11.3262358093 -1.9900143287 0.0100000000 0.0100000000 0.0400000000
1772700863.131667614 7.3279090953 -11.2472551397 -1.9890141507 0.0100000000 0.0100000000 0.0400000000
1772700863.231301546 7.2947571830 -11.1680895110 -1.9870139740 0.0100000000 0.0100000000 0.0400000000
1772700863.331541777 7.2614564868 -11.0889238710 -1.9860137953 0.0100000000 0.0100000000 0.0400000000
1772700863.431482553 7.2278585867 -11.0093883132 -1.9840136204 0.0100000000 0.0100000000 0.0400000000
1772700863.532150745 7.1942605973 -10.9298527454 -1.9820134455 0.0100000000 0.0100000000 0.0400000000
1772700863.632338762 7.1602166183 -10.8503171750 -1.9810132704 0.0100000000 0.0100000000 0.0400000000
1772700863.732258558 7.0485706204 -10.9398410078 -2.0110133004 0.0100000000 0.0100000000 0.0400000000
1772700863.833649635 7.0145266444 -10.8625250356 -2.0100131299 0.0100000000 0.0100000000 0.0400000000
1772700863.932268620 6.9803340637 -10.7848391355 -2.0080129599 0.0100000000 0.0100000000 0.0400000000
1772700864.032120705 6.9456954073 -10.7067833063 -2.0060127903 0.0100000000 0.0100000000 0.0400000000
1772700864.132204771 6.9109081457 -10.6285425062 -2.0050126217 0.0100000000 0.0100000000 0.0400000000
1772700864.232586622 6.8758235879 -10.5499317771 -2.0030124522 0.0100000000 0.0100000000 0.0400000000
1772700864.332019567 6.8402930425 -10.4707661366 -2.0020122828 0.0100000000 0.0100000000 0.0400000000
1772700864.432414770 6.8044651102 -10.3914155387 -2.0000121155 0.0100000000 0.0100000000 0.0400000000
1772700864.532111645 6.7683398814 -10.3115100405 -1.9980119464 0.0100000000 0.0100000000 0.0400000000
1772700864.632197618 6.7319173561 -10.2310496419 -1.9970117776 0.0100000000 0.0100000000 0.0400000000
1772700864.732578754 6.6559504212 -10.2780311576 -2.0240117744 0.0100000000 0.0100000000 0.0400000000
1772700864.832721710 6.6205684830 -10.2016400137 -2.0230116152 0.0100000000 0.0100000000 0.0400000000
1772700864.933797598 6.5850379402 -10.1250639118 -2.0210114558 0.0100000000 0.0100000000 0.0400000000
1772700865.032516718 6.5492100162 -10.0484878112 -2.0190112969 0.0100000000 0.0100000000 0.0400000000
1772700865.076705217 6.5132334881 -9.9717267500 -2.0170111391 0.0100000000 0.0100000000 0.0400000000
1772700865.232749701 6.4768109695 -9.8947807073 -2.0160109818 0.0100000000 0.0100000000 0.0400000000
1772700865.332732677 6.4400910651 -9.8176497051 -2.0140108253 0.0100000000 0.0100000000 0.0400000000
1772700865.433363676 6.4030738627 -9.7401487751 -2.0120106697 0.0100000000 0.0100000000 0.0400000000
1772700865.533057690 6.3660566637 -9.6622779045 -2.0100105126 0.0100000000 0.0100000000 0.0400000000
1772700865.633066654 6.3285934762 -9.5842220739 -2.0080103572 0.0100000000 0.0100000000 0.0400000000
1772700865.732885599 6.2899411171 -9.6750406281 -2.0240104578 0.0100000000 0.0100000000 0.0400000000
1772700865.833807707 6.2547078813 -9.6030886906 -2.0220103142 0.0100000000 0.0100000000 0.0400000000
1772700865.933593750 6.2193259536 -9.5309517836 -2.0200101697 0.0100000000 0.0100000000 0.0400000000
1772700866.033315659 6.1836467300 -9.4584449468 -2.0180100277 0.0100000000 0.0100000000 0.0400000000
1772700866.133047581 6.1478188120 -9.3859380993 -2.0160098854 0.0100000000 0.0100000000 0.0400000000
1772700866.235355616 6.1116935998 -9.3132462927 -2.0140097452 0.0100000000 0.0100000000 0.0400000000
1772700866.333632708 6.0754197819 -9.2401845543 -2.0130096028 0.0100000000 0.0100000000 0.0400000000
1772700866.433765650 6.0389971851 -9.1667528770 -2.0110094626 0.0100000000 0.0100000000 0.0400000000
1772700866.533712626 6.0024259827 -9.0929512710 -2.0090093220 0.0100000000 0.0100000000 0.0400000000
1772700866.634115696 5.9655574846 -9.0189647060 -2.0070091820 0.0100000000 0.0100000000 0.0400000000
1772700866.735746622 5.9322569953 -9.0955408422 -2.0200092598 0.0100000000 0.0100000000 0.0400000000
1772700866.833450556 5.8970237686 -9.0259934608 -2.0180091280 0.0100000000 0.0100000000 0.0400000000
1772700866.934772730 5.8616418463 -8.9562611181 -2.0170089960 0.0100000000 0.0100000000 0.0400000000
1772700867.033533573 5.8261113201 -8.8867137375 -2.0150088662 0.0100000000 0.0100000000 0.0400000000
1772700867.134407759 5.7904321051 -8.8169813962 -2.0130087383 0.0100000000 0.0100000000 0.0400000000
1772700867.233454704 5.7549014938 -8.7476189841 -2.0110086094 0.0100000000 0.0100000000 0.0400000000
1772700867.334259748 5.7192222794 -8.6784415307 -2.0090084819 0.0100000000 0.0100000000 0.0400000000
1772700867.434807777 5.6836917553 -8.6092640883 -2.0070083568 0.0100000000 0.0100000000 0.0400000000
1772700867.536216736 5.6483098387 -8.5406415456 -2.0050082333 0.0100000000 0.0100000000 0.0400000000
1772700867.634269714 5.6129280134 -8.4723889313 -2.0030081099 0.0100000000 0.0100000000 0.0400000000
1772700867.734931707 5.5701130507 -8.5717159375 -2.0290082066 0.0100000000 0.0100000000 0.0400000000
1772700867.835182667 5.5377043749 -8.5097521736 -2.0280080938 0.0100000000 0.0100000000 0.0400000000
1772700867.935007572 5.5051470953 -8.4483433218 -2.0260079831 0.0100000000 0.0100000000 0.0400000000
1772700868.034823656 5.4727385062 -8.3871194287 -2.0240078763 0.0100000000 0.0100000000 0.0400000000
1772700868.135634661 5.4404785259 -8.3260805062 -2.0220077682 0.0100000000 0.0100000000 0.0400000000
1772700868.235843658 5.4080699404 -8.2652265526 -2.0200076611 0.0100000000 0.0100000000 0.0400000000
1772700868.335184574 5.3756613552 -8.2043725999 -2.0180075552 0.0100000000 0.0100000000 0.0400000000
1772700868.434791565 5.3434013759 -8.1437036074 -2.0160074505 0.0100000000 0.0100000000 0.0400000000
1772700868.535113573 5.3109927898 -8.0832195825 -2.0140073452 0.0100000000 0.0100000000 0.0400000000
1772700868.636243582 5.2787328114 -8.0227355568 -2.0130072413 0.0100000000 0.0100000000 0.0400000000
1772700868.735474586 5.2412697132 -8.0906182702 -2.0290072976 0.0100000000 0.0100000000 0.0400000000
1772700868.835483551 5.2109423889 -8.0345734413 -2.0270072004 0.0100000000 0.0100000000 0.0400000000
1772700868.938983679 5.1806150639 -7.9785286110 -2.0250071050 0.0100000000 0.0100000000 0.0400000000
1772700869.035829544 5.1501390480 -7.9226687415 -2.0230070115 0.0100000000 0.0100000000 0.0400000000
1772700869.135944605 5.1196631172 -7.8668088790 -2.0220069181 0.0100000000 0.0100000000 0.0400000000
1772700869.235798597 5.0891871019 -7.8109490211 -2.0200068238 0.0100000000 0.0100000000 0.0400000000
1772700869.336647749 5.0584137886 -7.7550891495 -2.0180067323 0.0100000000 0.0100000000 0.0400000000
1772700869.436137676 5.0276404780 -7.6994142602 -2.0160066395 0.0100000000 0.0100000000 0.0400000000
1772700869.536120653 4.9967184729 -7.6437393582 -2.0150065491 0.0100000000 0.0100000000 0.0400000000
1772700869.636918545 4.9657965568 -7.5882494268 -2.0130064580 0.0100000000 0.0100000000 0.0400000000
1772700869.735783577 4.8595023037 -7.5473718639 -2.0390063272 0.0100000000 0.0100000000 0.0400000000
1772700869.836208582 4.8269450323 -7.4894773647 -2.0370062338 0.0100000000 0.0100000000 0.0400000000
1772700869.936192751 4.7942390704 -7.4315828654 -2.0360061417 0.0100000000 0.0100000000 0.0400000000
1772700870.036207676 4.7615331984 -7.3736883782 -2.0340060494 0.0100000000 0.0100000000 0.0400000000
1772700870.136052608 4.7288272382 -7.3159788504 -2.0320059593 0.0100000000 0.0100000000 0.0400000000
1772700870.236033678 4.6961212758 -7.2580843502 -2.0300058688 0.0100000000 0.0100000000 0.0400000000
1772700870.336734772 4.6635640087 -7.2001898507 -2.0280057791 0.0100000000 0.0100000000 0.0400000000
1772700870.436438560 4.6308581375 -7.1424803208 -2.0270056895 0.0100000000 0.0100000000 0.0400000000
1772700870.536263704 4.5983008715 -7.0845858328 -2.0250056007 0.0100000000 0.0100000000 0.0400000000
1772700870.636584759 4.5657436054 -7.0268763029 -2.0230055141 0.0100000000 0.0100000000 0.0400000000
1772700870.737029552 4.4998857340 -7.0091195343 -2.0410054484 0.0100000000 0.0100000000 0.0400000000
1772700870.836811781 4.4677744596 -6.9527047603 -2.0400053636 0.0100000000 0.0100000000 0.0400000000
1772700870.936656713 4.4358118791 -6.8964749705 -2.0380052803 0.0100000000 0.0100000000 0.0400000000
1772700871.038230658 4.4038492960 -6.8406150978 -2.0360051972 0.0100000000 0.0100000000 0.0400000000
1772700871.137918711 4.3718866270 -6.7851251644 -2.0350051160 0.0100000000 0.0100000000 0.0400000000
1772700871.236957550 4.3402213436 -6.7296352315 -2.0330050355 0.0100000000 0.0100000000 0.0400000000
1772700871.336472750 4.3087047545 -6.6743302680 -2.0320049549 0.0100000000 0.0100000000 0.0400000000
1772700871.437910557 4.2771881644 -6.6195802038 -2.0300048770 0.0100000000 0.0100000000 0.0400000000
1772700871.537254572 4.2458201786 -6.5648301295 -2.0280047995 0.0100000000 0.0100000000 0.0400000000
1772700871.637714624 4.2144521944 -6.5100800646 -2.0270047220 0.0100000000 0.0100000000 0.0400000000
1772700871.737391710 4.1102392906 -6.4503359027 -2.0620045933 0.0100000000 0.0100000000 0.0400000000
1772700871.837673664 4.0778307232 -6.3942910697 -2.0600045156 0.0100000000 0.0100000000 0.0400000000
1772700871.937726736 4.0454220676 -6.3382462362 -2.0590044402 0.0100000000 0.0100000000 0.0400000000
1772700872.037474632 4.0130135015 -6.2825713318 -2.0570043637 0.0100000000 0.0100000000 0.0400000000
1772700872.137738705 3.9806049378 -6.2267114677 -2.0560042880 0.0100000000 0.0100000000 0.0400000000
1772700872.238941669 3.9481962814 -6.1706666344 -2.0540042137 0.0100000000 0.0100000000 0.0400000000
1772700872.338557720 3.9156390232 -6.1144368294 -2.0530041385 0.0100000000 0.0100000000 0.0400000000
1772700872.436927557 3.8830817643 -6.0583919958 -2.0510040661 0.0100000000 0.0100000000 0.0400000000
1772700872.539624691 3.8502272115 -6.0019772312 -2.0500039930 0.0100000000 0.0100000000 0.0400000000
1772700872.638139725 3.8173726591 -5.9453774980 -2.0480039187 0.0100000000 0.0100000000 0.0400000000
1772700872.738812685 3.7393244607 -5.8950666100 -2.0770038264 0.0100000000 0.0100000000 0.0400000000
1772700872.838225603 3.7063212169 -5.8382819159 -2.0760037546 0.0100000000 0.0100000000 0.0400000000
1772700872.939235687 3.6730205843 -5.7814972120 -2.0750036844 0.0100000000 0.0100000000 0.0400000000
1772700873.038114548 3.6398687360 -5.7247125084 -2.0730036143 0.0100000000 0.0100000000 0.0400000000
1772700873.138487577 3.6064195053 -5.6679278144 -2.0720035432 0.0100000000 0.0100000000 0.0400000000
1772700873.240696669 3.5729702715 -5.6111431099 -2.0700034744 0.0100000000 0.0100000000 0.0400000000
1772700873.338511705 3.5392236532 -5.5543584049 -2.0680034061 0.0100000000 0.0100000000 0.0400000000
1772700873.438868761 3.5053284340 -5.4973887417 -2.0670033382 0.0100000000 0.0100000000 0.0400000000
1772700873.539095640 3.4711359143 -5.4400491373 -2.0650032695 0.0100000000 0.0100000000 0.0400000000
1772700873.638718605 3.4367947034 -5.3823396036 -2.0630032020 0.0100000000 0.0100000000 0.0400000000
1772700873.739020586 3.3233646308 -5.2782034781 -2.1020030548 0.0100000000 0.0100000000 0.0400000000
1772700873.839061737 3.2869421653 -5.2173495186 -2.1000029851 0.0100000000 0.0100000000 0.0400000000
1772700873.938828707 3.2503710103 -5.1561256188 -2.0980029174 0.0100000000 0.0100000000 0.0400000000
1772700874.038540602 3.2135025577 -5.0945317895 -2.0960028490 0.0100000000 0.0100000000 0.0400000000
1772700874.140250683 3.1764854106 -5.0325680286 -2.0950027811 0.0100000000 0.0100000000 0.0400000000
1772700874.240356684 3.1394682677 -4.9702343291 -2.0930027120 0.0100000000 0.0100000000 0.0400000000
1772700874.339253664 3.1021537378 -4.9079006291 -2.0910026475 0.0100000000 0.0100000000 0.0400000000
1772700874.437991619 3.0648392984 -4.8455669407 -2.0890025806 0.0100000000 0.0100000000 0.0400000000
1772700874.539220572 3.0273761649 -4.7828633102 -2.0880025144 0.0100000000 0.0100000000 0.0400000000
1772700874.640144587 2.9897643394 -4.7201596807 -2.0860024514 0.0100000000 0.0100000000 0.0400000000
1772700874.739862680 2.9267312022 -4.6889003368 -2.1170023988 0.0100000000 0.0100000000 0.0400000000
1772700874.839789629 2.8898626651 -4.6278614054 -2.1150023375 0.0100000000 0.0100000000 0.0400000000
1772700874.939601660 2.8529942175 -4.5670074434 -2.1130022767 0.0100000000 0.0100000000 0.0400000000
1772700875.042533636 2.8161257727 -4.5059685110 -2.1110022167 0.0100000000 0.0100000000 0.0400000000
1772700875.140197754 2.7792572370 -4.4449295801 -2.1090021579 0.0100000000 0.0100000000 0.0400000000
1772700875.239938736 2.7422400958 -4.3837056766 -2.1080020985 0.0100000000 0.0100000000 0.0400000000
1772700875.342210770 2.7052229582 -4.3224817725 -2.1060020419 0.0100000000 0.0100000000 0.0400000000
1772700875.441984653 2.6680572166 -4.2610729115 -2.1040019846 0.0100000000 0.0100000000 0.0400000000
1772700875.539951563 2.6305940894 -4.1998490087 -2.1020019280 0.0100000000 0.0100000000 0.0400000000
1772700875.640860558 2.5932795686 -4.1382551765 -2.1000018727 0.0100000000 0.0100000000 0.0400000000
1772700875.742436647 2.5534378927 -4.1217931578 -2.1230018455 0.0100000000 0.0100000000 0.0400000000
1772700875.839919567 2.5167180537 -4.0613091231 -2.1210017931 0.0100000000 0.0100000000 0.0400000000
1772700875.940333605 2.4799982166 -4.0008250896 -2.1190017389 0.0100000000 0.0100000000 0.0400000000
1772700876.040915728 2.4431297748 -3.9403410552 -2.1170016876 0.0100000000 0.0100000000 0.0400000000
1772700876.142077684 2.4062613326 -3.8796720507 -2.1160016355 0.0100000000 0.0100000000 0.0400000000
1772700876.242201567 2.3690955074 -3.8190030575 -2.1140015859 0.0100000000 0.0100000000 0.0400000000
1772700876.342509747 2.3317810781 -3.7579641233 -2.1120015362 0.0100000000 0.0100000000 0.0400000000
1772700876.441237688 2.2944665596 -3.6971101467 -2.1100014862 0.0100000000 0.0100000000 0.0400000000
1772700876.541053772 2.2571521319 -3.6358862534 -2.1080014379 0.0100000000 0.0100000000 0.0400000000
1772700876.643377781 2.2198377016 -3.5748473182 -2.1070013897 0.0100000000 0.0100000000 0.0400000000
1772700876.742090702 2.1783606801 -3.5556107930 -2.1290013653 0.0100000000 0.0100000000 0.0400000000
1772700876.843333721 2.1417895379 -3.4956816565 -2.1270013189 0.0100000000 0.0100000000 0.0400000000
1772700876.940885544 2.1050697036 -3.4359374905 -2.1260012746 0.0100000000 0.0100000000 0.0400000000
1772700877.044147730 2.0684985654 -3.3761933229 -2.1240012308 0.0100000000 0.0100000000 0.0400000000
1772700877.143617630 2.0319274246 -3.3168190867 -2.1220011876 0.0100000000 0.0100000000 0.0400000000
1772700877.243783712 1.9955049791 -3.2574448482 -2.1200011459 0.0100000000 0.0100000000 0.0400000000
1772700877.341119766 1.9589338396 -3.1982555696 -2.1180011040 0.0100000000 0.0100000000 0.0400000000
1772700877.442446709 1.9225113057 -3.1388813321 -2.1170010635 0.0100000000 0.0100000000 0.0400000000
1772700877.541735649 1.8860888621 -3.0796920641 -2.1150010232 0.0100000000 0.0100000000 0.0400000000
1772700877.641416550 1.8498150215 -3.0203178260 -2.1130009840 0.0100000000 0.0100000000 0.0400000000
1772700877.741548777 1.8162172102 -3.0180982237 -2.1370009744 0.0100000000 0.0100000000 0.0400000000
1772700877.844133615 1.7800920636 -2.9596488131 -2.1350009353 0.0100000000 0.0100000000 0.0400000000
1772700877.942918777 1.7441155206 -2.9015693442 -2.1330008987 0.0100000000 0.0100000000 0.0400000000
1772700878.042247772 1.7081390673 -2.8434898745 -2.1310008639 0.0100000000 0.0100000000 0.0400000000
1772700878.142150640 1.6720139235 -2.7857803332 -2.1300008276 0.0100000000 0.0100000000 0.0400000000
1772700878.242933750 1.6360374688 -2.7280707930 -2.1280007929 0.0100000000 0.0100000000 0.0400000000
1772700878.343045712 1.6000609304 -2.6705462109 -2.1260007604 0.0100000000 0.0100000000 0.0400000000
1772700878.442031622 1.5640844789 -2.6130216393 -2.1240007280 0.0100000000 0.0100000000 0.0400000000
1772700878.541898727 1.5281080297 -2.5547571985 -2.1220006942 0.0100000000 0.0100000000 0.0400000000
1772700878.643839598 1.4919828843 -2.4964927578 -2.1200006635 0.0100000000 0.0100000000 0.0400000000
1772700878.743847609 1.4524384325 -2.4506210717 -2.1300006365 0.0100000000 0.0100000000 0.0400000000
1772700878.842355728 1.4155700045 -2.3914317900 -2.1280006057 0.0100000000 0.0100000000 0.0400000000
1772700878.943468571 1.3787015767 -2.3320575502 -2.1270005753 0.0100000000 0.0100000000 0.0400000000
1772700879.043052673 1.3416844566 -2.2726833085 -2.1250005456 0.0100000000 0.0100000000 0.0400000000
1772700879.144591570 1.3046673381 -2.2131241095 -2.1230005174 0.0100000000 0.0100000000 0.0400000000
1772700879.244225740 1.2675015256 -2.1533799285 -2.1210004898 0.0100000000 0.0100000000 0.0400000000
1772700879.343774557 1.2303357174 -2.0936357578 -2.1190004626 0.0100000000 0.0100000000 0.0400000000
1772700879.443825722 1.1930213021 -2.0335216463 -2.1170004364 0.0100000000 0.0100000000 0.0400000000
1772700879.543385744 1.1560041831 -1.9735925052 -2.1150004108 0.0100000000 0.0100000000 0.0400000000
1772700879.642940760 1.1189870687 -1.9138483341 -2.1130003858 0.0100000000 0.0100000000 0.0400000000
1772700879.742697716 1.0865785366 -1.8953516782 -2.1340003738 0.0100000000 0.0100000000 0.0400000000
1772700879.844822645 1.0497100246 -1.8361624062 -2.1320003504 0.0100000000 0.0100000000 0.0400000000
1772700879.944438696 1.0126929122 -1.7769731341 -2.1300003278 0.0100000000 0.0100000000 0.0400000000
1772700880.043457747 0.9758244893 -1.7179688213 -2.1280003052 0.0100000000 0.0100000000 0.0400000000
1772700880.144570589 0.9391046720 -1.6589645083 -2.1250002850 0.0100000000 0.0100000000 0.0400000000
1772700880.244603634 0.9023849427 -1.5999602055 -2.1230002637 0.0100000000 0.0100000000 0.0400000000
1772700880.343538761 0.8656651254 -1.5409558921 -2.1210002459 0.0100000000 0.0100000000 0.0400000000
1772700880.444612741 0.8289453083 -1.4819515775 -2.1190002256 0.0100000000 0.0100000000 0.0400000000
1772700880.543705702 0.7922255803 -1.4227623042 -2.1170002070 0.0100000000 0.0100000000 0.0400000000
1772700880.644109726 0.7555057655 -1.3637579905 -2.1150001910 0.0100000000 0.0100000000 0.0400000000
1772700880.743713617 0.7507485759 -1.3850291375 -2.1380001944 0.0100000000 0.0100000000 0.0400000000
1772700880.843966722 0.7159614112 -1.3289842906 -2.1360001779 0.0100000000 0.0100000000 0.0400000000
1772700880.945206642 0.6813228510 -1.2733093729 -2.1340001626 0.0100000000 0.0100000000 0.0400000000
1772700881.044836760 0.6466843815 -1.2178194252 -2.1320001501 0.0100000000 0.0100000000 0.0400000000
1772700881.145039558 0.6121945139 -1.1625144479 -2.1300001357 0.0100000000 0.0100000000 0.0400000000
1772700881.245797634 0.5778533393 -1.1073944295 -2.1270001209 0.0100000000 0.0100000000 0.0400000000
1772700881.344815731 0.5438095510 -1.0522744216 -2.1250001093 0.0100000000 0.0100000000 0.0400000000
1772700881.445995569 0.5097656730 -0.9973393715 -2.1230000974 0.0100000000 0.0100000000 0.0400000000
1772700881.546588659 0.4760191839 -0.9424043226 -2.1210000869 0.0100000000 0.0100000000 0.0400000000
1772700881.643724680 0.4694779500 -0.9655251262 -2.1670000899 0.0100000000 0.0100000000 0.0400000000
1772700881.744555712 0.4369207323 -0.9126247049 -2.1650000805 0.0100000000 0.0100000000 0.0400000000
1772700881.846019745 0.4043635177 -0.8597242952 -2.1630000687 0.0100000000 0.0100000000 0.0400000000
1772700881.944836617 0.3718063041 -0.8068238731 -2.1600000609 0.0100000000 0.0100000000 0.0400000000
1772700882.045660734 0.3393977826 -0.7542933918 -2.1580000531 0.0100000000 0.0100000000 0.0400000000
1772700882.146904707 0.3071378651 -0.7019478699 -2.1560000449 0.0100000000 0.0100000000 0.0400000000
1772700882.245050669 0.2750266398 -0.6499722885 -2.1530000390 0.0100000000 0.0100000000 0.0400000000
1772700882.345138550 0.2429154176 -0.5981816647 -2.1510000316 0.0100000000 0.0100000000 0.0400000000
1772700882.445486546 0.2111015796 -0.5463910418 -2.1480000274 0.0100000000 0.0100000000 0.0400000000
1772700882.546742678 0.1795849497 -0.4949703589 -2.1460000203 0.0100000000 0.0100000000 0.0400000000
1772700882.645459652 0.1480684108 -0.4435496752 -2.1440000151 0.0100000000 0.0100000000 0.0400000000
1772700882.745354652 0.1043614668 -0.3830656281 -2.1790000107 0.0100000000 0.0100000000 0.0400000000
1772700882.845761776 0.0728449293 -0.3312750042 -2.1760000087 0.0100000000 0.0100000000 0.0400000000
1772700882.946446657 0.0416256846 -0.2796693510 -2.1740000055 0.0100000000 0.0100000000 0.0400000000
1772700883.046930552 0.0105550466 -0.2286185969 -2.1710000030 0.0100000000 0.0100000000 0.0400000000
1772700883.145127773 -0.0203668085 -0.1775678416 -2.1690000017 0.0100000000 0.0100000000 0.0400000000
1772700883.245903730 -0.0512887536 -0.1265170885 -2.1660000002 0.0100000000 0.0100000000 0.0400000000
1772700883.345652580 -0.0819133140 -0.0756513028 -2.1639999998 0.0100000000 0.0100000000 0.0400000000
1772700883.447167635 -0.1125379610 -0.0247855075 -2.1609999988 0.0100000000 0.0100000000 0.0400000000
1772700883.545616627 -0.1430138263 0.0262652481 -2.1580000014 0.0100000000 0.0100000000 0.0400000000
1772700883.646859646 -0.1734897827 0.0771310324 -2.1560000021 0.0100000000 0.0100000000 0.0400000000
1772700883.746588707 -0.2378609092 0.1740534766 -2.1940000060 0.0100000000 0.0100000000 0.0400000000
1772700883.846049547 -0.2692287511 0.2263990010 -2.1910000080 0.0100000000 0.0100000000 0.0400000000
1772700883.945580721 -0.3002993877 0.2785595547 -2.1890000127 0.0100000000 0.0100000000 0.0400000000
1772700884.046545744 -0.3312212389 0.3303501809 -2.1860000161 0.0100000000 0.0100000000 0.0400000000
1772700884.146603584 -0.3621431828 0.3819558361 -2.1830000216 0.0100000000 0.0100000000 0.0400000000
1772700884.247081757 -0.3929164296 0.4333765213 -2.1810000253 0.0100000000 0.0100000000 0.0400000000
1772700884.346210718 -0.4235409841 0.4847972064 -2.1780000311 0.0100000000 0.0100000000 0.0400000000
1772700884.446091652 -0.4538682449 0.5360329333 -2.1750000375 0.0100000000 0.0100000000 0.0400000000
1772700884.547409773 -0.4840468995 0.5868987196 -2.1720000446 0.0100000000 0.0100000000 0.0400000000
1772700884.646570683 -0.5140767708 0.6375795463 -2.1700000522 0.0100000000 0.0100000000 0.0400000000
1772700884.747177601 -0.5670008638 0.7428254817 -2.2020000672 0.0100000000 0.0100000000 0.0400000000
1772700884.846636772 -0.5983687020 0.7959108775 -2.1990000779 0.0100000000 0.0100000000 0.0400000000
1772700884.948106766 -0.6297366300 0.8488112919 -2.1960000870 0.0100000000 0.0100000000 0.0400000000
1772700885.048583746 -0.6609558640 0.9017117172 -2.1930000967 0.0100000000 0.0100000000 0.0400000000
1772700885.147581577 -0.6915804146 0.9540572448 -2.1910001085 0.0100000000 0.0100000000 0.0400000000
1772700885.246799707 -0.7222050584 1.0058478610 -2.1880001203 0.0100000000 0.0100000000 0.0400000000
1772700885.347622633 -0.7526809150 1.0574535175 -2.1850001315 0.0100000000 0.0100000000 0.0400000000
1772700885.447669744 -0.7831568637 1.1085042745 -2.1820001445 0.0100000000 0.0100000000 0.0400000000
1772700885.546644688 -0.8134841181 1.1597400026 -2.1790001571 0.0100000000 0.0100000000 0.0400000000
1772700885.647193670 -0.8983707186 1.2777486264 -2.2240001901 0.0100000000 0.0100000000 0.0400000000
1772700885.747250557 -0.9304819288 1.3326836816 -2.2210002065 0.0100000000 0.0100000000 0.0400000000
1772700885.847751617 -0.9624444462 1.3874337786 -2.2180002234 0.0100000000 0.0100000000 0.0400000000
1772700885.947604656 -0.9942583554 1.4418139328 -2.2150002405 0.0100000000 0.0100000000 0.0400000000
1772700886.048316717 -1.0257748824 1.4960091179 -2.2120002562 0.0100000000 0.0100000000 0.0400000000
1772700886.146538734 -1.0571428057 1.5500193450 -2.2090002765 0.0100000000 0.0100000000 0.0400000000
1772700886.247685671 -1.0883620341 1.6034746611 -2.2060002943 0.0100000000 0.0100000000 0.0400000000
1772700886.347148657 -1.1194325722 1.6569299881 -2.2020003133 0.0100000000 0.0100000000 0.0400000000
1772700886.447818756 -1.1505031079 1.7103853162 -2.1990003323 0.0100000000 0.0100000000 0.0400000000
1772700886.547403574 -1.1814250377 1.7636556735 -2.1960003539 0.0100000000 0.0100000000 0.0400000000
1772700886.647586584 -1.2124955724 1.8169260313 -2.1930003738 0.0100000000 0.0100000000 0.0400000000
1772700886.748949766 -1.2789479196 1.9347496823 -2.2320004215 0.0100000000 0.0100000000 0.0400000000
1772700886.848366737 -1.3120997941 1.9922742783 -2.2280004460 0.0100000000 0.0100000000 0.0400000000
1772700886.947836637 -1.3451029743 2.0497988629 -2.2250004709 0.0100000000 0.0100000000 0.0400000000
1772700887.048140764 -1.3782548482 2.1073234465 -2.2220004971 0.0100000000 0.0100000000 0.0400000000
1772700887.148332596 -1.4112580294 2.1650330017 -2.2180005230 0.0100000000 0.0100000000 0.0400000000
1772700887.248304605 -1.4442612106 2.2223726267 -2.2150005507 0.0100000000 0.0100000000 0.0400000000
1772700887.348377705 -1.4772643889 2.2797122522 -2.2120005790 0.0100000000 0.0100000000 0.0400000000
1772700887.448127747 -1.5104161729 2.3368669081 -2.2080006072 0.0100000000 0.0100000000 0.0400000000
1772700887.548408747 -1.5434193521 2.3940215646 -2.2050006371 0.0100000000 0.0100000000 0.0400000000
1772700887.648662567 -1.5762739265 2.4508062806 -2.2010006648 0.0100000000 0.0100000000 0.0400000000
1772700887.748577595 -1.6489701006 2.5852769250 -2.2500007382 0.0100000000 0.0100000000 0.0400000000
1772700887.848796606 -1.6836085389 2.6453910494 -2.2460007709 0.0100000000 0.0100000000 0.0400000000
1772700887.949040651 -1.7179496852 2.7055051627 -2.2430008059 0.0100000000 0.0100000000 0.0400000000
1772700888.048879623 -1.7524395187 2.7656192883 -2.2390008417 0.0100000000 0.0100000000 0.0400000000
1772700888.148703575 -1.7867806604 2.8257334135 -2.2350008754 0.0100000000 0.0100000000 0.0400000000
1772700888.250444651 -1.8211218030 2.8858475270 -2.2310009135 0.0100000000 0.0100000000 0.0400000000
1772700888.348945618 -1.8554629460 2.9461466247 -2.2270009517 0.0100000000 0.0100000000 0.0400000000
1772700888.449661732 -1.8895066989 3.0062607372 -2.2240009895 0.0100000000 0.0100000000 0.0400000000
1772700888.549812555 -1.9235505453 3.0661898927 -2.2200010279 0.0100000000 0.0100000000 0.0400000000
1772700888.649322748 -1.9575943886 3.1261190501 -2.2160010671 0.0100000000 0.0100000000 0.0400000000
1772700888.748907566 -2.0057611629 3.2141630969 -2.2670011266 0.0100000000 0.0100000000 0.0400000000
1772700888.848864555 -2.0403995980 3.2752020512 -2.2630011684 0.0100000000 0.0100000000 0.0400000000
1772700888.948769569 -2.0750380305 3.3366109365 -2.2590012115 0.0100000000 0.0100000000 0.0400000000
1772700889.049493551 -2.1096765554 3.3978348616 -2.2550012556 0.0100000000 0.0100000000 0.0400000000
1772700889.149372578 -2.1444636812 3.4594287185 -2.2510013005 0.0100000000 0.0100000000 0.0400000000
1772700889.250756741 -2.1792508093 3.5210225732 -2.2470013463 0.0100000000 0.0100000000 0.0400000000
1772700889.351259708 -2.2137405475 3.5824314597 -2.2430013918 0.0100000000 0.0100000000 0.0400000000
1772700889.450172663 -2.2480816820 3.6438403454 -2.2390014392 0.0100000000 0.0100000000 0.0400000000
1772700889.550329685 -2.2824228187 3.7050642718 -2.2350014866 0.0100000000 0.0100000000 0.0400000000
1772700889.649861574 -2.3166153510 3.7662881992 -2.2310015346 0.0100000000 0.0100000000 0.0400000000
1772700889.750544548 -2.3673093524 3.8569217562 -2.2880016061 0.0100000000 0.0100000000 0.0400000000
1772700889.850683689 -2.4017991785 3.9192554827 -2.2840016588 0.0100000000 0.0100000000 0.0400000000
1772700889.951103687 -2.4362889135 3.9817741677 -2.2800017115 0.0100000000 0.0100000000 0.0400000000
1772700890.049714565 -2.4707787387 4.0444778243 -2.2760017634 0.0100000000 0.0100000000 0.0400000000
1772700890.150049686 -2.5052685638 4.1071814803 -2.2710018174 0.0100000000 0.0100000000 0.0400000000
1772700890.251881599 -2.5393123092 4.1704400364 -2.2670018720 0.0100000000 0.0100000000 0.0400000000
1772700890.350938559 -2.5733561436 4.2336985927 -2.2630019270 0.0100000000 0.0100000000 0.0400000000
1772700890.450162649 -2.6075485825 4.2971421179 -2.2590019832 0.0100000000 0.0100000000 0.0400000000
1772700890.550124645 -2.6417411074 4.3607706038 -2.2550020412 0.0100000000 0.0100000000 0.0400000000
1772700890.650716543 -2.6760822359 4.4243991013 -2.2500020991 0.0100000000 0.0100000000 0.0400000000
1772700890.751657724 -2.7346553272 4.5374136026 -2.3130022034 0.0100000000 0.0100000000 0.0400000000
1772700890.852252722 -2.7694424432 4.6023368587 -2.3080022656 0.0100000000 0.0100000000 0.0400000000
1772700890.950506687 -2.8043782526 4.6670751448 -2.3040023276 0.0100000000 0.0100000000 0.0400000000
1772700891.050938606 -2.8390166734 4.7318134410 -2.2990023898 0.0100000000 0.0100000000 0.0400000000
1772700891.151346684 -2.8735064921 4.7963667580 -2.2950024556 0.0100000000 0.0100000000 0.0400000000
1772700891.250315666 -2.9076989247 4.8609200848 -2.2900025190 0.0100000000 0.0100000000 0.0400000000
1772700891.351259708 -2.9417427547 4.9252884413 -2.2860025847 0.0100000000 0.0100000000 0.0400000000
1772700891.451493740 -2.9756378892 4.9894718278 -2.2810026491 0.0100000000 0.0100000000 0.0400000000
1772700891.552176714 -3.0093843324 5.0534702554 -2.2770027158 0.0100000000 0.0100000000 0.0400000000
1772700891.651211739 -3.0426848743 5.1172837143 -2.2720027835 0.0100000000 0.0100000000 0.0400000000
1772700891.753056765 -3.0765799703 5.2092120278 -2.3270028733 0.0100000000 0.0100000000 0.0400000000
1772700891.853425741 -3.1103264120 5.2737653566 -2.3220029447 0.0100000000 0.0100000000 0.0400000000
1772700891.952093601 -3.1439242473 5.3379487441 -2.3180030138 0.0100000000 0.0100000000 0.0400000000
1772700892.051733732 -3.1772246986 5.4019471731 -2.3130030843 0.0100000000 0.0100000000 0.0400000000
1772700892.151333570 -3.2103765461 5.4655756615 -2.3080031557 0.0100000000 0.0100000000 0.0400000000
1772700892.252330780 -3.2430823143 5.5290191900 -2.3040032255 0.0100000000 0.0100000000 0.0400000000
1772700892.353873730 -3.2754908779 5.5920927793 -2.2990032979 0.0100000000 0.0100000000 0.0400000000
1772700892.451792717 -3.3077506556 5.6551663790 -2.2950033711 0.0100000000 0.0100000000 0.0400000000
1772700892.552250624 -3.3398618327 5.7178700393 -2.2900034441 0.0100000000 0.0100000000 0.0400000000
1772700892.652776718 -3.3719730069 5.7803887302 -2.2850035167 0.0100000000 0.0100000000 0.0400000000
1772700892.751849651 -3.4275729154 5.9157841590 -2.3610036699 0.0100000000 0.0100000000 0.0400000000
1772700892.852676630 -3.4611706570 5.9816322474 -2.3560037493 0.0100000000 0.0100000000 0.0400000000
1772700892.952654600 -3.4946197948 6.0469254462 -2.3510038299 0.0100000000 0.0100000000 0.0400000000
1772700893.054834604 -3.5282176267 6.1120336654 -2.3460039120 0.0100000000 0.0100000000 0.0400000000
1772700893.152884722 -3.5615180697 6.1769569253 -2.3410039932 0.0100000000 0.0100000000 0.0400000000
1772700893.252211571 -3.5949672084 6.2420651554 -2.3360040752 0.0100000000 0.0100000000 0.0400000000
1772700893.353312731 -3.6281190493 6.3068034443 -2.3310041577 0.0100000000 0.0100000000 0.0400000000
1772700893.454075575 -3.6612708896 6.3713567751 -2.3260042397 0.0100000000 0.0100000000 0.0400000000
1772700893.552984715 -3.6941253436 6.4357251361 -2.3210043237 0.0100000000 0.0100000000 0.0400000000
1772700893.654056549 -3.7268311961 6.4997235687 -2.3160044091 0.0100000000 0.0100000000 0.0400000000
1772700893.754181623 -3.8063657020 6.6415928279 -2.3890046024 0.0100000000 0.0100000000 0.0400000000
1772700893.853858709 -3.8407068113 6.7089206583 -2.3830046925 0.0100000000 0.0100000000 0.0400000000
1772700893.953902721 -3.8748993192 6.7758785478 -2.3780047855 0.0100000000 0.0100000000 0.0400000000
1772700894.053354740 -3.9090917347 6.8426514790 -2.3730048774 0.0100000000 0.0100000000 0.0400000000
1772700894.153379679 -3.9431355472 6.9096093678 -2.3680049703 0.0100000000 0.0100000000 0.0400000000
1772700894.252992630 -3.9774766568 6.9763822987 -2.3630050641 0.0100000000 0.0100000000 0.0400000000
1772700894.353086710 -4.0115203784 7.0431552192 -2.3570051602 0.0100000000 0.0100000000 0.0400000000
1772700894.453307629 -4.0457128832 7.1095582218 -2.3520052549 0.0100000000 0.0100000000 0.0400000000
1772700894.553679705 -4.0799052974 7.1761461829 -2.3470053517 0.0100000000 0.0100000000 0.0400000000
1772700894.654753685 -4.1140977109 7.2425491749 -2.3420054501 0.0100000000 0.0100000000 0.0400000000
1772700894.754061699 -4.2021060708 7.3875628706 -2.4150056734 0.0100000000 0.0100000000 0.0400000000
1772700894.852863550 -4.2379338343 7.4578501603 -2.4090057797 0.0100000000 0.0100000000 0.0400000000
1772700894.954075575 -4.2739101992 7.5281374493 -2.4040058867 0.0100000000 0.0100000000 0.0400000000
1772700895.053603649 -4.3097379616 7.5984247506 -2.3980059937 0.0100000000 0.0100000000 0.0400000000
1772700895.153781652 -4.3452683341 7.6687120400 -2.3930061029 0.0100000000 0.0100000000 0.0400000000
1772700895.253483772 -4.3807987107 7.7389993313 -2.3870062121 0.0100000000 0.0100000000 0.0400000000
1772700895.354347706 -4.4164777770 7.8092866338 -2.3810063214 0.0100000000 0.0100000000 0.0400000000
1772700895.454751730 -4.4521568452 7.8797588951 -2.3750064334 0.0100000000 0.0100000000 0.0400000000
1772700895.554121733 -4.4876873037 7.9502311557 -2.3700065461 0.0100000000 0.0100000000 0.0400000000
1772700895.653526545 -4.5230689846 8.0205184469 -2.3640066590 0.0100000000 0.0100000000 0.0400000000
1772700895.753645420 -4.6295115331 8.1984561681 -2.4450069619 0.0100000000 0.0100000000 0.0400000000
1772700895.854356766 -4.6680151288 8.2744774267 -2.4390070891 0.0100000000 0.0100000000 0.0400000000
1772700895.953918695 -4.7065188131 8.3503137279 -2.4320072170 0.0100000000 0.0100000000 0.0400000000
1772700896.053661585 -4.7450224983 8.4263349874 -2.4260073454 0.0100000000 0.0100000000 0.0400000000
1772700896.154305696 -4.7836747813 8.5027261753 -2.4200074754 0.0100000000 0.0100000000 0.0400000000
1772700896.254457712 -4.8226244530 8.5793023369 -2.4130076082 0.0100000000 0.0100000000 0.0400000000
1772700896.354657650 -4.8617227287 8.6562484261 -2.4070077418 0.0100000000 0.0100000000 0.0400000000
1772700896.456327677 -4.9009696944 8.7333794882 -2.4000078770 0.0100000000 0.0100000000 0.0400000000
1772700896.555388689 -4.9403653502 8.8106955186 -2.3940080137 0.0100000000 0.0100000000 0.0400000000
1772700896.655005693 -4.9799096118 8.8880115510 -2.3870081530 0.0100000000 0.0100000000 0.0400000000
1772700896.754843712 -5.0610794161 9.0370945120 -2.4440084271 0.0100000000 0.0100000000 0.0400000000
1772700896.856177568 -5.1022590236 9.1179249008 -2.4370085742 0.0100000000 0.0100000000 0.0400000000
1772700896.954329729 -5.1437359278 9.1991252325 -2.4300087250 0.0100000000 0.0100000000 0.0400000000
1772700897.057030678 -5.1855101217 9.2805105208 -2.4240088773 0.0100000000 0.0100000000 0.0400000000
1772700897.155988693 -5.2275817055 9.3622657521 -2.4170090311 0.0100000000 0.0100000000 0.0400000000
1772700897.254838705 -5.2699505817 9.4443909132 -2.4100091883 0.0100000000 0.0100000000 0.0400000000
1772700897.354949713 -5.3123194594 9.5267010463 -2.4030093455 0.0100000000 0.0100000000 0.0400000000
1772700897.456841707 -5.3548369373 9.6093811072 -2.3960095065 0.0100000000 0.0100000000 0.0400000000
1772700897.556570768 -5.3976518024 9.6924310981 -2.3890096669 0.0100000000 0.0100000000 0.0400000000
1772700897.654556751 -5.4404666628 9.7754810911 -2.3820098314 0.0100000000 0.0100000000 0.0400000000
1772700897.755036592 -5.5085541897 9.8487277150 -2.4800100011 0.0100000000 0.0100000000 0.0400000000
1772700897.855638742 -5.5521123337 9.9328875174 -2.4730101716 0.0100000000 0.0100000000 0.0400000000
1772700897.956436634 -5.5956704771 10.0168623390 -2.4660103406 0.0100000000 0.0100000000 0.0400000000
1772700898.055071592 -5.6393773111 10.1012071004 -2.4590105125 0.0100000000 0.0100000000 0.0400000000
1772700898.155862570 -5.6832328396 10.1855518630 -2.4520106845 0.0100000000 0.0100000000 0.0400000000
1772700898.255984545 -5.7270883611 10.2698966260 -2.4450108607 0.0100000000 0.0100000000 0.0400000000
1772700898.356046677 -5.7712411852 10.3542413891 -2.4380110372 0.0100000000 0.0100000000 0.0400000000
1772700898.455550671 -5.8153940056 10.4387711247 -2.4310112166 0.0100000000 0.0100000000 0.0400000000
1772700898.554876566 -5.8598441185 10.5234858178 -2.4240113946 0.0100000000 0.0100000000 0.0400000000
1772700898.656799555 -5.9044429299 10.6083854849 -2.4160115787 0.0100000000 0.0100000000 0.0400000000
1772700898.756475687 -5.9533528355 10.6670197185 -2.5270117214 0.0100000000 0.0100000000 0.0400000000
1772700898.855567694 -5.9981003320 10.7522893126 -2.5200119064 0.0100000000 0.0100000000 0.0400000000
1772700898.957075596 -6.0429964327 10.8377438764 -2.5130120944 0.0100000000 0.0100000000 0.0400000000
1772700899.058199644 -6.0881899158 10.9235683709 -2.5060122848 0.0100000000 0.0100000000 0.0400000000
1772700899.156145573 -6.1338293866 11.0099477756 -2.4990124766 0.0100000000 0.0100000000 0.0400000000
1772700899.255698681 -6.1797661524 11.0970670425 -2.4910126724 0.0100000000 0.0100000000 0.0400000000
1772700899.355739594 -6.2262975091 11.1847412078 -2.4840128719 0.0100000000 0.0100000000 0.0400000000
1772700899.456165552 -6.2729776472 11.2729702726 -2.4770130719 0.0100000000 0.0100000000 0.0400000000
1772700899.556200743 -6.3199549877 11.3617542381 -2.4700132776 0.0100000000 0.0100000000 0.0400000000
1772700899.655837774 -6.3669324201 11.4509081341 -2.4620134830 0.0100000000 0.0100000000 0.0400000000
1772700899.757108688 -6.3452275244 11.4964096687 -2.5770135443 0.0100000000 0.0100000000 0.0400000000
1772700899.856868744 -6.3899749227 11.5814943050 -2.5700137428 0.0100000000 0.0100000000 0.0400000000
1772700899.957727671 -6.4350197093 11.6669488719 -2.5630139450 0.0100000000 0.0100000000 0.0400000000
1772700900.058085680 -6.4802131839 11.7524034392 -2.5560141470 0.0100000000 0.0100000000 0.0400000000
1772700900.157129765 -6.5257039549 11.8384129070 -2.5490143522 0.0100000000 0.0100000000 0.0400000000
1772700900.257114649 -6.5713434148 11.9244223737 -2.5420145607 0.0100000000 0.0100000000 0.0400000000
1772700900.356842756 -6.6169827871 12.0108017716 -2.5350147721 0.0100000000 0.0100000000 0.0400000000
1772700900.457610607 -6.6627709418 12.0973661397 -2.5280149827 0.0100000000 0.0100000000 0.0400000000
1772700900.557535648 -6.7087076938 12.1841154789 -2.5210151959 0.0100000000 0.0100000000 0.0400000000
1772700900.658665657 -6.7547930528 12.2708648075 -2.5140154105 0.0100000000 0.0100000000 0.0400000000
1772700900.757596731 -6.7686185457 12.3330133754 -2.6100155464 0.0100000000 0.0100000000 0.0400000000
1772700900.857171774 -6.8139607058 12.4182829853 -2.6030157610 0.0100000000 0.0100000000 0.0400000000
1772700900.958697557 -6.8596000739 12.5039225148 -2.5960159779 0.0100000000 0.0100000000 0.0400000000
1772700901.058267593 -6.9053882237 12.5891921257 -2.5890161952 0.0100000000 0.0100000000 0.0400000000
1772700901.158109665 -6.9511762794 12.6746466966 -2.5820164137 0.0100000000 0.0100000000 0.0400000000
1772700901.257193565 -6.9971130312 12.7602862272 -2.5750166366 0.0100000000 0.0100000000 0.0400000000
1772700901.358782768 -7.0430497772 12.8461107398 -2.5680168605 0.0100000000 0.0100000000 0.0400000000
1772700901.457613707 -7.0892838218 12.9319352417 -2.5610170832 0.0100000000 0.0100000000 0.0400000000
1772700901.558479548 -7.1353692599 13.0179447133 -2.5540173099 0.0100000000 0.0100000000 0.0400000000
1772700901.657366753 -7.2012266946 13.0460594183 -2.6780174425 0.0100000000 0.0100000000 0.0400000000
1772700901.757831573 -7.2474608274 13.1316989608 -2.6710176713 0.0100000000 0.0100000000 0.0400000000
1772700901.858430624 -7.2939921612 13.2175234625 -2.6640179015 0.0100000000 0.0100000000 0.0400000000
1772700901.957753658 -7.3403748946 13.3039028758 -2.6570181352 0.0100000000 0.0100000000 0.0400000000
1772700902.059022665 -7.3869063163 13.3908371779 -2.6500183711 0.0100000000 0.0100000000 0.0400000000
1772700902.158841610 -7.4335863402 13.4781414204 -2.6430186099 0.0100000000 0.0100000000 0.0400000000
1772700902.257959604 -7.4801177582 13.5656306251 -2.6350188509 0.0100000000 0.0100000000 0.0400000000
1772700902.358412743 -7.5266491792 13.6536747287 -2.6280190934 0.0100000000 0.0100000000 0.0400000000
1772700902.458257675 -7.5734778934 13.7422737419 -2.6210193402 0.0100000000 0.0100000000 0.0400000000
1772700902.559174776 -7.6204552096 13.8308727480 -2.6130195883 0.0100000000 0.0100000000 0.0400000000
1772700902.658910751 -7.6675813049 13.9203965918 -2.6060198400 0.0100000000 0.0100000000 0.0400000000
1772700902.758275747 -7.7471156583 13.9681177595 -2.7240200410 0.0100000000 0.0100000000 0.0400000000
1772700902.860016584 -7.7940930590 14.0569017346 -2.7160202928 0.0100000000 0.0100000000 0.0400000000
1772700902.960966587 -7.8413677538 14.1462406080 -2.7090205490 0.0100000000 0.0100000000 0.0400000000
1772700903.060032606 -7.8886424503 14.2359494109 -2.7020208067 0.0100000000 0.0100000000 0.0400000000
1772700903.159091711 -7.9363631313 14.3263980873 -2.6940210703 0.0100000000 0.0100000000 0.0400000000
1772700903.259118557 -7.9843811047 14.4175866315 -2.6870213357 0.0100000000 0.0100000000 0.0400000000
1772700903.359185696 -8.0325477741 14.5089601378 -2.6790216041 0.0100000000 0.0100000000 0.0400000000
1772700903.459776640 -8.0811604279 14.6010735120 -2.6720218766 0.0100000000 0.0100000000 0.0400000000
1772700903.558878660 -8.1299217734 14.6937417896 -2.6640221522 0.0100000000 0.0100000000 0.0400000000
1772700903.658641577 -8.1748176512 14.7508961163 -2.8200223408 0.0100000000 0.0100000000 0.0400000000
1772700903.758771658 -8.2217950399 14.8409748604 -2.8130226104 0.0100000000 0.0100000000 0.0400000000
1772700903.859694719 -8.2692184190 14.9316084944 -2.8060228844 0.0100000000 0.0100000000 0.0400000000
1772700903.959201574 -8.3166417063 15.0226120686 -2.7990231595 0.0100000000 0.0100000000 0.0400000000
1772700904.058969736 -8.3643623759 15.1138006144 -2.7920234395 0.0100000000 0.0100000000 0.0400000000
1772700904.160203695 -8.4122317419 15.2053590925 -2.7840237199 0.0100000000 0.0100000000 0.0400000000
1772700904.259316683 -8.4601011013 15.2969175675 -2.7770240033 0.0100000000 0.0100000000 0.0400000000
1772700904.358676672 -8.5081190684 15.3886610164 -2.7690242867 0.0100000000 0.0100000000 0.0400000000
1772700904.458572626 -8.5561370286 15.4807743932 -2.7620245751 0.0100000000 0.0100000000 0.0400000000
1772700904.559010744 -8.6041550804 15.5734426689 -2.7550248663 0.0100000000 0.0100000000 0.0400000000
1772700904.659268618 -8.6523217336 15.6664808783 -2.7470251590 0.0100000000 0.0100000000 0.0400000000
1772700904.759649754 -8.6704583405 15.6899712887 -2.8910252425 0.0100000000 0.0100000000 0.0400000000
1772700904.858672619 -8.7169897347 15.7802349949 -2.8840255297 0.0100000000 0.0100000000 0.0400000000
1772700904.958899736 -8.7636697279 15.8710535996 -2.8770258183 0.0100000000 0.0100000000 0.0400000000
1772700905.060239553 -8.8107957090 15.9622421476 -2.8700261130 0.0100000000 0.0100000000 0.0400000000
1772700905.159008741 -8.8580703805 16.0539855953 -2.8630264089 0.0100000000 0.0100000000 0.0400000000
1772700905.259491682 -8.9054937410 16.1457290321 -2.8560267066 0.0100000000 0.0100000000 0.0400000000
1772700905.359290600 -8.9529171056 16.2380273833 -2.8480270090 0.0100000000 0.0100000000 0.0400000000
1772700905.459989548 -9.0006377626 16.3308806315 -2.8410273130 0.0100000000 0.0100000000 0.0400000000
1772700905.560816765 -9.0483584154 16.4242887679 -2.8340276212 0.0100000000 0.0100000000 0.0400000000
1772700905.659210682 -9.0966736613 16.5180668492 -2.8260279325 0.0100000000 0.0100000000 0.0400000000
1772700905.759441614 -9.1332443925 16.5913131968 -2.9870281755 0.0100000000 0.0100000000 0.0400000000
1772700905.860536575 -9.1815597238 16.6849063167 -2.9790284894 0.0100000000 0.0100000000 0.0400000000
1772700905.959608555 -9.2301723494 16.7790543237 -2.9720288074 0.0100000000 0.0100000000 0.0400000000
1772700906.060697556 -9.2787849737 16.8733873012 -2.9650291282 0.0100000000 0.0100000000 0.0400000000
1772700906.159668684 -9.3273975966 16.9679052537 -2.9570294495 0.0100000000 0.0100000000 0.0400000000
1772700906.260057688 -9.3761589123 17.0627931305 -2.9500297758 0.0100000000 0.0100000000 0.0400000000
1772700906.359862566 -9.4250688301 17.1576810133 -2.9420301027 0.0100000000 0.0100000000 0.0400000000
1772700906.461854696 -9.4739787445 17.2527538518 -2.9350304315 0.0100000000 0.0100000000 0.0400000000
1772700906.560612679 -9.5231860456 17.3481966334 -2.9270307650 0.0100000000 0.0100000000 0.0400000000
1772700906.660460711 -9.5725419440 17.4443792845 -2.9200311017 0.0100000000 0.0100000000 0.0400000000
1772700906.760932684 -9.6089640514 17.5155909818 -3.0810313528 0.0100000000 0.0100000000 0.0400000000
1772700906.859925747 -9.6583199492 17.6119585903 -3.0740316925 0.0100000000 0.0100000000 0.0400000000
1772700906.960223675 -9.7078245362 17.7088811013 -3.0660320371 0.0100000000 0.0100000000 0.0400000000
1772700907.060451746 -9.7574778160 17.8065434777 -3.0590323860 0.0100000000 0.0100000000 0.0400000000
1772700907.161881685 -9.8074283907 17.9047607598 -3.0510327376 0.0100000000 0.0100000000 0.0400000000
1772700907.262119770 -9.8578249491 18.0033479792 -3.0440330930 0.0100000000 0.0100000000 0.0400000000
1772700907.360564709 -9.9085188047 18.1024900913 -3.0360334534 0.0100000000 0.0100000000 0.0400000000
1772700907.461647749 -9.9595100427 18.2021871031 -3.0280338182 0.0100000000 0.0100000000 0.0400000000
1772700907.560816765 -10.0106498823 18.3022540537 -3.0210341849 0.0100000000 0.0100000000 0.0400000000
1772700907.661076546 -10.0622357062 18.4030608667 -3.0130345566 0.0100000000 0.0100000000 0.0400000000
1772700907.761460781 -10.0806695735 18.4361693459 -3.2030346831 0.0100000000 0.0100000000 0.0400000000
1772700907.862084627 -10.1303228451 18.5342016570 -3.1950350455 0.0100000000 0.0100000000 0.0400000000
1772700907.962507725 -10.1804220100 18.6326039058 -3.1880354129 0.0100000000 0.0100000000 0.0400000000
1772700908.062970638 -10.2305212655 18.7315610478 -3.1800357836 0.0100000000 0.0100000000 0.0400000000
1772700908.162245750 -10.2809178127 18.8310730969 -3.1730361581 0.0100000000 0.0100000000 0.0400000000
1772700908.262066603 -10.3316116569 18.9307701099 -3.1650365370 0.0100000000 0.0100000000 0.0400000000
1772700908.362320662 -10.3824541916 19.0310220344 -3.1570369175 0.0100000000 0.0100000000 0.0400000000
1772700908.463847637 -10.4338914031 19.1318288492 -3.1490373049 0.0100000000 0.0100000000 0.0400000000
1772700908.563465595 -10.4853286145 19.2333755324 -3.1410376945 0.0100000000 0.0100000000 0.0400000000
1772700908.663780689 -10.5329002964 19.3032924344 -3.3010379860 0.0100000000 0.0100000000 0.0400000000
1772700908.762986660 -10.5841888136 19.4044691883 -3.2930383783 0.0100000000 0.0100000000 0.0400000000
1772700908.862144709 -10.6354773264 19.5063857994 -3.2850387760 0.0100000000 0.0100000000 0.0400000000
1772700908.963722706 -10.6869145309 19.6092272523 -3.2770391770 0.0100000000 0.0100000000 0.0400000000
1772700909.062462568 -10.7387976302 19.7128085617 -3.2700395842 0.0100000000 0.0100000000 0.0400000000
1772700909.162514687 -10.7908295112 19.8169447735 -3.2620399962 0.0100000000 0.0100000000 0.0400000000
1772700909.262206554 -10.8430099935 19.9220058274 -3.2540404129 0.0100000000 0.0100000000 0.0400000000
1772700909.362486601 -10.8956364591 20.0274368083 -3.2470408333 0.0100000000 0.0100000000 0.0400000000
1772700909.463064671 -10.9484115294 20.1339775905 -3.2390412605 0.0100000000 0.0100000000 0.0400000000
1772700909.562775612 -11.0016326721 20.2414432039 -3.2310416932 0.0100000000 0.0100000000 0.0400000000
1772700909.662488699 -11.0551511082 20.3494637283 -3.2230421309 0.0100000000 0.0100000000 0.0400000000
1772700909.762983561 -11.0505423050 20.2634536789 -3.4210418463 0.0100000000 0.0100000000 0.0400000000
1772700909.862794638 -11.1016822057 20.3655552629 -3.4130422622 0.0100000000 0.0100000000 0.0400000000
1772700909.962428570 -11.1531193062 20.4682117454 -3.4060426819 0.0100000000 0.0100000000 0.0400000000
1772700910.062207699 -11.2047051860 20.5714231263 -3.3990431044 0.0100000000 0.0100000000 0.0400000000
1772700910.162421703 -11.2567369679 20.6751894079 -3.3920435329 0.0100000000 0.0100000000 0.0400000000
1772700910.262670755 -11.3087687449 20.7791406489 -3.3850439631 0.0100000000 0.0100000000 0.0400000000
1772700910.363256693 -11.3609492139 20.8832768737 -3.3780443973 0.0100000000 0.0100000000 0.0400000000
1772700910.464623690 -11.4131296790 20.9875980565 -3.3710448337 0.0100000000 0.0100000000 0.0400000000
1772700910.563158751 -11.4656075300 21.0930290402 -3.3640452773 0.0100000000 0.0100000000 0.0400000000
1772700910.663838625 -11.5182339775 21.1988299520 -3.3570457230 0.0100000000 0.0100000000 0.0400000000
1772700910.763204575 -11.4944476727 21.1242877805 -3.5520454330 0.0100000000 0.0100000000 0.0400000000
1772700910.863354683 -11.5443981994 21.2250945999 -3.5460458571 0.0100000000 0.0100000000 0.0400000000
1772700910.963357687 -11.5944974159 21.3264563090 -3.5400462880 0.0100000000 0.0100000000 0.0400000000
1772700911.063254595 -11.6450425299 21.4285578912 -3.5330467241 0.0100000000 0.0100000000 0.0400000000
1772700911.163906574 -11.6958850257 21.5313993408 -3.5270471632 0.0100000000 0.0100000000 0.0400000000
1772700911.263158560 -11.7473222002 21.6351656216 -3.5210476093 0.0100000000 0.0100000000 0.0400000000
1772700911.363895655 -11.7995026550 21.7396717609 -3.5150480625 0.0100000000 0.0100000000 0.0400000000
1772700911.465181589 -11.8522777898 21.8452877151 -3.5080485227 0.0100000000 0.0100000000 0.0400000000
1772700911.563879728 -11.9053502138 21.9516435249 -3.5020489870 0.0100000000 0.0100000000 0.0400000000
1772700911.663615704 -11.9590172293 22.0585542493 -3.4960494588 0.0100000000 0.0100000000 0.0400000000
1772700911.765473604 -11.9291357447 22.0145315261 -3.6860492482 0.0100000000 0.0100000000 0.0400000000
1772700911.866222620 -11.9799782346 22.1160782056 -3.6800496970 0.0100000000 0.0100000000 0.0400000000
1772700911.965108633 -12.0314153999 22.2189196571 -3.6740501525 0.0100000000 0.0100000000 0.0400000000
1772700912.065374613 -12.0832985532 22.3230558670 -3.6680506136 0.0100000000 0.0100000000 0.0400000000
1772700912.164782763 -12.1357762956 22.4281169190 -3.6620510833 0.0100000000 0.0100000000 0.0400000000
1772700912.264511585 -12.1884027243 22.5342877617 -3.6550515603 0.0100000000 0.0100000000 0.0400000000
1772700912.364388704 -12.2414751416 22.6415684122 -3.6490520421 0.0100000000 0.0100000000 0.0400000000
1772700912.464597702 -12.2951422325 22.7495889240 -3.6430525324 0.0100000000 0.0100000000 0.0400000000
1772700912.564790726 -12.3492552209 22.8589042040 -3.6370530275 0.0100000000 0.0100000000 0.0400000000
1772700912.666686773 -12.4039629796 22.9691443294 -3.6300535306 0.0100000000 0.0100000000 0.0400000000
1772700912.765315771 -12.3648644693 22.8716663370 -3.7970531040 0.0100000000 0.0100000000 0.0400000000
1772700912.867251635 -12.4158556372 22.9739528847 -3.7920535715 0.0100000000 0.0100000000 0.0400000000
1772700912.965732574 -12.4671440988 23.0773492383 -3.7860540449 0.0100000000 0.0100000000 0.0400000000
1772700913.068175554 -12.5190272388 23.1813004788 -3.7800545258 0.0100000000 0.0100000000 0.0400000000
1772700913.167068720 -12.5712076731 23.2863615315 -3.7740550111 0.0100000000 0.0100000000 0.0400000000
1772700913.267255545 -12.6238340911 23.3925323849 -3.7680555064 0.0100000000 0.0100000000 0.0400000000
1772700913.367651701 -12.6769064969 23.4999979959 -3.7620560070 0.0100000000 0.0100000000 0.0400000000
1772700913.466511726 -12.7305734874 23.6083884487 -3.7560565142 0.0100000000 0.0100000000 0.0400000000
1772700913.566695690 -12.7845378609 23.7177037311 -3.7500570304 0.0100000000 0.0100000000 0.0400000000
1772700913.667175770 -12.8389482204 23.8279438427 -3.7440575503 0.0100000000 0.0100000000 0.0400000000
1772700913.766652584 -12.8098101710 23.7378644340 -3.9300571549 0.0100000000 0.0100000000 0.0400000000
1772700913.868777752 -12.8606526367 23.8403359576 -3.9240576399 0.0100000000 0.0100000000 0.0400000000
1772700913.967398643 -12.9117923986 23.9435473401 -3.9180581307 0.0100000000 0.0100000000 0.0400000000
1772700914.066900730 -12.9633781396 24.0473136194 -3.9130586272 0.0100000000 0.0100000000 0.0400000000
1772700914.166266680 -13.0152612662 24.1516348040 -3.9070591283 0.0100000000 0.0100000000 0.0400000000
1772700914.267423630 -13.0675903800 24.2566958484 -3.9010596344 0.0100000000 0.0100000000 0.0400000000
1772700914.368958712 -13.1202167866 24.3621268291 -3.8960601459 0.0100000000 0.0100000000 0.0400000000
1772700914.467403650 -13.1732891794 24.4682976856 -3.8900606632 0.0100000000 0.0100000000 0.0400000000
1772700914.566838741 -13.2269561613 24.5750234421 -3.8840611862 0.0100000000 0.0100000000 0.0400000000
1772700914.667771578 -13.2809205222 24.6826740235 -3.8790617145 0.0100000000 0.0100000000 0.0400000000
1772700914.767235756 -13.2268072814 24.6023980329 -3.9970612913 0.0100000000 0.0100000000 0.0400000000
1772700914.868318558 -13.2776497392 24.7037597598 -3.9910617894 0.0100000000 0.0100000000 0.0400000000
1772700914.967053652 -13.3287894858 24.8056763723 -3.9860622920 0.0100000000 0.0100000000 0.0400000000
1772700915.067670584 -13.3802266222 24.9083328592 -3.9800628017 0.0100000000 0.0100000000 0.0400000000
1772700915.167656660 -13.4318123523 25.0115442431 -3.9750633150 0.0100000000 0.0100000000 0.0400000000
1772700915.268079758 -13.4839927643 25.1151255572 -3.9700638337 0.0100000000 0.0100000000 0.0400000000
1772700915.367238760 -13.5361731737 25.2192617855 -3.9640643574 0.0100000000 0.0100000000 0.0400000000
1772700915.467228651 -13.5889482627 25.3239529039 -3.9580648845 0.0100000000 0.0100000000 0.0400000000
1772700915.567917585 -13.6421692454 25.4293838889 -3.9530654188 0.0100000000 0.0100000000 0.0400000000
1772700915.668752670 -13.6959849974 25.5351848094 -3.9470659577 0.0100000000 0.0100000000 0.0400000000
1772700915.767703772 -13.5630806958 25.2690171383 -4.1310646110 0.0100000000 0.0100000000 0.0400000000
1772700915.868825674 -13.6102065602 25.3618703952 -4.1260650817 0.0100000000 0.0100000000 0.0400000000
1772700915.967889547 -13.6579271055 25.4554635129 -4.1210655580 0.0100000000 0.0100000000 0.0400000000
1772700916.069544554 -13.7060936343 25.5499814707 -4.1160660392 0.0100000000 0.0100000000 0.0400000000
1772700916.167238712 -13.7550034469 25.6452392891 -4.1110665272 0.0100000000 0.0100000000 0.0400000000
1772700916.269015551 -13.8043593342 25.7414219516 -4.1050670230 0.0100000000 0.0100000000 0.0400000000
1772700916.368861675 -13.8538638195 25.8379745411 -4.1000675218 0.0100000000 0.0100000000 0.0400000000
1772700916.468247652 -13.9038142927 25.9350820300 -4.0950680249 0.0100000000 0.0100000000 0.0400000000
1772700916.569545746 -13.9542107526 26.0323744838 -4.0890685329 0.0100000000 0.0100000000 0.0400000000
1772700916.670024633 -14.0050531959 26.1307767455 -4.0840690484 0.0100000000 0.0100000000 0.0400000000
1772700916.769170761 -13.9261133689 25.9770690021 -4.2040682454 0.0100000000 0.0100000000 0.0400000000
1772700916.868329763 -13.9720499629 26.0660379643 -4.1990687097 0.0100000000 0.0100000000 0.0400000000
1772700916.969561577 -14.0185811453 26.1559317562 -4.1940691808 0.0100000000 0.0100000000 0.0400000000
1772700917.068944693 -14.0652611063 26.2465654068 -4.1890696575 0.0100000000 0.0100000000 0.0400000000
1772700917.169270754 -14.1122382745 26.3373840390 -4.1840701355 0.0100000000 0.0100000000 0.0400000000
1772700917.270173550 -14.1593642201 26.4289425312 -4.1790706209 0.0100000000 0.0100000000 0.0400000000
1772700917.368085623 -14.2069360648 26.5206859842 -4.1740711085 0.0100000000 0.0100000000 0.0400000000
1772700917.368085623 -14.2548052889 26.6127993771 -4.1690715996 0.0100000000 0.0100000000 0.0400000000
1772700917.569197655 -14.3032691027 26.7052827113 -4.1640720951 0.0100000000 0.0100000000 0.0400000000
1772700917.668540716 -14.3518816087 26.7981359659 -4.1590725969 0.0100000000 0.0100000000 0.0400000000
1772700917.769225597 -14.2906326214 26.6170531577 -4.2920716972 0.0100000000 0.0100000000 0.0400000000
1772700917.871280670 -14.3343392764 26.7002881524 -4.2870721440 0.0100000000 0.0100000000 0.0400000000
1772700917.969232559 -14.3784919212 26.7838930800 -4.2820725961 0.0100000000 0.0100000000 0.0400000000
1772700918.069159746 -14.4226445660 26.8680529060 -4.2770730503 0.0100000000 0.0100000000 0.0400000000
1772700918.170514584 -14.4672431934 26.9529526014 -4.2720735104 0.0100000000 0.0100000000 0.0400000000
1772700918.271475554 -14.5119905105 27.0384071975 -4.2670739741 0.0100000000 0.0100000000 0.0400000000
1772700918.370106697 -14.5570351243 27.1246016643 -4.2620744441 0.0100000000 0.0100000000 0.0400000000
1772700918.469818592 -14.6023770288 27.2115359952 -4.2560749191 0.0100000000 0.0100000000 0.0400000000
1772700918.570669651 -14.6480163184 27.2992101916 -4.2510753990 0.0100000000 0.0100000000 0.0400000000
1772700918.669606686 -14.6941015918 27.3876242590 -4.2460758863 0.0100000000 0.0100000000 0.0400000000
1772700918.769399643 -14.6789378553 27.3284344863 -4.3590755969 0.0100000000 0.0100000000 0.0400000000
1772700918.869039774 -14.7224958113 27.4116694826 -4.3540760545 0.0100000000 0.0100000000 0.0400000000
1772700918.969945669 -14.7663511534 27.4954593816 -4.3490765167 0.0100000000 0.0100000000 0.0400000000
1772700919.070378780 -14.8105037901 27.5801741126 -4.3430769869 0.0100000000 0.0100000000 0.0400000000
1772700919.170044661 -14.8549537176 27.6652587805 -4.3380774593 0.0100000000 0.0100000000 0.0400000000
1772700919.270787716 -14.8997010285 27.7510833078 -4.3330779377 0.0100000000 0.0100000000 0.0400000000
1772700919.369921684 -14.9447456337 27.8376477101 -4.3270784201 0.0100000000 0.0100000000 0.0400000000
1772700919.472527742 -14.9902362236 27.9249519781 -4.3220789107 0.0100000000 0.0100000000 0.0400000000
1772700919.572164774 -15.0358754143 28.0128111401 -4.3160794037 0.0100000000 0.0100000000 0.0400000000
1772700919.669674635 -15.0208603085 27.9917244544 -4.4260792755 0.0100000000 0.0100000000 0.0400000000
1772700919.770381689 -15.0645669502 28.0758842933 -4.4210797499 0.0100000000 0.0100000000 0.0400000000
1772700919.871049643 -15.1084222866 28.1602290959 -4.4150802263 0.0100000000 0.0100000000 0.0400000000
1772700919.971304655 -15.1525749121 28.2447588542 -4.4100807066 0.0100000000 0.0100000000 0.0400000000
1772700920.071061611 -15.1970248344 28.3298435229 -4.4050811896 0.0100000000 0.0100000000 0.0400000000
1772700920.171904564 -15.2417721383 28.4156680577 -4.3990816793 0.0100000000 0.0100000000 0.0400000000
1772700920.270648718 -15.2866680438 28.5016775564 -4.3940821716 0.0100000000 0.0100000000 0.0400000000
1772700920.370856762 -15.3318613328 28.5880570016 -4.3880826692 0.0100000000 0.0100000000 0.0400000000
1772700920.472062588 -15.3773519181 28.6748063663 -4.3820831698 0.0100000000 0.0100000000 0.0400000000
1772700920.571344614 -15.4232884867 28.7622956121 -4.3760836742 0.0100000000 0.0100000000 0.0400000000
1772700920.673137665 -15.4693736569 28.8503397476 -4.3700841862 0.0100000000 0.0100000000 0.0400000000
1772700920.770584583 -15.4472227329 28.8632869541 -4.4600841907 0.0100000000 0.0100000000 0.0400000000
1772700920.870960712 -15.4922673223 28.9494814093 -4.4560846912 0.0100000000 0.0100000000 0.0400000000
1772700920.971030712 -15.5377579039 29.0360458154 -4.4500851966 0.0100000000 0.0100000000 0.0400000000
1772700921.072819710 -15.5835457776 29.1229801619 -4.4440857047 0.0100000000 0.0100000000 0.0400000000
1772700921.171277761 -15.6293337411 29.2102844266 -4.4380862180 0.0100000000 0.0100000000 0.0400000000
1772700921.272476673 -15.6755675996 29.2975887050 -4.4320867325 0.0100000000 0.0100000000 0.0400000000
1772700921.371259689 -15.7219501448 29.3852629077 -4.4270872511 0.0100000000 0.0100000000 0.0400000000
1772700921.472536564 -15.7683326963 29.4731220861 -4.4210877728 0.0100000000 0.0100000000 0.0400000000
1772700921.472536564 -15.8150125386 29.5609812539 -4.4150882959 0.0100000000 0.0100000000 0.0400000000
1772700921.671841621 -15.8616924692 29.6490254035 -4.4090888213 0.0100000000 0.0100000000 0.0400000000
1772700921.771742582 -15.8001461661 29.5093750682 -4.5270880175 0.0100000000 0.0100000000 0.0400000000
1772700921.771742582 -15.8425148404 29.5889107443 -4.5220884928 0.0100000000 0.0100000000 0.0400000000
1772700921.972911596 -15.8850321193 29.6682614539 -4.5160889684 0.0100000000 0.0100000000 0.0400000000
1772700922.072443724 -15.9276981720 29.7477971310 -4.5110894467 0.0100000000 0.0100000000 0.0400000000
1772700922.173066616 -15.9706614355 29.8275177721 -4.5050899273 0.0100000000 0.0100000000 0.0400000000
1772700922.272707701 -16.0137734786 29.9076083508 -4.5000904118 0.0100000000 0.0100000000 0.0400000000
1772700922.372626543 -16.0568854312 29.9876989213 -4.4940908969 0.0100000000 0.0100000000 0.0400000000
1772700922.471601725 -16.1002947637 30.0677895001 -4.4890913847 0.0100000000 0.0100000000 0.0400000000
1772700922.573514700 -16.1438527020 30.1480650435 -4.4830918747 0.0100000000 0.0100000000 0.0400000000
1772700922.674736500 -16.1877080254 30.2283405989 -4.4770923661 0.0100000000 0.0100000000 0.0400000000
1772700922.774181604 -16.1440011813 30.1345620504 -4.5780918119 0.0100000000 0.0100000000 0.0400000000
1772700922.871937752 -16.1848832015 30.2091036200 -4.5730922684 0.0100000000 0.0100000000 0.0400000000
1772700922.973338604 -16.2260626089 30.2840151355 -4.5670927289 0.0100000000 0.0100000000 0.0400000000
1772700923.072606564 -16.2675393071 30.3591116162 -4.5620931928 0.0100000000 0.0100000000 0.0400000000
1772700923.173291683 -16.3094619944 30.4345780330 -4.5560936607 0.0100000000 0.0100000000 0.0400000000
1772700923.272845745 -16.3515332836 30.5104143795 -4.5500941304 0.0100000000 0.0100000000 0.0400000000
1772700923.372180700 -16.3940506426 30.5868056325 -4.5450946077 0.0100000000 0.0100000000 0.0400000000
1772700923.473537683 -16.4367166097 30.6631968807 -4.5390950844 0.0100000000 0.0100000000 0.0400000000
1772700923.574781656 -16.4798286518 30.7397730989 -4.5330955663 0.0100000000 0.0100000000 0.0400000000
1772700923.672359705 -16.5230892933 30.8167192481 -4.5270960494 0.0100000000 0.0100000000 0.0400000000
1772700923.773694754 -16.5444963795 30.8244873325 -4.6400961424 0.0100000000 0.0100000000 0.0400000000
1772700923.875156641 -16.5867163609 30.8990289219 -4.6340966137 0.0100000000 0.0100000000 0.0400000000
1772700923.973276615 -16.6289363340 30.9735705074 -4.6290970869 0.0100000000 0.0100000000 0.0400000000
1772700924.072754622 -16.6714536962 31.0486669866 -4.6230975641 0.0100000000 0.0100000000 0.0400000000
1772700924.172880650 -16.7144170421 31.1241334064 -4.6170980437 0.0100000000 0.0100000000 0.0400000000
1772700924.275478601 -16.7576776835 31.1999697681 -4.6110985298 0.0100000000 0.0100000000 0.0400000000
1772700924.373963594 -16.8013843093 31.2761760502 -4.6050990191 0.0100000000 0.0100000000 0.0400000000
1772700924.473599672 -16.8453882290 31.3525673089 -4.6000995117 0.0100000000 0.0100000000 0.0400000000
1772700924.573185682 -16.8898381378 31.4293284958 -4.5931000070 0.0100000000 0.0100000000 0.0400000000
1772700924.675117731 -16.9347341193 31.5064596202 -4.5871005074 0.0100000000 0.0100000000 0.0400000000
1772700924.775398493 -16.9174890129 31.5016500667 -4.6671004386 0.0100000000 0.0100000000 0.0400000000
1772700924.873652697 -16.9607496539 31.5758217204 -4.6611009209 0.0100000000 0.0100000000 0.0400000000
1772700924.973836660 -17.0040102937 31.6503633137 -4.6551014075 0.0100000000 0.0100000000 0.0400000000
1772700925.074443579 -17.0477169179 31.7252748385 -4.6491018973 0.0100000000 0.0100000000 0.0400000000
1772700925.174392700 -17.0915722318 31.8005562941 -4.6431023906 0.0100000000 0.0100000000 0.0400000000
1772700925.273357630 -17.1358735331 31.8762076896 -4.6371028875 0.0100000000 0.0100000000 0.0400000000
1772700925.374575615 -17.1806207322 31.9522290161 -4.6311033896 0.0100000000 0.0100000000 0.0400000000
1772700925.474856138 -17.2255167083 32.0284353132 -4.6251038928 0.0100000000 0.0100000000 0.0400000000
1772700925.574769020 -17.2710072760 32.1050115416 -4.6191044031 0.0100000000 0.0100000000 0.0400000000
1772700925.674793482 -17.3166464456 32.1817727303 -4.6131049155 0.0100000000 0.0100000000 0.0400000000
1772700925.773887634 -17.3350802429 32.2026733596 -4.7361050697 0.0100000000 0.0100000000 0.0400000000
1772700925.874430656 -17.3801248231 32.2777698461 -4.7301055731 0.0100000000 0.0100000000 0.0400000000
1772700925.974667788 -17.4253180915 32.3528663417 -4.7251060770 0.0100000000 0.0100000000 0.0400000000
1772700926.074223757 -17.4708086580 32.4283327711 -4.7191065866 0.0100000000 0.0100000000 0.0400000000
1772700926.174213648 -17.5168938086 32.5041691323 -4.7131071006 0.0100000000 0.0100000000 0.0400000000
1772700926.274275780 -17.5631277456 32.5803754335 -4.7071076172 0.0100000000 0.0100000000 0.0400000000
1772700926.374663591 -17.6098075750 32.6571366361 -4.7011081388 0.0100000000 0.0100000000 0.0400000000
1772700926.474608660 -17.6566360925 32.7342677630 -4.6961086654 0.0100000000 0.0100000000 0.0400000000
1772700926.474608660 -17.7039105981 32.8117688254 -4.6901091952 0.0100000000 0.0100000000 0.0400000000
1772700926.674681664 -17.7514823982 32.8894548585 -4.6841097292 0.0100000000 0.0100000000 0.0400000000
1772700926.774688721 -17.7604017585 32.9273724319 -4.7941099507 0.0100000000 0.0100000000 0.0400000000
1772700926.874501705 -17.8073789670 33.0039486599 -4.7891104785 0.0100000000 0.0100000000 0.0400000000
1772700926.974655628 -17.8548021612 33.0812647517 -4.7831110125 0.0100000000 0.0100000000 0.0400000000
1772700927.075074196 -17.9025226543 33.1587658279 -4.7771115504 0.0100000000 0.0100000000 0.0400000000
1772700927.174977064 -17.9503917408 33.2364518570 -4.7721120896 0.0100000000 0.0100000000 0.0400000000
1772700927.274779558 -17.9987069061 33.3145078226 -4.7661126331 0.0100000000 0.0100000000 0.0400000000
1772700927.374983788 -18.0476166600 33.3931186881 -4.7601131854 0.0100000000 0.0100000000 0.0400000000
1772700927.474975109 -18.0968237944 33.4722844618 -4.7551137405 0.0100000000 0.0100000000 0.0400000000
1772700927.574878216 -18.1466255189 33.5518201583 -4.7491143004 0.0100000000 0.0100000000 0.0400000000
1772700927.674904346 -18.1968733176 33.6319107688 -4.7431148667 0.0100000000 0.0100000000 0.0400000000
1772700927.774844170 -18.2445934574 33.6877700356 -4.8741152994 0.0100000000 0.0100000000 0.0400000000
1772700927.874887943 -18.2949898557 33.7682305689 -4.8691158686 0.0100000000 0.0100000000 0.0400000000
1772700927.974867821 -18.3455348560 33.8488760781 -4.8631164444 0.0100000000 0.0100000000 0.0400000000
1772700928.074916124 -18.3965259299 33.9300764813 -4.8581170227 0.0100000000 0.0100000000 0.0400000000
1772700928.174860954 -18.4479629876 34.0120167518 -4.8521176088 0.0100000000 0.0100000000 0.0400000000
1772700928.274824142 -18.4996973402 34.0945119158 -4.8471182007 0.0100000000 0.0100000000 0.0400000000
1772700928.375033379 -18.5520262756 34.1777469507 -4.8421187989 0.0100000000 0.0100000000 0.0400000000
1772700928.375845671 -18.6048012888 34.2617218632 -4.8361194040 0.0100000000 0.0100000000 0.0400000000
1772700928.575338602 -18.6580222866 34.3464366293 -4.8311200168 0.0100000000 0.0100000000 0.0400000000
1772700928.675349474 -18.7125811514 34.4328161138 -4.8251206438 0.0100000000 0.0100000000 0.0400000000
1772700928.775154591 -18.7363667331 34.4415088263 -4.9651207609 0.0100000000 0.0100000000 0.0400000000
1772700928.874943018 -18.7901823174 34.5267784922 -4.9601213807 0.0100000000 0.0100000000 0.0400000000
1772700928.974840403 -18.8445925764 34.6127880355 -4.9541220084 0.0100000000 0.0100000000 0.0400000000
1772700929.074719906 -18.8995975114 34.6997224141 -4.9491226459 0.0100000000 0.0100000000 0.0400000000
1772700929.078739643 -18.9551970351 34.7875816181 -4.9431232903 0.0100000000 0.0100000000 0.0400000000
1772700929.274682760 -19.0113912323 34.8763656570 -4.9381239431 0.0100000000 0.0100000000 0.0400000000
1772700929.374621630 -19.0681801084 34.9662595028 -4.9321246070 0.0100000000 0.0100000000 0.0400000000
1772700929.474669933 -19.1255635690 35.0572631423 -4.9271252796 0.0100000000 0.0100000000 0.0400000000
1772700929.574757099 -19.1836903971 35.1493765903 -4.9211259622 0.0100000000 0.0100000000 0.0400000000
1772700929.576660633 -19.2422632098 35.2422299002 -4.9161266528 0.0100000000 0.0100000000 0.0400000000
1772700929.774868488 -19.2537098007 35.1575142547 -5.1061262167 0.0100000000 0.0100000000 0.0400000000
1772700929.874890089 -19.3100526826 35.2472231228 -5.1011268849 0.0100000000 0.0100000000 0.0400000000
1772700929.974935770 -19.3669901527 35.3380417964 -5.0951275607 0.0100000000 0.0100000000 0.0400000000
1772700930.074977875 -19.4246709871 35.4297853069 -5.0901282477 0.0100000000 0.0100000000 0.0400000000
1772700930.175043106 -19.4829464106 35.5228235764 -5.0851289434 0.0100000000 0.0100000000 0.0400000000
1772700930.275243521 -19.5418165086 35.6167866942 -5.0791296487 0.0100000000 0.0100000000 0.0400000000
1772700930.375402689 -19.6012812813 35.7120445643 -5.0741303664 0.0100000000 0.0100000000 0.0400000000
1772700930.475522518 -19.6614893334 35.8084122528 -5.0681310919 0.0100000000 0.0100000000 0.0400000000
1772700930.575629950 -19.7222919696 35.9058897249 -5.0631318288 0.0100000000 0.0100000000 0.0400000000
1772700930.675632477 -19.7836893754 36.0041070746 -5.0571325749 0.0100000000 0.0100000000 0.0400000000
1772700930.775569677 -19.6631241072 35.8280178901 -5.2101312075 0.0100000000 0.0100000000 0.0400000000
1772700930.875481367 -19.7176830374 35.9155071704 -5.2051318699 0.0100000000 0.0100000000 0.0400000000
1772700930.975415945 -19.7725392542 36.0039212684 -5.2001325387 0.0100000000 0.0100000000 0.0400000000
1772700931.075315952 -19.8278414584 36.0930752491 -5.1951332149 0.0100000000 0.0100000000 0.0400000000
1772700931.175253153 -19.8834409538 36.1833390184 -5.1901339012 0.0100000000 0.0100000000 0.0400000000
1772700931.275249958 -19.9394864312 36.2743426525 -5.1861345947 0.0100000000 0.0100000000 0.0400000000
1772700931.375248194 -19.9959779839 36.3664560931 -5.1811352980 0.0100000000 0.0100000000 0.0400000000
1772700931.475262403 -20.0529154311 36.4593094043 -5.1761360081 0.0100000000 0.0100000000 0.0400000000
1772700931.575272799 -20.1102988624 36.5530875443 -5.1711367270 0.0100000000 0.0100000000 0.0400000000
1772700931.675355196 -20.1679796773 36.6477905219 -5.1651374549 0.0100000000 0.0100000000 0.0400000000
1772700931.775388002 -20.0224392260 36.4713314751 -5.2931359812 0.0100000000 0.0100000000 0.0400000000
1772700931.875463963 -20.0731329601 36.5553063763 -5.2891366236 0.0100000000 0.0100000000 0.0400000000
1772700931.975400448 -20.1241238999 36.6402061129 -5.2841372724 0.0100000000 0.0100000000 0.0400000000
1772700932.075378180 -20.1754122217 36.7260306784 -5.2791379298 0.0100000000 0.0100000000 0.0400000000
1772700932.175307274 -20.2269979172 36.8129650385 -5.2751385948 0.0100000000 0.0100000000 0.0400000000
1772700932.275179863 -20.2790295117 36.9010092150 -5.2701392695 0.0100000000 0.0100000000 0.0400000000
1772700932.375174046 -20.3312097966 36.9901631801 -5.2651399538 0.0100000000 0.0100000000 0.0400000000
1772700932.475109816 -20.3838360651 37.0804269452 -5.2601406477 0.0100000000 0.0100000000 0.0400000000
1772700932.575143099 -20.4366110210 37.1719854806 -5.2551413508 0.0100000000 0.0100000000 0.0400000000
1772700932.675168991 -20.4896832664 37.2642838851 -5.2501420618 0.0100000000 0.0100000000 0.0400000000
1772700932.775034189 -20.3106939799 37.0127283674 -5.3791400199 0.0100000000 0.0100000000 0.0400000000
1772700932.874892950 -20.3545492235 37.0905993615 -5.3751406127 0.0100000000 0.0100000000 0.0400000000
1772700932.974818230 -20.3984043782 37.1690252554 -5.3711412116 0.0100000000 0.0100000000 0.0400000000
1772700933.074740171 -20.4424083124 37.2480060426 -5.3661418134 0.0100000000 0.0100000000 0.0400000000
1772700933.174669504 -20.4865608462 37.3275417370 -5.3621424221 0.0100000000 0.0100000000 0.0400000000
1772700933.274652719 -20.5308619782 37.4080022587 -5.3581430376 0.0100000000 0.0100000000 0.0400000000
1772700933.374654293 -20.5753118950 37.4892026582 -5.3531436591 0.0100000000 0.0100000000 0.0400000000
1772700933.474706888 -20.6194644205 37.5711429083 -5.3491442843 0.0100000000 0.0100000000 0.0400000000
1772700933.479882717 -20.6636169440 37.6536380572 -5.3451449145 0.0100000000 0.0100000000 0.0400000000
1772700933.674831390 -20.7073234767 37.7372430172 -5.3411455514 0.0100000000 0.0100000000 0.0400000000
1772700933.774870157 -20.5568772727 37.5158370407 -5.4781437564 0.0100000000 0.0100000000 0.0400000000
1772700933.874970675 -20.5931507487 37.5874191544 -5.4741442948 0.0100000000 0.0100000000 0.0400000000
1772700933.975021362 -20.6292755260 37.6593711916 -5.4711448378 0.0100000000 0.0100000000 0.0400000000
1772700934.075095892 -20.6652516138 37.7322480747 -5.4671453864 0.0100000000 0.0100000000 0.0400000000
1772700934.174937010 -20.7013763926 37.8056798445 -5.4631459393 0.0100000000 0.0100000000 0.0400000000
1772700934.274920940 -20.7373524773 37.8798514977 -5.4591464976 0.0100000000 0.0100000000 0.0400000000
1772700934.374959707 -20.7730312625 37.9547630068 -5.4551470609 0.0100000000 0.0100000000 0.0400000000
1772700934.474958658 -20.8087100464 38.0302294159 -5.4511476276 0.0100000000 0.0100000000 0.0400000000
1772700934.574981213 -20.8440915362 38.1060657533 -5.4471481966 0.0100000000 0.0100000000 0.0400000000
1772700934.674974203 -20.8791756349 38.1826419607 -5.4431487717 0.0100000000 0.0100000000 0.0400000000
1772700934.774959087 -20.7267968600 38.0015587693 -5.5591471887 0.0100000000 0.0100000000 0.0400000000
1772700934.874989986 -20.7556371707 38.0664820678 -5.5561476721 0.0100000000 0.0100000000 0.0400000000
1772700934.975054264 -20.7843288768 38.1315903381 -5.5531481552 0.0100000000 0.0100000000 0.0400000000
1772700935.075112343 -20.8130205877 38.1972535119 -5.5491486423 0.0100000000 0.0100000000 0.0400000000
1772700935.175103426 -20.8415635975 38.2634715688 -5.5461491343 0.0100000000 0.0100000000 0.0400000000
1772700935.275067091 -20.8699579205 38.3298746130 -5.5421496257 0.0100000000 0.0100000000 0.0400000000
1772700935.374981642 -20.8980549412 38.3970175075 -5.5391501234 0.0100000000 0.0100000000 0.0400000000
1772700935.474784136 -20.9260032727 38.4647153087 -5.5351506247 0.0100000000 0.0100000000 0.0400000000
1772700935.574600935 -20.9538029925 38.5331529608 -5.5321511286 0.0100000000 0.0100000000 0.0400000000
1772700935.674450636 -20.9811567287 38.6025154581 -5.5281516410 0.0100000000 0.0100000000 0.0400000000
1772700935.774300814 -20.8449819699 38.4519516774 -5.6591502821 0.0100000000 0.0100000000 0.0400000000
1772700935.874192476 -20.8674298697 38.5126207261 -5.6561507227 0.0100000000 0.0100000000 0.0400000000
1772700935.974129438 -20.8897290732 38.5742146135 -5.6531511688 0.0100000000 0.0100000000 0.0400000000
1772700936.074114323 -20.9115822888 38.6367333392 -5.6501516191 0.0100000000 0.0100000000 0.0400000000
1772700936.174079418 -20.9329895138 38.6999919229 -5.6471520734 0.0100000000 0.0100000000 0.0400000000
1772700936.274095058 -20.9538020572 38.7641753337 -5.6441525333 0.0100000000 0.0100000000 0.0400000000
1772700936.374100447 -20.9741686122 38.8294685423 -5.6411529993 0.0100000000 0.0100000000 0.0400000000
1772700936.474050283 -20.9939405784 38.8955016237 -5.6371534680 0.0100000000 0.0100000000 0.0400000000
1772700936.574170828 -21.0129691634 38.9624595367 -5.6341539399 0.0100000000 0.0100000000 0.0400000000
1772700936.674216509 -21.0314031624 39.0303422670 -5.6311544167 0.0100000000 0.0100000000 0.0400000000
1772700936.774362803 -20.9575175313 39.0708489738 -5.7541544222 0.0100000000 0.0100000000 0.0400000000
1772700936.874573946 -20.9734242103 39.1372519799 -5.7511548840 0.0100000000 0.0100000000 0.0400000000
1772700936.974816322 -20.9885876091 39.2042098709 -5.7481553451 0.0100000000 0.0100000000 0.0400000000
1772700937.074950218 -21.0031563286 39.2713527313 -5.7451558074 0.0100000000 0.0100000000 0.0400000000
1772700937.175050735 -21.0169817666 39.3386805671 -5.7411562702 0.0100000000 0.0100000000 0.0400000000
1772700937.275069952 -21.0299152306 39.4058234226 -5.7381567283 0.0100000000 0.0100000000 0.0400000000
1772700937.375094414 -21.0421054135 39.4727813096 -5.7351571833 0.0100000000 0.0100000000 0.0400000000
1772700937.383658648 -21.0532549294 39.5397391979 -5.7311576360 0.0100000000 0.0100000000 0.0400000000
1772700937.574937820 -21.0636611636 39.6066970894 -5.7281580878 0.0100000000 0.0100000000 0.0400000000
1772700937.674901485 -21.0731753365 39.6738399388 -5.7251585362 0.0100000000 0.0100000000 0.0400000000
1772700937.774981976 -20.9650974438 39.7169361413 -5.8371584496 0.0100000000 0.0100000000 0.0400000000
1772700937.874926567 -20.9717870967 39.7814894577 -5.8341588768 0.0100000000 0.0100000000 0.0400000000
1772700937.975091934 -20.9777333792 39.8462277288 -5.8311593019 0.0100000000 0.0100000000 0.0400000000
1772700938.074975491 -20.9827877779 39.9105960693 -5.8281597216 0.0100000000 0.0100000000 0.0400000000
1772700938.174963713 -20.9870988062 39.9747794382 -5.8251601396 0.0100000000 0.0100000000 0.0400000000
1772700938.275003195 -20.9906665506 40.0389628165 -5.8221605538 0.0100000000 0.0100000000 0.0400000000
1772700938.374984264 -20.9934910168 40.1035161103 -5.8191609694 0.0100000000 0.0100000000 0.0400000000
1772700938.383390665 -20.9955721097 40.1682543842 -5.8161613858 0.0100000000 0.0100000000 0.0400000000
1772700938.574841499 -20.9969099208 40.2335475502 -5.8121618026 0.0100000000 0.0100000000 0.0400000000
1772700938.674928904 -20.9975044500 40.2993956095 -5.8091622208 0.0100000000 0.0100000000 0.0400000000
1772700938.775072336 -20.8289210298 40.3056832954 -5.9291617085 0.0100000000 0.0100000000 0.0400000000
1772700938.875249147 -20.8271369408 40.3680169917 -5.9261620993 0.0100000000 0.0100000000 0.0400000000
1772700938.975326777 -20.8243121839 40.4309055749 -5.9231624884 0.0100000000 0.0100000000 0.0400000000
1772700939.075353146 -20.8204468477 40.4939791295 -5.9211628784 0.0100000000 0.0100000000 0.0400000000
1772700939.175339699 -20.8158381444 40.5570526768 -5.9181632640 0.0100000000 0.0100000000 0.0400000000
1772700939.275186539 -20.8103375564 40.6203111917 -5.9151636506 0.0100000000 0.0100000000 0.0400000000
1772700939.375067949 -20.8040935975 40.6837546773 -5.9121640362 0.0100000000 0.0100000000 0.0400000000
1772700939.474869967 -20.7969576635 40.7471981480 -5.9091644190 0.0100000000 0.0100000000 0.0400000000
1772700939.574751139 -20.7890783566 40.8106416289 -5.9061648006 0.0100000000 0.0100000000 0.0400000000
1772700939.674671173 -20.7803071665 40.8742700589 -5.9041651806 0.0100000000 0.0100000000 0.0400000000
1772700939.774607658 -20.5522585718 41.0298256690 -5.9951654445 0.0100000000 0.0100000000 0.0400000000
1772700939.874624968 -20.5408114594 41.0958586667 -5.9921658335 0.0100000000 0.0100000000 0.0400000000
1772700939.974642515 -20.5286209756 41.1617066915 -5.9891662213 0.0100000000 0.0100000000 0.0400000000
1772700940.074727297 -20.5158358992 41.2271847797 -5.9871666046 0.0100000000 0.0100000000 0.0400000000
1772700940.174819231 -20.5021588562 41.2924779141 -5.9841669832 0.0100000000 0.0100000000 0.0400000000
1772700940.274877071 -20.4877384415 41.3574011059 -5.9811673600 0.0100000000 0.0100000000 0.0400000000
1772700940.283699751 -20.4724260556 41.4223242955 -5.9781677329 0.0100000000 0.0100000000 0.0400000000
1772700940.475125790 -20.4563703844 41.4868775378 -5.9761681018 0.0100000000 0.0100000000 0.0400000000
1772700940.575091839 -20.4392741413 41.5512458241 -5.9731684694 0.0100000000 0.0100000000 0.0400000000
1772700940.675044060 -20.4212858378 41.6154291499 -5.9701688292 0.0100000000 0.0100000000 0.0400000000
1772700940.774978161 -20.2202940704 41.6385486565 -6.0941683415 0.0100000000 0.0100000000 0.0400000000
1772700940.874768496 -20.2002245313 41.7014372068 -6.0911686906 0.0100000000 0.0100000000 0.0400000000
1772700940.974684000 -20.1791143239 41.7645107154 -6.0881690369 0.0100000000 0.0100000000 0.0400000000
1772700941.074710846 -20.1569635351 41.8277691849 -6.0861693840 0.0100000000 0.0100000000 0.0400000000
1772700941.174719810 -20.1339206926 41.8910276584 -6.0831697270 0.0100000000 0.0100000000 0.0400000000
1772700941.274780989 -20.1096886666 41.9548410289 -6.0801700718 0.0100000000 0.0100000000 0.0400000000
1772700941.374820709 -20.0847132696 42.0190243267 -6.0771704166 0.0100000000 0.0100000000 0.0400000000
1772700941.474884748 -20.0586972025 42.0833925860 -6.0751707607 0.0100000000 0.0100000000 0.0400000000
1772700941.574898481 -20.0316405638 42.1479458199 -6.0721711035 0.0100000000 0.0100000000 0.0400000000
1772700941.674820662 -20.0035432630 42.2124990504 -6.0691714433 0.0100000000 0.0100000000 0.0400000000
1772700941.774769783 -19.7808468556 42.2578147504 -6.1511710509 0.0100000000 0.0100000000 0.0400000000
1772700941.874682188 -19.7496276425 42.3238476954 -6.1491713939 0.0100000000 0.0100000000 0.0400000000
1772700941.974640846 -19.7175164596 42.3900656146 -6.1461717349 0.0100000000 0.0100000000 0.0400000000
1772700942.074574709 -19.6845133051 42.4559135931 -6.1431720726 0.0100000000 0.0100000000 0.0400000000
1772700942.174445391 -19.6506181741 42.5215766093 -6.1401724078 0.0100000000 0.0100000000 0.0400000000
1772700942.274319887 -19.6159797615 42.5870546480 -6.1381727397 0.0100000000 0.0100000000 0.0400000000
1772700942.374221802 -19.5804492951 42.6521627518 -6.1351730658 0.0100000000 0.0100000000 0.0400000000
1772700942.474131823 -19.5440269347 42.7169009278 -6.1331733882 0.0100000000 0.0100000000 0.0400000000
1772700942.574060917 -19.5068612158 42.7814541283 -6.1301737089 0.0100000000 0.0100000000 0.0400000000
1772700942.674028635 -19.4688036059 42.8456374021 -6.1281740249 0.0100000000 0.0100000000 0.0400000000
1772700942.773957253 -19.2513107354 42.8069787422 -6.1551731060 0.0100000000 0.0100000000 0.0400000000
1772700942.873938322 -19.2117664800 42.8696822810 -6.1521734087 0.0100000000 0.0100000000 0.0400000000
1772700942.973872900 -19.1716275493 42.9320158853 -6.1501737087 0.0100000000 0.0100000000 0.0400000000
1772700943.073987722 -19.1308939408 42.9939795470 -6.1481740061 0.0100000000 0.0100000000 0.0400000000
1772700943.173801661 -19.0897144378 43.0553883197 -6.1461742985 0.0100000000 0.0100000000 0.0400000000
1772700943.273812056 -19.0476428712 43.1167970796 -6.1441745885 0.0100000000 0.0100000000 0.0400000000
1772700943.373839617 -19.0049767169 43.1776509384 -6.1421748737 0.0100000000 0.0100000000 0.0400000000
1772700943.473915577 -18.9617158847 43.2381348682 -6.1401751565 0.0100000000 0.0100000000 0.0400000000
1772700943.573972940 -18.9177116841 43.2982488670 -6.1381754358 0.0100000000 0.0100000000 0.0400000000
1772700943.673966885 -18.8731128970 43.3576229966 -6.1361757078 0.0100000000 0.0100000000 0.0400000000
1772700943.773997307 -18.8399615973 43.0466935428 -6.2631734983 0.0100000000 0.0100000000 0.0400000000
1772700943.874004841 -18.8023499330 43.0938599049 -6.2611737062 0.0100000000 0.0100000000 0.0400000000
1772700943.974004984 -18.7644409698 43.1406563362 -6.2591739131 0.0100000000 0.0100000000 0.0400000000
1772700944.073984385 -18.7262347157 43.1867128916 -6.2581741119 0.0100000000 0.0100000000 0.0400000000
1772700944.173946142 -18.6877310767 43.2320295764 -6.2571743074 0.0100000000 0.0100000000 0.0400000000
1772700944.273934364 -18.6490788444 43.2766064097 -6.2551744975 0.0100000000 0.0100000000 0.0400000000
1772700944.373900414 -18.6101292232 43.3206283378 -6.2541746843 0.0100000000 0.0100000000 0.0400000000
1772700944.473898888 -18.5710310031 43.3639104024 -6.2521748649 0.0100000000 0.0100000000 0.0400000000
1772700944.573861122 -18.5317840947 43.4062676209 -6.2511750397 0.0100000000 0.0100000000 0.0400000000
1772700944.673966646 -18.4923884955 43.4478849803 -6.2501752099 0.0100000000 0.0100000000 0.0400000000
1772700944.774058104 -18.3950149807 43.2314735911 -6.3231734537 0.0100000000 0.0100000000 0.0400000000
1772700944.874181747 -18.3593359803 43.2668021168 -6.3211735911 0.0100000000 0.0100000000 0.0400000000
1772700944.974282980 -18.3235083781 43.3013907551 -6.3201737227 0.0100000000 0.0100000000 0.0400000000
1772700945.074312449 -18.2876806877 43.3352395351 -6.3191738514 0.0100000000 0.0100000000 0.0400000000
1772700945.174366236 -18.2515557041 43.3683484559 -6.3181739753 0.0100000000 0.0100000000 0.0400000000
1772700945.274330616 -18.2155794166 43.4007174971 -6.3171740919 0.0100000000 0.0100000000 0.0400000000
1772700945.374376297 -18.1796030378 43.4323466804 -6.3161742053 0.0100000000 0.0100000000 0.0400000000
1772700945.474421740 -18.1437754421 43.4632359992 -6.3161743157 0.0100000000 0.0100000000 0.0400000000
1772700945.574452162 -18.1079477622 43.4933854441 -6.3151744191 0.0100000000 0.0100000000 0.0400000000
1772700945.588394642 -18.0721200822 43.5229800015 -6.3141745210 0.0100000000 0.0100000000 0.0400000000
1772700945.774418354 -17.8628037756 43.4378946066 -6.3741733503 0.0100000000 0.0100000000 0.0400000000
1772700945.874276161 -17.8244488694 43.4674891585 -6.3731734433 0.0100000000 0.0100000000 0.0400000000
1772700945.974142075 -17.7860939619 43.4965288059 -6.3731735366 0.0100000000 0.0100000000 0.0400000000
1772700946.074066401 -17.7475903696 43.5248285909 -6.3721736221 0.0100000000 0.0100000000 0.0400000000
1772700946.174076319 -17.7090867748 43.5525734770 -6.3711737071 0.0100000000 0.0100000000 0.0400000000
1772700946.274109364 -17.6707318742 43.5797634620 -6.3701737858 0.0100000000 0.0100000000 0.0400000000
1772700946.374114275 -17.6323769754 43.6062135806 -6.3691738610 0.0100000000 0.0100000000 0.0400000000
1772700946.474158287 -17.5940220759 43.6319238334 -6.3691739320 0.0100000000 0.0100000000 0.0400000000
1772700946.574401140 -17.5559645652 43.6570791834 -6.3681740002 0.0100000000 0.0100000000 0.0400000000
1772700946.674287558 -17.3726640766 43.5965944822 -6.4141730835 0.0100000000 0.0100000000 0.0400000000
1772700946.774306059 -17.3314845722 43.6219348078 -6.4131731464 0.0100000000 0.0100000000 0.0400000000
1772700946.874313116 -17.2903050645 43.6465352541 -6.4121732018 0.0100000000 0.0100000000 0.0400000000
1772700946.974318504 -17.2491256494 43.6703958359 -6.4121732554 0.0100000000 0.0100000000 0.0400000000
1772700947.074186802 -17.2080948414 43.6935165650 -6.4111733034 0.0100000000 0.0100000000 0.0400000000
1772700947.174224138 -17.1673613269 43.7160823854 -6.4101733481 0.0100000000 0.0100000000 0.0400000000
1772700947.274216652 -17.1267765037 43.7379083416 -6.4101733899 0.0100000000 0.0100000000 0.0400000000
1772700947.374181509 -17.0864889798 43.7591793953 -6.4091734280 0.0100000000 0.0100000000 0.0400000000
1772700947.474215508 -17.0466475304 43.7795256259 -6.4091734613 0.0100000000 0.0100000000 0.0400000000
1772700947.574181080 -17.0069546908 43.7991319835 -6.4081734906 0.0100000000 0.0100000000 0.0400000000
1772700947.674066544 -16.9675591461 43.8181834539 -6.4071735181 0.0100000000 0.0100000000 0.0400000000
1772700947.773984909 -16.7573508898 43.6457937750 -6.4931717773 0.0100000000 0.0100000000 0.0400000000
1772700947.873924494 -16.7146848342 43.6648452226 -6.4931717963 0.0100000000 0.0100000000 0.0400000000
1772700947.973988056 -16.6718700895 43.6833417880 -6.4921718106 0.0100000000 0.0100000000 0.0400000000
1772700948.074053764 -16.6292040354 43.7010984775 -6.4921718212 0.0100000000 0.0100000000 0.0400000000
1772700948.174029589 -16.5865378987 43.7183002752 -6.4911718284 0.0100000000 0.0100000000 0.0400000000
1772700948.274049520 -16.5443178313 43.7349471688 -6.4911718331 0.0100000000 0.0100000000 0.0400000000
1772700948.374128103 -16.5020977711 43.7510391692 -6.4901718356 0.0100000000 0.0100000000 0.0400000000
1772700948.474182606 -16.4600263114 43.7665762644 -6.4901718343 0.0100000000 0.0100000000 0.0400000000
1772700948.574280262 -16.4181035478 43.7813734978 -6.4891718274 0.0100000000 0.0100000000 0.0400000000
1772700948.674250603 -16.3763294735 43.7956158365 -6.4891718191 0.0100000000 0.0100000000 0.0400000000
1772700948.774281502 -16.1534849978 43.6515264027 -6.5161702613 0.0100000000 0.0100000000 0.0400000000
1772700948.874250650 -16.1069537633 43.6661386626 -6.5161702426 0.0100000000 0.0100000000 0.0400000000
1772700948.974282026 -16.0604224467 43.6800110607 -6.5151702216 0.0100000000 0.0100000000 0.0400000000
1772700949.074228764 -16.0140398159 43.6931435836 -6.5151701947 0.0100000000 0.0100000000 0.0400000000
1772700949.174289465 -15.9679544871 43.7059061846 -6.5141701670 0.0100000000 0.0100000000 0.0400000000
1772700949.274261713 -15.9221665400 43.7177439510 -6.5141701347 0.0100000000 0.0100000000 0.0400000000
1772700949.374226570 -15.8768245815 43.7290268269 -6.5131700999 0.0100000000 0.0100000000 0.0400000000
1772700949.474176884 -15.8320772144 43.7397547861 -6.5131700621 0.0100000000 0.0100000000 0.0400000000
1772700949.574111462 -15.7879245249 43.7499278602 -6.5131700238 0.0100000000 0.0100000000 0.0400000000
1772700949.674060106 -15.7445151205 43.7593610716 -6.5121699796 0.0100000000 0.0100000000 0.0400000000
1772700949.773983002 -15.5763783617 43.6352481774 -6.5331687142 0.0100000000 0.0100000000 0.0400000000
1772700949.873974323 -15.5302931262 43.6443114453 -6.5321686647 0.0100000000 0.0100000000 0.0400000000
1772700949.973963261 -15.4850997762 43.6526348496 -6.5321686115 0.0100000000 0.0100000000 0.0400000000
1772700950.073951721 -15.4407983994 43.6604033581 -6.5321685574 0.0100000000 0.0100000000 0.0400000000
1772700950.173965454 -15.3970917059 43.6676169747 -6.5311685028 0.0100000000 0.0100000000 0.0400000000
1772700950.273966551 -15.3542769809 43.6740907284 -6.5311684417 0.0100000000 0.0100000000 0.0400000000
1772700950.373959303 -15.3122056314 43.6800095736 -6.5311683838 0.0100000000 0.0100000000 0.0400000000
1772700950.473927259 -15.2710261646 43.6855584921 -6.5311683227 0.0100000000 0.0100000000 0.0400000000
1772700950.573883533 -15.2304413778 43.6905525115 -6.5311682593 0.0100000000 0.0100000000 0.0400000000
1772700950.673761129 -15.1905998737 43.6951766103 -6.5301681969 0.0100000000 0.0100000000 0.0400000000
1772700950.773659706 -15.0627505884 43.5756879629 -6.5491670733 0.0100000000 0.0100000000 0.0400000000
1772700950.873536110 -15.0215711241 43.5797571550 -6.5491670057 0.0100000000 0.0100000000 0.0400000000
1772700950.973493814 -14.9812837239 43.5834564071 -6.5491669349 0.0100000000 0.0100000000 0.0400000000
1772700951.073500633 -14.9417395128 43.5867857333 -6.5491668652 0.0100000000 0.0100000000 0.0400000000
1772700951.173468351 -14.9030873707 43.5897451313 -6.5491667957 0.0100000000 0.0100000000 0.0400000000
1772700951.273469925 -14.8651785102 43.5925195684 -6.5481667252 0.0100000000 0.0100000000 0.0400000000
1772700951.373519421 -14.8281616185 43.5947391007 -6.5481666552 0.0100000000 0.0100000000 0.0400000000
1772700951.473554373 -14.7918880112 43.5967736646 -6.5481665863 0.0100000000 0.0100000000 0.0400000000
1772700951.573638916 -14.7562090810 43.5982533298 -6.5481665127 0.0100000000 0.0100000000 0.0400000000
1772700951.673703909 -14.7215708201 43.5993630682 -6.5481664403 0.0100000000 0.0100000000 0.0400000000
1772700951.773765802 -14.4889147252 43.5007756991 -6.5321652336 0.0100000000 0.0100000000 0.0400000000
1772700951.873900890 -14.4463973059 43.5017004543 -6.5321651433 0.0100000000 0.0100000000 0.0400000000
1772700951.973954678 -14.4044745651 43.5024402528 -6.5321650540 0.0100000000 0.0100000000 0.0400000000
1772700952.074106693 -14.3627005174 43.5026251529 -6.5321649611 0.0100000000 0.0100000000 0.0400000000
1772700952.174154520 -14.3213723680 43.5026250834 -6.5321648683 0.0100000000 0.0100000000 0.0400000000
1772700952.274123192 -14.2803416025 43.5022550741 -6.5321647743 0.0100000000 0.0100000000 0.0400000000
1772700952.373989344 -14.2400542116 43.5017001070 -6.5321646797 0.0100000000 0.0100000000 0.0400000000
1772700952.473875761 -14.2002127156 43.5009601821 -6.5321645865 0.0100000000 0.0100000000 0.0400000000
1772700952.573774815 -14.1608172052 43.4998503185 -6.5321644910 0.0100000000 0.0100000000 0.0400000000
1772700952.673732281 -14.1221650658 43.4983705163 -6.5321643957 0.0100000000 0.0100000000 0.0400000000
1772700952.773816109 -13.8523433239 43.4053319500 -6.5371631688 0.0100000000 0.0100000000 0.0400000000
1772700952.873882771 -13.8034334953 43.4031122738 -6.5371630467 0.0100000000 0.0100000000 0.0400000000
1772700952.974031448 -13.7552669483 43.4008925992 -6.5371629282 0.0100000000 0.0100000000 0.0400000000
1772700953.074185371 -13.7078436811 43.3984879497 -6.5381628108 0.0100000000 0.0100000000 0.0400000000
1772700953.174323559 -13.6614610798 43.3960833197 -6.5381626944 0.0100000000 0.0100000000 0.0400000000
1772700953.274463892 -13.6158217592 43.3936786795 -6.5381625806 0.0100000000 0.0100000000 0.0400000000
1772700953.374278784 -13.5712231062 43.3910890826 -6.5381624679 0.0100000000 0.0100000000 0.0400000000
1772700953.474216223 -13.5276651149 43.3883145108 -6.5391623562 0.0100000000 0.0100000000 0.0400000000
1772700953.574104309 -13.4851477005 43.3857249066 -6.5391622493 0.0100000000 0.0100000000 0.0400000000
1772700953.674013615 -13.2774667903 43.3134028396 -6.5231613202 0.0100000000 0.0100000000 0.0400000000
1772700953.773963928 -13.2278135928 43.3098883985 -6.5231611946 0.0100000000 0.0100000000 0.0400000000
1772700953.874038696 -13.1789037611 43.3065589204 -6.5241610711 0.0100000000 0.0100000000 0.0400000000
1772700953.974110365 -13.1304399212 43.3030444802 -6.5241609468 0.0100000000 0.0100000000 0.0400000000
1772700954.074118137 -13.0827193631 43.2995300534 -6.5241608247 0.0100000000 0.0100000000 0.0400000000
1772700954.174175978 -13.0355933904 43.2960156089 -6.5251607043 0.0100000000 0.0100000000 0.0400000000
1772700954.274047613 -12.9892107879 43.2923162139 -6.5251605842 0.0100000000 0.0100000000 0.0400000000
1772700954.374118090 -12.9434228664 43.2888017730 -6.5261604668 0.0100000000 0.0100000000 0.0400000000
1772700954.474117041 -12.8980809296 43.2852873393 -6.5261603520 0.0100000000 0.0100000000 0.0400000000
1772700954.574223042 -12.8533335816 43.2817729104 -6.5271602375 0.0100000000 0.0100000000 0.0400000000
1772700954.674225330 -12.8087349280 43.2784434486 -6.5271601247 0.0100000000 0.0100000000 0.0400000000
1772700954.774214983 -12.6376248263 43.2510682250 -6.5181595981 0.0100000000 0.0100000000 0.0400000000
1772700954.874190569 -12.5876743342 43.2473688271 -6.5181594758 0.0100000000 0.0100000000 0.0400000000
1772700954.974195719 -12.5380211329 43.2436694126 -6.5191593510 0.0100000000 0.0100000000 0.0400000000
1772700955.074242592 -12.4886653179 43.2399700086 -6.5201592293 0.0100000000 0.0100000000 0.0400000000
1772700955.174303293 -12.4396067964 43.2364555716 -6.5201591099 0.0100000000 0.0100000000 0.0400000000
1772700955.274472475 -12.3905482730 43.2329411400 -6.5211589910 0.0100000000 0.0100000000 0.0400000000
1772700955.374571800 -12.3411923709 43.2296116735 -6.5211588727 0.0100000000 0.0100000000 0.0400000000
1772700955.474507093 -12.2916878603 43.2259122599 -6.5221587514 0.0100000000 0.0100000000 0.0400000000
1772700955.574387789 -12.2420347510 43.2223978275 -6.5231586330 0.0100000000 0.0100000000 0.0400000000
1772700955.674217224 -12.1919355634 43.2185134620 -6.5231585104 0.0100000000 0.0100000000 0.0400000000
1772700955.774015188 -11.9912415094 43.2436684081 -6.5511583010 0.0100000000 0.0100000000 0.0400000000
1772700955.873881340 -11.9365338517 43.2397840303 -6.5521581730 0.0100000000 0.0100000000 0.0400000000
1772700955.973879576 -11.8816775076 43.2360846219 -6.5531580447 0.0100000000 0.0100000000 0.0400000000
1772700955.994761705 -11.8268211575 43.2327551448 -6.5541579202 0.0100000000 0.0100000000 0.0400000000
1772700956.173988581 -11.7719648105 43.2294256669 -6.5551577962 0.0100000000 0.0100000000 0.0400000000
1772700956.274049044 -11.7169597690 43.2262811593 -6.5561576746 0.0100000000 0.0100000000 0.0400000000
1772700956.374132633 -11.6621034227 43.2235065880 -6.5561575542 0.0100000000 0.0100000000 0.0400000000
1772700956.474159956 -11.6072470720 43.2205470406 -6.5571574346 0.0100000000 0.0100000000 0.0400000000
1772700956.574227333 -11.5526880206 43.2175874940 -6.5581573162 0.0100000000 0.0100000000 0.0400000000
1772700956.674258709 -11.4981290552 43.2146279588 -6.5591571966 0.0100000000 0.0100000000 0.0400000000
1772700956.774335384 -11.2975836508 43.2458870092 -6.5581570518 0.0100000000 0.0100000000 0.0400000000
1772700956.874320030 -11.2363348852 43.2423725670 -6.5591569195 0.0100000000 0.0100000000 0.0400000000
1772700956.974235296 -11.1749373426 43.2388581080 -6.5611567884 0.0100000000 0.0100000000 0.0400000000
1772700957.074068546 -11.1135398875 43.2355286253 -6.5621566587 0.0100000000 0.0100000000 0.0400000000
1772700957.173954725 -11.0516964430 43.2321991442 -6.5631565283 0.0100000000 0.0100000000 0.0400000000
1772700957.273886919 -10.9897043109 43.2292395909 -6.5641564015 0.0100000000 0.0100000000 0.0400000000
1772700957.373744726 -10.9278607768 43.2262800495 -6.5651562746 0.0100000000 0.0100000000 0.0400000000
1772700957.473740816 -10.8664633236 43.2233204988 -6.5661561506 0.0100000000 0.0100000000 0.0400000000
1772700957.573820114 -10.8055118528 43.2207308880 -6.5671560297 0.0100000000 0.0100000000 0.0400000000
1772700957.673795700 -10.7451549748 43.2181412693 -6.5681559098 0.0100000000 0.0100000000 0.0400000000
1772700957.773736238 -10.6344015529 43.2673422301 -6.5631560589 0.0100000000 0.0100000000 0.0400000000
1772700957.873669147 -10.5725581117 43.2649375798 -6.5641559396 0.0100000000 0.0100000000 0.0400000000
1772700957.973686457 -10.5114579490 43.2629028713 -6.5651558250 0.0100000000 0.0100000000 0.0400000000
1772700958.073593855 -10.4511010658 43.2606831929 -6.5661557102 0.0100000000 0.0100000000 0.0400000000
1772700958.173569918 -10.3913388655 43.2586484756 -6.5671556003 0.0100000000 0.0100000000 0.0400000000
1772700958.273545980 -10.3323200330 43.2567987401 -6.5681554917 0.0100000000 0.0100000000 0.0400000000
1772700958.373509407 -10.2741930841 43.2551339657 -6.5691553865 0.0100000000 0.0100000000 0.0400000000
1772700958.473480463 -10.2168095079 43.2534691932 -6.5701552822 0.0100000000 0.0100000000 0.0400000000
1772700958.573554277 -10.1603178113 43.2519893800 -6.5711551825 0.0100000000 0.0100000000 0.0400000000
1772700958.673605204 -10.1044208882 43.2506945491 -6.5721550851 0.0100000000 0.0100000000 0.0400000000
1772700958.773722887 -10.0287517032 43.3137680277 -6.5671553940 0.0100000000 0.0100000000 0.0400000000
1772700958.873764515 -9.9716654168 43.3126581485 -6.5691552990 0.0100000000 0.0100000000 0.0400000000
1772700958.973777771 -9.9148765186 43.3115482766 -6.5701552012 0.0100000000 0.0100000000 0.0400000000
1772700959.073826551 -9.8586822086 43.3108083362 -6.5711551092 0.0100000000 0.0100000000 0.0400000000
1772700959.173776150 -9.8024878971 43.3100684126 -6.5711550175 0.0100000000 0.0100000000 0.0400000000
1772700959.273816586 -9.7465908805 43.3093284728 -6.5721549278 0.0100000000 0.0100000000 0.0400000000
1772700959.373864174 -9.6909912492 43.3087735044 -6.5731548403 0.0100000000 0.0100000000 0.0400000000
1772700959.473891973 -9.6353915285 43.3082185347 -6.5741547528 0.0100000000 0.0100000000 0.0400000000
1772700959.573905230 -9.5803865754 43.3076635676 -6.5751546654 0.0100000000 0.0100000000 0.0400000000
1772700959.673853159 -9.5255302228 43.3072935696 -6.5761545804 0.0100000000 0.0100000000 0.0400000000
1772700959.773856640 -9.3663129351 43.3792453196 -6.5751548361 0.0100000000 0.0100000000 0.0400000000
1772700959.873869658 -9.3064020375 43.3794302172 -6.5761547478 0.0100000000 0.0100000000 0.0400000000
1772700959.973927736 -9.2464911399 43.3799850437 -6.5771546658 0.0100000000 0.0100000000 0.0400000000
1772700960.074113369 -9.1864316436 43.3805398714 -6.5781545829 0.0100000000 0.0100000000 0.0400000000
1772700960.174432039 -9.1265207455 43.3812796591 -6.5791545018 0.0100000000 0.0100000000 0.0400000000
1772700960.274589777 -9.0667585430 43.3823893860 -6.5801544244 0.0100000000 0.0100000000 0.0400000000
1772700960.374527693 -9.0071450300 43.3833141562 -6.5811543480 0.0100000000 0.0100000000 0.0400000000
1772700960.474361897 -8.9479775037 43.3844238852 -6.5821542703 0.0100000000 0.0100000000 0.0400000000
1772700960.574262142 -8.8891072722 43.3853486445 -6.5831541950 0.0100000000 0.0100000000 0.0400000000
1772700960.674104214 -8.8303856450 43.3864583759 -6.5841541212 0.0100000000 0.0100000000 0.0400000000
1772700960.774097443 -8.6347461522 43.4646989909 -6.5791543889 0.0100000000 0.0100000000 0.0400000000
1772700960.874227047 -8.5690374307 43.4663636144 -6.5801543110 0.0100000000 0.0100000000 0.0400000000
1772700960.974004984 -8.5036260896 43.4682132030 -6.5821542365 0.0100000000 0.0100000000 0.0400000000
1772700961.073933363 -8.4388093406 43.4702477576 -6.5831541648 0.0100000000 0.0100000000 0.0400000000
1772700961.173872709 -8.3742899778 43.4722823140 -6.5841540937 0.0100000000 0.0100000000 0.0400000000
1772700961.273802280 -8.3102165968 43.4745018416 -6.5851540248 0.0100000000 0.0100000000 0.0400000000
1772700961.373775482 -8.2467378094 43.4767213691 -6.5861539579 0.0100000000 0.0100000000 0.0400000000
1772700961.473761320 -8.1837050056 43.4787559394 -6.5871538892 0.0100000000 0.0100000000 0.0400000000
1772700961.573882103 -8.1208208954 43.4807904992 -6.5881538243 0.0100000000 0.0100000000 0.0400000000
1772700961.673995018 -8.0582341662 43.4830100226 -6.5901537600 0.0100000000 0.0100000000 0.0400000000
1772700961.774343252 -7.9225054713 43.5812270869 -6.5841542625 0.0100000000 0.0100000000 0.0400000000
1772700961.874520540 -7.8554587903 43.5840015069 -6.5861541994 0.0100000000 0.0100000000 0.0400000000
1772700961.974612236 -7.7875202252 43.5867759333 -6.5871541338 0.0100000000 0.0100000000 0.0400000000
1772700962.074552059 -7.7195815705 43.5899202896 -6.5881540732 0.0100000000 0.0100000000 0.0400000000
1772700962.174343348 -7.6513456185 43.5928796805 -6.5901540117 0.0100000000 0.0100000000 0.0400000000
1772700962.274126530 -7.5829609768 43.5960240366 -6.5911539518 0.0100000000 0.0100000000 0.0400000000
1772700962.373942137 -7.5141304382 43.5991684049 -6.5921538925 0.0100000000 0.0100000000 0.0400000000
1772700962.473853350 -7.4450025149 43.6024977329 -6.5931538338 0.0100000000 0.0100000000 0.0400000000
1772700962.573703289 -7.3754286046 43.6060120117 -6.5951537765 0.0100000000 0.0100000000 0.0400000000
1772700962.673677206 -7.3055573139 43.6095263100 -6.5961537204 0.0100000000 0.0100000000 0.0400000000
1772700962.773648739 -7.1882627804 43.6947957653 -6.5881541733 0.0100000000 0.0100000000 0.0400000000
1772700962.873655796 -7.1166076293 43.6988649558 -6.5901541210 0.0100000000 0.0100000000 0.0400000000
1772700962.973661184 -7.0446550950 43.7029341543 -6.5911540692 0.0100000000 0.0100000000 0.0400000000
1772700963.073736191 -6.9725539590 43.7068183748 -6.5931540158 0.0100000000 0.0100000000 0.0400000000
1772700963.173821926 -6.9003041316 43.7107026031 -6.5941539640 0.0100000000 0.0100000000 0.0400000000
1772700963.273922920 -6.8276083172 43.7145868247 -6.5961539137 0.0100000000 0.0100000000 0.0400000000
1772700963.374032021 -6.7546152077 43.7184710533 -6.5971538630 0.0100000000 0.0100000000 0.0400000000
1772700963.474081755 -6.6813247128 43.7223552763 -6.5991538114 0.0100000000 0.0100000000 0.0400000000
1772700963.574130774 -6.6075882339 43.7262395063 -6.6001537619 0.0100000000 0.0100000000 0.0400000000
1772700963.674144983 -6.5334058569 43.7303086885 -6.6021537142 0.0100000000 0.0100000000 0.0400000000
1772700963.774148226 -6.4425731539 43.8076246471 -6.5911541532 0.0100000000 0.0100000000 0.0400000000
1772700963.874140263 -6.3683907791 43.8120637782 -6.5921541109 0.0100000000 0.0100000000 0.0400000000
1772700963.974156380 -6.2943570053 43.8166878730 -6.5941540685 0.0100000000 0.0100000000 0.0400000000
1772700964.074159861 -6.2203232306 43.8211270054 -6.5951540256 0.0100000000 0.0100000000 0.0400000000
1772700964.174121380 -6.1465867512 43.8255661303 -6.5971539861 0.0100000000 0.0100000000 0.0400000000
1772700964.274049282 -6.0728502730 43.8300052637 -6.5981539460 0.0100000000 0.0100000000 0.0400000000
1772700964.373902082 -5.9991138828 43.8342594211 -6.6001539048 0.0100000000 0.0100000000 0.0400000000
1772700964.473799944 -5.9253774038 43.8386985494 -6.6021538667 0.0100000000 0.0100000000 0.0400000000
1772700964.573743582 -5.8516409283 43.8431376844 -6.6031538296 0.0100000000 0.0100000000 0.0400000000
1772700964.673653364 -5.7776071533 43.8477617829 -6.6051537929 0.0100000000 0.0100000000 0.0400000000
1772700964.773650408 -5.7630382620 43.9093556839 -6.5901542059 0.0100000000 0.0100000000 0.0400000000
1772700964.873657227 -5.6918290984 43.9141647450 -6.5921541753 0.0100000000 0.0100000000 0.0400000000
1772700964.973614454 -5.6200252600 43.9191587818 -6.5931541454 0.0100000000 0.0100000000 0.0400000000
1772700965.073563814 -5.5479240356 43.9239678434 -6.5951541171 0.0100000000 0.0100000000 0.0400000000
1772700965.173615932 -5.4752282220 43.9289618819 -6.5961540888 0.0100000000 0.0100000000 0.0400000000
1772700965.273721218 -5.4016404350 43.9339559131 -6.5981540602 0.0100000000 0.0100000000 0.0400000000
1772700965.373844862 -5.3277553566 43.9391349154 -6.6001540335 0.0100000000 0.0100000000 0.0400000000
1772700965.473816395 -5.2534242916 43.9443139250 -6.6011540079 0.0100000000 0.0100000000 0.0400000000
1772700965.573840141 -5.1786471450 43.9500478158 -6.6031539863 0.0100000000 0.0100000000 0.0400000000
1772700965.673869371 -5.1034241070 43.9557817185 -6.6051539651 0.0100000000 0.0100000000 0.0400000000
1772700965.773954153 -5.0665558952 44.0092370953 -6.5891543052 0.0100000000 0.0100000000 0.0400000000
1772700965.873987436 -4.9926707246 44.0153409289 -6.5911542896 0.0100000000 0.0100000000 0.0400000000
1772700965.974038601 -4.9181909680 44.0214447702 -6.5921542750 0.0100000000 0.0100000000 0.0400000000
1772700966.074138403 -4.8434139153 44.0273636334 -6.5941542585 0.0100000000 0.0100000000 0.0400000000
1772700966.174135447 -4.7686368607 44.0336524385 -6.5961542455 0.0100000000 0.0100000000 0.0400000000
1772700966.274174452 -4.6937111178 44.0399412397 -6.5971542331 0.0100000000 0.0100000000 0.0400000000
1772700966.374181271 -4.6187853719 44.0462300464 -6.5991542222 0.0100000000 0.0100000000 0.0400000000
1772700966.474182129 -4.5437109343 44.0527038112 -6.6011542136 0.0100000000 0.0100000000 0.0400000000
1772700966.574152708 -4.4681905145 44.0593625474 -6.6031542065 0.0100000000 0.0100000000 0.0400000000
1772700966.674111843 -4.3922241914 44.0660212848 -6.6051542003 0.0100000000 0.0100000000 0.0400000000
1772700966.774024963 -4.4212133030 44.1165172335 -6.5891545690 0.0100000000 0.0100000000 0.0400000000
1772700966.873924971 -4.3503014368 44.1231759796 -6.5901545671 0.0100000000 0.0100000000 0.0400000000
1772700966.973828316 -4.2793895712 44.1298347188 -6.5921545663 0.0100000000 0.0100000000 0.0400000000
1772700967.073748827 -4.2083290162 44.1363085086 -6.5931545636 0.0100000000 0.0100000000 0.0400000000
1772700967.173807859 -4.1372684604 44.1429672492 -6.5951545632 0.0100000000 0.0100000000 0.0400000000
1772700967.273846626 -4.0663565935 44.1496259910 -6.5971545644 0.0100000000 0.0100000000 0.0400000000
1772700967.373954535 -3.9957421145 44.1564697002 -6.5981545669 0.0100000000 0.0100000000 0.0400000000
1772700967.474084377 -3.9252762379 44.1631284429 -6.6001545692 0.0100000000 0.0100000000 0.0400000000
1772700967.574269772 -3.8546616679 44.1699721567 -6.6021545735 0.0100000000 0.0100000000 0.0400000000
1772700967.674386740 -3.7841957915 44.1768158779 -6.6031545796 0.0100000000 0.0100000000 0.0400000000
1772700967.774607182 -3.8299837058 44.2154740088 -6.5831548740 0.0100000000 0.0100000000 0.0400000000
1772700967.874777079 -3.7633831068 44.2221327550 -6.5851548825 0.0100000000 0.0100000000 0.0400000000
1772700967.974733829 -3.6967824155 44.2286065381 -6.5861548880 0.0100000000 0.0100000000 0.0400000000
1772700968.074564219 -3.6300331236 44.2350803268 -6.5881548950 0.0100000000 0.0100000000 0.0400000000
1772700968.174293041 -3.5631351412 44.2417390816 -6.5891549032 0.0100000000 0.0100000000 0.0400000000
1772700968.274075747 -3.4959397715 44.2482128605 -6.5911549119 0.0100000000 0.0100000000 0.0400000000
1772700968.373974323 -3.4285958008 44.2546866380 -6.5931549203 0.0100000000 0.0100000000 0.0400000000
1772700968.473699331 -3.3614005206 44.2609754658 -6.5941549280 0.0100000000 0.0100000000 0.0400000000
1772700968.573629379 -3.2943538469 44.2674492446 -6.5961549380 0.0100000000 0.0100000000 0.0400000000
1772700968.673728466 -3.2274558630 44.2737380729 -6.5971549480 0.0100000000 0.0100000000 0.0400000000
1772700968.773911238 -3.2664053809 44.3062923011 -6.5781551940 0.0100000000 0.0100000000 0.0400000000
1772700968.874033689 -3.2051565313 44.3122112028 -6.5791552048 0.0100000000 0.0100000000 0.0400000000
1772700968.974107742 -3.1440563721 44.3179451227 -6.5801552141 0.0100000000 0.0100000000 0.0400000000
1772700969.074137926 -3.0832535990 44.3234940786 -6.5821552227 0.0100000000 0.0100000000 0.0400000000
1772700969.174211740 -3.0227480308 44.3292280117 -6.5831552340 0.0100000000 0.0100000000 0.0400000000
1772700969.274226904 -2.9623912444 44.3347769682 -6.5851552449 0.0100000000 0.0100000000 0.0400000000
1772700969.374293327 -2.9024803533 44.3403259314 -6.5861552561 0.0100000000 0.0100000000 0.0400000000
1772700969.474242926 -2.8431641406 44.3460598665 -6.5871552686 0.0100000000 0.0100000000 0.0400000000
1772700969.574228525 -2.7842939175 44.3517937837 -6.5891552830 0.0100000000 0.0100000000 0.0400000000
1772700969.674153328 -2.7255723861 44.3573427498 -6.5901552965 0.0100000000 0.0100000000 0.0400000000
1772700969.774084330 -2.7266129571 44.3947060957 -6.5711555584 0.0100000000 0.0100000000 0.0400000000
1772700969.874058247 -2.6710133291 44.4000700931 -6.5721555716 0.0100000000 0.0100000000 0.0400000000
1772700969.974143744 -2.6155623061 44.4056190603 -6.5731555873 0.0100000000 0.0100000000 0.0400000000
1772700970.074396610 -2.5601113714 44.4111680278 -6.5741556035 0.0100000000 0.0100000000 0.0400000000
1772700970.174510717 -2.5055523211 44.4163470673 -6.5751556185 0.0100000000 0.0100000000 0.0400000000
1772700970.274534464 -2.4515879484 44.4215261003 -6.5771556335 0.0100000000 0.0100000000 0.0400000000
1772700970.374504089 -2.3982182560 44.4261502296 -6.5781556456 0.0100000000 0.0100000000 0.0400000000
1772700970.474450111 -2.3446998718 44.4313292705 -6.5791556624 0.0100000000 0.0100000000 0.0400000000
1772700970.574429274 -2.2920734581 44.4363233410 -6.5801556784 0.0100000000 0.0100000000 0.0400000000
1772700970.674364090 -2.2398930342 44.4413174130 -6.5811556941 0.0100000000 0.0100000000 0.0400000000
1772700970.774384260 -2.1469791366 44.4764610761 -6.5711559075 0.0100000000 0.0100000000 0.0400000000
1772700970.874344349 -2.0918254994 44.4820100472 -6.5721559284 0.0100000000 0.0100000000 0.0400000000
1772700970.974372864 -2.0368204614 44.4875590113 -6.5741559488 0.0100000000 0.0100000000 0.0400000000
1772700971.074393034 -1.9819641179 44.4932929427 -6.5751559734 0.0100000000 0.0100000000 0.0400000000
1772700971.174484491 -1.9274050686 44.4988419141 -6.5761559940 0.0100000000 0.0100000000 0.0400000000
1772700971.274455786 -1.8732920930 44.5045758568 -6.5771560181 0.0100000000 0.0100000000 0.0400000000
1772700971.374308109 -1.8194763249 44.5101248300 -6.5781560418 0.0100000000 0.0100000000 0.0400000000
1772700971.474091768 -1.7659579418 44.5154888402 -6.5781560642 0.0100000000 0.0100000000 0.0400000000
1772700971.573919058 -1.7124395591 44.5208528540 -6.5791560869 0.0100000000 0.0100000000 0.0400000000
1772700971.673798323 -1.6589211759 44.5262168591 -6.5801561112 0.0100000000 0.0100000000 0.0400000000
1772700971.773849726 -1.5407347409 44.5600657408 -6.5721563176 0.0100000000 0.0100000000 0.0400000000
1772700971.805616617 -1.4846891322 44.5657996928 -6.5721563454 0.0100000000 0.0100000000 0.0400000000
1772700971.974070311 -1.4290895060 44.5715336267 -6.5731563735 0.0100000000 0.0100000000 0.0400000000
1772700972.074168444 -1.3734897936 44.5770826021 -6.5741563993 0.0100000000 0.0100000000 0.0400000000
1772700972.174146175 -1.3180388586 44.5828165471 -6.5751564281 0.0100000000 0.0100000000 0.0400000000
1772700972.274037600 -1.2624391462 44.5885504941 -6.5761564565 0.0100000000 0.0100000000 0.0400000000
1772700972.373917580 -1.2065422269 44.5940994705 -6.5771564844 0.0100000000 0.0100000000 0.0400000000
1772700972.406771660 -1.1504965295 44.5998334077 -6.5781565146 0.0100000000 0.0100000000 0.0400000000
1772700972.406771660 -1.0941536228 44.6053823842 -6.5791565443 0.0100000000 0.0100000000 0.0400000000
1772700972.406771660 -1.0375133356 44.6109313607 -6.5801565746 0.0100000000 0.0100000000 0.0400000000
1772700972.773851633 -0.9014874421 44.6501442761 -6.5731568279 0.0100000000 0.0100000000 0.0400000000
1772700972.873843431 -0.8406845841 44.6562481537 -6.5741568632 0.0100000000 0.0100000000 0.0400000000
1772700972.973856688 -0.7795844303 44.6621670616 -6.5751568977 0.0100000000 0.0100000000 0.0400000000
1772700973.073858261 -0.7184842771 44.6680859698 -6.5761569310 0.0100000000 0.0100000000 0.0400000000
1772700973.173856974 -0.6575328162 44.6740048895 -6.5771569658 0.0100000000 0.0100000000 0.0400000000
1772700973.273804426 -0.5965812653 44.6799238051 -6.5771570002 0.0100000000 0.0100000000 0.0400000000
1772700973.373931646 -0.5362244841 44.6856577563 -6.5781570365 0.0100000000 0.0100000000 0.0400000000
1772700973.474004269 -0.4758676100 44.6912067370 -6.5791570702 0.0100000000 0.0100000000 0.0400000000
1772700973.574056149 -0.4152134438 44.6971256473 -6.5801571079 0.0100000000 0.0100000000 0.0400000000
1772700973.674077034 -0.3539645992 44.7028595993 -6.5811571446 0.0100000000 0.0100000000 0.0400000000
1772700973.774050474 -0.2448465942 44.7355987033 -6.5731573701 0.0100000000 0.0100000000 0.0400000000
1772700973.874001503 -0.1801785507 44.7418875433 -6.5741574112 0.0100000000 0.0100000000 0.0400000000
1772700973.974008083 -0.1152132098 44.7481763962 -6.5751574538 0.0100000000 0.0100000000 0.0400000000
1772700974.074074030 -0.0500991815 44.7542802798 -6.5761574956 0.0100000000 0.0100000000 0.0400000000
1772700974.174089909 0.0150148514 44.7603841620 -6.5771575385 0.0100000000 0.0100000000 0.0400000000
1772700974.274033070 0.0804262636 44.7664880533 -6.5771575825 0.0100000000 0.0100000000 0.0400000000
1772700974.373939037 0.1456888986 44.7725919382 -6.5781576276 0.0100000000 0.0100000000 0.0400000000
1772700974.473851204 0.2108029282 44.7785108535 -6.5791576712 0.0100000000 0.0100000000 0.0400000000
1772700974.573776722 0.2757683555 44.7846147400 -6.5801577168 0.0100000000 0.0100000000 0.0400000000
1772700974.673697710 0.3405850022 44.7905336660 -6.5811577615 0.0100000000 0.0100000000 0.0400000000
1772700974.773572206 0.3285433677 44.8045911598 -6.5731578591 0.0100000000 0.0100000000 0.0400000000
1772700974.873511553 0.3886029420 44.8099551874 -6.5741579009 0.0100000000 0.0100000000 0.0400000000
1772700974.973416328 0.4482164429 44.8156891343 -6.5751579454 0.0100000000 0.0100000000 0.0400000000
1772700975.073387384 0.5075326467 44.8214230924 -6.5761579887 0.0100000000 0.0100000000 0.0400000000
1772700975.173353195 0.5664028661 44.8269720870 -6.5761580329 0.0100000000 0.0100000000 0.0400000000
1772700975.273315907 0.6246784043 44.8323361059 -6.5771580764 0.0100000000 0.0100000000 0.0400000000
1772700975.373473167 0.6823593544 44.8380700719 -6.5771581238 0.0100000000 0.0100000000 0.0400000000
1772700975.473571777 0.7395943217 44.8436190615 -6.5781581678 0.0100000000 0.0100000000 0.0400000000
1772700975.573617935 0.7960859146 44.8489830811 -6.5791582131 0.0100000000 0.0100000000 0.0400000000
1772700975.673621178 0.8521315226 44.8541621481 -6.5791582568 0.0100000000 0.0100000000 0.0400000000
1772700975.773572445 0.8307241695 44.8678496980 -6.5731583504 0.0100000000 0.0100000000 0.0400000000
1772700975.873594761 0.8826072944 44.8728437889 -6.5741583927 0.0100000000 0.0100000000 0.0400000000
1772700975.973561287 0.9340444347 44.8776529205 -6.5751584342 0.0100000000 0.0100000000 0.0400000000
1772700976.073515654 0.9853328813 44.8822770773 -6.5751584750 0.0100000000 0.0100000000 0.0400000000
1772700976.173550367 1.0363239451 44.8870862110 -6.5761585170 0.0100000000 0.0100000000 0.0400000000
1772700976.273455858 1.0868691123 44.8918953393 -6.5761585578 0.0100000000 0.0100000000 0.0400000000
1772700976.373382092 1.1369682916 44.8967044612 -6.5771586011 0.0100000000 0.0100000000 0.0400000000
1772700976.473224401 1.1866213955 44.9013286247 -6.5781586425 0.0100000000 0.0100000000 0.0400000000
1772700976.573130846 1.2356799091 44.9061377535 -6.5781586863 0.0100000000 0.0100000000 0.0400000000
1772700976.673105717 1.2841438345 44.9107619179 -6.5791587289 0.0100000000 0.0100000000 0.0400000000
1772700976.773048639 1.3305264303 44.9303684215 -6.5711588771 0.0100000000 0.0100000000 0.0400000000
1772700976.872991562 1.3770576288 44.9348076154 -6.5721589185 0.0100000000 0.0100000000 0.0400000000
1772700976.972970009 1.4229942367 44.9390618389 -6.5731589583 0.0100000000 0.0100000000 0.0400000000
1772700977.072938919 1.4684848599 44.9435010391 -6.5731589995 0.0100000000 0.0100000000 0.0400000000
1772700977.172891617 1.5135294957 44.9475703040 -6.5741590394 0.0100000000 0.0100000000 0.0400000000
1772700977.272903442 1.5581281445 44.9520095056 -6.5741590808 0.0100000000 0.0100000000 0.0400000000
1772700977.372892380 1.6022808068 44.9562637296 -6.5751591221 0.0100000000 0.0100000000 0.0400000000
1772700977.472859144 1.6458388800 44.9605179625 -6.5751591633 0.0100000000 0.0100000000 0.0400000000
1772700977.572773218 1.6890995699 44.9649571552 -6.5761592064 0.0100000000 0.0100000000 0.0400000000
1772700977.672687769 1.7320628767 44.9692113996 -6.5761592466 0.0100000000 0.0100000000 0.0400000000
1772700977.772647142 1.9180392401 45.0028753811 -6.5671595386 0.0100000000 0.0100000000 0.0400000000
1772700977.872687578 1.9688816997 45.0078694847 -6.5671595899 0.0100000000 0.0100000000 0.0400000000
1772700977.972789764 2.0200215444 45.0130485526 -6.5681596428 0.0100000000 0.0100000000 0.0400000000
1772700978.072860956 2.0713099888 45.0182276098 -6.5691596948 0.0100000000 0.0100000000 0.0400000000
1772700978.172978401 2.1228957320 45.0235916547 -6.5691597510 0.0100000000 0.0100000000 0.0400000000
1772700978.273043394 2.1749274582 45.0287707121 -6.5701598039 0.0100000000 0.0100000000 0.0400000000
1772700978.373003244 2.2275538628 45.0341347579 -6.5701598613 0.0100000000 0.0100000000 0.0400000000
1772700978.473014355 2.2806262543 45.0394987876 -6.5711599177 0.0100000000 0.0100000000 0.0400000000
1772700978.572996140 2.3341446314 45.0448628158 -6.5721599743 0.0100000000 0.0100000000 0.0400000000
1772700978.672952414 2.3882576885 45.0504118221 -6.5721600335 0.0100000000 0.0100000000 0.0400000000
1772700978.772936344 2.6444026116 45.0979482169 -6.5791604725 0.0100000000 0.0100000000 0.0400000000
1772700978.872892618 2.7105572116 45.1047919798 -6.5801605483 0.0100000000 0.0100000000 0.0400000000
1772700978.972807884 2.7773065814 45.1118207312 -6.5801606271 0.0100000000 0.0100000000 0.0400000000
1772700979.072727203 2.8447991413 45.1188494653 -6.5811607065 0.0100000000 0.0100000000 0.0400000000
1772700979.172657728 2.9131837638 45.1258781999 -6.5821607864 0.0100000000 0.0100000000 0.0400000000
1772700979.272699833 2.9823116681 45.1332768756 -6.5831608702 0.0100000000 0.0100000000 0.0400000000
1772700979.372679949 3.0521828507 45.1406755528 -6.5841609559 0.0100000000 0.0100000000 0.0400000000
1772700979.472697020 3.1226487126 45.1480742196 -6.5851610434 0.0100000000 0.0100000000 0.0400000000
1772700979.572739840 3.1938579475 45.1558428265 -6.5861611349 0.0100000000 0.0100000000 0.0400000000
1772700979.672898769 3.2656617660 45.1634264761 -6.5871612234 0.0100000000 0.0100000000 0.0400000000
1772700979.773032188 3.3211126867 45.1895068007 -6.5811614395 0.0100000000 0.0100000000 0.0400000000
1772700979.873143196 3.3926192131 45.1970904396 -6.5821615294 0.0100000000 0.0100000000 0.0400000000
1772700979.973184586 3.4653150107 45.2046740806 -6.5831616221 0.0100000000 0.0100000000 0.0400000000
1772700980.073230743 3.5390514671 45.2122577329 -6.5841617174 0.0100000000 0.0100000000 0.0400000000
1772700980.173215389 3.6136798091 45.2202113038 -6.5851618151 0.0100000000 0.0100000000 0.0400000000
1772700980.273163557 3.6889029184 45.2281648877 -6.5861619148 0.0100000000 0.0100000000 0.0400000000
1772700980.373032331 3.7650179111 45.2364884003 -6.5871620173 0.0100000000 0.0100000000 0.0400000000
1772700980.472859859 3.8421735703 45.2448119154 -6.5881621222 0.0100000000 0.0100000000 0.0400000000
1772700980.572801590 3.9202211986 45.2533204010 -6.5891622313 0.0100000000 0.0100000000 0.0400000000
1772700980.611824751 3.9993094954 45.2618288774 -6.5901623407 0.0100000000 0.0100000000 0.0400000000
1772700980.772893429 3.8377137055 45.2655282666 -6.5721622692 0.0100000000 0.0100000000 0.0400000000
1772700980.872977018 3.9068416052 45.2729269385 -6.5731623618 0.0100000000 0.0100000000 0.0400000000
1772700980.973072052 3.9770101729 45.2805105938 -6.5741624604 0.0100000000 0.0100000000 0.0400000000
1772700981.073145151 4.0482193141 45.2882792151 -6.5741625608 0.0100000000 0.0100000000 0.0400000000
1772700981.173056602 4.1204691205 45.2962327896 -6.5751626634 0.0100000000 0.0100000000 0.0400000000
1772700981.273022413 4.1936108983 45.3041863765 -6.5761627670 0.0100000000 0.0100000000 0.0400000000
1772700981.372933388 4.2676446491 45.3123249241 -6.5771628741 0.0100000000 0.0100000000 0.0400000000
1772700981.472747803 4.3428676692 45.3204634892 -6.5771629827 0.0100000000 0.0100000000 0.0400000000
1772700981.572644472 4.4188340584 45.3287870086 -6.5781630943 0.0100000000 0.0100000000 0.0400000000
1772700981.672548294 4.4959897126 45.3371105307 -6.5791632077 0.0100000000 0.0100000000 0.0400000000
1772700981.772554636 4.2007466860 45.3200936283 -6.5561628853 0.0100000000 0.0100000000 0.0400000000
1772700981.872617245 4.2624415123 45.3269374183 -6.5561629752 0.0100000000 0.0100000000 0.0400000000
1772700981.972704649 4.3254742022 45.3337812034 -6.5571630659 0.0100000000 0.0100000000 0.0400000000
1772700982.072772503 4.3895476516 45.3408099551 -6.5571631591 0.0100000000 0.0100000000 0.0400000000
1772700982.172786951 4.4548102763 45.3478387081 -6.5571632557 0.0100000000 0.0100000000 0.0400000000
1772700982.272831678 4.5211136550 45.3550524244 -6.5581633539 0.0100000000 0.0100000000 0.0400000000
1772700982.373024464 4.5887549031 45.3624511201 -6.5581634542 0.0100000000 0.0100000000 0.0400000000
1772700982.473111868 4.6574368195 45.3700347758 -6.5581635592 0.0100000000 0.0100000000 0.0400000000
1772700982.573207855 4.7273079960 45.3778033954 -6.5591636653 0.0100000000 0.0100000000 0.0400000000
1772700982.673265457 4.7985172285 45.3857569925 -6.5591637739 0.0100000000 0.0100000000 0.0400000000
1772700982.773202896 4.4170501294 45.3546826059 -6.5351632793 0.0100000000 0.0100000000 0.0400000000
1772700982.873089075 4.4683385708 45.3604165935 -6.5351633547 0.0100000000 0.0100000000 0.0400000000
1772700982.972985268 4.5206676781 45.3661505721 -6.5351634329 0.0100000000 0.0100000000 0.0400000000
1772700983.073036432 4.5741860540 45.3720695328 -6.5351635135 0.0100000000 0.0100000000 0.0400000000
1772700983.172879934 4.6287450026 45.3781734524 -6.5351635969 0.0100000000 0.0100000000 0.0400000000
1772700983.273010492 4.6836013380 45.3842773727 -6.5351636797 0.0100000000 0.0100000000 0.0400000000
1772700983.373005629 4.7381603760 45.3903813013 -6.5341637632 0.0100000000 0.0100000000 0.0400000000
1772700983.473135710 4.7919760449 45.3964852224 -6.5341638477 0.0100000000 0.0100000000 0.0400000000
1772700983.573235750 4.8448998300 45.4022192025 -6.5341639278 0.0100000000 0.0100000000 0.0400000000
1772700983.673343897 4.8972288492 45.4079531945 -6.5341640091 0.0100000000 0.0100000000 0.0400000000
1772700983.773394823 4.4090223789 45.3593068789 -6.5191633057 0.0100000000 0.0100000000 0.0400000000
1772700983.873399019 4.4347409051 45.3620813943 -6.5181633429 0.0100000000 0.0100000000 0.0400000000
