<?xml version="1.0" encoding="UTF-8"?>
<osm generator="VMB">
  <MetaInfo format_version="1" map_version="14" validation_version="1"/>
  <node id="1" lat="36.84344283761" lon="128.09268258696">
    <tag k="local_x" v="10.5195"/>
    <tag k="local_y" v="-14.5166"/>
    <tag k="ele" v="3.3964"/>
  </node>
  <node id="2" lat="36.84348628924" lon="128.09265237105">
    <tag k="local_x" v="7.8255"/>
    <tag k="local_y" v="-9.6965"/>
    <tag k="ele" v="3.2474"/>
  </node>
  <node id="4" lat="36.84343983213" lon="128.09267265068">
    <tag k="local_x" v="9.6336"/>
    <tag k="local_y" v="-14.85"/>
    <tag k="ele" v="3.3066"/>
  </node>
  <node id="5" lat="36.84348216323" lon="128.09264299107">
    <tag k="local_x" v="6.9892"/>
    <tag k="local_y" v="-10.1542"/>
    <tag k="ele" v="3.2291"/>
  </node>
  <node id="26" lat="36.84355732215" lon="128.09259647711">
    <tag k="local_x" v="2.8421"/>
    <tag k="local_y" v="-1.8168"/>
    <tag k="ele" v="3.1445"/>
  </node>
  <node id="27" lat="36.84356332051" lon="128.0925921309">
    <tag k="local_x" v="2.4546"/>
    <tag k="local_y" v="-1.1514"/>
    <tag k="ele" v="3.0869"/>
  </node>
  <node id="29" lat="36.84355304199" lon="128.09258829276">
    <tag k="local_x" v="2.1124"/>
    <tag k="local_y" v="-2.2916"/>
    <tag k="ele" v="3.1273"/>
  </node>
  <node id="30" lat="36.84355941445" lon="128.09258341715">
    <tag k="local_x" v="1.6777"/>
    <tag k="local_y" v="-1.5847"/>
    <tag k="ele" v="3.063"/>
  </node>
  <node id="33" lat="36.84359339434" lon="128.09257005548">
    <tag k="local_x" v="0.4864"/>
    <tag k="local_y" v="2.1847"/>
    <tag k="ele" v="3.1653"/>
  </node>
  <node id="34" lat="36.84361424617" lon="128.09255387185">
    <tag k="local_x" v="-0.9565"/>
    <tag k="local_y" v="4.4978"/>
    <tag k="ele" v="3.0756"/>
  </node>
  <node id="36" lat="36.84359321676" lon="128.09255653342">
    <tag k="local_x" v="-0.7192"/>
    <tag k="local_y" v="2.165"/>
    <tag k="ele" v="3.1327"/>
  </node>
  <node id="37" lat="36.84361066645" lon="128.09254510202">
    <tag k="local_x" v="-1.7384"/>
    <tag k="local_y" v="4.1007"/>
    <tag k="ele" v="3.0563"/>
  </node>
  <node id="40" lat="36.84362830364" lon="128.09254595668">
    <tag k="local_x" v="-1.6622"/>
    <tag k="local_y" v="6.0572"/>
    <tag k="ele" v="2.9712"/>
  </node>
  <node id="41" lat="36.84362431014" lon="128.09253727658">
    <tag k="local_x" v="-2.4361"/>
    <tag k="local_y" v="5.6142"/>
    <tag k="ele" v="2.9577"/>
  </node>
  <node id="42" lat="36.84364028684" lon="128.09253944239">
    <tag k="local_x" v="-2.243"/>
    <tag k="local_y" v="7.3865"/>
    <tag k="ele" v="2.8642"/>
  </node>
  <node id="43" lat="36.84363655927" lon="128.09252921336">
    <tag k="local_x" v="-3.155"/>
    <tag k="local_y" v="6.973"/>
    <tag k="ele" v="2.8106"/>
  </node>
  <node id="44" lat="36.84365247287" lon="128.09253179416">
    <tag k="local_x" v="-2.9249"/>
    <tag k="local_y" v="8.7383"/>
    <tag k="ele" v="2.7264"/>
  </node>
  <node id="45" lat="36.84364767526" lon="128.09252224482">
    <tag k="local_x" v="-3.7763"/>
    <tag k="local_y" v="8.2061"/>
    <tag k="ele" v="2.7232"/>
  </node>
  <node id="46" lat="36.84366390436" lon="128.09252382851">
    <tag k="local_x" v="-3.6351"/>
    <tag k="local_y" v="10.0064"/>
    <tag k="ele" v="2.5731"/>
  </node>
  <node id="47" lat="36.8436598703" lon="128.09251430721">
    <tag k="local_x" v="-4.484"/>
    <tag k="local_y" v="9.5589"/>
    <tag k="ele" v="2.555"/>
  </node>
  <node id="48" lat="36.84371430445" lon="128.09249154305">
    <tag k="local_x" v="-6.5136"/>
    <tag k="local_y" v="15.5973"/>
    <tag k="ele" v="1.8675"/>
  </node>
  <node id="49" lat="36.84371014057" lon="128.09248173573">
    <tag k="local_x" v="-7.388"/>
    <tag k="local_y" v="15.1354"/>
    <tag k="ele" v="1.8526"/>
  </node>
  <node id="50" lat="36.84386508457" lon="128.0923841186">
    <tag k="local_x" v="-16.0913"/>
    <tag k="local_y" v="32.3234"/>
    <tag k="ele" v="0.0134"/>
  </node>
  <node id="51" lat="36.84386024818" lon="128.09237537567">
    <tag k="local_x" v="-16.8708"/>
    <tag k="local_y" v="31.7869"/>
    <tag k="ele" v="0.0507"/>
  </node>
  <node id="52" lat="36.84388452648" lon="128.09237043605">
    <tag k="local_x" v="-17.3112"/>
    <tag k="local_y" v="34.4801"/>
    <tag k="ele" v="-0.2503"/>
  </node>
  <node id="53" lat="36.84390164261" lon="128.09236232341">
    <tag k="local_x" v="-18.0345"/>
    <tag k="local_y" v="36.3788"/>
    <tag k="ele" v="-0.495"/>
  </node>
  <node id="55" lat="36.84388073128" lon="128.09235982676">
    <tag k="local_x" v="-18.2571"/>
    <tag k="local_y" v="34.0591"/>
    <tag k="ele" v="-0.1854"/>
  </node>
  <node id="56" lat="36.84389820079" lon="128.09235194965">
    <tag k="local_x" v="-18.9594"/>
    <tag k="local_y" v="35.997"/>
    <tag k="ele" v="-0.3815"/>
  </node>
  <node id="59" lat="36.84393673401" lon="128.09236209563">
    <tag k="local_x" v="-18.0548"/>
    <tag k="local_y" v="40.2715"/>
    <tag k="ele" v="-0.858"/>
  </node>
  <node id="60" lat="36.84394427836" lon="128.09234927112">
    <tag k="local_x" v="-19.1982"/>
    <tag k="local_y" v="41.1084"/>
    <tag k="ele" v="-0.7909"/>
  </node>
  <node id="61" lat="36.84395259806" lon="128.09238556303">
    <tag k="local_x" v="-15.9625"/>
    <tag k="local_y" v="42.0313"/>
    <tag k="ele" v="-1.1071"/>
  </node>
  <node id="62" lat="36.84395787079" lon="128.0924245771">
    <tag k="local_x" v="-12.4841"/>
    <tag k="local_y" v="42.6162"/>
    <tag k="ele" v="-1.0918"/>
  </node>
  <node id="64" lat="36.84397121064" lon="128.09238446269">
    <tag k="local_x" v="-16.0606"/>
    <tag k="local_y" v="44.096"/>
    <tag k="ele" v="-1.1924"/>
  </node>
  <node id="65" lat="36.84397811232" lon="128.09242761774">
    <tag k="local_x" v="-12.213"/>
    <tag k="local_y" v="44.8616"/>
    <tag k="ele" v="-1.209"/>
  </node>
  <node id="68" lat="36.84396622384" lon="128.09250101593">
    <tag k="local_x" v="-5.669"/>
    <tag k="local_y" v="43.5428"/>
    <tag k="ele" v="-1.0395"/>
  </node>
  <node id="69" lat="36.84398418827" lon="128.09250005694">
    <tag k="local_x" v="-5.7545"/>
    <tag k="local_y" v="45.5356"/>
    <tag k="ele" v="-1.1246"/>
  </node>
  <node id="70" lat="36.84396924197" lon="128.09254085776">
    <tag k="local_x" v="-2.1168"/>
    <tag k="local_y" v="43.8776"/>
    <tag k="ele" v="-1.1453"/>
  </node>
  <node id="71" lat="36.84398777612" lon="128.09253950958">
    <tag k="local_x" v="-2.237"/>
    <tag k="local_y" v="45.9336"/>
    <tag k="ele" v="-1.1899"/>
  </node>
  <node id="79" lat="36.84397433795" lon="128.09261496142">
    <tag k="local_x" v="4.4901"/>
    <tag k="local_y" v="44.4429"/>
    <tag k="ele" v="-0.9524"/>
  </node>
  <node id="80" lat="36.84397452454" lon="128.09264420067">
    <tag k="local_x" v="7.097"/>
    <tag k="local_y" v="44.4636"/>
    <tag k="ele" v="-0.9562"/>
  </node>
  <node id="82" lat="36.84398943932" lon="128.09260723241">
    <tag k="local_x" v="3.801"/>
    <tag k="local_y" v="46.1181"/>
    <tag k="ele" v="-1.0917"/>
  </node>
  <node id="83" lat="36.84398982964" lon="128.09264771021">
    <tag k="local_x" v="7.4099"/>
    <tag k="local_y" v="46.1614"/>
    <tag k="ele" v="-0.9563"/>
  </node>
  <node id="99" lat="36.84390498265" lon="128.0926902191">
    <tag k="local_x" v="11.1999"/>
    <tag k="local_y" v="36.7493"/>
    <tag k="ele" v="-1.1116"/>
  </node>
  <node id="100" lat="36.84390375845" lon="128.09270141052">
    <tag k="local_x" v="12.1977"/>
    <tag k="local_y" v="36.6135"/>
    <tag k="ele" v="-1.195"/>
  </node>
  <node id="126" lat="36.84387445358" lon="128.09268715818">
    <tag k="local_x" v="10.927"/>
    <tag k="local_y" v="33.3627"/>
    <tag k="ele" v="-0.9665"/>
  </node>
  <node id="127" lat="36.84386484665" lon="128.09268561708">
    <tag k="local_x" v="10.7896"/>
    <tag k="local_y" v="32.297"/>
    <tag k="ele" v="-0.8984"/>
  </node>
  <node id="129" lat="36.84387159592" lon="128.09269821612">
    <tag k="local_x" v="11.9129"/>
    <tag k="local_y" v="33.0457"/>
    <tag k="ele" v="-1.1578"/>
  </node>
  <node id="130" lat="36.84386251455" lon="128.09269716067">
    <tag k="local_x" v="11.8188"/>
    <tag k="local_y" v="32.0383"/>
    <tag k="ele" v="-1.1739"/>
  </node>
  <node id="133" lat="36.84385466549" lon="128.09268454368">
    <tag k="local_x" v="10.6939"/>
    <tag k="local_y" v="31.1676"/>
    <tag k="ele" v="-0.8243"/>
  </node>
  <node id="134" lat="36.84385366936" lon="128.09269612092">
    <tag k="local_x" v="11.7261"/>
    <tag k="local_y" v="31.0571"/>
    <tag k="ele" v="-1.1486"/>
  </node>
  <node id="135" lat="36.84382342065" lon="128.09268326949">
    <tag k="local_x" v="10.5803"/>
    <tag k="local_y" v="27.7016"/>
    <tag k="ele" v="-0.302"/>
  </node>
  <node id="136" lat="36.84382233978" lon="128.09269398196">
    <tag k="local_x" v="11.5354"/>
    <tag k="local_y" v="27.5817"/>
    <tag k="ele" v="-0.4317"/>
  </node>
  <node id="169" lat="36.84373005396" lon="128.09246871161">
    <tag k="local_x" v="-8.5492"/>
    <tag k="local_y" v="17.3444"/>
    <tag k="ele" v="1.5668"/>
  </node>
  <node id="170" lat="36.84374853673" lon="128.09245771087">
    <tag k="local_x" v="-9.53"/>
    <tag k="local_y" v="19.3947"/>
    <tag k="ele" v="1.3728"/>
  </node>
  <node id="171" lat="36.84376817427" lon="128.09244789678">
    <tag k="local_x" v="-10.405"/>
    <tag k="local_y" v="21.5731"/>
    <tag k="ele" v="1.119"/>
  </node>
  <node id="172" lat="36.84378748908" lon="128.0924381511">
    <tag k="local_x" v="-11.2739"/>
    <tag k="local_y" v="23.7157"/>
    <tag k="ele" v="0.9133"/>
  </node>
  <node id="173" lat="36.8438067417" lon="128.09242778405">
    <tag k="local_x" v="-12.1982"/>
    <tag k="local_y" v="25.8514"/>
    <tag k="ele" v="0.7367"/>
  </node>
  <node id="174" lat="36.8438215041" lon="128.09241259857">
    <tag k="local_x" v="-13.5521"/>
    <tag k="local_y" v="27.489"/>
    <tag k="ele" v="0.5504"/>
  </node>
  <node id="175" lat="36.84383845706" lon="128.09239453167">
    <tag k="local_x" v="-15.1629"/>
    <tag k="local_y" v="29.3696"/>
    <tag k="ele" v="0.3265"/>
  </node>
  <node id="176" lat="36.8437329594" lon="128.09247960353">
    <tag k="local_x" v="-7.5781"/>
    <tag k="local_y" v="17.6667"/>
    <tag k="ele" v="1.6097"/>
  </node>
  <node id="177" lat="36.84375229855" lon="128.09246774588">
    <tag k="local_x" v="-8.6353"/>
    <tag k="local_y" v="19.812"/>
    <tag k="ele" v="1.3493"/>
  </node>
  <node id="178" lat="36.84377189643" lon="128.09245786449">
    <tag k="local_x" v="-9.5163"/>
    <tag k="local_y" v="21.986"/>
    <tag k="ele" v="1.1893"/>
  </node>
  <node id="179" lat="36.84379092278" lon="128.09244848446">
    <tag k="local_x" v="-10.3526"/>
    <tag k="local_y" v="24.0966"/>
    <tag k="ele" v="0.9539"/>
  </node>
  <node id="180" lat="36.84381036651" lon="128.09243777981">
    <tag k="local_x" v="-11.307"/>
    <tag k="local_y" v="26.2535"/>
    <tag k="ele" v="0.7616"/>
  </node>
  <node id="181" lat="36.84382735373" lon="128.09242078518">
    <tag k="local_x" v="-12.8222"/>
    <tag k="local_y" v="28.1379"/>
    <tag k="ele" v="0.565"/>
  </node>
  <node id="182" lat="36.84384374778" lon="128.09240423582">
    <tag k="local_x" v="-14.2977"/>
    <tag k="local_y" v="29.9565"/>
    <tag k="ele" v="0.3126"/>
  </node>
  <node id="183" lat="36.84349659121" lon="128.0926455203">
    <tag k="local_x" v="7.2147"/>
    <tag k="local_y" v="-8.5537"/>
    <tag k="ele" v="3.1562"/>
  </node>
  <node id="184" lat="36.84352047919" lon="128.09262937709">
    <tag k="local_x" v="5.7754"/>
    <tag k="local_y" v="-5.9038"/>
    <tag k="ele" v="3.1867"/>
  </node>
  <node id="185" lat="36.84349274556" lon="128.09263606967">
    <tag k="local_x" v="6.3721"/>
    <tag k="local_y" v="-8.9803"/>
    <tag k="ele" v="3.2728"/>
  </node>
  <node id="186" lat="36.84351560766" lon="128.09262094711">
    <tag k="local_x" v="5.0238"/>
    <tag k="local_y" v="-6.4442"/>
    <tag k="ele" v="3.2163"/>
  </node>
  <node id="187" lat="36.84391707301" lon="128.09235881946">
    <tag k="local_x" v="-18.3469"/>
    <tag k="local_y" v="38.0905"/>
    <tag k="ele" v="-0.5881"/>
  </node>
  <node id="188" lat="36.84392602548" lon="128.09235989282">
    <tag k="local_x" v="-18.2512"/>
    <tag k="local_y" v="39.0836"/>
    <tag k="ele" v="-0.7555"/>
  </node>
  <node id="189" lat="36.84391646811" lon="128.09234778395">
    <tag k="local_x" v="-19.3308"/>
    <tag k="local_y" v="38.0234"/>
    <tag k="ele" v="-0.4485"/>
  </node>
  <node id="190" lat="36.84392504015" lon="128.09234705712">
    <tag k="local_x" v="-19.3956"/>
    <tag k="local_y" v="38.9743"/>
    <tag k="ele" v="-0.6448"/>
  </node>
  <node id="237" lat="36.84392014892" lon="128.09270179638">
    <tag k="local_x" v="12.2321"/>
    <tag k="local_y" v="38.4317"/>
    <tag k="ele" v="-1.1715"/>
  </node>
  <node id="238" lat="36.8439151584" lon="128.09270205546">
    <tag k="local_x" v="12.2552"/>
    <tag k="local_y" v="37.8781"/>
    <tag k="ele" v="-1.1715"/>
  </node>
  <node id="239" lat="36.84390930247" lon="128.09270176271">
    <tag k="local_x" v="12.2291"/>
    <tag k="local_y" v="37.2285"/>
    <tag k="ele" v="-1.1716"/>
  </node>
  <node id="240" lat="36.84392158587" lon="128.09269101547">
    <tag k="local_x" v="11.2709"/>
    <tag k="local_y" v="38.5911"/>
    <tag k="ele" v="-1.1751"/>
  </node>
  <node id="241" lat="36.84391615453" lon="128.09269065543">
    <tag k="local_x" v="11.2388"/>
    <tag k="local_y" v="37.9886"/>
    <tag k="ele" v="-1.1744"/>
  </node>
  <node id="242" lat="36.84391016428" lon="128.09269034024">
    <tag k="local_x" v="11.2107"/>
    <tag k="local_y" v="37.3241"/>
    <tag k="ele" v="-1.1527"/>
  </node>
  <node id="342" lat="36.84389825499" lon="128.09270108524">
    <tag k="local_x" v="12.1687"/>
    <tag k="local_y" v="36.003"/>
    <tag k="ele" v="-1.1892"/>
  </node>
  <node id="343" lat="36.84389354393" lon="128.09270052667">
    <tag k="local_x" v="12.1189"/>
    <tag k="local_y" v="35.4804"/>
    <tag k="ele" v="-1.1954"/>
  </node>
  <node id="344" lat="36.84388936743" lon="128.09270022383">
    <tag k="local_x" v="12.0919"/>
    <tag k="local_y" v="35.0171"/>
    <tag k="ele" v="-1.2049"/>
  </node>
  <node id="345" lat="36.84388447067" lon="128.09269989182">
    <tag k="local_x" v="12.0623"/>
    <tag k="local_y" v="34.4739"/>
    <tag k="ele" v="-1.2395"/>
  </node>
  <node id="346" lat="36.84387933501" lon="128.09269928054">
    <tag k="local_x" v="12.0078"/>
    <tag k="local_y" v="33.9042"/>
    <tag k="ele" v="-1.2395"/>
  </node>
  <node id="347" lat="36.84389911681" lon="128.09268986803">
    <tag k="local_x" v="11.1686"/>
    <tag k="local_y" v="36.0986"/>
    <tag k="ele" v="-1.0762"/>
  </node>
  <node id="349" lat="36.84389307157" lon="128.09268959996">
    <tag k="local_x" v="11.1447"/>
    <tag k="local_y" v="35.428"/>
    <tag k="ele" v="-1.0385"/>
  </node>
  <node id="350" lat="36.84388764655" lon="128.09268879687">
    <tag k="local_x" v="11.0731"/>
    <tag k="local_y" v="34.8262"/>
    <tag k="ele" v="-0.9567"/>
  </node>
  <node id="351" lat="36.84388119295" lon="128.09268809025">
    <tag k="local_x" v="11.0101"/>
    <tag k="local_y" v="34.1103"/>
    <tag k="ele" v="-0.9629"/>
  </node>
  <node id="425" lat="36.84344790532" lon="128.09287328743">
    <tag k="local_x" v="27.522"/>
    <tag k="local_y" v="-13.9544"/>
    <tag k="ele" v="1.776"/>
  </node>
  <node id="426" lat="36.84345496919" lon="128.0928807607">
    <tag k="local_x" v="28.1883"/>
    <tag k="local_y" v="-13.1708"/>
    <tag k="ele" v="1.7663"/>
  </node>
  <node id="434" lat="36.8434318844" lon="128.09289095597">
    <tag k="local_x" v="29.0973"/>
    <tag k="local_y" v="-15.7316"/>
    <tag k="ele" v="1.9036"/>
  </node>
  <node id="435" lat="36.84342218008" lon="128.09290181864">
    <tag k="local_x" v="30.0658"/>
    <tag k="local_y" v="-16.8081"/>
    <tag k="ele" v="2.0022"/>
  </node>
  <node id="437" lat="36.84343694521" lon="128.09290007237">
    <tag k="local_x" v="29.9101"/>
    <tag k="local_y" v="-15.1702"/>
    <tag k="ele" v="1.7973"/>
  </node>
  <node id="438" lat="36.84342770335" lon="128.09291059296">
    <tag k="local_x" v="30.8481"/>
    <tag k="local_y" v="-16.1954"/>
    <tag k="ele" v="1.9796"/>
  </node>
  <node id="565" lat="36.84345027164" lon="128.092885938">
    <tag k="local_x" v="28.6499"/>
    <tag k="local_y" v="-13.6919"/>
    <tag k="ele" v="1.7441"/>
  </node>
  <node id="568" lat="36.84344306439" lon="128.09289353234">
    <tag k="local_x" v="29.327"/>
    <tag k="local_y" v="-14.4914"/>
    <tag k="ele" v="1.7786"/>
  </node>
  <node id="569" lat="36.84344424355" lon="128.09287757306">
    <tag k="local_x" v="27.9041"/>
    <tag k="local_y" v="-14.3606"/>
    <tag k="ele" v="1.8101"/>
  </node>
  <node id="572" lat="36.84343711473" lon="128.09288561268">
    <tag k="local_x" v="28.6209"/>
    <tag k="local_y" v="-15.1514"/>
    <tag k="ele" v="1.8731"/>
  </node>
  <node id="606" lat="36.84342715169" lon="128.09289622748">
    <tag k="local_x" v="29.5673"/>
    <tag k="local_y" v="-16.2566"/>
    <tag k="ele" v="1.9582"/>
  </node>
  <node id="607" lat="36.84343284623" lon="128.09290482122">
    <tag k="local_x" v="30.3335"/>
    <tag k="local_y" v="-15.6249"/>
    <tag k="ele" v="1.8954"/>
  </node>
  <node id="653" lat="36.84336644631" lon="128.09276124474">
    <tag k="local_x" v="17.5325"/>
    <tag k="local_y" v="-22.9907"/>
    <tag k="ele" v="3.7687"/>
  </node>
  <node id="656" lat="36.84335698182" lon="128.0927582164">
    <tag k="local_x" v="17.2625"/>
    <tag k="local_y" v="-24.0406"/>
    <tag k="ele" v="3.7477"/>
  </node>
  <node id="680" lat="36.84338775705" lon="128.09271948309">
    <tag k="local_x" v="13.8091"/>
    <tag k="local_y" v="-20.6267"/>
    <tag k="ele" v="3.623"/>
  </node>
  <node id="681" lat="36.84339319651" lon="128.09271302043">
    <tag k="local_x" v="13.2329"/>
    <tag k="local_y" v="-20.0233"/>
    <tag k="ele" v="3.6688"/>
  </node>
  <node id="683" lat="36.84338178755" lon="128.09271164084">
    <tag k="local_x" v="13.1099"/>
    <tag k="local_y" v="-21.2889"/>
    <tag k="ele" v="3.5654"/>
  </node>
  <node id="684" lat="36.84338842145" lon="128.09270448727">
    <tag k="local_x" v="12.4721"/>
    <tag k="local_y" v="-20.553"/>
    <tag k="ele" v="3.5566"/>
  </node>
  <node id="687" lat="36.84339891452" lon="128.09270717353">
    <tag k="local_x" v="12.7116"/>
    <tag k="local_y" v="-19.389"/>
    <tag k="ele" v="3.6576"/>
  </node>
  <node id="688" lat="36.84339492554" lon="128.09269827585">
    <tag k="local_x" v="11.9183"/>
    <tag k="local_y" v="-19.8315"/>
    <tag k="ele" v="3.5543"/>
  </node>
  <node id="689" lat="36.84336934004" lon="128.09275283611">
    <tag k="local_x" v="16.7828"/>
    <tag k="local_y" v="-22.6697"/>
    <tag k="ele" v="3.7319"/>
  </node>
  <node id="691" lat="36.84335882803" lon="128.09275193319">
    <tag k="local_x" v="16.7023"/>
    <tag k="local_y" v="-23.8358"/>
    <tag k="ele" v="3.6888"/>
  </node>
  <node id="696" lat="36.84336123045" lon="128.09274510152">
    <tag k="local_x" v="16.0932"/>
    <tag k="local_y" v="-23.5693"/>
    <tag k="ele" v="3.6248"/>
  </node>
  <node id="697" lat="36.84336338497" lon="128.09273744099">
    <tag k="local_x" v="15.4102"/>
    <tag k="local_y" v="-23.3303"/>
    <tag k="ele" v="3.6547"/>
  </node>
  <node id="699" lat="36.84337138728" lon="128.09274541223">
    <tag k="local_x" v="16.1209"/>
    <tag k="local_y" v="-22.4426"/>
    <tag k="ele" v="3.6704"/>
  </node>
  <node id="700" lat="36.84337316949" lon="128.09273963711">
    <tag k="local_x" v="15.606"/>
    <tag k="local_y" v="-22.2449"/>
    <tag k="ele" v="3.6499"/>
  </node>
  <node id="733" lat="36.84397879114" lon="128.09243529068">
    <tag k="local_x" v="-11.5289"/>
    <tag k="local_y" v="44.9369"/>
    <tag k="ele" v="-1.2056"/>
  </node>
  <node id="734" lat="36.84397982062" lon="128.09244474361">
    <tag k="local_x" v="-10.6861"/>
    <tag k="local_y" v="45.0511"/>
    <tag k="ele" v="-1.1752"/>
  </node>
  <node id="735" lat="36.8439808483" lon="128.09245540339">
    <tag k="local_x" v="-9.7357"/>
    <tag k="local_y" v="45.1651"/>
    <tag k="ele" v="-1.1814"/>
  </node>
  <node id="737" lat="36.84398146672" lon="128.09246335897">
    <tag k="local_x" v="-9.0264"/>
    <tag k="local_y" v="45.2337"/>
    <tag k="ele" v="-1.1498"/>
  </node>
  <node id="738" lat="36.8439820031" lon="128.09247236774">
    <tag k="local_x" v="-8.2232"/>
    <tag k="local_y" v="45.2932"/>
    <tag k="ele" v="-1.1548"/>
  </node>
  <node id="739" lat="36.84398268641" lon="128.09248021453">
    <tag k="local_x" v="-7.5236"/>
    <tag k="local_y" v="45.369"/>
    <tag k="ele" v="-1.1544"/>
  </node>
  <node id="740" lat="36.84398315969" lon="128.09248797719">
    <tag k="local_x" v="-6.8315"/>
    <tag k="local_y" v="45.4215"/>
    <tag k="ele" v="-1.1182"/>
  </node>
  <node id="741" lat="36.84395886151" lon="128.0924327155">
    <tag k="local_x" v="-11.7585"/>
    <tag k="local_y" v="42.7261"/>
    <tag k="ele" v="-1.0918"/>
  </node>
  <node id="742" lat="36.84395984952" lon="128.09244085053">
    <tag k="local_x" v="-11.0332"/>
    <tag k="local_y" v="42.8357"/>
    <tag k="ele" v="-1.0799"/>
  </node>
  <node id="743" lat="36.84396085196" lon="128.09244898781">
    <tag k="local_x" v="-10.3077"/>
    <tag k="local_y" v="42.9469"/>
    <tag k="ele" v="-1.0673"/>
  </node>
  <node id="744" lat="36.84396182556" lon="128.09245714079">
    <tag k="local_x" v="-9.5808"/>
    <tag k="local_y" v="43.0549"/>
    <tag k="ele" v="-1.0609"/>
  </node>
  <node id="745" lat="36.84396280996" lon="128.09246527022">
    <tag k="local_x" v="-8.856"/>
    <tag k="local_y" v="43.1641"/>
    <tag k="ele" v="-1.0689"/>
  </node>
  <node id="746" lat="36.84396370062" lon="128.09247344339">
    <tag k="local_x" v="-8.1273"/>
    <tag k="local_y" v="43.2629"/>
    <tag k="ele" v="-1.0627"/>
  </node>
  <node id="747" lat="36.84396451916" lon="128.09248161656">
    <tag k="local_x" v="-7.3986"/>
    <tag k="local_y" v="43.3537"/>
    <tag k="ele" v="-1.0672"/>
  </node>
  <node id="748" lat="36.84396526828" lon="128.09248978973">
    <tag k="local_x" v="-6.6699"/>
    <tag k="local_y" v="43.4368"/>
    <tag k="ele" v="-1.0468"/>
  </node>
  <node id="755" lat="36.84397355897" lon="128.09239287251">
    <tag k="local_x" v="-15.3108"/>
    <tag k="local_y" v="44.3565"/>
    <tag k="ele" v="-1.2093"/>
  </node>
  <node id="757" lat="36.84395447762" lon="128.09239255065">
    <tag k="local_x" v="-15.3395"/>
    <tag k="local_y" v="42.2398"/>
    <tag k="ele" v="-1.2038"/>
  </node>
  <node id="762" lat="36.84397504731" lon="128.09240247125">
    <tag k="local_x" v="-14.455"/>
    <tag k="local_y" v="44.5216"/>
    <tag k="ele" v="-1.2377"/>
  </node>
  <node id="766" lat="36.84395340121" lon="128.09235311485">
    <tag k="local_x" v="-18.8555"/>
    <tag k="local_y" v="42.1204"/>
    <tag k="ele" v="-0.8237"/>
  </node>
  <node id="767" lat="36.8439605174" lon="128.09236099751">
    <tag k="local_x" v="-18.1527"/>
    <tag k="local_y" v="42.9098"/>
    <tag k="ele" v="-0.834"/>
  </node>
  <node id="769" lat="36.84396501934" lon="128.09236901925">
    <tag k="local_x" v="-17.4375"/>
    <tag k="local_y" v="43.4092"/>
    <tag k="ele" v="-0.9281"/>
  </node>
  <node id="772" lat="36.84396854859" lon="128.09237709596">
    <tag k="local_x" v="-16.7174"/>
    <tag k="local_y" v="43.8007"/>
    <tag k="ele" v="-1.0477"/>
  </node>
  <node id="777" lat="36.84394911207" lon="128.09237804152">
    <tag k="local_x" v="-16.6331"/>
    <tag k="local_y" v="41.6446"/>
    <tag k="ele" v="-0.9701"/>
  </node>
  <node id="784" lat="36.84395591638" lon="128.09240410884">
    <tag k="local_x" v="-14.309"/>
    <tag k="local_y" v="42.3994"/>
    <tag k="ele" v="-1.1152"/>
  </node>
  <node id="785" lat="36.84395711174" lon="128.0924159979">
    <tag k="local_x" v="-13.249"/>
    <tag k="local_y" v="42.532"/>
    <tag k="ele" v="-1.1025"/>
  </node>
  <node id="786" lat="36.84397593706" lon="128.09240900014">
    <tag k="local_x" v="-13.8729"/>
    <tag k="local_y" v="44.6203"/>
    <tag k="ele" v="-1.2392"/>
  </node>
  <node id="787" lat="36.84397709095" lon="128.09241901836">
    <tag k="local_x" v="-12.9797"/>
    <tag k="local_y" v="44.7483"/>
    <tag k="ele" v="-1.2201"/>
  </node>
  <node id="788" lat="36.84396575057" lon="128.0924950927">
    <tag k="local_x" v="-6.1971"/>
    <tag k="local_y" v="43.4903"/>
    <tag k="ele" v="-1.0461"/>
  </node>
  <node id="789" lat="36.84398353651" lon="128.09249340803">
    <tag k="local_x" v="-6.3473"/>
    <tag k="local_y" v="45.4633"/>
    <tag k="ele" v="-1.1057"/>
  </node>
  <node id="790" lat="36.84396655919" lon="128.09251006171">
    <tag k="local_x" v="-4.8625"/>
    <tag k="local_y" v="43.58"/>
    <tag k="ele" v="-1.07"/>
  </node>
  <node id="791" lat="36.84398494821" lon="128.09250747751">
    <tag k="local_x" v="-5.0929"/>
    <tag k="local_y" v="45.6199"/>
    <tag k="ele" v="-1.1525"/>
  </node>
  <node id="792" lat="36.84397051394" lon="128.09256235566">
    <tag k="local_x" v="-0.2001"/>
    <tag k="local_y" v="44.0187"/>
    <tag k="ele" v="-1.1399"/>
  </node>
  <node id="793" lat="36.84397175886" lon="128.09258007261">
    <tag k="local_x" v="1.3795"/>
    <tag k="local_y" v="44.1568"/>
    <tag k="ele" v="-1.1309"/>
  </node>
  <node id="794" lat="36.84397284783" lon="128.09259707174">
    <tag k="local_x" v="2.8951"/>
    <tag k="local_y" v="44.2776"/>
    <tag k="ele" v="-1.1407"/>
  </node>
  <node id="795" lat="36.84398905711" lon="128.09256064857">
    <tag k="local_x" v="-0.3523"/>
    <tag k="local_y" v="46.0757"/>
    <tag k="ele" v="-1.1632"/>
  </node>
  <node id="796" lat="36.84398995317" lon="128.09257799651">
    <tag k="local_x" v="1.1944"/>
    <tag k="local_y" v="46.1751"/>
    <tag k="ele" v="-1.1424"/>
  </node>
  <node id="797" lat="36.84398940507" lon="128.09259412864">
    <tag k="local_x" v="2.6327"/>
    <tag k="local_y" v="46.1143"/>
    <tag k="ele" v="-1.0729"/>
  </node>
  <node id="798" lat="36.84398562522" lon="128.09251561816">
    <tag k="local_x" v="-4.3671"/>
    <tag k="local_y" v="45.695"/>
    <tag k="ele" v="-1.1608"/>
  </node>
  <node id="799" lat="36.84398659159" lon="128.09252655946">
    <tag k="local_x" v="-3.3916"/>
    <tag k="local_y" v="45.8022"/>
    <tag k="ele" v="-1.1765"/>
  </node>
  <node id="800" lat="36.84396708836" lon="128.09251732189">
    <tag k="local_x" v="-4.2152"/>
    <tag k="local_y" v="43.6387"/>
    <tag k="ele" v="-1.0869"/>
  </node>
  <node id="801" lat="36.84396811603" lon="128.09252828675">
    <tag k="local_x" v="-3.2376"/>
    <tag k="local_y" v="43.7527"/>
    <tag k="ele" v="-1.1317"/>
  </node>
  <node id="807" lat="36.84367623823" lon="128.09251648872">
    <tag k="local_x" v="-4.2895"/>
    <tag k="local_y" v="11.3746"/>
    <tag k="ele" v="2.4068"/>
  </node>
  <node id="808" lat="36.84368979899" lon="128.09250865654">
    <tag k="local_x" v="-4.9878"/>
    <tag k="local_y" v="12.8789"/>
    <tag k="ele" v="2.2359"/>
  </node>
  <node id="809" lat="36.84370029837" lon="128.09250166219">
    <tag k="local_x" v="-5.6114"/>
    <tag k="local_y" v="14.0436"/>
    <tag k="ele" v="2.0543"/>
  </node>
  <node id="810" lat="36.84367235651" lon="128.09250623612">
    <tag k="local_x" v="-5.2036"/>
    <tag k="local_y" v="10.944"/>
    <tag k="ele" v="2.3768"/>
  </node>
  <node id="811" lat="36.84368576943" lon="128.09249796539">
    <tag k="local_x" v="-5.941"/>
    <tag k="local_y" v="12.4319"/>
    <tag k="ele" v="2.1971"/>
  </node>
  <node id="812" lat="36.84369588659" lon="128.09249124472">
    <tag k="local_x" v="-6.5402"/>
    <tag k="local_y" v="13.5542"/>
    <tag k="ele" v="2.0216"/>
  </node>
  <node id="816" lat="36.84340495796" lon="128.09270214203">
    <tag k="local_x" v="12.263"/>
    <tag k="local_y" v="-18.7186"/>
    <tag k="ele" v="3.7007"/>
  </node>
  <node id="821" lat="36.8434102649" lon="128.0926998708">
    <tag k="local_x" v="12.0605"/>
    <tag k="local_y" v="-18.1299"/>
    <tag k="ele" v="3.6381"/>
  </node>
  <node id="822" lat="36.8434025826" lon="128.09269277105">
    <tag k="local_x" v="11.4275"/>
    <tag k="local_y" v="-18.9821"/>
    <tag k="ele" v="3.4245"/>
  </node>
  <node id="841" lat="36.84337577924" lon="128.0927346415">
    <tag k="local_x" v="15.1606"/>
    <tag k="local_y" v="-21.9554"/>
    <tag k="ele" v="3.6222"/>
  </node>
  <node id="842" lat="36.84337972136" lon="128.09272999023">
    <tag k="local_x" v="14.7459"/>
    <tag k="local_y" v="-21.5181"/>
    <tag k="ele" v="3.6195"/>
  </node>
  <node id="843" lat="36.8433841656" lon="128.09272441027">
    <tag k="local_x" v="14.2484"/>
    <tag k="local_y" v="-21.0251"/>
    <tag k="ele" v="3.5983"/>
  </node>
  <node id="844" lat="36.84336635351" lon="128.09273089421">
    <tag k="local_x" v="14.8265"/>
    <tag k="local_y" v="-23.001"/>
    <tag k="ele" v="3.5586"/>
  </node>
  <node id="845" lat="36.84337035693" lon="128.09272436314">
    <tag k="local_x" v="14.2442"/>
    <tag k="local_y" v="-22.5569"/>
    <tag k="ele" v="3.5729"/>
  </node>
  <node id="846" lat="36.8433762922" lon="128.09271742268">
    <tag k="local_x" v="13.6254"/>
    <tag k="local_y" v="-21.8985"/>
    <tag k="ele" v="3.5666"/>
  </node>
  <node id="865" lat="36.84340787692" lon="128.0926901252">
    <tag k="local_x" v="11.1916"/>
    <tag k="local_y" v="-18.3948"/>
    <tag k="ele" v="3.3875"/>
  </node>
  <node id="868" lat="36.84341458202" lon="128.09269839478">
    <tag k="local_x" v="11.9289"/>
    <tag k="local_y" v="-17.651"/>
    <tag k="ele" v="3.592"/>
  </node>
  <node id="869" lat="36.84341254292" lon="128.0926879392">
    <tag k="local_x" v="10.9967"/>
    <tag k="local_y" v="-17.8772"/>
    <tag k="ele" v="3.3486"/>
  </node>
  <node id="875" lat="36.84341664189" lon="128.09268548514">
    <tag k="local_x" v="10.7779"/>
    <tag k="local_y" v="-17.4225"/>
    <tag k="ele" v="3.3247"/>
  </node>
  <node id="876" lat="36.84342161979" lon="128.09268284602">
    <tag k="local_x" v="10.5426"/>
    <tag k="local_y" v="-16.8703"/>
    <tag k="ele" v="3.3092"/>
  </node>
  <node id="877" lat="36.84341993854" lon="128.09269550666">
    <tag k="local_x" v="11.6714"/>
    <tag k="local_y" v="-17.0568"/>
    <tag k="ele" v="3.5629"/>
  </node>
  <node id="878" lat="36.843424765" lon="128.09269222374">
    <tag k="local_x" v="11.3787"/>
    <tag k="local_y" v="-16.5214"/>
    <tag k="ele" v="3.5227"/>
  </node>
  <node id="879" lat="36.84342981051" lon="128.09268919206">
    <tag k="local_x" v="11.1084"/>
    <tag k="local_y" v="-15.9617"/>
    <tag k="ele" v="3.4826"/>
  </node>
  <node id="882" lat="36.84342735132" lon="128.09267951263">
    <tag k="local_x" v="10.2454"/>
    <tag k="local_y" v="-16.2345"/>
    <tag k="ele" v="3.2853"/>
  </node>
  <node id="896" lat="36.84343295664" lon="128.09267620055">
    <tag k="local_x" v="9.9501"/>
    <tag k="local_y" v="-15.6127"/>
    <tag k="ele" v="3.2726"/>
  </node>
  <node id="898" lat="36.84343635787" lon="128.09268546274">
    <tag k="local_x" v="10.7759"/>
    <tag k="local_y" v="-15.2354"/>
    <tag k="ele" v="3.376"/>
  </node>
  <node id="899" lat="36.84352500996" lon="128.09262554345">
    <tag k="local_x" v="5.4336"/>
    <tag k="local_y" v="-5.4012"/>
    <tag k="ele" v="3.1867"/>
  </node>
  <node id="901" lat="36.84351936228" lon="128.09261744996">
    <tag k="local_x" v="4.712"/>
    <tag k="local_y" v="-6.0277"/>
    <tag k="ele" v="3.1988"/>
  </node>
  <node id="905" lat="36.8435236785" lon="128.09261337742">
    <tag k="local_x" v="4.3489"/>
    <tag k="local_y" v="-5.5489"/>
    <tag k="ele" v="3.2871"/>
  </node>
  <node id="906" lat="36.8435313617" lon="128.09261937239">
    <tag k="local_x" v="4.8834"/>
    <tag k="local_y" v="-4.6966"/>
    <tag k="ele" v="3.2157"/>
  </node>
  <node id="909" lat="36.84353001311" lon="128.09260722991">
    <tag k="local_x" v="3.8008"/>
    <tag k="local_y" v="-4.8462"/>
    <tag k="ele" v="3.2365"/>
  </node>
  <node id="910" lat="36.84353683901" lon="128.09261358717">
    <tag k="local_x" v="4.3676"/>
    <tag k="local_y" v="-4.089"/>
    <tag k="ele" v="3.2232"/>
  </node>
  <node id="911" lat="36.84353414994" lon="128.0926027177">
    <tag k="local_x" v="3.3985"/>
    <tag k="local_y" v="-4.3873"/>
    <tag k="ele" v="3.194"/>
  </node>
  <node id="912" lat="36.84354211169" lon="128.09260792531">
    <tag k="local_x" v="3.8628"/>
    <tag k="local_y" v="-3.5041"/>
    <tag k="ele" v="3.208"/>
  </node>
  <node id="917" lat="36.84356831103" lon="128.09258831408">
    <tag k="local_x" v="2.1143"/>
    <tag k="local_y" v="-0.5978"/>
    <tag k="ele" v="3.0655"/>
  </node>
  <node id="919" lat="36.84356443563" lon="128.09257936704">
    <tag k="local_x" v="1.3166"/>
    <tag k="local_y" v="-1.0277"/>
    <tag k="ele" v="3.0334"/>
  </node>
  <node id="924" lat="36.84357381719" lon="128.09258442436">
    <tag k="local_x" v="1.7675"/>
    <tag k="local_y" v="0.013"/>
    <tag k="ele" v="3.0256"/>
  </node>
  <node id="925" lat="36.84356987327" lon="128.09257489521">
    <tag k="local_x" v="0.9179"/>
    <tag k="local_y" v="-0.4245"/>
    <tag k="ele" v="2.9982"/>
  </node>
  <node id="927" lat="36.84357446625" lon="128.0925714059">
    <tag k="local_x" v="0.6068"/>
    <tag k="local_y" v="0.085"/>
    <tag k="ele" v="2.9817"/>
  </node>
  <node id="928" lat="36.84357875633" lon="128.09258043481">
    <tag k="local_x" v="1.4118"/>
    <tag k="local_y" v="0.5609"/>
    <tag k="ele" v="3.2338"/>
  </node>
  <node id="937" lat="36.84354603127" lon="128.09260488128">
    <tag k="local_x" v="3.5914"/>
    <tag k="local_y" v="-3.0693"/>
    <tag k="ele" v="3.208"/>
  </node>
  <node id="938" lat="36.84355039437" lon="128.09260170939">
    <tag k="local_x" v="3.3086"/>
    <tag k="local_y" v="-2.5853"/>
    <tag k="ele" v="3.1781"/>
  </node>
  <node id="939" lat="36.84354025738" lon="128.09259740467">
    <tag k="local_x" v="2.9248"/>
    <tag k="local_y" v="-3.7098"/>
    <tag k="ele" v="3.1608"/>
  </node>
  <node id="940" lat="36.84354607635" lon="128.09259336914">
    <tag k="local_x" v="2.565"/>
    <tag k="local_y" v="-3.0643"/>
    <tag k="ele" v="3.1465"/>
  </node>
  <node id="944" lat="36.84358373062" lon="128.09256473011">
    <tag k="local_x" v="0.0116"/>
    <tag k="local_y" v="1.1127"/>
    <tag k="ele" v="2.9174"/>
  </node>
  <node id="945" lat="36.84358902764" lon="128.09256088188">
    <tag k="local_x" v="-0.3315"/>
    <tag k="local_y" v="1.7003"/>
    <tag k="ele" v="3.1498"/>
  </node>
  <node id="946" lat="36.84358652787" lon="128.09257454527">
    <tag k="local_x" v="0.8867"/>
    <tag k="local_y" v="1.423"/>
    <tag k="ele" v="2.9766"/>
  </node>
  <node id="957" lat="36.84359917365" lon="128.09255185633">
    <tag k="local_x" v="-1.1362"/>
    <tag k="local_y" v="2.8258"/>
    <tag k="ele" v="3.1048"/>
  </node>
  <node id="958" lat="36.84360327983" lon="128.09254915214">
    <tag k="local_x" v="-1.3773"/>
    <tag k="local_y" v="3.2813"/>
    <tag k="ele" v="3.0762"/>
  </node>
  <node id="959" lat="36.8435983452" lon="128.09256510921">
    <tag k="local_x" v="0.0454"/>
    <tag k="local_y" v="2.7339"/>
    <tag k="ele" v="3.1348"/>
  </node>
  <node id="961" lat="36.8436031996" lon="128.09256097497">
    <tag k="local_x" v="-0.3232"/>
    <tag k="local_y" v="3.2724"/>
    <tag k="ele" v="3.104"/>
  </node>
  <node id="962" lat="36.84360716425" lon="128.09255769091">
    <tag k="local_x" v="-0.616"/>
    <tag k="local_y" v="3.7122"/>
    <tag k="ele" v="3.0856"/>
  </node>
  <node id="1126" lat="36.84395512218" lon="128.09240103787">
    <tag k="local_x" v="-14.5828"/>
    <tag k="local_y" v="42.3113"/>
    <tag k="ele" v="-1.0565"/>
  </node>
  <node id="1127" lat="36.84395663128" lon="128.09242925533">
    <tag k="local_x" v="-12.067"/>
    <tag k="local_y" v="42.4787"/>
    <tag k="ele" v="-1.0227"/>
  </node>
  <node id="1129" lat="36.84395918786" lon="128.09245689965">
    <tag k="local_x" v="-9.6023"/>
    <tag k="local_y" v="42.7623"/>
    <tag k="ele" v="-1.0511"/>
  </node>
  <node id="1130" lat="36.84396169576" lon="128.09248306905">
    <tag k="local_x" v="-7.2691"/>
    <tag k="local_y" v="43.0405"/>
    <tag k="ele" v="-1.0165"/>
  </node>
  <node id="1131" lat="36.84396330399" lon="128.09249538208">
    <tag k="local_x" v="-6.1713"/>
    <tag k="local_y" v="43.2189"/>
    <tag k="ele" v="-1.0433"/>
  </node>
  <node id="1132" lat="36.84396468955" lon="128.09251217146">
    <tag k="local_x" v="-4.6744"/>
    <tag k="local_y" v="43.3726"/>
    <tag k="ele" v="-1.0959"/>
  </node>
  <node id="1133" lat="36.84396606159" lon="128.0925284707">
    <tag k="local_x" v="-3.2212"/>
    <tag k="local_y" v="43.5248"/>
    <tag k="ele" v="-1.1176"/>
  </node>
  <node id="1134" lat="36.84396933843" lon="128.09255408827">
    <tag k="local_x" v="-0.9372"/>
    <tag k="local_y" v="43.8883"/>
    <tag k="ele" v="-1.1517"/>
  </node>
  <node id="1135" lat="36.84397136763" lon="128.09257831393">
    <tag k="local_x" v="1.2227"/>
    <tag k="local_y" v="44.1134"/>
    <tag k="ele" v="-1.1384"/>
  </node>
  <node id="1136" lat="36.84397254043" lon="128.09260006643">
    <tag k="local_x" v="3.1621"/>
    <tag k="local_y" v="44.2435"/>
    <tag k="ele" v="-1.0759"/>
  </node>
  <node id="1137" lat="36.84397387278" lon="128.09263990491">
    <tag k="local_x" v="6.714"/>
    <tag k="local_y" v="44.3913"/>
    <tag k="ele" v="-0.9427"/>
  </node>
  <node id="1138" lat="36.84393974776" lon="128.0926425429">
    <tag k="local_x" v="6.9492"/>
    <tag k="local_y" v="40.6058"/>
    <tag k="ele" v="-1.2727"/>
  </node>
  <node id="1139" lat="36.84393623115" lon="128.09262258946">
    <tag k="local_x" v="5.1702"/>
    <tag k="local_y" v="40.2157"/>
    <tag k="ele" v="-1.3751"/>
  </node>
  <node id="1140" lat="36.84392970725" lon="128.09256229846">
    <tag k="local_x" v="-0.2052"/>
    <tag k="local_y" v="39.492"/>
    <tag k="ele" v="-1.1845"/>
  </node>
  <node id="1141" lat="36.84392779253" lon="128.09253484258">
    <tag k="local_x" v="-2.6531"/>
    <tag k="local_y" v="39.2796"/>
    <tag k="ele" v="-1.17"/>
  </node>
  <node id="1142" lat="36.84392332304" lon="128.09249727652">
    <tag k="local_x" v="-6.0024"/>
    <tag k="local_y" v="38.7838"/>
    <tag k="ele" v="-1.0178"/>
  </node>
  <node id="1143" lat="36.84391640062" lon="128.09243424993">
    <tag k="local_x" v="-11.6217"/>
    <tag k="local_y" v="38.0159"/>
    <tag k="ele" v="-0.7806"/>
  </node>
  <node id="1144" lat="36.84391254682" lon="128.09240570386">
    <tag k="local_x" v="-14.1668"/>
    <tag k="local_y" v="37.5884"/>
    <tag k="ele" v="-0.814"/>
  </node>
  <node id="1145" lat="36.84395487248" lon="128.09240129248">
    <tag k="local_x" v="-14.5601"/>
    <tag k="local_y" v="42.2836"/>
    <tag k="ele" v="-1.0565"/>
  </node>
  <node id="1208" lat="36.84385736724" lon="128.09253748848">
    <tag k="local_x" v="-2.4172"/>
    <tag k="local_y" v="31.4673"/>
    <tag k="ele" v="0.3245"/>
  </node>
  <node id="1212" lat="36.84386965333" lon="128.09258233936">
    <tag k="local_x" v="1.5816"/>
    <tag k="local_y" v="32.8302"/>
    <tag k="ele" v="0.0601"/>
  </node>
  <node id="1213" lat="36.84379982752" lon="128.09261413356">
    <tag k="local_x" v="4.4163"/>
    <tag k="local_y" v="25.0844"/>
    <tag k="ele" v="0.4409"/>
  </node>
  <node id="1217" lat="36.84378570425" lon="128.09257094718">
    <tag k="local_x" v="0.5659"/>
    <tag k="local_y" v="23.5177"/>
    <tag k="ele" v="0.5123"/>
  </node>
  <node id="1218" lat="36.84385755565" lon="128.09253685141">
    <tag k="local_x" v="-2.474"/>
    <tag k="local_y" v="31.4882"/>
    <tag k="ele" v="0.3434"/>
  </node>
  <node id="1222" lat="36.84377812921" lon="128.09262674041">
    <tag k="local_x" v="5.5403"/>
    <tag k="local_y" v="22.6774"/>
    <tag k="ele" v="0.5367"/>
  </node>
  <node id="1225" lat="36.84379529761" lon="128.09267436724">
    <tag k="local_x" v="9.7866"/>
    <tag k="local_y" v="24.5819"/>
    <tag k="ele" v="0.4021"/>
  </node>
  <node id="1226" lat="36.84375312066" lon="128.0926941871">
    <tag k="local_x" v="11.5537"/>
    <tag k="local_y" v="19.9032"/>
    <tag k="ele" v="0.478"/>
  </node>
  <node id="1230" lat="36.84373728103" lon="128.09264748337">
    <tag k="local_x" v="7.3897"/>
    <tag k="local_y" v="18.1461"/>
    <tag k="ele" v="0.5932"/>
  </node>
  <node id="1231" lat="36.84377829327" lon="128.09262606632">
    <tag k="local_x" v="5.4802"/>
    <tag k="local_y" v="22.6956"/>
    <tag k="ele" v="0.5263"/>
  </node>
  <node id="1234" lat="36.84372965552" lon="128.0926507921">
    <tag k="local_x" v="7.6847"/>
    <tag k="local_y" v="17.3002"/>
    <tag k="ele" v="0.7272"/>
  </node>
  <node id="1237" lat="36.84374460901" lon="128.09269691708">
    <tag k="local_x" v="11.7971"/>
    <tag k="local_y" v="18.959"/>
    <tag k="ele" v="0.1491"/>
  </node>
  <node id="1238" lat="36.84369854583" lon="128.09271980113">
    <tag k="local_x" v="13.8374"/>
    <tag k="local_y" v="13.8492"/>
    <tag k="ele" v="1.0084"/>
  </node>
  <node id="1242" lat="36.84368316236" lon="128.09267273627">
    <tag k="local_x" v="9.6412"/>
    <tag k="local_y" v="12.1427"/>
    <tag k="ele" v="1.0131"/>
  </node>
  <node id="1243" lat="36.8437298295" lon="128.09265015279">
    <tag k="local_x" v="7.6277"/>
    <tag k="local_y" v="17.3195"/>
    <tag k="ele" v="0.7192"/>
  </node>
  <node id="1246" lat="36.84367608043" lon="128.09267718679">
    <tag k="local_x" v="10.038"/>
    <tag k="local_y" v="11.3571"/>
    <tag k="ele" v="0.9977"/>
  </node>
  <node id="1247" lat="36.84369112856" lon="128.09272386469">
    <tag k="local_x" v="14.1997"/>
    <tag k="local_y" v="13.0264"/>
    <tag k="ele" v="0.9624"/>
  </node>
  <node id="1248" lat="36.84364508792" lon="128.09274673749">
    <tag k="local_x" v="16.239"/>
    <tag k="local_y" v="7.9191"/>
    <tag k="ele" v="1.1432"/>
  </node>
  <node id="1251" lat="36.8436296107" lon="128.09269911859">
    <tag k="local_x" v="11.9934"/>
    <tag k="local_y" v="6.2022"/>
    <tag k="ele" v="1.1036"/>
  </node>
  <node id="1252" lat="36.84367625621" lon="128.0926765385">
    <tag k="local_x" v="9.9802"/>
    <tag k="local_y" v="11.3766"/>
    <tag k="ele" v="0.9967"/>
  </node>
  <node id="1255" lat="36.84361955393" lon="128.09270472323">
    <tag k="local_x" v="12.4931"/>
    <tag k="local_y" v="5.0866"/>
    <tag k="ele" v="1.0768"/>
  </node>
  <node id="1256" lat="36.84363413959" lon="128.09275231297">
    <tag k="local_x" v="16.7361"/>
    <tag k="local_y" v="6.7046"/>
    <tag k="ele" v="1.1355"/>
  </node>
  <node id="1257" lat="36.8435898541" lon="128.09277597871">
    <tag k="local_x" v="18.8461"/>
    <tag k="local_y" v="1.792"/>
    <tag k="ele" v="1.1926"/>
  </node>
  <node id="1260" lat="36.84357404064" lon="128.09272850565">
    <tag k="local_x" v="14.6135"/>
    <tag k="local_y" v="0.0378"/>
    <tag k="ele" v="1.0939"/>
  </node>
  <node id="1261" lat="36.84361973242" lon="128.09270406709">
    <tag k="local_x" v="12.4346"/>
    <tag k="local_y" v="5.1064"/>
    <tag k="ele" v="1.077"/>
  </node>
  <node id="1264" lat="36.84356990831" lon="128.09273150481">
    <tag k="local_x" v="14.8809"/>
    <tag k="local_y" v="-0.4206"/>
    <tag k="ele" v="1.1047"/>
  </node>
  <node id="1265" lat="36.8435858624" lon="128.09277834529">
    <tag k="local_x" v="19.0571"/>
    <tag k="local_y" v="1.3492"/>
    <tag k="ele" v="1.1844"/>
  </node>
  <node id="1266" lat="36.84353356375" lon="128.09280475106">
    <tag k="local_x" v="21.4114"/>
    <tag k="local_y" v="-4.4523"/>
    <tag k="ele" v="1.4436"/>
  </node>
  <node id="1269" lat="36.84351794052" lon="128.09275747991">
    <tag k="local_x" v="17.1968"/>
    <tag k="local_y" v="-6.1854"/>
    <tag k="ele" v="1.0483"/>
  </node>
  <node id="1270" lat="36.84357009672" lon="128.0927308397">
    <tag k="local_x" v="14.8216"/>
    <tag k="local_y" v="-0.3997"/>
    <tag k="ele" v="1.1105"/>
  </node>
  <node id="1273" lat="36.84350856706" lon="128.09276334138">
    <tag k="local_x" v="17.7194"/>
    <tag k="local_y" v="-7.2252"/>
    <tag k="ele" v="1.1715"/>
  </node>
  <node id="1274" lat="36.84352451031" lon="128.09280948083">
    <tag k="local_x" v="21.8331"/>
    <tag k="local_y" v="-5.4566"/>
    <tag k="ele" v="1.4124"/>
  </node>
  <node id="1275" lat="36.8434641336" lon="128.09284267896">
    <tag k="local_x" v="24.793"/>
    <tag k="local_y" v="-12.1542"/>
    <tag k="ele" v="1.5997"/>
  </node>
  <node id="1278" lat="36.84344947855" lon="128.09279768582">
    <tag k="local_x" v="20.7815"/>
    <tag k="local_y" v="-13.7799"/>
    <tag k="ele" v="1.3454"/>
  </node>
  <node id="1279" lat="36.84350873924" lon="128.09276271665">
    <tag k="local_x" v="17.6637"/>
    <tag k="local_y" v="-7.2061"/>
    <tag k="ele" v="1.1954"/>
  </node>
  <node id="1282" lat="36.84375103632" lon="128.09279156501">
    <tag k="local_x" v="20.2357"/>
    <tag k="local_y" v="19.672"/>
    <tag k="ele" v="1.0592"/>
  </node>
  <node id="1285" lat="36.84374305304" lon="128.09272937077">
    <tag k="local_x" v="14.6906"/>
    <tag k="local_y" v="18.7864"/>
    <tag k="ele" v="0.8794"/>
  </node>
  <node id="1286" lat="36.84378136089" lon="128.09271490884">
    <tag k="local_x" v="13.4012"/>
    <tag k="local_y" v="23.0359"/>
    <tag k="ele" v="0.2702"/>
  </node>
  <node id="1290" lat="36.84378672811" lon="128.09278200341">
    <tag k="local_x" v="19.3832"/>
    <tag k="local_y" v="23.6313"/>
    <tag k="ele" v="0.9529"/>
  </node>
  <node id="1291" lat="36.84375070909" lon="128.09279209104">
    <tag k="local_x" v="20.2826"/>
    <tag k="local_y" v="19.6357"/>
    <tag k="ele" v="1.0616"/>
  </node>
  <node id="1294" lat="36.84370440431" lon="128.09281139711">
    <tag k="local_x" v="22.0039"/>
    <tag k="local_y" v="14.4991"/>
    <tag k="ele" v="1.307"/>
  </node>
  <node id="1297" lat="36.84369536902" lon="128.09274896064">
    <tag k="local_x" v="16.4372"/>
    <tag k="local_y" v="13.4968"/>
    <tag k="ele" v="1.1629"/>
  </node>
  <node id="1298" lat="36.8437381166" lon="128.09273079968">
    <tag k="local_x" v="14.818"/>
    <tag k="local_y" v="18.2388"/>
    <tag k="ele" v="0.8816"/>
  </node>
  <node id="1302" lat="36.84374695809" lon="128.09279283017">
    <tag k="local_x" v="20.3485"/>
    <tag k="local_y" v="19.2196"/>
    <tag k="ele" v="1.1019"/>
  </node>
  <node id="1303" lat="36.84370417444" lon="128.09281203082">
    <tag k="local_x" v="22.0604"/>
    <tag k="local_y" v="14.4736"/>
    <tag k="ele" v="1.3209"/>
  </node>
  <node id="1306" lat="36.84365431425" lon="128.09283789712">
    <tag k="local_x" v="24.3666"/>
    <tag k="local_y" v="8.9426"/>
    <tag k="ele" v="1.4709"/>
  </node>
  <node id="1309" lat="36.84363640313" lon="128.09278018374">
    <tag k="local_x" v="19.221"/>
    <tag k="local_y" v="6.9557"/>
    <tag k="ele" v="1.1968"/>
  </node>
  <node id="1310" lat="36.84368063093" lon="128.09275645854">
    <tag k="local_x" v="17.1057"/>
    <tag k="local_y" v="11.8619"/>
    <tag k="ele" v="1.1753"/>
  </node>
  <node id="1314" lat="36.8436985024" lon="128.09281567938">
    <tag k="local_x" v="22.3857"/>
    <tag k="local_y" v="13.8444"/>
    <tag k="ele" v="1.3453"/>
  </node>
  <node id="1315" lat="36.84365412044" lon="128.09283854092">
    <tag k="local_x" v="24.424"/>
    <tag k="local_y" v="8.9211"/>
    <tag k="ele" v="1.4732"/>
  </node>
  <node id="1318" lat="36.84360835742" lon="128.09286287398">
    <tag k="local_x" v="26.5935"/>
    <tag k="local_y" v="3.8446"/>
    <tag k="ele" v="1.4882"/>
  </node>
  <node id="1321" lat="36.84358943756" lon="128.09280619923">
    <tag k="local_x" v="21.5405"/>
    <tag k="local_y" v="1.7458"/>
    <tag k="ele" v="1.1813"/>
  </node>
  <node id="1322" lat="36.84363083656" lon="128.09278362144">
    <tag k="local_x" v="19.5275"/>
    <tag k="local_y" v="6.3382"/>
    <tag k="ele" v="1.1916"/>
  </node>
  <node id="1326" lat="36.84364949951" lon="128.09284130454">
    <tag k="local_x" v="24.6704"/>
    <tag k="local_y" v="8.4085"/>
    <tag k="ele" v="1.4586"/>
  </node>
  <node id="1327" lat="36.84360818343" lon="128.09286351105">
    <tag k="local_x" v="26.6503"/>
    <tag k="local_y" v="3.8253"/>
    <tag k="ele" v="1.4872"/>
  </node>
  <node id="1330" lat="36.84355753355" lon="128.09289036205">
    <tag k="local_x" v="29.0443"/>
    <tag k="local_y" v="-1.7933"/>
    <tag k="ele" v="1.738"/>
  </node>
  <node id="1333" lat="36.84353800251" lon="128.09283424252">
    <tag k="local_x" v="24.0408"/>
    <tag k="local_y" v="-3.9599"/>
    <tag k="ele" v="1.3985"/>
  </node>
  <node id="1334" lat="36.84358384305" lon="128.09280999808">
    <tag k="local_x" v="21.8792"/>
    <tag k="local_y" v="1.1252"/>
    <tag k="ele" v="1.1676"/>
  </node>
  <node id="1338" lat="36.8436030685" lon="128.092866038">
    <tag k="local_x" v="26.8756"/>
    <tag k="local_y" v="3.2579"/>
    <tag k="ele" v="1.3459"/>
  </node>
  <node id="1339" lat="36.84355737399" lon="128.0928910294">
    <tag k="local_x" v="29.1038"/>
    <tag k="local_y" v="-1.811"/>
    <tag k="ele" v="1.7251"/>
  </node>
  <node id="1342" lat="36.84350938613" lon="128.0929191063">
    <tag k="local_x" v="31.6071"/>
    <tag k="local_y" v="-7.1343"/>
    <tag k="ele" v="1.6962"/>
  </node>
  <node id="1345" lat="36.84348846594" lon="128.09286417681">
    <tag k="local_x" v="26.7097"/>
    <tag k="local_y" v="-9.455"/>
    <tag k="ele" v="1.4764"/>
  </node>
  <node id="1346" lat="36.84353212133" lon="128.09283833523">
    <tag k="local_x" v="24.4057"/>
    <tag k="local_y" v="-4.6123"/>
    <tag k="ele" v="1.4338"/>
  </node>
  <node id="1350" lat="36.84355188585" lon="128.09289423605">
    <tag k="local_x" v="29.3897"/>
    <tag k="local_y" v="-2.4198"/>
    <tag k="ele" v="1.4663"/>
  </node>
  <node id="1351" lat="36.84350920944" lon="128.09291975907">
    <tag k="local_x" v="31.6653"/>
    <tag k="local_y" v="-7.1539"/>
    <tag k="ele" v="1.6949"/>
  </node>
  <node id="1354" lat="36.8440300531" lon="128.09262424727">
    <tag k="local_x" v="5.318"/>
    <tag k="local_y" v="50.6234"/>
    <tag k="ele" v="-1.1969"/>
  </node>
  <node id="1355" lat="36.84402731625" lon="128.09259484424">
    <tag k="local_x" v="2.6965"/>
    <tag k="local_y" v="50.3198"/>
    <tag k="ele" v="-1.2366"/>
  </node>
  <node id="1357" lat="36.84402489852" lon="128.09256791773">
    <tag k="local_x" v="0.2958"/>
    <tag k="local_y" v="50.0516"/>
    <tag k="ele" v="-1.2484"/>
  </node>
  <node id="1358" lat="36.84402161448" lon="128.09253926057">
    <tag k="local_x" v="-2.2592"/>
    <tag k="local_y" v="49.6873"/>
    <tag k="ele" v="-1.2913"/>
  </node>
  <node id="1359" lat="36.84401892359" lon="128.09251164651">
    <tag k="local_x" v="-4.7212"/>
    <tag k="local_y" v="49.3888"/>
    <tag k="ele" v="-1.2899"/>
  </node>
  <node id="1360" lat="36.84401593161" lon="128.0924833135">
    <tag k="local_x" v="-7.2473"/>
    <tag k="local_y" v="49.0569"/>
    <tag k="ele" v="-1.3395"/>
  </node>
  <node id="1361" lat="36.84401350664" lon="128.09245601911">
    <tag k="local_x" v="-9.6808"/>
    <tag k="local_y" v="48.7879"/>
    <tag k="ele" v="-1.3139"/>
  </node>
  <node id="1362" lat="36.84401079139" lon="128.09242768386">
    <tag k="local_x" v="-12.2071"/>
    <tag k="local_y" v="48.4867"/>
    <tag k="ele" v="-1.4004"/>
  </node>
  <node id="1363" lat="36.84400810319" lon="128.09240074839">
    <tag k="local_x" v="-14.6086"/>
    <tag k="local_y" v="48.1885"/>
    <tag k="ele" v="-1.4634"/>
  </node>
  <node id="1364" lat="36.8440051256" lon="128.09237315229">
    <tag k="local_x" v="-17.069"/>
    <tag k="local_y" v="47.8582"/>
    <tag k="ele" v="-1.393"/>
  </node>
  <node id="1365" lat="36.84400243377" lon="128.09234588033">
    <tag k="local_x" v="-19.5005"/>
    <tag k="local_y" v="47.5596"/>
    <tag k="ele" v="-1.1275"/>
  </node>
  <node id="1366" lat="36.84403698157" lon="128.09233904962">
    <tag k="local_x" v="-20.1095"/>
    <tag k="local_y" v="51.392"/>
    <tag k="ele" v="-1.2597"/>
  </node>
  <node id="1367" lat="36.84404168277" lon="128.09236908523">
    <tag k="local_x" v="-17.4316"/>
    <tag k="local_y" v="51.9135"/>
    <tag k="ele" v="-1.2199"/>
  </node>
  <node id="1368" lat="36.84404409424" lon="128.09239566741">
    <tag k="local_x" v="-15.0616"/>
    <tag k="local_y" v="52.181"/>
    <tag k="ele" v="-1.729"/>
  </node>
  <node id="1369" lat="36.84404763974" lon="128.09242326353">
    <tag k="local_x" v="-12.6012"/>
    <tag k="local_y" v="52.5743"/>
    <tag k="ele" v="-1.6969"/>
  </node>
  <node id="1370" lat="36.84404891354" lon="128.0924498816">
    <tag k="local_x" v="-10.228"/>
    <tag k="local_y" v="52.7156"/>
    <tag k="ele" v="-1.2522"/>
  </node>
  <node id="1371" lat="36.84405189291" lon="128.09247750913">
    <tag k="local_x" v="-7.7648"/>
    <tag k="local_y" v="53.0461"/>
    <tag k="ele" v="-1.5289"/>
  </node>
  <node id="1372" lat="36.84405517427" lon="128.09250545968">
    <tag k="local_x" v="-5.2728"/>
    <tag k="local_y" v="53.4101"/>
    <tag k="ele" v="-1.3438"/>
  </node>
  <node id="1373" lat="36.84405846463" lon="128.09253448137">
    <tag k="local_x" v="-2.6853"/>
    <tag k="local_y" v="53.7751"/>
    <tag k="ele" v="-1.4182"/>
  </node>
  <node id="1374" lat="36.84406029732" lon="128.09256038611">
    <tag k="local_x" v="-0.3757"/>
    <tag k="local_y" v="53.9784"/>
    <tag k="ele" v="-1.4134"/>
  </node>
  <node id="1375" lat="36.84406386172" lon="128.09259009535">
    <tag k="local_x" v="2.2731"/>
    <tag k="local_y" v="54.3738"/>
    <tag k="ele" v="-1.5491"/>
  </node>
  <node id="1376" lat="36.84406523915" lon="128.09262334104">
    <tag k="local_x" v="5.2372"/>
    <tag k="local_y" v="54.5266"/>
    <tag k="ele" v="-1.5932"/>
  </node>
  <node id="1377" lat="36.84403004228" lon="128.09262355075">
    <tag k="local_x" v="5.2559"/>
    <tag k="local_y" v="50.6222"/>
    <tag k="ele" v="-1.2024"/>
  </node>
  <node id="1407" lat="36.84332864655" lon="128.09291749485">
    <tag k="local_x" v="31.4635"/>
    <tag k="local_y" v="-27.1838"/>
    <tag k="ele" v="3.3474"/>
  </node>
  <node id="1408" lat="36.84324649836" lon="128.09298569221">
    <tag k="local_x" v="37.5439"/>
    <tag k="local_y" v="-36.2965"/>
    <tag k="ele" v="2.9558"/>
  </node>
  <node id="1410" lat="36.84334039255" lon="128.09295356334">
    <tag k="local_x" v="34.6793"/>
    <tag k="local_y" v="-25.8808"/>
    <tag k="ele" v="3.257"/>
  </node>
  <node id="1411" lat="36.84326615293" lon="128.09301528685">
    <tag k="local_x" v="40.1825"/>
    <tag k="local_y" v="-34.1162"/>
    <tag k="ele" v="2.8609"/>
  </node>
  <node id="1585" lat="36.84347454938" lon="128.09271177">
    <tag k="local_x" v="13.1214"/>
    <tag k="local_y" v="-10.9988"/>
    <tag k="ele" v="3.2911"/>
  </node>
  <node id="1586" lat="36.84345882959" lon="128.09272280766">
    <tag k="local_x" v="14.1055"/>
    <tag k="local_y" v="-12.7426"/>
    <tag k="ele" v="3.3221"/>
  </node>
  <node id="1587" lat="36.84349014206" lon="128.0927008501">
    <tag k="local_x" v="12.1478"/>
    <tag k="local_y" v="-9.2691"/>
    <tag k="ele" v="3.24"/>
  </node>
  <node id="1588" lat="36.84350612689" lon="128.09268964307">
    <tag k="local_x" v="11.1486"/>
    <tag k="local_y" v="-7.4959"/>
    <tag k="ele" v="3.1429"/>
  </node>
  <node id="1589" lat="36.84352150772" lon="128.09267886224">
    <tag k="local_x" v="10.1874"/>
    <tag k="local_y" v="-5.7897"/>
    <tag k="ele" v="3.0219"/>
  </node>
  <node id="1590" lat="36.84353827592" lon="128.09266713141">
    <tag k="local_x" v="9.1415"/>
    <tag k="local_y" v="-3.9296"/>
    <tag k="ele" v="3.118"/>
  </node>
  <node id="1598" lat="36.84344377688" lon="128.0927333406">
    <tag k="local_x" v="15.0446"/>
    <tag k="local_y" v="-14.4124"/>
    <tag k="ele" v="3.3826"/>
  </node>
  <node id="1605" lat="36.84340799957" lon="128.09249683842">
    <tag k="local_x" v="-6.0415"/>
    <tag k="local_y" v="-18.3812"/>
    <tag k="ele" v="3.3466"/>
  </node>
  <node id="1606" lat="36.8436042415" lon="128.09234771417">
    <tag k="local_x" v="-19.3371"/>
    <tag k="local_y" v="3.388"/>
    <tag k="ele" v="2.9939"/>
  </node>
  <node id="1609" lat="36.84384181371" lon="128.09220896383">
    <tag k="local_x" v="-31.7077"/>
    <tag k="local_y" v="29.742"/>
    <tag k="ele" v="0.2814"/>
  </node>
  <node id="1610" lat="36.84387041478" lon="128.09230042415">
    <tag k="local_x" v="-23.5533"/>
    <tag k="local_y" v="32.9147"/>
    <tag k="ele" v="0.4433"/>
  </node>
  <node id="1611" lat="36.84364852072" lon="128.09239751332">
    <tag k="local_x" v="-14.8971"/>
    <tag k="local_y" v="8.2999"/>
    <tag k="ele" v="2.864"/>
  </node>
  <node id="1612" lat="36.84356599963" lon="128.0924700712">
    <tag k="local_x" v="-8.428"/>
    <tag k="local_y" v="-0.8542"/>
    <tag k="ele" v="2.9954"/>
  </node>
  <node id="1613" lat="36.84343948332" lon="128.09256116902">
    <tag k="local_x" v="-0.3059"/>
    <tag k="local_y" v="-14.8887"/>
    <tag k="ele" v="3.6345"/>
  </node>
  <node id="1614" lat="36.84340785624" lon="128.0924968216">
    <tag k="local_x" v="-6.043"/>
    <tag k="local_y" v="-18.3971"/>
    <tag k="ele" v="3.3518"/>
  </node>
  <node id="1625" lat="36.84345145558" lon="128.09272795692">
    <tag k="local_x" v="14.5646"/>
    <tag k="local_y" v="-13.5606"/>
    <tag k="ele" v="3.2961"/>
  </node>
  <node id="1627" lat="36.84346664081" lon="128.09271731855">
    <tag k="local_x" v="13.6161"/>
    <tag k="local_y" v="-11.8761"/>
    <tag k="ele" v="3.3344"/>
  </node>
  <node id="1628" lat="36.84348258957" lon="128.09270612499">
    <tag k="local_x" v="12.6181"/>
    <tag k="local_y" v="-10.1069"/>
    <tag k="ele" v="3.3202"/>
  </node>
  <node id="1629" lat="36.84349842385" lon="128.09269506601">
    <tag k="local_x" v="11.6321"/>
    <tag k="local_y" v="-8.3504"/>
    <tag k="ele" v="3.1691"/>
  </node>
  <node id="1630" lat="36.84351402194" lon="128.09268413601">
    <tag k="local_x" v="10.6576"/>
    <tag k="local_y" v="-6.6201"/>
    <tag k="ele" v="3.2415"/>
  </node>
  <node id="1632" lat="36.84352977688" lon="128.09267309945">
    <tag k="local_x" v="9.6736"/>
    <tag k="local_y" v="-4.8724"/>
    <tag k="ele" v="3.1978"/>
  </node>
  <node id="1633" lat="36.84354581309" lon="128.09266186885">
    <tag k="local_x" v="8.6723"/>
    <tag k="local_y" v="-3.0935"/>
    <tag k="ele" v="3.1697"/>
  </node>
  <node id="1672" lat="36.84343188747" lon="128.09270920818">
    <tag k="local_x" v="12.893"/>
    <tag k="local_y" v="-15.7313"/>
    <tag k="ele" v="3.4742"/>
  </node>
  <node id="1673" lat="36.84343957428" lon="128.09270381889">
    <tag k="local_x" v="12.4125"/>
    <tag k="local_y" v="-14.8786"/>
    <tag k="ele" v="3.3524"/>
  </node>
  <node id="1674" lat="36.84344694558" lon="128.09269865617">
    <tag k="local_x" v="11.9522"/>
    <tag k="local_y" v="-14.0609"/>
    <tag k="ele" v="3.3443"/>
  </node>
  <node id="1675" lat="36.84345474508" lon="128.09269320632">
    <tag k="local_x" v="11.4663"/>
    <tag k="local_y" v="-13.1957"/>
    <tag k="ele" v="3.2608"/>
  </node>
  <node id="1676" lat="36.84346267348" lon="128.09268766561">
    <tag k="local_x" v="10.9723"/>
    <tag k="local_y" v="-12.3162"/>
    <tag k="ele" v="3.2632"/>
  </node>
  <node id="1677" lat="36.84347072629" lon="128.09268200602">
    <tag k="local_x" v="10.4677"/>
    <tag k="local_y" v="-11.4229"/>
    <tag k="ele" v="3.2421"/>
  </node>
  <node id="1678" lat="36.84347826346" lon="128.09267670645">
    <tag k="local_x" v="9.9952"/>
    <tag k="local_y" v="-10.5868"/>
    <tag k="ele" v="3.2604"/>
  </node>
  <node id="1679" lat="36.84348654524" lon="128.09267091451">
    <tag k="local_x" v="9.4788"/>
    <tag k="local_y" v="-9.6681"/>
    <tag k="ele" v="3.2207"/>
  </node>
  <node id="1680" lat="36.84349424558" lon="128.09266552634">
    <tag k="local_x" v="8.9984"/>
    <tag k="local_y" v="-8.8139"/>
    <tag k="ele" v="3.1716"/>
  </node>
  <node id="1681" lat="36.84350213071" lon="128.09265999684">
    <tag k="local_x" v="8.5054"/>
    <tag k="local_y" v="-7.9392"/>
    <tag k="ele" v="3.1562"/>
  </node>
  <node id="1682" lat="36.84350963723" lon="128.09265473653">
    <tag k="local_x" v="8.0364"/>
    <tag k="local_y" v="-7.1065"/>
    <tag k="ele" v="3.0955"/>
  </node>
  <node id="1683" lat="36.84351786582" lon="128.09264896141">
    <tag k="local_x" v="7.5215"/>
    <tag k="local_y" v="-6.1937"/>
    <tag k="ele" v="3.2214"/>
  </node>
  <node id="1684" lat="36.84352637928" lon="128.09264299785">
    <tag k="local_x" v="6.9898"/>
    <tag k="local_y" v="-5.2493"/>
    <tag k="ele" v="3.1688"/>
  </node>
  <node id="1685" lat="36.84353392546" lon="128.0926377252">
    <tag k="local_x" v="6.5197"/>
    <tag k="local_y" v="-4.4122"/>
    <tag k="ele" v="3.1575"/>
  </node>
  <node id="1719" lat="36.84325184858" lon="128.09298125294">
    <tag k="local_x" v="37.1481"/>
    <tag k="local_y" v="-35.703"/>
    <tag k="ele" v="2.9836"/>
  </node>
  <node id="1720" lat="36.84325669758" lon="128.09297718381">
    <tag k="local_x" v="36.7853"/>
    <tag k="local_y" v="-35.1651"/>
    <tag k="ele" v="3.0296"/>
  </node>
  <node id="1721" lat="36.84326003122" lon="128.09297441459">
    <tag k="local_x" v="36.5384"/>
    <tag k="local_y" v="-34.7953"/>
    <tag k="ele" v="3.0369"/>
  </node>
  <node id="1722" lat="36.84326488924" lon="128.09297043743">
    <tag k="local_x" v="36.1838"/>
    <tag k="local_y" v="-34.2564"/>
    <tag k="ele" v="3.0597"/>
  </node>
  <node id="1723" lat="36.84326735926" lon="128.0929683793">
    <tag k="local_x" v="36.0003"/>
    <tag k="local_y" v="-33.9824"/>
    <tag k="ele" v="3.0753"/>
  </node>
  <node id="1724" lat="36.84327225244" lon="128.0929642754">
    <tag k="local_x" v="35.6344"/>
    <tag k="local_y" v="-33.4396"/>
    <tag k="ele" v="3.1053"/>
  </node>
  <node id="1725" lat="36.84327491989" lon="128.09296209166">
    <tag k="local_x" v="35.4397"/>
    <tag k="local_y" v="-33.1437"/>
    <tag k="ele" v="3.1293"/>
  </node>
  <node id="1726" lat="36.84327957597" lon="128.09295825469">
    <tag k="local_x" v="35.0976"/>
    <tag k="local_y" v="-32.6272"/>
    <tag k="ele" v="3.1594"/>
  </node>
  <node id="1727" lat="36.84328261212" lon="128.0929557053">
    <tag k="local_x" v="34.8703"/>
    <tag k="local_y" v="-32.2904"/>
    <tag k="ele" v="3.1751"/>
  </node>
  <node id="1728" lat="36.84328734394" lon="128.09295178982">
    <tag k="local_x" v="34.5212"/>
    <tag k="local_y" v="-31.7655"/>
    <tag k="ele" v="3.1969"/>
  </node>
  <node id="1729" lat="36.84328981576" lon="128.09294975301">
    <tag k="local_x" v="34.3396"/>
    <tag k="local_y" v="-31.4913"/>
    <tag k="ele" v="3.2141"/>
  </node>
  <node id="1730" lat="36.84329462871" lon="128.09294571864">
    <tag k="local_x" v="33.9799"/>
    <tag k="local_y" v="-30.9574"/>
    <tag k="ele" v="3.2278"/>
  </node>
  <node id="1731" lat="36.84329730517" lon="128.09294354835">
    <tag k="local_x" v="33.7864"/>
    <tag k="local_y" v="-30.6605"/>
    <tag k="ele" v="3.2305"/>
  </node>
  <node id="1732" lat="36.84330214426" lon="128.0929395252">
    <tag k="local_x" v="33.4277"/>
    <tag k="local_y" v="-30.1237"/>
    <tag k="ele" v="3.2507"/>
  </node>
  <node id="1733" lat="36.84330441145" lon="128.09293762073">
    <tag k="local_x" v="33.2579"/>
    <tag k="local_y" v="-29.8722"/>
    <tag k="ele" v="3.2594"/>
  </node>
  <node id="1734" lat="36.84330924243" lon="128.09293358524">
    <tag k="local_x" v="32.8981"/>
    <tag k="local_y" v="-29.3363"/>
    <tag k="ele" v="3.2754"/>
  </node>
  <node id="1736" lat="36.84331175121" lon="128.09293156525">
    <tag k="local_x" v="32.718"/>
    <tag k="local_y" v="-29.058"/>
    <tag k="ele" v="3.3209"/>
  </node>
  <node id="1737" lat="36.84331645869" lon="128.09292758695">
    <tag k="local_x" v="32.3633"/>
    <tag k="local_y" v="-28.5358"/>
    <tag k="ele" v="3.3073"/>
  </node>
  <node id="1738" lat="36.84331915859" lon="128.09292537965">
    <tag k="local_x" v="32.1665"/>
    <tag k="local_y" v="-28.2363"/>
    <tag k="ele" v="3.3161"/>
  </node>
  <node id="1739" lat="36.84332393096" lon="128.09292146753">
    <tag k="local_x" v="31.8177"/>
    <tag k="local_y" v="-27.7069"/>
    <tag k="ele" v="3.3611"/>
  </node>
  <node id="1740" lat="36.84333579505" lon="128.09295734536">
    <tag k="local_x" v="35.0165"/>
    <tag k="local_y" v="-26.3908"/>
    <tag k="ele" v="3.2472"/>
  </node>
  <node id="1741" lat="36.84333283012" lon="128.09295985997">
    <tag k="local_x" v="35.2407"/>
    <tag k="local_y" v="-26.7197"/>
    <tag k="ele" v="3.2392"/>
  </node>
  <node id="1742" lat="36.84332834982" lon="128.09296359488">
    <tag k="local_x" v="35.5737"/>
    <tag k="local_y" v="-27.2167"/>
    <tag k="ele" v="3.2225"/>
  </node>
  <node id="1743" lat="36.84332558051" lon="128.09296588405">
    <tag k="local_x" v="35.7778"/>
    <tag k="local_y" v="-27.5239"/>
    <tag k="ele" v="3.2035"/>
  </node>
  <node id="1744" lat="36.84332112003" lon="128.09296957521">
    <tag k="local_x" v="36.1069"/>
    <tag k="local_y" v="-28.0187"/>
    <tag k="ele" v="3.1657"/>
  </node>
  <node id="1745" lat="36.8433183985" lon="128.09297189803">
    <tag k="local_x" v="36.314"/>
    <tag k="local_y" v="-28.3206"/>
    <tag k="ele" v="3.1652"/>
  </node>
  <node id="1746" lat="36.84331393262" lon="128.09297555106">
    <tag k="local_x" v="36.6397"/>
    <tag k="local_y" v="-28.816"/>
    <tag k="ele" v="3.1342"/>
  </node>
  <node id="1747" lat="36.84331088565" lon="128.09297810157">
    <tag k="local_x" v="36.8671"/>
    <tag k="local_y" v="-29.154"/>
    <tag k="ele" v="3.1261"/>
  </node>
  <node id="1748" lat="36.8433064946" lon="128.09298170524">
    <tag k="local_x" v="37.1884"/>
    <tag k="local_y" v="-29.6411"/>
    <tag k="ele" v="3.1045"/>
  </node>
  <node id="1749" lat="36.84330374782" lon="128.09298404489">
    <tag k="local_x" v="37.397"/>
    <tag k="local_y" v="-29.9458"/>
    <tag k="ele" v="3.0923"/>
  </node>
  <node id="1750" lat="36.84329929456" lon="128.09298772259">
    <tag k="local_x" v="37.7249"/>
    <tag k="local_y" v="-30.4398"/>
    <tag k="ele" v="3.0473"/>
  </node>
  <node id="1751" lat="36.84329592216" lon="128.0929905176">
    <tag k="local_x" v="37.9741"/>
    <tag k="local_y" v="-30.8139"/>
    <tag k="ele" v="3.0279"/>
  </node>
  <node id="1753" lat="36.84329144727" lon="128.09299423232">
    <tag k="local_x" v="38.3053"/>
    <tag k="local_y" v="-31.3103"/>
    <tag k="ele" v="3.0056"/>
  </node>
  <node id="1754" lat="36.84328844267" lon="128.0929967559">
    <tag k="local_x" v="38.5303"/>
    <tag k="local_y" v="-31.6436"/>
    <tag k="ele" v="2.9811"/>
  </node>
  <node id="1755" lat="36.84328400113" lon="128.09300043809">
    <tag k="local_x" v="38.8586"/>
    <tag k="local_y" v="-32.1363"/>
    <tag k="ele" v="2.9392"/>
  </node>
  <node id="1757" lat="36.84328123903" lon="128.09300270595">
    <tag k="local_x" v="39.0608"/>
    <tag k="local_y" v="-32.4427"/>
    <tag k="ele" v="2.926"/>
  </node>
  <node id="1758" lat="36.84327679298" lon="128.09300644758">
    <tag k="local_x" v="39.3944"/>
    <tag k="local_y" v="-32.9359"/>
    <tag k="ele" v="2.9336"/>
  </node>
  <node id="1761" lat="36.84326855174" lon="128.09301327247">
    <tag k="local_x" v="40.0029"/>
    <tag k="local_y" v="-33.8501"/>
    <tag k="ele" v="2.865"/>
  </node>
  <node id="1764" lat="36.84327297165" lon="128.09300961944">
    <tag k="local_x" v="39.6772"/>
    <tag k="local_y" v="-33.3598"/>
    <tag k="ele" v="2.9086"/>
  </node>
  <node id="1843" lat="36.84377564275" lon="128.09233505074">
    <tag k="local_x" v="-20.4661"/>
    <tag k="local_y" v="22.4016"/>
    <tag k="ele" v="1.3839"/>
  </node>
  <node id="1844" lat="36.84377899172" lon="128.09234397311">
    <tag k="local_x" v="-19.6706"/>
    <tag k="local_y" v="22.7731"/>
    <tag k="ele" v="1.3157"/>
  </node>
  <node id="1845" lat="36.84362630501" lon="128.09242142263">
    <tag k="local_x" v="-12.7654"/>
    <tag k="local_y" v="5.8355"/>
    <tag k="ele" v="2.713"/>
  </node>
  <node id="1848" lat="36.84356700478" lon="128.092642261">
    <tag k="local_x" v="6.9241"/>
    <tag k="local_y" v="-0.7427"/>
    <tag k="ele" v="3.0222"/>
  </node>
  <node id="1851" lat="36.84355644141" lon="128.09262149673">
    <tag k="local_x" v="5.0728"/>
    <tag k="local_y" v="-1.9145"/>
    <tag k="ele" v="3.1263"/>
  </node>
  <node id="1855" lat="36.84356003734" lon="128.09264887845">
    <tag k="local_x" v="7.5141"/>
    <tag k="local_y" v="-1.5156"/>
    <tag k="ele" v="3.1347"/>
  </node>
  <node id="1856" lat="36.84354923778" lon="128.09262674359">
    <tag k="local_x" v="5.5406"/>
    <tag k="local_y" v="-2.7136"/>
    <tag k="ele" v="3.1878"/>
  </node>
  <node id="1866" lat="36.84354086315" lon="128.09263286305">
    <tag k="local_x" v="6.0862"/>
    <tag k="local_y" v="-3.6426"/>
    <tag k="ele" v="3.1965"/>
  </node>
  <node id="1868" lat="36.84355236856" lon="128.09265621037">
    <tag k="local_x" v="8.1678"/>
    <tag k="local_y" v="-2.3663"/>
    <tag k="ele" v="3.0432"/>
  </node>
  <node id="1873" lat="36.84355216395" lon="128.09261264727">
    <tag k="local_x" v="4.2838"/>
    <tag k="local_y" v="-2.389"/>
    <tag k="ele" v="3.1341"/>
  </node>
  <node id="1874" lat="36.84357174562" lon="128.09259899848">
    <tag k="local_x" v="3.0669"/>
    <tag k="local_y" v="-0.2168"/>
    <tag k="ele" v="3.0637"/>
  </node>
  <node id="1876" lat="36.84359159321" lon="128.09258519827">
    <tag k="local_x" v="1.8365"/>
    <tag k="local_y" v="1.9849"/>
    <tag k="ele" v="2.9385"/>
  </node>
  <node id="1878" lat="36.84361148949" lon="128.0925692569">
    <tag k="local_x" v="0.4152"/>
    <tag k="local_y" v="4.192"/>
    <tag k="ele" v="3.0878"/>
  </node>
  <node id="1883" lat="36.8435850801" lon="128.09262805814">
    <tag k="local_x" v="5.6578"/>
    <tag k="local_y" v="1.2624"/>
    <tag k="ele" v="2.9333"/>
  </node>
  <node id="1884" lat="36.84360492139" lon="128.09261423998">
    <tag k="local_x" v="4.4258"/>
    <tag k="local_y" v="3.4634"/>
    <tag k="ele" v="2.8758"/>
  </node>
  <node id="1885" lat="36.84362364666" lon="128.09259809449">
    <tag k="local_x" v="2.9863"/>
    <tag k="local_y" v="5.5406"/>
    <tag k="ele" v="2.7243"/>
  </node>
  <node id="1892" lat="36.84357587161" lon="128.09263529024">
    <tag k="local_x" v="6.3026"/>
    <tag k="local_y" v="0.2409"/>
    <tag k="ele" v="3.0725"/>
  </node>
  <node id="1893" lat="36.84356234602" lon="128.09260555425">
    <tag k="local_x" v="3.6514"/>
    <tag k="local_y" v="-1.2595"/>
    <tag k="ele" v="3.1364"/>
  </node>
  <node id="1894" lat="36.84359530003" lon="128.09262096736">
    <tag k="local_x" v="5.0256"/>
    <tag k="local_y" v="2.3961"/>
    <tag k="ele" v="2.8946"/>
  </node>
  <node id="1895" lat="36.84358209626" lon="128.09259179218">
    <tag k="local_x" v="2.4244"/>
    <tag k="local_y" v="0.9314"/>
    <tag k="ele" v="3.026"/>
  </node>
  <node id="1896" lat="36.84361443097" lon="128.09260603545">
    <tag k="local_x" v="3.6943"/>
    <tag k="local_y" v="4.5183"/>
    <tag k="ele" v="2.815"/>
  </node>
  <node id="1897" lat="36.84360194746" lon="128.09257688381">
    <tag k="local_x" v="1.0952"/>
    <tag k="local_y" v="3.1335"/>
    <tag k="ele" v="3.14"/>
  </node>
  <node id="1901" lat="36.84362331403" lon="128.09255647846">
    <tag k="local_x" v="-0.7241"/>
    <tag k="local_y" v="5.5037"/>
    <tag k="ele" v="2.9809"/>
  </node>
  <node id="1904" lat="36.84364043919" lon="128.0925464513">
    <tag k="local_x" v="-1.6181"/>
    <tag k="local_y" v="7.4034"/>
    <tag k="ele" v="2.8476"/>
  </node>
  <node id="1905" lat="36.84365683597" lon="128.09253685036">
    <tag k="local_x" v="-2.4741"/>
    <tag k="local_y" v="9.2223"/>
    <tag k="ele" v="2.6832"/>
  </node>
  <node id="1906" lat="36.84367364021" lon="128.09252704976">
    <tag k="local_x" v="-3.3479"/>
    <tag k="local_y" v="11.0864"/>
    <tag k="ele" v="2.4635"/>
  </node>
  <node id="1907" lat="36.84368960338" lon="128.09251767761">
    <tag k="local_x" v="-4.1835"/>
    <tag k="local_y" v="12.8572"/>
    <tag k="ele" v="2.2589"/>
  </node>
  <node id="1908" lat="36.84370588927" lon="128.09250816077">
    <tag k="local_x" v="-5.032"/>
    <tag k="local_y" v="14.6638"/>
    <tag k="ele" v="2.0434"/>
  </node>
  <node id="1909" lat="36.84372530505" lon="128.0924967787">
    <tag k="local_x" v="-6.0468"/>
    <tag k="local_y" v="16.8176"/>
    <tag k="ele" v="1.7547"/>
  </node>
  <node id="1910" lat="36.84374656253" lon="128.09248539437">
    <tag k="local_x" v="-7.0618"/>
    <tag k="local_y" v="19.1757"/>
    <tag k="ele" v="1.4511"/>
  </node>
  <node id="1911" lat="36.84376645609" lon="128.09247426015">
    <tag k="local_x" v="-8.0545"/>
    <tag k="local_y" v="21.3825"/>
    <tag k="ele" v="1.2822"/>
  </node>
  <node id="1912" lat="36.84378697798" lon="128.0924622623">
    <tag k="local_x" v="-9.1242"/>
    <tag k="local_y" v="23.659"/>
    <tag k="ele" v="1.0668"/>
  </node>
  <node id="1913" lat="36.8438075296" lon="128.0924502319">
    <tag k="local_x" v="-10.1968"/>
    <tag k="local_y" v="25.9388"/>
    <tag k="ele" v="0.849"/>
  </node>
  <node id="1914" lat="36.84382871857" lon="128.09243872193">
    <tag k="local_x" v="-11.223"/>
    <tag k="local_y" v="28.2893"/>
    <tag k="ele" v="0.6581"/>
  </node>
  <node id="1915" lat="36.84363223043" lon="128.09255126748">
    <tag k="local_x" v="-1.1887"/>
    <tag k="local_y" v="6.4928"/>
    <tag k="ele" v="2.9191"/>
  </node>
  <node id="1916" lat="36.84364907885" lon="128.0925414052">
    <tag k="local_x" v="-2.068"/>
    <tag k="local_y" v="8.3618"/>
    <tag k="ele" v="2.755"/>
  </node>
  <node id="1917" lat="36.84366534401" lon="128.09253189959">
    <tag k="local_x" v="-2.9155"/>
    <tag k="local_y" v="10.1661"/>
    <tag k="ele" v="2.5609"/>
  </node>
  <node id="1918" lat="36.84368210678" lon="128.0925220788">
    <tag k="local_x" v="-3.7911"/>
    <tag k="local_y" v="12.0256"/>
    <tag k="ele" v="2.3494"/>
  </node>
  <node id="1919" lat="36.84369789146" lon="128.09251283563">
    <tag k="local_x" v="-4.6152"/>
    <tag k="local_y" v="13.7766"/>
    <tag k="ele" v="2.1523"/>
  </node>
  <node id="1920" lat="36.84371510947" lon="128.09250275238">
    <tag k="local_x" v="-5.5142"/>
    <tag k="local_y" v="15.6866"/>
    <tag k="ele" v="1.9014"/>
  </node>
  <node id="1921" lat="36.84373636785" lon="128.09249087791">
    <tag k="local_x" v="-6.5729"/>
    <tag k="local_y" v="18.0448"/>
    <tag k="ele" v="1.6026"/>
  </node>
  <node id="1922" lat="36.8437573639" lon="128.09247936011">
    <tag k="local_x" v="-7.5998"/>
    <tag k="local_y" v="20.3739"/>
    <tag k="ele" v="1.3532"/>
  </node>
  <node id="1923" lat="36.84377694646" lon="128.09246810925">
    <tag k="local_x" v="-8.6029"/>
    <tag k="local_y" v="22.5462"/>
    <tag k="ele" v="1.1814"/>
  </node>
  <node id="1924" lat="36.84379796054" lon="128.09245582089">
    <tag k="local_x" v="-9.6985"/>
    <tag k="local_y" v="24.8773"/>
    <tag k="ele" v="0.9473"/>
  </node>
  <node id="1925" lat="36.84381819485" lon="128.09244442084">
    <tag k="local_x" v="-10.7149"/>
    <tag k="local_y" v="27.1219"/>
    <tag k="ele" v="0.7644"/>
  </node>
  <node id="1979" lat="36.84363435519" lon="128.09258807183">
    <tag k="local_x" v="2.0927"/>
    <tag k="local_y" v="6.7285"/>
    <tag k="ele" v="2.9901"/>
  </node>
  <node id="1986" lat="36.84365031836" lon="128.09257233796">
    <tag k="local_x" v="0.6899"/>
    <tag k="local_y" v="8.4993"/>
    <tag k="ele" v="2.8438"/>
  </node>
  <node id="1988" lat="36.84366707393" lon="128.09256356476">
    <tag k="local_x" v="-0.0923"/>
    <tag k="local_y" v="10.358"/>
    <tag k="ele" v="2.7406"/>
  </node>
  <node id="1989" lat="36.84368370328" lon="128.09255395372">
    <tag k="local_x" v="-0.9492"/>
    <tag k="local_y" v="12.2027"/>
    <tag k="ele" v="2.5994"/>
  </node>
  <node id="1990" lat="36.84370171098" lon="128.09254862496">
    <tag k="local_x" v="-1.4243"/>
    <tag k="local_y" v="14.2003"/>
    <tag k="ele" v="2.3312"/>
  </node>
  <node id="1991" lat="36.84377937414" lon="128.09251042188">
    <tag k="local_x" v="-4.8304"/>
    <tag k="local_y" v="22.8155"/>
    <tag k="ele" v="1.3099"/>
  </node>
  <node id="1992" lat="36.84378312334" lon="128.09252119604">
    <tag k="local_x" v="-3.8698"/>
    <tag k="local_y" v="23.2314"/>
    <tag k="ele" v="1.2981"/>
  </node>
  <node id="1993" lat="36.84386754117" lon="128.09248089211">
    <tag k="local_x" v="-7.4632"/>
    <tag k="local_y" v="32.5959"/>
    <tag k="ele" v="0.3903"/>
  </node>
  <node id="1994" lat="36.84385071163" lon="128.09242431708">
    <tag k="local_x" v="-12.5073"/>
    <tag k="local_y" v="30.729"/>
    <tag k="ele" v="0.4041"/>
  </node>
  <node id="1996" lat="36.84383970383" lon="128.09243155708">
    <tag k="local_x" v="-11.8618"/>
    <tag k="local_y" v="29.5079"/>
    <tag k="ele" v="0.5438"/>
  </node>
  <node id="1999" lat="36.84384538853" lon="128.09249148909">
    <tag k="local_x" v="-6.5184"/>
    <tag k="local_y" v="30.1385"/>
    <tag k="ele" v="0.4947"/>
  </node>
  <node id="2000" lat="36.84382407336" lon="128.09250165536">
    <tag k="local_x" v="-5.612"/>
    <tag k="local_y" v="27.774"/>
    <tag k="ele" v="0.8177"/>
  </node>
  <node id="2001" lat="36.84380344961" lon="128.0925114829">
    <tag k="local_x" v="-4.7358"/>
    <tag k="local_y" v="25.4862"/>
    <tag k="ele" v="1.0728"/>
  </node>
  <node id="2002" lat="36.84375764879" lon="128.09252109062">
    <tag k="local_x" v="-3.8792"/>
    <tag k="local_y" v="20.4055"/>
    <tag k="ele" v="1.6822"/>
  </node>
  <node id="2003" lat="36.84373726753" lon="128.09253114135">
    <tag k="local_x" v="-2.9831"/>
    <tag k="local_y" v="18.1446"/>
    <tag k="ele" v="1.9031"/>
  </node>
  <node id="2004" lat="36.843717886" lon="128.09254103281">
    <tag k="local_x" v="-2.1012"/>
    <tag k="local_y" v="15.9946"/>
    <tag k="ele" v="2.1449"/>
  </node>
  <node id="2017" lat="36.84364257747" lon="128.09257996151">
    <tag k="local_x" v="1.3696"/>
    <tag k="local_y" v="7.6406"/>
    <tag k="ele" v="2.8992"/>
  </node>
  <node id="2018" lat="36.84365871192" lon="128.09256794687">
    <tag k="local_x" v="0.2984"/>
    <tag k="local_y" v="9.4304"/>
    <tag k="ele" v="2.5624"/>
  </node>
  <node id="2019" lat="36.84367583799" lon="128.09255849622">
    <tag k="local_x" v="-0.5442"/>
    <tag k="local_y" v="11.3302"/>
    <tag k="ele" v="2.6952"/>
  </node>
  <node id="2020" lat="36.84369339585" lon="128.0925511082">
    <tag k="local_x" v="-1.2029"/>
    <tag k="local_y" v="13.2779"/>
    <tag k="ele" v="2.4023"/>
  </node>
  <node id="2021" lat="36.84371036957" lon="128.09254457148">
    <tag k="local_x" v="-1.7857"/>
    <tag k="local_y" v="15.1608"/>
    <tag k="ele" v="2.2556"/>
  </node>
  <node id="2022" lat="36.84372806176" lon="128.09253583864">
    <tag k="local_x" v="-2.5643"/>
    <tag k="local_y" v="17.1234"/>
    <tag k="ele" v="2.0833"/>
  </node>
  <node id="2023" lat="36.84374583327" lon="128.09252685008">
    <tag k="local_x" v="-3.3657"/>
    <tag k="local_y" v="19.0948"/>
    <tag k="ele" v="1.8834"/>
  </node>
  <node id="2024" lat="36.84376811482" lon="128.09251596038">
    <tag k="local_x" v="-4.3366"/>
    <tag k="local_y" v="21.5665"/>
    <tag k="ele" v="1.4436"/>
  </node>
  <node id="2025" lat="36.84379373721" lon="128.09251614431">
    <tag k="local_x" v="-4.3202"/>
    <tag k="local_y" v="24.4088"/>
    <tag k="ele" v="1.1458"/>
  </node>
  <node id="2026" lat="36.84381429605" lon="128.09250632238">
    <tag k="local_x" v="-5.1959"/>
    <tag k="local_y" v="26.6894"/>
    <tag k="ele" v="0.9282"/>
  </node>
  <node id="2028" lat="36.84383473861" lon="128.09249656101">
    <tag k="local_x" v="-6.0662"/>
    <tag k="local_y" v="28.9571"/>
    <tag k="ele" v="0.6949"/>
  </node>
  <node id="2029" lat="36.84385626112" lon="128.09248626687">
    <tag k="local_x" v="-6.984"/>
    <tag k="local_y" v="31.3446"/>
    <tag k="ele" v="0.4067"/>
  </node>
  <node id="2055" lat="36.84384370545" lon="128.09269473348">
    <tag k="local_x" v="11.6024"/>
    <tag k="local_y" v="29.9518"/>
    <tag k="ele" v="-0.9358"/>
  </node>
  <node id="2056" lat="36.84383346659" lon="128.09269402236">
    <tag k="local_x" v="11.539"/>
    <tag k="local_y" v="28.816"/>
    <tag k="ele" v="-0.6844"/>
  </node>
  <node id="2057" lat="36.84384388034" lon="128.0926837204">
    <tag k="local_x" v="10.6205"/>
    <tag k="local_y" v="29.9712"/>
    <tag k="ele" v="-0.7367"/>
  </node>
  <node id="2058" lat="36.84383448526" lon="128.0926835028">
    <tag k="local_x" v="10.6011"/>
    <tag k="local_y" v="28.929"/>
    <tag k="ele" v="-0.5486"/>
  </node>
  <node id="2060" lat="36.84397538002" lon="128.09265239067">
    <tag k="local_x" v="7.8272"/>
    <tag k="local_y" v="44.5585"/>
    <tag k="ele" v="-1.0955"/>
  </node>
  <node id="2062" lat="36.84397618954" lon="128.09266049991">
    <tag k="local_x" v="8.5502"/>
    <tag k="local_y" v="44.6483"/>
    <tag k="ele" v="-1.1937"/>
  </node>
  <node id="2063" lat="36.84397744888" lon="128.09266897256">
    <tag k="local_x" v="9.3056"/>
    <tag k="local_y" v="44.788"/>
    <tag k="ele" v="-1.2443"/>
  </node>
  <node id="2064" lat="36.84397815652" lon="128.09267872272">
    <tag k="local_x" v="10.1749"/>
    <tag k="local_y" v="44.8665"/>
    <tag k="ele" v="-1.2636"/>
  </node>
  <node id="2065" lat="36.84397668081" lon="128.09268381819">
    <tag k="local_x" v="10.6292"/>
    <tag k="local_y" v="44.7028"/>
    <tag k="ele" v="-1.2751"/>
  </node>
  <node id="2066" lat="36.84397204817" lon="128.09268820256">
    <tag k="local_x" v="11.0201"/>
    <tag k="local_y" v="44.1889"/>
    <tag k="ele" v="-1.2799"/>
  </node>
  <node id="2067" lat="36.8439656108" lon="128.09269009246">
    <tag k="local_x" v="11.1886"/>
    <tag k="local_y" v="43.4748"/>
    <tag k="ele" v="-1.2745"/>
  </node>
  <node id="2068" lat="36.84395808535" lon="128.09268989056">
    <tag k="local_x" v="11.1706"/>
    <tag k="local_y" v="42.64"/>
    <tag k="ele" v="-1.2517"/>
  </node>
  <node id="2069" lat="36.84395199234" lon="128.09268965052">
    <tag k="local_x" v="11.1492"/>
    <tag k="local_y" v="41.9641"/>
    <tag k="ele" v="-1.2298"/>
  </node>
  <node id="2070" lat="36.84392570827" lon="128.09269094145">
    <tag k="local_x" v="11.2643"/>
    <tag k="local_y" v="39.0484"/>
    <tag k="ele" v="-1.1887"/>
  </node>
  <node id="2071" lat="36.84394617968" lon="128.09268966846">
    <tag k="local_x" v="11.1508"/>
    <tag k="local_y" v="41.3193"/>
    <tag k="ele" v="-1.2137"/>
  </node>
  <node id="2072" lat="36.84394128562" lon="128.09268961349">
    <tag k="local_x" v="11.1459"/>
    <tag k="local_y" v="40.7764"/>
    <tag k="ele" v="-1.2012"/>
  </node>
  <node id="2073" lat="36.8439359877" lon="128.0926899982">
    <tag k="local_x" v="11.1802"/>
    <tag k="local_y" v="40.1887"/>
    <tag k="ele" v="-1.1915"/>
  </node>
  <node id="2074" lat="36.84393040582" lon="128.09269047936">
    <tag k="local_x" v="11.2231"/>
    <tag k="local_y" v="39.5695"/>
    <tag k="ele" v="-1.1859"/>
  </node>
  <node id="2075" lat="36.84398346077" lon="128.09265480439">
    <tag k="local_x" v="8.0424"/>
    <tag k="local_y" v="45.4549"/>
    <tag k="ele" v="-1.0568"/>
  </node>
  <node id="2077" lat="36.84398433338" lon="128.09266270052">
    <tag k="local_x" v="8.7464"/>
    <tag k="local_y" v="45.5517"/>
    <tag k="ele" v="-1.1642"/>
  </node>
  <node id="2078" lat="36.84398558191" lon="128.09266966797">
    <tag k="local_x" v="9.3676"/>
    <tag k="local_y" v="45.6902"/>
    <tag k="ele" v="-1.2644"/>
  </node>
  <node id="2079" lat="36.84398652484" lon="128.09267839634">
    <tag k="local_x" v="10.1458"/>
    <tag k="local_y" v="45.7948"/>
    <tag k="ele" v="-1.312"/>
  </node>
  <node id="2080" lat="36.84398600288" lon="128.09268567447">
    <tag k="local_x" v="10.7947"/>
    <tag k="local_y" v="45.7369"/>
    <tag k="ele" v="-1.3331"/>
  </node>
  <node id="2081" lat="36.84398298566" lon="128.09269291558">
    <tag k="local_x" v="11.4403"/>
    <tag k="local_y" v="45.4022"/>
    <tag k="ele" v="-1.3414"/>
  </node>
  <node id="2082" lat="36.84397795457" lon="128.0926971261">
    <tag k="local_x" v="11.8157"/>
    <tag k="local_y" v="44.8441"/>
    <tag k="ele" v="-1.3356"/>
  </node>
  <node id="2083" lat="36.84397019835" lon="128.09270054475">
    <tag k="local_x" v="12.1205"/>
    <tag k="local_y" v="43.9837"/>
    <tag k="ele" v="-1.3439"/>
  </node>
  <node id="2084" lat="36.84396126481" lon="128.09270126705">
    <tag k="local_x" v="12.1849"/>
    <tag k="local_y" v="42.9927"/>
    <tag k="ele" v="-1.3398"/>
  </node>
  <node id="2087" lat="36.84395463182" lon="128.09270048864">
    <tag k="local_x" v="12.1155"/>
    <tag k="local_y" v="42.2569"/>
    <tag k="ele" v="-1.3026"/>
  </node>
  <node id="2088" lat="36.84394986036" lon="128.09270084643">
    <tag k="local_x" v="12.1474"/>
    <tag k="local_y" v="41.7276"/>
    <tag k="ele" v="-1.2837"/>
  </node>
  <node id="2089" lat="36.84394481124" lon="128.09270136573">
    <tag k="local_x" v="12.1937"/>
    <tag k="local_y" v="41.1675"/>
    <tag k="ele" v="-1.2703"/>
  </node>
  <node id="2090" lat="36.84392601025" lon="128.09270186032">
    <tag k="local_x" v="12.2378"/>
    <tag k="local_y" v="39.0819"/>
    <tag k="ele" v="-1.1618"/>
  </node>
  <node id="2091" lat="36.84393758599" lon="128.09270159116">
    <tag k="local_x" v="12.2138"/>
    <tag k="local_y" v="40.366"/>
    <tag k="ele" v="-1.2507"/>
  </node>
  <node id="2092" lat="36.84393082859" lon="128.09270209811">
    <tag k="local_x" v="12.259"/>
    <tag k="local_y" v="39.6164"/>
    <tag k="ele" v="-1.2123"/>
  </node>
  <node id="2094" lat="36.84381486033" lon="128.09268297">
    <tag k="local_x" v="10.5536"/>
    <tag k="local_y" v="26.752"/>
    <tag k="ele" v="-0.1836"/>
  </node>
  <node id="2096" lat="36.84380667952" lon="128.09268310571">
    <tag k="local_x" v="10.5657"/>
    <tag k="local_y" v="25.8445"/>
    <tag k="ele" v="-0.035"/>
  </node>
  <node id="2098" lat="36.84379856" lon="128.09268421721">
    <tag k="local_x" v="10.6648"/>
    <tag k="local_y" v="24.9438"/>
    <tag k="ele" v="0.1173"/>
  </node>
  <node id="2099" lat="36.84379047655" lon="128.09268535787">
    <tag k="local_x" v="10.7665"/>
    <tag k="local_y" v="24.0471"/>
    <tag k="ele" v="0.2414"/>
  </node>
  <node id="2100" lat="36.8437823958" lon="128.09268655685">
    <tag k="local_x" v="10.8734"/>
    <tag k="local_y" v="23.1507"/>
    <tag k="ele" v="0.3235"/>
  </node>
  <node id="2101" lat="36.84377441872" lon="128.09268903335">
    <tag k="local_x" v="11.0942"/>
    <tag k="local_y" v="22.2658"/>
    <tag k="ele" v="0.3946"/>
  </node>
  <node id="2102" lat="36.84376646688" lon="128.09269155359">
    <tag k="local_x" v="11.3189"/>
    <tag k="local_y" v="21.3837"/>
    <tag k="ele" v="0.4654"/>
  </node>
  <node id="2103" lat="36.84371982497" lon="128.09271260494">
    <tag k="local_x" v="13.1958"/>
    <tag k="local_y" v="16.2097"/>
    <tag k="ele" v="0.7658"/>
  </node>
  <node id="2108" lat="36.84370818432" lon="128.09271740652">
    <tag k="local_x" v="13.6239"/>
    <tag k="local_y" v="14.9184"/>
    <tag k="ele" v="0.8705"/>
  </node>
  <node id="2111" lat="36.84367311634" lon="128.09273587256">
    <tag k="local_x" v="15.2703"/>
    <tag k="local_y" v="11.0283"/>
    <tag k="ele" v="1.1083"/>
  </node>
  <node id="2123" lat="36.84381563197" lon="128.09269367687">
    <tag k="local_x" v="11.5082"/>
    <tag k="local_y" v="26.8376"/>
    <tag k="ele" v="-0.2167"/>
  </node>
  <node id="2124" lat="36.84380722309" lon="128.09269419729">
    <tag k="local_x" v="11.5546"/>
    <tag k="local_y" v="25.9048"/>
    <tag k="ele" v="-0.0396"/>
  </node>
  <node id="2125" lat="36.84379903056" lon="128.09269489379">
    <tag k="local_x" v="11.6167"/>
    <tag k="local_y" v="24.996"/>
    <tag k="ele" v="0.1085"/>
  </node>
  <node id="2126" lat="36.8437908813" lon="128.09269586733">
    <tag k="local_x" v="11.7035"/>
    <tag k="local_y" v="24.092"/>
    <tag k="ele" v="0.2359"/>
  </node>
  <node id="2127" lat="36.84378272933" lon="128.09269790079">
    <tag k="local_x" v="11.8848"/>
    <tag k="local_y" v="23.1877"/>
    <tag k="ele" v="0.3196"/>
  </node>
  <node id="2128" lat="36.84377467653" lon="128.09270051861">
    <tag k="local_x" v="12.1182"/>
    <tag k="local_y" v="22.2944"/>
    <tag k="ele" v="0.3916"/>
  </node>
  <node id="2129" lat="36.84376670305" lon="128.09270349534">
    <tag k="local_x" v="12.3836"/>
    <tag k="local_y" v="21.4099"/>
    <tag k="ele" v="0.4625"/>
  </node>
  <node id="2130" lat="36.84371993132" lon="128.0927239814">
    <tag k="local_x" v="14.2101"/>
    <tag k="local_y" v="16.2215"/>
    <tag k="ele" v="0.7285"/>
  </node>
  <node id="2137" lat="36.84375883504" lon="128.09270683996">
    <tag k="local_x" v="12.6818"/>
    <tag k="local_y" v="20.5371"/>
    <tag k="ele" v="0.5459"/>
  </node>
  <node id="2138" lat="36.84375101932" lon="128.09270982903">
    <tag k="local_x" v="12.9483"/>
    <tag k="local_y" v="19.6701"/>
    <tag k="ele" v="0.6203"/>
  </node>
  <node id="2139" lat="36.84374324327" lon="128.09271313775">
    <tag k="local_x" v="13.2433"/>
    <tag k="local_y" v="18.8075"/>
    <tag k="ele" v="0.6925"/>
  </node>
  <node id="2140" lat="36.84373546451" lon="128.09271720244">
    <tag k="local_x" v="13.6057"/>
    <tag k="local_y" v="17.9446"/>
    <tag k="ele" v="0.733"/>
  </node>
  <node id="2141" lat="36.84372767853" lon="128.09272059304">
    <tag k="local_x" v="13.908"/>
    <tag k="local_y" v="17.0809"/>
    <tag k="ele" v="0.6727"/>
  </node>
  <node id="2142" lat="36.843758735" lon="128.09269481633">
    <tag k="local_x" v="11.6098"/>
    <tag k="local_y" v="20.526"/>
    <tag k="ele" v="0.5485"/>
  </node>
  <node id="2143" lat="36.84375100041" lon="128.09269792878">
    <tag k="local_x" v="11.8873"/>
    <tag k="local_y" v="19.668"/>
    <tag k="ele" v="0.6221"/>
  </node>
  <node id="2144" lat="36.84374330458" lon="128.09270136761">
    <tag k="local_x" v="12.1939"/>
    <tag k="local_y" v="18.8143"/>
    <tag k="ele" v="0.6937"/>
  </node>
  <node id="2145" lat="36.84373560785" lon="128.09270487598">
    <tag k="local_x" v="12.5067"/>
    <tag k="local_y" v="17.9605"/>
    <tag k="ele" v="0.733"/>
  </node>
  <node id="2146" lat="36.84372790301" lon="128.09270880832">
    <tag k="local_x" v="12.8573"/>
    <tag k="local_y" v="17.1058"/>
    <tag k="ele" v="0.672"/>
  </node>
  <node id="2147" lat="36.84370914166" lon="128.09272854856">
    <tag k="local_x" v="14.6173"/>
    <tag k="local_y" v="15.0246"/>
    <tag k="ele" v="0.8299"/>
  </node>
  <node id="2149" lat="36.84367658697" lon="128.09274615658">
    <tag k="local_x" v="16.1872"/>
    <tag k="local_y" v="11.4133"/>
    <tag k="ele" v="1.1464"/>
  </node>
  <node id="2150" lat="36.8436983511" lon="128.09273403206">
    <tag k="local_x" v="15.1062"/>
    <tag k="local_y" v="13.8276"/>
    <tag k="ele" v="1.0906"/>
  </node>
  <node id="2151" lat="36.84368738114" lon="128.09274022331">
    <tag k="local_x" v="15.6582"/>
    <tag k="local_y" v="12.6107"/>
    <tag k="ele" v="1.1884"/>
  </node>
  <node id="2152" lat="36.84369670684" lon="128.09272307173">
    <tag k="local_x" v="14.129"/>
    <tag k="local_y" v="13.6452"/>
    <tag k="ele" v="1.0861"/>
  </node>
  <node id="2153" lat="36.84368512569" lon="128.09272919904">
    <tag k="local_x" v="14.6753"/>
    <tag k="local_y" v="12.3605"/>
    <tag k="ele" v="1.1152"/>
  </node>
  <node id="2155" lat="36.8436603155" lon="128.09274313269">
    <tag k="local_x" v="15.9176"/>
    <tag k="local_y" v="9.6083"/>
    <tag k="ele" v="1.1121"/>
  </node>
  <node id="2157" lat="36.84364653747" lon="128.0927513529">
    <tag k="local_x" v="16.6505"/>
    <tag k="local_y" v="8.0799"/>
    <tag k="ele" v="1.1152"/>
  </node>
  <node id="2158" lat="36.84363549088" lon="128.09275753404">
    <tag k="local_x" v="17.2016"/>
    <tag k="local_y" v="6.8545"/>
    <tag k="ele" v="1.1173"/>
  </node>
  <node id="2160" lat="36.84362374206" lon="128.09276403371">
    <tag k="local_x" v="17.7811"/>
    <tag k="local_y" v="5.5512"/>
    <tag k="ele" v="1.1249"/>
  </node>
  <node id="2161" lat="36.84357451471" lon="128.09279089937">
    <tag k="local_x" v="20.1764"/>
    <tag k="local_y" v="0.0904"/>
    <tag k="ele" v="1.1242"/>
  </node>
  <node id="2166" lat="36.84355810529" lon="128.09279969607">
    <tag k="local_x" v="20.9607"/>
    <tag k="local_y" v="-1.7299"/>
    <tag k="ele" v="1.2845"/>
  </node>
  <node id="2170" lat="36.84354157959" lon="128.0928086666">
    <tag k="local_x" v="21.7605"/>
    <tag k="local_y" v="-3.5631"/>
    <tag k="ele" v="1.4122"/>
  </node>
  <node id="2171" lat="36.84351015081" lon="128.09282715838">
    <tag k="local_x" v="23.4092"/>
    <tag k="local_y" v="-7.0495"/>
    <tag k="ele" v="1.4302"/>
  </node>
  <node id="2172" lat="36.84366368156" lon="128.09275305442">
    <tag k="local_x" v="16.8022"/>
    <tag k="local_y" v="9.9817"/>
    <tag k="ele" v="1.1518"/>
  </node>
  <node id="2174" lat="36.84365147208" lon="128.09276030893">
    <tag k="local_x" v="17.449"/>
    <tag k="local_y" v="8.6273"/>
    <tag k="ele" v="1.1565"/>
  </node>
  <node id="2175" lat="36.84363930407" lon="128.09276740642">
    <tag k="local_x" v="18.0818"/>
    <tag k="local_y" v="7.2775"/>
    <tag k="ele" v="1.1559"/>
  </node>
  <node id="2176" lat="36.84357803131" lon="128.09280062706">
    <tag k="local_x" v="21.0437"/>
    <tag k="local_y" v="0.4805"/>
    <tag k="ele" v="1.238"/>
  </node>
  <node id="2177" lat="36.84356159756" lon="128.09280957629">
    <tag k="local_x" v="21.8416"/>
    <tag k="local_y" v="-1.3425"/>
    <tag k="ele" v="1.2442"/>
  </node>
  <node id="2179" lat="36.84354551086" lon="128.09281830456">
    <tag k="local_x" v="22.6198"/>
    <tag k="local_y" v="-3.127"/>
    <tag k="ele" v="1.2761"/>
  </node>
  <node id="2180" lat="36.84351365569" lon="128.0928364105">
    <tag k="local_x" v="24.2341"/>
    <tag k="local_y" v="-6.6607"/>
    <tag k="ele" v="1.3589"/>
  </node>
  <node id="2182" lat="36.84362723612" lon="128.09277419995">
    <tag k="local_x" v="18.6875"/>
    <tag k="local_y" v="5.9388"/>
    <tag k="ele" v="1.1488"/>
  </node>
  <node id="2183" lat="36.84361501763" lon="128.09278049773">
    <tag k="local_x" v="19.249"/>
    <tag k="local_y" v="4.5834"/>
    <tag k="ele" v="1.1412"/>
  </node>
  <node id="2184" lat="36.84360257377" lon="128.09278719143">
    <tag k="local_x" v="19.8458"/>
    <tag k="local_y" v="3.203"/>
    <tag k="ele" v="1.1346"/>
  </node>
  <node id="2185" lat="36.84359026603" lon="128.09279398383">
    <tag k="local_x" v="20.4514"/>
    <tag k="local_y" v="1.8377"/>
    <tag k="ele" v="1.1743"/>
  </node>
  <node id="2186" lat="36.84361154971" lon="128.09277073639">
    <tag k="local_x" v="18.3787"/>
    <tag k="local_y" v="4.1987"/>
    <tag k="ele" v="1.1189"/>
  </node>
  <node id="2187" lat="36.84359945291" lon="128.09277718222">
    <tag k="local_x" v="18.9534"/>
    <tag k="local_y" v="2.8568"/>
    <tag k="ele" v="1.0923"/>
  </node>
  <node id="2188" lat="36.84358635729" lon="128.09278427185">
    <tag k="local_x" v="19.5855"/>
    <tag k="local_y" v="1.4041"/>
    <tag k="ele" v="1.096"/>
  </node>
  <node id="2190" lat="36.8435295666" lon="128.09282799067">
    <tag k="local_x" v="23.4834"/>
    <tag k="local_y" v="-4.8957"/>
    <tag k="ele" v="1.3306"/>
  </node>
  <node id="2191" lat="36.84352610138" lon="128.0928182843">
    <tag k="local_x" v="22.618"/>
    <tag k="local_y" v="-5.2801"/>
    <tag k="ele" v="1.4699"/>
  </node>
  <node id="2194" lat="36.84350275337" lon="128.09283051195">
    <tag k="local_x" v="23.7082"/>
    <tag k="local_y" v="-7.8701"/>
    <tag k="ele" v="1.457"/>
  </node>
  <node id="2196" lat="36.84349310405" lon="128.09283570381">
    <tag k="local_x" v="24.1711"/>
    <tag k="local_y" v="-8.9405"/>
    <tag k="ele" v="1.4696"/>
  </node>
  <node id="2197" lat="36.84348447701" lon="128.09284054462">
    <tag k="local_x" v="24.6027"/>
    <tag k="local_y" v="-9.8975"/>
    <tag k="ele" v="1.459"/>
  </node>
  <node id="2202" lat="36.84347678297" lon="128.09284624795">
    <tag k="local_x" v="25.1112"/>
    <tag k="local_y" v="-10.751"/>
    <tag k="ele" v="1.4498"/>
  </node>
  <node id="2204" lat="36.8434695532" lon="128.09285175723">
    <tag k="local_x" v="25.6024"/>
    <tag k="local_y" v="-11.553"/>
    <tag k="ele" v="1.5326"/>
  </node>
  <node id="2206" lat="36.84346237029" lon="128.09285769497">
    <tag k="local_x" v="26.1318"/>
    <tag k="local_y" v="-12.3498"/>
    <tag k="ele" v="1.5972"/>
  </node>
  <node id="2208" lat="36.84350630783" lon="128.09284012971">
    <tag k="local_x" v="24.5657"/>
    <tag k="local_y" v="-7.4758"/>
    <tag k="ele" v="1.4611"/>
  </node>
  <node id="2211" lat="36.8434969551" lon="128.09284527895">
    <tag k="local_x" v="25.0248"/>
    <tag k="local_y" v="-8.5133"/>
    <tag k="ele" v="1.5649"/>
  </node>
  <node id="2212" lat="36.84348820545" lon="128.09285026557">
    <tag k="local_x" v="25.4694"/>
    <tag k="local_y" v="-9.4839"/>
    <tag k="ele" v="1.6337"/>
  </node>
  <node id="2214" lat="36.84348089724" lon="128.09285594422">
    <tag k="local_x" v="25.9757"/>
    <tag k="local_y" v="-10.2946"/>
    <tag k="ele" v="1.6098"/>
  </node>
  <node id="2215" lat="36.84347441478" lon="128.09286090056">
    <tag k="local_x" v="26.4176"/>
    <tag k="local_y" v="-11.0137"/>
    <tag k="ele" v="1.5564"/>
  </node>
  <node id="2216" lat="36.84346778538" lon="128.09286706037">
    <tag k="local_x" v="26.9668"/>
    <tag k="local_y" v="-11.7491"/>
    <tag k="ele" v="1.6073"/>
  </node>
  <node id="2217" lat="36.84346038793" lon="128.09287411747">
    <tag k="local_x" v="27.596"/>
    <tag k="local_y" v="-12.5697"/>
    <tag k="ele" v="1.6943"/>
  </node>
  <node id="2218" lat="36.84345519911" lon="128.09286516033">
    <tag k="local_x" v="26.7974"/>
    <tag k="local_y" v="-13.1453"/>
    <tag k="ele" v="1.7277"/>
  </node>
  <node id="2225" lat="36.84340927103" lon="128.09291853943">
    <tag k="local_x" v="31.5566"/>
    <tag k="local_y" v="-18.2401"/>
    <tag k="ele" v="2.1455"/>
  </node>
  <node id="2230" lat="36.84339223505" lon="128.0929375819">
    <tag k="local_x" v="33.2544"/>
    <tag k="local_y" v="-20.1299"/>
    <tag k="ele" v="2.7539"/>
  </node>
  <node id="2231" lat="36.84338554706" lon="128.0929424384">
    <tag k="local_x" v="33.6874"/>
    <tag k="local_y" v="-20.8718"/>
    <tag k="ele" v="2.8988"/>
  </node>
  <node id="2244" lat="36.84333837251" lon="128.09290358592">
    <tag k="local_x" v="30.2234"/>
    <tag k="local_y" v="-26.1049"/>
    <tag k="ele" v="3.2626"/>
  </node>
  <node id="2245" lat="36.84333686349" lon="128.09289165769">
    <tag k="local_x" v="29.1599"/>
    <tag k="local_y" v="-26.2723"/>
    <tag k="ele" v="3.3071"/>
  </node>
  <node id="2246" lat="36.84333549149" lon="128.09287962515">
    <tag k="local_x" v="28.0871"/>
    <tag k="local_y" v="-26.4245"/>
    <tag k="ele" v="3.3494"/>
  </node>
  <node id="2248" lat="36.84333644982" lon="128.09285322379">
    <tag k="local_x" v="25.7332"/>
    <tag k="local_y" v="-26.3182"/>
    <tag k="ele" v="3.4029"/>
  </node>
  <node id="2249" lat="36.84333819599" lon="128.09284083347">
    <tag k="local_x" v="24.6285"/>
    <tag k="local_y" v="-26.1245"/>
    <tag k="ele" v="3.441"/>
  </node>
  <node id="2250" lat="36.84334021981" lon="128.09282927314">
    <tag k="local_x" v="23.5978"/>
    <tag k="local_y" v="-25.9"/>
    <tag k="ele" v="3.4928"/>
  </node>
  <node id="2251" lat="36.84334385635" lon="128.09281684245">
    <tag k="local_x" v="22.4895"/>
    <tag k="local_y" v="-25.4966"/>
    <tag k="ele" v="3.5659"/>
  </node>
  <node id="2252" lat="36.84334950948" lon="128.0928040035">
    <tag k="local_x" v="21.3448"/>
    <tag k="local_y" v="-24.8695"/>
    <tag k="ele" v="3.6708"/>
  </node>
  <node id="2254" lat="36.84335315683" lon="128.0927947918">
    <tag k="local_x" v="20.5235"/>
    <tag k="local_y" v="-24.4649"/>
    <tag k="ele" v="3.7753"/>
  </node>
  <node id="2260" lat="36.84338958559" lon="128.09295325178">
    <tag k="local_x" v="34.6515"/>
    <tag k="local_y" v="-20.4238"/>
    <tag k="ele" v="2.9456"/>
  </node>
  <node id="2261" lat="36.84338291201" lon="128.09295939588">
    <tag k="local_x" v="35.1993"/>
    <tag k="local_y" v="-21.1641"/>
    <tag k="ele" v="3.0189"/>
  </node>
  <node id="2262" lat="36.84337583097" lon="128.09296575196">
    <tag k="local_x" v="35.766"/>
    <tag k="local_y" v="-21.9496"/>
    <tag k="ele" v="3.0712"/>
  </node>
  <node id="2263" lat="36.84336791787" lon="128.09297205981">
    <tag k="local_x" v="36.3284"/>
    <tag k="local_y" v="-22.8274"/>
    <tag k="ele" v="3.0862"/>
  </node>
  <node id="2264" lat="36.84336090085" lon="128.09297472021">
    <tag k="local_x" v="36.5656"/>
    <tag k="local_y" v="-23.6058"/>
    <tag k="ele" v="3.1183"/>
  </node>
  <node id="2265" lat="36.84335460861" lon="128.0929745295">
    <tag k="local_x" v="36.5486"/>
    <tag k="local_y" v="-24.3038"/>
    <tag k="ele" v="3.1617"/>
  </node>
  <node id="2266" lat="36.84334766823" lon="128.09297033804">
    <tag k="local_x" v="36.1749"/>
    <tag k="local_y" v="-25.0737"/>
    <tag k="ele" v="3.1943"/>
  </node>
  <node id="2268" lat="36.84332827968" lon="128.09290783674">
    <tag k="local_x" v="30.6024"/>
    <tag k="local_y" v="-27.2245"/>
    <tag k="ele" v="3.2381"/>
  </node>
  <node id="2271" lat="36.843326923" lon="128.09289671158">
    <tag k="local_x" v="29.6105"/>
    <tag k="local_y" v="-27.375"/>
    <tag k="ele" v="3.2839"/>
  </node>
  <node id="2273" lat="36.84332574663" lon="128.09288147238">
    <tag k="local_x" v="28.2518"/>
    <tag k="local_y" v="-27.5055"/>
    <tag k="ele" v="3.3501"/>
  </node>
  <node id="2274" lat="36.84332676086" lon="128.09284972211">
    <tag k="local_x" v="25.421"/>
    <tag k="local_y" v="-27.393"/>
    <tag k="ele" v="3.4485"/>
  </node>
  <node id="2275" lat="36.84332827535" lon="128.09283799578">
    <tag k="local_x" v="24.3755"/>
    <tag k="local_y" v="-27.225"/>
    <tag k="ele" v="3.4985"/>
  </node>
  <node id="2276" lat="36.84332964381" lon="128.09282622459">
    <tag k="local_x" v="23.326"/>
    <tag k="local_y" v="-27.0732"/>
    <tag k="ele" v="3.5651"/>
  </node>
  <node id="2277" lat="36.84333293779" lon="128.09281570847">
    <tag k="local_x" v="22.3884"/>
    <tag k="local_y" v="-26.7078"/>
    <tag k="ele" v="3.6897"/>
  </node>
  <node id="2279" lat="36.84333720986" lon="128.09280601449">
    <tag k="local_x" v="21.5241"/>
    <tag k="local_y" v="-26.2339"/>
    <tag k="ele" v="3.7348"/>
  </node>
  <node id="2280" lat="36.8433421391" lon="128.0927948557">
    <tag k="local_x" v="20.5292"/>
    <tag k="local_y" v="-25.6871"/>
    <tag k="ele" v="3.7311"/>
  </node>
  <node id="2296" lat="36.84337819467" lon="128.09294948875">
    <tag k="local_x" v="34.316"/>
    <tag k="local_y" v="-21.6874"/>
    <tag k="ele" v="3.0273"/>
  </node>
  <node id="2298" lat="36.84337108388" lon="128.09295618916">
    <tag k="local_x" v="34.9134"/>
    <tag k="local_y" v="-22.4762"/>
    <tag k="ele" v="3.0899"/>
  </node>
  <node id="2299" lat="36.84335197278" lon="128.09295769426">
    <tag k="local_x" v="35.0476"/>
    <tag k="local_y" v="-24.5962"/>
    <tag k="ele" v="3.1683"/>
  </node>
  <node id="2300" lat="36.84334804963" lon="128.09294493154">
    <tag k="local_x" v="33.9097"/>
    <tag k="local_y" v="-25.0314"/>
    <tag k="ele" v="3.22"/>
  </node>
  <node id="2301" lat="36.84334534165" lon="128.09293705789">
    <tag k="local_x" v="33.2077"/>
    <tag k="local_y" v="-25.3318"/>
    <tag k="ele" v="3.2483"/>
  </node>
  <node id="2302" lat="36.84334185121" lon="128.09292671334">
    <tag k="local_x" v="32.2854"/>
    <tag k="local_y" v="-25.719"/>
    <tag k="ele" v="3.2566"/>
  </node>
  <node id="2303" lat="36.84333974902" lon="128.0929140213">
    <tag k="local_x" v="31.1538"/>
    <tag k="local_y" v="-25.9522"/>
    <tag k="ele" v="3.2608"/>
  </node>
  <node id="2304" lat="36.84334397584" lon="128.09296435204">
    <tag k="local_x" v="35.6412"/>
    <tag k="local_y" v="-25.4833"/>
    <tag k="ele" v="3.219"/>
  </node>
  <node id="2306" lat="36.84332553483" lon="128.09286594046">
    <tag k="local_x" v="26.867"/>
    <tag k="local_y" v="-27.529"/>
    <tag k="ele" v="3.4227"/>
  </node>
  <node id="2307" lat="36.84333584761" lon="128.09286549522">
    <tag k="local_x" v="26.8273"/>
    <tag k="local_y" v="-26.385"/>
    <tag k="ele" v="3.3846"/>
  </node>
  <node id="2308" lat="36.84335823481" lon="128.09278269983">
    <tag k="local_x" v="19.4454"/>
    <tag k="local_y" v="-23.9016"/>
    <tag k="ele" v="3.7971"/>
  </node>
  <node id="2309" lat="36.8433628242" lon="128.09277032298">
    <tag k="local_x" v="18.3419"/>
    <tag k="local_y" v="-23.3925"/>
    <tag k="ele" v="3.7856"/>
  </node>
  <node id="2310" lat="36.84334576752" lon="128.09278662764">
    <tag k="local_x" v="19.7956"/>
    <tag k="local_y" v="-25.2846"/>
    <tag k="ele" v="3.7414"/>
  </node>
  <node id="2311" lat="36.84335347329" lon="128.09276821995">
    <tag k="local_x" v="18.1544"/>
    <tag k="local_y" v="-24.4298"/>
    <tag k="ele" v="3.7559"/>
  </node>
  <node id="2314" lat="36.8439236619" lon="128.09239992418">
    <tag k="local_x" v="-14.6821"/>
    <tag k="local_y" v="38.8214"/>
    <tag k="ele" v="-0.7977"/>
  </node>
  <node id="2315" lat="36.84392675847" lon="128.09242946288">
    <tag k="local_x" v="-12.0485"/>
    <tag k="local_y" v="39.1649"/>
    <tag k="ele" v="-0.9711"/>
  </node>
  <node id="2317" lat="36.84395789783" lon="128.09242460177">
    <tag k="local_x" v="-12.4819"/>
    <tag k="local_y" v="42.6192"/>
    <tag k="ele" v="-1.0588"/>
  </node>
  <node id="2318" lat="36.84395517807" lon="128.09239557227">
    <tag k="local_x" v="-15.0701"/>
    <tag k="local_y" v="42.3175"/>
    <tag k="ele" v="-1.0141"/>
  </node>
  <node id="2319" lat="36.84392365468" lon="128.0923997851">
    <tag k="local_x" v="-14.6945"/>
    <tag k="local_y" v="38.8206"/>
    <tag k="ele" v="-0.8278"/>
  </node>
  <node id="2358" lat="36.84339799274" lon="128.09293313254">
    <tag k="local_x" v="32.8577"/>
    <tag k="local_y" v="-19.4912"/>
    <tag k="ele" v="2.6284"/>
  </node>
  <node id="2359" lat="36.84340474023" lon="128.0929265768">
    <tag k="local_x" v="32.2732"/>
    <tag k="local_y" v="-18.7427"/>
    <tag k="ele" v="2.3242"/>
  </node>
  <node id="2360" lat="36.84341395057" lon="128.09291122997">
    <tag k="local_x" v="30.9049"/>
    <tag k="local_y" v="-17.721"/>
    <tag k="ele" v="2.0739"/>
  </node>
  <node id="2362" lat="36.84339687848" lon="128.09294761577">
    <tag k="local_x" v="34.149"/>
    <tag k="local_y" v="-19.6148"/>
    <tag k="ele" v="2.8232"/>
  </node>
  <node id="2363" lat="36.84340298953" lon="128.09294312379">
    <tag k="local_x" v="33.7485"/>
    <tag k="local_y" v="-18.9369"/>
    <tag k="ele" v="2.5236"/>
  </node>
  <node id="2365" lat="36.84341027521" lon="128.09293653553">
    <tag k="local_x" v="33.1611"/>
    <tag k="local_y" v="-18.1287"/>
    <tag k="ele" v="2.3907"/>
  </node>
  <node id="2367" lat="36.84341561643" lon="128.09292716794">
    <tag k="local_x" v="32.3259"/>
    <tag k="local_y" v="-17.5362"/>
    <tag k="ele" v="2.0713"/>
  </node>
  <node id="2368" lat="36.84342120555" lon="128.09291877165">
    <tag k="local_x" v="31.5773"/>
    <tag k="local_y" v="-16.9162"/>
    <tag k="ele" v="2.0255"/>
  </node>
  <node id="2370" lat="36.84333668755" lon="128.09294256042">
    <tag k="local_x" v="33.6983"/>
    <tag k="local_y" v="-26.2918"/>
    <tag k="ele" v="3.2286"/>
  </node>
  <node id="2371" lat="36.8433389421" lon="128.09294871353">
    <tag k="local_x" v="34.2469"/>
    <tag k="local_y" v="-26.0417"/>
    <tag k="ele" v="3.2238"/>
  </node>
  <node id="2372" lat="36.84334122549" lon="128.09295622827">
    <tag k="local_x" v="34.9169"/>
    <tag k="local_y" v="-25.7884"/>
    <tag k="ele" v="3.2214"/>
  </node>
  <node id="2373" lat="36.84333245881" lon="128.09293070956">
    <tag k="local_x" v="32.6417"/>
    <tag k="local_y" v="-26.7609"/>
    <tag k="ele" v="3.2334"/>
  </node>
  <node id="2374" lat="36.84333001948" lon="128.09291809827">
    <tag k="local_x" v="31.5173"/>
    <tag k="local_y" v="-27.0315"/>
    <tag k="ele" v="3.2358"/>
  </node>
  <node id="2375" lat="36.84335033483" lon="128.09295213784">
    <tag k="local_x" v="34.5522"/>
    <tag k="local_y" v="-24.7779"/>
    <tag k="ele" v="3.1942"/>
  </node>
  <node id="2376" lat="36.8433641669" lon="128.09296203716">
    <tag k="local_x" v="35.4348"/>
    <tag k="local_y" v="-23.2435"/>
    <tag k="ele" v="3.1291"/>
  </node>
  <node id="2377" lat="36.84335978577" lon="128.09296394947">
    <tag k="local_x" v="35.6053"/>
    <tag k="local_y" v="-23.7295"/>
    <tag k="ele" v="3.1487"/>
  </node>
  <node id="2378" lat="36.84335492687" lon="128.09296306786">
    <tag k="local_x" v="35.5267"/>
    <tag k="local_y" v="-24.2685"/>
    <tag k="ele" v="3.1585"/>
  </node>
  <node id="2379" lat="36.84334966638" lon="128.0927774137">
    <tag k="local_x" v="18.9741"/>
    <tag k="local_y" v="-24.8521"/>
    <tag k="ele" v="3.7487"/>
  </node>
  <node id="2381" lat="36.84345323153" lon="128.09267539414">
    <tag k="local_x" v="9.8782"/>
    <tag k="local_y" v="-13.3636"/>
    <tag k="ele" v="3.3592"/>
  </node>
  <node id="2383" lat="36.84347601432" lon="128.09265883483">
    <tag k="local_x" v="8.4018"/>
    <tag k="local_y" v="-10.8363"/>
    <tag k="ele" v="3.2847"/>
  </node>
  <node id="2385" lat="36.84346740981" lon="128.09266506084">
    <tag k="local_x" v="8.9569"/>
    <tag k="local_y" v="-11.7908"/>
    <tag k="ele" v="3.3126"/>
  </node>
  <node id="2386" lat="36.84346026298" lon="128.09266989606">
    <tag k="local_x" v="9.388"/>
    <tag k="local_y" v="-12.5836"/>
    <tag k="ele" v="3.3173"/>
  </node>
  <node id="2387" lat="36.84344887114" lon="128.09267843817">
    <tag k="local_x" v="10.1496"/>
    <tag k="local_y" v="-13.8473"/>
    <tag k="ele" v="3.3778"/>
  </node>
  <node id="2388" lat="36.84346378953" lon="128.09265550253">
    <tag k="local_x" v="8.1047"/>
    <tag k="local_y" v="-12.1924"/>
    <tag k="ele" v="3.2679"/>
  </node>
  <node id="2389" lat="36.84345554741" lon="128.09266098828">
    <tag k="local_x" v="8.5938"/>
    <tag k="local_y" v="-13.1067"/>
    <tag k="ele" v="3.2873"/>
  </node>
  <node id="2390" lat="36.84347254007" lon="128.09264924288">
    <tag k="local_x" v="7.5466"/>
    <tag k="local_y" v="-11.2217"/>
    <tag k="ele" v="3.2485"/>
  </node>
  <node id="2392" lat="36.84344882517" lon="128.09266597716">
    <tag k="local_x" v="9.0386"/>
    <tag k="local_y" v="-13.8524"/>
    <tag k="ele" v="3.3018"/>
  </node>
  <node id="2393" lat="36.84344456844" lon="128.09266913559">
    <tag k="local_x" v="9.3202"/>
    <tag k="local_y" v="-14.3246"/>
    <tag k="ele" v="3.3042"/>
  </node>
  <node id="2394" lat="36.84350781178" lon="128.09262713836">
    <tag k="local_x" v="5.5758"/>
    <tag k="local_y" v="-7.309"/>
    <tag k="ele" v="3.2446"/>
  </node>
  <node id="2396" lat="36.84350283928" lon="128.09262991993">
    <tag k="local_x" v="5.8238"/>
    <tag k="local_y" v="-7.8606"/>
    <tag k="ele" v="3.2587"/>
  </node>
  <node id="2397" lat="36.84349806331" lon="128.09263277329">
    <tag k="local_x" v="6.0782"/>
    <tag k="local_y" v="-8.3904"/>
    <tag k="ele" v="3.2658"/>
  </node>
  <node id="2398" lat="36.84351202433" lon="128.09262426594">
    <tag k="local_x" v="5.3197"/>
    <tag k="local_y" v="-6.8417"/>
    <tag k="ele" v="3.2234"/>
  </node>
  <node id="2399" lat="36.84350651907" lon="128.09263889388">
    <tag k="local_x" v="6.6239"/>
    <tag k="local_y" v="-7.4524"/>
    <tag k="ele" v="3.1715"/>
  </node>
  <node id="2400" lat="36.84350222538" lon="128.09264127056">
    <tag k="local_x" v="6.8358"/>
    <tag k="local_y" v="-7.9287"/>
    <tag k="ele" v="3.1639"/>
  </node>
  <node id="2401" lat="36.84351121391" lon="128.09263591267">
    <tag k="local_x" v="6.3581"/>
    <tag k="local_y" v="-6.9316"/>
    <tag k="ele" v="3.1791"/>
  </node>
  <node id="2402" lat="36.84351552292" lon="128.09263312773">
    <tag k="local_x" v="6.1098"/>
    <tag k="local_y" v="-6.4536"/>
    <tag k="ele" v="3.1829"/>
  </node>
  <node id="2403" lat="36.84394343101" lon="128.09236733801">
    <tag k="local_x" v="-17.5874"/>
    <tag k="local_y" v="41.0144"/>
    <tag k="ele" v="-0.914"/>
  </node>
  <node id="2404" lat="36.84398951683" lon="128.09264032552">
    <tag k="local_x" v="6.7515"/>
    <tag k="local_y" v="46.1267"/>
    <tag k="ele" v="-1.024"/>
  </node>
  <node id="2405" lat="36.84398871815" lon="128.09261386898">
    <tag k="local_x" v="4.3927"/>
    <tag k="local_y" v="46.0381"/>
    <tag k="ele" v="-1.0578"/>
  </node>
  <node id="2406" lat="36.84398886418" lon="128.09262168436">
    <tag k="local_x" v="5.0895"/>
    <tag k="local_y" v="46.0543"/>
    <tag k="ele" v="-1.0409"/>
  </node>
  <node id="2407" lat="36.8439891265" lon="128.09263142667">
    <tag k="local_x" v="5.9581"/>
    <tag k="local_y" v="46.0834"/>
    <tag k="ele" v="-1.0324"/>
  </node>
  <node id="2408" lat="36.84397449931" lon="128.09262064462">
    <tag k="local_x" v="4.9968"/>
    <tag k="local_y" v="44.4608"/>
    <tag k="ele" v="-0.9543"/>
  </node>
  <node id="2409" lat="36.84397465797" lon="128.09262622014">
    <tag k="local_x" v="5.4939"/>
    <tag k="local_y" v="44.4784"/>
    <tag k="ele" v="-0.9552"/>
  </node>
  <node id="2410" lat="36.84397457773" lon="128.09263270417">
    <tag k="local_x" v="6.072"/>
    <tag k="local_y" v="44.4695"/>
    <tag k="ele" v="-0.9557"/>
  </node>
  <way id="28">
    <nd ref="26"/>
    <nd ref="27"/>
    <tag k="type" v="line_thin"/>
    <tag k="subtype" v="solid"/>
  </way>
  <way id="31">
    <nd ref="29"/>
    <nd ref="30"/>
    <tag k="type" v="line_thin"/>
    <tag k="subtype" v="solid"/>
  </way>
  <way id="54">
    <nd ref="52"/>
    <nd ref="53"/>
    <nd ref="187"/>
    <nd ref="188"/>
    <nd ref="59"/>
    <tag k="type" v="line_thin"/>
    <tag k="subtype" v="solid"/>
  </way>
  <way id="57">
    <nd ref="55"/>
    <nd ref="56"/>
    <nd ref="189"/>
    <nd ref="190"/>
    <nd ref="60"/>
    <tag k="type" v="line_thin"/>
    <tag k="subtype" v="solid"/>
  </way>
  <way id="128">
    <nd ref="126"/>
    <nd ref="127"/>
    <nd ref="133"/>
    <nd ref="2057"/>
    <nd ref="2058"/>
    <nd ref="135"/>
    <tag k="type" v="line_thin"/>
    <tag k="subtype" v="solid"/>
  </way>
  <way id="131">
    <nd ref="129"/>
    <nd ref="130"/>
    <nd ref="134"/>
    <nd ref="2055"/>
    <nd ref="2056"/>
    <nd ref="136"/>
    <tag k="type" v="line_thin"/>
    <tag k="subtype" v="solid"/>
  </way>
  <way id="160">
    <nd ref="69"/>
    <nd ref="791"/>
    <nd ref="798"/>
    <nd ref="799"/>
    <nd ref="71"/>
    <tag k="type" v="line_thin"/>
    <tag k="subtype" v="solid"/>
  </way>
  <way id="162">
    <nd ref="68"/>
    <nd ref="790"/>
    <nd ref="800"/>
    <nd ref="801"/>
    <nd ref="70"/>
    <tag k="type" v="line_thin"/>
    <tag k="subtype" v="solid"/>
  </way>
  <way id="164">
    <nd ref="64"/>
    <nd ref="755"/>
    <nd ref="762"/>
    <nd ref="786"/>
    <nd ref="787"/>
    <nd ref="65"/>
    <tag k="type" v="line_thin"/>
    <tag k="subtype" v="solid"/>
  </way>
  <way id="166">
    <nd ref="61"/>
    <nd ref="757"/>
    <nd ref="784"/>
    <nd ref="785"/>
    <nd ref="62"/>
    <tag k="type" v="line_thin"/>
    <tag k="subtype" v="solid"/>
  </way>
  <way id="711">
    <nd ref="51"/>
    <nd ref="55"/>
    <tag k="type" v="line_thin"/>
    <tag k="subtype" v="solid"/>
  </way>
  <way id="712">
    <nd ref="50"/>
    <nd ref="52"/>
    <tag k="type" v="line_thin"/>
    <tag k="subtype" v="solid"/>
  </way>
  <way id="749">
    <nd ref="65"/>
    <nd ref="733"/>
    <nd ref="734"/>
    <nd ref="735"/>
    <nd ref="737"/>
    <nd ref="738"/>
    <nd ref="739"/>
    <nd ref="740"/>
    <nd ref="789"/>
    <nd ref="69"/>
    <tag k="type" v="line_thin"/>
    <tag k="subtype" v="solid"/>
  </way>
  <way id="750">
    <nd ref="62"/>
    <nd ref="741"/>
    <nd ref="742"/>
    <nd ref="743"/>
    <nd ref="744"/>
    <nd ref="745"/>
    <nd ref="746"/>
    <nd ref="747"/>
    <nd ref="748"/>
    <nd ref="788"/>
    <nd ref="68"/>
    <tag k="type" v="line_thin"/>
    <tag k="subtype" v="solid"/>
  </way>
  <way id="780">
    <nd ref="60"/>
    <nd ref="766"/>
    <nd ref="767"/>
    <nd ref="769"/>
    <nd ref="772"/>
    <nd ref="64"/>
    <tag k="type" v="line_thin"/>
    <tag k="subtype" v="solid"/>
  </way>
  <way id="781">
    <nd ref="59"/>
    <nd ref="2403"/>
    <nd ref="777"/>
    <nd ref="61"/>
    <tag k="type" v="line_thin"/>
    <tag k="subtype" v="solid"/>
  </way>
  <way id="803">
    <nd ref="49"/>
    <nd ref="169"/>
    <nd ref="170"/>
    <nd ref="171"/>
    <nd ref="172"/>
    <nd ref="173"/>
    <nd ref="174"/>
    <nd ref="175"/>
    <nd ref="51"/>
    <tag k="type" v="line_thin"/>
    <tag k="subtype" v="solid"/>
  </way>
  <way id="805">
    <nd ref="48"/>
    <nd ref="176"/>
    <nd ref="177"/>
    <nd ref="178"/>
    <nd ref="179"/>
    <nd ref="180"/>
    <nd ref="181"/>
    <nd ref="182"/>
    <nd ref="50"/>
    <tag k="type" v="line_thin"/>
    <tag k="subtype" v="solid"/>
  </way>
  <way id="839">
    <nd ref="656"/>
    <nd ref="691"/>
    <nd ref="696"/>
    <nd ref="697"/>
    <nd ref="844"/>
    <nd ref="845"/>
    <nd ref="846"/>
    <nd ref="683"/>
    <tag k="type" v="line_thin"/>
    <tag k="subtype" v="solid"/>
  </way>
  <way id="840">
    <nd ref="653"/>
    <nd ref="689"/>
    <nd ref="699"/>
    <nd ref="700"/>
    <nd ref="841"/>
    <nd ref="842"/>
    <nd ref="843"/>
    <nd ref="680"/>
    <tag k="type" v="line_thin"/>
    <tag k="subtype" v="solid"/>
  </way>
  <way id="852">
    <nd ref="4"/>
    <nd ref="2393"/>
    <nd ref="2392"/>
    <nd ref="2389"/>
    <nd ref="2388"/>
    <nd ref="2390"/>
    <nd ref="5"/>
    <nd ref="185"/>
    <nd ref="2397"/>
    <nd ref="2396"/>
    <nd ref="2394"/>
    <nd ref="2398"/>
    <nd ref="186"/>
    <tag k="type" v="line_thin"/>
    <tag k="subtype" v="solid"/>
  </way>
  <way id="854">
    <nd ref="1"/>
    <nd ref="2387"/>
    <nd ref="2381"/>
    <nd ref="2386"/>
    <nd ref="2385"/>
    <nd ref="2383"/>
    <nd ref="2"/>
    <nd ref="183"/>
    <nd ref="2400"/>
    <nd ref="2399"/>
    <nd ref="2401"/>
    <nd ref="2402"/>
    <nd ref="184"/>
    <tag k="type" v="line_thin"/>
    <tag k="subtype" v="solid"/>
  </way>
  <way id="884">
    <nd ref="683"/>
    <nd ref="684"/>
    <nd ref="688"/>
    <nd ref="822"/>
    <nd ref="865"/>
    <nd ref="869"/>
    <tag k="type" v="line_thin"/>
    <tag k="subtype" v="solid"/>
  </way>
  <way id="885">
    <nd ref="869"/>
    <nd ref="875"/>
    <nd ref="876"/>
    <nd ref="882"/>
    <nd ref="896"/>
    <nd ref="4"/>
    <tag k="type" v="line_thin"/>
    <tag k="subtype" v="solid"/>
  </way>
  <way id="886">
    <nd ref="680"/>
    <nd ref="681"/>
    <nd ref="687"/>
    <nd ref="816"/>
    <nd ref="821"/>
    <nd ref="868"/>
    <tag k="type" v="line_thin"/>
    <tag k="subtype" v="solid"/>
  </way>
  <way id="887">
    <nd ref="868"/>
    <nd ref="877"/>
    <nd ref="878"/>
    <nd ref="879"/>
    <nd ref="898"/>
    <nd ref="1"/>
    <tag k="type" v="line_thin"/>
    <tag k="subtype" v="solid"/>
  </way>
  <way id="935">
    <nd ref="186"/>
    <nd ref="901"/>
    <nd ref="905"/>
    <nd ref="909"/>
    <nd ref="911"/>
    <nd ref="939"/>
    <nd ref="940"/>
    <nd ref="29"/>
    <tag k="type" v="line_thin"/>
    <tag k="subtype" v="solid"/>
  </way>
  <way id="936">
    <nd ref="184"/>
    <nd ref="899"/>
    <nd ref="906"/>
    <nd ref="910"/>
    <nd ref="912"/>
    <nd ref="937"/>
    <nd ref="938"/>
    <nd ref="26"/>
    <tag k="type" v="line_thin"/>
    <tag k="subtype" v="solid"/>
  </way>
  <way id="950">
    <nd ref="37"/>
    <nd ref="41"/>
    <nd ref="43"/>
    <nd ref="45"/>
    <nd ref="47"/>
    <nd ref="810"/>
    <nd ref="811"/>
    <nd ref="812"/>
    <nd ref="49"/>
    <tag k="type" v="line_thin"/>
    <tag k="subtype" v="solid"/>
  </way>
  <way id="952">
    <nd ref="34"/>
    <nd ref="40"/>
    <nd ref="42"/>
    <nd ref="44"/>
    <nd ref="46"/>
    <nd ref="807"/>
    <nd ref="808"/>
    <nd ref="809"/>
    <nd ref="48"/>
    <tag k="type" v="line_thin"/>
    <tag k="subtype" v="solid"/>
  </way>
  <way id="954">
    <nd ref="30"/>
    <nd ref="919"/>
    <nd ref="925"/>
    <nd ref="927"/>
    <nd ref="944"/>
    <nd ref="945"/>
    <nd ref="36"/>
    <nd ref="957"/>
    <nd ref="958"/>
    <nd ref="37"/>
    <tag k="type" v="line_thin"/>
    <tag k="subtype" v="solid"/>
  </way>
  <way id="955">
    <nd ref="27"/>
    <nd ref="917"/>
    <nd ref="924"/>
    <nd ref="928"/>
    <nd ref="946"/>
    <nd ref="33"/>
    <nd ref="959"/>
    <nd ref="961"/>
    <nd ref="962"/>
    <nd ref="34"/>
    <tag k="type" v="line_thin"/>
    <tag k="subtype" v="solid"/>
  </way>
  <way id="1088">
    <nd ref="426"/>
    <nd ref="565"/>
    <nd ref="568"/>
    <nd ref="437"/>
    <nd ref="607"/>
    <nd ref="438"/>
    <tag k="type" v="line_thin"/>
    <tag k="subtype" v="solid"/>
  </way>
  <way id="1089">
    <nd ref="425"/>
    <nd ref="569"/>
    <nd ref="572"/>
    <nd ref="434"/>
    <nd ref="606"/>
    <nd ref="435"/>
    <tag k="type" v="line_thin"/>
    <tag k="subtype" v="solid"/>
  </way>
  <way id="1094">
    <nd ref="237"/>
    <nd ref="238"/>
    <nd ref="239"/>
    <nd ref="100"/>
    <nd ref="342"/>
    <nd ref="343"/>
    <nd ref="344"/>
    <nd ref="345"/>
    <nd ref="346"/>
    <nd ref="129"/>
    <tag k="type" v="line_thin"/>
    <tag k="subtype" v="solid"/>
  </way>
  <way id="1095">
    <nd ref="240"/>
    <nd ref="241"/>
    <nd ref="242"/>
    <nd ref="99"/>
    <nd ref="347"/>
    <nd ref="349"/>
    <nd ref="350"/>
    <nd ref="351"/>
    <nd ref="126"/>
    <tag k="type" v="line_thin"/>
    <tag k="subtype" v="solid"/>
  </way>
  <way id="1103">
    <nd ref="71"/>
    <nd ref="795"/>
    <nd ref="796"/>
    <nd ref="797"/>
    <nd ref="82"/>
    <nd ref="2405"/>
    <nd ref="2406"/>
    <nd ref="2407"/>
    <nd ref="2404"/>
    <nd ref="83"/>
    <tag k="type" v="line_thin"/>
    <tag k="subtype" v="solid"/>
  </way>
  <way id="1104">
    <nd ref="70"/>
    <nd ref="792"/>
    <nd ref="793"/>
    <nd ref="794"/>
    <nd ref="79"/>
    <nd ref="2408"/>
    <nd ref="2409"/>
    <nd ref="2410"/>
    <nd ref="80"/>
    <tag k="type" v="line_thin"/>
    <tag k="subtype" v="solid"/>
  </way>
  <way id="1210">
    <nd ref="1208"/>
    <nd ref="1212"/>
    <nd ref="1213"/>
    <nd ref="1217"/>
    <nd ref="1218"/>
    <nd ref="1208"/>
    <tag k="type" v="line_thin"/>
    <tag k="subtype" v="solid"/>
  </way>
  <way id="1232">
    <nd ref="1222"/>
    <nd ref="1225"/>
    <nd ref="1226"/>
    <nd ref="1230"/>
    <nd ref="1231"/>
    <nd ref="1222"/>
    <tag k="type" v="line_thin"/>
    <tag k="subtype" v="solid"/>
  </way>
  <way id="1244">
    <nd ref="1234"/>
    <nd ref="1237"/>
    <nd ref="1238"/>
    <nd ref="1242"/>
    <nd ref="1243"/>
    <nd ref="1234"/>
    <tag k="type" v="line_thin"/>
    <tag k="subtype" v="solid"/>
  </way>
  <way id="1253">
    <nd ref="1246"/>
    <nd ref="1247"/>
    <nd ref="1248"/>
    <nd ref="1251"/>
    <nd ref="1252"/>
    <nd ref="1246"/>
    <tag k="type" v="line_thin"/>
    <tag k="subtype" v="solid"/>
  </way>
  <way id="1262">
    <nd ref="1255"/>
    <nd ref="1256"/>
    <nd ref="1257"/>
    <nd ref="1260"/>
    <nd ref="1261"/>
    <nd ref="1255"/>
    <tag k="type" v="line_thin"/>
    <tag k="subtype" v="solid"/>
  </way>
  <way id="1271">
    <nd ref="1264"/>
    <nd ref="1265"/>
    <nd ref="1266"/>
    <nd ref="1269"/>
    <nd ref="1270"/>
    <nd ref="1264"/>
    <tag k="type" v="line_thin"/>
    <tag k="subtype" v="solid"/>
  </way>
  <way id="1280">
    <nd ref="1273"/>
    <nd ref="1274"/>
    <nd ref="1275"/>
    <nd ref="1278"/>
    <nd ref="1279"/>
    <nd ref="1273"/>
    <tag k="type" v="line_thin"/>
    <tag k="subtype" v="solid"/>
  </way>
  <way id="1292">
    <nd ref="1282"/>
    <nd ref="1285"/>
    <nd ref="1286"/>
    <nd ref="1290"/>
    <nd ref="1291"/>
    <nd ref="1282"/>
    <tag k="type" v="line_thin"/>
    <tag k="subtype" v="solid"/>
  </way>
  <way id="1304">
    <nd ref="1294"/>
    <nd ref="1297"/>
    <nd ref="1298"/>
    <nd ref="1302"/>
    <nd ref="1303"/>
    <nd ref="1294"/>
    <tag k="type" v="line_thin"/>
    <tag k="subtype" v="solid"/>
  </way>
  <way id="1316">
    <nd ref="1306"/>
    <nd ref="1309"/>
    <nd ref="1310"/>
    <nd ref="1314"/>
    <nd ref="1315"/>
    <nd ref="1306"/>
    <tag k="type" v="line_thin"/>
    <tag k="subtype" v="solid"/>
  </way>
  <way id="1328">
    <nd ref="1318"/>
    <nd ref="1321"/>
    <nd ref="1322"/>
    <nd ref="1326"/>
    <nd ref="1327"/>
    <nd ref="1318"/>
    <tag k="type" v="line_thin"/>
    <tag k="subtype" v="solid"/>
  </way>
  <way id="1340">
    <nd ref="1330"/>
    <nd ref="1333"/>
    <nd ref="1334"/>
    <nd ref="1338"/>
    <nd ref="1339"/>
    <nd ref="1330"/>
    <tag k="type" v="line_thin"/>
    <tag k="subtype" v="solid"/>
  </way>
  <way id="1352">
    <nd ref="1342"/>
    <nd ref="1345"/>
    <nd ref="1346"/>
    <nd ref="1350"/>
    <nd ref="1351"/>
    <nd ref="1342"/>
    <tag k="type" v="line_thin"/>
    <tag k="subtype" v="solid"/>
  </way>
  <way id="1409">
    <nd ref="1407"/>
    <nd ref="1739"/>
    <nd ref="1738"/>
    <nd ref="1737"/>
    <nd ref="1736"/>
    <nd ref="1734"/>
    <nd ref="1733"/>
    <nd ref="1732"/>
    <nd ref="1731"/>
    <nd ref="1730"/>
    <nd ref="1729"/>
    <nd ref="1728"/>
    <nd ref="1727"/>
    <nd ref="1726"/>
    <nd ref="1725"/>
    <nd ref="1724"/>
    <nd ref="1723"/>
    <nd ref="1722"/>
    <nd ref="1721"/>
    <nd ref="1720"/>
    <nd ref="1719"/>
    <nd ref="1408"/>
    <tag k="type" v="line_thin"/>
    <tag k="subtype" v="solid"/>
  </way>
  <way id="1412">
    <nd ref="1410"/>
    <nd ref="1740"/>
    <nd ref="1741"/>
    <nd ref="1742"/>
    <nd ref="1743"/>
    <nd ref="1744"/>
    <nd ref="1745"/>
    <nd ref="1746"/>
    <nd ref="1747"/>
    <nd ref="1748"/>
    <nd ref="1749"/>
    <nd ref="1750"/>
    <nd ref="1751"/>
    <nd ref="1753"/>
    <nd ref="1754"/>
    <nd ref="1755"/>
    <nd ref="1757"/>
    <nd ref="1758"/>
    <nd ref="1764"/>
    <nd ref="1761"/>
    <nd ref="1411"/>
    <tag k="type" v="line_thin"/>
    <tag k="subtype" v="solid"/>
  </way>
  <way id="1689">
    <nd ref="1586"/>
    <nd ref="1674"/>
    <tag k="type" v="line_thin"/>
    <tag k="subtype" v="solid"/>
  </way>
  <way id="1690">
    <nd ref="1585"/>
    <nd ref="1676"/>
    <tag k="type" v="line_thin"/>
    <tag k="subtype" v="solid"/>
  </way>
  <way id="1691">
    <nd ref="1587"/>
    <nd ref="1678"/>
    <tag k="type" v="line_thin"/>
    <tag k="subtype" v="solid"/>
  </way>
  <way id="1692">
    <nd ref="1588"/>
    <nd ref="1680"/>
    <tag k="type" v="line_thin"/>
    <tag k="subtype" v="solid"/>
  </way>
  <way id="1693">
    <nd ref="1589"/>
    <nd ref="1682"/>
    <tag k="type" v="line_thin"/>
    <tag k="subtype" v="solid"/>
  </way>
  <way id="1694">
    <nd ref="1590"/>
    <nd ref="1684"/>
    <tag k="type" v="line_thin"/>
    <tag k="subtype" v="solid"/>
  </way>
  <way id="1776">
    <nd ref="1722"/>
    <nd ref="1757"/>
    <nd ref="1758"/>
    <nd ref="1721"/>
    <nd ref="1722"/>
    <tag k="type" v="pedestrian_marking"/>
    <tag k="subtype" v="solid"/>
  </way>
  <way id="1780">
    <nd ref="1753"/>
    <nd ref="1725"/>
    <nd ref="1726"/>
    <nd ref="1751"/>
    <nd ref="1753"/>
    <tag k="type" v="pedestrian_marking"/>
    <tag k="subtype" v="solid"/>
  </way>
  <way id="1783">
    <nd ref="1747"/>
    <nd ref="1730"/>
    <nd ref="1729"/>
    <nd ref="1748"/>
    <nd ref="1747"/>
    <tag k="type" v="pedestrian_marking"/>
    <tag k="subtype" v="solid"/>
  </way>
  <way id="1787">
    <nd ref="1733"/>
    <nd ref="1744"/>
    <nd ref="1743"/>
    <nd ref="1734"/>
    <nd ref="1733"/>
    <tag k="type" v="pedestrian_marking"/>
    <tag k="subtype" v="solid"/>
  </way>
  <way id="1803">
    <nd ref="1719"/>
    <nd ref="1720"/>
    <nd ref="1764"/>
    <nd ref="1761"/>
    <nd ref="1719"/>
    <tag k="type" v="pedestrian_marking"/>
    <tag k="subtype" v="solid"/>
  </way>
  <way id="1810">
    <nd ref="1724"/>
    <nd ref="1754"/>
    <nd ref="1755"/>
    <nd ref="1723"/>
    <nd ref="1724"/>
    <tag k="type" v="pedestrian_marking"/>
    <tag k="subtype" v="solid"/>
  </way>
  <way id="1826">
    <nd ref="1749"/>
    <nd ref="1750"/>
    <nd ref="1727"/>
    <nd ref="1728"/>
    <nd ref="1749"/>
    <tag k="type" v="pedestrian_marking"/>
    <tag k="subtype" v="solid"/>
  </way>
  <way id="1834">
    <nd ref="1741"/>
    <nd ref="1742"/>
    <nd ref="1736"/>
    <nd ref="1737"/>
    <nd ref="1741"/>
    <tag k="type" v="pedestrian_marking"/>
    <tag k="subtype" v="solid"/>
  </way>
  <way id="1835">
    <nd ref="1738"/>
    <nd ref="1740"/>
    <nd ref="1410"/>
    <nd ref="1739"/>
    <nd ref="1738"/>
    <tag k="type" v="pedestrian_marking"/>
    <tag k="subtype" v="solid"/>
  </way>
  <way id="1836">
    <nd ref="1625"/>
    <nd ref="1673"/>
    <tag k="type" v="parking_space"/>
    <tag k="subtype" v="dashed"/>
    <tag k="widht" v="1.9"/>
  </way>
  <way id="1837">
    <nd ref="1627"/>
    <nd ref="1675"/>
    <tag k="type" v="parking_space"/>
    <tag k="subtype" v="dashed"/>
    <tag k="width" v="1.9"/>
  </way>
  <way id="1838">
    <nd ref="1628"/>
    <nd ref="1677"/>
    <tag k="type" v="parking_space"/>
    <tag k="subtype" v="dashed"/>
    <tag k="width" v="1.9"/>
  </way>
  <way id="1839">
    <nd ref="1629"/>
    <nd ref="1679"/>
    <tag k="type" v="parking_space"/>
    <tag k="subtype" v="dashed"/>
    <tag k="width" v="1.9"/>
  </way>
  <way id="1840">
    <nd ref="1630"/>
    <nd ref="1681"/>
    <tag k="type" v="parking_space"/>
    <tag k="subtype" v="dashed"/>
    <tag k="width" v="1.9"/>
  </way>
  <way id="1841">
    <nd ref="1632"/>
    <nd ref="1683"/>
    <tag k="type" v="parking_space"/>
    <tag k="subtype" v="dashed"/>
    <tag k="width" v="1.9"/>
  </way>
  <way id="1842">
    <nd ref="1633"/>
    <nd ref="1685"/>
    <tag k="type" v="parking_space"/>
    <tag k="subtype" v="dashed"/>
    <tag k="width" v="1.9"/>
  </way>
  <way id="1846">
    <nd ref="1868"/>
    <nd ref="1633"/>
    <nd ref="1590"/>
    <nd ref="1632"/>
    <nd ref="1589"/>
    <nd ref="1630"/>
    <nd ref="1588"/>
    <nd ref="1629"/>
    <nd ref="1587"/>
    <nd ref="1628"/>
    <nd ref="1585"/>
    <nd ref="1627"/>
    <nd ref="1586"/>
    <nd ref="1625"/>
    <nd ref="1598"/>
    <nd ref="1672"/>
    <nd ref="1673"/>
    <nd ref="1674"/>
    <nd ref="1675"/>
    <nd ref="1676"/>
    <nd ref="1677"/>
    <nd ref="1678"/>
    <nd ref="1679"/>
    <nd ref="1680"/>
    <nd ref="1681"/>
    <nd ref="1682"/>
    <nd ref="1683"/>
    <nd ref="1684"/>
    <nd ref="1685"/>
    <nd ref="1866"/>
    <nd ref="1856"/>
    <nd ref="1851"/>
    <nd ref="1848"/>
    <nd ref="1855"/>
    <nd ref="1868"/>
    <tag k="type" v="line_thin"/>
    <tag k="subtype" v="solid"/>
  </way>
  <way id="1857">
    <nd ref="1855"/>
    <nd ref="1856"/>
    <tag k="type" v="parking_space"/>
    <tag k="subtype" v="dashed"/>
    <tag k="width" v="1.9"/>
  </way>
  <way id="1872">
    <nd ref="1866"/>
    <nd ref="1868"/>
    <tag k="type" v="line_thin"/>
    <tag k="subtype" v="solid"/>
  </way>
  <way id="1888">
    <nd ref="1876"/>
    <nd ref="1884"/>
    <tag k="type" v="line_thin"/>
    <tag k="subtype" v="solid"/>
  </way>
  <way id="1889">
    <nd ref="1883"/>
    <nd ref="1874"/>
    <tag k="type" v="line_thin"/>
    <tag k="subtype" v="solid"/>
  </way>
  <way id="1890">
    <nd ref="1851"/>
    <nd ref="1873"/>
    <nd ref="1893"/>
    <nd ref="1874"/>
    <nd ref="1895"/>
    <nd ref="1876"/>
    <nd ref="1897"/>
    <nd ref="1878"/>
    <nd ref="1885"/>
    <nd ref="1896"/>
    <nd ref="1884"/>
    <nd ref="1894"/>
    <nd ref="1883"/>
    <nd ref="1892"/>
    <nd ref="1848"/>
    <tag k="type" v="line_thin"/>
    <tag k="subtype" v="solid"/>
  </way>
  <way id="1898">
    <nd ref="1892"/>
    <nd ref="1893"/>
    <tag k="type" v="parking_space"/>
    <tag k="subtype" v="dashed"/>
    <tag k="width" v="1.9"/>
  </way>
  <way id="1899">
    <nd ref="1894"/>
    <nd ref="1895"/>
    <tag k="type" v="parking_space"/>
    <tag k="subtype" v="dashed"/>
    <tag k="width" v="1.9"/>
  </way>
  <way id="1900">
    <nd ref="1896"/>
    <nd ref="1897"/>
    <tag k="type" v="parking_space"/>
    <tag k="subtype" v="dashed"/>
    <tag k="width" v="1.9"/>
  </way>
  <way id="1995">
    <nd ref="1901"/>
    <nd ref="1915"/>
    <nd ref="1904"/>
    <nd ref="1916"/>
    <nd ref="1905"/>
    <nd ref="1917"/>
    <nd ref="1906"/>
    <nd ref="1918"/>
    <nd ref="1907"/>
    <nd ref="1919"/>
    <nd ref="1908"/>
    <nd ref="1920"/>
    <nd ref="1909"/>
    <nd ref="1921"/>
    <nd ref="1910"/>
    <nd ref="1922"/>
    <nd ref="1911"/>
    <nd ref="1923"/>
    <nd ref="1912"/>
    <nd ref="1924"/>
    <nd ref="1913"/>
    <nd ref="1925"/>
    <nd ref="1914"/>
    <nd ref="1996"/>
    <nd ref="1994"/>
    <nd ref="1993"/>
    <nd ref="2029"/>
    <nd ref="1999"/>
    <nd ref="2028"/>
    <nd ref="2000"/>
    <nd ref="2026"/>
    <nd ref="2001"/>
    <nd ref="2025"/>
    <nd ref="1992"/>
    <nd ref="1991"/>
    <nd ref="2024"/>
    <nd ref="2002"/>
    <nd ref="2023"/>
    <nd ref="2003"/>
    <nd ref="2022"/>
    <nd ref="2004"/>
    <nd ref="2021"/>
    <nd ref="1990"/>
    <nd ref="2020"/>
    <nd ref="1989"/>
    <nd ref="2019"/>
    <nd ref="1988"/>
    <nd ref="2018"/>
    <nd ref="1986"/>
    <nd ref="2017"/>
    <nd ref="1979"/>
    <nd ref="1901"/>
    <tag k="type" v="line_thin"/>
    <tag k="subtype" v="solid"/>
  </way>
  <way id="2006">
    <nd ref="1904"/>
    <nd ref="1986"/>
    <tag k="type" v="line_thin"/>
    <tag k="subtype" v="solid"/>
  </way>
  <way id="2007">
    <nd ref="1905"/>
    <nd ref="1988"/>
    <tag k="type" v="line_thin"/>
    <tag k="subtype" v="solid"/>
  </way>
  <way id="2008">
    <nd ref="1906"/>
    <nd ref="1989"/>
    <tag k="type" v="line_thin"/>
    <tag k="subtype" v="solid"/>
  </way>
  <way id="2009">
    <nd ref="1907"/>
    <nd ref="1990"/>
    <tag k="type" v="line_thin"/>
    <tag k="subtype" v="solid"/>
  </way>
  <way id="2010">
    <nd ref="1908"/>
    <nd ref="2004"/>
    <tag k="type" v="line_thin"/>
    <tag k="subtype" v="solid"/>
  </way>
  <way id="2011">
    <nd ref="1909"/>
    <nd ref="2003"/>
    <tag k="type" v="line_thin"/>
    <tag k="subtype" v="solid"/>
  </way>
  <way id="2012">
    <nd ref="1910"/>
    <nd ref="2002"/>
    <tag k="type" v="line_thin"/>
    <tag k="subtype" v="solid"/>
  </way>
  <way id="2013">
    <nd ref="1911"/>
    <nd ref="1991"/>
    <tag k="type" v="line_thin"/>
    <tag k="subtype" v="solid"/>
  </way>
  <way id="2014">
    <nd ref="1912"/>
    <nd ref="2001"/>
    <tag k="type" v="line_thin"/>
    <tag k="subtype" v="solid"/>
  </way>
  <way id="2015">
    <nd ref="1913"/>
    <nd ref="2000"/>
    <tag k="type" v="line_thin"/>
    <tag k="subtype" v="solid"/>
  </way>
  <way id="2016">
    <nd ref="1914"/>
    <nd ref="1999"/>
    <tag k="type" v="line_thin"/>
    <tag k="subtype" v="solid"/>
  </way>
  <way id="2030">
    <nd ref="1915"/>
    <nd ref="2017"/>
    <tag k="type" v="parking_space"/>
    <tag k="subtype" v="dashed"/>
    <tag k="width" v="1.9"/>
  </way>
  <way id="2031">
    <nd ref="1916"/>
    <nd ref="2018"/>
    <tag k="type" v="parking_space"/>
    <tag k="subtype" v="dashed"/>
    <tag k="width" v="1.9"/>
  </way>
  <way id="2032">
    <nd ref="1917"/>
    <nd ref="2019"/>
    <tag k="type" v="parking_space"/>
    <tag k="subtype" v="dashed"/>
    <tag k="width" v="1.9"/>
  </way>
  <way id="2033">
    <nd ref="1918"/>
    <nd ref="2020"/>
    <tag k="type" v="parking_space"/>
    <tag k="subtype" v="dashed"/>
    <tag k="width" v="1.9"/>
  </way>
  <way id="2034">
    <nd ref="1919"/>
    <nd ref="2021"/>
    <tag k="type" v="parking_space"/>
    <tag k="subtype" v="dashed"/>
    <tag k="width" v="1.9"/>
  </way>
  <way id="2035">
    <nd ref="1921"/>
    <nd ref="2023"/>
    <tag k="type" v="parking_space"/>
    <tag k="subtype" v="dashed"/>
    <tag k="width" v="1.9"/>
  </way>
  <way id="2036">
    <nd ref="1922"/>
    <nd ref="2024"/>
    <tag k="type" v="parking_space"/>
    <tag k="subtype" v="dashed"/>
    <tag k="width" v="1.9"/>
  </way>
  <way id="2037">
    <nd ref="1923"/>
    <nd ref="2025"/>
    <tag k="type" v="parking_space"/>
    <tag k="subtype" v="dashed"/>
    <tag k="width" v="1.9"/>
  </way>
  <way id="2038">
    <nd ref="1924"/>
    <nd ref="2026"/>
    <tag k="type" v="parking_space"/>
    <tag k="subtype" v="dashed"/>
    <tag k="width" v="1.9"/>
  </way>
  <way id="2039">
    <nd ref="1925"/>
    <nd ref="2028"/>
    <tag k="type" v="parking_space"/>
    <tag k="subtype" v="dashed"/>
    <tag k="width" v="1.9"/>
  </way>
  <way id="2040">
    <nd ref="1996"/>
    <nd ref="2029"/>
    <tag k="type" v="parking_space"/>
    <tag k="subtype" v="dashed"/>
    <tag k="width" v="1.9"/>
  </way>
  <way id="2041">
    <nd ref="1920"/>
    <nd ref="2022"/>
    <tag k="type" v="parking_space"/>
    <tag k="subtype" v="dashed"/>
    <tag k="width" v="1.9"/>
  </way>
  <way id="2061">
    <nd ref="80"/>
    <nd ref="2060"/>
    <nd ref="2062"/>
    <nd ref="2063"/>
    <nd ref="2064"/>
    <nd ref="2065"/>
    <nd ref="2066"/>
    <nd ref="2067"/>
    <nd ref="2068"/>
    <nd ref="2069"/>
    <nd ref="2071"/>
    <nd ref="2072"/>
    <nd ref="2073"/>
    <nd ref="2074"/>
    <nd ref="2070"/>
    <nd ref="240"/>
    <tag k="type" v="line_thin"/>
    <tag k="subtype" v="solid"/>
  </way>
  <way id="2076">
    <nd ref="83"/>
    <nd ref="2075"/>
    <nd ref="2077"/>
    <nd ref="2078"/>
    <nd ref="2079"/>
    <nd ref="2080"/>
    <nd ref="2081"/>
    <nd ref="2082"/>
    <nd ref="2083"/>
    <nd ref="2084"/>
    <nd ref="2087"/>
    <nd ref="2088"/>
    <nd ref="2089"/>
    <nd ref="2091"/>
    <nd ref="2092"/>
    <nd ref="2090"/>
    <nd ref="237"/>
    <tag k="type" v="line_thin"/>
    <tag k="subtype" v="solid"/>
  </way>
  <way id="2095">
    <nd ref="135"/>
    <nd ref="2094"/>
    <nd ref="2096"/>
    <nd ref="2098"/>
    <nd ref="2099"/>
    <nd ref="2100"/>
    <nd ref="2101"/>
    <nd ref="2102"/>
    <nd ref="2142"/>
    <nd ref="2143"/>
    <nd ref="2144"/>
    <nd ref="2145"/>
    <nd ref="2146"/>
    <nd ref="2103"/>
    <tag k="type" v="line_thin"/>
    <tag k="subtype" v="solid"/>
  </way>
  <way id="2109">
    <nd ref="2103"/>
    <nd ref="2108"/>
    <nd ref="2152"/>
    <nd ref="2153"/>
    <nd ref="2111"/>
    <tag k="type" v="line_thin"/>
    <tag k="subtype" v="solid"/>
  </way>
  <way id="2131">
    <nd ref="136"/>
    <nd ref="2123"/>
    <nd ref="2124"/>
    <nd ref="2125"/>
    <nd ref="2126"/>
    <nd ref="2127"/>
    <nd ref="2128"/>
    <nd ref="2129"/>
    <nd ref="2137"/>
    <nd ref="2138"/>
    <nd ref="2139"/>
    <nd ref="2140"/>
    <nd ref="2141"/>
    <nd ref="2130"/>
    <tag k="type" v="line_thin"/>
    <tag k="subtype" v="solid"/>
  </way>
  <way id="2148">
    <nd ref="2130"/>
    <nd ref="2147"/>
    <nd ref="2150"/>
    <nd ref="2151"/>
    <nd ref="2149"/>
    <tag k="type" v="line_thin"/>
    <tag k="subtype" v="solid"/>
  </way>
  <way id="2156">
    <nd ref="2111"/>
    <nd ref="2155"/>
    <nd ref="2157"/>
    <nd ref="2158"/>
    <nd ref="2160"/>
    <nd ref="2186"/>
    <nd ref="2187"/>
    <nd ref="2188"/>
    <nd ref="2161"/>
    <tag k="type" v="line_thin"/>
    <tag k="subtype" v="solid"/>
  </way>
  <way id="2167">
    <nd ref="2161"/>
    <nd ref="2166"/>
    <nd ref="2170"/>
    <nd ref="2191"/>
    <nd ref="2171"/>
    <tag k="type" v="line_thin"/>
    <tag k="subtype" v="solid"/>
  </way>
  <way id="2173">
    <nd ref="2149"/>
    <nd ref="2172"/>
    <nd ref="2174"/>
    <nd ref="2175"/>
    <nd ref="2182"/>
    <nd ref="2183"/>
    <nd ref="2184"/>
    <nd ref="2185"/>
    <nd ref="2176"/>
    <tag k="type" v="line_thin"/>
    <tag k="subtype" v="solid"/>
  </way>
  <way id="2181">
    <nd ref="2176"/>
    <nd ref="2177"/>
    <nd ref="2179"/>
    <nd ref="2190"/>
    <nd ref="2180"/>
    <tag k="type" v="line_thin"/>
    <tag k="subtype" v="solid"/>
  </way>
  <way id="2195">
    <nd ref="2171"/>
    <nd ref="2194"/>
    <nd ref="2196"/>
    <nd ref="2197"/>
    <nd ref="2202"/>
    <nd ref="2204"/>
    <nd ref="2206"/>
    <nd ref="2218"/>
    <nd ref="425"/>
    <tag k="type" v="line_thin"/>
    <tag k="subtype" v="solid"/>
  </way>
  <way id="2209">
    <nd ref="2180"/>
    <nd ref="2208"/>
    <nd ref="2211"/>
    <nd ref="2212"/>
    <nd ref="2214"/>
    <nd ref="2215"/>
    <nd ref="2216"/>
    <nd ref="2217"/>
    <nd ref="426"/>
    <tag k="type" v="line_thin"/>
    <tag k="subtype" v="solid"/>
  </way>
  <way id="2226">
    <nd ref="435"/>
    <nd ref="2360"/>
    <nd ref="2225"/>
    <nd ref="2359"/>
    <nd ref="2358"/>
    <nd ref="2230"/>
    <nd ref="2231"/>
    <tag k="type" v="line_thin"/>
    <tag k="subtype" v="solid"/>
  </way>
  <way id="2256">
    <nd ref="438"/>
    <nd ref="2368"/>
    <nd ref="2367"/>
    <nd ref="2365"/>
    <nd ref="2363"/>
    <nd ref="2362"/>
    <nd ref="2260"/>
    <tag k="type" v="line_thin"/>
    <tag k="subtype" v="solid"/>
  </way>
  <way id="2283">
    <nd ref="2248"/>
    <nd ref="2249"/>
    <nd ref="2250"/>
    <nd ref="2251"/>
    <nd ref="2252"/>
    <nd ref="2254"/>
    <nd ref="2308"/>
    <nd ref="2309"/>
    <nd ref="653"/>
    <tag k="type" v="line_thin"/>
    <tag k="subtype" v="solid"/>
  </way>
  <way id="2284">
    <nd ref="2274"/>
    <nd ref="2275"/>
    <nd ref="2276"/>
    <nd ref="2277"/>
    <nd ref="2279"/>
    <nd ref="2280"/>
    <nd ref="2310"/>
    <nd ref="2379"/>
    <nd ref="2311"/>
    <nd ref="656"/>
    <tag k="type" v="line_thin"/>
    <tag k="subtype" v="solid"/>
  </way>
  <way id="2288">
    <nd ref="2260"/>
    <nd ref="2261"/>
    <nd ref="2262"/>
    <nd ref="2263"/>
    <nd ref="2264"/>
    <nd ref="2265"/>
    <nd ref="2266"/>
    <nd ref="2304"/>
    <nd ref="2372"/>
    <nd ref="2371"/>
    <nd ref="2370"/>
    <nd ref="2373"/>
    <nd ref="2374"/>
    <nd ref="2268"/>
    <tag k="type" v="line_thin"/>
    <tag k="subtype" v="solid"/>
  </way>
  <way id="2289">
    <nd ref="2268"/>
    <nd ref="2271"/>
    <nd ref="2273"/>
    <nd ref="2306"/>
    <nd ref="2274"/>
    <tag k="type" v="line_thin"/>
    <tag k="subtype" v="solid"/>
  </way>
  <way id="2291">
    <nd ref="2244"/>
    <nd ref="2245"/>
    <nd ref="2246"/>
    <nd ref="2307"/>
    <nd ref="2248"/>
    <tag k="type" v="line_thin"/>
    <tag k="subtype" v="solid"/>
  </way>
  <way id="2297">
    <nd ref="2231"/>
    <nd ref="2296"/>
    <nd ref="2298"/>
    <nd ref="2376"/>
    <nd ref="2377"/>
    <nd ref="2378"/>
    <nd ref="2299"/>
    <nd ref="2375"/>
    <nd ref="2300"/>
    <nd ref="2301"/>
    <nd ref="2302"/>
    <nd ref="2303"/>
    <nd ref="2244"/>
    <tag k="type" v="line_thin"/>
    <tag k="subtype" v="solid"/>
  </way>
  <way id="2316">
    <nd ref="2314"/>
    <nd ref="2315"/>
    <nd ref="2317"/>
    <nd ref="2318"/>
    <nd ref="2319"/>
    <nd ref="2314"/>
    <tag k="type" v="line_thin"/>
    <tag k="subtype" v="solid"/>
  </way>
  <way id="1146">
    <nd ref="1126"/>
    <nd ref="1127"/>
    <nd ref="1129"/>
    <nd ref="1130"/>
    <nd ref="1131"/>
    <nd ref="1132"/>
    <nd ref="1133"/>
    <nd ref="1134"/>
    <nd ref="1135"/>
    <nd ref="1136"/>
    <nd ref="1137"/>
    <nd ref="1138"/>
    <nd ref="1139"/>
    <nd ref="1140"/>
    <nd ref="1141"/>
    <nd ref="1142"/>
    <nd ref="1143"/>
    <nd ref="1144"/>
    <nd ref="1145"/>
    <tag k="type" v="parking_lot"/>
    <tag k="area" v="yes"/>
  </way>
  <way id="1378">
    <nd ref="1354"/>
    <nd ref="1355"/>
    <nd ref="1357"/>
    <nd ref="1358"/>
    <nd ref="1359"/>
    <nd ref="1360"/>
    <nd ref="1361"/>
    <nd ref="1362"/>
    <nd ref="1363"/>
    <nd ref="1364"/>
    <nd ref="1365"/>
    <nd ref="1366"/>
    <nd ref="1367"/>
    <nd ref="1368"/>
    <nd ref="1369"/>
    <nd ref="1370"/>
    <nd ref="1371"/>
    <nd ref="1372"/>
    <nd ref="1373"/>
    <nd ref="1374"/>
    <nd ref="1375"/>
    <nd ref="1376"/>
    <nd ref="1377"/>
    <tag k="type" v="parking_lot"/>
    <tag k="area" v="yes"/>
  </way>
  <way id="1615">
    <nd ref="1605"/>
    <nd ref="1606"/>
    <nd ref="1609"/>
    <nd ref="1610"/>
    <nd ref="1844"/>
    <nd ref="1843"/>
    <nd ref="1611"/>
    <nd ref="1845"/>
    <nd ref="1612"/>
    <nd ref="1613"/>
    <nd ref="1614"/>
    <tag k="type" v="parking_lot"/>
    <tag k="area" v="yes"/>
  </way>
  <way id="2321">
    <nd ref="1746"/>
    <nd ref="1731"/>
    <nd ref="1732"/>
    <nd ref="1745"/>
    <tag k="area" v="yes"/>
  </way>
  <relation id="32">
    <member type="way" role="left" ref="31"/>
    <member type="way" role="right" ref="28"/>
    <tag k="type" v="lanelet"/>
    <tag k="subtype" v="road"/>
    <tag k="speed_limit" v="10"/>
    <tag k="location" v="urban"/>
    <tag k="one_way" v="yes"/>
    <tag k="turn_direction" v="straight"/>
  </relation>
  <relation id="58">
    <member type="way" role="left" ref="57"/>
    <member type="way" role="right" ref="54"/>
    <tag k="type" v="lanelet"/>
    <tag k="subtype" v="road"/>
    <tag k="speed_limit" v="10"/>
    <tag k="location" v="urban"/>
    <tag k="one_way" v="yes"/>
    <tag k="turn_direction" v="straight"/>
  </relation>
  <relation id="67">
    <member type="way" role="left" ref="164"/>
    <member type="way" role="right" ref="166"/>
    <tag k="type" v="lanelet"/>
    <tag k="subtype" v="road"/>
    <tag k="speed_limit" v="10"/>
    <tag k="location" v="urban"/>
    <tag k="one_way" v="yes"/>
    <tag k="turn_direction" v="straight"/>
  </relation>
  <relation id="132">
    <member type="way" role="left" ref="131"/>
    <member type="way" role="right" ref="128"/>
    <tag k="type" v="lanelet"/>
    <tag k="subtype" v="road"/>
    <tag k="speed_limit" v="10"/>
    <tag k="location" v="urban"/>
    <tag k="one_way" v="yes"/>
    <tag k="turn_direction" v="straight"/>
  </relation>
  <relation id="163">
    <member type="way" role="left" ref="160"/>
    <member type="way" role="right" ref="162"/>
    <tag k="type" v="lanelet"/>
    <tag k="subtype" v="road"/>
    <tag k="speed_limit" v="10"/>
    <tag k="location" v="urban"/>
    <tag k="one_way" v="yes"/>
    <tag k="turn_direction" v="straight"/>
  </relation>
  <relation id="326">
    <member type="way" role="left" ref="1094"/>
    <member type="way" role="right" ref="1095"/>
    <tag k="type" v="lanelet"/>
    <tag k="subtype" v="road"/>
    <tag k="speed_limit" v="10"/>
    <tag k="location" v="urban"/>
    <tag k="one_way" v="yes"/>
    <tag k="turn_direction" v="straight"/>
  </relation>
  <relation id="575">
    <member type="way" role="left" ref="1088"/>
    <member type="way" role="right" ref="1089"/>
    <tag k="type" v="lanelet"/>
    <tag k="subtype" v="road"/>
    <tag k="speed_limit" v="10"/>
    <tag k="location" v="urban"/>
    <tag k="one_way" v="yes"/>
    <tag k="turn_direction" v="straight"/>
  </relation>
  <relation id="659">
    <member type="way" role="left" ref="839"/>
    <member type="way" role="right" ref="840"/>
    <tag k="type" v="lanelet"/>
    <tag k="subtype" v="road"/>
    <tag k="speed_limit" v="10"/>
    <tag k="location" v="urban"/>
    <tag k="one_way" v="yes"/>
    <tag k="turn_direction" v="straight"/>
  </relation>
  <relation id="686">
    <member type="way" role="left" ref="884"/>
    <member type="way" role="right" ref="886"/>
    <tag k="type" v="lanelet"/>
    <tag k="subtype" v="road"/>
    <tag k="speed_limit" v="10"/>
    <tag k="location" v="urban"/>
    <tag k="one_way" v="yes"/>
    <tag k="turn_direction" v="straight"/>
  </relation>
  <relation id="713">
    <member type="way" role="left" ref="711"/>
    <member type="way" role="right" ref="712"/>
    <tag k="type" v="lanelet"/>
    <tag k="subtype" v="road"/>
    <tag k="speed_limit" v="10"/>
    <tag k="location" v="urban"/>
    <tag k="one_way" v="yes"/>
    <tag k="turn_direction" v="straight"/>
  </relation>
  <relation id="751">
    <member type="way" role="left" ref="749"/>
    <member type="way" role="right" ref="750"/>
    <tag k="type" v="lanelet"/>
    <tag k="subtype" v="road"/>
    <tag k="speed_limit" v="10"/>
    <tag k="location" v="urban"/>
    <tag k="one_way" v="yes"/>
    <tag k="turn_direction" v="straight"/>
  </relation>
  <relation id="754">
    <member type="way" role="left" ref="1103"/>
    <member type="way" role="right" ref="1104"/>
    <tag k="type" v="lanelet"/>
    <tag k="subtype" v="road"/>
    <tag k="speed_limit" v="10"/>
    <tag k="location" v="urban"/>
    <tag k="one_way" v="yes"/>
    <tag k="turn_direction" v="straight"/>
  </relation>
  <relation id="782">
    <member type="way" role="left" ref="780"/>
    <member type="way" role="right" ref="781"/>
    <tag k="type" v="lanelet"/>
    <tag k="subtype" v="road"/>
    <tag k="speed_limit" v="10"/>
    <tag k="location" v="urban"/>
    <tag k="one_way" v="yes"/>
    <tag k="turn_direction" v="right"/>
  </relation>
  <relation id="806">
    <member type="way" role="left" ref="803"/>
    <member type="way" role="right" ref="805"/>
    <tag k="type" v="lanelet"/>
    <tag k="subtype" v="road"/>
    <tag k="speed_limit" v="10"/>
    <tag k="location" v="urban"/>
    <tag k="one_way" v="yes"/>
    <tag k="turn_direction" v="straight"/>
  </relation>
  <relation id="855">
    <member type="way" role="left" ref="852"/>
    <member type="way" role="right" ref="854"/>
    <tag k="type" v="lanelet"/>
    <tag k="subtype" v="road"/>
    <tag k="speed_limit" v="10"/>
    <tag k="location" v="urban"/>
    <tag k="one_way" v="yes"/>
    <tag k="turn_direction" v="straight"/>
  </relation>
  <relation id="888">
    <member type="way" role="left" ref="885"/>
    <member type="way" role="right" ref="887"/>
    <tag k="type" v="lanelet"/>
    <tag k="subtype" v="road"/>
    <tag k="speed_limit" v="10"/>
    <tag k="location" v="urban"/>
    <tag k="one_way" v="yes"/>
    <tag k="turn_direction" v="straight"/>
  </relation>
  <relation id="903">
    <member type="way" role="left" ref="935"/>
    <member type="way" role="right" ref="936"/>
    <tag k="type" v="lanelet"/>
    <tag k="subtype" v="road"/>
    <tag k="speed_limit" v="10"/>
    <tag k="location" v="urban"/>
    <tag k="one_way" v="yes"/>
    <tag k="turn_direction" v="straight"/>
  </relation>
  <relation id="921">
    <member type="way" role="left" ref="954"/>
    <member type="way" role="right" ref="955"/>
    <tag k="type" v="lanelet"/>
    <tag k="subtype" v="road"/>
    <tag k="speed_limit" v="10"/>
    <tag k="location" v="urban"/>
    <tag k="one_way" v="yes"/>
    <tag k="turn_direction" v="straight"/>
  </relation>
  <relation id="953">
    <member type="way" role="left" ref="950"/>
    <member type="way" role="right" ref="952"/>
    <tag k="type" v="lanelet"/>
    <tag k="subtype" v="road"/>
    <tag k="speed_limit" v="10"/>
    <tag k="location" v="urban"/>
    <tag k="one_way" v="yes"/>
    <tag k="turn_direction" v="straight"/>
  </relation>
  <relation id="1413">
    <member type="way" role="left" ref="1412"/>
    <member type="way" role="right" ref="1409"/>
    <tag k="type" v="lanelet"/>
    <tag k="subtype" v="crosswalk"/>
    <tag k="speed_limit" v="10"/>
    <tag k="location" v="urban"/>
    <tag k="one_way" v="no"/>
  </relation>
  <relation id="2093">
    <member type="way" role="left" ref="2076"/>
    <member type="way" role="right" ref="2061"/>
    <tag k="type" v="lanelet"/>
    <tag k="subtype" v="road"/>
    <tag k="speed_limit" v="10"/>
    <tag k="location" v="urban"/>
    <tag k="one_way" v="yes"/>
  </relation>
  <relation id="2136">
    <member type="way" role="left" ref="2131"/>
    <member type="way" role="right" ref="2095"/>
    <tag k="type" v="lanelet"/>
    <tag k="subtype" v="road"/>
    <tag k="speed_limit" v="10"/>
    <tag k="location" v="urban"/>
    <tag k="one_way" v="yes"/>
    <tag k="turn_direction" v="straight"/>
  </relation>
  <relation id="2154">
    <member type="way" role="left" ref="2148"/>
    <member type="way" role="right" ref="2109"/>
    <tag k="type" v="lanelet"/>
    <tag k="subtype" v="road"/>
    <tag k="speed_limit" v="10"/>
    <tag k="location" v="urban"/>
    <tag k="one_way" v="yes"/>
    <tag k="turn_direction" v="straight"/>
  </relation>
  <relation id="2192">
    <member type="way" role="left" ref="2173"/>
    <member type="way" role="right" ref="2156"/>
    <tag k="type" v="lanelet"/>
    <tag k="subtype" v="road"/>
    <tag k="speed_limit" v="10"/>
    <tag k="location" v="urban"/>
    <tag k="one_way" v="yes"/>
    <tag k="turn_direction" v="straight"/>
  </relation>
  <relation id="2193">
    <member type="way" role="left" ref="2181"/>
    <member type="way" role="right" ref="2167"/>
    <tag k="type" v="lanelet"/>
    <tag k="subtype" v="road"/>
    <tag k="speed_limit" v="10"/>
    <tag k="location" v="urban"/>
    <tag k="one_way" v="yes"/>
    <tag k="turn_direction" v="straight"/>
  </relation>
  <relation id="2219">
    <member type="way" role="left" ref="2209"/>
    <member type="way" role="right" ref="2195"/>
    <tag k="type" v="lanelet"/>
    <tag k="subtype" v="road"/>
    <tag k="speed_limit" v="10"/>
    <tag k="location" v="urban"/>
    <tag k="one_way" v="yes"/>
    <tag k="turn_direction" v="straight"/>
  </relation>
  <relation id="2285">
    <member type="way" role="left" ref="2256"/>
    <member type="way" role="right" ref="2226"/>
    <tag k="type" v="lanelet"/>
    <tag k="subtype" v="road"/>
    <tag k="speed_limit" v="10"/>
    <tag k="location" v="urban"/>
    <tag k="one_way" v="yes"/>
    <tag k="turn_direction" v="right"/>
  </relation>
  <relation id="2287">
    <member type="way" role="left" ref="2284"/>
    <member type="way" role="right" ref="2283"/>
    <tag k="type" v="lanelet"/>
    <tag k="subtype" v="road"/>
    <tag k="speed_limit" v="10"/>
    <tag k="location" v="urban"/>
    <tag k="one_way" v="yes"/>
    <tag k="turn_direction" v="right"/>
  </relation>
  <relation id="2292">
    <member type="way" role="left" ref="2289"/>
    <member type="way" role="right" ref="2291"/>
    <tag k="type" v="lanelet"/>
    <tag k="subtype" v="road"/>
    <tag k="speed_limit" v="10"/>
    <tag k="location" v="urban"/>
    <tag k="one_way" v="yes"/>
    <tag k="turn_direction" v="straight"/>
  </relation>
  <relation id="2305">
    <member type="way" role="left" ref="2288"/>
    <member type="way" role="right" ref="2297"/>
    <tag k="type" v="lanelet"/>
    <tag k="subtype" v="road"/>
    <tag k="speed_limit" v="10"/>
    <tag k="location" v="urban"/>
    <tag k="one_way" v="yes"/>
    <tag k="turn_direction" v="right"/>
  </relation>
  <relation id="1219">
    <member type="way" role="outer" ref="1210"/>
    <tag k="type" v="multipolygon"/>
    <tag k="subtype" v="camping_site_13"/>
    <tag k="service_mode" v="roadside_stop"/>
    <tag k="service_x" v="12.7921"/>
    <tag k="service_y" v="22.5200"/>
    <tag k="service_z" v="0.0"/>
    <tag k="service_yaw_deg" v="-74.495"/>
  </relation>
  <relation id="1233">
    <member type="way" role="outer" ref="1232"/>
    <tag k="type" v="multipolygon"/>
    <tag k="subtype" v="camping_site_12"/>
    <tag k="service_mode" v="roadside_stop"/>
    <tag k="service_x" v="12.7921"/>
    <tag k="service_y" v="22.5200"/>
    <tag k="service_z" v="0.0"/>
    <tag k="service_yaw_deg" v="-74.495"/>
  </relation>
  <relation id="1245">
    <member type="way" role="outer" ref="1244"/>
    <tag k="type" v="multipolygon"/>
    <tag k="subtype" v="camping_site_10"/>
  </relation>
  <relation id="1254">
    <member type="way" role="outer" ref="1253"/>
    <tag k="type" v="multipolygon"/>
    <tag k="subtype" v="camping_site_8"/>
  </relation>
  <relation id="1263">
    <member type="way" role="outer" ref="1262"/>
    <tag k="type" v="multipolygon"/>
    <tag k="subtype" v="camping_site_6"/>
  </relation>
  <relation id="1272">
    <member type="way" role="outer" ref="1271"/>
    <tag k="type" v="multipolygon"/>
    <tag k="subtype" v="camping_site_4"/>
  </relation>
  <relation id="1281">
    <member type="way" role="outer" ref="1280"/>
    <tag k="type" v="multipolygon"/>
    <tag k="subtype" v="camping_site_2"/>
  </relation>
  <relation id="1293">
    <member type="way" role="outer" ref="1292"/>
    <tag k="type" v="multipolygon"/>
    <tag k="subtype" v="camping_site_11"/>
  </relation>
  <relation id="1305">
    <member type="way" role="outer" ref="1304"/>
    <tag k="type" v="multipolygon"/>
    <tag k="subtype" v="camping_site_9"/>
  </relation>
  <relation id="1317">
    <member type="way" role="outer" ref="1316"/>
    <tag k="type" v="multipolygon"/>
    <tag k="subtype" v="camping_site_7"/>
  </relation>
  <relation id="1329">
    <member type="way" role="outer" ref="1328"/>
    <tag k="type" v="multipolygon"/>
    <tag k="subtype" v="camping_site_5"/>
  </relation>
  <relation id="1341">
    <member type="way" role="outer" ref="1340"/>
    <tag k="type" v="multipolygon"/>
    <tag k="subtype" v="camping_site_3"/>
  </relation>
  <relation id="1353">
    <member type="way" role="outer" ref="1352"/>
    <tag k="type" v="multipolygon"/>
    <tag k="subtype" v="camping_site_1"/>
  </relation>
  <relation id="2320">
    <member type="way" role="outer" ref="2316"/>
    <tag k="type" v="multipolygon"/>
    <tag k="subtype" v="drop_zone"/>
    <tag k="yaw_deg" v="-82.2127"/>
  </relation>
</osm>
