<?xml version="1.0" encoding="UTF-8"?>
<osm generator="VMB">
  <MetaInfo format_version="1" map_version="16" validation_version="1"/>
  <node id="1" lat="36.84343155397" lon="128.09266610725">
    <tag k="local_x" v="9.0502"/>
    <tag k="local_y" v="-15.7683"/>
    <tag k="ele" v="-29.4452"/>
  </node>
  <node id="2" lat="36.84345184149" lon="128.09265145578">
    <tag k="local_x" v="7.7439"/>
    <tag k="local_y" v="-13.5178"/>
    <tag k="ele" v="-29.5514"/>
  </node>
  <node id="4" lat="36.84342316133" lon="128.09264670688">
    <tag k="local_x" v="7.3205"/>
    <tag k="local_y" v="-16.6993"/>
    <tag k="ele" v="-29.4326"/>
  </node>
  <node id="5" lat="36.84344438637" lon="128.09263070164">
    <tag k="local_x" v="5.8935"/>
    <tag k="local_y" v="-14.3448"/>
    <tag k="ele" v="-29.5697"/>
  </node>
  <node id="26" lat="36.84354342514" lon="128.09258783066">
    <tag k="local_x" v="2.0712"/>
    <tag k="local_y" v="-3.3584"/>
    <tag k="ele" v="-29.6543"/>
  </node>
  <node id="27" lat="36.84356045204" lon="128.0925757308">
    <tag k="local_x" v="0.9924"/>
    <tag k="local_y" v="-1.4696"/>
    <tag k="ele" v="-29.7119"/>
  </node>
  <node id="29" lat="36.84353499102" lon="128.09256650336">
    <tag k="local_x" v="0.1697"/>
    <tag k="local_y" v="-4.294"/>
    <tag k="ele" v="-29.6715"/>
  </node>
  <node id="30" lat="36.84355161497" lon="128.09255507983">
    <tag k="local_x" v="-0.8488"/>
    <tag k="local_y" v="-2.4499"/>
    <tag k="ele" v="-29.7358"/>
  </node>
  <node id="33" lat="36.84358639986" lon="128.09255731181">
    <tag k="local_x" v="-0.6498"/>
    <tag k="local_y" v="1.4088"/>
    <tag k="ele" v="-29.6335"/>
  </node>
  <node id="34" lat="36.84360487362" lon="128.09254418791">
    <tag k="local_x" v="-1.8199"/>
    <tag k="local_y" v="3.4581"/>
    <tag k="ele" v="-29.7232"/>
  </node>
  <node id="36" lat="36.8435803375" lon="128.09253509059">
    <tag k="local_x" v="-2.631"/>
    <tag k="local_y" v="0.7363"/>
    <tag k="ele" v="-29.6661"/>
  </node>
  <node id="37" lat="36.84359536945" lon="128.09252462825">
    <tag k="local_x" v="-3.5638"/>
    <tag k="local_y" v="2.4038"/>
    <tag k="ele" v="-29.7425"/>
  </node>
  <node id="40" lat="36.84361647099" lon="128.09253391625">
    <tag k="local_x" v="-2.7357"/>
    <tag k="local_y" v="4.7446"/>
    <tag k="ele" v="-29.8276"/>
  </node>
  <node id="41" lat="36.84360719038" lon="128.09251414573">
    <tag k="local_x" v="-4.4984"/>
    <tag k="local_y" v="3.7151"/>
    <tag k="ele" v="-29.8411"/>
  </node>
  <node id="42" lat="36.84362846139" lon="128.09252433438">
    <tag k="local_x" v="-3.59"/>
    <tag k="local_y" v="6.0747"/>
    <tag k="ele" v="-29.9346"/>
  </node>
  <node id="43" lat="36.84361938091" lon="128.09250436869">
    <tag k="local_x" v="-5.3701"/>
    <tag k="local_y" v="5.0674"/>
    <tag k="ele" v="-29.9882"/>
  </node>
  <node id="44" lat="36.84364107742" lon="128.09251609169">
    <tag k="local_x" v="-4.3249"/>
    <tag k="local_y" v="7.4742"/>
    <tag k="ele" v="-30.0724"/>
  </node>
  <node id="45" lat="36.84363219976" lon="128.09249590617">
    <tag k="local_x" v="-6.1246"/>
    <tag k="local_y" v="6.4894"/>
    <tag k="ele" v="-30.0756"/>
  </node>
  <node id="46" lat="36.84365384579" lon="128.09250819446">
    <tag k="local_x" v="-5.029"/>
    <tag k="local_y" v="8.8906"/>
    <tag k="ele" v="-30.2257"/>
  </node>
  <node id="47" lat="36.8436451935" lon="128.09248786088">
    <tag k="local_x" v="-6.8419"/>
    <tag k="local_y" v="7.9308"/>
    <tag k="ele" v="-30.2438"/>
  </node>
  <node id="48" lat="36.84370518791" lon="128.09247734128">
    <tag k="local_x" v="-7.7798"/>
    <tag k="local_y" v="14.586"/>
    <tag k="ele" v="-30.9313"/>
  </node>
  <node id="49" lat="36.84369748576" lon="128.09245644801">
    <tag k="local_x" v="-9.6426"/>
    <tag k="local_y" v="13.7316"/>
    <tag k="ele" v="-30.9462"/>
  </node>
  <node id="50" lat="36.84385938188" lon="128.0923804431">
    <tag k="local_x" v="-16.419"/>
    <tag k="local_y" v="31.6908"/>
    <tag k="ele" v="-32.7667"/>
  </node>
  <node id="51" lat="36.8438510568" lon="128.09236061197">
    <tag k="local_x" v="-18.1871"/>
    <tag k="local_y" v="30.7673"/>
    <tag k="ele" v="-32.7667"/>
  </node>
  <node id="52" lat="36.8438880557" lon="128.09236184452">
    <tag k="local_x" v="-18.0772"/>
    <tag k="local_y" v="34.8716"/>
    <tag k="ele" v="-33.0166"/>
  </node>
  <node id="55" lat="36.84387973333" lon="128.09234199431">
    <tag k="local_x" v="-19.847"/>
    <tag k="local_y" v="33.9484"/>
    <tag k="ele" v="-33.0166"/>
  </node>
  <node id="61" lat="36.8439556008" lon="128.09235858382">
    <tag k="local_x" v="-18.3679"/>
    <tag k="local_y" v="42.3644"/>
    <tag k="ele" v="-33.9059"/>
  </node>
  <node id="62" lat="36.8439567268" lon="128.0924067278">
    <tag k="local_x" v="-14.0755"/>
    <tag k="local_y" v="42.4893"/>
    <tag k="ele" v="-33.8906"/>
  </node>
  <node id="64" lat="36.8439728747" lon="128.09235488582">
    <tag k="local_x" v="-18.6976"/>
    <tag k="local_y" v="44.2806"/>
    <tag k="ele" v="-33.9163"/>
  </node>
  <node id="65" lat="36.84397485349" lon="128.09240577776">
    <tag k="local_x" v="-14.1602"/>
    <tag k="local_y" v="44.5001"/>
    <tag k="ele" v="-34.0078"/>
  </node>
  <node id="68" lat="36.84396545849" lon="128.09248799291">
    <tag k="local_x" v="-6.8301"/>
    <tag k="local_y" v="43.4579"/>
    <tag k="ele" v="-33.8383"/>
  </node>
  <node id="69" lat="36.84398257914" lon="128.09248644283">
    <tag k="local_x" v="-6.9683"/>
    <tag k="local_y" v="45.3571"/>
    <tag k="ele" v="-33.9234"/>
  </node>
  <node id="70" lat="36.84396707033" lon="128.09254040238">
    <tag k="local_x" v="-2.1574"/>
    <tag k="local_y" v="43.6367"/>
    <tag k="ele" v="-33.9441"/>
  </node>
  <node id="71" lat="36.84398722803" lon="128.09253903401">
    <tag k="local_x" v="-2.2794"/>
    <tag k="local_y" v="45.8728"/>
    <tag k="ele" v="-33.9887"/>
  </node>
  <node id="79" lat="36.84397085018" lon="128.09260506433">
    <tag k="local_x" v="3.6077"/>
    <tag k="local_y" v="44.056"/>
    <tag k="ele" v="-33.7512"/>
  </node>
  <node id="82" lat="36.84399068515" lon="128.09260338304">
    <tag k="local_x" v="3.4578"/>
    <tag k="local_y" v="46.2563"/>
    <tag k="ele" v="-33.8905"/>
  </node>
  <node id="83" lat="36.84398885517" lon="128.09261271933">
    <tag k="local_x" v="4.2902"/>
    <tag k="local_y" v="46.0533"/>
    <tag k="ele" v="-33.8376"/>
  </node>
  <node id="99" lat="36.84389951708" lon="128.09267355759">
    <tag k="local_x" v="9.7144"/>
    <tag k="local_y" v="36.143"/>
    <tag k="ele" v="-33.9104"/>
  </node>
  <node id="100" lat="36.84389810717" lon="128.09269055445">
    <tag k="local_x" v="11.2298"/>
    <tag k="local_y" v="35.9866"/>
    <tag k="ele" v="-33.9938"/>
  </node>
  <node id="126" lat="36.84387121012" lon="128.09267104739">
    <tag k="local_x" v="9.4906"/>
    <tag k="local_y" v="33.0029"/>
    <tag k="ele" v="-33.7653"/>
  </node>
  <node id="127" lat="36.84386040604" lon="128.092670057">
    <tag k="local_x" v="9.4023"/>
    <tag k="local_y" v="31.8044"/>
    <tag k="ele" v="-33.6972"/>
  </node>
  <node id="129" lat="36.84387057818" lon="128.09268628332">
    <tag k="local_x" v="10.849"/>
    <tag k="local_y" v="32.9328"/>
    <tag k="ele" v="-33.9566"/>
  </node>
  <node id="130" lat="36.8438598976" lon="128.092684565">
    <tag k="local_x" v="10.6958"/>
    <tag k="local_y" v="31.748"/>
    <tag k="ele" v="-33.9727"/>
  </node>
  <node id="133" lat="36.84384961188" lon="128.09266903856">
    <tag k="local_x" v="9.3115"/>
    <tag k="local_y" v="30.607"/>
    <tag k="ele" v="-33.6231"/>
  </node>
  <node id="134" lat="36.84384917285" lon="128.09268346356">
    <tag k="local_x" v="10.5976"/>
    <tag k="local_y" v="30.5583"/>
    <tag k="ele" v="-33.9474"/>
  </node>
  <node id="135" lat="36.84381732675" lon="128.09266674483">
    <tag k="local_x" v="9.107"/>
    <tag k="local_y" v="27.0256"/>
    <tag k="ele" v="-33.1008"/>
  </node>
  <node id="136" lat="36.84381776666" lon="128.09268158707">
    <tag k="local_x" v="10.4303"/>
    <tag k="local_y" v="27.0744"/>
    <tag k="ele" v="-33.2305"/>
  </node>
  <node id="169" lat="36.84371895869" lon="128.09244254006">
    <tag k="local_x" v="-10.8826"/>
    <tag k="local_y" v="16.1136"/>
    <tag k="ele" v="-31.232"/>
  </node>
  <node id="170" lat="36.84373777769" lon="128.09243024834">
    <tag k="local_x" v="-11.9785"/>
    <tag k="local_y" v="18.2012"/>
    <tag k="ele" v="-31.426"/>
  </node>
  <node id="171" lat="36.84375698974" lon="128.09241890213">
    <tag k="local_x" v="-12.9901"/>
    <tag k="local_y" v="20.3324"/>
    <tag k="ele" v="-31.6798"/>
  </node>
  <node id="172" lat="36.84377616753" lon="128.0924075761">
    <tag k="local_x" v="-13.9999"/>
    <tag k="local_y" v="22.4598"/>
    <tag k="ele" v="-31.8855"/>
  </node>
  <node id="173" lat="36.84379510823" lon="128.09239638915">
    <tag k="local_x" v="-14.9973"/>
    <tag k="local_y" v="24.5609"/>
    <tag k="ele" v="-32.0621"/>
  </node>
  <node id="174" lat="36.84381396149" lon="128.09238525491">
    <tag k="local_x" v="-15.99"/>
    <tag k="local_y" v="26.6523"/>
    <tag k="ele" v="-32.2484"/>
  </node>
  <node id="175" lat="36.84383313116" lon="128.09237393335">
    <tag k="local_x" v="-16.9994"/>
    <tag k="local_y" v="28.7788"/>
    <tag k="ele" v="-32.4723"/>
  </node>
  <node id="176" lat="36.84372605685" lon="128.0924637429">
    <tag k="local_x" v="-8.9922"/>
    <tag k="local_y" v="16.901"/>
    <tag k="ele" v="-31.1891"/>
  </node>
  <node id="177" lat="36.84374493536" lon="128.09245139398">
    <tag k="local_x" v="-10.0932"/>
    <tag k="local_y" v="18.9952"/>
    <tag k="ele" v="-31.4495"/>
  </node>
  <node id="178" lat="36.84376411766" lon="128.09244004441">
    <tag k="local_x" v="-11.1051"/>
    <tag k="local_y" v="21.1231"/>
    <tag k="ele" v="-31.6095"/>
  </node>
  <node id="179" lat="36.84378347304" lon="128.09242859277">
    <tag k="local_x" v="-12.1261"/>
    <tag k="local_y" v="23.2702"/>
    <tag k="ele" v="-31.8449"/>
  </node>
  <node id="180" lat="36.84380298257" lon="128.09241704915">
    <tag k="local_x" v="-13.1553"/>
    <tag k="local_y" v="25.4344"/>
    <tag k="ele" v="-32.0372"/>
  </node>
  <node id="181" lat="36.84382267239" lon="128.09240539897">
    <tag k="local_x" v="-14.194"/>
    <tag k="local_y" v="27.6186"/>
    <tag k="ele" v="-32.2338"/>
  </node>
  <node id="182" lat="36.84384224682" lon="128.0923938172">
    <tag k="local_x" v="-15.2266"/>
    <tag k="local_y" v="29.79"/>
    <tag k="ele" v="-32.4862"/>
  </node>
  <node id="183" lat="36.84348688873" lon="128.09262537294">
    <tag k="local_x" v="5.4184"/>
    <tag k="local_y" v="-9.63"/>
    <tag k="ele" v="-29.6426"/>
  </node>
  <node id="184" lat="36.84351100298" lon="128.09261015392">
    <tag k="local_x" v="4.0615"/>
    <tag k="local_y" v="-6.955"/>
    <tag k="ele" v="-29.6121"/>
  </node>
  <node id="185" lat="36.84347913793" lon="128.0926048476">
    <tag k="local_x" v="3.5884"/>
    <tag k="local_y" v="-10.4898"/>
    <tag k="ele" v="-29.526"/>
  </node>
  <node id="186" lat="36.84350255263" lon="128.09258965101">
    <tag k="local_x" v="2.2335"/>
    <tag k="local_y" v="-7.8924"/>
    <tag k="ele" v="-29.5825"/>
  </node>
  <node id="237" lat="36.84391809989" lon="128.09269371182">
    <tag k="local_x" v="11.5113"/>
    <tag k="local_y" v="38.2044"/>
    <tag k="ele" v="-33.9703"/>
  </node>
  <node id="238" lat="36.84391142363" lon="128.09269257337">
    <tag k="local_x" v="11.4098"/>
    <tag k="local_y" v="37.4638"/>
    <tag k="ele" v="-33.9703"/>
  </node>
  <node id="239" lat="36.8439047654" lon="128.09269159532">
    <tag k="local_x" v="11.3226"/>
    <tag k="local_y" v="36.7252"/>
    <tag k="ele" v="-33.9704"/>
  </node>
  <node id="240" lat="36.84391824324" lon="128.09267481606">
    <tag k="local_x" v="9.8266"/>
    <tag k="local_y" v="38.2203"/>
    <tag k="ele" v="-33.9739"/>
  </node>
  <node id="241" lat="36.84391202222" lon="128.09267450537">
    <tag k="local_x" v="9.7989"/>
    <tag k="local_y" v="37.5302"/>
    <tag k="ele" v="-33.9732"/>
  </node>
  <node id="242" lat="36.84390581021" lon="128.09267404774">
    <tag k="local_x" v="9.7581"/>
    <tag k="local_y" v="36.8411"/>
    <tag k="ele" v="-33.9515"/>
  </node>
  <node id="342" lat="36.84389380266" lon="128.09268992634">
    <tag k="local_x" v="11.1738"/>
    <tag k="local_y" v="35.5091"/>
    <tag k="ele" v="-33.988"/>
  </node>
  <node id="343" lat="36.84388945759" lon="128.09268913336">
    <tag k="local_x" v="11.1031"/>
    <tag k="local_y" v="35.0271"/>
    <tag k="ele" v="-33.9942"/>
  </node>
  <node id="344" lat="36.8438851612" lon="128.09268833477">
    <tag k="local_x" v="11.0319"/>
    <tag k="local_y" v="34.5505"/>
    <tag k="ele" v="-34.0037"/>
  </node>
  <node id="345" lat="36.84388087653" lon="128.0926876259">
    <tag k="local_x" v="10.9687"/>
    <tag k="local_y" v="34.0752"/>
    <tag k="ele" v="-34.0383"/>
  </node>
  <node id="346" lat="36.84387653958" lon="128.0926869462">
    <tag k="local_x" v="10.9081"/>
    <tag k="local_y" v="33.5941"/>
    <tag k="ele" v="-34.0383"/>
  </node>
  <node id="347" lat="36.84389506113" lon="128.09267318185">
    <tag k="local_x" v="9.6809"/>
    <tag k="local_y" v="35.6487"/>
    <tag k="ele" v="-33.875"/>
  </node>
  <node id="348" lat="36.84389062501" lon="128.09267270852">
    <tag k="local_x" v="9.6387"/>
    <tag k="local_y" v="35.1566"/>
    <tag k="ele" v="-33.8737"/>
  </node>
  <node id="349" lat="36.84388615373" lon="128.09267227894">
    <tag k="local_x" v="9.6004"/>
    <tag k="local_y" v="34.6606"/>
    <tag k="ele" v="-33.8373"/>
  </node>
  <node id="350" lat="36.8438817068" lon="128.09267194918">
    <tag k="local_x" v="9.571"/>
    <tag k="local_y" v="34.1673"/>
    <tag k="ele" v="-33.7555"/>
  </node>
  <node id="351" lat="36.84387729502" lon="128.09267161605">
    <tag k="local_x" v="9.5413"/>
    <tag k="local_y" v="33.6779"/>
    <tag k="ele" v="-33.7617"/>
  </node>
  <node id="680" lat="36.84338095819" lon="128.09271631679">
    <tag k="local_x" v="13.5268"/>
    <tag k="local_y" v="-21.3809"/>
    <tag k="ele" v="-29.4135"/>
  </node>
  <node id="683" lat="36.84336857207" lon="128.09269163256">
    <tag k="local_x" v="11.326"/>
    <tag k="local_y" v="-22.7549"/>
    <tag k="ele" v="-29.2334"/>
  </node>
  <node id="733" lat="36.84397536373" lon="128.09241276202">
    <tag k="local_x" v="-13.5375"/>
    <tag k="local_y" v="44.5567"/>
    <tag k="ele" v="-34.0044"/>
  </node>
  <node id="734" lat="36.84397623456" lon="128.09242096436">
    <tag k="local_x" v="-12.8062"/>
    <tag k="local_y" v="44.6533"/>
    <tag k="ele" v="-33.974"/>
  </node>
  <node id="735" lat="36.84397725774" lon="128.09242916669">
    <tag k="local_x" v="-12.0749"/>
    <tag k="local_y" v="44.7668"/>
    <tag k="ele" v="-33.9802"/>
  </node>
  <node id="736" lat="36.84397800055" lon="128.09243734659">
    <tag k="local_x" v="-11.3456"/>
    <tag k="local_y" v="44.8492"/>
    <tag k="ele" v="-33.973"/>
  </node>
  <node id="737" lat="36.8439790066" lon="128.09244552089">
    <tag k="local_x" v="-10.6168"/>
    <tag k="local_y" v="44.9608"/>
    <tag k="ele" v="-33.9486"/>
  </node>
  <node id="738" lat="36.84397990807" lon="128.09245378715">
    <tag k="local_x" v="-9.8798"/>
    <tag k="local_y" v="45.0608"/>
    <tag k="ele" v="-33.9536"/>
  </node>
  <node id="739" lat="36.843980659" lon="128.09246201192">
    <tag k="local_x" v="-9.1465"/>
    <tag k="local_y" v="45.1441"/>
    <tag k="ele" v="-33.9532"/>
  </node>
  <node id="740" lat="36.84398146853" lon="128.09247024229">
    <tag k="local_x" v="-8.4127"/>
    <tag k="local_y" v="45.2339"/>
    <tag k="ele" v="-33.917"/>
  </node>
  <node id="741" lat="36.84395739841" lon="128.09241484264">
    <tag k="local_x" v="-13.352"/>
    <tag k="local_y" v="42.5638"/>
    <tag k="ele" v="-33.8906"/>
  </node>
  <node id="742" lat="36.84395838642" lon="128.09242297768">
    <tag k="local_x" v="-12.6267"/>
    <tag k="local_y" v="42.6734"/>
    <tag k="ele" v="-33.8787"/>
  </node>
  <node id="743" lat="36.84395938886" lon="128.09243111496">
    <tag k="local_x" v="-11.9012"/>
    <tag k="local_y" v="42.7846"/>
    <tag k="ele" v="-33.8661"/>
  </node>
  <node id="744" lat="36.84396036246" lon="128.09243926794">
    <tag k="local_x" v="-11.1743"/>
    <tag k="local_y" v="42.8926"/>
    <tag k="ele" v="-33.8597"/>
  </node>
  <node id="745" lat="36.84396134687" lon="128.09244739737">
    <tag k="local_x" v="-10.4495"/>
    <tag k="local_y" v="43.0018"/>
    <tag k="ele" v="-33.8677"/>
  </node>
  <node id="746" lat="36.84396223752" lon="128.09245557054">
    <tag k="local_x" v="-9.7208"/>
    <tag k="local_y" v="43.1006"/>
    <tag k="ele" v="-33.8615"/>
  </node>
  <node id="747" lat="36.84396305606" lon="128.09246374371">
    <tag k="local_x" v="-8.9921"/>
    <tag k="local_y" v="43.1914"/>
    <tag k="ele" v="-33.866"/>
  </node>
  <node id="748" lat="36.84396380519" lon="128.09247191688">
    <tag k="local_x" v="-8.2634"/>
    <tag k="local_y" v="43.2745"/>
    <tag k="ele" v="-33.8456"/>
  </node>
  <node id="755" lat="36.84397332725" lon="128.09236212133">
    <tag k="local_x" v="-18.0525"/>
    <tag k="local_y" v="44.3308"/>
    <tag k="ele" v="-34.0081"/>
  </node>
  <node id="756" lat="36.84397354812" lon="128.09236935459">
    <tag k="local_x" v="-17.4076"/>
    <tag k="local_y" v="44.3553"/>
    <tag k="ele" v="-34.0534"/>
  </node>
  <node id="761" lat="36.84397401779" lon="128.09237657327">
    <tag k="local_x" v="-16.764"/>
    <tag k="local_y" v="44.4074"/>
    <tag k="ele" v="-34.0534"/>
  </node>
  <node id="762" lat="36.84397415573" lon="128.09238378298">
    <tag k="local_x" v="-16.1212"/>
    <tag k="local_y" v="44.4227"/>
    <tag k="ele" v="-34.0365"/>
  </node>
  <node id="786" lat="36.84397446945" lon="128.09239104877">
    <tag k="local_x" v="-15.4734"/>
    <tag k="local_y" v="44.4575"/>
    <tag k="ele" v="-34.038"/>
  </node>
  <node id="787" lat="36.84397476153" lon="128.09239826746">
    <tag k="local_x" v="-14.8298"/>
    <tag k="local_y" v="44.4899"/>
    <tag k="ele" v="-34.0189"/>
  </node>
  <node id="788" lat="36.84396464446" lon="128.09248011585">
    <tag k="local_x" v="-7.5324"/>
    <tag k="local_y" v="43.3676"/>
    <tag k="ele" v="-33.8449"/>
  </node>
  <node id="789" lat="36.84398205719" lon="128.09247851417">
    <tag k="local_x" v="-7.6752"/>
    <tag k="local_y" v="45.2992"/>
    <tag k="ele" v="-33.9045"/>
  </node>
  <node id="790" lat="36.84396602281" lon="128.09249452517">
    <tag k="local_x" v="-6.2477"/>
    <tag k="local_y" v="43.5205"/>
    <tag k="ele" v="-33.8544"/>
  </node>
  <node id="791" lat="36.84398326426" lon="128.09249521943">
    <tag k="local_x" v="-6.1858"/>
    <tag k="local_y" v="45.4331"/>
    <tag k="ele" v="-33.9438"/>
  </node>
  <node id="792" lat="36.84396790329" lon="128.09254963436">
    <tag k="local_x" v="-1.3343"/>
    <tag k="local_y" v="43.7291"/>
    <tag k="ele" v="-33.9413"/>
  </node>
  <node id="793" lat="36.84396866503" lon="128.09255887642">
    <tag k="local_x" v="-0.5103"/>
    <tag k="local_y" v="43.8136"/>
    <tag k="ele" v="-33.9374"/>
  </node>
  <node id="794" lat="36.84396930327" lon="128.09256813307">
    <tag k="local_x" v="0.315"/>
    <tag k="local_y" v="43.8844"/>
    <tag k="ele" v="-33.931"/>
  </node>
  <node id="795" lat="36.84398774908" lon="128.09254822785">
    <tag k="local_x" v="-1.4597"/>
    <tag k="local_y" v="45.9306"/>
    <tag k="ele" v="-33.973"/>
  </node>
  <node id="796" lat="36.84398833323" lon="128.09255741721">
    <tag k="local_x" v="-0.6404"/>
    <tag k="local_y" v="45.9954"/>
    <tag k="ele" v="-33.9591"/>
  </node>
  <node id="797" lat="36.84398905441" lon="128.09256659086">
    <tag k="local_x" v="0.1775"/>
    <tag k="local_y" v="46.0754"/>
    <tag k="ele" v="-33.9505"/>
  </node>
  <node id="798" lat="36.84398391603" lon="128.09250400276">
    <tag k="local_x" v="-5.4027"/>
    <tag k="local_y" v="45.5054"/>
    <tag k="ele" v="-33.9554"/>
  </node>
  <node id="799" lat="36.84398460926" lon="128.0925127816">
    <tag k="local_x" v="-4.62"/>
    <tag k="local_y" v="45.5823"/>
    <tag k="ele" v="-33.9598"/>
  </node>
  <node id="800" lat="36.84396657902" lon="128.09250105967">
    <tag k="local_x" v="-5.6651"/>
    <tag k="local_y" v="43.5822"/>
    <tag k="ele" v="-33.8688"/>
  </node>
  <node id="807" lat="36.84366666104" lon="128.09250043855">
    <tag k="local_x" v="-5.7205"/>
    <tag k="local_y" v="10.3122"/>
    <tag k="ele" v="-30.392"/>
  </node>
  <node id="808" lat="36.84367952767" lon="128.09249279031">
    <tag k="local_x" v="-6.4024"/>
    <tag k="local_y" v="11.7395"/>
    <tag k="ele" v="-30.5629"/>
  </node>
  <node id="809" lat="36.84369236545" lon="128.09248510281">
    <tag k="local_x" v="-7.0878"/>
    <tag k="local_y" v="13.1636"/>
    <tag k="ele" v="-30.7445"/>
  </node>
  <node id="810" lat="36.84365824583" lon="128.09247994121">
    <tag k="local_x" v="-7.548"/>
    <tag k="local_y" v="9.3787"/>
    <tag k="ele" v="-30.422"/>
  </node>
  <node id="811" lat="36.84367133152" lon="128.09247215165">
    <tag k="local_x" v="-8.2425"/>
    <tag k="local_y" v="10.8303"/>
    <tag k="ele" v="-30.6017"/>
  </node>
  <node id="812" lat="36.84368440548" lon="128.09246432394">
    <tag k="local_x" v="-8.9404"/>
    <tag k="local_y" v="12.2806"/>
    <tag k="ele" v="-30.7772"/>
  </node>
  <node id="868" lat="36.84340780481" lon="128.09268638017">
    <tag k="local_x" v="10.8577"/>
    <tag k="local_y" v="-18.4028"/>
    <tag k="ele" v="-29.3017"/>
  </node>
  <node id="869" lat="36.84339805456" lon="128.09266585708">
    <tag k="local_x" v="9.0279"/>
    <tag k="local_y" v="-19.4844"/>
    <tag k="ele" v="-29.3593"/>
  </node>
  <node id="875" lat="36.84340298469" lon="128.09266207505">
    <tag k="local_x" v="8.6907"/>
    <tag k="local_y" v="-18.9375"/>
    <tag k="ele" v="-29.3755"/>
  </node>
  <node id="876" lat="36.84340582611" lon="128.09265990924">
    <tag k="local_x" v="8.4976"/>
    <tag k="local_y" v="-18.6223"/>
    <tag k="ele" v="-29.3775"/>
  </node>
  <node id="877" lat="36.84341089774" lon="128.09268347747">
    <tag k="local_x" v="10.5989"/>
    <tag k="local_y" v="-18.0597"/>
    <tag k="ele" v="-29.3669"/>
  </node>
  <node id="878" lat="36.84341381129" lon="128.09268092919">
    <tag k="local_x" v="10.3717"/>
    <tag k="local_y" v="-17.7365"/>
    <tag k="ele" v="-29.4079"/>
  </node>
  <node id="879" lat="36.84341651299" lon="128.09267856598">
    <tag k="local_x" v="10.161"/>
    <tag k="local_y" v="-17.4368"/>
    <tag k="ele" v="-29.4192"/>
  </node>
  <node id="882" lat="36.84340853142" lon="128.09265782643">
    <tag k="local_x" v="8.3119"/>
    <tag k="local_y" v="-18.3222"/>
    <tag k="ele" v="-29.3881"/>
  </node>
  <node id="883" lat="36.84341874953" lon="128.09267661103">
    <tag k="local_x" v="9.9867"/>
    <tag k="local_y" v="-17.1887"/>
    <tag k="ele" v="-29.4303"/>
  </node>
  <node id="894" lat="36.8434108581" lon="128.09265604196">
    <tag k="local_x" v="8.1528"/>
    <tag k="local_y" v="-18.0641"/>
    <tag k="ele" v="-29.4014"/>
  </node>
  <node id="895" lat="36.8434125168" lon="128.09265477343">
    <tag k="local_x" v="8.0397"/>
    <tag k="local_y" v="-17.8801"/>
    <tag k="ele" v="-29.419"/>
  </node>
  <node id="896" lat="36.84341388072" lon="128.09265372586">
    <tag k="local_x" v="7.9463"/>
    <tag k="local_y" v="-17.7288"/>
    <tag k="ele" v="-29.4193"/>
  </node>
  <node id="897" lat="36.84342079676" lon="128.09267482096">
    <tag k="local_x" v="9.8271"/>
    <tag k="local_y" v="-16.9616"/>
    <tag k="ele" v="-29.4693"/>
  </node>
  <node id="898" lat="36.84342224452" lon="128.09267355467">
    <tag k="local_x" v="9.7142"/>
    <tag k="local_y" v="-16.801"/>
    <tag k="ele" v="-29.451"/>
  </node>
  <node id="917" lat="36.84356360718" lon="128.09257349096">
    <tag k="local_x" v="0.7927"/>
    <tag k="local_y" v="-1.1196"/>
    <tag k="ele" v="-29.7333"/>
  </node>
  <node id="919" lat="36.84355520911" lon="128.09255257865">
    <tag k="local_x" v="-1.0718"/>
    <tag k="local_y" v="-2.0512"/>
    <tag k="ele" v="-29.7654"/>
  </node>
  <node id="922" lat="36.84356678755" lon="128.09257123317">
    <tag k="local_x" v="0.5914"/>
    <tag k="local_y" v="-0.7668"/>
    <tag k="ele" v="-29.7492"/>
  </node>
  <node id="923" lat="36.84355835884" lon="128.09255038591">
    <tag k="local_x" v="-1.2673"/>
    <tag k="local_y" v="-1.7018"/>
    <tag k="ele" v="-29.7862"/>
  </node>
  <node id="924" lat="36.84356992736" lon="128.09256900454">
    <tag k="local_x" v="0.3927"/>
    <tag k="local_y" v="-0.4185"/>
    <tag k="ele" v="-29.7732"/>
  </node>
  <node id="925" lat="36.84356150225" lon="128.09254819878">
    <tag k="local_x" v="-1.4623"/>
    <tag k="local_y" v="-1.3531"/>
    <tag k="ele" v="-29.8006"/>
  </node>
  <node id="927" lat="36.84356464026" lon="128.09254601502">
    <tag k="local_x" v="-1.657"/>
    <tag k="local_y" v="-1.005"/>
    <tag k="ele" v="-29.8171"/>
  </node>
  <node id="928" lat="36.84357280845" lon="128.09256695986">
    <tag k="local_x" v="0.2104"/>
    <tag k="local_y" v="-0.0989"/>
    <tag k="ele" v="-29.565"/>
  </node>
  <node id="929" lat="36.84356768361" lon="128.09254389631">
    <tag k="local_x" v="-1.8459"/>
    <tag k="local_y" v="-0.6674"/>
    <tag k="ele" v="-29.8427"/>
  </node>
  <node id="930" lat="36.84357547859" lon="128.09256506434">
    <tag k="local_x" v="0.0414"/>
    <tag k="local_y" v="0.1973"/>
    <tag k="ele" v="-29.8119"/>
  </node>
  <node id="931" lat="36.84357051782" lon="128.09254192453">
    <tag k="local_x" v="-2.0217"/>
    <tag k="local_y" v="-0.353"/>
    <tag k="ele" v="-29.8711"/>
  </node>
  <node id="943" lat="36.8435728382" lon="128.09254030942">
    <tag k="local_x" v="-2.1657"/>
    <tag k="local_y" v="-0.0956"/>
    <tag k="ele" v="-29.8864"/>
  </node>
  <node id="944" lat="36.84357501884" lon="128.09253879188">
    <tag k="local_x" v="-2.301"/>
    <tag k="local_y" v="0.1463"/>
    <tag k="ele" v="-29.8814"/>
  </node>
  <node id="945" lat="36.84357760876" lon="128.09253698947">
    <tag k="local_x" v="-2.4617"/>
    <tag k="local_y" v="0.4336"/>
    <tag k="ele" v="-29.649"/>
  </node>
  <node id="946" lat="36.84357805408" lon="128.09256323613">
    <tag k="local_x" v="-0.1216"/>
    <tag k="local_y" v="0.483"/>
    <tag k="ele" v="-29.8222"/>
  </node>
  <node id="947" lat="36.84358078913" lon="128.09256129463">
    <tag k="local_x" v="-0.2947"/>
    <tag k="local_y" v="0.7864"/>
    <tag k="ele" v="-29.6004"/>
  </node>
  <node id="948" lat="36.84358360982" lon="128.09255929257">
    <tag k="local_x" v="-0.4732"/>
    <tag k="local_y" v="1.0993"/>
    <tag k="ele" v="-29.6098"/>
  </node>
  <node id="956" lat="36.84358306804" lon="128.09253318947">
    <tag k="local_x" v="-2.8005"/>
    <tag k="local_y" v="1.0392"/>
    <tag k="ele" v="-29.6775"/>
  </node>
  <node id="957" lat="36.84358565885" lon="128.09253138705">
    <tag k="local_x" v="-2.9612"/>
    <tag k="local_y" v="1.3266"/>
    <tag k="ele" v="-29.694"/>
  </node>
  <node id="958" lat="36.84358793416" lon="128.09252980334">
    <tag k="local_x" v="-3.1024"/>
    <tag k="local_y" v="1.579"/>
    <tag k="ele" v="-29.7226"/>
  </node>
  <node id="959" lat="36.84358916647" lon="128.09255534788">
    <tag k="local_x" v="-0.8249"/>
    <tag k="local_y" v="1.7157"/>
    <tag k="ele" v="-29.664"/>
  </node>
  <node id="960" lat="36.84359190692" lon="128.09255340302">
    <tag k="local_x" v="-0.9983"/>
    <tag k="local_y" v="2.0197"/>
    <tag k="ele" v="-29.6702"/>
  </node>
  <node id="961" lat="36.84359451126" lon="128.0925515535">
    <tag k="local_x" v="-1.1632"/>
    <tag k="local_y" v="2.3086"/>
    <tag k="ele" v="-29.6948"/>
  </node>
  <node id="962" lat="36.84359681811" lon="128.09254991595">
    <tag k="local_x" v="-1.3092"/>
    <tag k="local_y" v="2.5645"/>
    <tag k="ele" v="-29.7132"/>
  </node>
  <node id="1126" lat="36.84394747502" lon="128.09238784215">
    <tag k="local_x" v="-15.7593"/>
    <tag k="local_y" v="41.463"/>
    <tag k="ele" v="-33.8553"/>
  </node>
  <node id="1127" lat="36.8439508718" lon="128.0924246231">
    <tag k="local_x" v="-12.48"/>
    <tag k="local_y" v="41.8398"/>
    <tag k="ele" v="-33.8215"/>
  </node>
  <node id="1129" lat="36.84395342839" lon="128.09245226741">
    <tag k="local_x" v="-10.0153"/>
    <tag k="local_y" v="42.1234"/>
    <tag k="ele" v="-33.8499"/>
  </node>
  <node id="1130" lat="36.84395593629" lon="128.09247843681">
    <tag k="local_x" v="-7.6821"/>
    <tag k="local_y" v="42.4016"/>
    <tag k="ele" v="-33.8153"/>
  </node>
  <node id="1131" lat="36.84395754452" lon="128.09249074984">
    <tag k="local_x" v="-6.5843"/>
    <tag k="local_y" v="42.58"/>
    <tag k="ele" v="-33.8421"/>
  </node>
  <node id="1132" lat="36.84395893008" lon="128.09250753922">
    <tag k="local_x" v="-5.0874"/>
    <tag k="local_y" v="42.7337"/>
    <tag k="ele" v="-33.8947"/>
  </node>
  <node id="1133" lat="36.84396030212" lon="128.09252383845">
    <tag k="local_x" v="-3.6342"/>
    <tag k="local_y" v="42.8859"/>
    <tag k="ele" v="-33.9164"/>
  </node>
  <node id="1134" lat="36.84396357896" lon="128.09254945602">
    <tag k="local_x" v="-1.3502"/>
    <tag k="local_y" v="43.2494"/>
    <tag k="ele" v="-33.9505"/>
  </node>
  <node id="1135" lat="36.84396560816" lon="128.09257368168">
    <tag k="local_x" v="0.8097"/>
    <tag k="local_y" v="43.4745"/>
    <tag k="ele" v="-33.9372"/>
  </node>
  <node id="1136" lat="36.84396678096" lon="128.09259543418">
    <tag k="local_x" v="2.7491"/>
    <tag k="local_y" v="43.6046"/>
    <tag k="ele" v="-33.8747"/>
  </node>
  <node id="1137" lat="36.84397021734" lon="128.09263596132">
    <tag k="local_x" v="6.3624"/>
    <tag k="local_y" v="43.9858"/>
    <tag k="ele" v="-33.7415"/>
  </node>
  <node id="1138" lat="36.84393398829" lon="128.09263791064">
    <tag k="local_x" v="6.5362"/>
    <tag k="local_y" v="39.9669"/>
    <tag k="ele" v="-34.0715"/>
  </node>
  <node id="1139" lat="36.84393047168" lon="128.09261795721">
    <tag k="local_x" v="4.7572"/>
    <tag k="local_y" v="39.5768"/>
    <tag k="ele" v="-34.1739"/>
  </node>
  <node id="1140" lat="36.84392394778" lon="128.09255766621">
    <tag k="local_x" v="-0.6182"/>
    <tag k="local_y" v="38.8531"/>
    <tag k="ele" v="-33.9833"/>
  </node>
  <node id="1141" lat="36.84392203306" lon="128.09253021033">
    <tag k="local_x" v="-3.0661"/>
    <tag k="local_y" v="38.6407"/>
    <tag k="ele" v="-33.9688"/>
  </node>
  <node id="1142" lat="36.84391756357" lon="128.09249264428">
    <tag k="local_x" v="-6.4154"/>
    <tag k="local_y" v="38.1449"/>
    <tag k="ele" v="-33.8166"/>
  </node>
  <node id="1143" lat="36.84391064115" lon="128.09242961769">
    <tag k="local_x" v="-12.0347"/>
    <tag k="local_y" v="37.377"/>
    <tag k="ele" v="-33.5794"/>
  </node>
  <node id="1144" lat="36.84390511601" lon="128.09239225466">
    <tag k="local_x" v="-15.3659"/>
    <tag k="local_y" v="36.7641"/>
    <tag k="ele" v="-33.6128"/>
  </node>
  <node id="1145" lat="36.84394744167" lon="128.09238784327">
    <tag k="local_x" v="-15.7592"/>
    <tag k="local_y" v="41.4593"/>
    <tag k="ele" v="-33.8553"/>
  </node>
  <node id="1208" lat="36.84385160777" lon="128.09253285624">
    <tag k="local_x" v="-2.8302"/>
    <tag k="local_y" v="30.8284"/>
    <tag k="ele" v="-32.4743"/>
  </node>
  <node id="1212" lat="36.84386389386" lon="128.09257770712">
    <tag k="local_x" v="1.1686"/>
    <tag k="local_y" v="32.1913"/>
    <tag k="ele" v="-32.7387"/>
  </node>
  <node id="1213" lat="36.84379406805" lon="128.09260950131">
    <tag k="local_x" v="4.0033"/>
    <tag k="local_y" v="24.4455"/>
    <tag k="ele" v="-32.3579"/>
  </node>
  <node id="1217" lat="36.84377994478" lon="128.09256631494">
    <tag k="local_x" v="0.1529"/>
    <tag k="local_y" v="22.8788"/>
    <tag k="ele" v="-32.2865"/>
  </node>
  <node id="1218" lat="36.84385179618" lon="128.09253221917">
    <tag k="local_x" v="-2.887"/>
    <tag k="local_y" v="30.8493"/>
    <tag k="ele" v="-32.4554"/>
  </node>
  <node id="1222" lat="36.84378785604" lon="128.09260745886">
    <tag k="local_x" v="3.8212"/>
    <tag k="local_y" v="23.7564"/>
    <tag k="ele" v="-32.2621"/>
  </node>
  <node id="1225" lat="36.84380502445" lon="128.0926550857">
    <tag k="local_x" v="8.0675"/>
    <tag k="local_y" v="25.6609"/>
    <tag k="ele" v="-32.3967"/>
  </node>
  <node id="1226" lat="36.84376284751" lon="128.09267490557">
    <tag k="local_x" v="9.8346"/>
    <tag k="local_y" v="20.9822"/>
    <tag k="ele" v="-32.3208"/>
  </node>
  <node id="1230" lat="36.84374700787" lon="128.09262820184">
    <tag k="local_x" v="5.6706"/>
    <tag k="local_y" v="19.2251"/>
    <tag k="ele" v="-32.2056"/>
  </node>
  <node id="1231" lat="36.84378802011" lon="128.09260678478">
    <tag k="local_x" v="3.7611"/>
    <tag k="local_y" v="23.7746"/>
    <tag k="ele" v="-32.2725"/>
  </node>
  <node id="1234" lat="36.84373938236" lon="128.09263151057">
    <tag k="local_x" v="5.9656"/>
    <tag k="local_y" v="18.3792"/>
    <tag k="ele" v="-32.0716"/>
  </node>
  <node id="1237" lat="36.84375433585" lon="128.09267763555">
    <tag k="local_x" v="10.078"/>
    <tag k="local_y" v="20.038"/>
    <tag k="ele" v="-32.6497"/>
  </node>
  <node id="1238" lat="36.84370827268" lon="128.09270051961">
    <tag k="local_x" v="12.1183"/>
    <tag k="local_y" v="14.9282"/>
    <tag k="ele" v="-31.7904"/>
  </node>
  <node id="1242" lat="36.8436928892" lon="128.09265345475">
    <tag k="local_x" v="7.9221"/>
    <tag k="local_y" v="13.2217"/>
    <tag k="ele" v="-31.7857"/>
  </node>
  <node id="1243" lat="36.84373955634" lon="128.09263087126">
    <tag k="local_x" v="5.9086"/>
    <tag k="local_y" v="18.3985"/>
    <tag k="ele" v="-32.0796"/>
  </node>
  <node id="1246" lat="36.84368531056" lon="128.09265751159">
    <tag k="local_x" v="8.2838"/>
    <tag k="local_y" v="12.381"/>
    <tag k="ele" v="-31.8011"/>
  </node>
  <node id="1247" lat="36.8437003587" lon="128.09270418949">
    <tag k="local_x" v="12.4455"/>
    <tag k="local_y" v="14.0503"/>
    <tag k="ele" v="-31.8364"/>
  </node>
  <node id="1248" lat="36.84365431806" lon="128.09272706231">
    <tag k="local_x" v="14.4848"/>
    <tag k="local_y" v="8.943"/>
    <tag k="ele" v="-31.6556"/>
  </node>
  <node id="1251" lat="36.84363884083" lon="128.09267944341">
    <tag k="local_x" v="10.2392"/>
    <tag k="local_y" v="7.2261"/>
    <tag k="ele" v="-31.6952"/>
  </node>
  <node id="1252" lat="36.84368548635" lon="128.0926568633">
    <tag k="local_x" v="8.226"/>
    <tag k="local_y" v="12.4005"/>
    <tag k="ele" v="-31.8021"/>
  </node>
  <node id="1255" lat="36.84362928077" lon="128.09268544174">
    <tag k="local_x" v="10.774"/>
    <tag k="local_y" v="6.1656"/>
    <tag k="ele" v="-31.722"/>
  </node>
  <node id="1256" lat="36.84364386645" lon="128.09273303147">
    <tag k="local_x" v="15.017"/>
    <tag k="local_y" v="7.7836"/>
    <tag k="ele" v="-31.6633"/>
  </node>
  <node id="1257" lat="36.84359958096" lon="128.09275669723">
    <tag k="local_x" v="17.127"/>
    <tag k="local_y" v="2.871"/>
    <tag k="ele" v="-31.6062"/>
  </node>
  <node id="1260" lat="36.84358376749" lon="128.09270922416">
    <tag k="local_x" v="12.8944"/>
    <tag k="local_y" v="1.1168"/>
    <tag k="ele" v="-31.7049"/>
  </node>
  <node id="1261" lat="36.84362945926" lon="128.0926847856">
    <tag k="local_x" v="10.7155"/>
    <tag k="local_y" v="6.1854"/>
    <tag k="ele" v="-31.7218"/>
  </node>
  <node id="1264" lat="36.84357963517" lon="128.09271222333">
    <tag k="local_x" v="13.1618"/>
    <tag k="local_y" v="0.6584"/>
    <tag k="ele" v="-31.6941"/>
  </node>
  <node id="1265" lat="36.84359558926" lon="128.09275906381">
    <tag k="local_x" v="17.338"/>
    <tag k="local_y" v="2.4282"/>
    <tag k="ele" v="-31.6144"/>
  </node>
  <node id="1266" lat="36.84354329062" lon="128.0927854696">
    <tag k="local_x" v="19.6923"/>
    <tag k="local_y" v="-3.3733"/>
    <tag k="ele" v="-31.3552"/>
  </node>
  <node id="1269" lat="36.84352766737" lon="128.09273819845">
    <tag k="local_x" v="15.4777"/>
    <tag k="local_y" v="-5.1064"/>
    <tag k="ele" v="-31.7505"/>
  </node>
  <node id="1270" lat="36.84357982357" lon="128.09271155822">
    <tag k="local_x" v="13.1025"/>
    <tag k="local_y" v="0.6793"/>
    <tag k="ele" v="-31.6883"/>
  </node>
  <node id="1273" lat="36.84351829391" lon="128.09274405992">
    <tag k="local_x" v="16.0003"/>
    <tag k="local_y" v="-6.1462"/>
    <tag k="ele" v="-31.6273"/>
  </node>
  <node id="1274" lat="36.84353423718" lon="128.09279019937">
    <tag k="local_x" v="20.114"/>
    <tag k="local_y" v="-4.3776"/>
    <tag k="ele" v="-31.3864"/>
  </node>
  <node id="1275" lat="36.84347386047" lon="128.09282339752">
    <tag k="local_x" v="23.0739"/>
    <tag k="local_y" v="-11.0752"/>
    <tag k="ele" v="-31.1991"/>
  </node>
  <node id="1278" lat="36.84345920541" lon="128.09277840438">
    <tag k="local_x" v="19.0624"/>
    <tag k="local_y" v="-12.7009"/>
    <tag k="ele" v="-31.4534"/>
  </node>
  <node id="1279" lat="36.84351846609" lon="128.09274343519">
    <tag k="local_x" v="15.9446"/>
    <tag k="local_y" v="-6.1271"/>
    <tag k="ele" v="-31.6034"/>
  </node>
  <node id="1282" lat="36.84375799929" lon="128.09276863489">
    <tag k="local_x" v="18.1913"/>
    <tag k="local_y" v="20.4444"/>
    <tag k="ele" v="-31.7396"/>
  </node>
  <node id="1285" lat="36.843750016" lon="128.09270644065">
    <tag k="local_x" v="12.6462"/>
    <tag k="local_y" v="19.5588"/>
    <tag k="ele" v="-31.9194"/>
  </node>
  <node id="1286" lat="36.84378832384" lon="128.09269197871">
    <tag k="local_x" v="11.3568"/>
    <tag k="local_y" v="23.8083"/>
    <tag k="ele" v="-32.5286"/>
  </node>
  <node id="1290" lat="36.84379369108" lon="128.09275907328">
    <tag k="local_x" v="17.3388"/>
    <tag k="local_y" v="24.4037"/>
    <tag k="ele" v="-31.8459"/>
  </node>
  <node id="1291" lat="36.84375767206" lon="128.09276916093">
    <tag k="local_x" v="18.2382"/>
    <tag k="local_y" v="20.4081"/>
    <tag k="ele" v="-31.7372"/>
  </node>
  <node id="1294" lat="36.84371136729" lon="128.09278846701">
    <tag k="local_x" v="19.9595"/>
    <tag k="local_y" v="15.2715"/>
    <tag k="ele" v="-31.4918"/>
  </node>
  <node id="1297" lat="36.84370233199" lon="128.09272603054">
    <tag k="local_x" v="14.3928"/>
    <tag k="local_y" v="14.2692"/>
    <tag k="ele" v="-31.6359"/>
  </node>
  <node id="1298" lat="36.84374507956" lon="128.09270786957">
    <tag k="local_x" v="12.7736"/>
    <tag k="local_y" v="19.0112"/>
    <tag k="ele" v="-31.9172"/>
  </node>
  <node id="1302" lat="36.84375392106" lon="128.09276990006">
    <tag k="local_x" v="18.3041"/>
    <tag k="local_y" v="19.992"/>
    <tag k="ele" v="-31.6969"/>
  </node>
  <node id="1303" lat="36.84371113741" lon="128.09278910072">
    <tag k="local_x" v="20.016"/>
    <tag k="local_y" v="15.246"/>
    <tag k="ele" v="-31.4779"/>
  </node>
  <node id="1306" lat="36.84366127723" lon="128.09281406415">
    <tag k="local_x" v="22.2417"/>
    <tag k="local_y" v="9.715"/>
    <tag k="ele" v="-31.3279"/>
  </node>
  <node id="1309" lat="36.8436433661" lon="128.09275635077">
    <tag k="local_x" v="17.0961"/>
    <tag k="local_y" v="7.7281"/>
    <tag k="ele" v="-31.602"/>
  </node>
  <node id="1310" lat="36.8436875939" lon="128.09273262555">
    <tag k="local_x" v="14.9808"/>
    <tag k="local_y" v="12.6343"/>
    <tag k="ele" v="-31.6235"/>
  </node>
  <node id="1314" lat="36.84370546538" lon="128.0927918464">
    <tag k="local_x" v="20.2608"/>
    <tag k="local_y" v="14.6168"/>
    <tag k="ele" v="-31.4535"/>
  </node>
  <node id="1315" lat="36.84366108342" lon="128.09281470795">
    <tag k="local_x" v="22.2991"/>
    <tag k="local_y" v="9.6935"/>
    <tag k="ele" v="-31.3256"/>
  </node>
  <node id="1318" lat="36.8436153204" lon="128.09283904102">
    <tag k="local_x" v="24.4686"/>
    <tag k="local_y" v="4.617"/>
    <tag k="ele" v="-31.3106"/>
  </node>
  <node id="1321" lat="36.84359640054" lon="128.09278236627">
    <tag k="local_x" v="19.4156"/>
    <tag k="local_y" v="2.5182"/>
    <tag k="ele" v="-31.6175"/>
  </node>
  <node id="1322" lat="36.84363779954" lon="128.09275978847">
    <tag k="local_x" v="17.4026"/>
    <tag k="local_y" v="7.1106"/>
    <tag k="ele" v="-31.6072"/>
  </node>
  <node id="1326" lat="36.84365646249" lon="128.09281747157">
    <tag k="local_x" v="22.5455"/>
    <tag k="local_y" v="9.1809"/>
    <tag k="ele" v="-31.3402"/>
  </node>
  <node id="1327" lat="36.84361514642" lon="128.09283967809">
    <tag k="local_x" v="24.5254"/>
    <tag k="local_y" v="4.5977"/>
    <tag k="ele" v="-31.3116"/>
  </node>
  <node id="1330" lat="36.84356449654" lon="128.09286670521">
    <tag k="local_x" v="26.9351"/>
    <tag k="local_y" v="-1.0209"/>
    <tag k="ele" v="-31.0608"/>
  </node>
  <node id="1333" lat="36.84354496549" lon="128.09281058568">
    <tag k="local_x" v="21.9316"/>
    <tag k="local_y" v="-3.1875"/>
    <tag k="ele" v="-31.4003"/>
  </node>
  <node id="1334" lat="36.84359080603" lon="128.09278634122">
    <tag k="local_x" v="19.77"/>
    <tag k="local_y" v="1.8976"/>
    <tag k="ele" v="-31.6312"/>
  </node>
  <node id="1338" lat="36.84361003149" lon="128.09284238114">
    <tag k="local_x" v="24.7664"/>
    <tag k="local_y" v="4.0303"/>
    <tag k="ele" v="-31.4529"/>
  </node>
  <node id="1339" lat="36.84356433698" lon="128.09286737256">
    <tag k="local_x" v="26.9946"/>
    <tag k="local_y" v="-1.0386"/>
    <tag k="ele" v="-31.0737"/>
  </node>
  <node id="1342" lat="36.84351634913" lon="128.09289491446">
    <tag k="local_x" v="29.4502"/>
    <tag k="local_y" v="-6.3619"/>
    <tag k="ele" v="-31.1026"/>
  </node>
  <node id="1345" lat="36.84349542893" lon="128.09283998498">
    <tag k="local_x" v="24.5528"/>
    <tag k="local_y" v="-8.6826"/>
    <tag k="ele" v="-31.3224"/>
  </node>
  <node id="1346" lat="36.84353908432" lon="128.09281414339">
    <tag k="local_x" v="22.2488"/>
    <tag k="local_y" v="-3.8399"/>
    <tag k="ele" v="-31.365"/>
  </node>
  <node id="1350" lat="36.84355884884" lon="128.0928700442">
    <tag k="local_x" v="27.2328"/>
    <tag k="local_y" v="-1.6474"/>
    <tag k="ele" v="-31.3325"/>
  </node>
  <node id="1351" lat="36.84351617244" lon="128.09289556724">
    <tag k="local_x" v="29.5084"/>
    <tag k="local_y" v="-6.3815"/>
    <tag k="ele" v="-31.1039"/>
  </node>
  <node id="1354" lat="36.84402429363" lon="128.09261961501">
    <tag k="local_x" v="4.905"/>
    <tag k="local_y" v="49.9845"/>
    <tag k="ele" v="-33.9957"/>
  </node>
  <node id="1355" lat="36.84402155678" lon="128.09259021198">
    <tag k="local_x" v="2.2835"/>
    <tag k="local_y" v="49.6809"/>
    <tag k="ele" v="-34.0354"/>
  </node>
  <node id="1357" lat="36.84401913905" lon="128.09256328547">
    <tag k="local_x" v="-0.1172"/>
    <tag k="local_y" v="49.4127"/>
    <tag k="ele" v="-34.0472"/>
  </node>
  <node id="1358" lat="36.84401585501" lon="128.09253462832">
    <tag k="local_x" v="-2.6722"/>
    <tag k="local_y" v="49.0484"/>
    <tag k="ele" v="-34.0901"/>
  </node>
  <node id="1359" lat="36.84401316412" lon="128.09250701426">
    <tag k="local_x" v="-5.1342"/>
    <tag k="local_y" v="48.7499"/>
    <tag k="ele" v="-34.0887"/>
  </node>
  <node id="1360" lat="36.84401017213" lon="128.09247868126">
    <tag k="local_x" v="-7.6603"/>
    <tag k="local_y" v="48.418"/>
    <tag k="ele" v="-34.1383"/>
  </node>
  <node id="1361" lat="36.84400774717" lon="128.09245138686">
    <tag k="local_x" v="-10.0938"/>
    <tag k="local_y" v="48.149"/>
    <tag k="ele" v="-34.1127"/>
  </node>
  <node id="1362" lat="36.84400503192" lon="128.09242305162">
    <tag k="local_x" v="-12.6201"/>
    <tag k="local_y" v="47.8478"/>
    <tag k="ele" v="-34.1992"/>
  </node>
  <node id="1363" lat="36.84400234371" lon="128.09239611615">
    <tag k="local_x" v="-15.0216"/>
    <tag k="local_y" v="47.5496"/>
    <tag k="ele" v="-34.2622"/>
  </node>
  <node id="1364" lat="36.84399936612" lon="128.09236852005">
    <tag k="local_x" v="-17.482"/>
    <tag k="local_y" v="47.2193"/>
    <tag k="ele" v="-34.1918"/>
  </node>
  <node id="1365" lat="36.84399667429" lon="128.0923412481">
    <tag k="local_x" v="-19.9135"/>
    <tag k="local_y" v="46.9207"/>
    <tag k="ele" v="-33.9263"/>
  </node>
  <node id="1366" lat="36.84403122209" lon="128.09233441738">
    <tag k="local_x" v="-20.5225"/>
    <tag k="local_y" v="50.7531"/>
    <tag k="ele" v="-34.0585"/>
  </node>
  <node id="1367" lat="36.84403592329" lon="128.09236445299">
    <tag k="local_x" v="-17.8446"/>
    <tag k="local_y" v="51.2746"/>
    <tag k="ele" v="-34.0187"/>
  </node>
  <node id="1368" lat="36.84403833476" lon="128.09239103517">
    <tag k="local_x" v="-15.4746"/>
    <tag k="local_y" v="51.5421"/>
    <tag k="ele" v="-34.5278"/>
  </node>
  <node id="1369" lat="36.84404188026" lon="128.09241863128">
    <tag k="local_x" v="-13.0142"/>
    <tag k="local_y" v="51.9354"/>
    <tag k="ele" v="-34.4957"/>
  </node>
  <node id="1370" lat="36.84404315407" lon="128.09244524936">
    <tag k="local_x" v="-10.641"/>
    <tag k="local_y" v="52.0767"/>
    <tag k="ele" v="-34.051"/>
  </node>
  <node id="1371" lat="36.84404613344" lon="128.09247287688">
    <tag k="local_x" v="-8.1778"/>
    <tag k="local_y" v="52.4072"/>
    <tag k="ele" v="-34.3277"/>
  </node>
  <node id="1372" lat="36.8440494148" lon="128.09250082743">
    <tag k="local_x" v="-5.6858"/>
    <tag k="local_y" v="52.7712"/>
    <tag k="ele" v="-34.1426"/>
  </node>
  <node id="1373" lat="36.84405270516" lon="128.09252984912">
    <tag k="local_x" v="-3.0983"/>
    <tag k="local_y" v="53.1362"/>
    <tag k="ele" v="-34.217"/>
  </node>
  <node id="1374" lat="36.84405453785" lon="128.09255575385">
    <tag k="local_x" v="-0.7887"/>
    <tag k="local_y" v="53.3395"/>
    <tag k="ele" v="-34.2122"/>
  </node>
  <node id="1375" lat="36.84405810225" lon="128.09258546309">
    <tag k="local_x" v="1.8601"/>
    <tag k="local_y" v="53.7349"/>
    <tag k="ele" v="-34.3479"/>
  </node>
  <node id="1376" lat="36.84405947968" lon="128.09261870878">
    <tag k="local_x" v="4.8242"/>
    <tag k="local_y" v="53.8877"/>
    <tag k="ele" v="-34.392"/>
  </node>
  <node id="1377" lat="36.84402428281" lon="128.09261891849">
    <tag k="local_x" v="4.8429"/>
    <tag k="local_y" v="49.9833"/>
    <tag k="ele" v="-34.0012"/>
  </node>
  <node id="1407" lat="36.84332825991" lon="128.09288584103">
    <tag k="local_x" v="28.6413"/>
    <tag k="local_y" v="-27.2267"/>
    <tag k="ele" v="-29.4514"/>
  </node>
  <node id="1408" lat="36.84324611174" lon="128.09295403842">
    <tag k="local_x" v="34.7217"/>
    <tag k="local_y" v="-36.3394"/>
    <tag k="ele" v="-29.843"/>
  </node>
  <node id="1410" lat="36.84334000592" lon="128.09292190952">
    <tag k="local_x" v="31.8571"/>
    <tag k="local_y" v="-25.9237"/>
    <tag k="ele" v="-29.5418"/>
  </node>
  <node id="1411" lat="36.84326576632" lon="128.09298363305">
    <tag k="local_x" v="37.3603"/>
    <tag k="local_y" v="-34.1591"/>
    <tag k="ele" v="-29.9379"/>
  </node>
  <node id="1585" lat="36.84346878992" lon="128.09270713777">
    <tag k="local_x" v="12.7084"/>
    <tag k="local_y" v="-11.6377"/>
    <tag k="ele" v="-29.5077"/>
  </node>
  <node id="1586" lat="36.84345307012" lon="128.09271817543">
    <tag k="local_x" v="13.6925"/>
    <tag k="local_y" v="-13.3815"/>
    <tag k="ele" v="-29.4767"/>
  </node>
  <node id="1587" lat="36.8434843826" lon="128.09269621787">
    <tag k="local_x" v="11.7348"/>
    <tag k="local_y" v="-9.908"/>
    <tag k="ele" v="-29.5588"/>
  </node>
  <node id="1588" lat="36.84350036742" lon="128.09268501084">
    <tag k="local_x" v="10.7356"/>
    <tag k="local_y" v="-8.1348"/>
    <tag k="ele" v="-29.6559"/>
  </node>
  <node id="1589" lat="36.84351574826" lon="128.09267423001">
    <tag k="local_x" v="9.7744"/>
    <tag k="local_y" v="-6.4286"/>
    <tag k="ele" v="-29.7769"/>
  </node>
  <node id="1590" lat="36.84353251645" lon="128.09266249918">
    <tag k="local_x" v="8.7285"/>
    <tag k="local_y" v="-4.5685"/>
    <tag k="ele" v="-29.6808"/>
  </node>
  <node id="1598" lat="36.84343801742" lon="128.09272870837">
    <tag k="local_x" v="14.6316"/>
    <tag k="local_y" v="-15.0513"/>
    <tag k="ele" v="-29.4162"/>
  </node>
  <node id="1605" lat="36.84340451898" lon="128.09267135967">
    <tag k="local_x" v="9.5185"/>
    <tag k="local_y" v="-18.7673"/>
    <tag k="ele" v="-29.4522"/>
  </node>
  <node id="1606" lat="36.84360076112" lon="128.09252223587">
    <tag k="local_x" v="-3.7771"/>
    <tag k="local_y" v="3.0019"/>
    <tag k="ele" v="-29.8049"/>
  </node>
  <node id="1609" lat="36.84383833354" lon="128.09238348608">
    <tag k="local_x" v="-16.1477"/>
    <tag k="local_y" v="29.3559"/>
    <tag k="ele" v="-32.5174"/>
  </node>
  <node id="1610" lat="36.84386693448" lon="128.09247494646">
    <tag k="local_x" v="-7.9933"/>
    <tag k="local_y" v="32.5286"/>
    <tag k="ele" v="-32.3555"/>
  </node>
  <node id="1611" lat="36.84364504028" lon="128.09257203512">
    <tag k="local_x" v="0.6629"/>
    <tag k="local_y" v="7.9138"/>
    <tag k="ele" v="-29.9348"/>
  </node>
  <node id="1612" lat="36.84356251908" lon="128.09264459281">
    <tag k="local_x" v="7.132"/>
    <tag k="local_y" v="-1.2403"/>
    <tag k="ele" v="-29.8034"/>
  </node>
  <node id="1613" lat="36.84343600263" lon="128.09273569034">
    <tag k="local_x" v="15.2541"/>
    <tag k="local_y" v="-15.2748"/>
    <tag k="ele" v="-29.1643"/>
  </node>
  <node id="1614" lat="36.84340437564" lon="128.09267134285">
    <tag k="local_x" v="9.517"/>
    <tag k="local_y" v="-18.7832"/>
    <tag k="ele" v="-29.447"/>
  </node>
  <node id="1625" lat="36.84344569612" lon="128.09272332469">
    <tag k="local_x" v="14.1516"/>
    <tag k="local_y" v="-14.1995"/>
    <tag k="ele" v="-29.5027"/>
  </node>
  <node id="1627" lat="36.84346088134" lon="128.09271268632">
    <tag k="local_x" v="13.2031"/>
    <tag k="local_y" v="-12.515"/>
    <tag k="ele" v="-29.4644"/>
  </node>
  <node id="1628" lat="36.8434768301" lon="128.09270149275">
    <tag k="local_x" v="12.2051"/>
    <tag k="local_y" v="-10.7458"/>
    <tag k="ele" v="-29.4786"/>
  </node>
  <node id="1629" lat="36.84349266438" lon="128.09269043378">
    <tag k="local_x" v="11.2191"/>
    <tag k="local_y" v="-8.9893"/>
    <tag k="ele" v="-29.6297"/>
  </node>
  <node id="1630" lat="36.84350826247" lon="128.09267950378">
    <tag k="local_x" v="10.2446"/>
    <tag k="local_y" v="-7.259"/>
    <tag k="ele" v="-29.5573"/>
  </node>
  <node id="1632" lat="36.84352401742" lon="128.09266846722">
    <tag k="local_x" v="9.2606"/>
    <tag k="local_y" v="-5.5113"/>
    <tag k="ele" v="-29.601"/>
  </node>
  <node id="1633" lat="36.84354005362" lon="128.09265723662">
    <tag k="local_x" v="8.2593"/>
    <tag k="local_y" v="-3.7324"/>
    <tag k="ele" v="-29.6291"/>
  </node>
  <node id="1672" lat="36.843426128" lon="128.09270457595">
    <tag k="local_x" v="12.48"/>
    <tag k="local_y" v="-16.3702"/>
    <tag k="ele" v="-29.3246"/>
  </node>
  <node id="1673" lat="36.84343381482" lon="128.09269918666">
    <tag k="local_x" v="11.9995"/>
    <tag k="local_y" v="-15.5175"/>
    <tag k="ele" v="-29.4464"/>
  </node>
  <node id="1674" lat="36.84344118612" lon="128.09269402394">
    <tag k="local_x" v="11.5392"/>
    <tag k="local_y" v="-14.6998"/>
    <tag k="ele" v="-29.4545"/>
  </node>
  <node id="1675" lat="36.84344898561" lon="128.09268857409">
    <tag k="local_x" v="11.0533"/>
    <tag k="local_y" v="-13.8346"/>
    <tag k="ele" v="-29.538"/>
  </node>
  <node id="1676" lat="36.84345691402" lon="128.09268303338">
    <tag k="local_x" v="10.5593"/>
    <tag k="local_y" v="-12.9551"/>
    <tag k="ele" v="-29.5356"/>
  </node>
  <node id="1677" lat="36.84346496683" lon="128.09267737379">
    <tag k="local_x" v="10.0547"/>
    <tag k="local_y" v="-12.0618"/>
    <tag k="ele" v="-29.5567"/>
  </node>
  <node id="1678" lat="36.843472504" lon="128.09267207423">
    <tag k="local_x" v="9.5822"/>
    <tag k="local_y" v="-11.2257"/>
    <tag k="ele" v="-29.5384"/>
  </node>
  <node id="1679" lat="36.84348078578" lon="128.09266628228">
    <tag k="local_x" v="9.0658"/>
    <tag k="local_y" v="-10.307"/>
    <tag k="ele" v="-29.5781"/>
  </node>
  <node id="1680" lat="36.84348848611" lon="128.09266089411">
    <tag k="local_x" v="8.5854"/>
    <tag k="local_y" v="-9.4528"/>
    <tag k="ele" v="-29.6272"/>
  </node>
  <node id="1681" lat="36.84349637124" lon="128.09265536462">
    <tag k="local_x" v="8.0924"/>
    <tag k="local_y" v="-8.5781"/>
    <tag k="ele" v="-29.6426"/>
  </node>
  <node id="1682" lat="36.84350387776" lon="128.0926501043">
    <tag k="local_x" v="7.6234"/>
    <tag k="local_y" v="-7.7454"/>
    <tag k="ele" v="-29.7033"/>
  </node>
  <node id="1683" lat="36.84351210635" lon="128.09264432918">
    <tag k="local_x" v="7.1085"/>
    <tag k="local_y" v="-6.8326"/>
    <tag k="ele" v="-29.5774"/>
  </node>
  <node id="1684" lat="36.84352061981" lon="128.09263836562">
    <tag k="local_x" v="6.5768"/>
    <tag k="local_y" v="-5.8882"/>
    <tag k="ele" v="-29.63"/>
  </node>
  <node id="1685" lat="36.84352816599" lon="128.09263309297">
    <tag k="local_x" v="6.1067"/>
    <tag k="local_y" v="-5.0511"/>
    <tag k="ele" v="-29.6413"/>
  </node>
  <node id="1719" lat="36.84325146196" lon="128.09294959916">
    <tag k="local_x" v="34.3259"/>
    <tag k="local_y" v="-35.7459"/>
    <tag k="ele" v="-29.8152"/>
  </node>
  <node id="1720" lat="36.84325631096" lon="128.09294553002">
    <tag k="local_x" v="33.9631"/>
    <tag k="local_y" v="-35.208"/>
    <tag k="ele" v="-29.7692"/>
  </node>
  <node id="1721" lat="36.84325964459" lon="128.0929427608">
    <tag k="local_x" v="33.7162"/>
    <tag k="local_y" v="-34.8382"/>
    <tag k="ele" v="-29.7619"/>
  </node>
  <node id="1722" lat="36.84326450261" lon="128.09293878364">
    <tag k="local_x" v="33.3616"/>
    <tag k="local_y" v="-34.2993"/>
    <tag k="ele" v="-29.7391"/>
  </node>
  <node id="1723" lat="36.84326697264" lon="128.09293672551">
    <tag k="local_x" v="33.1781"/>
    <tag k="local_y" v="-34.0253"/>
    <tag k="ele" v="-29.7235"/>
  </node>
  <node id="1724" lat="36.84327186581" lon="128.0929326216">
    <tag k="local_x" v="32.8122"/>
    <tag k="local_y" v="-33.4825"/>
    <tag k="ele" v="-29.6935"/>
  </node>
  <node id="1725" lat="36.84327453326" lon="128.09293043786">
    <tag k="local_x" v="32.6175"/>
    <tag k="local_y" v="-33.1866"/>
    <tag k="ele" v="-29.6695"/>
  </node>
  <node id="1726" lat="36.84327918935" lon="128.09292660089">
    <tag k="local_x" v="32.2754"/>
    <tag k="local_y" v="-32.6701"/>
    <tag k="ele" v="-29.6394"/>
  </node>
  <node id="1727" lat="36.84328222549" lon="128.09292405151">
    <tag k="local_x" v="32.0481"/>
    <tag k="local_y" v="-32.3333"/>
    <tag k="ele" v="-29.6237"/>
  </node>
  <node id="1728" lat="36.84328695731" lon="128.09292013602">
    <tag k="local_x" v="31.699"/>
    <tag k="local_y" v="-31.8084"/>
    <tag k="ele" v="-29.6019"/>
  </node>
  <node id="1729" lat="36.84328942913" lon="128.09291809921">
    <tag k="local_x" v="31.5174"/>
    <tag k="local_y" v="-31.5342"/>
    <tag k="ele" v="-29.5847"/>
  </node>
  <node id="1730" lat="36.84329424208" lon="128.09291406483">
    <tag k="local_x" v="31.1577"/>
    <tag k="local_y" v="-31.0003"/>
    <tag k="ele" v="-29.571"/>
  </node>
  <node id="1731" lat="36.84329691854" lon="128.09291189455">
    <tag k="local_x" v="30.9642"/>
    <tag k="local_y" v="-30.7034"/>
    <tag k="ele" v="-29.5683"/>
  </node>
  <node id="1732" lat="36.84330175762" lon="128.09290787139">
    <tag k="local_x" v="30.6055"/>
    <tag k="local_y" v="-30.1666"/>
    <tag k="ele" v="-29.5481"/>
  </node>
  <node id="1733" lat="36.84330402482" lon="128.09290596692">
    <tag k="local_x" v="30.4357"/>
    <tag k="local_y" v="-29.9151"/>
    <tag k="ele" v="-29.5394"/>
  </node>
  <node id="1734" lat="36.84330885579" lon="128.09290193143">
    <tag k="local_x" v="30.0759"/>
    <tag k="local_y" v="-29.3792"/>
    <tag k="ele" v="-29.5234"/>
  </node>
  <node id="1736" lat="36.84331136458" lon="128.09289991143">
    <tag k="local_x" v="29.8958"/>
    <tag k="local_y" v="-29.1009"/>
    <tag k="ele" v="-29.4779"/>
  </node>
  <node id="1737" lat="36.84331607205" lon="128.09289593314">
    <tag k="local_x" v="29.5411"/>
    <tag k="local_y" v="-28.5787"/>
    <tag k="ele" v="-29.4915"/>
  </node>
  <node id="1738" lat="36.84331877195" lon="128.09289372584">
    <tag k="local_x" v="29.3443"/>
    <tag k="local_y" v="-28.2792"/>
    <tag k="ele" v="-29.4827"/>
  </node>
  <node id="1739" lat="36.84332354432" lon="128.09288981372">
    <tag k="local_x" v="28.9955"/>
    <tag k="local_y" v="-27.7498"/>
    <tag k="ele" v="-29.4377"/>
  </node>
  <node id="1740" lat="36.84333540843" lon="128.09292569153">
    <tag k="local_x" v="32.1943"/>
    <tag k="local_y" v="-26.4337"/>
    <tag k="ele" v="-29.5516"/>
  </node>
  <node id="1741" lat="36.84333244349" lon="128.09292820615">
    <tag k="local_x" v="32.4185"/>
    <tag k="local_y" v="-26.7626"/>
    <tag k="ele" v="-29.5596"/>
  </node>
  <node id="1742" lat="36.84332796319" lon="128.09293194106">
    <tag k="local_x" v="32.7515"/>
    <tag k="local_y" v="-27.2596"/>
    <tag k="ele" v="-29.5763"/>
  </node>
  <node id="1743" lat="36.84332519388" lon="128.09293423023">
    <tag k="local_x" v="32.9556"/>
    <tag k="local_y" v="-27.5668"/>
    <tag k="ele" v="-29.5953"/>
  </node>
  <node id="1744" lat="36.84332073341" lon="128.0929379214">
    <tag k="local_x" v="33.2847"/>
    <tag k="local_y" v="-28.0616"/>
    <tag k="ele" v="-29.6331"/>
  </node>
  <node id="1745" lat="36.84331801187" lon="128.09294024422">
    <tag k="local_x" v="33.4918"/>
    <tag k="local_y" v="-28.3635"/>
    <tag k="ele" v="-29.6336"/>
  </node>
  <node id="1746" lat="36.843313546" lon="128.09294389725">
    <tag k="local_x" v="33.8175"/>
    <tag k="local_y" v="-28.8589"/>
    <tag k="ele" v="-29.6646"/>
  </node>
  <node id="1747" lat="36.84331049903" lon="128.09294644776">
    <tag k="local_x" v="34.0449"/>
    <tag k="local_y" v="-29.1969"/>
    <tag k="ele" v="-29.6727"/>
  </node>
  <node id="1748" lat="36.84330610797" lon="128.09295005144">
    <tag k="local_x" v="34.3662"/>
    <tag k="local_y" v="-29.684"/>
    <tag k="ele" v="-29.6943"/>
  </node>
  <node id="1749" lat="36.8433033612" lon="128.09295239108">
    <tag k="local_x" v="34.5748"/>
    <tag k="local_y" v="-29.9887"/>
    <tag k="ele" v="-29.7065"/>
  </node>
  <node id="1750" lat="36.84329890794" lon="128.09295606879">
    <tag k="local_x" v="34.9027"/>
    <tag k="local_y" v="-30.4827"/>
    <tag k="ele" v="-29.7515"/>
  </node>
  <node id="1751" lat="36.84329553554" lon="128.0929588638">
    <tag k="local_x" v="35.1519"/>
    <tag k="local_y" v="-30.8568"/>
    <tag k="ele" v="-29.7709"/>
  </node>
  <node id="1753" lat="36.84329106065" lon="128.09296257851">
    <tag k="local_x" v="35.4831"/>
    <tag k="local_y" v="-31.3532"/>
    <tag k="ele" v="-29.7932"/>
  </node>
  <node id="1754" lat="36.84328805605" lon="128.0929651021">
    <tag k="local_x" v="35.7081"/>
    <tag k="local_y" v="-31.6865"/>
    <tag k="ele" v="-29.8177"/>
  </node>
  <node id="1755" lat="36.84328361451" lon="128.09296878429">
    <tag k="local_x" v="36.0364"/>
    <tag k="local_y" v="-32.1792"/>
    <tag k="ele" v="-29.8596"/>
  </node>
  <node id="1757" lat="36.84328085241" lon="128.09297105215">
    <tag k="local_x" v="36.2386"/>
    <tag k="local_y" v="-32.4856"/>
    <tag k="ele" v="-29.8728"/>
  </node>
  <node id="1758" lat="36.84327640636" lon="128.09297479378">
    <tag k="local_x" v="36.5722"/>
    <tag k="local_y" v="-32.9788"/>
    <tag k="ele" v="-29.8652"/>
  </node>
  <node id="1761" lat="36.84326816513" lon="128.09298161867">
    <tag k="local_x" v="37.1807"/>
    <tag k="local_y" v="-33.893"/>
    <tag k="ele" v="-29.9338"/>
  </node>
  <node id="1764" lat="36.84327258503" lon="128.09297796565">
    <tag k="local_x" v="36.855"/>
    <tag k="local_y" v="-33.4027"/>
    <tag k="ele" v="-29.8902"/>
  </node>
  <node id="1843" lat="36.8437721624" lon="128.09250957283">
    <tag k="local_x" v="-4.9061"/>
    <tag k="local_y" v="22.0155"/>
    <tag k="ele" v="-31.4149"/>
  </node>
  <node id="1844" lat="36.84377551135" lon="128.09251849521">
    <tag k="local_x" v="-4.1106"/>
    <tag k="local_y" v="22.387"/>
    <tag k="ele" v="-31.4831"/>
  </node>
  <node id="1845" lat="36.84362282453" lon="128.09259594437">
    <tag k="local_x" v="2.7946"/>
    <tag k="local_y" v="5.4494"/>
    <tag k="ele" v="-30.0858"/>
  </node>
  <node id="1848" lat="36.84356124531" lon="128.09263762877">
    <tag k="local_x" v="6.5111"/>
    <tag k="local_y" v="-1.3816"/>
    <tag k="ele" v="-29.7766"/>
  </node>
  <node id="1851" lat="36.84355068194" lon="128.0926168645">
    <tag k="local_x" v="4.6598"/>
    <tag k="local_y" v="-2.5534"/>
    <tag k="ele" v="-29.6725"/>
  </node>
  <node id="1855" lat="36.84355427787" lon="128.09264424622">
    <tag k="local_x" v="7.1011"/>
    <tag k="local_y" v="-2.1545"/>
    <tag k="ele" v="-29.6641"/>
  </node>
  <node id="1856" lat="36.84354347831" lon="128.09262211136">
    <tag k="local_x" v="5.1276"/>
    <tag k="local_y" v="-3.3525"/>
    <tag k="ele" v="-29.611"/>
  </node>
  <node id="1866" lat="36.84353510368" lon="128.09262823082">
    <tag k="local_x" v="5.6732"/>
    <tag k="local_y" v="-4.2815"/>
    <tag k="ele" v="-29.6023"/>
  </node>
  <node id="1868" lat="36.84354660909" lon="128.09265157814">
    <tag k="local_x" v="7.7548"/>
    <tag k="local_y" v="-3.0052"/>
    <tag k="ele" v="-29.7556"/>
  </node>
  <node id="1873" lat="36.84354640448" lon="128.09260801504">
    <tag k="local_x" v="3.8708"/>
    <tag k="local_y" v="-3.0279"/>
    <tag k="ele" v="-29.6647"/>
  </node>
  <node id="1874" lat="36.84356598615" lon="128.09259436625">
    <tag k="local_x" v="2.6539"/>
    <tag k="local_y" v="-0.8557"/>
    <tag k="ele" v="-29.7351"/>
  </node>
  <node id="1876" lat="36.84358583374" lon="128.09258056604">
    <tag k="local_x" v="1.4235"/>
    <tag k="local_y" v="1.346"/>
    <tag k="ele" v="-29.8603"/>
  </node>
  <node id="1878" lat="36.84360573002" lon="128.09256462468">
    <tag k="local_x" v="0.0022"/>
    <tag k="local_y" v="3.5531"/>
    <tag k="ele" v="-29.711"/>
  </node>
  <node id="1883" lat="36.84357932063" lon="128.09262342591">
    <tag k="local_x" v="5.2448"/>
    <tag k="local_y" v="0.6235"/>
    <tag k="ele" v="-29.8655"/>
  </node>
  <node id="1884" lat="36.84359916192" lon="128.09260960775">
    <tag k="local_x" v="4.0128"/>
    <tag k="local_y" v="2.8245"/>
    <tag k="ele" v="-29.923"/>
  </node>
  <node id="1885" lat="36.84361788719" lon="128.09259346226">
    <tag k="local_x" v="2.5733"/>
    <tag k="local_y" v="4.9017"/>
    <tag k="ele" v="-30.0745"/>
  </node>
  <node id="1892" lat="36.84357011214" lon="128.092630658">
    <tag k="local_x" v="5.8896"/>
    <tag k="local_y" v="-0.398"/>
    <tag k="ele" v="-29.7263"/>
  </node>
  <node id="1893" lat="36.84355658655" lon="128.09260092203">
    <tag k="local_x" v="3.2384"/>
    <tag k="local_y" v="-1.8984"/>
    <tag k="ele" v="-29.6624"/>
  </node>
  <node id="1894" lat="36.84358954056" lon="128.09261633513">
    <tag k="local_x" v="4.6126"/>
    <tag k="local_y" v="1.7572"/>
    <tag k="ele" v="-29.9042"/>
  </node>
  <node id="1895" lat="36.84357633679" lon="128.09258715995">
    <tag k="local_x" v="2.0114"/>
    <tag k="local_y" v="0.2925"/>
    <tag k="ele" v="-29.7728"/>
  </node>
  <node id="1896" lat="36.8436086715" lon="128.09260140322">
    <tag k="local_x" v="3.2813"/>
    <tag k="local_y" v="3.8794"/>
    <tag k="ele" v="-29.9838"/>
  </node>
  <node id="1897" lat="36.84359618799" lon="128.09257225159">
    <tag k="local_x" v="0.6822"/>
    <tag k="local_y" v="2.4946"/>
    <tag k="ele" v="-29.6588"/>
  </node>
  <node id="1901" lat="36.84361755455" lon="128.09255184623">
    <tag k="local_x" v="-1.1371"/>
    <tag k="local_y" v="4.8648"/>
    <tag k="ele" v="-29.8179"/>
  </node>
  <node id="1904" lat="36.84363467972" lon="128.09254181908">
    <tag k="local_x" v="-2.0311"/>
    <tag k="local_y" v="6.7645"/>
    <tag k="ele" v="-29.9512"/>
  </node>
  <node id="1905" lat="36.84365107649" lon="128.09253221813">
    <tag k="local_x" v="-2.8871"/>
    <tag k="local_y" v="8.5834"/>
    <tag k="ele" v="-30.1156"/>
  </node>
  <node id="1906" lat="36.84366788073" lon="128.09252241753">
    <tag k="local_x" v="-3.7609"/>
    <tag k="local_y" v="10.4475"/>
    <tag k="ele" v="-30.3353"/>
  </node>
  <node id="1907" lat="36.8436838439" lon="128.09251304538">
    <tag k="local_x" v="-4.5965"/>
    <tag k="local_y" v="12.2183"/>
    <tag k="ele" v="-30.5399"/>
  </node>
  <node id="1908" lat="36.8437001298" lon="128.09250352854">
    <tag k="local_x" v="-5.445"/>
    <tag k="local_y" v="14.0249"/>
    <tag k="ele" v="-30.7554"/>
  </node>
  <node id="1909" lat="36.84371954558" lon="128.09249214647">
    <tag k="local_x" v="-6.4598"/>
    <tag k="local_y" v="16.1787"/>
    <tag k="ele" v="-31.0441"/>
  </node>
  <node id="1910" lat="36.84374080306" lon="128.09248076214">
    <tag k="local_x" v="-7.4748"/>
    <tag k="local_y" v="18.5368"/>
    <tag k="ele" v="-31.3477"/>
  </node>
  <node id="1911" lat="36.84376069662" lon="128.09246962792">
    <tag k="local_x" v="-8.4675"/>
    <tag k="local_y" v="20.7436"/>
    <tag k="ele" v="-31.5166"/>
  </node>
  <node id="1912" lat="36.8437812185" lon="128.09245763007">
    <tag k="local_x" v="-9.5372"/>
    <tag k="local_y" v="23.0201"/>
    <tag k="ele" v="-31.732"/>
  </node>
  <node id="1913" lat="36.84380177013" lon="128.09244559967">
    <tag k="local_x" v="-10.6098"/>
    <tag k="local_y" v="25.2999"/>
    <tag k="ele" v="-31.9498"/>
  </node>
  <node id="1914" lat="36.84382295909" lon="128.0924340897">
    <tag k="local_x" v="-11.636"/>
    <tag k="local_y" v="27.6504"/>
    <tag k="ele" v="-32.1407"/>
  </node>
  <node id="1915" lat="36.84362647096" lon="128.09254663525">
    <tag k="local_x" v="-1.6017"/>
    <tag k="local_y" v="5.8539"/>
    <tag k="ele" v="-29.8797"/>
  </node>
  <node id="1916" lat="36.84364331937" lon="128.09253677297">
    <tag k="local_x" v="-2.481"/>
    <tag k="local_y" v="7.7229"/>
    <tag k="ele" v="-30.0438"/>
  </node>
  <node id="1917" lat="36.84365958454" lon="128.09252726736">
    <tag k="local_x" v="-3.3285"/>
    <tag k="local_y" v="9.5272"/>
    <tag k="ele" v="-30.2379"/>
  </node>
  <node id="1918" lat="36.84367634731" lon="128.09251744657">
    <tag k="local_x" v="-4.2041"/>
    <tag k="local_y" v="11.3867"/>
    <tag k="ele" v="-30.4494"/>
  </node>
  <node id="1919" lat="36.84369213199" lon="128.09250820341">
    <tag k="local_x" v="-5.0282"/>
    <tag k="local_y" v="13.1377"/>
    <tag k="ele" v="-30.6465"/>
  </node>
  <node id="1920" lat="36.84370935" lon="128.09249812015">
    <tag k="local_x" v="-5.9272"/>
    <tag k="local_y" v="15.0477"/>
    <tag k="ele" v="-30.8974"/>
  </node>
  <node id="1921" lat="36.84373060838" lon="128.09248624568">
    <tag k="local_x" v="-6.9859"/>
    <tag k="local_y" v="17.4059"/>
    <tag k="ele" v="-31.1962"/>
  </node>
  <node id="1922" lat="36.84375160443" lon="128.09247472788">
    <tag k="local_x" v="-8.0128"/>
    <tag k="local_y" v="19.735"/>
    <tag k="ele" v="-31.4456"/>
  </node>
  <node id="1923" lat="36.84377118698" lon="128.09246347702">
    <tag k="local_x" v="-9.0159"/>
    <tag k="local_y" v="21.9073"/>
    <tag k="ele" v="-31.6174"/>
  </node>
  <node id="1924" lat="36.84379220106" lon="128.09245118866">
    <tag k="local_x" v="-10.1115"/>
    <tag k="local_y" v="24.2384"/>
    <tag k="ele" v="-31.8515"/>
  </node>
  <node id="1925" lat="36.84381243537" lon="128.09243978861">
    <tag k="local_x" v="-11.1279"/>
    <tag k="local_y" v="26.483"/>
    <tag k="ele" v="-32.0344"/>
  </node>
  <node id="1979" lat="36.84362859572" lon="128.0925834396">
    <tag k="local_x" v="1.6797"/>
    <tag k="local_y" v="6.0896"/>
    <tag k="ele" v="-29.8087"/>
  </node>
  <node id="1986" lat="36.84364455889" lon="128.09256770573">
    <tag k="local_x" v="0.2769"/>
    <tag k="local_y" v="7.8604"/>
    <tag k="ele" v="-29.955"/>
  </node>
  <node id="1988" lat="36.84366131446" lon="128.09255893253">
    <tag k="local_x" v="-0.5053"/>
    <tag k="local_y" v="9.7191"/>
    <tag k="ele" v="-30.0582"/>
  </node>
  <node id="1989" lat="36.84367794381" lon="128.09254932149">
    <tag k="local_x" v="-1.3622"/>
    <tag k="local_y" v="11.5638"/>
    <tag k="ele" v="-30.1994"/>
  </node>
  <node id="1990" lat="36.84369595151" lon="128.09254399273">
    <tag k="local_x" v="-1.8373"/>
    <tag k="local_y" v="13.5614"/>
    <tag k="ele" v="-30.4676"/>
  </node>
  <node id="1991" lat="36.84377361466" lon="128.09250578965">
    <tag k="local_x" v="-5.2434"/>
    <tag k="local_y" v="22.1766"/>
    <tag k="ele" v="-31.4889"/>
  </node>
  <node id="1992" lat="36.84377736387" lon="128.0925165638">
    <tag k="local_x" v="-4.2828"/>
    <tag k="local_y" v="22.5925"/>
    <tag k="ele" v="-31.5007"/>
  </node>
  <node id="1993" lat="36.8438617817" lon="128.09247625987">
    <tag k="local_x" v="-7.8762"/>
    <tag k="local_y" v="31.957"/>
    <tag k="ele" v="-32.4085"/>
  </node>
  <node id="1994" lat="36.84384495216" lon="128.09241968485">
    <tag k="local_x" v="-12.9203"/>
    <tag k="local_y" v="30.0901"/>
    <tag k="ele" v="-32.3947"/>
  </node>
  <node id="1996" lat="36.84383394436" lon="128.09242692485">
    <tag k="local_x" v="-12.2748"/>
    <tag k="local_y" v="28.869"/>
    <tag k="ele" v="-32.255"/>
  </node>
  <node id="1999" lat="36.84383962906" lon="128.09248685685">
    <tag k="local_x" v="-6.9314"/>
    <tag k="local_y" v="29.4996"/>
    <tag k="ele" v="-32.3041"/>
  </node>
  <node id="2000" lat="36.84381831389" lon="128.09249702313">
    <tag k="local_x" v="-6.025"/>
    <tag k="local_y" v="27.1351"/>
    <tag k="ele" v="-31.9811"/>
  </node>
  <node id="2001" lat="36.84379769013" lon="128.09250685067">
    <tag k="local_x" v="-5.1488"/>
    <tag k="local_y" v="24.8473"/>
    <tag k="ele" v="-31.726"/>
  </node>
  <node id="2002" lat="36.84375188932" lon="128.09251645839">
    <tag k="local_x" v="-4.2922"/>
    <tag k="local_y" v="19.7666"/>
    <tag k="ele" v="-31.1166"/>
  </node>
  <node id="2003" lat="36.84373150806" lon="128.09252650912">
    <tag k="local_x" v="-3.3961"/>
    <tag k="local_y" v="17.5057"/>
    <tag k="ele" v="-30.8957"/>
  </node>
  <node id="2004" lat="36.84371212653" lon="128.09253640057">
    <tag k="local_x" v="-2.5142"/>
    <tag k="local_y" v="15.3557"/>
    <tag k="ele" v="-30.6539"/>
  </node>
  <node id="2017" lat="36.843636818" lon="128.09257532928">
    <tag k="local_x" v="0.9566"/>
    <tag k="local_y" v="7.0017"/>
    <tag k="ele" v="-29.8996"/>
  </node>
  <node id="2018" lat="36.84365295245" lon="128.09256331464">
    <tag k="local_x" v="-0.1146"/>
    <tag k="local_y" v="8.7915"/>
    <tag k="ele" v="-30.2364"/>
  </node>
  <node id="2019" lat="36.84367007852" lon="128.09255386399">
    <tag k="local_x" v="-0.9572"/>
    <tag k="local_y" v="10.6913"/>
    <tag k="ele" v="-30.1036"/>
  </node>
  <node id="2020" lat="36.84368763638" lon="128.09254647597">
    <tag k="local_x" v="-1.6159"/>
    <tag k="local_y" v="12.639"/>
    <tag k="ele" v="-30.3965"/>
  </node>
  <node id="2021" lat="36.8437046101" lon="128.09253993924">
    <tag k="local_x" v="-2.1987"/>
    <tag k="local_y" v="14.5219"/>
    <tag k="ele" v="-30.5432"/>
  </node>
  <node id="2022" lat="36.84372230228" lon="128.09253120641">
    <tag k="local_x" v="-2.9773"/>
    <tag k="local_y" v="16.4845"/>
    <tag k="ele" v="-30.7155"/>
  </node>
  <node id="2023" lat="36.8437400738" lon="128.09252221785">
    <tag k="local_x" v="-3.7787"/>
    <tag k="local_y" v="18.4559"/>
    <tag k="ele" v="-30.9154"/>
  </node>
  <node id="2024" lat="36.84376235534" lon="128.09251132815">
    <tag k="local_x" v="-4.7496"/>
    <tag k="local_y" v="20.9276"/>
    <tag k="ele" v="-31.3552"/>
  </node>
  <node id="2025" lat="36.84378797773" lon="128.09251151208">
    <tag k="local_x" v="-4.7332"/>
    <tag k="local_y" v="23.7699"/>
    <tag k="ele" v="-31.653"/>
  </node>
  <node id="2026" lat="36.84380853658" lon="128.09250169014">
    <tag k="local_x" v="-5.6089"/>
    <tag k="local_y" v="26.0505"/>
    <tag k="ele" v="-31.8706"/>
  </node>
  <node id="2028" lat="36.84382897914" lon="128.09249192877">
    <tag k="local_x" v="-6.4792"/>
    <tag k="local_y" v="28.3182"/>
    <tag k="ele" v="-32.1039"/>
  </node>
  <node id="2029" lat="36.84385050165" lon="128.09248163463">
    <tag k="local_x" v="-7.397"/>
    <tag k="local_y" v="30.7057"/>
    <tag k="ele" v="-32.3921"/>
  </node>
  <node id="2055" lat="36.84383862569" lon="128.09268255953">
    <tag k="local_x" v="10.517"/>
    <tag k="local_y" v="29.3883"/>
    <tag k="ele" v="-33.7346"/>
  </node>
  <node id="2056" lat="36.84382823449" lon="128.09268195385">
    <tag k="local_x" v="10.463"/>
    <tag k="local_y" v="28.2356"/>
    <tag k="ele" v="-33.4832"/>
  </node>
  <node id="2057" lat="36.84383883936" lon="128.0926682265">
    <tag k="local_x" v="9.2391"/>
    <tag k="local_y" v="29.412"/>
    <tag k="ele" v="-33.5355"/>
  </node>
  <node id="2058" lat="36.84382818222" lon="128.09266723274">
    <tag k="local_x" v="9.1505"/>
    <tag k="local_y" v="28.2298"/>
    <tag k="ele" v="-33.3474"/>
  </node>
  <node id="2094" lat="36.84380910087" lon="128.09266696577">
    <tag k="local_x" v="9.1267"/>
    <tag k="local_y" v="26.1131"/>
    <tag k="ele" v="-32.9824"/>
  </node>
  <node id="2096" lat="36.8438009444" lon="128.09266805821">
    <tag k="local_x" v="9.2241"/>
    <tag k="local_y" v="25.2083"/>
    <tag k="ele" v="-32.8338"/>
  </node>
  <node id="2098" lat="36.84379282759" lon="128.09266928748">
    <tag k="local_x" v="9.3337"/>
    <tag k="local_y" v="24.3079"/>
    <tag k="ele" v="-32.6815"/>
  </node>
  <node id="2099" lat="36.8437846585" lon="128.09267084089">
    <tag k="local_x" v="9.4722"/>
    <tag k="local_y" v="23.4017"/>
    <tag k="ele" v="-32.5574"/>
  </node>
  <node id="2100" lat="36.84377663634" lon="128.09267287884">
    <tag k="local_x" v="9.6539"/>
    <tag k="local_y" v="22.5118"/>
    <tag k="ele" v="-32.4753"/>
  </node>
  <node id="2101" lat="36.84376865926" lon="128.09267535758">
    <tag k="local_x" v="9.8749"/>
    <tag k="local_y" v="21.6269"/>
    <tag k="ele" v="-32.4042"/>
  </node>
  <node id="2102" lat="36.84376061818" lon="128.0926780169">
    <tag k="local_x" v="10.112"/>
    <tag k="local_y" v="20.7349"/>
    <tag k="ele" v="-32.3334"/>
  </node>
  <node id="2103" lat="36.84371260603" lon="128.09270106023">
    <tag k="local_x" v="12.1665"/>
    <tag k="local_y" v="15.4089"/>
    <tag k="ele" v="-32.033"/>
  </node>
  <node id="2108" lat="36.84370173975" lon="128.09270635308">
    <tag k="local_x" v="12.6384"/>
    <tag k="local_y" v="14.2035"/>
    <tag k="ele" v="-31.9283"/>
  </node>
  <node id="2111" lat="36.8436668755" lon="128.09272405643">
    <tag k="local_x" v="14.2168"/>
    <tag k="local_y" v="10.336"/>
    <tag k="ele" v="-31.6905"/>
  </node>
  <node id="2123" lat="36.84380963002" lon="128.09268249556">
    <tag k="local_x" v="10.5113"/>
    <tag k="local_y" v="26.1718"/>
    <tag k="ele" v="-33.0155"/>
  </node>
  <node id="2124" lat="36.84380141856" lon="128.09268329413">
    <tag k="local_x" v="10.5825"/>
    <tag k="local_y" v="25.2609"/>
    <tag k="ele" v="-32.8384"/>
  </node>
  <node id="2125" lat="36.8437932711" lon="128.09268474884">
    <tag k="local_x" v="10.7122"/>
    <tag k="local_y" v="24.3571"/>
    <tag k="ele" v="-32.6903"/>
  </node>
  <node id="2126" lat="36.84378512184" lon="128.09268670715">
    <tag k="local_x" v="10.8868"/>
    <tag k="local_y" v="23.4531"/>
    <tag k="ele" v="-32.5629"/>
  </node>
  <node id="2127" lat="36.84377696987" lon="128.09268874061">
    <tag k="local_x" v="11.0681"/>
    <tag k="local_y" v="22.5488"/>
    <tag k="ele" v="-32.4792"/>
  </node>
  <node id="2128" lat="36.84376891707" lon="128.09269135843">
    <tag k="local_x" v="11.3015"/>
    <tag k="local_y" v="21.6555"/>
    <tag k="ele" v="-32.4072"/>
  </node>
  <node id="2129" lat="36.84376110585" lon="128.0926949341">
    <tag k="local_x" v="11.6203"/>
    <tag k="local_y" v="20.789"/>
    <tag k="ele" v="-32.3363"/>
  </node>
  <node id="2130" lat="36.84371411056" lon="128.09271728315">
    <tag k="local_x" v="13.6129"/>
    <tag k="local_y" v="15.5758"/>
    <tag k="ele" v="-32.0703"/>
  </node>
  <node id="2137" lat="36.84375329013" lon="128.09269869035">
    <tag k="local_x" v="11.9552"/>
    <tag k="local_y" v="19.922"/>
    <tag k="ele" v="-32.2529"/>
  </node>
  <node id="2138" lat="36.84374550686" lon="128.09270235238">
    <tag k="local_x" v="12.2817"/>
    <tag k="local_y" v="19.0586"/>
    <tag k="ele" v="-32.1785"/>
  </node>
  <node id="2139" lat="36.84373776506" lon="128.09270618602">
    <tag k="local_x" v="12.6235"/>
    <tag k="local_y" v="18.1998"/>
    <tag k="ele" v="-32.1063"/>
  </node>
  <node id="2140" lat="36.84373002777" lon="128.09270964504">
    <tag k="local_x" v="12.9319"/>
    <tag k="local_y" v="17.3415"/>
    <tag k="ele" v="-32.0658"/>
  </node>
  <node id="2141" lat="36.84372213272" lon="128.09271302218">
    <tag k="local_x" v="13.233"/>
    <tag k="local_y" v="16.4657"/>
    <tag k="ele" v="-32.1261"/>
  </node>
  <node id="2142" lat="36.84375275017" lon="128.0926818326">
    <tag k="local_x" v="10.4522"/>
    <tag k="local_y" v="19.8621"/>
    <tag k="ele" v="-32.2503"/>
  </node>
  <node id="2143" lat="36.84374506967" lon="128.09268560119">
    <tag k="local_x" v="10.7882"/>
    <tag k="local_y" v="19.0101"/>
    <tag k="ele" v="-32.1767"/>
  </node>
  <node id="2144" lat="36.84373727108" lon="128.0926890804">
    <tag k="local_x" v="11.0984"/>
    <tag k="local_y" v="18.145"/>
    <tag k="ele" v="-32.1051"/>
  </node>
  <node id="2145" lat="36.84372988716" lon="128.09269277384">
    <tag k="local_x" v="11.4277"/>
    <tag k="local_y" v="17.3259"/>
    <tag k="ele" v="-32.0658"/>
  </node>
  <node id="2146" lat="36.84372229861" lon="128.09269656037">
    <tag k="local_x" v="11.7653"/>
    <tag k="local_y" v="16.4841"/>
    <tag k="ele" v="-32.1268"/>
  </node>
  <node id="2147" lat="36.84370261144" lon="128.09272238419">
    <tag k="local_x" v="14.0677"/>
    <tag k="local_y" v="14.3002"/>
    <tag k="ele" v="-31.9689"/>
  </node>
  <node id="2149" lat="36.84366992965" lon="128.0927386934">
    <tag k="local_x" v="15.5218"/>
    <tag k="local_y" v="10.6748"/>
    <tag k="ele" v="-31.6524"/>
  </node>
  <node id="2150" lat="36.84369229686" lon="128.09272703772">
    <tag k="local_x" v="14.4826"/>
    <tag k="local_y" v="13.156"/>
    <tag k="ele" v="-31.7082"/>
  </node>
  <node id="2151" lat="36.8436811412" lon="128.09273240794">
    <tag k="local_x" v="14.9614"/>
    <tag k="local_y" v="11.9185"/>
    <tag k="ele" v="-31.6104"/>
  </node>
  <node id="2152" lat="36.84369048313" lon="128.09271147992">
    <tag k="local_x" v="13.0955"/>
    <tag k="local_y" v="12.9548"/>
    <tag k="ele" v="-31.7127"/>
  </node>
  <node id="2153" lat="36.84367859728" lon="128.09271750292">
    <tag k="local_x" v="13.6325"/>
    <tag k="local_y" v="11.6363"/>
    <tag k="ele" v="-31.6836"/>
  </node>
  <node id="2155" lat="36.84365368883" lon="128.09273089932">
    <tag k="local_x" v="14.8269"/>
    <tag k="local_y" v="8.8732"/>
    <tag k="ele" v="-31.6867"/>
  </node>
  <node id="2157" lat="36.84364053192" lon="128.09273780502">
    <tag k="local_x" v="15.4426"/>
    <tag k="local_y" v="7.4137"/>
    <tag k="ele" v="-31.6836"/>
  </node>
  <node id="2158" lat="36.84362758414" lon="128.09274488119">
    <tag k="local_x" v="16.0735"/>
    <tag k="local_y" v="5.9774"/>
    <tag k="ele" v="-31.6815"/>
  </node>
  <node id="2160" lat="36.84361436231" lon="128.09275159958">
    <tag k="local_x" v="16.6725"/>
    <tag k="local_y" v="4.5107"/>
    <tag k="ele" v="-31.6739"/>
  </node>
  <node id="2161" lat="36.84356178151" lon="128.09277976181">
    <tag k="local_x" v="19.1834"/>
    <tag k="local_y" v="-1.3221"/>
    <tag k="ele" v="-31.6746"/>
  </node>
  <node id="2166" lat="36.84354699564" lon="128.09278773525">
    <tag k="local_x" v="19.8943"/>
    <tag k="local_y" v="-2.9623"/>
    <tag k="ele" v="-31.5143"/>
  </node>
  <node id="2170" lat="36.8435318005" lon="128.09279560325">
    <tag k="local_x" v="20.5958"/>
    <tag k="local_y" v="-4.6479"/>
    <tag k="ele" v="-31.3866"/>
  </node>
  <node id="2171" lat="36.84349995976" lon="128.09281434851">
    <tag k="local_x" v="22.2671"/>
    <tag k="local_y" v="-8.18"/>
    <tag k="ele" v="-31.3686"/>
  </node>
  <node id="2172" lat="36.84365762732" lon="128.09274535122">
    <tag k="local_x" v="16.1154"/>
    <tag k="local_y" v="9.3101"/>
    <tag k="ele" v="-31.647"/>
  </node>
  <node id="2174" lat="36.8436453322" lon="128.09275202362">
    <tag k="local_x" v="16.7103"/>
    <tag k="local_y" v="7.9462"/>
    <tag k="ele" v="-31.6423"/>
  </node>
  <node id="2175" lat="36.84363309749" lon="128.09275843693">
    <tag k="local_x" v="17.2821"/>
    <tag k="local_y" v="6.589"/>
    <tag k="ele" v="-31.6429"/>
  </node>
  <node id="2176" lat="36.84357144792" lon="128.09279157233">
    <tag k="local_x" v="20.2364"/>
    <tag k="local_y" v="-0.2498"/>
    <tag k="ele" v="-31.5608"/>
  </node>
  <node id="2177" lat="36.8435558381" lon="128.09280100721">
    <tag k="local_x" v="21.0776"/>
    <tag k="local_y" v="-1.9814"/>
    <tag k="ele" v="-31.5546"/>
  </node>
  <node id="2179" lat="36.84353975141" lon="128.09280956725">
    <tag k="local_x" v="21.8408"/>
    <tag k="local_y" v="-3.7659"/>
    <tag k="ele" v="-31.5227"/>
  </node>
  <node id="2180" lat="36.84350567953" lon="128.0928302652">
    <tag k="local_x" v="23.6862"/>
    <tag k="local_y" v="-7.5455"/>
    <tag k="ele" v="-31.4399"/>
  </node>
  <node id="2182" lat="36.84362094841" lon="128.09276549404">
    <tag k="local_x" v="17.9113"/>
    <tag k="local_y" v="5.2413"/>
    <tag k="ele" v="-31.65"/>
  </node>
  <node id="2183" lat="36.84360864608" lon="128.09277215185">
    <tag k="local_x" v="18.5049"/>
    <tag k="local_y" v="3.8766"/>
    <tag k="ele" v="-31.6576"/>
  </node>
  <node id="2184" lat="36.84359614723" lon="128.09277816137">
    <tag k="local_x" v="19.0407"/>
    <tag k="local_y" v="2.4901"/>
    <tag k="ele" v="-31.6642"/>
  </node>
  <node id="2185" lat="36.84358376197" lon="128.09278499191">
    <tag k="local_x" v="19.6497"/>
    <tag k="local_y" v="1.1162"/>
    <tag k="ele" v="-31.6245"/>
  </node>
  <node id="2186" lat="36.84360119187" lon="128.09275845928">
    <tag k="local_x" v="17.2841"/>
    <tag k="local_y" v="3.0497"/>
    <tag k="ele" v="-31.6799"/>
  </node>
  <node id="2187" lat="36.84358817468" lon="128.09276575641">
    <tag k="local_x" v="17.9347"/>
    <tag k="local_y" v="1.6057"/>
    <tag k="ele" v="-31.7065"/>
  </node>
  <node id="2188" lat="36.84357502858" lon="128.09277312195">
    <tag k="local_x" v="18.5914"/>
    <tag k="local_y" v="0.1474"/>
    <tag k="ele" v="-31.7028"/>
  </node>
  <node id="2190" lat="36.84352380715" lon="128.09281851871">
    <tag k="local_x" v="22.6389"/>
    <tag k="local_y" v="-5.5346"/>
    <tag k="ele" v="-31.4682"/>
  </node>
  <node id="2191" lat="36.84351681089" lon="128.09280415544">
    <tag k="local_x" v="21.3583"/>
    <tag k="local_y" v="-6.3107"/>
    <tag k="ele" v="-31.3289"/>
  </node>
  <node id="2194" lat="36.8434919403" lon="128.09281948992">
    <tag k="local_x" v="22.7255"/>
    <tag k="local_y" v="-9.0696"/>
    <tag k="ele" v="-31.3418"/>
  </node>
  <node id="2196" lat="36.84348403352" lon="128.09282495097">
    <tag k="local_x" v="23.2124"/>
    <tag k="local_y" v="-9.9467"/>
    <tag k="ele" v="-31.3292"/>
  </node>
  <node id="2197" lat="36.84347548399" lon="128.09283143605">
    <tag k="local_x" v="23.7906"/>
    <tag k="local_y" v="-10.8951"/>
    <tag k="ele" v="-31.3398"/>
  </node>
  <node id="2202" lat="36.84346796394" lon="128.09283727397">
    <tag k="local_x" v="24.3111"/>
    <tag k="local_y" v="-11.7293"/>
    <tag k="ele" v="-31.349"/>
  </node>
  <node id="2204" lat="36.8434609424" lon="128.09284394636">
    <tag k="local_x" v="24.906"/>
    <tag k="local_y" v="-12.5082"/>
    <tag k="ele" v="-31.2662"/>
  </node>
  <node id="2206" lat="36.84345394971" lon="128.09285068941">
    <tag k="local_x" v="25.5072"/>
    <tag k="local_y" v="-13.2839"/>
    <tag k="ele" v="-31.2016"/>
  </node>
  <node id="2207" lat="36.8434404466" lon="128.09286463536">
    <tag k="local_x" v="26.7506"/>
    <tag k="local_y" v="-14.7818"/>
    <tag k="ele" v="-31.0276"/>
  </node>
  <node id="2208" lat="36.84349802697" lon="128.09283520135">
    <tag k="local_x" v="24.1263"/>
    <tag k="local_y" v="-8.3944"/>
    <tag k="ele" v="-31.3377"/>
  </node>
  <node id="2211" lat="36.84349044201" lon="128.09284011058">
    <tag k="local_x" v="24.564"/>
    <tag k="local_y" v="-9.2358"/>
    <tag k="ele" v="-31.2339"/>
  </node>
  <node id="2212" lat="36.84348271913" lon="128.0928456266">
    <tag k="local_x" v="25.0558"/>
    <tag k="local_y" v="-10.0925"/>
    <tag k="ele" v="-31.1651"/>
  </node>
  <node id="2213" lat="36.84344945583" lon="128.09287768973">
    <tag k="local_x" v="27.9145"/>
    <tag k="local_y" v="-13.7824"/>
    <tag k="ele" v="-31.02"/>
  </node>
  <node id="2214" lat="36.84347581028" lon="128.09285164734">
    <tag k="local_x" v="25.5926"/>
    <tag k="local_y" v="-10.8589"/>
    <tag k="ele" v="-31.189"/>
  </node>
  <node id="2215" lat="36.84346913039" lon="128.09285804494">
    <tag k="local_x" v="26.163"/>
    <tag k="local_y" v="-11.5999"/>
    <tag k="ele" v="-31.2424"/>
  </node>
  <node id="2216" lat="36.84346235856" lon="128.09286428775">
    <tag k="local_x" v="26.7196"/>
    <tag k="local_y" v="-12.3511"/>
    <tag k="ele" v="-31.1915"/>
  </node>
  <node id="2217" lat="36.84345575259" lon="128.09287075825">
    <tag k="local_x" v="27.2965"/>
    <tag k="local_y" v="-13.0839"/>
    <tag k="ele" v="-31.1045"/>
  </node>
  <node id="2218" lat="36.84344697775" lon="128.09285733263">
    <tag k="local_x" v="26.0995"/>
    <tag k="local_y" v="-14.0573"/>
    <tag k="ele" v="-31.0711"/>
  </node>
  <node id="2225" lat="36.84341051961" lon="128.09290072054">
    <tag k="local_x" v="29.9679"/>
    <tag k="local_y" v="-18.1016"/>
    <tag k="ele" v="-30.7404"/>
  </node>
  <node id="2229" lat="36.8434051766" lon="128.09290632404">
    <tag k="local_x" v="30.4675"/>
    <tag k="local_y" v="-18.6943"/>
    <tag k="ele" v="-30.6701"/>
  </node>
  <node id="2230" lat="36.84340005716" lon="128.09291214962">
    <tag k="local_x" v="30.9869"/>
    <tag k="local_y" v="-19.2622"/>
    <tag k="ele" v="-30.5537"/>
  </node>
  <node id="2231" lat="36.84338015991" lon="128.09293739678">
    <tag k="local_x" v="33.2379"/>
    <tag k="local_y" v="-21.4694"/>
    <tag k="ele" v="-29.9"/>
  </node>
  <node id="2244" lat="36.84334002311" lon="128.09290113074">
    <tag k="local_x" v="30.0045"/>
    <tag k="local_y" v="-25.9218"/>
    <tag k="ele" v="-29.5362"/>
  </node>
  <node id="2245" lat="36.84333869707" lon="128.09289479481">
    <tag k="local_x" v="29.4396"/>
    <tag k="local_y" v="-26.0689"/>
    <tag k="ele" v="-29.5166"/>
  </node>
  <node id="2246" lat="36.84333732145" lon="128.09288847571">
    <tag k="local_x" v="28.8762"/>
    <tag k="local_y" v="-26.2215"/>
    <tag k="ele" v="-29.4963"/>
  </node>
  <node id="2248" lat="36.84333251402" lon="128.09284997113">
    <tag k="local_x" v="25.4432"/>
    <tag k="local_y" v="-26.7548"/>
    <tag k="ele" v="-29.3959"/>
  </node>
  <node id="2255" lat="36.84342007602" lon="128.09291451517">
    <tag k="local_x" v="31.1978"/>
    <tag k="local_y" v="-17.0415"/>
    <tag k="ele" v="-30.7066"/>
  </node>
  <node id="2258" lat="36.84341449773" lon="128.09292011418">
    <tag k="local_x" v="31.697"/>
    <tag k="local_y" v="-17.6603"/>
    <tag k="ele" v="-30.5949"/>
  </node>
  <node id="2260" lat="36.84338867782" lon="128.09295165798">
    <tag k="local_x" v="34.5094"/>
    <tag k="local_y" v="-20.5245"/>
    <tag k="ele" v="-29.8532"/>
  </node>
  <node id="2268" lat="36.843320125" lon="128.09291004177">
    <tag k="local_x" v="30.799"/>
    <tag k="local_y" v="-28.1291"/>
    <tag k="ele" v="-29.5607"/>
  </node>
  <node id="2271" lat="36.84331835364" lon="128.09290208064">
    <tag k="local_x" v="30.0892"/>
    <tag k="local_y" v="-28.3256"/>
    <tag k="ele" v="-29.542"/>
  </node>
  <node id="2273" lat="36.84331651377" lon="128.09289414531">
    <tag k="local_x" v="29.3817"/>
    <tag k="local_y" v="-28.5297"/>
    <tag k="ele" v="-29.5193"/>
  </node>
  <node id="2274" lat="36.843309633" lon="128.09284582112">
    <tag k="local_x" v="25.0732"/>
    <tag k="local_y" v="-29.293"/>
    <tag k="ele" v="-29.3503"/>
  </node>
  <node id="2306" lat="36.84331457654" lon="128.09288624811">
    <tag k="local_x" v="28.6776"/>
    <tag k="local_y" v="-28.7446"/>
    <tag k="ele" v="-29.4901"/>
  </node>
  <node id="2307" lat="36.84333586559" lon="128.09288218352">
    <tag k="local_x" v="28.3152"/>
    <tag k="local_y" v="-26.383"/>
    <tag k="ele" v="-29.4748"/>
  </node>
  <node id="2314" lat="36.84391259007" lon="128.09239234213">
    <tag k="local_x" v="-15.3581"/>
    <tag k="local_y" v="37.5932"/>
    <tag k="ele" v="-33.5965"/>
  </node>
  <node id="2315" lat="36.84391555954" lon="128.0924229071">
    <tag k="local_x" v="-12.633"/>
    <tag k="local_y" v="37.9226"/>
    <tag k="ele" v="-33.7699"/>
  </node>
  <node id="2317" lat="36.84395173449" lon="128.09241755247">
    <tag k="local_x" v="-13.1104"/>
    <tag k="local_y" v="41.9355"/>
    <tag k="ele" v="-33.8576"/>
  </node>
  <node id="2318" lat="36.84394914183" lon="128.09238729368">
    <tag k="local_x" v="-15.8082"/>
    <tag k="local_y" v="41.6479"/>
    <tag k="ele" v="-33.8129"/>
  </node>
  <node id="2319" lat="36.84391258286" lon="128.09239220305">
    <tag k="local_x" v="-15.3705"/>
    <tag k="local_y" v="37.5924"/>
    <tag k="ele" v="-33.6266"/>
  </node>
  <node id="2395" lat="36.84395559811" lon="128.09237061981">
    <tag k="local_x" v="-17.2948"/>
    <tag k="local_y" v="42.3641"/>
    <tag k="ele" v="-33.9021"/>
  </node>
  <node id="2396" lat="36.84395559453" lon="128.09238265581">
    <tag k="local_x" v="-16.2217"/>
    <tag k="local_y" v="42.3637"/>
    <tag k="ele" v="-33.8982"/>
  </node>
  <node id="2397" lat="36.84395559184" lon="128.09239469181">
    <tag k="local_x" v="-15.1486"/>
    <tag k="local_y" v="42.3634"/>
    <tag k="ele" v="-33.8944"/>
  </node>
  <node id="2398" lat="36.84339508645" lon="128.09291809633">
    <tag k="local_x" v="31.5171"/>
    <tag k="local_y" v="-19.8136"/>
    <tag k="ele" v="-30.4096"/>
  </node>
  <node id="2399" lat="36.84339023564" lon="128.09292413277">
    <tag k="local_x" v="32.0553"/>
    <tag k="local_y" v="-20.3517"/>
    <tag k="ele" v="-30.2459"/>
  </node>
  <node id="2400" lat="36.84338555701" lon="128.09293026566">
    <tag k="local_x" v="32.6021"/>
    <tag k="local_y" v="-20.8707"/>
    <tag k="ele" v="-30.0527"/>
  </node>
  <node id="2401" lat="36.84340901319" lon="128.09292581526">
    <tag k="local_x" v="32.2053"/>
    <tag k="local_y" v="-18.2687"/>
    <tag k="ele" v="-30.4691"/>
  </node>
  <node id="2402" lat="36.84340377024" lon="128.09293174514">
    <tag k="local_x" v="32.734"/>
    <tag k="local_y" v="-18.8503"/>
    <tag k="ele" v="-30.3063"/>
  </node>
  <node id="2403" lat="36.84339867152" lon="128.0929378141">
    <tag k="local_x" v="33.2751"/>
    <tag k="local_y" v="-19.4159"/>
    <tag k="ele" v="-30.1278"/>
  </node>
  <node id="2404" lat="36.84339393159" lon="128.09294439115">
    <tag k="local_x" v="33.8615"/>
    <tag k="local_y" v="-19.9417"/>
    <tag k="ele" v="-29.9836"/>
  </node>
  <node id="2425" lat="36.84338439313" lon="128.09295570021">
    <tag k="local_x" v="34.8698"/>
    <tag k="local_y" v="-20.9998"/>
    <tag k="ele" v="-29.8766"/>
  </node>
  <node id="2426" lat="36.84338014541" lon="128.09295907733">
    <tag k="local_x" v="35.1709"/>
    <tag k="local_y" v="-21.471"/>
    <tag k="ele" v="-29.8766"/>
  </node>
  <node id="2427" lat="36.84337499262" lon="128.09296190038">
    <tag k="local_x" v="35.4226"/>
    <tag k="local_y" v="-22.0426"/>
    <tag k="ele" v="-29.8766"/>
  </node>
  <node id="2428" lat="36.84336951169" lon="128.09296373529">
    <tag k="local_x" v="35.5862"/>
    <tag k="local_y" v="-22.6506"/>
    <tag k="ele" v="-29.8766"/>
  </node>
  <node id="2429" lat="36.84336382163" lon="128.0929645159">
    <tag k="local_x" v="35.6558"/>
    <tag k="local_y" v="-23.2818"/>
    <tag k="ele" v="-29.8766"/>
  </node>
  <node id="2430" lat="36.84335805766" lon="128.09296421415">
    <tag k="local_x" v="35.6289"/>
    <tag k="local_y" v="-23.9212"/>
    <tag k="ele" v="-29.8766"/>
  </node>
  <node id="2431" lat="36.84335234777" lon="128.09296281661">
    <tag k="local_x" v="35.5043"/>
    <tag k="local_y" v="-24.5546"/>
    <tag k="ele" v="-29.8766"/>
  </node>
  <node id="2432" lat="36.8433468281" lon="128.09296033336">
    <tag k="local_x" v="35.2829"/>
    <tag k="local_y" v="-25.1669"/>
    <tag k="ele" v="-29.8766"/>
  </node>
  <node id="2433" lat="36.84334163476" lon="128.09295681711">
    <tag k="local_x" v="34.9694"/>
    <tag k="local_y" v="-25.743"/>
    <tag k="ele" v="-29.8766"/>
  </node>
  <node id="2434" lat="36.84333689396" lon="128.09295231947">
    <tag k="local_x" v="34.5684"/>
    <tag k="local_y" v="-26.2689"/>
    <tag k="ele" v="-29.8766"/>
  </node>
  <node id="2435" lat="36.8433327274" lon="128.09294694137">
    <tag k="local_x" v="34.0889"/>
    <tag k="local_y" v="-26.7311"/>
    <tag k="ele" v="-29.8766"/>
  </node>
  <node id="2436" lat="36.84332963538" lon="128.09294165076">
    <tag k="local_x" v="33.6172"/>
    <tag k="local_y" v="-27.0741"/>
    <tag k="ele" v="-29.8766"/>
  </node>
  <node id="2437" lat="36.84337740231" lon="128.09294019853">
    <tag k="local_x" v="33.4877"/>
    <tag k="local_y" v="-21.7753"/>
    <tag k="ele" v="-29.8766"/>
  </node>
  <node id="2438" lat="36.84337386044" lon="128.09294225889">
    <tag k="local_x" v="33.6714"/>
    <tag k="local_y" v="-22.1682"/>
    <tag k="ele" v="-29.8766"/>
  </node>
  <node id="2439" lat="36.84337064851" lon="128.09294334458">
    <tag k="local_x" v="33.7682"/>
    <tag k="local_y" v="-22.5245"/>
    <tag k="ele" v="-29.8766"/>
  </node>
  <node id="2440" lat="36.843367387" lon="128.09294380218">
    <tag k="local_x" v="33.809"/>
    <tag k="local_y" v="-22.8863"/>
    <tag k="ele" v="-29.8766"/>
  </node>
  <node id="2441" lat="36.84336415705" lon="128.09294363953">
    <tag k="local_x" v="33.7945"/>
    <tag k="local_y" v="-23.2446"/>
    <tag k="ele" v="-29.8766"/>
  </node>
  <node id="2442" lat="36.84336103347" lon="128.09294287683">
    <tag k="local_x" v="33.7265"/>
    <tag k="local_y" v="-23.5911"/>
    <tag k="ele" v="-29.8766"/>
  </node>
  <node id="2443" lat="36.84335808387" lon="128.09294155108">
    <tag k="local_x" v="33.6083"/>
    <tag k="local_y" v="-23.9183"/>
    <tag k="ele" v="-29.8766"/>
  </node>
  <node id="2444" lat="36.84335536776" lon="128.09293970603">
    <tag k="local_x" v="33.4438"/>
    <tag k="local_y" v="-24.2196"/>
    <tag k="ele" v="-29.8766"/>
  </node>
  <node id="2445" lat="36.84335295274" lon="128.09293739889">
    <tag k="local_x" v="33.2381"/>
    <tag k="local_y" v="-24.4875"/>
    <tag k="ele" v="-29.8766"/>
  </node>
  <node id="2446" lat="36.84335087937" lon="128.09293470592">
    <tag k="local_x" v="32.998"/>
    <tag k="local_y" v="-24.7175"/>
    <tag k="ele" v="-29.8766"/>
  </node>
  <node id="2447" lat="36.84334918643" lon="128.09293170002">
    <tag k="local_x" v="32.73"/>
    <tag k="local_y" v="-24.9053"/>
    <tag k="ele" v="-29.8766"/>
  </node>
  <node id="2448" lat="36.8433475043" lon="128.09292759383">
    <tag k="local_x" v="32.3639"/>
    <tag k="local_y" v="-25.0919"/>
    <tag k="ele" v="-29.8766"/>
  </node>
  <node id="2504" lat="36.84333436557" lon="128.09287590928">
    <tag k="local_x" v="27.7558"/>
    <tag k="local_y" v="-26.5494"/>
    <tag k="ele" v="-29.4525"/>
  </node>
  <node id="2505" lat="36.84333315672" lon="128.09286953858">
    <tag k="local_x" v="27.1878"/>
    <tag k="local_y" v="-26.6835"/>
    <tag k="ele" v="-29.4323"/>
  </node>
  <node id="2506" lat="36.8433125717" lon="128.09287838008">
    <tag k="local_x" v="27.9761"/>
    <tag k="local_y" v="-28.967"/>
    <tag k="ele" v="-29.4535"/>
  </node>
  <node id="2507" lat="36.84331076698" lon="128.09287044138">
    <tag k="local_x" v="27.2683"/>
    <tag k="local_y" v="-29.1672"/>
    <tag k="ele" v="-29.4129"/>
  </node>
  <node id="2508" lat="36.84330977364" lon="128.09284132575">
    <tag k="local_x" v="24.6724"/>
    <tag k="local_y" v="-29.2774"/>
    <tag k="ele" v="-29.3731"/>
  </node>
  <node id="2509" lat="36.84331012703" lon="128.09283570317">
    <tag k="local_x" v="24.1711"/>
    <tag k="local_y" v="-29.2382"/>
    <tag k="ele" v="-29.3731"/>
  </node>
  <node id="2510" lat="36.84331061473" lon="128.0928299045">
    <tag k="local_x" v="23.6541"/>
    <tag k="local_y" v="-29.1841"/>
    <tag k="ele" v="-29.3731"/>
  </node>
  <node id="2511" lat="36.84331122594" lon="128.09282412377">
    <tag k="local_x" v="23.1387"/>
    <tag k="local_y" v="-29.1163"/>
    <tag k="ele" v="-29.3731"/>
  </node>
  <node id="2512" lat="36.84331195975" lon="128.09281836547">
    <tag k="local_x" v="22.6253"/>
    <tag k="local_y" v="-29.0349"/>
    <tag k="ele" v="-29.3731"/>
  </node>
  <node id="2513" lat="36.84331281615" lon="128.09281263298">
    <tag k="local_x" v="22.1142"/>
    <tag k="local_y" v="-28.9399"/>
    <tag k="ele" v="-29.3731"/>
  </node>
  <node id="2514" lat="36.84331379426" lon="128.09280693076">
    <tag k="local_x" v="21.6058"/>
    <tag k="local_y" v="-28.8314"/>
    <tag k="ele" v="-29.3731"/>
  </node>
  <node id="2515" lat="36.84331489316" lon="128.0928012622">
    <tag k="local_x" v="21.1004"/>
    <tag k="local_y" v="-28.7095"/>
    <tag k="ele" v="-29.3731"/>
  </node>
  <node id="2516" lat="36.84331611285" lon="128.09279563177">
    <tag k="local_x" v="20.5984"/>
    <tag k="local_y" v="-28.5742"/>
    <tag k="ele" v="-29.3731"/>
  </node>
  <node id="2517" lat="36.84331745154" lon="128.09279004396">
    <tag k="local_x" v="20.1002"/>
    <tag k="local_y" v="-28.4257"/>
    <tag k="ele" v="-29.3731"/>
  </node>
  <node id="2518" lat="36.84331890922" lon="128.09278450101">
    <tag k="local_x" v="19.606"/>
    <tag k="local_y" v="-28.264"/>
    <tag k="ele" v="-29.3731"/>
  </node>
  <node id="2519" lat="36.8433204841" lon="128.09277900966">
    <tag k="local_x" v="19.1164"/>
    <tag k="local_y" v="-28.0893"/>
    <tag k="ele" v="-29.3731"/>
  </node>
  <node id="2520" lat="36.84332217526" lon="128.09277357102">
    <tag k="local_x" v="18.6315"/>
    <tag k="local_y" v="-27.9017"/>
    <tag k="ele" v="-29.3731"/>
  </node>
  <node id="2521" lat="36.84332398181" lon="128.09276818959">
    <tag k="local_x" v="18.1517"/>
    <tag k="local_y" v="-27.7013"/>
    <tag k="ele" v="-29.3731"/>
  </node>
  <node id="2522" lat="36.84332590284" lon="128.09276286984">
    <tag k="local_x" v="17.6774"/>
    <tag k="local_y" v="-27.4882"/>
    <tag k="ele" v="-29.3731"/>
  </node>
  <node id="2523" lat="36.84332793566" lon="128.09275761515">
    <tag k="local_x" v="17.2089"/>
    <tag k="local_y" v="-27.2627"/>
    <tag k="ele" v="-29.3731"/>
  </node>
  <node id="2524" lat="36.84333008025" lon="128.09275242999">
    <tag k="local_x" v="16.7466"/>
    <tag k="local_y" v="-27.0248"/>
    <tag k="ele" v="-29.3731"/>
  </node>
  <node id="2525" lat="36.84333233393" lon="128.0927473155">
    <tag k="local_x" v="16.2906"/>
    <tag k="local_y" v="-26.7748"/>
    <tag k="ele" v="-29.3731"/>
  </node>
  <node id="2526" lat="36.84333469668" lon="128.09274227839">
    <tag k="local_x" v="15.8415"/>
    <tag k="local_y" v="-26.5127"/>
    <tag k="ele" v="-29.3731"/>
  </node>
  <node id="2527" lat="36.84333716491" lon="128.09273732092">
    <tag k="local_x" v="15.3995"/>
    <tag k="local_y" v="-26.2389"/>
    <tag k="ele" v="-29.3731"/>
  </node>
  <node id="2528" lat="36.8433397386" lon="128.09273244533">
    <tag k="local_x" v="14.9648"/>
    <tag k="local_y" v="-25.9534"/>
    <tag k="ele" v="-29.3731"/>
  </node>
  <node id="2529" lat="36.84334241506" lon="128.09272765722">
    <tag k="local_x" v="14.5379"/>
    <tag k="local_y" v="-25.6565"/>
    <tag k="ele" v="-29.3731"/>
  </node>
  <node id="2530" lat="36.84334519159" lon="128.09272295772">
    <tag k="local_x" v="14.1189"/>
    <tag k="local_y" v="-25.3485"/>
    <tag k="ele" v="-29.3731"/>
  </node>
  <node id="2531" lat="36.84334806817" lon="128.09271835243">
    <tag k="local_x" v="13.7083"/>
    <tag k="local_y" v="-25.0294"/>
    <tag k="ele" v="-29.3731"/>
  </node>
  <node id="2532" lat="36.84335104212" lon="128.09271384248">
    <tag k="local_x" v="13.3062"/>
    <tag k="local_y" v="-24.6995"/>
    <tag k="ele" v="-29.3731"/>
  </node>
  <node id="2533" lat="36.84335411072" lon="128.09270943347">
    <tag k="local_x" v="12.9131"/>
    <tag k="local_y" v="-24.3591"/>
    <tag k="ele" v="-29.3731"/>
  </node>
  <node id="2534" lat="36.84335727216" lon="128.09270512541">
    <tag k="local_x" v="12.529"/>
    <tag k="local_y" v="-24.0084"/>
    <tag k="ele" v="-29.3731"/>
  </node>
  <node id="2535" lat="36.84336041649" lon="128.09270106185">
    <tag k="local_x" v="12.1667"/>
    <tag k="local_y" v="-23.6596"/>
    <tag k="ele" v="-29.3731"/>
  </node>
  <node id="2536" lat="36.84333282865" lon="128.09284358362">
    <tag k="local_x" v="24.8737"/>
    <tag k="local_y" v="-26.7199"/>
    <tag k="ele" v="-29.3731"/>
  </node>
  <node id="2537" lat="36.8433331631" lon="128.09283834125">
    <tag k="local_x" v="24.4063"/>
    <tag k="local_y" v="-26.6828"/>
    <tag k="ele" v="-29.3731"/>
  </node>
  <node id="2538" lat="36.84333359312" lon="128.0928333019">
    <tag k="local_x" v="23.957"/>
    <tag k="local_y" v="-26.6351"/>
    <tag k="ele" v="-29.3731"/>
  </node>
  <node id="2539" lat="36.8433341313" lon="128.09282827826">
    <tag k="local_x" v="23.5091"/>
    <tag k="local_y" v="-26.5754"/>
    <tag k="ele" v="-29.3731"/>
  </node>
  <node id="2540" lat="36.84333477586" lon="128.0928232748">
    <tag k="local_x" v="23.063"/>
    <tag k="local_y" v="-26.5039"/>
    <tag k="ele" v="-29.3731"/>
  </node>
  <node id="2541" lat="36.84333552589" lon="128.09281829377">
    <tag k="local_x" v="22.6189"/>
    <tag k="local_y" v="-26.4207"/>
    <tag k="ele" v="-29.3731"/>
  </node>
  <node id="2542" lat="36.8433363823" lon="128.09281333966">
    <tag k="local_x" v="22.1772"/>
    <tag k="local_y" v="-26.3257"/>
    <tag k="ele" v="-29.3731"/>
  </node>
  <node id="2543" lat="36.84333734417" lon="128.09280841584">
    <tag k="local_x" v="21.7382"/>
    <tag k="local_y" v="-26.219"/>
    <tag k="ele" v="-29.3731"/>
  </node>
  <node id="2544" lat="36.84333840972" lon="128.09280352566">
    <tag k="local_x" v="21.3022"/>
    <tag k="local_y" v="-26.1008"/>
    <tag k="ele" v="-29.3731"/>
  </node>
  <node id="2545" lat="36.84333957983" lon="128.0927986725">
    <tag k="local_x" v="20.8695"/>
    <tag k="local_y" v="-25.971"/>
    <tag k="ele" v="-29.3731"/>
  </node>
  <node id="2546" lat="36.84334085181" lon="128.09279385859">
    <tag k="local_x" v="20.4403"/>
    <tag k="local_y" v="-25.8299"/>
    <tag k="ele" v="-29.3731"/>
  </node>
  <node id="2547" lat="36.84334222656" lon="128.09278908955">
    <tag k="local_x" v="20.0151"/>
    <tag k="local_y" v="-25.6774"/>
    <tag k="ele" v="-29.3731"/>
  </node>
  <node id="2548" lat="36.84334370227" lon="128.09278436761">
    <tag k="local_x" v="19.5941"/>
    <tag k="local_y" v="-25.5137"/>
    <tag k="ele" v="-29.3731"/>
  </node>
  <node id="2549" lat="36.84334527804" lon="128.09277969503">
    <tag k="local_x" v="19.1775"/>
    <tag k="local_y" v="-25.3389"/>
    <tag k="ele" v="-29.3731"/>
  </node>
  <node id="2550" lat="36.84334695207" lon="128.0927750774">
    <tag k="local_x" v="18.7658"/>
    <tag k="local_y" v="-25.1532"/>
    <tag k="ele" v="-29.3731"/>
  </node>
  <node id="2551" lat="36.84334872436" lon="128.09277051585">
    <tag k="local_x" v="18.3591"/>
    <tag k="local_y" v="-24.9566"/>
    <tag k="ele" v="-29.3731"/>
  </node>
  <node id="2552" lat="36.84335059311" lon="128.09276601487">
    <tag k="local_x" v="17.9578"/>
    <tag k="local_y" v="-24.7493"/>
    <tag k="ele" v="-29.3731"/>
  </node>
  <node id="2553" lat="36.84335255651" lon="128.0927615767">
    <tag k="local_x" v="17.5621"/>
    <tag k="local_y" v="-24.5315"/>
    <tag k="ele" v="-29.3731"/>
  </node>
  <node id="2554" lat="36.84335461367" lon="128.09275720471">
    <tag k="local_x" v="17.1723"/>
    <tag k="local_y" v="-24.3033"/>
    <tag k="ele" v="-29.3731"/>
  </node>
  <node id="2555" lat="36.84335676367" lon="128.09275290225">
    <tag k="local_x" v="16.7887"/>
    <tag k="local_y" v="-24.0648"/>
    <tag k="ele" v="-29.3731"/>
  </node>
  <node id="2556" lat="36.84335900382" lon="128.0927486727">
    <tag k="local_x" v="16.4116"/>
    <tag k="local_y" v="-23.8163"/>
    <tag k="ele" v="-29.3731"/>
  </node>
  <node id="2557" lat="36.84336133412" lon="128.09274451829">
    <tag k="local_x" v="16.0412"/>
    <tag k="local_y" v="-23.5578"/>
    <tag k="ele" v="-29.3731"/>
  </node>
  <node id="2558" lat="36.84336375096" lon="128.0927404424">
    <tag k="local_x" v="15.6778"/>
    <tag k="local_y" v="-23.2897"/>
    <tag k="ele" v="-29.3731"/>
  </node>
  <node id="2559" lat="36.84336625434" lon="128.09273644726">
    <tag k="local_x" v="15.3216"/>
    <tag k="local_y" v="-23.012"/>
    <tag k="ele" v="-29.3731"/>
  </node>
  <node id="2560" lat="36.84336884155" lon="128.09273253624">
    <tag k="local_x" v="14.9729"/>
    <tag k="local_y" v="-22.725"/>
    <tag k="ele" v="-29.3731"/>
  </node>
  <node id="2561" lat="36.8433715108" lon="128.09272871271">
    <tag k="local_x" v="14.632"/>
    <tag k="local_y" v="-22.4289"/>
    <tag k="ele" v="-29.3731"/>
  </node>
  <node id="2562" lat="36.84337426118" lon="128.09272497778">
    <tag k="local_x" v="14.299"/>
    <tag k="local_y" v="-22.1238"/>
    <tag k="ele" v="-29.3731"/>
  </node>
  <node id="2563" lat="36.84337719727" lon="128.09272119799">
    <tag k="local_x" v="13.962"/>
    <tag k="local_y" v="-21.7981"/>
    <tag k="ele" v="-29.3731"/>
  </node>
  <node id="2614" lat="36.84392451543" lon="128.09231375205">
    <tag k="local_x" v="-22.365"/>
    <tag k="local_y" v="38.9161"/>
    <tag k="ele" v="-33.3547"/>
  </node>
  <node id="2615" lat="36.84392944736" lon="128.09231225581">
    <tag k="local_x" v="-22.4984"/>
    <tag k="local_y" v="39.4632"/>
    <tag k="ele" v="-33.3547"/>
  </node>
  <node id="2616" lat="36.84393519601" lon="128.09231161423">
    <tag k="local_x" v="-22.5556"/>
    <tag k="local_y" v="40.1009"/>
    <tag k="ele" v="-33.3547"/>
  </node>
  <node id="2617" lat="36.84394095278" lon="128.09231208641">
    <tag k="local_x" v="-22.5135"/>
    <tag k="local_y" v="40.7395"/>
    <tag k="ele" v="-33.3547"/>
  </node>
  <node id="2618" lat="36.84394657883" lon="128.09231366001">
    <tag k="local_x" v="-22.3732"/>
    <tag k="local_y" v="41.3636"/>
    <tag k="ele" v="-33.3547"/>
  </node>
  <node id="2619" lat="36.84395193896" lon="128.09231629689">
    <tag k="local_x" v="-22.1381"/>
    <tag k="local_y" v="41.9582"/>
    <tag k="ele" v="-33.3547"/>
  </node>
  <node id="2620" lat="36.84395690515" lon="128.09231993202">
    <tag k="local_x" v="-21.814"/>
    <tag k="local_y" v="42.5091"/>
    <tag k="ele" v="-33.3547"/>
  </node>
  <node id="2621" lat="36.8439613566" lon="128.09232447789">
    <tag k="local_x" v="-21.4087"/>
    <tag k="local_y" v="43.0029"/>
    <tag k="ele" v="-33.3547"/>
  </node>
  <node id="2622" lat="36.84396518784" lon="128.09232982347">
    <tag k="local_x" v="-20.9321"/>
    <tag k="local_y" v="43.4279"/>
    <tag k="ele" v="-33.3547"/>
  </node>
  <node id="2623" lat="36.84396830693" lon="128.09233583977">
    <tag k="local_x" v="-20.3957"/>
    <tag k="local_y" v="43.7739"/>
    <tag k="ele" v="-33.3547"/>
  </node>
  <node id="2624" lat="36.84397063904" lon="128.092342381">
    <tag k="local_x" v="-19.8125"/>
    <tag k="local_y" v="44.0326"/>
    <tag k="ele" v="-33.4895"/>
  </node>
  <node id="2625" lat="36.84397197502" lon="128.092348459">
    <tag k="local_x" v="-19.2706"/>
    <tag k="local_y" v="44.1808"/>
    <tag k="ele" v="-33.7389"/>
  </node>
  <node id="2626" lat="36.84392892726" lon="128.09233545742">
    <tag k="local_x" v="-20.4298"/>
    <tag k="local_y" v="39.4055"/>
    <tag k="ele" v="-33.3547"/>
  </node>
  <node id="2627" lat="36.84393248624" lon="128.09233428084">
    <tag k="local_x" v="-20.5347"/>
    <tag k="local_y" v="39.8003"/>
    <tag k="ele" v="-33.3547"/>
  </node>
  <node id="2628" lat="36.84393545928" lon="128.09233391856">
    <tag k="local_x" v="-20.567"/>
    <tag k="local_y" v="40.1301"/>
    <tag k="ele" v="-33.3547"/>
  </node>
  <node id="2629" lat="36.84393844404" lon="128.09233413165">
    <tag k="local_x" v="-20.548"/>
    <tag k="local_y" v="40.4612"/>
    <tag k="ele" v="-33.3547"/>
  </node>
  <node id="2630" lat="36.8439413684" lon="128.09233491789">
    <tag k="local_x" v="-20.4779"/>
    <tag k="local_y" v="40.7856"/>
    <tag k="ele" v="-33.3547"/>
  </node>
  <node id="2631" lat="36.84394416205" lon="128.09233625933">
    <tag k="local_x" v="-20.3583"/>
    <tag k="local_y" v="41.0955"/>
    <tag k="ele" v="-33.3547"/>
  </node>
  <node id="2632" lat="36.84394675827" lon="128.09233812344">
    <tag k="local_x" v="-20.1921"/>
    <tag k="local_y" v="41.3835"/>
    <tag k="ele" v="-33.3547"/>
  </node>
  <node id="2633" lat="36.84394909308" lon="128.09234046759">
    <tag k="local_x" v="-19.9831"/>
    <tag k="local_y" v="41.6425"/>
    <tag k="ele" v="-33.3547"/>
  </node>
  <node id="2634" lat="36.84395110966" lon="128.0923432346">
    <tag k="local_x" v="-19.7364"/>
    <tag k="local_y" v="41.8662"/>
    <tag k="ele" v="-33.4895"/>
  </node>
  <node id="2635" lat="36.84395275935" lon="128.0923463594">
    <tag k="local_x" v="-19.4578"/>
    <tag k="local_y" v="42.0492"/>
    <tag k="ele" v="-33.6344"/>
  </node>
  <node id="2636" lat="36.84395400158" lon="128.09234976685">
    <tag k="local_x" v="-19.154"/>
    <tag k="local_y" v="42.187"/>
    <tag k="ele" v="-33.7867"/>
  </node>
  <node id="2637" lat="36.84395495985" lon="128.09235420505">
    <tag k="local_x" v="-18.7583"/>
    <tag k="local_y" v="42.2933"/>
    <tag k="ele" v="-33.8692"/>
  </node>
  <node id="2646" lat="36.84398980171" lon="128.09260805343">
    <tag k="local_x" v="3.8742"/>
    <tag k="local_y" v="46.1583"/>
    <tag k="ele" v="-33.8642"/>
  </node>
  <node id="2684" lat="36.84395487524" lon="128.09267874063">
    <tag k="local_x" v="10.1765"/>
    <tag k="local_y" v="42.2839"/>
    <tag k="ele" v="-34.215"/>
  </node>
  <node id="2685" lat="36.84392707671" lon="128.09267535669">
    <tag k="local_x" v="9.8748"/>
    <tag k="local_y" v="39.2002"/>
    <tag k="ele" v="-34.1168"/>
  </node>
  <node id="2687" lat="36.84395378535" lon="128.09269415828">
    <tag k="local_x" v="11.5511"/>
    <tag k="local_y" v="42.163"/>
    <tag k="ele" v="-34.215"/>
  </node>
  <node id="2688" lat="36.84394025884" lon="128.09269313198">
    <tag k="local_x" v="11.4596"/>
    <tag k="local_y" v="40.6625"/>
    <tag k="ele" v="-34.1682"/>
  </node>
  <node id="2691" lat="36.84394928343" lon="128.09269375449">
    <tag k="local_x" v="11.5151"/>
    <tag k="local_y" v="41.6636"/>
    <tag k="ele" v="-34.1994"/>
  </node>
  <node id="2692" lat="36.843944777" lon="128.09269330808">
    <tag k="local_x" v="11.4753"/>
    <tag k="local_y" v="41.1637"/>
    <tag k="ele" v="-34.1838"/>
  </node>
  <node id="2714" lat="36.84397225104" lon="128.09264041972">
    <tag k="local_x" v="6.7599"/>
    <tag k="local_y" v="44.2114"/>
    <tag k="ele" v="-34.0375"/>
  </node>
  <node id="2715" lat="36.84397420811" lon="128.0926587345">
    <tag k="local_x" v="8.3928"/>
    <tag k="local_y" v="44.4285"/>
    <tag k="ele" v="-34.2256"/>
  </node>
  <node id="2717" lat="36.84398484273" lon="128.09263958077">
    <tag k="local_x" v="6.6851"/>
    <tag k="local_y" v="45.6082"/>
    <tag k="ele" v="-34.0375"/>
  </node>
  <node id="2718" lat="36.84398956189" lon="128.09266260071">
    <tag k="local_x" v="8.7375"/>
    <tag k="local_y" v="46.1317"/>
    <tag k="ele" v="-34.2256"/>
  </node>
  <node id="2721" lat="36.84398509153" lon="128.09264357146">
    <tag k="local_x" v="7.0409"/>
    <tag k="local_y" v="45.6358"/>
    <tag k="ele" v="-34.0857"/>
  </node>
  <node id="2722" lat="36.84398541786" lon="128.09264755206">
    <tag k="local_x" v="7.3958"/>
    <tag k="local_y" v="45.672"/>
    <tag k="ele" v="-34.1363"/>
  </node>
  <node id="2723" lat="36.8439724746" lon="128.09264407281">
    <tag k="local_x" v="7.0856"/>
    <tag k="local_y" v="44.2362"/>
    <tag k="ele" v="-34.0817"/>
  </node>
  <node id="2724" lat="36.84397286133" lon="128.0926477315">
    <tag k="local_x" v="7.4118"/>
    <tag k="local_y" v="44.2791"/>
    <tag k="ele" v="-34.1269"/>
  </node>
  <node id="2725" lat="36.84398739479" lon="128.09261715978">
    <tag k="local_x" v="4.6861"/>
    <tag k="local_y" v="45.8913"/>
    <tag k="ele" v="-33.8049"/>
  </node>
  <node id="2726" lat="36.84399050121" lon="128.0926687819">
    <tag k="local_x" v="9.2886"/>
    <tag k="local_y" v="46.2359"/>
    <tag k="ele" v="-34.2256"/>
  </node>
  <node id="2727" lat="36.84398990894" lon="128.09267500684">
    <tag k="local_x" v="9.8436"/>
    <tag k="local_y" v="46.1702"/>
    <tag k="ele" v="-34.2256"/>
  </node>
  <node id="2728" lat="36.84398825385" lon="128.0926809581">
    <tag k="local_x" v="10.3742"/>
    <tag k="local_y" v="45.9866"/>
    <tag k="ele" v="-34.2256"/>
  </node>
  <node id="2729" lat="36.8439857685" lon="128.09268644165">
    <tag k="local_x" v="10.8631"/>
    <tag k="local_y" v="45.7109"/>
    <tag k="ele" v="-34.2256"/>
  </node>
  <node id="2730" lat="36.84398257099" lon="128.09269132289">
    <tag k="local_x" v="11.2983"/>
    <tag k="local_y" v="45.3562"/>
    <tag k="ele" v="-34.2256"/>
  </node>
  <node id="2731" lat="36.84397838638" lon="128.09269482007">
    <tag k="local_x" v="11.6101"/>
    <tag k="local_y" v="44.892"/>
    <tag k="ele" v="-34.2256"/>
  </node>
  <node id="2732" lat="36.84397370506" lon="128.09269722479">
    <tag k="local_x" v="11.8245"/>
    <tag k="local_y" v="44.3727"/>
    <tag k="ele" v="-34.2256"/>
  </node>
  <node id="2733" lat="36.84396869741" lon="128.09269755454">
    <tag k="local_x" v="11.8539"/>
    <tag k="local_y" v="43.8172"/>
    <tag k="ele" v="-34.226"/>
  </node>
  <node id="2734" lat="36.84397497706" lon="128.09266254012">
    <tag k="local_x" v="8.7321"/>
    <tag k="local_y" v="44.5138"/>
    <tag k="ele" v="-34.2256"/>
  </node>
  <node id="2735" lat="36.84397514022" lon="128.09266579391">
    <tag k="local_x" v="9.0222"/>
    <tag k="local_y" v="44.5319"/>
    <tag k="ele" v="-34.2256"/>
  </node>
  <node id="2736" lat="36.84397415582" lon="128.09266943466">
    <tag k="local_x" v="9.3468"/>
    <tag k="local_y" v="44.4227"/>
    <tag k="ele" v="-34.2256"/>
  </node>
  <node id="2737" lat="36.84397264676" lon="128.09267273331">
    <tag k="local_x" v="9.6409"/>
    <tag k="local_y" v="44.2553"/>
    <tag k="ele" v="-34.2256"/>
  </node>
  <node id="2738" lat="36.84397068427" lon="128.09267558893">
    <tag k="local_x" v="9.8955"/>
    <tag k="local_y" v="44.0376"/>
    <tag k="ele" v="-34.2256"/>
  </node>
  <node id="2739" lat="36.84396814213" lon="128.09267755623">
    <tag k="local_x" v="10.0709"/>
    <tag k="local_y" v="43.7556"/>
    <tag k="ele" v="-34.2256"/>
  </node>
  <node id="2740" lat="36.84396537192" lon="128.09267886739">
    <tag k="local_x" v="10.1878"/>
    <tag k="local_y" v="43.4483"/>
    <tag k="ele" v="-34.2256"/>
  </node>
  <node id="2741" lat="36.84396184808" lon="128.09267963232">
    <tag k="local_x" v="10.256"/>
    <tag k="local_y" v="43.0574"/>
    <tag k="ele" v="-34.2256"/>
  </node>
  <node id="2745" lat="36.84398584065" lon="128.09265153377">
    <tag k="local_x" v="7.7508"/>
    <tag k="local_y" v="45.7189"/>
    <tag k="ele" v="-34.1754"/>
  </node>
  <node id="2752" lat="36.84393732819" lon="128.09267652206">
    <tag k="local_x" v="9.9787"/>
    <tag k="local_y" v="40.3374"/>
    <tag k="ele" v="-34.1659"/>
  </node>
  <node id="2753" lat="36.84370726484" lon="128.09270398313">
    <tag k="local_x" v="12.4271"/>
    <tag k="local_y" v="14.8164"/>
    <tag k="ele" v="-31.9806"/>
  </node>
  <node id="2754" lat="36.84370935803" lon="128.09271919212">
    <tag k="local_x" v="13.7831"/>
    <tag k="local_y" v="15.0486"/>
    <tag k="ele" v="-32.0196"/>
  </node>
  <node id="2765" lat="36.84363266759" lon="128.09395809796">
    <tag k="local_x" v="124.2414"/>
    <tag k="local_y" v="6.5422"/>
    <tag k="ele" v="-29.3224"/>
  </node>
  <node id="2766" lat="36.8435553735" lon="128.09366500797">
    <tag k="local_x" v="98.1102"/>
    <tag k="local_y" v="-2.0324"/>
    <tag k="ele" v="-30.4341"/>
  </node>
  <node id="2768" lat="36.84361267295" lon="128.09396735981">
    <tag k="local_x" v="125.0672"/>
    <tag k="local_y" v="4.3242"/>
    <tag k="ele" v="-29.3224"/>
  </node>
  <node id="2769" lat="36.8435340105" lon="128.0936692148">
    <tag k="local_x" v="98.4853"/>
    <tag k="local_y" v="-4.4022"/>
    <tag k="ele" v="-30.4341"/>
  </node>
  <node id="2775" lat="36.8435282902" lon="128.09362377182">
    <tag k="local_x" v="94.4337"/>
    <tag k="local_y" v="-5.0368"/>
    <tag k="ele" v="-30.6795"/>
  </node>
  <node id="2776" lat="36.84352800179" lon="128.09361793163">
    <tag k="local_x" v="93.913"/>
    <tag k="local_y" v="-5.0688"/>
    <tag k="ele" v="-30.6795"/>
  </node>
  <node id="2777" lat="36.84352796037" lon="128.0936116641">
    <tag k="local_x" v="93.3542"/>
    <tag k="local_y" v="-5.0734"/>
    <tag k="ele" v="-30.6795"/>
  </node>
  <node id="2778" lat="36.84352821645" lon="128.09360541565">
    <tag k="local_x" v="92.7971"/>
    <tag k="local_y" v="-5.045"/>
    <tag k="ele" v="-30.6795"/>
  </node>
  <node id="2779" lat="36.84352878983" lon="128.09359920086">
    <tag k="local_x" v="92.243"/>
    <tag k="local_y" v="-4.9814"/>
    <tag k="ele" v="-30.6795"/>
  </node>
  <node id="2780" lat="36.8435296589" lon="128.09359302868">
    <tag k="local_x" v="91.6927"/>
    <tag k="local_y" v="-4.885"/>
    <tag k="ele" v="-30.6795"/>
  </node>
  <node id="2781" lat="36.84353081463" lon="128.09358694736">
    <tag k="local_x" v="91.1505"/>
    <tag k="local_y" v="-4.7568"/>
    <tag k="ele" v="-30.6795"/>
  </node>
  <node id="2809" lat="36.84354987764" lon="128.09362197419">
    <tag k="local_x" v="94.2734"/>
    <tag k="local_y" v="-2.6421"/>
    <tag k="ele" v="-30.6795"/>
  </node>
  <node id="2810" lat="36.84354962618" lon="128.09361692921">
    <tag k="local_x" v="93.8236"/>
    <tag k="local_y" v="-2.67"/>
    <tag k="ele" v="-30.6795"/>
  </node>
  <node id="2811" lat="36.84354958565" lon="128.09361229811">
    <tag k="local_x" v="93.4107"/>
    <tag k="local_y" v="-2.6745"/>
    <tag k="ele" v="-30.6795"/>
  </node>
  <node id="2812" lat="36.8435497714" lon="128.09360767037">
    <tag k="local_x" v="92.9981"/>
    <tag k="local_y" v="-2.6539"/>
    <tag k="ele" v="-30.6795"/>
  </node>
  <node id="2813" lat="36.84355020144" lon="128.09360305722">
    <tag k="local_x" v="92.5868"/>
    <tag k="local_y" v="-2.6062"/>
    <tag k="ele" v="-30.6795"/>
  </node>
  <node id="2814" lat="36.84355086676" lon="128.09359847323">
    <tag k="local_x" v="92.1781"/>
    <tag k="local_y" v="-2.5324"/>
    <tag k="ele" v="-30.6795"/>
  </node>
  <node id="2851" lat="36.84362010276" lon="128.09352108006">
    <tag k="local_x" v="85.2778"/>
    <tag k="local_y" v="5.1479"/>
    <tag k="ele" v="-30.7108"/>
  </node>
  <node id="2852" lat="36.84363654459" lon="128.09352385399">
    <tag k="local_x" v="85.5251"/>
    <tag k="local_y" v="6.9718"/>
    <tag k="ele" v="-30.8265"/>
  </node>
  <node id="2854" lat="36.84362317337" lon="128.09349443749">
    <tag k="local_x" v="82.9024"/>
    <tag k="local_y" v="5.4885"/>
    <tag k="ele" v="-30.7108"/>
  </node>
  <node id="2855" lat="36.84363993251" lon="128.09349725292">
    <tag k="local_x" v="83.1534"/>
    <tag k="local_y" v="7.3476"/>
    <tag k="ele" v="-30.8303"/>
  </node>
  <node id="2858" lat="36.84365131239" lon="128.09352679839">
    <tag k="local_x" v="85.7876"/>
    <tag k="local_y" v="8.61"/>
    <tag k="ele" v="-30.9043"/>
  </node>
  <node id="2859" lat="36.84365486619" lon="128.09350025788">
    <tag k="local_x" v="83.4213"/>
    <tag k="local_y" v="9.0042"/>
    <tag k="ele" v="-30.8462"/>
  </node>
  <node id="2860" lat="36.84369597992" lon="128.09354601094">
    <tag k="local_x" v="87.5005"/>
    <tag k="local_y" v="13.565"/>
    <tag k="ele" v="-31.0801"/>
  </node>
  <node id="2861" lat="36.84370454856" lon="128.09352129646">
    <tag k="local_x" v="85.297"/>
    <tag k="local_y" v="14.5155"/>
    <tag k="ele" v="-31.1575"/>
  </node>
  <node id="2862" lat="36.84365859623" lon="128.09352855379">
    <tag k="local_x" v="85.9441"/>
    <tag k="local_y" v="9.418"/>
    <tag k="ele" v="-30.9385"/>
  </node>
  <node id="2863" lat="36.84366471898" lon="128.09353032152">
    <tag k="local_x" v="86.1017"/>
    <tag k="local_y" v="10.0972"/>
    <tag k="ele" v="-30.9437"/>
  </node>
  <node id="2864" lat="36.84367529495" lon="128.09353435495">
    <tag k="local_x" v="86.4613"/>
    <tag k="local_y" v="11.2704"/>
    <tag k="ele" v="-30.9157"/>
  </node>
  <node id="2865" lat="36.84368387418" lon="128.09353887176">
    <tag k="local_x" v="86.864"/>
    <tag k="local_y" v="12.2221"/>
    <tag k="ele" v="-30.9752"/>
  </node>
  <node id="2866" lat="36.84368995634" lon="128.09354245986">
    <tag k="local_x" v="87.1839"/>
    <tag k="local_y" v="12.8968"/>
    <tag k="ele" v="-31.0256"/>
  </node>
  <node id="2867" lat="36.84366251151" lon="128.09350207386">
    <tag k="local_x" v="83.5832"/>
    <tag k="local_y" v="9.8523"/>
    <tag k="ele" v="-30.8492"/>
  </node>
  <node id="2868" lat="36.8436692139" lon="128.09350398964">
    <tag k="local_x" v="83.754"/>
    <tag k="local_y" v="10.5958"/>
    <tag k="ele" v="-30.8331"/>
  </node>
  <node id="2869" lat="36.84368096088" lon="128.09350847284">
    <tag k="local_x" v="84.1537"/>
    <tag k="local_y" v="11.8989"/>
    <tag k="ele" v="-30.8846"/>
  </node>
  <node id="2870" lat="36.8436904614" lon="128.09351334297">
    <tag k="local_x" v="84.5879"/>
    <tag k="local_y" v="12.9528"/>
    <tag k="ele" v="-31.0506"/>
  </node>
  <node id="2871" lat="36.84369756673" lon="128.09351735504">
    <tag k="local_x" v="84.9456"/>
    <tag k="local_y" v="13.741"/>
    <tag k="ele" v="-31.138"/>
  </node>
  <node id="2872" lat="36.84353409885" lon="128.09356700978">
    <tag k="local_x" v="89.3729"/>
    <tag k="local_y" v="-4.3925"/>
    <tag k="ele" v="-30.6795"/>
  </node>
  <node id="2873" lat="36.8435355151" lon="128.09356141075">
    <tag k="local_x" v="88.8737"/>
    <tag k="local_y" v="-4.2354"/>
    <tag k="ele" v="-30.6795"/>
  </node>
  <node id="2874" lat="36.84353732619" lon="128.09355552908">
    <tag k="local_x" v="88.3493"/>
    <tag k="local_y" v="-4.0345"/>
    <tag k="ele" v="-30.6795"/>
  </node>
  <node id="2875" lat="36.84353942846" lon="128.09354980108">
    <tag k="local_x" v="87.8386"/>
    <tag k="local_y" v="-3.8013"/>
    <tag k="ele" v="-30.6795"/>
  </node>
  <node id="2876" lat="36.84354181289" lon="128.09354424693">
    <tag k="local_x" v="87.3434"/>
    <tag k="local_y" v="-3.5368"/>
    <tag k="ele" v="-30.6795"/>
  </node>
  <node id="2877" lat="36.84354447136" lon="128.09353889018">
    <tag k="local_x" v="86.8658"/>
    <tag k="local_y" v="-3.2419"/>
    <tag k="ele" v="-30.6795"/>
  </node>
  <node id="2878" lat="36.84354739215" lon="128.09353374991">
    <tag k="local_x" v="86.4075"/>
    <tag k="local_y" v="-2.9179"/>
    <tag k="ele" v="-30.6795"/>
  </node>
  <node id="2879" lat="36.84355056535" lon="128.09352884742">
    <tag k="local_x" v="85.9704"/>
    <tag k="local_y" v="-2.5659"/>
    <tag k="ele" v="-30.6795"/>
  </node>
  <node id="2880" lat="36.84355397654" lon="128.09352420066">
    <tag k="local_x" v="85.5561"/>
    <tag k="local_y" v="-2.1875"/>
    <tag k="ele" v="-30.6795"/>
  </node>
  <node id="2881" lat="36.843557614" lon="128.09351982869">
    <tag k="local_x" v="85.1663"/>
    <tag k="local_y" v="-1.784"/>
    <tag k="ele" v="-30.6795"/>
  </node>
  <node id="2882" lat="36.84356146329" lon="128.09351574834">
    <tag k="local_x" v="84.8025"/>
    <tag k="local_y" v="-1.357"/>
    <tag k="ele" v="-30.6795"/>
  </node>
  <node id="2883" lat="36.8435655082" lon="128.09351197419">
    <tag k="local_x" v="84.466"/>
    <tag k="local_y" v="-0.9083"/>
    <tag k="ele" v="-30.6795"/>
  </node>
  <node id="2884" lat="36.84356973431" lon="128.09350852195">
    <tag k="local_x" v="84.1582"/>
    <tag k="local_y" v="-0.4395"/>
    <tag k="ele" v="-30.6795"/>
  </node>
  <node id="2885" lat="36.84357412538" lon="128.09350540506">
    <tag k="local_x" v="83.8803"/>
    <tag k="local_y" v="0.0476"/>
    <tag k="ele" v="-30.6795"/>
  </node>
  <node id="2886" lat="36.84357866248" lon="128.09350263476">
    <tag k="local_x" v="83.6333"/>
    <tag k="local_y" v="0.5509"/>
    <tag k="ele" v="-30.6795"/>
  </node>
  <node id="2887" lat="36.84358332939" lon="128.09350022224">
    <tag k="local_x" v="83.4182"/>
    <tag k="local_y" v="1.0686"/>
    <tag k="ele" v="-30.6795"/>
  </node>
  <node id="2888" lat="36.84358810718" lon="128.09349817649">
    <tag k="local_x" v="83.2358"/>
    <tag k="local_y" v="1.5986"/>
    <tag k="ele" v="-30.6795"/>
  </node>
  <node id="2889" lat="36.84359297782" lon="128.09349650536">
    <tag k="local_x" v="83.0868"/>
    <tag k="local_y" v="2.1389"/>
    <tag k="ele" v="-30.6795"/>
  </node>
  <node id="2890" lat="36.84359792238" lon="128.09349521558">
    <tag k="local_x" v="82.9718"/>
    <tag k="local_y" v="2.6874"/>
    <tag k="ele" v="-30.6795"/>
  </node>
  <node id="2891" lat="36.84360292102" lon="128.09349431274">
    <tag k="local_x" v="82.8913"/>
    <tag k="local_y" v="3.2419"/>
    <tag k="ele" v="-30.6795"/>
  </node>
  <node id="2892" lat="36.84360795481" lon="128.09349379911">
    <tag k="local_x" v="82.8455"/>
    <tag k="local_y" v="3.8003"/>
    <tag k="ele" v="-30.6795"/>
  </node>
  <node id="2893" lat="36.84361300303" lon="128.09349367692">
    <tag k="local_x" v="82.8346"/>
    <tag k="local_y" v="4.3603"/>
    <tag k="ele" v="-30.6795"/>
  </node>
  <node id="2894" lat="36.84361771048" lon="128.09349392373">
    <tag k="local_x" v="82.8566"/>
    <tag k="local_y" v="4.8825"/>
    <tag k="ele" v="-30.6795"/>
  </node>
  <node id="2895" lat="36.8435551913" lon="128.09357517084">
    <tag k="local_x" v="90.1005"/>
    <tag k="local_y" v="-2.0527"/>
    <tag k="ele" v="-30.6795"/>
  </node>
  <node id="2896" lat="36.84355637316" lon="128.09357037712">
    <tag k="local_x" v="89.6731"/>
    <tag k="local_y" v="-1.9216"/>
    <tag k="ele" v="-30.6795"/>
  </node>
  <node id="2897" lat="36.84355767491" lon="128.09356608588">
    <tag k="local_x" v="89.2905"/>
    <tag k="local_y" v="-1.7772"/>
    <tag k="ele" v="-30.6795"/>
  </node>
  <node id="2898" lat="36.84355919032" lon="128.09356190456">
    <tag k="local_x" v="88.9177"/>
    <tag k="local_y" v="-1.6091"/>
    <tag k="ele" v="-30.6795"/>
  </node>
  <node id="2899" lat="36.84356091215" lon="128.09355784774">
    <tag k="local_x" v="88.556"/>
    <tag k="local_y" v="-1.4181"/>
    <tag k="ele" v="-30.6795"/>
  </node>
  <node id="2900" lat="36.84356283411" lon="128.09355393113">
    <tag k="local_x" v="88.2068"/>
    <tag k="local_y" v="-1.2049"/>
    <tag k="ele" v="-30.6795"/>
  </node>
  <node id="2901" lat="36.84356494898" lon="128.09355017154">
    <tag k="local_x" v="87.8716"/>
    <tag k="local_y" v="-0.9703"/>
    <tag k="ele" v="-30.6795"/>
  </node>
  <node id="2902" lat="36.84356724865" lon="128.09354658131">
    <tag k="local_x" v="87.5515"/>
    <tag k="local_y" v="-0.7152"/>
    <tag k="ele" v="-30.6795"/>
  </node>
  <node id="2903" lat="36.84356972411" lon="128.09354317727">
    <tag k="local_x" v="87.248"/>
    <tag k="local_y" v="-0.4406"/>
    <tag k="ele" v="-30.6795"/>
  </node>
  <node id="2904" lat="36.84357236634" lon="128.09353997064">
    <tag k="local_x" v="86.9621"/>
    <tag k="local_y" v="-0.1475"/>
    <tag k="ele" v="-30.6795"/>
  </node>
  <node id="2905" lat="36.84357516361" lon="128.09353697487">
    <tag k="local_x" v="86.695"/>
    <tag k="local_y" v="0.1628"/>
    <tag k="ele" v="-30.6795"/>
  </node>
  <node id="2906" lat="36.84357810692" lon="128.0935342023">
    <tag k="local_x" v="86.4478"/>
    <tag k="local_y" v="0.4893"/>
    <tag k="ele" v="-30.6795"/>
  </node>
  <node id="2907" lat="36.84358118365" lon="128.09353166191">
    <tag k="local_x" v="86.2213"/>
    <tag k="local_y" v="0.8306"/>
    <tag k="ele" v="-30.6795"/>
  </node>
  <node id="2908" lat="36.84358438297" lon="128.0935293649">
    <tag k="local_x" v="86.0165"/>
    <tag k="local_y" v="1.1855"/>
    <tag k="ele" v="-30.6795"/>
  </node>
  <node id="2909" lat="36.84358769047" lon="128.09352732026">
    <tag k="local_x" v="85.8342"/>
    <tag k="local_y" v="1.5524"/>
    <tag k="ele" v="-30.6795"/>
  </node>
  <node id="2910" lat="36.84359109533" lon="128.09352553583">
    <tag k="local_x" v="85.6751"/>
    <tag k="local_y" v="1.9301"/>
    <tag k="ele" v="-30.6795"/>
  </node>
  <node id="2911" lat="36.84359458402" lon="128.09352401946">
    <tag k="local_x" v="85.5399"/>
    <tag k="local_y" v="2.3171"/>
    <tag k="ele" v="-30.6795"/>
  </node>
  <node id="2912" lat="36.84359814211" lon="128.09352277565">
    <tag k="local_x" v="85.429"/>
    <tag k="local_y" v="2.7118"/>
    <tag k="ele" v="-30.6795"/>
  </node>
  <node id="2913" lat="36.8436017561" lon="128.09352180999">
    <tag k="local_x" v="85.3429"/>
    <tag k="local_y" v="3.1127"/>
    <tag k="ele" v="-30.6795"/>
  </node>
  <node id="2914" lat="36.84360541156" lon="128.09352112698">
    <tag k="local_x" v="85.282"/>
    <tag k="local_y" v="3.5182"/>
    <tag k="ele" v="-30.6795"/>
  </node>
  <node id="2915" lat="36.84360909585" lon="128.09352072886">
    <tag k="local_x" v="85.2465"/>
    <tag k="local_y" v="3.9269"/>
    <tag k="ele" v="-30.6795"/>
  </node>
  <node id="2916" lat="36.84361279277" lon="128.09352061674">
    <tag k="local_x" v="85.2365"/>
    <tag k="local_y" v="4.337"/>
    <tag k="ele" v="-30.6795"/>
  </node>
  <node id="2917" lat="36.84361682593" lon="128.09352081532">
    <tag k="local_x" v="85.2542"/>
    <tag k="local_y" v="4.7844"/>
    <tag k="ele" v="-30.6795"/>
  </node>
  <node id="2926" lat="36.84351679075" lon="128.09344453606">
    <tag k="local_x" v="78.4534"/>
    <tag k="local_y" v="-6.3126"/>
    <tag k="ele" v="-30.6411"/>
  </node>
  <node id="2928" lat="36.8434862391" lon="128.0934502514">
    <tag k="local_x" v="78.963"/>
    <tag k="local_y" v="-9.7017"/>
    <tag k="ele" v="-30.6411"/>
  </node>
  <node id="2931" lat="36.84350494338" lon="128.09335832613">
    <tag k="local_x" v="70.7671"/>
    <tag k="local_y" v="-7.6269"/>
    <tag k="ele" v="-30.3472"/>
  </node>
  <node id="2932" lat="36.8434784853" lon="128.09336286723">
    <tag k="local_x" v="71.172"/>
    <tag k="local_y" v="-10.5619"/>
    <tag k="ele" v="-30.3472"/>
  </node>
  <node id="2933" lat="36.84349653663" lon="128.09330732114">
    <tag k="local_x" v="66.2196"/>
    <tag k="local_y" v="-8.5595"/>
    <tag k="ele" v="-30.1218"/>
  </node>
  <node id="2934" lat="36.84347366639" lon="128.09331273265">
    <tag k="local_x" v="66.7021"/>
    <tag k="local_y" v="-11.0965"/>
    <tag k="ele" v="-30.1218"/>
  </node>
  <node id="2935" lat="36.84346585749" lon="128.09322726757">
    <tag k="local_x" v="59.0822"/>
    <tag k="local_y" v="-11.9628"/>
    <tag k="ele" v="-30.1817"/>
  </node>
  <node id="2936" lat="36.84344637131" lon="128.09323896459">
    <tag k="local_x" v="60.1251"/>
    <tag k="local_y" v="-14.1244"/>
    <tag k="ele" v="-30.1817"/>
  </node>
  <node id="2937" lat="36.843415055" lon="128.09311413226">
    <tag k="local_x" v="48.9953"/>
    <tag k="local_y" v="-17.5984"/>
    <tag k="ele" v="-29.8431"/>
  </node>
  <node id="2938" lat="36.84339616921" lon="128.09312726608">
    <tag k="local_x" v="50.1663"/>
    <tag k="local_y" v="-19.6934"/>
    <tag k="ele" v="-29.8431"/>
  </node>
  <node id="2939" lat="36.84335216022" lon="128.09297500505">
    <tag k="local_x" v="36.591"/>
    <tag k="local_y" v="-24.5754"/>
    <tag k="ele" v="-29.7477"/>
  </node>
  <node id="2940" lat="36.84333330239" lon="128.0929882017">
    <tag k="local_x" v="37.7676"/>
    <tag k="local_y" v="-26.6673"/>
    <tag k="ele" v="-29.7477"/>
  </node>
  <node id="2949" lat="36.84336452762" lon="128.09392149188">
    <tag k="local_x" v="120.9781"/>
    <tag k="local_y" v="-23.2027"/>
    <tag k="ele" v="-30.0985"/>
  </node>
  <node id="2950" lat="36.84335953528" lon="128.09375458296">
    <tag k="local_x" v="106.0968"/>
    <tag k="local_y" v="-23.7567"/>
    <tag k="ele" v="-29.9963"/>
  </node>
  <node id="2952" lat="36.84334290233" lon="128.09392232149">
    <tag k="local_x" v="121.0521"/>
    <tag k="local_y" v="-25.6016"/>
    <tag k="ele" v="-30.0426"/>
  </node>
  <node id="2953" lat="36.84333790999" lon="128.09375541149">
    <tag k="local_x" v="106.1707"/>
    <tag k="local_y" v="-26.1556"/>
    <tag k="ele" v="-29.9963"/>
  </node>
  <node id="2956" lat="36.84337903721" lon="128.093703722">
    <tag k="local_x" v="101.5621"/>
    <tag k="local_y" v="-21.5934"/>
    <tag k="ele" v="-30.262"/>
  </node>
  <node id="2957" lat="36.84343352134" lon="128.09366405959">
    <tag k="local_x" v="98.0258"/>
    <tag k="local_y" v="-15.5495"/>
    <tag k="ele" v="-30.4962"/>
  </node>
  <node id="2959" lat="36.84336811166" lon="128.09368048787">
    <tag k="local_x" v="99.4906"/>
    <tag k="local_y" v="-22.8054"/>
    <tag k="ele" v="-30.262"/>
  </node>
  <node id="2960" lat="36.84342259577" lon="128.09364082544">
    <tag k="local_x" v="95.9543"/>
    <tag k="local_y" v="-16.7615"/>
    <tag k="ele" v="-30.4962"/>
  </node>
  <node id="2963" lat="36.84348620348" lon="128.09361710892">
    <tag k="local_x" v="93.8397"/>
    <tag k="local_y" v="-9.7055"/>
    <tag k="ele" v="-30.6324"/>
  </node>
  <node id="2964" lat="36.84347359215" lon="128.09359523637">
    <tag k="local_x" v="91.8896"/>
    <tag k="local_y" v="-11.1045"/>
    <tag k="ele" v="-30.6324"/>
  </node>
  <node id="2965" lat="36.84351072538" lon="128.09359463008">
    <tag k="local_x" v="91.8355"/>
    <tag k="local_y" v="-6.9853"/>
    <tag k="ele" v="-30.7067"/>
  </node>
  <node id="2966" lat="36.84349789138" lon="128.09357295941">
    <tag k="local_x" v="89.9034"/>
    <tag k="local_y" v="-8.409"/>
    <tag k="ele" v="-30.7067"/>
  </node>
  <node id="2967" lat="36.84349969704" lon="128.09357118394">
    <tag k="local_x" v="89.7451"/>
    <tag k="local_y" v="-8.2087"/>
    <tag k="ele" v="-30.7067"/>
  </node>
  <node id="2968" lat="36.84350214094" lon="128.09356807825">
    <tag k="local_x" v="89.4682"/>
    <tag k="local_y" v="-7.9376"/>
    <tag k="ele" v="-30.7067"/>
  </node>
  <node id="2969" lat="36.84350391595" lon="128.0935652294">
    <tag k="local_x" v="89.2142"/>
    <tag k="local_y" v="-7.7407"/>
    <tag k="ele" v="-30.7067"/>
  </node>
  <node id="2970" lat="36.84350542683" lon="128.09356215623">
    <tag k="local_x" v="88.9402"/>
    <tag k="local_y" v="-7.5731"/>
    <tag k="ele" v="-30.7067"/>
  </node>
  <node id="2971" lat="36.84350665646" lon="128.0935588935">
    <tag k="local_x" v="88.6493"/>
    <tag k="local_y" v="-7.4367"/>
    <tag k="ele" v="-30.7067"/>
  </node>
  <node id="2972" lat="36.84350758861" lon="128.09355548159">
    <tag k="local_x" v="88.3451"/>
    <tag k="local_y" v="-7.3333"/>
    <tag k="ele" v="-30.7067"/>
  </node>
  <node id="2973" lat="36.84350821335" lon="128.09355196313">
    <tag k="local_x" v="88.0314"/>
    <tag k="local_y" v="-7.264"/>
    <tag k="ele" v="-30.7067"/>
  </node>
  <node id="2974" lat="36.84350852259" lon="128.09354837961">
    <tag k="local_x" v="87.7119"/>
    <tag k="local_y" v="-7.2297"/>
    <tag k="ele" v="-30.7067"/>
  </node>
  <node id="2975" lat="36.84350849287" lon="128.0935440334">
    <tag k="local_x" v="87.3244"/>
    <tag k="local_y" v="-7.233"/>
    <tag k="ele" v="-30.7067"/>
  </node>
  <node id="2976" lat="36.84351522915" lon="128.09358992277">
    <tag k="local_x" v="91.4158"/>
    <tag k="local_y" v="-6.4857"/>
    <tag k="ele" v="-30.7067"/>
  </node>
  <node id="2977" lat="36.84351848168" lon="128.09358572016">
    <tag k="local_x" v="91.0411"/>
    <tag k="local_y" v="-6.1249"/>
    <tag k="ele" v="-30.7067"/>
  </node>
  <node id="2978" lat="36.84352171979" lon="128.0935805227">
    <tag k="local_x" v="90.5777"/>
    <tag k="local_y" v="-5.7657"/>
    <tag k="ele" v="-30.7067"/>
  </node>
  <node id="2979" lat="36.84352447833" lon="128.09357491135">
    <tag k="local_x" v="90.0774"/>
    <tag k="local_y" v="-5.4597"/>
    <tag k="ele" v="-30.7067"/>
  </node>
  <node id="2980" lat="36.84352672303" lon="128.09356895679">
    <tag k="local_x" v="89.5465"/>
    <tag k="local_y" v="-5.2107"/>
    <tag k="ele" v="-30.7067"/>
  </node>
  <node id="2981" lat="36.84352842505" lon="128.09356272966">
    <tag k="local_x" v="88.9913"/>
    <tag k="local_y" v="-5.0219"/>
    <tag k="ele" v="-30.7067"/>
  </node>
  <node id="2982" lat="36.84352956546" lon="128.09355630738">
    <tag k="local_x" v="88.4187"/>
    <tag k="local_y" v="-4.8954"/>
    <tag k="ele" v="-30.7067"/>
  </node>
  <node id="2983" lat="36.84353012893" lon="128.09354976731">
    <tag k="local_x" v="87.8356"/>
    <tag k="local_y" v="-4.8329"/>
    <tag k="ele" v="-30.7067"/>
  </node>
  <node id="2984" lat="36.84353012808" lon="128.09354393385">
    <tag k="local_x" v="87.3155"/>
    <tag k="local_y" v="-4.833"/>
    <tag k="ele" v="-30.7067"/>
  </node>
  <node id="2988" lat="36.84333783079" lon="128.0937419377">
    <tag k="local_x" v="104.9694"/>
    <tag k="local_y" v="-26.1644"/>
    <tag k="ele" v="-30.0152"/>
  </node>
  <node id="2989" lat="36.84333826806" lon="128.09373621866">
    <tag k="local_x" v="104.4595"/>
    <tag k="local_y" v="-26.1159"/>
    <tag k="ele" v="-30.0152"/>
  </node>
  <node id="2990" lat="36.84333915156" lon="128.0937300151">
    <tag k="local_x" v="103.9064"/>
    <tag k="local_y" v="-26.0179"/>
    <tag k="ele" v="-30.0152"/>
  </node>
  <node id="2991" lat="36.84334044342" lon="128.0937239237">
    <tag k="local_x" v="103.3633"/>
    <tag k="local_y" v="-25.8746"/>
    <tag k="ele" v="-30.0152"/>
  </node>
  <node id="2992" lat="36.84334213373" lon="128.09371798485">
    <tag k="local_x" v="102.8338"/>
    <tag k="local_y" v="-25.6871"/>
    <tag k="ele" v="-30.0152"/>
  </node>
  <node id="2993" lat="36.84334421077" lon="128.09371224004">
    <tag k="local_x" v="102.3216"/>
    <tag k="local_y" v="-25.4567"/>
    <tag k="ele" v="-30.0152"/>
  </node>
  <node id="2994" lat="36.84334666191" lon="128.09370672741">
    <tag k="local_x" v="101.8301"/>
    <tag k="local_y" v="-25.1848"/>
    <tag k="ele" v="-30.0152"/>
  </node>
  <node id="2995" lat="36.84334947003" lon="128.09370148509">
    <tag k="local_x" v="101.3627"/>
    <tag k="local_y" v="-24.8733"/>
    <tag k="ele" v="-30.0152"/>
  </node>
  <node id="2996" lat="36.84335261529" lon="128.09369654785">
    <tag k="local_x" v="100.9225"/>
    <tag k="local_y" v="-24.5244"/>
    <tag k="ele" v="-30.0152"/>
  </node>
  <node id="2997" lat="36.84335607697" lon="128.09369195046">
    <tag k="local_x" v="100.5126"/>
    <tag k="local_y" v="-24.1404"/>
    <tag k="ele" v="-30.0152"/>
  </node>
  <node id="2998" lat="36.84335983071" lon="128.0936877232">
    <tag k="local_x" v="100.1357"/>
    <tag k="local_y" v="-23.724"/>
    <tag k="ele" v="-30.0152"/>
  </node>
  <node id="2999" lat="36.84336349251" lon="128.09368422273">
    <tag k="local_x" v="99.8236"/>
    <tag k="local_y" v="-23.3178"/>
    <tag k="ele" v="-30.0152"/>
  </node>
  <node id="3000" lat="36.84335937312" lon="128.09374443471">
    <tag k="local_x" v="105.192"/>
    <tag k="local_y" v="-23.7747"/>
    <tag k="ele" v="-30.0152"/>
  </node>
  <node id="3001" lat="36.84335970941" lon="128.0937398182">
    <tag k="local_x" v="104.7804"/>
    <tag k="local_y" v="-23.7374"/>
    <tag k="ele" v="-30.0152"/>
  </node>
  <node id="3002" lat="36.84336028189" lon="128.09373580064">
    <tag k="local_x" v="104.4222"/>
    <tag k="local_y" v="-23.6739"/>
    <tag k="ele" v="-30.0152"/>
  </node>
  <node id="3003" lat="36.84336111849" lon="128.09373185598">
    <tag k="local_x" v="104.0705"/>
    <tag k="local_y" v="-23.5811"/>
    <tag k="ele" v="-30.0152"/>
  </node>
  <node id="3004" lat="36.8433622129" lon="128.0937280089">
    <tag k="local_x" v="103.7275"/>
    <tag k="local_y" v="-23.4597"/>
    <tag k="ele" v="-30.0152"/>
  </node>
  <node id="3005" lat="36.84336355793" lon="128.09372428857">
    <tag k="local_x" v="103.3958"/>
    <tag k="local_y" v="-23.3105"/>
    <tag k="ele" v="-30.0152"/>
  </node>
  <node id="3006" lat="36.84336514545" lon="128.09372071854">
    <tag k="local_x" v="103.0775"/>
    <tag k="local_y" v="-23.1344"/>
    <tag k="ele" v="-30.0152"/>
  </node>
  <node id="3007" lat="36.84336696464" lon="128.09371732236">
    <tag k="local_x" v="102.7747"/>
    <tag k="local_y" v="-22.9326"/>
    <tag k="ele" v="-30.0152"/>
  </node>
  <node id="3008" lat="36.84336900108" lon="128.0937141247">
    <tag k="local_x" v="102.4896"/>
    <tag k="local_y" v="-22.7067"/>
    <tag k="ele" v="-30.0152"/>
  </node>
  <node id="3009" lat="36.84337124306" lon="128.09371114689">
    <tag k="local_x" v="102.2241"/>
    <tag k="local_y" v="-22.458"/>
    <tag k="ele" v="-30.0152"/>
  </node>
  <node id="3010" lat="36.84337367524" lon="128.09370840909">
    <tag k="local_x" v="101.98"/>
    <tag k="local_y" v="-22.1882"/>
    <tag k="ele" v="-30.0152"/>
  </node>
  <node id="3011" lat="36.84337663929" lon="128.09370560177">
    <tag k="local_x" v="101.7297"/>
    <tag k="local_y" v="-21.8594"/>
    <tag k="ele" v="-30.0152"/>
  </node>
  <node id="3015" lat="36.84349781181" lon="128.09369979927">
    <tag k="local_x" v="101.2122"/>
    <tag k="local_y" v="-8.4177"/>
    <tag k="ele" v="-30.8208"/>
  </node>
  <node id="3016" lat="36.84352400399" lon="128.09378460411">
    <tag k="local_x" v="108.7732"/>
    <tag k="local_y" v="-5.5121"/>
    <tag k="ele" v="-29.7688"/>
  </node>
  <node id="3018" lat="36.84351800746" lon="128.09369014369">
    <tag k="local_x" v="100.3513"/>
    <tag k="local_y" v="-6.1774"/>
    <tag k="ele" v="-30.8208"/>
  </node>
  <node id="3019" lat="36.84354419965" lon="128.09377494854">
    <tag k="local_x" v="107.9123"/>
    <tag k="local_y" v="-3.2718"/>
    <tag k="ele" v="-29.7688"/>
  </node>
  <node id="3022" lat="36.84357851171" lon="128.09398077582">
    <tag k="local_x" v="126.2634"/>
    <tag k="local_y" v="0.5347"/>
    <tag k="ele" v="-29.171"/>
  </node>
  <node id="3023" lat="36.84359961063" lon="128.09397316949">
    <tag k="local_x" v="125.5852"/>
    <tag k="local_y" v="2.8752"/>
    <tag k="ele" v="-29.171"/>
  </node>
  <node id="4568" lat="36.84326495533" lon="128.09287428941">
    <tag k="local_x" v="27.6114"/>
    <tag k="local_y" v="-34.2491"/>
    <tag k="ele" v="-29.1492"/>
  </node>
  <node id="4569" lat="36.84328034594" lon="128.09292262258">
    <tag k="local_x" v="31.9207"/>
    <tag k="local_y" v="-32.5418"/>
    <tag k="ele" v="-29.4631"/>
  </node>
  <node id="4571" lat="36.84328506979" lon="128.09286437454">
    <tag k="local_x" v="26.7274"/>
    <tag k="local_y" v="-32.0178"/>
    <tag k="ele" v="-29.1492"/>
  </node>
  <node id="4572" lat="36.8433004604" lon="128.09291270773">
    <tag k="local_x" v="31.0367"/>
    <tag k="local_y" v="-30.3105"/>
    <tag k="ele" v="-29.4631"/>
  </node>
  <node id="4575" lat="36.84330534703" lon="128.09298126108">
    <tag k="local_x" v="37.1488"/>
    <tag k="local_y" v="-29.7684"/>
    <tag k="ele" v="-29.6934"/>
  </node>
  <node id="4576" lat="36.84332444645" lon="128.09296861738">
    <tag k="local_x" v="36.0215"/>
    <tag k="local_y" v="-27.6497"/>
    <tag k="ele" v="-29.6934"/>
  </node>
  <node id="4577" lat="36.84345916174" lon="128.09345099359">
    <tag k="local_x" v="79.0292"/>
    <tag k="local_y" v="-12.7054"/>
    <tag k="ele" v="-30.6411"/>
  </node>
  <node id="4578" lat="36.84345629021" lon="128.09337389235">
    <tag k="local_x" v="72.155"/>
    <tag k="local_y" v="-13.024"/>
    <tag k="ele" v="-30.3472"/>
  </node>
  <node id="4579" lat="36.8434514713" lon="128.09332375779">
    <tag k="local_x" v="67.6851"/>
    <tag k="local_y" v="-13.5586"/>
    <tag k="ele" v="-30.1218"/>
  </node>
  <node id="4580" lat="36.84342417624" lon="128.09324998975">
    <tag k="local_x" v="61.1081"/>
    <tag k="local_y" v="-16.5865"/>
    <tag k="ele" v="-30.1817"/>
  </node>
  <node id="4581" lat="36.84337397414" lon="128.09313829126">
    <tag k="local_x" v="51.1493"/>
    <tag k="local_y" v="-22.1555"/>
    <tag k="ele" v="-29.8431"/>
  </node>
  <node id="4582" lat="36.84331110734" lon="128.09299922691">
    <tag k="local_x" v="38.7506"/>
    <tag k="local_y" v="-29.1294"/>
    <tag k="ele" v="-29.7477"/>
  </node>
  <node id="4585" lat="36.84349147328" lon="128.09353244366">
    <tag k="local_x" v="86.2911"/>
    <tag k="local_y" v="-9.121"/>
    <tag k="ele" v="-30.9203"/>
  </node>
  <node id="4586" lat="36.84349178424" lon="128.09353787895">
    <tag k="local_x" v="86.7757"/>
    <tag k="local_y" v="-9.0865"/>
    <tag k="ele" v="-30.9203"/>
  </node>
  <node id="4587" lat="36.84349212855" lon="128.09354323237">
    <tag k="local_x" v="87.253"/>
    <tag k="local_y" v="-9.0483"/>
    <tag k="ele" v="-30.9203"/>
  </node>
  <node id="4588" lat="36.84349251344" lon="128.09354858354">
    <tag k="local_x" v="87.7301"/>
    <tag k="local_y" v="-9.0056"/>
    <tag k="ele" v="-30.9203"/>
  </node>
  <node id="4589" lat="36.84349293888" lon="128.09355393135">
    <tag k="local_x" v="88.2069"/>
    <tag k="local_y" v="-8.9584"/>
    <tag k="ele" v="-30.9203"/>
  </node>
  <node id="4590" lat="36.843493404" lon="128.09355927467">
    <tag k="local_x" v="88.6833"/>
    <tag k="local_y" v="-8.9068"/>
    <tag k="ele" v="-30.9203"/>
  </node>
  <node id="4591" lat="36.84349390877" lon="128.09356461351">
    <tag k="local_x" v="89.1593"/>
    <tag k="local_y" v="-8.8508"/>
    <tag k="ele" v="-30.9203"/>
  </node>
  <node id="4592" lat="36.84349445412" lon="128.09356994786">
    <tag k="local_x" v="89.6349"/>
    <tag k="local_y" v="-8.7903"/>
    <tag k="ele" v="-30.9203"/>
  </node>
  <node id="4593" lat="36.84349503912" lon="128.09357527548">
    <tag k="local_x" v="90.1099"/>
    <tag k="local_y" v="-8.7254"/>
    <tag k="ele" v="-30.9203"/>
  </node>
  <node id="4594" lat="36.84349566469" lon="128.09358059862">
    <tag k="local_x" v="90.5845"/>
    <tag k="local_y" v="-8.656"/>
    <tag k="ele" v="-30.9203"/>
  </node>
  <node id="4595" lat="36.84349632993" lon="128.09358591391">
    <tag k="local_x" v="91.0584"/>
    <tag k="local_y" v="-8.5822"/>
    <tag k="ele" v="-30.9203"/>
  </node>
  <node id="4596" lat="36.84349703483" lon="128.09359122359">
    <tag k="local_x" v="91.5318"/>
    <tag k="local_y" v="-8.504"/>
    <tag k="ele" v="-30.9203"/>
  </node>
  <node id="4597" lat="36.8434977794" lon="128.09359652541">
    <tag k="local_x" v="92.0045"/>
    <tag k="local_y" v="-8.4214"/>
    <tag k="ele" v="-30.9203"/>
  </node>
  <node id="4598" lat="36.84349856363" lon="128.09360181939">
    <tag k="local_x" v="92.4765"/>
    <tag k="local_y" v="-8.3344"/>
    <tag k="ele" v="-30.9203"/>
  </node>
  <node id="4599" lat="36.84349938842" lon="128.09360710552">
    <tag k="local_x" v="92.9478"/>
    <tag k="local_y" v="-8.2429"/>
    <tag k="ele" v="-30.9203"/>
  </node>
  <node id="4600" lat="36.84350025198" lon="128.09361238267">
    <tag k="local_x" v="93.4183"/>
    <tag k="local_y" v="-8.1471"/>
    <tag k="ele" v="-30.9203"/>
  </node>
  <node id="4601" lat="36.84350115611" lon="128.09361765086">
    <tag k="local_x" v="93.888"/>
    <tag k="local_y" v="-8.0468"/>
    <tag k="ele" v="-30.9203"/>
  </node>
  <node id="4602" lat="36.843502099" lon="128.09362290895">
    <tag k="local_x" v="94.3568"/>
    <tag k="local_y" v="-7.9422"/>
    <tag k="ele" v="-30.9203"/>
  </node>
  <node id="4603" lat="36.84350308155" lon="128.09362815694">
    <tag k="local_x" v="94.8247"/>
    <tag k="local_y" v="-7.8332"/>
    <tag k="ele" v="-30.9203"/>
  </node>
  <node id="4604" lat="36.84350410376" lon="128.09363339484">
    <tag k="local_x" v="95.2917"/>
    <tag k="local_y" v="-7.7198"/>
    <tag k="ele" v="-30.9203"/>
  </node>
  <node id="4605" lat="36.84350516564" lon="128.09363862153">
    <tag k="local_x" v="95.7577"/>
    <tag k="local_y" v="-7.602"/>
    <tag k="ele" v="-30.9203"/>
  </node>
  <node id="4606" lat="36.84350626629" lon="128.093643837">
    <tag k="local_x" v="96.2227"/>
    <tag k="local_y" v="-7.4799"/>
    <tag k="ele" v="-30.9203"/>
  </node>
  <node id="4607" lat="36.8435074066" lon="128.09364904013">
    <tag k="local_x" v="96.6866"/>
    <tag k="local_y" v="-7.3534"/>
    <tag k="ele" v="-30.9203"/>
  </node>
  <node id="4608" lat="36.84350858567" lon="128.09365423093">
    <tag k="local_x" v="97.1494"/>
    <tag k="local_y" v="-7.2226"/>
    <tag k="ele" v="-30.9203"/>
  </node>
  <node id="4609" lat="36.8435098035" lon="128.09365940827">
    <tag k="local_x" v="97.611"/>
    <tag k="local_y" v="-7.0875"/>
    <tag k="ele" v="-30.9203"/>
  </node>
  <node id="4610" lat="36.843511061" lon="128.09366457327">
    <tag k="local_x" v="98.0715"/>
    <tag k="local_y" v="-6.948"/>
    <tag k="ele" v="-30.9203"/>
  </node>
  <node id="4611" lat="36.84351235636" lon="128.09366972481">
    <tag k="local_x" v="98.5308"/>
    <tag k="local_y" v="-6.8043"/>
    <tag k="ele" v="-30.9203"/>
  </node>
  <node id="4612" lat="36.84351369138" lon="128.09367486178">
    <tag k="local_x" v="98.9888"/>
    <tag k="local_y" v="-6.6562"/>
    <tag k="ele" v="-30.9203"/>
  </node>
  <node id="4613" lat="36.84351506427" lon="128.09367998416">
    <tag k="local_x" v="99.4455"/>
    <tag k="local_y" v="-6.5039"/>
    <tag k="ele" v="-30.9203"/>
  </node>
  <node id="4614" lat="36.84351649395" lon="128.09368514916">
    <tag k="local_x" v="99.906"/>
    <tag k="local_y" v="-6.3453"/>
    <tag k="ele" v="-30.9203"/>
  </node>
  <node id="4615" lat="36.84346450497" lon="128.09353555352">
    <tag k="local_x" v="86.5684"/>
    <tag k="local_y" v="-12.1126"/>
    <tag k="ele" v="-30.9203"/>
  </node>
  <node id="4616" lat="36.84346501425" lon="128.09354112116">
    <tag k="local_x" v="87.0648"/>
    <tag k="local_y" v="-12.0561"/>
    <tag k="ele" v="-30.9203"/>
  </node>
  <node id="4617" lat="36.84346557131" lon="128.09354676059">
    <tag k="local_x" v="87.5676"/>
    <tag k="local_y" v="-11.9943"/>
    <tag k="ele" v="-30.9203"/>
  </node>
  <node id="4618" lat="36.84346617074" lon="128.09355239217">
    <tag k="local_x" v="88.0697"/>
    <tag k="local_y" v="-11.9278"/>
    <tag k="ele" v="-30.9203"/>
  </node>
  <node id="4619" lat="36.84346681164" lon="128.09355801477">
    <tag k="local_x" v="88.571"/>
    <tag k="local_y" v="-11.8567"/>
    <tag k="ele" v="-30.9203"/>
  </node>
  <node id="4620" lat="36.8434674949" lon="128.09356362952">
    <tag k="local_x" v="89.0716"/>
    <tag k="local_y" v="-11.7809"/>
    <tag k="ele" v="-30.9203"/>
  </node>
  <node id="4621" lat="36.84346821963" lon="128.09356923418">
    <tag k="local_x" v="89.5713"/>
    <tag k="local_y" v="-11.7005"/>
    <tag k="ele" v="-30.9203"/>
  </node>
  <node id="4622" lat="36.84346898583" lon="128.09357482986">
    <tag k="local_x" v="90.0702"/>
    <tag k="local_y" v="-11.6155"/>
    <tag k="ele" v="-30.9203"/>
  </node>
  <node id="4623" lat="36.8434697944" lon="128.09358041546">
    <tag k="local_x" v="90.5682"/>
    <tag k="local_y" v="-11.5258"/>
    <tag k="ele" v="-30.9203"/>
  </node>
  <node id="4624" lat="36.84347064444" lon="128.09358598983">
    <tag k="local_x" v="91.0652"/>
    <tag k="local_y" v="-11.4315"/>
    <tag k="ele" v="-30.9203"/>
  </node>
  <node id="4625" lat="36.84347153504" lon="128.093591553">
    <tag k="local_x" v="91.5612"/>
    <tag k="local_y" v="-11.3327"/>
    <tag k="ele" v="-30.9203"/>
  </node>
  <node id="4626" lat="36.84347246801" lon="128.09359710494">
    <tag k="local_x" v="92.0562"/>
    <tag k="local_y" v="-11.2292"/>
    <tag k="ele" v="-30.9203"/>
  </node>
  <node id="4627" lat="36.84347344245" lon="128.09360264455">
    <tag k="local_x" v="92.5501"/>
    <tag k="local_y" v="-11.1211"/>
    <tag k="ele" v="-30.9203"/>
  </node>
  <node id="4628" lat="36.84347445745" lon="128.09360817182">
    <tag k="local_x" v="93.0429"/>
    <tag k="local_y" v="-11.0085"/>
    <tag k="ele" v="-30.9203"/>
  </node>
  <node id="4629" lat="36.84347551392" lon="128.09361368564">
    <tag k="local_x" v="93.5345"/>
    <tag k="local_y" v="-10.8913"/>
    <tag k="ele" v="-30.9203"/>
  </node>
  <node id="4630" lat="36.84347661096" lon="128.09361918599">
    <tag k="local_x" v="94.0249"/>
    <tag k="local_y" v="-10.7696"/>
    <tag k="ele" v="-30.9203"/>
  </node>
  <node id="4631" lat="36.84347774946" lon="128.09362467289">
    <tag k="local_x" v="94.5141"/>
    <tag k="local_y" v="-10.6433"/>
    <tag k="ele" v="-30.9203"/>
  </node>
  <node id="4632" lat="36.84347892853" lon="128.09363014521">
    <tag k="local_x" v="95.002"/>
    <tag k="local_y" v="-10.5125"/>
    <tag k="ele" v="-30.9203"/>
  </node>
  <node id="4633" lat="36.84348014817" lon="128.09363560182">
    <tag k="local_x" v="95.4885"/>
    <tag k="local_y" v="-10.3772"/>
    <tag k="ele" v="-30.9203"/>
  </node>
  <node id="4634" lat="36.84348140747" lon="128.09364104386">
    <tag k="local_x" v="95.9737"/>
    <tag k="local_y" v="-10.2375"/>
    <tag k="ele" v="-30.9203"/>
  </node>
  <node id="4635" lat="36.84348270823" lon="128.09364647019">
    <tag k="local_x" v="96.4575"/>
    <tag k="local_y" v="-10.0932"/>
    <tag k="ele" v="-30.9203"/>
  </node>
  <node id="4636" lat="36.84348404957" lon="128.0936518797">
    <tag k="local_x" v="96.9398"/>
    <tag k="local_y" v="-9.9444"/>
    <tag k="ele" v="-30.9203"/>
  </node>
  <node id="4637" lat="36.84348543056" lon="128.09365727239">
    <tag k="local_x" v="97.4206"/>
    <tag k="local_y" v="-9.7912"/>
    <tag k="ele" v="-30.9203"/>
  </node>
  <node id="4638" lat="36.84348685123" lon="128.09366264713">
    <tag k="local_x" v="97.8998"/>
    <tag k="local_y" v="-9.6336"/>
    <tag k="ele" v="-30.9203"/>
  </node>
  <node id="4639" lat="36.84348831245" lon="128.09366800505">
    <tag k="local_x" v="98.3775"/>
    <tag k="local_y" v="-9.4715"/>
    <tag k="ele" v="-30.9203"/>
  </node>
  <node id="4640" lat="36.84348981244" lon="128.09367334502">
    <tag k="local_x" v="98.8536"/>
    <tag k="local_y" v="-9.3051"/>
    <tag k="ele" v="-30.9203"/>
  </node>
  <node id="4641" lat="36.843491353" lon="128.09367866593">
    <tag k="local_x" v="99.328"/>
    <tag k="local_y" v="-9.1342"/>
    <tag k="ele" v="-30.9203"/>
  </node>
  <node id="4642" lat="36.84349293232" lon="128.09368396777">
    <tag k="local_x" v="99.8007"/>
    <tag k="local_y" v="-8.959"/>
    <tag k="ele" v="-30.9203"/>
  </node>
  <node id="4643" lat="36.84349455131" lon="128.09368925055">
    <tag k="local_x" v="100.2717"/>
    <tag k="local_y" v="-8.7794"/>
    <tag k="ele" v="-30.9203"/>
  </node>
  <node id="4644" lat="36.84349619193" lon="128.09369445369">
    <tag k="local_x" v="100.7356"/>
    <tag k="local_y" v="-8.5974"/>
    <tag k="ele" v="-30.9203"/>
  </node>
  <node id="4648" lat="36.84338091731" lon="128.09374142242">
    <tag k="local_x" v="104.9234"/>
    <tag k="local_y" v="-21.3848"/>
    <tag k="ele" v="-30.2998"/>
  </node>
  <node id="4649" lat="36.84338986278" lon="128.09389183382">
    <tag k="local_x" v="118.3338"/>
    <tag k="local_y" v="-20.3923"/>
    <tag k="ele" v="-30.1423"/>
  </node>
  <node id="4651" lat="36.84340252818" lon="128.09374015983">
    <tag k="local_x" v="104.8108"/>
    <tag k="local_y" v="-18.9875"/>
    <tag k="ele" v="-30.2998"/>
  </node>
  <node id="4652" lat="36.84341147366" lon="128.09389057127">
    <tag k="local_x" v="118.2212"/>
    <tag k="local_y" v="-17.995"/>
    <tag k="ele" v="-30.1423"/>
  </node>
  <node id="4671" lat="36.84343607294" lon="128.09361421562">
    <tag k="local_x" v="93.5818"/>
    <tag k="local_y" v="-15.2665"/>
    <tag k="ele" v="-30.5505"/>
  </node>
  <node id="4672" lat="36.84342734846" lon="128.09362380071">
    <tag k="local_x" v="94.4364"/>
    <tag k="local_y" v="-16.2343"/>
    <tag k="ele" v="-30.5249"/>
  </node>
  <node id="4674" lat="36.84345080634" lon="128.09363392798">
    <tag k="local_x" v="95.3393"/>
    <tag k="local_y" v="-13.6321"/>
    <tag k="ele" v="-30.5505"/>
  </node>
  <node id="4675" lat="36.84344280033" lon="128.09364273582">
    <tag k="local_x" v="96.1246"/>
    <tag k="local_y" v="-14.5202"/>
    <tag k="ele" v="-30.5275"/>
  </node>
  <node id="4678" lat="36.84338487072" lon="128.09369145513">
    <tag k="local_x" v="100.4684"/>
    <tag k="local_y" v="-20.9463"/>
    <tag k="ele" v="-30.3409"/>
  </node>
  <node id="4679" lat="36.84340377706" lon="128.09370454226">
    <tag k="local_x" v="101.6352"/>
    <tag k="local_y" v="-18.849"/>
    <tag k="ele" v="-30.3409"/>
  </node>
  <node id="4680" lat="36.84340268806" lon="128.09370720829">
    <tag k="local_x" v="101.8729"/>
    <tag k="local_y" v="-18.9698"/>
    <tag k="ele" v="-30.3409"/>
  </node>
  <node id="4681" lat="36.84340148817" lon="128.09371165542">
    <tag k="local_x" v="102.2694"/>
    <tag k="local_y" v="-19.1029"/>
    <tag k="ele" v="-30.3409"/>
  </node>
  <node id="4682" lat="36.84340089767" lon="128.0937154296">
    <tag k="local_x" v="102.6059"/>
    <tag k="local_y" v="-19.1684"/>
    <tag k="ele" v="-30.3409"/>
  </node>
  <node id="4683" lat="36.84340066775" lon="128.09372011117">
    <tag k="local_x" v="103.0233"/>
    <tag k="local_y" v="-19.1939"/>
    <tag k="ele" v="-30.3409"/>
  </node>
  <node id="4684" lat="36.84338213831" lon="128.09369878924">
    <tag k="local_x" v="101.1223"/>
    <tag k="local_y" v="-21.2494"/>
    <tag k="ele" v="-30.3409"/>
  </node>
  <node id="4685" lat="36.84338055437" lon="128.09370485933">
    <tag k="local_x" v="101.6635"/>
    <tag k="local_y" v="-21.4251"/>
    <tag k="ele" v="-30.3409"/>
  </node>
  <node id="4686" lat="36.8433794437" lon="128.09371195456">
    <tag k="local_x" v="102.2961"/>
    <tag k="local_y" v="-21.5483"/>
    <tag k="ele" v="-30.3409"/>
  </node>
  <node id="4687" lat="36.84337908125" lon="128.09371832189">
    <tag k="local_x" v="102.8638"/>
    <tag k="local_y" v="-21.5885"/>
    <tag k="ele" v="-30.3409"/>
  </node>
  <node id="4691" lat="36.8434346555" lon="128.09365135073">
    <tag k="local_x" v="96.8927"/>
    <tag k="local_y" v="-15.4237"/>
    <tag k="ele" v="-30.5054"/>
  </node>
  <node id="4692" lat="36.84342667293" lon="128.09366019669">
    <tag k="local_x" v="97.6814"/>
    <tag k="local_y" v="-16.3092"/>
    <tag k="ele" v="-30.4822"/>
  </node>
  <node id="4693" lat="36.84341926008" lon="128.09366976946">
    <tag k="local_x" v="98.5349"/>
    <tag k="local_y" v="-17.1315"/>
    <tag k="ele" v="-30.4554"/>
  </node>
  <node id="4694" lat="36.84341315435" lon="128.09368066013">
    <tag k="local_x" v="99.5059"/>
    <tag k="local_y" v="-17.8088"/>
    <tag k="ele" v="-30.4213"/>
  </node>
  <node id="4695" lat="36.84340838998" lon="128.09369255577">
    <tag k="local_x" v="100.5665"/>
    <tag k="local_y" v="-18.3373"/>
    <tag k="ele" v="-30.3814"/>
  </node>
  <node id="4696" lat="36.84341849597" lon="128.09363320971">
    <tag k="local_x" v="95.2753"/>
    <tag k="local_y" v="-17.2163"/>
    <tag k="ele" v="-30.4998"/>
  </node>
  <node id="4697" lat="36.84340991392" lon="128.09364299332">
    <tag k="local_x" v="96.1476"/>
    <tag k="local_y" v="-18.1683"/>
    <tag k="ele" v="-30.4737"/>
  </node>
  <node id="4698" lat="36.84340214137" lon="128.09365376171">
    <tag k="local_x" v="97.1077"/>
    <tag k="local_y" v="-19.0305"/>
    <tag k="ele" v="-30.4446"/>
  </node>
  <node id="4699" lat="36.84339575888" lon="128.09366586034">
    <tag k="local_x" v="98.1864"/>
    <tag k="local_y" v="-19.7385"/>
    <tag k="ele" v="-30.4114"/>
  </node>
  <node id="4700" lat="36.84339032562" lon="128.09367866559">
    <tag k="local_x" v="99.3281"/>
    <tag k="local_y" v="-20.3412"/>
    <tag k="ele" v="-30.3761"/>
  </node>
  <node id="4701" lat="36.84374037061" lon="128.09357407859">
    <tag k="local_x" v="90.0029"/>
    <tag k="local_y" v="18.4893"/>
    <tag k="ele" v="-30.9953"/>
  </node>
  <node id="4703" lat="36.84375016344" lon="128.09355007521">
    <tag k="local_x" v="87.8628"/>
    <tag k="local_y" v="19.5756"/>
    <tag k="ele" v="-30.9953"/>
  </node>
  <node id="4706" lat="36.84349405115" lon="128.09357120405">
    <tag k="local_x" v="89.7469"/>
    <tag k="local_y" v="-8.835"/>
    <tag k="ele" v="-30.9203"/>
  </node>
  <node id="4707" lat="36.84349282871" lon="128.093577614">
    <tag k="local_x" v="90.3184"/>
    <tag k="local_y" v="-8.9706"/>
    <tag k="ele" v="-30.9203"/>
  </node>
  <node id="4708" lat="36.84349056055" lon="128.09358487971">
    <tag k="local_x" v="90.9662"/>
    <tag k="local_y" v="-9.2222"/>
    <tag k="ele" v="-30.9203"/>
  </node>
  <node id="4709" lat="36.84348741348" lon="128.09359147918">
    <tag k="local_x" v="91.5546"/>
    <tag k="local_y" v="-9.5713"/>
    <tag k="ele" v="-30.9203"/>
  </node>
  <node id="4710" lat="36.84348403023" lon="128.09359637381">
    <tag k="local_x" v="91.991"/>
    <tag k="local_y" v="-9.9466"/>
    <tag k="ele" v="-30.9203"/>
  </node>
  <node id="4711" lat="36.84346778965" lon="128.09356754055">
    <tag k="local_x" v="89.4203"/>
    <tag k="local_y" v="-11.7482"/>
    <tag k="ele" v="-30.9203"/>
  </node>
  <node id="4712" lat="36.84346807087" lon="128.09357158169">
    <tag k="local_x" v="89.7806"/>
    <tag k="local_y" v="-11.717"/>
    <tag k="ele" v="-30.9203"/>
  </node>
  <node id="4713" lat="36.8434680429" lon="128.09357443617">
    <tag k="local_x" v="90.0351"/>
    <tag k="local_y" v="-11.7201"/>
    <tag k="ele" v="-30.9203"/>
  </node>
  <node id="4714" lat="36.84346760116" lon="128.09357735682">
    <tag k="local_x" v="90.2955"/>
    <tag k="local_y" v="-11.7691"/>
    <tag k="ele" v="-30.9203"/>
  </node>
  <node id="4715" lat="36.84346619845" lon="128.09358112987">
    <tag k="local_x" v="90.6319"/>
    <tag k="local_y" v="-11.9247"/>
    <tag k="ele" v="-30.9203"/>
  </node>
  <node id="4719" lat="36.84341407491" lon="128.09392471737">
    <tag k="local_x" v="121.2656"/>
    <tag k="local_y" v="-17.7064"/>
    <tag k="ele" v="-30.073"/>
  </node>
  <node id="4720" lat="36.84341323196" lon="128.09393141219">
    <tag k="local_x" v="121.8625"/>
    <tag k="local_y" v="-17.7999"/>
    <tag k="ele" v="-30.073"/>
  </node>
  <node id="4721" lat="36.84341117202" lon="128.09393897175">
    <tag k="local_x" v="122.5365"/>
    <tag k="local_y" v="-18.0284"/>
    <tag k="ele" v="-30.073"/>
  </node>
  <node id="4722" lat="36.84340805917" lon="128.09394595255">
    <tag k="local_x" v="123.1589"/>
    <tag k="local_y" v="-18.3737"/>
    <tag k="ele" v="-30.073"/>
  </node>
  <node id="4723" lat="36.84340399439" lon="128.09395212914">
    <tag k="local_x" v="123.7096"/>
    <tag k="local_y" v="-18.8246"/>
    <tag k="ele" v="-30.073"/>
  </node>
  <node id="4724" lat="36.84339910838" lon="128.093957303">
    <tag k="local_x" v="124.1709"/>
    <tag k="local_y" v="-19.3666"/>
    <tag k="ele" v="-30.073"/>
  </node>
  <node id="4725" lat="36.8433935571" lon="128.09396130701">
    <tag k="local_x" v="124.5279"/>
    <tag k="local_y" v="-19.9824"/>
    <tag k="ele" v="-30.073"/>
  </node>
  <node id="4726" lat="36.84338752174" lon="128.09396401333">
    <tag k="local_x" v="124.7692"/>
    <tag k="local_y" v="-20.6519"/>
    <tag k="ele" v="-30.073"/>
  </node>
  <node id="4727" lat="36.84338119343" lon="128.09396533446">
    <tag k="local_x" v="124.887"/>
    <tag k="local_y" v="-21.3539"/>
    <tag k="ele" v="-30.073"/>
  </node>
  <node id="4728" lat="36.84337477769" lon="128.09396522779">
    <tag k="local_x" v="124.8775"/>
    <tag k="local_y" v="-22.0656"/>
    <tag k="ele" v="-30.073"/>
  </node>
  <node id="4729" lat="36.84336848097" lon="128.09396369781">
    <tag k="local_x" v="124.7411"/>
    <tag k="local_y" v="-22.7641"/>
    <tag k="ele" v="-30.073"/>
  </node>
  <node id="4730" lat="36.84336250518" lon="128.09396079163">
    <tag k="local_x" v="124.482"/>
    <tag k="local_y" v="-23.427"/>
    <tag k="ele" v="-30.073"/>
  </node>
  <node id="4731" lat="36.84335704234" lon="128.0939566046">
    <tag k="local_x" v="124.1087"/>
    <tag k="local_y" v="-24.033"/>
    <tag k="ele" v="-30.073"/>
  </node>
  <node id="4732" lat="36.84335226913" lon="128.09395127018">
    <tag k="local_x" v="123.6331"/>
    <tag k="local_y" v="-24.5625"/>
    <tag k="ele" v="-30.073"/>
  </node>
  <node id="4733" lat="36.84334833791" lon="128.0939449611">
    <tag k="local_x" v="123.0706"/>
    <tag k="local_y" v="-24.9986"/>
    <tag k="ele" v="-30.073"/>
  </node>
  <node id="4734" lat="36.84334537577" lon="128.09393787926">
    <tag k="local_x" v="122.4392"/>
    <tag k="local_y" v="-25.3272"/>
    <tag k="ele" v="-30.073"/>
  </node>
  <node id="4735" lat="36.84334372346" lon="128.09393142329">
    <tag k="local_x" v="121.8636"/>
    <tag k="local_y" v="-25.5105"/>
    <tag k="ele" v="-30.073"/>
  </node>
  <node id="4736" lat="36.84339267413" lon="128.09392076671">
    <tag k="local_x" v="120.9134"/>
    <tag k="local_y" v="-20.0804"/>
    <tag k="ele" v="-30.073"/>
  </node>
  <node id="4737" lat="36.84339220261" lon="128.09392508935">
    <tag k="local_x" v="121.2988"/>
    <tag k="local_y" v="-20.1327"/>
    <tag k="ele" v="-30.073"/>
  </node>
  <node id="4738" lat="36.84339138855" lon="128.09392807728">
    <tag k="local_x" v="121.5652"/>
    <tag k="local_y" v="-20.223"/>
    <tag k="ele" v="-30.073"/>
  </node>
  <node id="4739" lat="36.84339015802" lon="128.09393083528">
    <tag k="local_x" v="121.8111"/>
    <tag k="local_y" v="-20.3595"/>
    <tag k="ele" v="-30.073"/>
  </node>
  <node id="4740" lat="36.84338855158" lon="128.09393327585">
    <tag k="local_x" v="122.0287"/>
    <tag k="local_y" v="-20.5377"/>
    <tag k="ele" v="-30.073"/>
  </node>
  <node id="4741" lat="36.84338662061" lon="128.0939353205">
    <tag k="local_x" v="122.211"/>
    <tag k="local_y" v="-20.7519"/>
    <tag k="ele" v="-30.073"/>
  </node>
  <node id="4742" lat="36.84338442733" lon="128.09393690304">
    <tag k="local_x" v="122.3521"/>
    <tag k="local_y" v="-20.9952"/>
    <tag k="ele" v="-30.073"/>
  </node>
  <node id="4743" lat="36.84338204203" lon="128.09393797301">
    <tag k="local_x" v="122.4475"/>
    <tag k="local_y" v="-21.2598"/>
    <tag k="ele" v="-30.073"/>
  </node>
  <node id="4744" lat="36.84337954136" lon="128.09393849451">
    <tag k="local_x" v="122.494"/>
    <tag k="local_y" v="-21.5372"/>
    <tag k="ele" v="-30.073"/>
  </node>
  <node id="4745" lat="36.84337700553" lon="128.09393845296">
    <tag k="local_x" v="122.4903"/>
    <tag k="local_y" v="-21.8185"/>
    <tag k="ele" v="-30.073"/>
  </node>
  <node id="4746" lat="36.84337451749" lon="128.09393784725">
    <tag k="local_x" v="122.4363"/>
    <tag k="local_y" v="-22.0945"/>
    <tag k="ele" v="-30.073"/>
  </node>
  <node id="4747" lat="36.84337215566" lon="128.09393669981">
    <tag k="local_x" v="122.334"/>
    <tag k="local_y" v="-22.3565"/>
    <tag k="ele" v="-30.073"/>
  </node>
  <node id="4748" lat="36.84336999667" lon="128.09393504429">
    <tag k="local_x" v="122.1864"/>
    <tag k="local_y" v="-22.596"/>
    <tag k="ele" v="-30.073"/>
  </node>
  <node id="4749" lat="36.84336811082" lon="128.09393293677">
    <tag k="local_x" v="121.9985"/>
    <tag k="local_y" v="-22.8052"/>
    <tag k="ele" v="-30.073"/>
  </node>
  <node id="4750" lat="36.84336655672" lon="128.09393044342">
    <tag k="local_x" v="121.7762"/>
    <tag k="local_y" v="-22.9776"/>
    <tag k="ele" v="-30.073"/>
  </node>
  <node id="4751" lat="36.84336538665" lon="128.093927645">
    <tag k="local_x" v="121.5267"/>
    <tag k="local_y" v="-23.1074"/>
    <tag k="ele" v="-30.073"/>
  </node>
  <node id="4752" lat="36.84336439148" lon="128.09392346254">
    <tag k="local_x" v="121.1538"/>
    <tag k="local_y" v="-23.2178"/>
    <tag k="ele" v="-30.073"/>
  </node>
  <node id="5278" lat="36.8435995971" lon="128.09397376169">
    <tag k="local_x" v="125.638"/>
    <tag k="local_y" v="2.8737"/>
    <tag k="ele" v="-29.171"/>
  </node>
  <node id="5279" lat="36.8436009907" lon="128.09397947181">
    <tag k="local_x" v="126.1471"/>
    <tag k="local_y" v="3.0283"/>
    <tag k="ele" v="-29.171"/>
  </node>
  <node id="5280" lat="36.84360243754" lon="128.09398081328">
    <tag k="local_x" v="126.2667"/>
    <tag k="local_y" v="3.1888"/>
    <tag k="ele" v="-29.171"/>
  </node>
  <node id="5281" lat="36.84360409983" lon="128.09398168928">
    <tag k="local_x" v="126.3448"/>
    <tag k="local_y" v="3.3732"/>
    <tag k="ele" v="-29.171"/>
  </node>
  <node id="5282" lat="36.84360588113" lon="128.09398204823">
    <tag k="local_x" v="126.3768"/>
    <tag k="local_y" v="3.5708"/>
    <tag k="ele" v="-29.171"/>
  </node>
  <node id="5283" lat="36.84360767955" lon="128.09398186992">
    <tag k="local_x" v="126.3609"/>
    <tag k="local_y" v="3.7703"/>
    <tag k="ele" v="-29.171"/>
  </node>
  <node id="5284" lat="36.84360939325" lon="128.09398116447">
    <tag k="local_x" v="126.298"/>
    <tag k="local_y" v="3.9604"/>
    <tag k="ele" v="-29.171"/>
  </node>
  <node id="5285" lat="36.84361092305" lon="128.09397997335">
    <tag k="local_x" v="126.1918"/>
    <tag k="local_y" v="4.1301"/>
    <tag k="ele" v="-29.171"/>
  </node>
  <node id="5286" lat="36.84361218062" lon="128.09397836275">
    <tag k="local_x" v="126.0482"/>
    <tag k="local_y" v="4.2696"/>
    <tag k="ele" v="-29.171"/>
  </node>
  <node id="5287" lat="36.84361309473" lon="128.09397642687">
    <tag k="local_x" v="125.8756"/>
    <tag k="local_y" v="4.371"/>
    <tag k="ele" v="-29.171"/>
  </node>
  <node id="5288" lat="36.8436136131" lon="128.09397427565">
    <tag k="local_x" v="125.6838"/>
    <tag k="local_y" v="4.4285"/>
    <tag k="ele" v="-29.171"/>
  </node>
  <node id="5289" lat="36.84361369428" lon="128.09397041957">
    <tag k="local_x" v="125.34"/>
    <tag k="local_y" v="4.4375"/>
    <tag k="ele" v="-29.171"/>
  </node>
  <node id="5290" lat="36.84358234914" lon="128.09399003025">
    <tag k="local_x" v="127.0885"/>
    <tag k="local_y" v="0.9604"/>
    <tag k="ele" v="-29.171"/>
  </node>
  <node id="5291" lat="36.84358603247" lon="128.0939954286">
    <tag k="local_x" v="127.5698"/>
    <tag k="local_y" v="1.369"/>
    <tag k="ele" v="-29.171"/>
  </node>
  <node id="5292" lat="36.84359163322" lon="128.09400062286">
    <tag k="local_x" v="128.0329"/>
    <tag k="local_y" v="1.9903"/>
    <tag k="ele" v="-29.171"/>
  </node>
  <node id="5293" lat="36.84359806514" lon="128.09400401247">
    <tag k="local_x" v="128.3351"/>
    <tag k="local_y" v="2.7038"/>
    <tag k="ele" v="-29.171"/>
  </node>
  <node id="5294" lat="36.84360496045" lon="128.09400540114">
    <tag k="local_x" v="128.4589"/>
    <tag k="local_y" v="3.4687"/>
    <tag k="ele" v="-29.171"/>
  </node>
  <node id="5295" lat="36.84361192429" lon="128.09400471148">
    <tag k="local_x" v="128.3974"/>
    <tag k="local_y" v="4.2412"/>
    <tag k="ele" v="-29.171"/>
  </node>
  <node id="5296" lat="36.84361855641" lon="128.09400198162">
    <tag k="local_x" v="128.154"/>
    <tag k="local_y" v="4.9769"/>
    <tag k="ele" v="-29.171"/>
  </node>
  <node id="5297" lat="36.8436244764" lon="128.09399736857">
    <tag k="local_x" v="127.7427"/>
    <tag k="local_y" v="5.6336"/>
    <tag k="ele" v="-29.171"/>
  </node>
  <node id="5298" lat="36.84362934529" lon="128.09399113702">
    <tag k="local_x" v="127.1871"/>
    <tag k="local_y" v="6.1737"/>
    <tag k="ele" v="-29.171"/>
  </node>
  <node id="5299" lat="36.84363288454" lon="128.09398364365">
    <tag k="local_x" v="126.519"/>
    <tag k="local_y" v="6.5663"/>
    <tag k="ele" v="-29.171"/>
  </node>
  <node id="5300" lat="36.8436348895" lon="128.09397531801">
    <tag k="local_x" v="125.7767"/>
    <tag k="local_y" v="6.7887"/>
    <tag k="ele" v="-29.171"/>
  </node>
  <node id="5301" lat="36.84363525829" lon="128.0939682519">
    <tag k="local_x" v="125.1467"/>
    <tag k="local_y" v="6.8296"/>
    <tag k="ele" v="-29.171"/>
  </node>
  <node id="5305" lat="36.84398533494" lon="128.09262120992">
    <tag k="local_x" v="5.0472"/>
    <tag k="local_y" v="45.6628"/>
    <tag k="ele" v="-33.7577"/>
  </node>
  <node id="5306" lat="36.8439845101" lon="128.09262556401">
    <tag k="local_x" v="5.4354"/>
    <tag k="local_y" v="45.5713"/>
    <tag k="ele" v="-33.7628"/>
  </node>
  <node id="5307" lat="36.84398436135" lon="128.09263014242">
    <tag k="local_x" v="5.8436"/>
    <tag k="local_y" v="45.5548"/>
    <tag k="ele" v="-33.8907"/>
  </node>
  <node id="5308" lat="36.84398458581" lon="128.09263480832">
    <tag k="local_x" v="6.2596"/>
    <tag k="local_y" v="45.5797"/>
    <tag k="ele" v="-33.9931"/>
  </node>
  <node id="5309" lat="36.84397094393" lon="128.09261017999">
    <tag k="local_x" v="4.0638"/>
    <tag k="local_y" v="44.0664"/>
    <tag k="ele" v="-33.7463"/>
  </node>
  <node id="5310" lat="36.84397103408" lon="128.09261529117">
    <tag k="local_x" v="4.5195"/>
    <tag k="local_y" v="44.0764"/>
    <tag k="ele" v="-33.7412"/>
  </node>
  <node id="5311" lat="36.84397124321" lon="128.09262040571">
    <tag k="local_x" v="4.9755"/>
    <tag k="local_y" v="44.0996"/>
    <tag k="ele" v="-33.7387"/>
  </node>
  <node id="5312" lat="36.84397127025" lon="128.09262552362">
    <tag k="local_x" v="5.4318"/>
    <tag k="local_y" v="44.1026"/>
    <tag k="ele" v="-33.7451"/>
  </node>
  <node id="5313" lat="36.84396721185" lon="128.09250758407">
    <tag k="local_x" v="-5.0834"/>
    <tag k="local_y" v="43.6524"/>
    <tag k="ele" v="-33.8771"/>
  </node>
  <node id="5314" lat="36.84396763555" lon="128.09251412194">
    <tag k="local_x" v="-4.5005"/>
    <tag k="local_y" v="43.6994"/>
    <tag k="ele" v="-33.8856"/>
  </node>
  <node id="5315" lat="36.84396765538" lon="128.09252070355">
    <tag k="local_x" v="-3.9137"/>
    <tag k="local_y" v="43.7016"/>
    <tag k="ele" v="-33.8988"/>
  </node>
  <node id="5316" lat="36.84396748591" lon="128.0925272717">
    <tag k="local_x" v="-3.3281"/>
    <tag k="local_y" v="43.6828"/>
    <tag k="ele" v="-33.9137"/>
  </node>
  <node id="5317" lat="36.84396726144" lon="128.09253383648">
    <tag k="local_x" v="-2.7428"/>
    <tag k="local_y" v="43.6579"/>
    <tag k="ele" v="-33.929"/>
  </node>
  <node id="5318" lat="36.84398567931" lon="128.09252150212">
    <tag k="local_x" v="-3.8425"/>
    <tag k="local_y" v="45.701"/>
    <tag k="ele" v="-33.9702"/>
  </node>
  <node id="5319" lat="36.84398656725" lon="128.09253025181">
    <tag k="local_x" v="-3.0624"/>
    <tag k="local_y" v="45.7995"/>
    <tag k="ele" v="-33.98"/>
  </node>
  <node id="5320" lat="36.84398963134" lon="128.09257577573">
    <tag k="local_x" v="0.9964"/>
    <tag k="local_y" v="46.1394"/>
    <tag k="ele" v="-33.9224"/>
  </node>
  <node id="5321" lat="36.84399004512" lon="128.0925849662">
    <tag k="local_x" v="1.8158"/>
    <tag k="local_y" v="46.1853"/>
    <tag k="ele" v="-33.8775"/>
  </node>
  <node id="5322" lat="36.84399038857" lon="128.0925941735">
    <tag k="local_x" v="2.6367"/>
    <tag k="local_y" v="46.2234"/>
    <tag k="ele" v="-33.8736"/>
  </node>
  <node id="5323" lat="36.84396986038" lon="128.09257739645">
    <tag k="local_x" v="1.1409"/>
    <tag k="local_y" v="43.9462"/>
    <tag k="ele" v="-33.937"/>
  </node>
  <node id="5324" lat="36.84397034536" lon="128.09258666656">
    <tag k="local_x" v="1.9674"/>
    <tag k="local_y" v="44"/>
    <tag k="ele" v="-33.9482"/>
  </node>
  <node id="5325" lat="36.8439708015" lon="128.09259589517">
    <tag k="local_x" v="2.7902"/>
    <tag k="local_y" v="44.0506"/>
    <tag k="ele" v="-33.8721"/>
  </node>
  <node id="5326" lat="36.84397153438" lon="128.09263057311">
    <tag k="local_x" v="5.882"/>
    <tag k="local_y" v="44.1319"/>
    <tag k="ele" v="-33.8137"/>
  </node>
  <node id="5327" lat="36.8439718526" lon="128.09263548352">
    <tag k="local_x" v="6.3198"/>
    <tag k="local_y" v="44.1672"/>
    <tag k="ele" v="-33.9243"/>
  </node>
  <node id="5328" lat="36.84396374115" lon="128.09269641834">
    <tag k="local_x" v="11.7526"/>
    <tag k="local_y" v="43.2674"/>
    <tag k="ele" v="-34.226"/>
  </node>
  <node id="5329" lat="36.84395878398" lon="128.09269493893">
    <tag k="local_x" v="11.6207"/>
    <tag k="local_y" v="42.7175"/>
    <tag k="ele" v="-34.2215"/>
  </node>
  <node id="5330" lat="36.84393577585" lon="128.09269324526">
    <tag k="local_x" v="11.4697"/>
    <tag k="local_y" v="40.1652"/>
    <tag k="ele" v="-34.1528"/>
  </node>
  <node id="5331" lat="36.84393140464" lon="128.09269302878">
    <tag k="local_x" v="11.4504"/>
    <tag k="local_y" v="39.6803"/>
    <tag k="ele" v="-34.1396"/>
  </node>
  <node id="5332" lat="36.84392692705" lon="128.09269381838">
    <tag k="local_x" v="11.5208"/>
    <tag k="local_y" v="39.1836"/>
    <tag k="ele" v="-34.1401"/>
  </node>
  <node id="5333" lat="36.84392244135" lon="128.09269421879">
    <tag k="local_x" v="11.5565"/>
    <tag k="local_y" v="38.686"/>
    <tag k="ele" v="-34.1007"/>
  </node>
  <node id="5334" lat="36.84330962935" lon="128.09286231426">
    <tag k="local_x" v="26.5437"/>
    <tag k="local_y" v="-29.2934"/>
    <tag k="ele" v="-29.3802"/>
  </node>
  <node id="5335" lat="36.84330928321" lon="128.09285407162">
    <tag k="local_x" v="25.8088"/>
    <tag k="local_y" v="-29.3318"/>
    <tag k="ele" v="-29.3595"/>
  </node>
  <node id="5336" lat="36.84333243376" lon="128.0928630546">
    <tag k="local_x" v="26.6097"/>
    <tag k="local_y" v="-26.7637"/>
    <tag k="ele" v="-29.4159"/>
  </node>
  <node id="5337" lat="36.84333224537" lon="128.09285651231">
    <tag k="local_x" v="26.0264"/>
    <tag k="local_y" v="-26.7846"/>
    <tag k="ele" v="-29.4039"/>
  </node>
  <node id="5366" lat="36.84397328592" lon="128.09265137898">
    <tag k="local_x" v="7.737"/>
    <tag k="local_y" v="44.3262"/>
    <tag k="ele" v="-34.1682"/>
  </node>
  <node id="5367" lat="36.84397359241" lon="128.09265505786">
    <tag k="local_x" v="8.065"/>
    <tag k="local_y" v="44.3602"/>
    <tag k="ele" v="-34.1981"/>
  </node>
  <node id="5368" lat="36.84398000187" lon="128.09260422425">
    <tag k="local_x" v="3.5328"/>
    <tag k="local_y" v="45.0712"/>
    <tag k="ele" v="-33.8208"/>
  </node>
  <node id="5369" lat="36.84397975036" lon="128.09260861984">
    <tag k="local_x" v="3.9247"/>
    <tag k="local_y" v="45.0433"/>
    <tag k="ele" v="-33.8063"/>
  </node>
  <node id="5370" lat="36.84397951237" lon="128.09261316124">
    <tag k="local_x" v="4.3296"/>
    <tag k="local_y" v="45.0169"/>
    <tag k="ele" v="-33.7905"/>
  </node>
  <node id="5371" lat="36.84397888946" lon="128.09261764768">
    <tag k="local_x" v="4.7296"/>
    <tag k="local_y" v="44.9478"/>
    <tag k="ele" v="-33.7613"/>
  </node>
  <node id="5372" lat="36.84397834315" lon="128.09264000025">
    <tag k="local_x" v="6.7225"/>
    <tag k="local_y" v="44.8872"/>
    <tag k="ele" v="-34.0375"/>
  </node>
  <node id="5378" lat="36.84397714963" lon="128.0925397182">
    <tag k="local_x" v="-2.2184"/>
    <tag k="local_y" v="44.7548"/>
    <tag k="ele" v="-33.9664"/>
  </node>
  <node id="5379" lat="36.84397793842" lon="128.09255046547">
    <tag k="local_x" v="-1.2602"/>
    <tag k="local_y" v="44.8423"/>
    <tag k="ele" v="-33.9557"/>
  </node>
  <node id="5380" lat="36.8439787254" lon="128.09256121386">
    <tag k="local_x" v="-0.3019"/>
    <tag k="local_y" v="44.9296"/>
    <tag k="ele" v="-33.9458"/>
  </node>
  <node id="5381" lat="36.8439794619" lon="128.09257196674">
    <tag k="local_x" v="0.6568"/>
    <tag k="local_y" v="45.0113"/>
    <tag k="ele" v="-33.9352"/>
  </node>
  <node id="5382" lat="36.84398004515" lon="128.09258273083">
    <tag k="local_x" v="1.6165"/>
    <tag k="local_y" v="45.076"/>
    <tag k="ele" v="-33.9185"/>
  </node>
  <node id="5383" lat="36.84398021462" lon="128.09259348932">
    <tag k="local_x" v="2.5757"/>
    <tag k="local_y" v="45.0948"/>
    <tag k="ele" v="-33.8796"/>
  </node>
  <node id="5385" lat="36.84397832153" lon="128.09262212851">
    <tag k="local_x" v="5.1291"/>
    <tag k="local_y" v="44.8848"/>
    <tag k="ele" v="-33.7512"/>
  </node>
  <node id="5386" lat="36.84397802134" lon="128.09262663514">
    <tag k="local_x" v="5.5309"/>
    <tag k="local_y" v="44.8515"/>
    <tag k="ele" v="-33.7976"/>
  </node>
  <node id="5387" lat="36.84397798978" lon="128.09263112046">
    <tag k="local_x" v="5.9308"/>
    <tag k="local_y" v="44.848"/>
    <tag k="ele" v="-33.8685"/>
  </node>
  <node id="5388" lat="36.84397821605" lon="128.09263557325">
    <tag k="local_x" v="6.3278"/>
    <tag k="local_y" v="44.8731"/>
    <tag k="ele" v="-33.95"/>
  </node>
  <node id="5395" lat="36.84395433075" lon="128.09268644945">
    <tag k="local_x" v="10.8638"/>
    <tag k="local_y" v="42.2235"/>
    <tag k="ele" v="-34.215"/>
  </node>
  <node id="5405" lat="36.84398654018" lon="128.09265546277">
    <tag k="local_x" v="8.1011"/>
    <tag k="local_y" v="45.7965"/>
    <tag k="ele" v="-34.196"/>
  </node>
  <node id="5406" lat="36.84398797892" lon="128.09265907773">
    <tag k="local_x" v="8.4234"/>
    <tag k="local_y" v="45.9561"/>
    <tag k="ele" v="-34.2116"/>
  </node>
  <node id="5432" lat="36.84394706943" lon="128.09268565085">
    <tag k="local_x" v="10.7926"/>
    <tag k="local_y" v="41.418"/>
    <tag k="ele" v="-34.1923"/>
  </node>
  <node id="5433" lat="36.84393980361" lon="128.09268501713">
    <tag k="local_x" v="10.7361"/>
    <tag k="local_y" v="40.612"/>
    <tag k="ele" v="-34.1696"/>
  </node>
  <node id="5434" lat="36.84393253419" lon="128.09268451913">
    <tag k="local_x" v="10.6917"/>
    <tag k="local_y" v="39.8056"/>
    <tag k="ele" v="-34.1453"/>
  </node>
  <node id="5435" lat="36.84392529" lon="128.09268452248">
    <tag k="local_x" v="10.692"/>
    <tag k="local_y" v="39.002"/>
    <tag k="ele" v="-34.1221"/>
  </node>
  <node id="5436" lat="36.84391817202" lon="128.09268398298">
    <tag k="local_x" v="10.6439"/>
    <tag k="local_y" v="38.2124"/>
    <tag k="ele" v="-33.9721"/>
  </node>
  <node id="5438" lat="36.84391028599" lon="128.09268353544">
    <tag k="local_x" v="10.604"/>
    <tag k="local_y" v="37.3376"/>
    <tag k="ele" v="-33.9689"/>
  </node>
  <node id="5439" lat="36.84390239996" lon="128.09268249794">
    <tag k="local_x" v="10.5115"/>
    <tag k="local_y" v="36.4628"/>
    <tag k="ele" v="-33.9548"/>
  </node>
  <node id="5440" lat="36.84389451032" lon="128.09268157597">
    <tag k="local_x" v="10.4293"/>
    <tag k="local_y" v="35.5876"/>
    <tag k="ele" v="-33.9318"/>
  </node>
  <node id="5441" lat="36.84388662519" lon="128.09268065848">
    <tag k="local_x" v="10.3475"/>
    <tag k="local_y" v="34.7129"/>
    <tag k="ele" v="-33.922"/>
  </node>
  <node id="5442" lat="36.8438787644" lon="128.09267977576">
    <tag k="local_x" v="10.2688"/>
    <tag k="local_y" v="33.8409"/>
    <tag k="ele" v="-33.8988"/>
  </node>
  <node id="5443" lat="36.8438708946" lon="128.0926787764">
    <tag k="local_x" v="10.1797"/>
    <tag k="local_y" v="32.9679"/>
    <tag k="ele" v="-33.8609"/>
  </node>
  <node id="6068" lat="36.84370026469" lon="128.09353365426">
    <tag k="local_x" v="86.3988"/>
    <tag k="local_y" v="14.0403"/>
    <tag k="ele" v="-31.1188"/>
  </node>
  <node id="6069" lat="36.84370776485" lon="128.0935383909">
    <tag k="local_x" v="86.8211"/>
    <tag k="local_y" v="14.8723"/>
    <tag k="ele" v="-31.0982"/>
  </node>
  <node id="6070" lat="36.84371526502" lon="128.09354312866">
    <tag k="local_x" v="87.2435"/>
    <tag k="local_y" v="15.7043"/>
    <tag k="ele" v="-31.0776"/>
  </node>
  <node id="6071" lat="36.84372276608" lon="128.0935478653">
    <tag k="local_x" v="87.6658"/>
    <tag k="local_y" v="16.5364"/>
    <tag k="ele" v="-31.057"/>
  </node>
  <node id="6072" lat="36.84373026625" lon="128.09355260306">
    <tag k="local_x" v="88.0882"/>
    <tag k="local_y" v="17.3684"/>
    <tag k="ele" v="-31.0365"/>
  </node>
  <node id="6073" lat="36.84373776641" lon="128.0935573397">
    <tag k="local_x" v="88.5105"/>
    <tag k="local_y" v="18.2004"/>
    <tag k="ele" v="-31.0159"/>
  </node>
  <node id="6074" lat="36.84374526748" lon="128.09356207746">
    <tag k="local_x" v="88.9329"/>
    <tag k="local_y" v="19.0325"/>
    <tag k="ele" v="-30.9953"/>
  </node>
  <node id="6076" lat="36.84353920808" lon="128.09257716757">
    <tag k="local_x" v="1.1205"/>
    <tag k="local_y" v="-3.8262"/>
    <tag k="ele" v="-29.6629"/>
  </node>
  <node id="6077" lat="36.843544817" lon="128.09257324644">
    <tag k="local_x" v="0.7709"/>
    <tag k="local_y" v="-3.204"/>
    <tag k="ele" v="-29.6832"/>
  </node>
  <node id="6078" lat="36.84355042503" lon="128.09256932644">
    <tag k="local_x" v="0.4214"/>
    <tag k="local_y" v="-2.5819"/>
    <tag k="ele" v="-29.7035"/>
  </node>
  <node id="6079" lat="36.84355603396" lon="128.09256540531">
    <tag k="local_x" v="0.0718"/>
    <tag k="local_y" v="-1.9597"/>
    <tag k="ele" v="-29.7238"/>
  </node>
  <node id="6081" lat="36.84385521979" lon="128.0923705281">
    <tag k="local_x" v="-17.303"/>
    <tag k="local_y" v="31.2291"/>
    <tag k="ele" v="-32.7667"/>
  </node>
  <node id="6082" lat="36.84386238825" lon="128.09236587565">
    <tag k="local_x" v="-17.7178"/>
    <tag k="local_y" v="32.0243"/>
    <tag k="ele" v="-32.8292"/>
  </node>
  <node id="6083" lat="36.84386955671" lon="128.09236122319">
    <tag k="local_x" v="-18.1326"/>
    <tag k="local_y" v="32.8195"/>
    <tag k="ele" v="-32.8916"/>
  </node>
  <node id="6084" lat="36.84387672606" lon="128.09235657186">
    <tag k="local_x" v="-18.5473"/>
    <tag k="local_y" v="33.6148"/>
    <tag k="ele" v="-32.9541"/>
  </node>
  <node id="6085" lat="36.84388389452" lon="128.09235191941">
    <tag k="local_x" v="-18.9621"/>
    <tag k="local_y" v="34.41"/>
    <tag k="ele" v="-33.0166"/>
  </node>
  <node id="6087" lat="36.84370133684" lon="128.09246689464">
    <tag k="local_x" v="-8.7112"/>
    <tag k="local_y" v="14.1588"/>
    <tag k="ele" v="-30.9387"/>
  </node>
  <node id="6088" lat="36.84370897316" lon="128.09246193377">
    <tag k="local_x" v="-9.1535"/>
    <tag k="local_y" v="15.0059"/>
    <tag k="ele" v="-31.0367"/>
  </node>
  <node id="6089" lat="36.84371660858" lon="128.09245697289">
    <tag k="local_x" v="-9.5958"/>
    <tag k="local_y" v="15.8529"/>
    <tag k="ele" v="-31.1347"/>
  </node>
  <node id="6090" lat="36.84372424309" lon="128.09245200753">
    <tag k="local_x" v="-10.0385"/>
    <tag k="local_y" v="16.6998"/>
    <tag k="ele" v="-31.2321"/>
  </node>
  <node id="6091" lat="36.8437318731" lon="128.09244701974">
    <tag k="local_x" v="-10.4832"/>
    <tag k="local_y" v="17.5462"/>
    <tag k="ele" v="-31.3241"/>
  </node>
  <node id="6092" lat="36.84373950311" lon="128.09244203194">
    <tag k="local_x" v="-10.9279"/>
    <tag k="local_y" v="18.3926"/>
    <tag k="ele" v="-31.416"/>
  </node>
  <node id="6093" lat="36.84374725572" lon="128.09243733351">
    <tag k="local_x" v="-11.3468"/>
    <tag k="local_y" v="19.2526"/>
    <tag k="ele" v="-31.5004"/>
  </node>
  <node id="6094" lat="36.84375504529" lon="128.09243272931">
    <tag k="local_x" v="-11.7573"/>
    <tag k="local_y" v="20.1167"/>
    <tag k="ele" v="-31.5842"/>
  </node>
  <node id="6095" lat="36.84376283396" lon="128.0924281251">
    <tag k="local_x" v="-12.1678"/>
    <tag k="local_y" v="20.9807"/>
    <tag k="ele" v="-31.6711"/>
  </node>
  <node id="6096" lat="36.84377062172" lon="128.09242352201">
    <tag k="local_x" v="-12.5782"/>
    <tag k="local_y" v="21.8446"/>
    <tag k="ele" v="-31.7602"/>
  </node>
  <node id="6097" lat="36.84377840949" lon="128.09241891779">
    <tag k="local_x" v="-12.9887"/>
    <tag k="local_y" v="22.7085"/>
    <tag k="ele" v="-31.8494"/>
  </node>
  <node id="6098" lat="36.84378620537" lon="128.09241430909">
    <tag k="local_x" v="-13.3996"/>
    <tag k="local_y" v="23.5733"/>
    <tag k="ele" v="-31.9266"/>
  </node>
  <node id="6099" lat="36.84379400395" lon="128.09240969927">
    <tag k="local_x" v="-13.8106"/>
    <tag k="local_y" v="24.4384"/>
    <tag k="ele" v="-32.0013"/>
  </node>
  <node id="6100" lat="36.84380180073" lon="128.09240509057">
    <tag k="local_x" v="-14.2215"/>
    <tag k="local_y" v="25.3033"/>
    <tag k="ele" v="-32.077"/>
  </node>
  <node id="6101" lat="36.84380959661" lon="128.09240048187">
    <tag k="local_x" v="-14.6324"/>
    <tag k="local_y" v="26.1681"/>
    <tag k="ele" v="-32.1545"/>
  </node>
  <node id="6102" lat="36.84381739339" lon="128.09239587316">
    <tag k="local_x" v="-15.0433"/>
    <tag k="local_y" v="27.033"/>
    <tag k="ele" v="-32.2319"/>
  </node>
  <node id="6103" lat="36.84382517755" lon="128.09239127119">
    <tag k="local_x" v="-15.4536"/>
    <tag k="local_y" v="27.8965"/>
    <tag k="ele" v="-32.3253"/>
  </node>
  <node id="6104" lat="36.8438329599" lon="128.09238667146">
    <tag k="local_x" v="-15.8637"/>
    <tag k="local_y" v="28.7598"/>
    <tag k="ele" v="-32.4209"/>
  </node>
  <node id="6105" lat="36.84384056557" lon="128.09238169038">
    <tag k="local_x" v="-16.3078"/>
    <tag k="local_y" v="29.6035"/>
    <tag k="ele" v="-32.5264"/>
  </node>
  <node id="6106" lat="36.84384789268" lon="128.09237610924">
    <tag k="local_x" v="-16.8054"/>
    <tag k="local_y" v="30.4163"/>
    <tag k="ele" v="-32.6466"/>
  </node>
  <node id="6108" lat="36.84342735765" lon="128.09265640762">
    <tag k="local_x" v="8.1854"/>
    <tag k="local_y" v="-16.2338"/>
    <tag k="ele" v="-29.4389"/>
  </node>
  <node id="6109" lat="36.84343450899" lon="128.09265112937">
    <tag k="local_x" v="7.7148"/>
    <tag k="local_y" v="-15.4405"/>
    <tag k="ele" v="-29.4807"/>
  </node>
  <node id="6110" lat="36.84344165943" lon="128.09264585112">
    <tag k="local_x" v="7.2442"/>
    <tag k="local_y" v="-14.6473"/>
    <tag k="ele" v="-29.5225"/>
  </node>
  <node id="6111" lat="36.84344880716" lon="128.09264056277">
    <tag k="local_x" v="6.7727"/>
    <tag k="local_y" v="-13.8544"/>
    <tag k="ele" v="-29.5621"/>
  </node>
  <node id="6112" lat="36.84345594949" lon="128.09263524863">
    <tag k="local_x" v="6.2989"/>
    <tag k="local_y" v="-13.0621"/>
    <tag k="ele" v="-29.5668"/>
  </node>
  <node id="6113" lat="36.84346309181" lon="128.09262993336">
    <tag k="local_x" v="5.825"/>
    <tag k="local_y" v="-12.2698"/>
    <tag k="ele" v="-29.5716"/>
  </node>
  <node id="6114" lat="36.84347023504" lon="128.09262461809">
    <tag k="local_x" v="5.3511"/>
    <tag k="local_y" v="-11.4774"/>
    <tag k="ele" v="-29.5764"/>
  </node>
  <node id="6115" lat="36.84347737736" lon="128.09261930394">
    <tag k="local_x" v="4.8773"/>
    <tag k="local_y" v="-10.6851"/>
    <tag k="ele" v="-29.5811"/>
  </node>
  <node id="6116" lat="36.84348457558" lon="128.09261411316">
    <tag k="local_x" v="4.4145"/>
    <tag k="local_y" v="-9.8866"/>
    <tag k="ele" v="-29.5846"/>
  </node>
  <node id="6117" lat="36.84349197662" lon="128.09260937664">
    <tag k="local_x" v="3.9922"/>
    <tag k="local_y" v="-9.0656"/>
    <tag k="ele" v="-29.5888"/>
  </node>
  <node id="6118" lat="36.84349937676" lon="128.09260463899">
    <tag k="local_x" v="3.5698"/>
    <tag k="local_y" v="-8.2447"/>
    <tag k="ele" v="-29.5931"/>
  </node>
  <node id="6119" lat="36.84350677781" lon="128.09259990246">
    <tag k="local_x" v="3.1475"/>
    <tag k="local_y" v="-7.4237"/>
    <tag k="ele" v="-29.5973"/>
  </node>
  <node id="6121" lat="36.8435635576" lon="128.0925601147">
    <tag k="local_x" v="-0.3999"/>
    <tag k="local_y" v="-1.1251"/>
    <tag k="ele" v="-29.7742"/>
  </node>
  <node id="6122" lat="36.84357063051" lon="128.092555146">
    <tag k="local_x" v="-0.8429"/>
    <tag k="local_y" v="-0.3405"/>
    <tag k="ele" v="-29.7937"/>
  </node>
  <node id="6123" lat="36.84357783413" lon="128.0925500842">
    <tag k="local_x" v="-1.2942"/>
    <tag k="local_y" v="0.4586"/>
    <tag k="ele" v="-29.7442"/>
  </node>
  <node id="6124" lat="36.8435850684" lon="128.0925449966">
    <tag k="local_x" v="-1.7478"/>
    <tag k="local_y" v="1.2611"/>
    <tag k="ele" v="-29.666"/>
  </node>
  <node id="6125" lat="36.84359258933" lon="128.09253970823">
    <tag k="local_x" v="-2.2193"/>
    <tag k="local_y" v="2.0954"/>
    <tag k="ele" v="-29.7182"/>
  </node>
  <node id="6126" lat="36.84360012199" lon="128.09253440864">
    <tag k="local_x" v="-2.6918"/>
    <tag k="local_y" v="2.931"/>
    <tag k="ele" v="-29.7328"/>
  </node>
  <node id="6128" lat="36.84360734995" lon="128.09252800204">
    <tag k="local_x" v="-3.263"/>
    <tag k="local_y" v="3.7328"/>
    <tag k="ele" v="-29.7955"/>
  </node>
  <node id="6129" lat="36.84361466354" lon="128.09252176367">
    <tag k="local_x" v="-3.8192"/>
    <tag k="local_y" v="4.5441"/>
    <tag k="ele" v="-29.8641"/>
  </node>
  <node id="6130" lat="36.84362211687" lon="128.0925157956">
    <tag k="local_x" v="-4.3513"/>
    <tag k="local_y" v="5.3709"/>
    <tag k="ele" v="-29.9424"/>
  </node>
  <node id="6131" lat="36.84362986587" lon="128.09251044666">
    <tag k="local_x" v="-4.8282"/>
    <tag k="local_y" v="6.2305"/>
    <tag k="ele" v="-30.0141"/>
  </node>
  <node id="6132" lat="36.84363772035" lon="128.09250532989">
    <tag k="local_x" v="-5.2844"/>
    <tag k="local_y" v="7.1018"/>
    <tag k="ele" v="-30.0875"/>
  </node>
  <node id="6133" lat="36.84364564154" lon="128.09250042735">
    <tag k="local_x" v="-5.7215"/>
    <tag k="local_y" v="7.9805"/>
    <tag k="ele" v="-30.1864"/>
  </node>
  <node id="6134" lat="36.84365357715" lon="128.09249556855">
    <tag k="local_x" v="-6.1547"/>
    <tag k="local_y" v="8.8608"/>
    <tag k="ele" v="-30.2888"/>
  </node>
  <node id="6135" lat="36.84366152538" lon="128.09249075237">
    <tag k="local_x" v="-6.5841"/>
    <tag k="local_y" v="9.7425"/>
    <tag k="ele" v="-30.3946"/>
  </node>
  <node id="6136" lat="36.84366949614" lon="128.09248600012">
    <tag k="local_x" v="-7.0078"/>
    <tag k="local_y" v="10.6267"/>
    <tag k="ele" v="-30.5021"/>
  </node>
  <node id="6137" lat="36.84367746781" lon="128.09248125011">
    <tag k="local_x" v="-7.4313"/>
    <tag k="local_y" v="11.511"/>
    <tag k="ele" v="-30.6104"/>
  </node>
  <node id="6138" lat="36.84368543046" lon="128.09247648215">
    <tag k="local_x" v="-7.8564"/>
    <tag k="local_y" v="12.3943"/>
    <tag k="ele" v="-30.7201"/>
  </node>
  <node id="6139" lat="36.8436933859" lon="128.09247169401">
    <tag k="local_x" v="-8.2833"/>
    <tag k="local_y" v="13.2768"/>
    <tag k="ele" v="-30.8295"/>
  </node>
  <node id="6141" lat="36.84341529737" lon="128.09290761842">
    <tag k="local_x" v="30.5829"/>
    <tag k="local_y" v="-17.5716"/>
    <tag k="ele" v="-30.7235"/>
  </node>
  <node id="6142" lat="36.84340865354" lon="128.09291450727">
    <tag k="local_x" v="31.1971"/>
    <tag k="local_y" v="-18.3086"/>
    <tag k="ele" v="-30.6055"/>
  </node>
  <node id="6143" lat="36.84340225491" lon="128.09292163614">
    <tag k="local_x" v="31.8327"/>
    <tag k="local_y" v="-19.0184"/>
    <tag k="ele" v="-30.4429"/>
  </node>
  <node id="6144" lat="36.84339609606" lon="128.09292897699">
    <tag k="local_x" v="32.4872"/>
    <tag k="local_y" v="-19.7016"/>
    <tag k="ele" v="-30.2434"/>
  </node>
  <node id="6145" lat="36.84339024011" lon="128.09293665545">
    <tag k="local_x" v="33.1718"/>
    <tag k="local_y" v="-20.3512"/>
    <tag k="ele" v="-30.0355"/>
  </node>
  <node id="6146" lat="36.84338441931" lon="128.09294452794">
    <tag k="local_x" v="33.8737"/>
    <tag k="local_y" v="-20.9969"/>
    <tag k="ele" v="-29.8766"/>
  </node>
  <node id="6148" lat="36.84337476513" lon="128.09270397468">
    <tag k="local_x" v="12.4264"/>
    <tag k="local_y" v="-22.0679"/>
    <tag k="ele" v="-29.3234"/>
  </node>
  <node id="6149" lat="36.8433803984" lon="128.09269840369">
    <tag k="local_x" v="11.9297"/>
    <tag k="local_y" v="-21.443"/>
    <tag k="ele" v="-29.3249"/>
  </node>
  <node id="6150" lat="36.84338603077" lon="128.09269283271">
    <tag k="local_x" v="11.433"/>
    <tag k="local_y" v="-20.8182"/>
    <tag k="ele" v="-29.3263"/>
  </node>
  <node id="6151" lat="36.84339166404" lon="128.0926872606">
    <tag k="local_x" v="10.9362"/>
    <tag k="local_y" v="-20.1933"/>
    <tag k="ele" v="-29.3277"/>
  </node>
  <node id="6152" lat="36.84339729641" lon="128.09268168961">
    <tag k="local_x" v="10.4395"/>
    <tag k="local_y" v="-19.5685"/>
    <tag k="ele" v="-29.3291"/>
  </node>
  <node id="6153" lat="36.84340292969" lon="128.09267611863">
    <tag k="local_x" v="9.9428"/>
    <tag k="local_y" v="-18.9436"/>
    <tag k="ele" v="-29.3305"/>
  </node>
  <node id="6155" lat="36.84351326386" lon="128.09259535549">
    <tag k="local_x" v="2.7421"/>
    <tag k="local_y" v="-6.7042"/>
    <tag k="ele" v="-29.6104"/>
  </node>
  <node id="6156" lat="36.84351974992" lon="128.09259080851">
    <tag k="local_x" v="2.3367"/>
    <tag k="local_y" v="-5.9847"/>
    <tag k="ele" v="-29.6235"/>
  </node>
  <node id="6157" lat="36.84352623597" lon="128.09258626153">
    <tag k="local_x" v="1.9313"/>
    <tag k="local_y" v="-5.2652"/>
    <tag k="ele" v="-29.6367"/>
  </node>
  <node id="6158" lat="36.84353272202" lon="128.09258171455">
    <tag k="local_x" v="1.5259"/>
    <tag k="local_y" v="-4.5457"/>
    <tag k="ele" v="-29.6498"/>
  </node>
  <node id="6160" lat="36.84389103232" lon="128.09234736678">
    <tag k="local_x" v="-19.368"/>
    <tag k="local_y" v="35.2018"/>
    <tag k="ele" v="-33.0729"/>
  </node>
  <node id="6161" lat="36.84389817013" lon="128.09234281415">
    <tag k="local_x" v="-19.7739"/>
    <tag k="local_y" v="35.9936"/>
    <tag k="ele" v="-33.1293"/>
  </node>
  <node id="6162" lat="36.84390530793" lon="128.09233826152">
    <tag k="local_x" v="-20.1798"/>
    <tag k="local_y" v="36.7854"/>
    <tag k="ele" v="-33.1856"/>
  </node>
  <node id="6163" lat="36.84391244574" lon="128.09233371001">
    <tag k="local_x" v="-20.5856"/>
    <tag k="local_y" v="37.5772"/>
    <tag k="ele" v="-33.242"/>
  </node>
  <node id="6164" lat="36.84391958354" lon="128.09232915737">
    <tag k="local_x" v="-20.9915"/>
    <tag k="local_y" v="38.369"/>
    <tag k="ele" v="-33.2983"/>
  </node>
  <node id="6165" lat="36.84392672135" lon="128.09232460474">
    <tag k="local_x" v="-21.3974"/>
    <tag k="local_y" v="39.1608"/>
    <tag k="ele" v="-33.3547"/>
  </node>
  <node id="6167" lat="36.84327501301" lon="128.09286933198">
    <tag k="local_x" v="27.1694"/>
    <tag k="local_y" v="-33.1334"/>
    <tag k="ele" v="-29.1492"/>
  </node>
  <node id="6168" lat="36.84327814648" lon="128.09287917515">
    <tag k="local_x" v="28.047"/>
    <tag k="local_y" v="-32.7858"/>
    <tag k="ele" v="-29.2131"/>
  </node>
  <node id="6169" lat="36.84328128086" lon="128.09288901832">
    <tag k="local_x" v="28.9246"/>
    <tag k="local_y" v="-32.4381"/>
    <tag k="ele" v="-29.2771"/>
  </node>
  <node id="6170" lat="36.84328441523" lon="128.0928988615">
    <tag k="local_x" v="29.8022"/>
    <tag k="local_y" v="-32.0904"/>
    <tag k="ele" v="-29.341"/>
  </node>
  <node id="6171" lat="36.8432875496" lon="128.09290870468">
    <tag k="local_x" v="30.6798"/>
    <tag k="local_y" v="-31.7427"/>
    <tag k="ele" v="-29.4049"/>
  </node>
  <node id="6172" lat="36.8432907624" lon="128.09291850411">
    <tag k="local_x" v="31.5535"/>
    <tag k="local_y" v="-31.3863"/>
    <tag k="ele" v="-29.4665"/>
  </node>
  <node id="6173" lat="36.84329476489" lon="128.09292786501">
    <tag k="local_x" v="32.3881"/>
    <tag k="local_y" v="-30.9423"/>
    <tag k="ele" v="-29.5041"/>
  </node>
  <node id="6174" lat="36.84329876827" lon="128.09293722478">
    <tag k="local_x" v="33.2226"/>
    <tag k="local_y" v="-30.4982"/>
    <tag k="ele" v="-29.5418"/>
  </node>
  <node id="6175" lat="36.84330277166" lon="128.09294658567">
    <tag k="local_x" v="34.0572"/>
    <tag k="local_y" v="-30.0541"/>
    <tag k="ele" v="-29.5795"/>
  </node>
  <node id="6176" lat="36.84330677504" lon="128.09295594545">
    <tag k="local_x" v="34.8917"/>
    <tag k="local_y" v="-29.61"/>
    <tag k="ele" v="-29.6171"/>
  </node>
  <node id="6177" lat="36.84331077842" lon="128.09296530635">
    <tag k="local_x" v="35.7263"/>
    <tag k="local_y" v="-29.1659"/>
    <tag k="ele" v="-29.6548"/>
  </node>
  <node id="6178" lat="36.84331479172" lon="128.09297466052">
    <tag k="local_x" v="36.5603"/>
    <tag k="local_y" v="-28.7207"/>
    <tag k="ele" v="-29.6917"/>
  </node>
  <node id="6179" lat="36.84331853548" lon="128.0929841661">
    <tag k="local_x" v="37.4078"/>
    <tag k="local_y" v="-28.3054"/>
    <tag k="ele" v="-29.72"/>
  </node>
  <node id="6180" lat="36.84332220532" lon="128.09299371431">
    <tag k="local_x" v="38.2591"/>
    <tag k="local_y" v="-27.8983"/>
    <tag k="ele" v="-29.7477"/>
  </node>
  <node id="6182" lat="36.84356661517" lon="128.09278566707">
    <tag k="local_x" v="19.7099"/>
    <tag k="local_y" v="-0.7859"/>
    <tag k="ele" v="-31.6177"/>
  </node>
  <node id="6183" lat="36.84355952873" lon="128.09278972501">
    <tag k="local_x" v="20.0717"/>
    <tag k="local_y" v="-1.572"/>
    <tag k="ele" v="-31.5789"/>
  </node>
  <node id="6184" lat="36.84355244319" lon="128.09279378295">
    <tag k="local_x" v="20.4335"/>
    <tag k="local_y" v="-2.358"/>
    <tag k="ele" v="-31.54"/>
  </node>
  <node id="6185" lat="36.84354526571" lon="128.09279760199">
    <tag k="local_x" v="20.774"/>
    <tag k="local_y" v="-3.1542"/>
    <tag k="ele" v="-31.5032"/>
  </node>
  <node id="6186" lat="36.8435380729" lon="128.09280137953">
    <tag k="local_x" v="21.1108"/>
    <tag k="local_y" v="-3.9521"/>
    <tag k="ele" v="-31.4666"/>
  </node>
  <node id="6187" lat="36.84353093507" lon="128.09280532419">
    <tag k="local_x" v="21.4625"/>
    <tag k="local_y" v="-4.7439"/>
    <tag k="ele" v="-31.4371"/>
  </node>
  <node id="6188" lat="36.84352382249" lon="128.09280934848">
    <tag k="local_x" v="21.8213"/>
    <tag k="local_y" v="-5.5329"/>
    <tag k="ele" v="-31.4113"/>
  </node>
  <node id="6189" lat="36.84351677842" lon="128.09281355447">
    <tag k="local_x" v="22.1963"/>
    <tag k="local_y" v="-6.3143"/>
    <tag k="ele" v="-31.3995"/>
  </node>
  <node id="6190" lat="36.84350979926" lon="128.09281793095">
    <tag k="local_x" v="22.5865"/>
    <tag k="local_y" v="-7.0885"/>
    <tag k="ele" v="-31.4019"/>
  </node>
  <node id="6191" lat="36.84350282009" lon="128.09282230742">
    <tag k="local_x" v="22.9767"/>
    <tag k="local_y" v="-7.8627"/>
    <tag k="ele" v="-31.4042"/>
  </node>
  <node id="6193" lat="36.84349589411" lon="128.09282676016">
    <tag k="local_x" v="23.3737"/>
    <tag k="local_y" v="-8.631"/>
    <tag k="ele" v="-31.3475"/>
  </node>
  <node id="6194" lat="36.84348902222" lon="128.0928313374">
    <tag k="local_x" v="23.7818"/>
    <tag k="local_y" v="-9.3933"/>
    <tag k="ele" v="-31.2954"/>
  </node>
  <node id="6195" lat="36.84348226572" lon="128.09283619616">
    <tag k="local_x" v="24.215"/>
    <tag k="local_y" v="-10.1428"/>
    <tag k="ele" v="-31.2634"/>
  </node>
  <node id="6196" lat="36.84347565615" lon="128.09284137009">
    <tag k="local_x" v="24.6763"/>
    <tag k="local_y" v="-10.876"/>
    <tag k="ele" v="-31.2605"/>
  </node>
  <node id="6197" lat="36.84346927375" lon="128.09284695453">
    <tag k="local_x" v="25.1742"/>
    <tag k="local_y" v="-11.584"/>
    <tag k="ele" v="-31.2645"/>
  </node>
  <node id="6198" lat="36.84346307435" lon="128.09285284404">
    <tag k="local_x" v="25.6993"/>
    <tag k="local_y" v="-12.2717"/>
    <tag k="ele" v="-31.2379"/>
  </node>
  <node id="6199" lat="36.84345687495" lon="128.0928587257">
    <tag k="local_x" v="26.2237"/>
    <tag k="local_y" v="-12.9594"/>
    <tag k="ele" v="-31.1763"/>
  </node>
  <node id="6200" lat="36.8434507711" lon="128.09286470382">
    <tag k="local_x" v="26.7567"/>
    <tag k="local_y" v="-13.6365"/>
    <tag k="ele" v="-31.0817"/>
  </node>
  <node id="6201" lat="36.84344495122" lon="128.0928711631">
    <tag k="local_x" v="27.3326"/>
    <tag k="local_y" v="-14.2821"/>
    <tag k="ele" v="-31.0238"/>
  </node>
  <node id="6203" lat="36.84337856878" lon="128.09294959979">
    <tag k="local_x" v="34.3259"/>
    <tag k="local_y" v="-21.6459"/>
    <tag k="ele" v="-29.8766"/>
  </node>
  <node id="6204" lat="36.8433719538" lon="128.09295286362">
    <tag k="local_x" v="34.6169"/>
    <tag k="local_y" v="-22.3797"/>
    <tag k="ele" v="-29.8766"/>
  </node>
  <node id="6205" lat="36.84336489261" lon="128.09295398743">
    <tag k="local_x" v="34.7171"/>
    <tag k="local_y" v="-23.163"/>
    <tag k="ele" v="-29.8766"/>
  </node>
  <node id="6206" lat="36.84335784675" lon="128.09295292636">
    <tag k="local_x" v="34.6225"/>
    <tag k="local_y" v="-23.9446"/>
    <tag k="ele" v="-29.8766"/>
  </node>
  <node id="6207" lat="36.8433512345" lon="128.09294977351">
    <tag k="local_x" v="34.3414"/>
    <tag k="local_y" v="-24.6781"/>
    <tag k="ele" v="-29.8766"/>
  </node>
  <node id="6208" lat="36.84334546333" lon="128.09294473749">
    <tag k="local_x" v="33.8924"/>
    <tag k="local_y" v="-25.3183"/>
    <tag k="ele" v="-29.8766"/>
  </node>
  <node id="6209" lat="36.84334083161" lon="128.09293813909">
    <tag k="local_x" v="33.3041"/>
    <tag k="local_y" v="-25.8321"/>
    <tag k="ele" v="-29.8755"/>
  </node>
  <node id="6210" lat="36.84333739434" lon="128.09293051106">
    <tag k="local_x" v="32.624"/>
    <tag k="local_y" v="-26.2134"/>
    <tag k="ele" v="-29.8258"/>
  </node>
  <node id="6211" lat="36.8433349541" lon="128.09292220335">
    <tag k="local_x" v="31.8833"/>
    <tag k="local_y" v="-26.4841"/>
    <tag k="ele" v="-29.7334"/>
  </node>
  <node id="6212" lat="36.84333251385" lon="128.09291389452">
    <tag k="local_x" v="31.1425"/>
    <tag k="local_y" v="-26.7548"/>
    <tag k="ele" v="-29.6409"/>
  </node>
  <node id="6213" lat="36.84333007451" lon="128.09290558682">
    <tag k="local_x" v="30.4018"/>
    <tag k="local_y" v="-27.0254"/>
    <tag k="ele" v="-29.5484"/>
  </node>
  <node id="6215" lat="36.84371335785" lon="128.09270917169">
    <tag k="local_x" v="12.8897"/>
    <tag k="local_y" v="15.4923"/>
    <tag k="ele" v="-32.0516"/>
  </node>
  <node id="6216" lat="36.84370580445" lon="128.09271272381">
    <tag k="local_x" v="13.2064"/>
    <tag k="local_y" v="14.6544"/>
    <tag k="ele" v="-31.9791"/>
  </node>
  <node id="6217" lat="36.84369826278" lon="128.09271614357">
    <tag k="local_x" v="13.5113"/>
    <tag k="local_y" v="13.8178"/>
    <tag k="ele" v="-31.8633"/>
  </node>
  <node id="6218" lat="36.84369077429" lon="128.09271956557">
    <tag k="local_x" v="13.8164"/>
    <tag k="local_y" v="12.9871"/>
    <tag k="ele" v="-31.7077"/>
  </node>
  <node id="6219" lat="36.84368324884" lon="128.09272328593">
    <tag k="local_x" v="14.1481"/>
    <tag k="local_y" v="12.1523"/>
    <tag k="ele" v="-31.6659"/>
  </node>
  <node id="6220" lat="36.84367579641" lon="128.09272723621">
    <tag k="local_x" v="14.5003"/>
    <tag k="local_y" v="11.3256"/>
    <tag k="ele" v="-31.6556"/>
  </node>
  <node id="6221" lat="36.84366840257" lon="128.09273137491">
    <tag k="local_x" v="14.8693"/>
    <tag k="local_y" v="10.5054"/>
    <tag k="ele" v="-31.6714"/>
  </node>
  <node id="6223" lat="36.84397401882" lon="128.09248721787">
    <tag k="local_x" v="-6.8992"/>
    <tag k="local_y" v="44.4075"/>
    <tag k="ele" v="-33.8808"/>
  </node>
  <node id="6224" lat="36.84397487522" lon="128.09249771053">
    <tag k="local_x" v="-5.9637"/>
    <tag k="local_y" v="44.5025"/>
    <tag k="ele" v="-33.9046"/>
  </node>
  <node id="6225" lat="36.84397574514" lon="128.09250820432">
    <tag k="local_x" v="-5.0281"/>
    <tag k="local_y" v="44.599"/>
    <tag k="ele" v="-33.918"/>
  </node>
  <node id="6226" lat="36.84397645099" lon="128.09251870147">
    <tag k="local_x" v="-4.0922"/>
    <tag k="local_y" v="44.6773"/>
    <tag k="ele" v="-33.9311"/>
  </node>
  <node id="6227" lat="36.84397689271" lon="128.09252919974">
    <tag k="local_x" v="-3.1562"/>
    <tag k="local_y" v="44.7263"/>
    <tag k="ele" v="-33.9489"/>
  </node>
  <node id="6229" lat="36.84396579015" lon="128.09240625334">
    <tag k="local_x" v="-14.1178"/>
    <tag k="local_y" v="43.4947"/>
    <tag k="ele" v="-33.9492"/>
  </node>
  <node id="6230" lat="36.8439666718" lon="128.09241639606">
    <tag k="local_x" v="-13.2135"/>
    <tag k="local_y" v="43.5925"/>
    <tag k="ele" v="-33.9402"/>
  </node>
  <node id="6231" lat="36.84396787076" lon="128.0924264883">
    <tag k="local_x" v="-12.3137"/>
    <tag k="local_y" v="43.7255"/>
    <tag k="ele" v="-33.9251"/>
  </node>
  <node id="6232" lat="36.8439689958" lon="128.09243659513">
    <tag k="local_x" v="-11.4126"/>
    <tag k="local_y" v="43.8503"/>
    <tag k="ele" v="-33.9178"/>
  </node>
  <node id="6233" lat="36.84397020107" lon="128.09244668737">
    <tag k="local_x" v="-10.5128"/>
    <tag k="local_y" v="43.984"/>
    <tag k="ele" v="-33.9083"/>
  </node>
  <node id="6234" lat="36.84397127563" lon="128.0924568043">
    <tag k="local_x" v="-9.6108"/>
    <tag k="local_y" v="44.1032"/>
    <tag k="ele" v="-33.908"/>
  </node>
  <node id="6235" lat="36.84397224381" lon="128.0924669358">
    <tag k="local_x" v="-8.7075"/>
    <tag k="local_y" v="44.2106"/>
    <tag k="ele" v="-33.8955"/>
  </node>
  <node id="6236" lat="36.84397315521" lon="128.09247707291">
    <tag k="local_x" v="-7.8037"/>
    <tag k="local_y" v="44.3117"/>
    <tag k="ele" v="-33.8765"/>
  </node>
  <node id="6238" lat="36.84396423775" lon="128.09235673538">
    <tag k="local_x" v="-18.5327"/>
    <tag k="local_y" v="43.3225"/>
    <tag k="ele" v="-33.9111"/>
  </node>
  <node id="6239" lat="36.8439645064" lon="128.09236661228">
    <tag k="local_x" v="-17.6521"/>
    <tag k="local_y" v="43.3523"/>
    <tag k="ele" v="-33.9645"/>
  </node>
  <node id="6240" lat="36.84396476153" lon="128.09237652395">
    <tag k="local_x" v="-16.7684"/>
    <tag k="local_y" v="43.3806"/>
    <tag k="ele" v="-33.9766"/>
  </node>
  <node id="6241" lat="36.84396490939" lon="128.09238644795">
    <tag k="local_x" v="-15.8836"/>
    <tag k="local_y" v="43.397"/>
    <tag k="ele" v="-33.9667"/>
  </node>
  <node id="6242" lat="36.84396523754" lon="128.09239635962">
    <tag k="local_x" v="-14.9999"/>
    <tag k="local_y" v="43.4334"/>
    <tag k="ele" v="-33.9598"/>
  </node>
  <node id="6244" lat="36.84393325968" lon="128.09232300642">
    <tag k="local_x" v="-21.5399"/>
    <tag k="local_y" v="39.8861"/>
    <tag k="ele" v="-33.3547"/>
  </node>
  <node id="6245" lat="36.84393991791" lon="128.09232317016">
    <tag k="local_x" v="-21.5253"/>
    <tag k="local_y" v="40.6247"/>
    <tag k="ele" v="-33.3547"/>
  </node>
  <node id="6246" lat="36.84394632645" lon="128.09232543579">
    <tag k="local_x" v="-21.3233"/>
    <tag k="local_y" v="41.3356"/>
    <tag k="ele" v="-33.3547"/>
  </node>
  <node id="6247" lat="36.84395218148" lon="128.09232937935">
    <tag k="local_x" v="-20.9717"/>
    <tag k="local_y" v="41.9851"/>
    <tag k="ele" v="-33.3547"/>
  </node>
  <node id="6248" lat="36.84395699983" lon="128.09233493018">
    <tag k="local_x" v="-20.4768"/>
    <tag k="local_y" v="42.5196"/>
    <tag k="ele" v="-33.4093"/>
  </node>
  <node id="6249" lat="36.84396068143" lon="128.09234153197">
    <tag k="local_x" v="-19.8882"/>
    <tag k="local_y" v="42.928"/>
    <tag k="ele" v="-33.5167"/>
  </node>
  <node id="6250" lat="36.84396294233" lon="128.09234892898">
    <tag k="local_x" v="-19.2287"/>
    <tag k="local_y" v="43.1788"/>
    <tag k="ele" v="-33.7221"/>
  </node>
  <node id="6252" lat="36.84386322222" lon="128.09267772992">
    <tag k="local_x" v="10.0864"/>
    <tag k="local_y" v="32.1168"/>
    <tag k="ele" v="-33.8423"/>
  </node>
  <node id="6253" lat="36.84385554533" lon="128.09267676982">
    <tag k="local_x" v="10.0008"/>
    <tag k="local_y" v="31.2652"/>
    <tag k="ele" v="-33.8135"/>
  </node>
  <node id="6254" lat="36.84384787295" lon="128.09267592299">
    <tag k="local_x" v="9.9253"/>
    <tag k="local_y" v="30.4141"/>
    <tag k="ele" v="-33.7638"/>
  </node>
  <node id="6255" lat="36.84384024023" lon="128.09267529376">
    <tag k="local_x" v="9.8692"/>
    <tag k="local_y" v="29.5674"/>
    <tag k="ele" v="-33.6563"/>
  </node>
  <node id="6256" lat="36.84383265078" lon="128.09267475313">
    <tag k="local_x" v="9.821"/>
    <tag k="local_y" v="28.7255"/>
    <tag k="ele" v="-33.5082"/>
  </node>
  <node id="6257" lat="36.84382508747" lon="128.09267435944">
    <tag k="local_x" v="9.7859"/>
    <tag k="local_y" v="27.8865"/>
    <tag k="ele" v="-33.3425"/>
  </node>
  <node id="6258" lat="36.84381754671" lon="128.09267416651">
    <tag k="local_x" v="9.7687"/>
    <tag k="local_y" v="27.05"/>
    <tag k="ele" v="-33.1656"/>
  </node>
  <node id="6260" lat="36.84380930279" lon="128.09267473964">
    <tag k="local_x" v="9.8198"/>
    <tag k="local_y" v="26.1355"/>
    <tag k="ele" v="-32.9979"/>
  </node>
  <node id="6261" lat="36.84380106158" lon="128.09267569524">
    <tag k="local_x" v="9.905"/>
    <tag k="local_y" v="25.2213"/>
    <tag k="ele" v="-32.8339"/>
  </node>
  <node id="6262" lat="36.8437928357" lon="128.0926770591">
    <tag k="local_x" v="10.0266"/>
    <tag k="local_y" v="24.3088"/>
    <tag k="ele" v="-32.6827"/>
  </node>
  <node id="6263" lat="36.84378462784" lon="128.0926788402">
    <tag k="local_x" v="10.1854"/>
    <tag k="local_y" v="23.3983"/>
    <tag k="ele" v="-32.5575"/>
  </node>
  <node id="6264" lat="36.84377642179" lon="128.09268092862">
    <tag k="local_x" v="10.3716"/>
    <tag k="local_y" v="22.488"/>
    <tag k="ele" v="-32.4739"/>
  </node>
  <node id="6265" lat="36.84376830137" lon="128.09268352513">
    <tag k="local_x" v="10.6031"/>
    <tag k="local_y" v="21.5872"/>
    <tag k="ele" v="-32.4014"/>
  </node>
  <node id="6266" lat="36.8437603324" lon="128.09268673179">
    <tag k="local_x" v="10.889"/>
    <tag k="local_y" v="20.7032"/>
    <tag k="ele" v="-32.3292"/>
  </node>
  <node id="6267" lat="36.84375252299" lon="128.09269050374">
    <tag k="local_x" v="11.2253"/>
    <tag k="local_y" v="19.8369"/>
    <tag k="ele" v="-32.2468"/>
  </node>
  <node id="6268" lat="36.84374469736" lon="128.09269424429">
    <tag k="local_x" v="11.5588"/>
    <tag k="local_y" v="18.9688"/>
    <tag k="ele" v="-32.1722"/>
  </node>
  <node id="6269" lat="36.8437368618" lon="128.09269795679">
    <tag k="local_x" v="11.8898"/>
    <tag k="local_y" v="18.0996"/>
    <tag k="ele" v="-32.1022"/>
  </node>
  <node id="6270" lat="36.84372901092" lon="128.09270167042">
    <tag k="local_x" v="12.2209"/>
    <tag k="local_y" v="17.2287"/>
    <tag k="ele" v="-32.0733"/>
  </node>
  <node id="6271" lat="36.84372114652" lon="128.0927052988">
    <tag k="local_x" v="12.5444"/>
    <tag k="local_y" v="16.3563"/>
    <tag k="ele" v="-32.1165"/>
  </node>
  <node id="6273" lat="36.84366056251" lon="128.09273552708">
    <tag k="local_x" v="15.2395"/>
    <tag k="local_y" v="9.6357"/>
    <tag k="ele" v="-31.6686"/>
  </node>
  <node id="6274" lat="36.84365272605" lon="128.09273968934">
    <tag k="local_x" v="15.6106"/>
    <tag k="local_y" v="8.7664"/>
    <tag k="ele" v="-31.666"/>
  </node>
  <node id="6275" lat="36.84364489501" lon="128.0927438673">
    <tag k="local_x" v="15.9831"/>
    <tag k="local_y" v="7.8977"/>
    <tag k="ele" v="-31.6636"/>
  </node>
  <node id="6276" lat="36.84363706756" lon="128.09274805648">
    <tag k="local_x" v="16.3566"/>
    <tag k="local_y" v="7.0294"/>
    <tag k="ele" v="-31.6626"/>
  </node>
  <node id="6277" lat="36.84362924373" lon="128.09275225463">
    <tag k="local_x" v="16.7309"/>
    <tag k="local_y" v="6.1615"/>
    <tag k="ele" v="-31.6622"/>
  </node>
  <node id="6278" lat="36.84362143612" lon="128.09275649428">
    <tag k="local_x" v="17.1089"/>
    <tag k="local_y" v="5.2954"/>
    <tag k="ele" v="-31.662"/>
  </node>
  <node id="6279" lat="36.84361361318" lon="128.0927606913">
    <tag k="local_x" v="17.4831"/>
    <tag k="local_y" v="4.4276"/>
    <tag k="ele" v="-31.6641"/>
  </node>
  <node id="6280" lat="36.84360577582" lon="128.09276485132">
    <tag k="local_x" v="17.854"/>
    <tag k="local_y" v="3.5582"/>
    <tag k="ele" v="-31.6683"/>
  </node>
  <node id="6281" lat="36.84359792224" lon="128.09276895413">
    <tag k="local_x" v="18.2198"/>
    <tag k="local_y" v="2.687"/>
    <tag k="ele" v="-31.6779"/>
  </node>
  <node id="6282" lat="36.84359008848" lon="128.09277311189">
    <tag k="local_x" v="18.5905"/>
    <tag k="local_y" v="1.818"/>
    <tag k="ele" v="-31.6818"/>
  </node>
  <node id="6283" lat="36.84358230972" lon="128.09277743678">
    <tag k="local_x" v="18.9761"/>
    <tag k="local_y" v="0.9551"/>
    <tag k="ele" v="-31.6686"/>
  </node>
  <node id="6284" lat="36.84357447867" lon="128.09278160015">
    <tag k="local_x" v="19.3473"/>
    <tag k="local_y" v="0.0864"/>
    <tag k="ele" v="-31.646"/>
  </node>
  <node id="6286" lat="36.8434089578" lon="128.09267108825">
    <tag k="local_x" v="9.4943"/>
    <tag k="local_y" v="-18.2749"/>
    <tag k="ele" v="-29.3906"/>
  </node>
  <node id="6287" lat="36.8434150418" lon="128.09266610386">
    <tag k="local_x" v="9.0499"/>
    <tag k="local_y" v="-17.6"/>
    <tag k="ele" v="-29.4222"/>
  </node>
  <node id="6288" lat="36.84342117088" lon="128.09266121817">
    <tag k="local_x" v="8.6143"/>
    <tag k="local_y" v="-16.9201"/>
    <tag k="ele" v="-29.4363"/>
  </node>
  <node id="6290" lat="36.84334273176" lon="128.09298160338">
    <tag k="local_x" v="37.1793"/>
    <tag k="local_y" v="-25.6213"/>
    <tag k="ele" v="-29.7477"/>
  </node>
  <node id="6300" lat="36.84343902045" lon="128.0928784535">
    <tag k="local_x" v="27.9826"/>
    <tag k="local_y" v="-14.94"/>
    <tag k="ele" v="-30.9637"/>
  </node>
  <node id="6301" lat="36.84343308968" lon="128.09288574501">
    <tag k="local_x" v="28.6327"/>
    <tag k="local_y" v="-15.5979"/>
    <tag k="ele" v="-30.9037"/>
  </node>
  <node id="6302" lat="36.84342715891" lon="128.0928930354">
    <tag k="local_x" v="29.2827"/>
    <tag k="local_y" v="-16.2558"/>
    <tag k="ele" v="-30.8436"/>
  </node>
  <node id="6303" lat="36.84342122814" lon="128.09290032691">
    <tag k="local_x" v="29.9328"/>
    <tag k="local_y" v="-16.9137"/>
    <tag k="ele" v="-30.7836"/>
  </node>
  <node id="6305" lat="36.843544692" lon="128.09366711194">
    <tag k="local_x" v="98.2978"/>
    <tag k="local_y" v="-3.2173"/>
    <tag k="ele" v="-30.4341"/>
  </node>
  <node id="6306" lat="36.84354351657" lon="128.09365783738">
    <tag k="local_x" v="97.4709"/>
    <tag k="local_y" v="-3.3477"/>
    <tag k="ele" v="-30.4854"/>
  </node>
  <node id="6307" lat="36.84354234204" lon="128.09364856282">
    <tag k="local_x" v="96.644"/>
    <tag k="local_y" v="-3.478"/>
    <tag k="ele" v="-30.5368"/>
  </node>
  <node id="6308" lat="36.84354116662" lon="128.09363928826">
    <tag k="local_x" v="95.8171"/>
    <tag k="local_y" v="-3.6084"/>
    <tag k="ele" v="-30.5881"/>
  </node>
  <node id="6309" lat="36.84353999209" lon="128.09363001371">
    <tag k="local_x" v="94.9902"/>
    <tag k="local_y" v="-3.7387"/>
    <tag k="ele" v="-30.6394"/>
  </node>
  <node id="6310" lat="36.84353904112" lon="128.09362070326">
    <tag k="local_x" v="94.1601"/>
    <tag k="local_y" v="-3.8442"/>
    <tag k="ele" v="-30.675"/>
  </node>
  <node id="6311" lat="36.84353887173" lon="128.09361131543">
    <tag k="local_x" v="93.3231"/>
    <tag k="local_y" v="-3.863"/>
    <tag k="ele" v="-30.6795"/>
  </node>
  <node id="6312" lat="36.84353946858" lon="128.09360195229">
    <tag k="local_x" v="92.4883"/>
    <tag k="local_y" v="-3.7968"/>
    <tag k="ele" v="-30.6795"/>
  </node>
  <node id="6313" lat="36.8435408407" lon="128.0935927103">
    <tag k="local_x" v="91.6643"/>
    <tag k="local_y" v="-3.6446"/>
    <tag k="ele" v="-30.6795"/>
  </node>
  <node id="6315" lat="36.84362163806" lon="128.09350775877">
    <tag k="local_x" v="84.0901"/>
    <tag k="local_y" v="5.3182"/>
    <tag k="ele" v="-30.7108"/>
  </node>
  <node id="6316" lat="36.84362975125" lon="128.09350912499">
    <tag k="local_x" v="84.2119"/>
    <tag k="local_y" v="6.2182"/>
    <tag k="ele" v="-30.7683"/>
  </node>
  <node id="6317" lat="36.84363786354" lon="128.0935104912">
    <tag k="local_x" v="84.3337"/>
    <tag k="local_y" v="7.1181"/>
    <tag k="ele" v="-30.8256"/>
  </node>
  <node id="6318" lat="36.8436459587" lon="128.0935121008">
    <tag k="local_x" v="84.4772"/>
    <tag k="local_y" v="8.0161"/>
    <tag k="ele" v="-30.8514"/>
  </node>
  <node id="6319" lat="36.84365404845" lon="128.09351375639">
    <tag k="local_x" v="84.6248"/>
    <tag k="local_y" v="8.9135"/>
    <tag k="ele" v="-30.8757"/>
  </node>
  <node id="6320" lat="36.84366208862" lon="128.09351575295">
    <tag k="local_x" v="84.8028"/>
    <tag k="local_y" v="9.8054"/>
    <tag k="ele" v="-30.891"/>
  </node>
  <node id="6321" lat="36.8436700206" lon="128.09351832041">
    <tag k="local_x" v="85.0317"/>
    <tag k="local_y" v="10.6853"/>
    <tag k="ele" v="-30.8945"/>
  </node>
  <node id="6322" lat="36.84367785072" lon="128.09352133314">
    <tag k="local_x" v="85.3003"/>
    <tag k="local_y" v="11.5539"/>
    <tag k="ele" v="-30.9047"/>
  </node>
  <node id="6323" lat="36.84368539146" lon="128.09352518146">
    <tag k="local_x" v="85.6434"/>
    <tag k="local_y" v="12.3904"/>
    <tag k="ele" v="-30.9935"/>
  </node>
  <node id="6324" lat="36.84369283393" lon="128.09352936963">
    <tag k="local_x" v="86.0168"/>
    <tag k="local_y" v="13.216"/>
    <tag k="ele" v="-31.0726"/>
  </node>
  <node id="6326" lat="36.8435425103" lon="128.09358311163">
    <tag k="local_x" v="90.8085"/>
    <tag k="local_y" v="-3.4594"/>
    <tag k="ele" v="-30.6795"/>
  </node>
  <node id="6327" lat="36.843544243" lon="128.09357353316">
    <tag k="local_x" v="89.9545"/>
    <tag k="local_y" v="-3.2672"/>
    <tag k="ele" v="-30.6795"/>
  </node>
  <node id="6328" lat="36.84354657337" lon="128.0935641678">
    <tag k="local_x" v="89.1195"/>
    <tag k="local_y" v="-3.0087"/>
    <tag k="ele" v="-30.6795"/>
  </node>
  <node id="6329" lat="36.84354970604" lon="128.09355517482">
    <tag k="local_x" v="88.3177"/>
    <tag k="local_y" v="-2.6612"/>
    <tag k="ele" v="-30.6795"/>
  </node>
  <node id="6330" lat="36.8435536329" lon="128.0935466776">
    <tag k="local_x" v="87.5601"/>
    <tag k="local_y" v="-2.2256"/>
    <tag k="ele" v="-30.6795"/>
  </node>
  <node id="6331" lat="36.84355829445" lon="128.09353877147">
    <tag k="local_x" v="86.8552"/>
    <tag k="local_y" v="-1.7085"/>
    <tag k="ele" v="-30.6795"/>
  </node>
  <node id="6332" lat="36.84356364381" lon="128.09353156523">
    <tag k="local_x" v="86.2127"/>
    <tag k="local_y" v="-1.1151"/>
    <tag k="ele" v="-30.6795"/>
  </node>
  <node id="6333" lat="36.8435696269" lon="128.09352517553">
    <tag k="local_x" v="85.643"/>
    <tag k="local_y" v="-0.4514"/>
    <tag k="ele" v="-30.6795"/>
  </node>
  <node id="6334" lat="36.84357614635" lon="128.09351966068">
    <tag k="local_x" v="85.1513"/>
    <tag k="local_y" v="0.2718"/>
    <tag k="ele" v="-30.6795"/>
  </node>
  <node id="6335" lat="36.84358311833" lon="128.09351508013">
    <tag k="local_x" v="84.7429"/>
    <tag k="local_y" v="1.0452"/>
    <tag k="ele" v="-30.6795"/>
  </node>
  <node id="6336" lat="36.843590459" lon="128.09351148997">
    <tag k="local_x" v="84.4228"/>
    <tag k="local_y" v="1.8595"/>
    <tag k="ele" v="-30.6795"/>
  </node>
  <node id="6337" lat="36.84359808363" lon="128.09350897879">
    <tag k="local_x" v="84.1989"/>
    <tag k="local_y" v="2.7053"/>
    <tag k="ele" v="-30.6795"/>
  </node>
  <node id="6338" lat="36.84360588493" lon="128.09350754211">
    <tag k="local_x" v="84.0708"/>
    <tag k="local_y" v="3.5707"/>
    <tag k="ele" v="-30.6795"/>
  </node>
  <node id="6339" lat="36.84361376826" lon="128.09350719226">
    <tag k="local_x" v="84.0396"/>
    <tag k="local_y" v="4.4452"/>
    <tag k="ele" v="-30.6795"/>
  </node>
  <node id="6341" lat="36.84337357444" lon="128.09369210549">
    <tag k="local_x" v="100.5264"/>
    <tag k="local_y" v="-22.1994"/>
    <tag k="ele" v="-30.262"/>
  </node>
  <node id="6342" lat="36.84338111255" lon="128.09368661761">
    <tag k="local_x" v="100.0371"/>
    <tag k="local_y" v="-21.3632"/>
    <tag k="ele" v="-30.2944"/>
  </node>
  <node id="6343" lat="36.84338865157" lon="128.09368112972">
    <tag k="local_x" v="99.5478"/>
    <tag k="local_y" v="-20.5269"/>
    <tag k="ele" v="-30.3268"/>
  </node>
  <node id="6344" lat="36.84339618969" lon="128.09367564183">
    <tag k="local_x" v="99.0585"/>
    <tag k="local_y" v="-19.6907"/>
    <tag k="ele" v="-30.3592"/>
  </node>
  <node id="6345" lat="36.8434037278" lon="128.09367015395">
    <tag k="local_x" v="98.5692"/>
    <tag k="local_y" v="-18.8545"/>
    <tag k="ele" v="-30.3916"/>
  </node>
  <node id="6346" lat="36.84341126682" lon="128.09366466606">
    <tag k="local_x" v="98.0799"/>
    <tag k="local_y" v="-18.0182"/>
    <tag k="ele" v="-30.424"/>
  </node>
  <node id="6347" lat="36.84341880494" lon="128.09365917816">
    <tag k="local_x" v="97.5906"/>
    <tag k="local_y" v="-17.182"/>
    <tag k="ele" v="-30.4564"/>
  </node>
  <node id="6348" lat="36.84342634396" lon="128.09365369139">
    <tag k="local_x" v="97.1014"/>
    <tag k="local_y" v="-16.3457"/>
    <tag k="ele" v="-30.4888"/>
  </node>
  <node id="6349" lat="36.84343354313" lon="128.09364754736">
    <tag k="local_x" v="96.5536"/>
    <tag k="local_y" v="-15.5471"/>
    <tag k="ele" v="-30.5106"/>
  </node>
  <node id="6350" lat="36.84344064223" lon="128.09364121153">
    <tag k="local_x" v="95.9887"/>
    <tag k="local_y" v="-14.7596"/>
    <tag k="ele" v="-30.5293"/>
  </node>
  <node id="6351" lat="36.84344774134" lon="128.09363487457">
    <tag k="local_x" v="95.4237"/>
    <tag k="local_y" v="-13.9721"/>
    <tag k="ele" v="-30.5479"/>
  </node>
  <node id="6352" lat="36.84345484135" lon="128.09362853762">
    <tag k="local_x" v="94.8587"/>
    <tag k="local_y" v="-13.1845"/>
    <tag k="ele" v="-30.5666"/>
  </node>
  <node id="6353" lat="36.84346194046" lon="128.09362220066">
    <tag k="local_x" v="94.2937"/>
    <tag k="local_y" v="-12.397"/>
    <tag k="ele" v="-30.5852"/>
  </node>
  <node id="6354" lat="36.84346903957" lon="128.09361586482">
    <tag k="local_x" v="93.7288"/>
    <tag k="local_y" v="-11.6095"/>
    <tag k="ele" v="-30.6039"/>
  </node>
  <node id="6355" lat="36.84347613867" lon="128.09360952787">
    <tag k="local_x" v="93.1638"/>
    <tag k="local_y" v="-10.822"/>
    <tag k="ele" v="-30.6225"/>
  </node>
  <node id="6356" lat="36.84348320713" lon="128.09360313819">
    <tag k="local_x" v="92.5941"/>
    <tag k="local_y" v="-10.0379"/>
    <tag k="ele" v="-30.6425"/>
  </node>
  <node id="6357" lat="36.84349024133" lon="128.09359669019">
    <tag k="local_x" v="92.0192"/>
    <tag k="local_y" v="-9.2576"/>
    <tag k="ele" v="-30.6639"/>
  </node>
  <node id="6358" lat="36.84349727463" lon="128.09359024219">
    <tag k="local_x" v="91.4443"/>
    <tag k="local_y" v="-8.4774"/>
    <tag k="ele" v="-30.6853"/>
  </node>
  <node id="6359" lat="36.84350430883" lon="128.0935837953">
    <tag k="local_x" v="90.8695"/>
    <tag k="local_y" v="-7.6971"/>
    <tag k="ele" v="-30.7067"/>
  </node>
  <node id="6361" lat="36.84334872309" lon="128.09375499778">
    <tag k="local_x" v="106.1338"/>
    <tag k="local_y" v="-24.9561"/>
    <tag k="ele" v="-29.9963"/>
  </node>
  <node id="6362" lat="36.84334862943" lon="128.09374564475">
    <tag k="local_x" v="105.2999"/>
    <tag k="local_y" v="-24.9665"/>
    <tag k="ele" v="-30.0112"/>
  </node>
  <node id="6363" lat="36.84334922809" lon="128.09373633884">
    <tag k="local_x" v="104.4702"/>
    <tag k="local_y" v="-24.9001"/>
    <tag k="ele" v="-30.0152"/>
  </node>
  <node id="6364" lat="36.84335097072" lon="128.09372724941">
    <tag k="local_x" v="103.6598"/>
    <tag k="local_y" v="-24.7068"/>
    <tag k="ele" v="-30.0152"/>
  </node>
  <node id="6365" lat="36.84335377436" lon="128.09371857948">
    <tag k="local_x" v="102.8868"/>
    <tag k="local_y" v="-24.3958"/>
    <tag k="ele" v="-30.0152"/>
  </node>
  <node id="6366" lat="36.84335760748" lon="128.09371054214">
    <tag k="local_x" v="102.1702"/>
    <tag k="local_y" v="-23.9706"/>
    <tag k="ele" v="-30.0152"/>
  </node>
  <node id="6367" lat="36.84336234476" lon="128.09370329554">
    <tag k="local_x" v="101.5241"/>
    <tag k="local_y" v="-23.4451"/>
    <tag k="ele" v="-30.0152"/>
  </node>
  <node id="6368" lat="36.84336788433" lon="128.09369698886">
    <tag k="local_x" v="100.9618"/>
    <tag k="local_y" v="-22.8306"/>
    <tag k="ele" v="-30.0152"/>
  </node>
  <node id="6370" lat="36.8433917232" lon="128.09374079112">
    <tag k="local_x" v="104.8671"/>
    <tag k="local_y" v="-20.1861"/>
    <tag k="ele" v="-30.2998"/>
  </node>
  <node id="6371" lat="36.84339236133" lon="128.09375153495">
    <tag k="local_x" v="105.825"/>
    <tag k="local_y" v="-20.1153"/>
    <tag k="ele" v="-30.2885"/>
  </node>
  <node id="6372" lat="36.84339300036" lon="128.09376227879">
    <tag k="local_x" v="106.7829"/>
    <tag k="local_y" v="-20.0444"/>
    <tag k="ele" v="-30.2773"/>
  </node>
  <node id="6373" lat="36.84339363939" lon="128.09377302262">
    <tag k="local_x" v="107.7408"/>
    <tag k="local_y" v="-19.9735"/>
    <tag k="ele" v="-30.266"/>
  </node>
  <node id="6374" lat="36.84339427842" lon="128.09378376533">
    <tag k="local_x" v="108.6986"/>
    <tag k="local_y" v="-19.9026"/>
    <tag k="ele" v="-30.2548"/>
  </node>
  <node id="6375" lat="36.84339491745" lon="128.09379450916">
    <tag k="local_x" v="109.6565"/>
    <tag k="local_y" v="-19.8317"/>
    <tag k="ele" v="-30.2435"/>
  </node>
  <node id="6376" lat="36.84339555648" lon="128.093805253">
    <tag k="local_x" v="110.6144"/>
    <tag k="local_y" v="-19.7608"/>
    <tag k="ele" v="-30.2323"/>
  </node>
  <node id="6377" lat="36.84339619551" lon="128.09381599683">
    <tag k="local_x" v="111.5723"/>
    <tag k="local_y" v="-19.6899"/>
    <tag k="ele" v="-30.221"/>
  </node>
  <node id="6378" lat="36.84339683453" lon="128.09382674066">
    <tag k="local_x" v="112.5302"/>
    <tag k="local_y" v="-19.619"/>
    <tag k="ele" v="-30.2098"/>
  </node>
  <node id="6379" lat="36.84339747356" lon="128.0938374845">
    <tag k="local_x" v="113.4881"/>
    <tag k="local_y" v="-19.5481"/>
    <tag k="ele" v="-30.1985"/>
  </node>
  <node id="6380" lat="36.84339811258" lon="128.09384822833">
    <tag k="local_x" v="114.446"/>
    <tag k="local_y" v="-19.4772"/>
    <tag k="ele" v="-30.1873"/>
  </node>
  <node id="6381" lat="36.84339875161" lon="128.09385897104">
    <tag k="local_x" v="115.4038"/>
    <tag k="local_y" v="-19.4063"/>
    <tag k="ele" v="-30.176"/>
  </node>
  <node id="6382" lat="36.84339939063" lon="128.09386971488">
    <tag k="local_x" v="116.3617"/>
    <tag k="local_y" v="-19.3354"/>
    <tag k="ele" v="-30.1648"/>
  </node>
  <node id="6383" lat="36.84340002965" lon="128.09388045871">
    <tag k="local_x" v="117.3196"/>
    <tag k="local_y" v="-19.2645"/>
    <tag k="ele" v="-30.1535"/>
  </node>
  <node id="6384" lat="36.84340066867" lon="128.09389120254">
    <tag k="local_x" v="118.2775"/>
    <tag k="local_y" v="-19.1936"/>
    <tag k="ele" v="-30.1423"/>
  </node>
  <node id="6386" lat="36.84344343964" lon="128.09362407236">
    <tag k="local_x" v="94.4606"/>
    <tag k="local_y" v="-14.4493"/>
    <tag k="ele" v="-30.5505"/>
  </node>
  <node id="6387" lat="36.84343758456" lon="128.09363050916">
    <tag k="local_x" v="95.0345"/>
    <tag k="local_y" v="-15.0988"/>
    <tag k="ele" v="-30.5335"/>
  </node>
  <node id="6388" lat="36.84343167719" lon="128.0936368708">
    <tag k="local_x" v="95.6017"/>
    <tag k="local_y" v="-15.7541"/>
    <tag k="ele" v="-30.5168"/>
  </node>
  <node id="6389" lat="36.84342575179" lon="128.09364320665">
    <tag k="local_x" v="96.1666"/>
    <tag k="local_y" v="-16.4114"/>
    <tag k="ele" v="-30.5001"/>
  </node>
  <node id="6390" lat="36.8434199562" lon="128.09364972532">
    <tag k="local_x" v="96.7478"/>
    <tag k="local_y" v="-17.0543"/>
    <tag k="ele" v="-30.4829"/>
  </node>
  <node id="6391" lat="36.84341450226" lon="128.09365667357">
    <tag k="local_x" v="97.3673"/>
    <tag k="local_y" v="-17.6593"/>
    <tag k="ele" v="-30.464"/>
  </node>
  <node id="6392" lat="36.84340945398" lon="128.09366406036">
    <tag k="local_x" v="98.0259"/>
    <tag k="local_y" v="-18.2193"/>
    <tag k="ele" v="-30.4433"/>
  </node>
  <node id="6393" lat="36.84340507999" lon="128.09367211228">
    <tag k="local_x" v="98.7438"/>
    <tag k="local_y" v="-18.7045"/>
    <tag k="ele" v="-30.4197"/>
  </node>
  <node id="6394" lat="36.84340139651" lon="128.09368067117">
    <tag k="local_x" v="99.5069"/>
    <tag k="local_y" v="-19.1131"/>
    <tag k="ele" v="-30.3938"/>
  </node>
  <node id="6395" lat="36.84339784736" lon="128.09368932764">
    <tag k="local_x" v="100.2787"/>
    <tag k="local_y" v="-19.5068"/>
    <tag k="ele" v="-30.3674"/>
  </node>
  <node id="6396" lat="36.84339432434" lon="128.09369799869">
    <tag k="local_x" v="101.0518"/>
    <tag k="local_y" v="-19.8976"/>
    <tag k="ele" v="-30.3409"/>
  </node>
  <node id="6398" lat="36.84339159462" lon="128.09370606633">
    <tag k="local_x" v="101.7711"/>
    <tag k="local_y" v="-20.2004"/>
    <tag k="ele" v="-30.3409"/>
  </node>
  <node id="6399" lat="36.84339018645" lon="128.09371462974">
    <tag k="local_x" v="102.5346"/>
    <tag k="local_y" v="-20.3566"/>
    <tag k="ele" v="-30.3409"/>
  </node>
  <node id="6400" lat="36.84339024045" lon="128.09372335244">
    <tag k="local_x" v="103.3123"/>
    <tag k="local_y" v="-20.3506"/>
    <tag k="ele" v="-30.3328"/>
  </node>
  <node id="6401" lat="36.84339098137" lon="128.09373207178">
    <tag k="local_x" v="104.0897"/>
    <tag k="local_y" v="-20.2684"/>
    <tag k="ele" v="-30.3163"/>
  </node>
  <node id="6403" lat="36.84340132124" lon="128.09389905826">
    <tag k="local_x" v="118.9779"/>
    <tag k="local_y" v="-19.1212"/>
    <tag k="ele" v="-30.1254"/>
  </node>
  <node id="6404" lat="36.84340197472" lon="128.09390691509">
    <tag k="local_x" v="119.6784"/>
    <tag k="local_y" v="-19.0487"/>
    <tag k="ele" v="-30.1085"/>
  </node>
  <node id="6405" lat="36.84340262819" lon="128.0939147708">
    <tag k="local_x" v="120.3788"/>
    <tag k="local_y" v="-18.9762"/>
    <tag k="ele" v="-30.0916"/>
  </node>
  <node id="6406" lat="36.84340241716" lon="128.0939225749">
    <tag k="local_x" v="121.0746"/>
    <tag k="local_y" v="-18.9996"/>
    <tag k="ele" v="-30.0827"/>
  </node>
  <node id="6407" lat="36.84340106668" lon="128.09393004362">
    <tag k="local_x" v="121.7405"/>
    <tag k="local_y" v="-19.1494"/>
    <tag k="ele" v="-30.0764"/>
  </node>
  <node id="6408" lat="36.84339864887" lon="128.09393694592">
    <tag k="local_x" v="122.3559"/>
    <tag k="local_y" v="-19.4176"/>
    <tag k="ele" v="-30.073"/>
  </node>
  <node id="6409" lat="36.84339494106" lon="128.09394294081">
    <tag k="local_x" v="122.8904"/>
    <tag k="local_y" v="-19.8289"/>
    <tag k="ele" v="-30.073"/>
  </node>
  <node id="6410" lat="36.8433900154" lon="128.09394749555">
    <tag k="local_x" v="123.2965"/>
    <tag k="local_y" v="-20.3753"/>
    <tag k="ele" v="-30.073"/>
  </node>
  <node id="6411" lat="36.84338431268" lon="128.09395044638">
    <tag k="local_x" v="123.5596"/>
    <tag k="local_y" v="-21.0079"/>
    <tag k="ele" v="-30.073"/>
  </node>
  <node id="6412" lat="36.84337816286" lon="128.09395155553">
    <tag k="local_x" v="123.6585"/>
    <tag k="local_y" v="-21.6901"/>
    <tag k="ele" v="-30.073"/>
  </node>
  <node id="6413" lat="36.8433719707" lon="128.09395051569">
    <tag k="local_x" v="123.5658"/>
    <tag k="local_y" v="-22.377"/>
    <tag k="ele" v="-30.073"/>
  </node>
  <node id="6414" lat="36.84336614816" lon="128.09394762634">
    <tag k="local_x" v="123.3082"/>
    <tag k="local_y" v="-23.0229"/>
    <tag k="ele" v="-30.073"/>
  </node>
  <node id="6415" lat="36.84336104952" lon="128.09394303217">
    <tag k="local_x" v="122.8986"/>
    <tag k="local_y" v="-23.5885"/>
    <tag k="ele" v="-30.073"/>
  </node>
  <node id="6416" lat="36.84335716697" lon="128.09393683974">
    <tag k="local_x" v="122.3465"/>
    <tag k="local_y" v="-24.0192"/>
    <tag k="ele" v="-30.073"/>
  </node>
  <node id="6417" lat="36.84335459787" lon="128.09392966257">
    <tag k="local_x" v="121.7066"/>
    <tag k="local_y" v="-24.3042"/>
    <tag k="ele" v="-30.073"/>
  </node>
  <node id="6418" lat="36.84335371543" lon="128.09392190669">
    <tag k="local_x" v="121.0151"/>
    <tag k="local_y" v="-24.4021"/>
    <tag k="ele" v="-30.0705"/>
  </node>
  <node id="6420" lat="36.84358906162" lon="128.09397697265">
    <tag k="local_x" v="125.9243"/>
    <tag k="local_y" v="1.705"/>
    <tag k="ele" v="-29.171"/>
  </node>
  <node id="6421" lat="36.84359125211" lon="128.09398306749">
    <tag k="local_x" v="126.4677"/>
    <tag k="local_y" v="1.948"/>
    <tag k="ele" v="-29.171"/>
  </node>
  <node id="6422" lat="36.84359449192" lon="128.09398824264">
    <tag k="local_x" v="126.9291"/>
    <tag k="local_y" v="2.3074"/>
    <tag k="ele" v="-29.171"/>
  </node>
  <node id="6423" lat="36.84359901634" lon="128.09399176232">
    <tag k="local_x" v="127.2429"/>
    <tag k="local_y" v="2.8093"/>
    <tag k="ele" v="-29.171"/>
  </node>
  <node id="6424" lat="36.84360420246" lon="128.09399347959">
    <tag k="local_x" v="127.396"/>
    <tag k="local_y" v="3.3846"/>
    <tag k="ele" v="-29.171"/>
  </node>
  <node id="6425" lat="36.843609577" lon="128.09399330472">
    <tag k="local_x" v="127.3804"/>
    <tag k="local_y" v="3.9808"/>
    <tag k="ele" v="-29.171"/>
  </node>
  <node id="6426" lat="36.84361463967" lon="128.09399105487">
    <tag k="local_x" v="127.1798"/>
    <tag k="local_y" v="4.5424"/>
    <tag k="ele" v="-29.171"/>
  </node>
  <node id="6427" lat="36.84361895053" lon="128.09398706989">
    <tag k="local_x" v="126.8245"/>
    <tag k="local_y" v="5.0206"/>
    <tag k="ele" v="-29.171"/>
  </node>
  <node id="6428" lat="36.84362214269" lon="128.0939817199">
    <tag k="local_x" v="126.3475"/>
    <tag k="local_y" v="5.3747"/>
    <tag k="ele" v="-29.171"/>
  </node>
  <node id="6429" lat="36.84362394479" lon="128.09397546249">
    <tag k="local_x" v="125.7896"/>
    <tag k="local_y" v="5.5746"/>
    <tag k="ele" v="-29.171"/>
  </node>
  <node id="6430" lat="36.84362433881" lon="128.09396887195">
    <tag k="local_x" v="125.202"/>
    <tag k="local_y" v="5.6183"/>
    <tag k="ele" v="-29.1864"/>
  </node>
  <node id="6431" lat="36.84362267027" lon="128.09396272889">
    <tag k="local_x" v="124.6543"/>
    <tag k="local_y" v="5.4332"/>
    <tag k="ele" v="-29.3224"/>
  </node>
  <node id="6433" lat="36.84335338201" lon="128.09391077928">
    <tag k="local_x" v="120.023"/>
    <tag k="local_y" v="-24.4391"/>
    <tag k="ele" v="-30.0656"/>
  </node>
  <node id="6434" lat="36.84335304949" lon="128.09389965186">
    <tag k="local_x" v="119.0309"/>
    <tag k="local_y" v="-24.476"/>
    <tag k="ele" v="-30.0606"/>
  </node>
  <node id="6435" lat="36.84335271607" lon="128.09388852445">
    <tag k="local_x" v="118.0388"/>
    <tag k="local_y" v="-24.513"/>
    <tag k="ele" v="-30.0557"/>
  </node>
  <node id="6436" lat="36.84335238356" lon="128.09387739704">
    <tag k="local_x" v="117.0467"/>
    <tag k="local_y" v="-24.5499"/>
    <tag k="ele" v="-30.0507"/>
  </node>
  <node id="6437" lat="36.84335205104" lon="128.09386627076">
    <tag k="local_x" v="116.0547"/>
    <tag k="local_y" v="-24.5868"/>
    <tag k="ele" v="-30.0458"/>
  </node>
  <node id="6438" lat="36.84335171852" lon="128.09385514335">
    <tag k="local_x" v="115.0626"/>
    <tag k="local_y" v="-24.6237"/>
    <tag k="ele" v="-30.0408"/>
  </node>
  <node id="6439" lat="36.8433513851" lon="128.09384401594">
    <tag k="local_x" v="114.0705"/>
    <tag k="local_y" v="-24.6607"/>
    <tag k="ele" v="-30.0359"/>
  </node>
  <node id="6440" lat="36.84335105257" lon="128.09383288853">
    <tag k="local_x" v="113.0784"/>
    <tag k="local_y" v="-24.6976"/>
    <tag k="ele" v="-30.031"/>
  </node>
  <node id="6441" lat="36.84335072005" lon="128.09382176112">
    <tag k="local_x" v="112.0863"/>
    <tag k="local_y" v="-24.7345"/>
    <tag k="ele" v="-30.026"/>
  </node>
  <node id="6442" lat="36.84335038663" lon="128.09381063371">
    <tag k="local_x" v="111.0942"/>
    <tag k="local_y" v="-24.7715"/>
    <tag k="ele" v="-30.021"/>
  </node>
  <node id="6443" lat="36.8433500541" lon="128.0937995063">
    <tag k="local_x" v="110.1021"/>
    <tag k="local_y" v="-24.8084"/>
    <tag k="ele" v="-30.0161"/>
  </node>
  <node id="6444" lat="36.84334972157" lon="128.09378837889">
    <tag k="local_x" v="109.11"/>
    <tag k="local_y" v="-24.8453"/>
    <tag k="ele" v="-30.0111"/>
  </node>
  <node id="6445" lat="36.84334938815" lon="128.09377725148">
    <tag k="local_x" v="108.1179"/>
    <tag k="local_y" v="-24.8823"/>
    <tag k="ele" v="-30.0062"/>
  </node>
  <node id="6446" lat="36.84334905562" lon="128.09376612407">
    <tag k="local_x" v="107.1258"/>
    <tag k="local_y" v="-24.9192"/>
    <tag k="ele" v="-30.0012"/>
  </node>
  <node id="6469" lat="36.84350151538" lon="128.09344739373">
    <tag k="local_x" v="78.7082"/>
    <tag k="local_y" v="-8.0071"/>
    <tag k="ele" v="-30.6411"/>
  </node>
  <node id="6487" lat="36.84347270087" lon="128.09345062249">
    <tag k="local_x" v="78.9961"/>
    <tag k="local_y" v="-11.2035"/>
    <tag k="ele" v="-30.6411"/>
  </node>
  <node id="6488" lat="36.84347335526" lon="128.09346094798">
    <tag k="local_x" v="79.9167"/>
    <tag k="local_y" v="-11.1309"/>
    <tag k="ele" v="-30.6757"/>
  </node>
  <node id="6489" lat="36.84347401054" lon="128.09347127346">
    <tag k="local_x" v="80.8373"/>
    <tag k="local_y" v="-11.0582"/>
    <tag k="ele" v="-30.7103"/>
  </node>
  <node id="6490" lat="36.84347466583" lon="128.09348159894">
    <tag k="local_x" v="81.7579"/>
    <tag k="local_y" v="-10.9855"/>
    <tag k="ele" v="-30.7449"/>
  </node>
  <node id="6491" lat="36.84347532022" lon="128.09349192443">
    <tag k="local_x" v="82.6785"/>
    <tag k="local_y" v="-10.9129"/>
    <tag k="ele" v="-30.7794"/>
  </node>
  <node id="6492" lat="36.8434759755" lon="128.09350224991">
    <tag k="local_x" v="83.5991"/>
    <tag k="local_y" v="-10.8402"/>
    <tag k="ele" v="-30.814"/>
  </node>
  <node id="6493" lat="36.84347663079" lon="128.0935125754">
    <tag k="local_x" v="84.5197"/>
    <tag k="local_y" v="-10.7675"/>
    <tag k="ele" v="-30.8486"/>
  </node>
  <node id="6494" lat="36.84347728517" lon="128.09352290088">
    <tag k="local_x" v="85.4403"/>
    <tag k="local_y" v="-10.6949"/>
    <tag k="ele" v="-30.8832"/>
  </node>
  <node id="6495" lat="36.84347793775" lon="128.09353322749">
    <tag k="local_x" v="86.361"/>
    <tag k="local_y" v="-10.6225"/>
    <tag k="ele" v="-30.9161"/>
  </node>
  <node id="6496" lat="36.8434786985" lon="128.09354354624">
    <tag k="local_x" v="87.281"/>
    <tag k="local_y" v="-10.5381"/>
    <tag k="ele" v="-30.9203"/>
  </node>
  <node id="6497" lat="36.84347962873" lon="128.09355384481">
    <tag k="local_x" v="88.1992"/>
    <tag k="local_y" v="-10.4349"/>
    <tag k="ele" v="-30.9203"/>
  </node>
  <node id="6498" lat="36.84348070139" lon="128.09356412208">
    <tag k="local_x" v="89.1155"/>
    <tag k="local_y" v="-10.3159"/>
    <tag k="ele" v="-30.9203"/>
  </node>
  <node id="6500" lat="36.84348071934" lon="128.09357290423">
    <tag k="local_x" v="89.8985"/>
    <tag k="local_y" v="-10.3139"/>
    <tag k="ele" v="-30.9203"/>
  </node>
  <node id="6501" lat="36.84347896231" lon="128.0935813824">
    <tag k="local_x" v="90.6544"/>
    <tag k="local_y" v="-10.5088"/>
    <tag k="ele" v="-30.9203"/>
  </node>
  <node id="6502" lat="36.84347493089" lon="128.09358852135">
    <tag k="local_x" v="91.2909"/>
    <tag k="local_y" v="-10.956"/>
    <tag k="ele" v="-30.9028"/>
  </node>
  <node id="6503" lat="36.84346981862" lon="128.09359461831">
    <tag k="local_x" v="91.8345"/>
    <tag k="local_y" v="-11.5231"/>
    <tag k="ele" v="-30.8571"/>
  </node>
  <node id="6504" lat="36.84346454318" lon="128.0936005089">
    <tag k="local_x" v="92.3597"/>
    <tag k="local_y" v="-12.1083"/>
    <tag k="ele" v="-30.7958"/>
  </node>
  <node id="6505" lat="36.84345926685" lon="128.09360639949">
    <tag k="local_x" v="92.8849"/>
    <tag k="local_y" v="-12.6936"/>
    <tag k="ele" v="-30.7345"/>
  </node>
  <node id="6506" lat="36.84345399141" lon="128.09361229007">
    <tag k="local_x" v="93.4101"/>
    <tag k="local_y" v="-13.2788"/>
    <tag k="ele" v="-30.6732"/>
  </node>
  <node id="6507" lat="36.84344871508" lon="128.09361818066">
    <tag k="local_x" v="93.9353"/>
    <tag k="local_y" v="-13.8641"/>
    <tag k="ele" v="-30.6118"/>
  </node>
  <node id="6509" lat="36.84348193901" lon="128.09357443523">
    <tag k="local_x" v="90.035"/>
    <tag k="local_y" v="-10.1786"/>
    <tag k="ele" v="-30.9203"/>
  </node>
  <node id="6510" lat="36.84348332087" lon="128.09358472035">
    <tag k="local_x" v="90.952"/>
    <tag k="local_y" v="-10.0253"/>
    <tag k="ele" v="-30.9203"/>
  </node>
  <node id="6511" lat="36.84348484697" lon="128.09359497406">
    <tag k="local_x" v="91.8662"/>
    <tag k="local_y" v="-9.856"/>
    <tag k="ele" v="-30.9203"/>
  </node>
  <node id="6512" lat="36.8434865173" lon="128.09360519301">
    <tag k="local_x" v="92.7773"/>
    <tag k="local_y" v="-9.6707"/>
    <tag k="ele" v="-30.9203"/>
  </node>
  <node id="6513" lat="36.84348833096" lon="128.09361537271">
    <tag k="local_x" v="93.6849"/>
    <tag k="local_y" v="-9.4695"/>
    <tag k="ele" v="-30.9203"/>
  </node>
  <node id="6514" lat="36.84349028795" lon="128.09362551315">
    <tag k="local_x" v="94.589"/>
    <tag k="local_y" v="-9.2524"/>
    <tag k="ele" v="-30.9203"/>
  </node>
  <node id="6515" lat="36.84349238738" lon="128.0936356076">
    <tag k="local_x" v="95.489"/>
    <tag k="local_y" v="-9.0195"/>
    <tag k="ele" v="-30.9203"/>
  </node>
  <node id="6516" lat="36.84349463104" lon="128.09364565495">
    <tag k="local_x" v="96.3848"/>
    <tag k="local_y" v="-8.7706"/>
    <tag k="ele" v="-30.9203"/>
  </node>
  <node id="6517" lat="36.84349701623" lon="128.09365565072">
    <tag k="local_x" v="97.276"/>
    <tag k="local_y" v="-8.506"/>
    <tag k="ele" v="-30.9203"/>
  </node>
  <node id="6518" lat="36.84349954115" lon="128.09366559376">
    <tag k="local_x" v="98.1625"/>
    <tag k="local_y" v="-8.2259"/>
    <tag k="ele" v="-30.9203"/>
  </node>
  <node id="6519" lat="36.84350220489" lon="128.09367548074">
    <tag k="local_x" v="99.044"/>
    <tag k="local_y" v="-7.9304"/>
    <tag k="ele" v="-30.9203"/>
  </node>
  <node id="6520" lat="36.84350500746" lon="128.09368530714">
    <tag k="local_x" v="99.9201"/>
    <tag k="local_y" v="-7.6195"/>
    <tag k="ele" v="-30.9203"/>
  </node>
  <node id="6521" lat="36.84350791009" lon="128.09369497092">
    <tag k="local_x" v="100.7817"/>
    <tag k="local_y" v="-7.2975"/>
    <tag k="ele" v="-30.8208"/>
  </node>
  <node id="6523" lat="36.84332650438" lon="128.09300322551">
    <tag k="local_x" v="39.1071"/>
    <tag k="local_y" v="-27.4214"/>
    <tag k="ele" v="-29.7542"/>
  </node>
  <node id="6524" lat="36.84333080434" lon="128.0930127367">
    <tag k="local_x" v="39.9551"/>
    <tag k="local_y" v="-26.9444"/>
    <tag k="ele" v="-29.7607"/>
  </node>
  <node id="6525" lat="36.8433351034" lon="128.09302224678">
    <tag k="local_x" v="40.803"/>
    <tag k="local_y" v="-26.4675"/>
    <tag k="ele" v="-29.7673"/>
  </node>
  <node id="6526" lat="36.84333940336" lon="128.09303175798">
    <tag k="local_x" v="41.651"/>
    <tag k="local_y" v="-25.9905"/>
    <tag k="ele" v="-29.7738"/>
  </node>
  <node id="6527" lat="36.84334370332" lon="128.09304126919">
    <tag k="local_x" v="42.499"/>
    <tag k="local_y" v="-25.5135"/>
    <tag k="ele" v="-29.7803"/>
  </node>
  <node id="6528" lat="36.84334800237" lon="128.09305078039">
    <tag k="local_x" v="43.347"/>
    <tag k="local_y" v="-25.0366"/>
    <tag k="ele" v="-29.7868"/>
  </node>
  <node id="6529" lat="36.84335230233" lon="128.09306029047">
    <tag k="local_x" v="44.1949"/>
    <tag k="local_y" v="-24.5596"/>
    <tag k="ele" v="-29.7934"/>
  </node>
  <node id="6530" lat="36.84335660138" lon="128.09306980168">
    <tag k="local_x" v="45.0429"/>
    <tag k="local_y" v="-24.0827"/>
    <tag k="ele" v="-29.7999"/>
  </node>
  <node id="6531" lat="36.84336090134" lon="128.09307931288">
    <tag k="local_x" v="45.8909"/>
    <tag k="local_y" v="-23.6057"/>
    <tag k="ele" v="-29.8064"/>
  </node>
  <node id="6532" lat="36.8433652013" lon="128.09308882409">
    <tag k="local_x" v="46.7389"/>
    <tag k="local_y" v="-23.1287"/>
    <tag k="ele" v="-29.8129"/>
  </node>
  <node id="6533" lat="36.84336950035" lon="128.09309833418">
    <tag k="local_x" v="47.5868"/>
    <tag k="local_y" v="-22.6518"/>
    <tag k="ele" v="-29.8195"/>
  </node>
  <node id="6534" lat="36.8433738003" lon="128.09310784539">
    <tag k="local_x" v="48.4348"/>
    <tag k="local_y" v="-22.1748"/>
    <tag k="ele" v="-29.826"/>
  </node>
  <node id="6535" lat="36.84337810025" lon="128.0931173566">
    <tag k="local_x" v="49.2828"/>
    <tag k="local_y" v="-21.6978"/>
    <tag k="ele" v="-29.8325"/>
  </node>
  <node id="6536" lat="36.84338239931" lon="128.09312686781">
    <tag k="local_x" v="50.1308"/>
    <tag k="local_y" v="-21.2209"/>
    <tag k="ele" v="-29.839"/>
  </node>
  <node id="6537" lat="36.84338669114" lon="128.09313638239">
    <tag k="local_x" v="50.9791"/>
    <tag k="local_y" v="-20.7448"/>
    <tag k="ele" v="-29.854"/>
  </node>
  <node id="6538" lat="36.84339097036" lon="128.09314590258">
    <tag k="local_x" v="51.8279"/>
    <tag k="local_y" v="-20.2701"/>
    <tag k="ele" v="-29.8829"/>
  </node>
  <node id="6539" lat="36.84339524867" lon="128.09315542276">
    <tag k="local_x" v="52.6767"/>
    <tag k="local_y" v="-19.7955"/>
    <tag k="ele" v="-29.9117"/>
  </node>
  <node id="6540" lat="36.84339952789" lon="128.09316494295">
    <tag k="local_x" v="53.5255"/>
    <tag k="local_y" v="-19.3208"/>
    <tag k="ele" v="-29.9406"/>
  </node>
  <node id="6541" lat="36.8434038062" lon="128.09317446314">
    <tag k="local_x" v="54.3743"/>
    <tag k="local_y" v="-18.8462"/>
    <tag k="ele" v="-29.9695"/>
  </node>
  <node id="6542" lat="36.84340808542" lon="128.09318398333">
    <tag k="local_x" v="55.2231"/>
    <tag k="local_y" v="-18.3715"/>
    <tag k="ele" v="-29.9983"/>
  </node>
  <node id="6543" lat="36.84341236373" lon="128.09319350352">
    <tag k="local_x" v="56.0719"/>
    <tag k="local_y" v="-17.8969"/>
    <tag k="ele" v="-30.0272"/>
  </node>
  <node id="6544" lat="36.84341664294" lon="128.09320302372">
    <tag k="local_x" v="56.9207"/>
    <tag k="local_y" v="-17.4222"/>
    <tag k="ele" v="-30.056"/>
  </node>
  <node id="6545" lat="36.84342092125" lon="128.09321254391">
    <tag k="local_x" v="57.7695"/>
    <tag k="local_y" v="-16.9476"/>
    <tag k="ele" v="-30.0849"/>
  </node>
  <node id="6546" lat="36.84342520046" lon="128.09322206411">
    <tag k="local_x" v="58.6183"/>
    <tag k="local_y" v="-16.4729"/>
    <tag k="ele" v="-30.1138"/>
  </node>
  <node id="6547" lat="36.84342947967" lon="128.0932315843">
    <tag k="local_x" v="59.4671"/>
    <tag k="local_y" v="-15.9982"/>
    <tag k="ele" v="-30.1426"/>
  </node>
  <node id="6548" lat="36.84343375798" lon="128.0932411045">
    <tag k="local_x" v="60.3159"/>
    <tag k="local_y" v="-15.5236"/>
    <tag k="ele" v="-30.1715"/>
  </node>
  <node id="6549" lat="36.84343764234" lon="128.09325087818">
    <tag k="local_x" v="61.1873"/>
    <tag k="local_y" v="-15.0927"/>
    <tag k="ele" v="-30.1765"/>
  </node>
  <node id="6550" lat="36.84344130945" lon="128.09326078981">
    <tag k="local_x" v="62.071"/>
    <tag k="local_y" v="-14.6859"/>
    <tag k="ele" v="-30.1685"/>
  </node>
  <node id="6551" lat="36.84344497746" lon="128.09327070256">
    <tag k="local_x" v="62.9548"/>
    <tag k="local_y" v="-14.279"/>
    <tag k="ele" v="-30.1604"/>
  </node>
  <node id="6552" lat="36.84344864457" lon="128.0932806142">
    <tag k="local_x" v="63.8385"/>
    <tag k="local_y" v="-13.8722"/>
    <tag k="ele" v="-30.1524"/>
  </node>
  <node id="6553" lat="36.84345231258" lon="128.09329052696">
    <tag k="local_x" v="64.7223"/>
    <tag k="local_y" v="-13.4653"/>
    <tag k="ele" v="-30.1443"/>
  </node>
  <node id="6554" lat="36.84345598058" lon="128.09330043859">
    <tag k="local_x" v="65.606"/>
    <tag k="local_y" v="-13.0584"/>
    <tag k="ele" v="-30.1363"/>
  </node>
  <node id="6555" lat="36.84345964769" lon="128.09331035023">
    <tag k="local_x" v="66.4897"/>
    <tag k="local_y" v="-12.6516"/>
    <tag k="ele" v="-30.1282"/>
  </node>
  <node id="6556" lat="36.84346257108" lon="128.09332052095">
    <tag k="local_x" v="67.3965"/>
    <tag k="local_y" v="-12.3273"/>
    <tag k="ele" v="-30.1362"/>
  </node>
  <node id="6557" lat="36.84346382045" lon="128.09333126928">
    <tag k="local_x" v="68.3548"/>
    <tag k="local_y" v="-12.1887"/>
    <tag k="ele" v="-30.1804"/>
  </node>
  <node id="6558" lat="36.84346486067" lon="128.09334209164">
    <tag k="local_x" v="69.3197"/>
    <tag k="local_y" v="-12.0733"/>
    <tag k="ele" v="-30.229"/>
  </node>
  <node id="6559" lat="36.84346590089" lon="128.09335291287">
    <tag k="local_x" v="70.2845"/>
    <tag k="local_y" v="-11.9579"/>
    <tag k="ele" v="-30.2777"/>
  </node>
  <node id="6560" lat="36.84346694111" lon="128.09336373523">
    <tag k="local_x" v="71.2494"/>
    <tag k="local_y" v="-11.8425"/>
    <tag k="ele" v="-30.3263"/>
  </node>
  <node id="6561" lat="36.84346789389" lon="128.09337456992">
    <tag k="local_x" v="72.2154"/>
    <tag k="local_y" v="-11.7368"/>
    <tag k="ele" v="-30.3684"/>
  </node>
  <node id="6562" lat="36.84346858073" lon="128.09338543489">
    <tag k="local_x" v="73.1841"/>
    <tag k="local_y" v="-11.6606"/>
    <tag k="ele" v="-30.4074"/>
  </node>
  <node id="6563" lat="36.84346926757" lon="128.09339629987">
    <tag k="local_x" v="74.1528"/>
    <tag k="local_y" v="-11.5844"/>
    <tag k="ele" v="-30.4463"/>
  </node>
  <node id="6564" lat="36.84346995351" lon="128.09340716372">
    <tag k="local_x" v="75.1214"/>
    <tag k="local_y" v="-11.5083"/>
    <tag k="ele" v="-30.4853"/>
  </node>
  <node id="6565" lat="36.84347064035" lon="128.09341802869">
    <tag k="local_x" v="76.0901"/>
    <tag k="local_y" v="-11.4321"/>
    <tag k="ele" v="-30.5242"/>
  </node>
  <node id="6566" lat="36.84347132719" lon="128.09342889367">
    <tag k="local_x" v="77.0588"/>
    <tag k="local_y" v="-11.3559"/>
    <tag k="ele" v="-30.5632"/>
  </node>
  <node id="6567" lat="36.84347201403" lon="128.09343975752">
    <tag k="local_x" v="78.0274"/>
    <tag k="local_y" v="-11.2797"/>
    <tag k="ele" v="-30.6021"/>
  </node>
  <node id="6569" lat="36.84350029397" lon="128.09343660838">
    <tag k="local_x" v="77.7466"/>
    <tag k="local_y" v="-8.1426"/>
    <tag k="ele" v="-30.6046"/>
  </node>
  <node id="6570" lat="36.84349907256" lon="128.09342582415">
    <tag k="local_x" v="76.7851"/>
    <tag k="local_y" v="-8.2781"/>
    <tag k="ele" v="-30.5681"/>
  </node>
  <node id="6571" lat="36.84349785205" lon="128.0934150388">
    <tag k="local_x" v="75.8235"/>
    <tag k="local_y" v="-8.4135"/>
    <tag k="ele" v="-30.5315"/>
  </node>
  <node id="6572" lat="36.84349663064" lon="128.09340425457">
    <tag k="local_x" v="74.862"/>
    <tag k="local_y" v="-8.549"/>
    <tag k="ele" v="-30.495"/>
  </node>
  <node id="6573" lat="36.84349540923" lon="128.09339346922">
    <tag k="local_x" v="73.9004"/>
    <tag k="local_y" v="-8.6845"/>
    <tag k="ele" v="-30.4585"/>
  </node>
  <node id="6574" lat="36.84349418872" lon="128.093382685">
    <tag k="local_x" v="72.9389"/>
    <tag k="local_y" v="-8.8199"/>
    <tag k="ele" v="-30.422"/>
  </node>
  <node id="6575" lat="36.8434929673" lon="128.09337189965">
    <tag k="local_x" v="71.9773"/>
    <tag k="local_y" v="-8.9554"/>
    <tag k="ele" v="-30.3855"/>
  </node>
  <node id="6576" lat="36.84349173868" lon="128.09336111766">
    <tag k="local_x" v="71.016"/>
    <tag k="local_y" v="-9.0917"/>
    <tag k="ele" v="-30.3487"/>
  </node>
  <node id="6577" lat="36.84349034238" lon="128.09335037606">
    <tag k="local_x" v="70.0583"/>
    <tag k="local_y" v="-9.2466"/>
    <tag k="ele" v="-30.3017"/>
  </node>
  <node id="6578" lat="36.84348893976" lon="128.09333963557">
    <tag k="local_x" v="69.1007"/>
    <tag k="local_y" v="-9.4022"/>
    <tag k="ele" v="-30.2538"/>
  </node>
  <node id="6579" lat="36.84348753715" lon="128.09332889509">
    <tag k="local_x" v="68.1431"/>
    <tag k="local_y" v="-9.5578"/>
    <tag k="ele" v="-30.2059"/>
  </node>
  <node id="6580" lat="36.84348613454" lon="128.0933181546">
    <tag k="local_x" v="67.1855"/>
    <tag k="local_y" v="-9.7134"/>
    <tag k="ele" v="-30.1581"/>
  </node>
  <node id="6581" lat="36.84348419104" lon="128.09330762273">
    <tag k="local_x" v="66.2465"/>
    <tag k="local_y" v="-9.929"/>
    <tag k="ele" v="-30.1237"/>
  </node>
  <node id="6582" lat="36.84348047255" lon="128.09329775035">
    <tag k="local_x" v="65.3663"/>
    <tag k="local_y" v="-10.3415"/>
    <tag k="ele" v="-30.1314"/>
  </node>
  <node id="6583" lat="36.84347675316" lon="128.09328787796">
    <tag k="local_x" v="64.4861"/>
    <tag k="local_y" v="-10.7541"/>
    <tag k="ele" v="-30.1391"/>
  </node>
  <node id="6584" lat="36.84347303467" lon="128.09327800446">
    <tag k="local_x" v="63.6058"/>
    <tag k="local_y" v="-11.1666"/>
    <tag k="ele" v="-30.1468"/>
  </node>
  <node id="6585" lat="36.84346931618" lon="128.09326813207">
    <tag k="local_x" v="62.7256"/>
    <tag k="local_y" v="-11.5791"/>
    <tag k="ele" v="-30.1545"/>
  </node>
  <node id="6586" lat="36.84346559769" lon="128.09325825857">
    <tag k="local_x" v="61.8453"/>
    <tag k="local_y" v="-11.9916"/>
    <tag k="ele" v="-30.1621"/>
  </node>
  <node id="6587" lat="36.84346187829" lon="128.09324838619">
    <tag k="local_x" v="60.9651"/>
    <tag k="local_y" v="-12.4042"/>
    <tag k="ele" v="-30.1698"/>
  </node>
  <node id="6588" lat="36.8434581598" lon="128.09323851381">
    <tag k="local_x" v="60.0849"/>
    <tag k="local_y" v="-12.8167"/>
    <tag k="ele" v="-30.1775"/>
  </node>
  <node id="6589" lat="36.84345417897" lon="128.09322880967">
    <tag k="local_x" v="59.2197"/>
    <tag k="local_y" v="-13.2583"/>
    <tag k="ele" v="-30.1687"/>
  </node>
  <node id="6590" lat="36.84344990517" lon="128.0932192962">
    <tag k="local_x" v="58.3715"/>
    <tag k="local_y" v="-13.7324"/>
    <tag k="ele" v="-30.14"/>
  </node>
  <node id="6591" lat="36.84344563137" lon="128.09320978161">
    <tag k="local_x" v="57.5232"/>
    <tag k="local_y" v="-14.2065"/>
    <tag k="ele" v="-30.1114"/>
  </node>
  <node id="6592" lat="36.84344135757" lon="128.09320026815">
    <tag k="local_x" v="56.675"/>
    <tag k="local_y" v="-14.6806"/>
    <tag k="ele" v="-30.0827"/>
  </node>
  <node id="6593" lat="36.84343708376" lon="128.09319075468">
    <tag k="local_x" v="55.8268"/>
    <tag k="local_y" v="-15.1547"/>
    <tag k="ele" v="-30.0541"/>
  </node>
  <node id="6594" lat="36.84343280996" lon="128.09318124009">
    <tag k="local_x" v="54.9785"/>
    <tag k="local_y" v="-15.6288"/>
    <tag k="ele" v="-30.0254"/>
  </node>
  <node id="6595" lat="36.84342853525" lon="128.09317172663">
    <tag k="local_x" v="54.1303"/>
    <tag k="local_y" v="-16.103"/>
    <tag k="ele" v="-29.9968"/>
  </node>
  <node id="6596" lat="36.84342426145" lon="128.09316221317">
    <tag k="local_x" v="53.2821"/>
    <tag k="local_y" v="-16.5771"/>
    <tag k="ele" v="-29.9681"/>
  </node>
  <node id="6597" lat="36.84341998764" lon="128.0931526997">
    <tag k="local_x" v="52.4339"/>
    <tag k="local_y" v="-17.0512"/>
    <tag k="ele" v="-29.9395"/>
  </node>
  <node id="6598" lat="36.84341571383" lon="128.09314318512">
    <tag k="local_x" v="51.5856"/>
    <tag k="local_y" v="-17.5253"/>
    <tag k="ele" v="-29.9108"/>
  </node>
  <node id="6599" lat="36.84341144003" lon="128.09313367166">
    <tag k="local_x" v="50.7374"/>
    <tag k="local_y" v="-17.9994"/>
    <tag k="ele" v="-29.8821"/>
  </node>
  <node id="6600" lat="36.84340716532" lon="128.0931241582">
    <tag k="local_x" v="49.8892"/>
    <tag k="local_y" v="-18.4736"/>
    <tag k="ele" v="-29.8535"/>
  </node>
  <node id="6601" lat="36.84340287798" lon="128.09311465035">
    <tag k="local_x" v="49.0415"/>
    <tag k="local_y" v="-18.9492"/>
    <tag k="ele" v="-29.839"/>
  </node>
  <node id="6602" lat="36.84339858164" lon="128.09310514699">
    <tag k="local_x" v="48.1942"/>
    <tag k="local_y" v="-19.4258"/>
    <tag k="ele" v="-29.8324"/>
  </node>
  <node id="6603" lat="36.84339428529" lon="128.09309564363">
    <tag k="local_x" v="47.3469"/>
    <tag k="local_y" v="-19.9024"/>
    <tag k="ele" v="-29.8259"/>
  </node>
  <node id="6604" lat="36.84338998894" lon="128.09308614027">
    <tag k="local_x" v="46.4996"/>
    <tag k="local_y" v="-20.379"/>
    <tag k="ele" v="-29.8194"/>
  </node>
  <node id="6605" lat="36.84338569349" lon="128.09307663691">
    <tag k="local_x" v="45.6523"/>
    <tag k="local_y" v="-20.8555"/>
    <tag k="ele" v="-29.8129"/>
  </node>
  <node id="6606" lat="36.84338139714" lon="128.09306713355">
    <tag k="local_x" v="44.805"/>
    <tag k="local_y" v="-21.3321"/>
    <tag k="ele" v="-29.8064"/>
  </node>
  <node id="6607" lat="36.84337710079" lon="128.09305763019">
    <tag k="local_x" v="43.9577"/>
    <tag k="local_y" v="-21.8087"/>
    <tag k="ele" v="-29.7998"/>
  </node>
  <node id="6608" lat="36.84337280444" lon="128.09304812684">
    <tag k="local_x" v="43.1104"/>
    <tag k="local_y" v="-22.2853"/>
    <tag k="ele" v="-29.7933"/>
  </node>
  <node id="6609" lat="36.84336850809" lon="128.09303862348">
    <tag k="local_x" v="42.2631"/>
    <tag k="local_y" v="-22.7619"/>
    <tag k="ele" v="-29.7868"/>
  </node>
  <node id="6610" lat="36.84336421263" lon="128.09302912013">
    <tag k="local_x" v="41.4158"/>
    <tag k="local_y" v="-23.2384"/>
    <tag k="ele" v="-29.7803"/>
  </node>
  <node id="6611" lat="36.84335991628" lon="128.09301961678">
    <tag k="local_x" v="40.5685"/>
    <tag k="local_y" v="-23.715"/>
    <tag k="ele" v="-29.7738"/>
  </node>
  <node id="6612" lat="36.84335561993" lon="128.09301011342">
    <tag k="local_x" v="39.7212"/>
    <tag k="local_y" v="-24.1916"/>
    <tag k="ele" v="-29.7673"/>
  </node>
  <node id="6613" lat="36.84335132357" lon="128.09300061007">
    <tag k="local_x" v="38.8739"/>
    <tag k="local_y" v="-24.6682"/>
    <tag k="ele" v="-29.7607"/>
  </node>
  <node id="6614" lat="36.84334702721" lon="128.09299110672">
    <tag k="local_x" v="38.0266"/>
    <tag k="local_y" v="-25.1448"/>
    <tag k="ele" v="-29.7542"/>
  </node>
  <node id="6616" lat="36.84351109127" lon="128.09370527177">
    <tag k="local_x" v="101.7001"/>
    <tag k="local_y" v="-6.9446"/>
    <tag k="ele" v="-30.693"/>
  </node>
  <node id="6617" lat="36.84351427244" lon="128.09371557262">
    <tag k="local_x" v="102.6185"/>
    <tag k="local_y" v="-6.5917"/>
    <tag k="ele" v="-30.5653"/>
  </node>
  <node id="6618" lat="36.84351745362" lon="128.09372587236">
    <tag k="local_x" v="103.5368"/>
    <tag k="local_y" v="-6.2388"/>
    <tag k="ele" v="-30.4375"/>
  </node>
  <node id="6619" lat="36.84352063479" lon="128.09373617321">
    <tag k="local_x" v="104.4552"/>
    <tag k="local_y" v="-5.8859"/>
    <tag k="ele" v="-30.3097"/>
  </node>
  <node id="6620" lat="36.84352381597" lon="128.09374647295">
    <tag k="local_x" v="105.3735"/>
    <tag k="local_y" v="-5.533"/>
    <tag k="ele" v="-30.1819"/>
  </node>
  <node id="6621" lat="36.84352699714" lon="128.0937567738">
    <tag k="local_x" v="106.2919"/>
    <tag k="local_y" v="-5.1801"/>
    <tag k="ele" v="-30.0542"/>
  </node>
  <node id="6622" lat="36.84353017831" lon="128.09376707354">
    <tag k="local_x" v="107.2102"/>
    <tag k="local_y" v="-4.8272"/>
    <tag k="ele" v="-29.9264"/>
  </node>
  <node id="6623" lat="36.84353335949" lon="128.0937773744">
    <tag k="local_x" v="108.1286"/>
    <tag k="local_y" v="-4.4743"/>
    <tag k="ele" v="-29.7986"/>
  </node>
  <node id="6624" lat="36.84353634774" lon="128.0937878334">
    <tag k="local_x" v="109.0611"/>
    <tag k="local_y" v="-4.1428"/>
    <tag k="ele" v="-29.7444"/>
  </node>
  <node id="6625" lat="36.8435392765" lon="128.09379834063">
    <tag k="local_x" v="109.9979"/>
    <tag k="local_y" v="-3.8179"/>
    <tag k="ele" v="-29.7125"/>
  </node>
  <node id="6626" lat="36.84354220435" lon="128.09380884898">
    <tag k="local_x" v="110.9348"/>
    <tag k="local_y" v="-3.4931"/>
    <tag k="ele" v="-29.6807"/>
  </node>
  <node id="6627" lat="36.84354513311" lon="128.09381935622">
    <tag k="local_x" v="111.8716"/>
    <tag k="local_y" v="-3.1682"/>
    <tag k="ele" v="-29.6488"/>
  </node>
  <node id="6628" lat="36.84354806186" lon="128.09382986457">
    <tag k="local_x" v="112.8085"/>
    <tag k="local_y" v="-2.8433"/>
    <tag k="ele" v="-29.617"/>
  </node>
  <node id="6629" lat="36.84355099062" lon="128.09384037181">
    <tag k="local_x" v="113.7453"/>
    <tag k="local_y" v="-2.5184"/>
    <tag k="ele" v="-29.5851"/>
  </node>
  <node id="6630" lat="36.84355391847" lon="128.09385088016">
    <tag k="local_x" v="114.6822"/>
    <tag k="local_y" v="-2.1936"/>
    <tag k="ele" v="-29.5533"/>
  </node>
  <node id="6631" lat="36.84355684722" lon="128.0938613874">
    <tag k="local_x" v="115.619"/>
    <tag k="local_y" v="-1.8687"/>
    <tag k="ele" v="-29.5214"/>
  </node>
  <node id="6632" lat="36.84355977597" lon="128.09387189464">
    <tag k="local_x" v="116.5558"/>
    <tag k="local_y" v="-1.5438"/>
    <tag k="ele" v="-29.4895"/>
  </node>
  <node id="6633" lat="36.84356270472" lon="128.09388240299">
    <tag k="local_x" v="117.4927"/>
    <tag k="local_y" v="-1.2189"/>
    <tag k="ele" v="-29.4577"/>
  </node>
  <node id="6634" lat="36.84356563256" lon="128.09389291023">
    <tag k="local_x" v="118.4295"/>
    <tag k="local_y" v="-0.8941"/>
    <tag k="ele" v="-29.4258"/>
  </node>
  <node id="6635" lat="36.84356856131" lon="128.09390341859">
    <tag k="local_x" v="119.3664"/>
    <tag k="local_y" v="-0.5692"/>
    <tag k="ele" v="-29.394"/>
  </node>
  <node id="6636" lat="36.84357149006" lon="128.09391392583">
    <tag k="local_x" v="120.3032"/>
    <tag k="local_y" v="-0.2443"/>
    <tag k="ele" v="-29.3621"/>
  </node>
  <node id="6637" lat="36.84357441881" lon="128.0939244342">
    <tag k="local_x" v="121.2401"/>
    <tag k="local_y" v="0.0806"/>
    <tag k="ele" v="-29.3303"/>
  </node>
  <node id="6638" lat="36.84357734665" lon="128.09393494144">
    <tag k="local_x" v="122.1769"/>
    <tag k="local_y" v="0.4054"/>
    <tag k="ele" v="-29.2984"/>
  </node>
  <node id="6639" lat="36.84358027539" lon="128.0939454498">
    <tag k="local_x" v="123.1138"/>
    <tag k="local_y" v="0.7303"/>
    <tag k="ele" v="-29.2666"/>
  </node>
  <node id="6640" lat="36.84358320414" lon="128.09395595704">
    <tag k="local_x" v="124.0506"/>
    <tag k="local_y" v="1.0552"/>
    <tag k="ele" v="-29.2347"/>
  </node>
  <node id="6641" lat="36.84358613288" lon="128.09396646541">
    <tag k="local_x" v="124.9875"/>
    <tag k="local_y" v="1.3801"/>
    <tag k="ele" v="-29.2029"/>
  </node>
  <node id="6671" lat="36.84332107351" lon="128.09284789613">
    <tag k="local_x" v="25.2582"/>
    <tag k="local_y" v="-28.0239"/>
    <tag k="ele" v="-29.3731"/>
  </node>
  <node id="6672" lat="36.8433216072" lon="128.09283774228">
    <tag k="local_x" v="24.3529"/>
    <tag k="local_y" v="-27.9647"/>
    <tag k="ele" v="-29.3731"/>
  </node>
  <node id="6673" lat="36.84332252762" lon="128.09282762432">
    <tag k="local_x" v="23.4508"/>
    <tag k="local_y" v="-27.8626"/>
    <tag k="ele" v="-29.3731"/>
  </node>
  <node id="6674" lat="36.8433238528" lon="128.09281757703">
    <tag k="local_x" v="22.555"/>
    <tag k="local_y" v="-27.7156"/>
    <tag k="ele" v="-29.3731"/>
  </node>
  <node id="6675" lat="36.84332557553" lon="128.09280762283">
    <tag k="local_x" v="21.6675"/>
    <tag k="local_y" v="-27.5245"/>
    <tag k="ele" v="-29.3731"/>
  </node>
  <node id="6676" lat="36.84332769219" lon="128.0927977864">
    <tag k="local_x" v="20.7905"/>
    <tag k="local_y" v="-27.2897"/>
    <tag k="ele" v="-29.3731"/>
  </node>
  <node id="6677" lat="36.84333020099" lon="128.09278809465">
    <tag k="local_x" v="19.9264"/>
    <tag k="local_y" v="-27.0114"/>
    <tag k="ele" v="-29.3731"/>
  </node>
  <node id="6678" lat="36.84333309021" lon="128.0927785689">
    <tag k="local_x" v="19.0771"/>
    <tag k="local_y" v="-26.6909"/>
    <tag k="ele" v="-29.3731"/>
  </node>
  <node id="6679" lat="36.84333635353" lon="128.09276923159">
    <tag k="local_x" v="18.2446"/>
    <tag k="local_y" v="-26.3289"/>
    <tag k="ele" v="-29.3731"/>
  </node>
  <node id="6680" lat="36.84333998195" lon="128.09276010625">
    <tag k="local_x" v="17.431"/>
    <tag k="local_y" v="-25.9264"/>
    <tag k="ele" v="-29.3731"/>
  </node>
  <node id="6681" lat="36.84334396735" lon="128.09275121309">
    <tag k="local_x" v="16.6381"/>
    <tag k="local_y" v="-25.4843"/>
    <tag k="ele" v="-29.3731"/>
  </node>
  <node id="6682" lat="36.84334830252" lon="128.09274257677">
    <tag k="local_x" v="15.8681"/>
    <tag k="local_y" v="-25.0034"/>
    <tag k="ele" v="-29.3731"/>
  </node>
  <node id="6683" lat="36.84335298024" lon="128.09273422198">
    <tag k="local_x" v="15.1232"/>
    <tag k="local_y" v="-24.4845"/>
    <tag k="ele" v="-29.3731"/>
  </node>
  <node id="6684" lat="36.8433579861" lon="128.09272616777">
    <tag k="local_x" v="14.4051"/>
    <tag k="local_y" v="-23.9292"/>
    <tag k="ele" v="-29.3731"/>
  </node>
  <node id="6685" lat="36.84336330567" lon="128.09271842985">
    <tag k="local_x" v="13.7152"/>
    <tag k="local_y" v="-23.3391"/>
    <tag k="ele" v="-29.3731"/>
  </node>
  <node id="6686" lat="36.84336894435" lon="128.09271106767">
    <tag k="local_x" v="13.0588"/>
    <tag k="local_y" v="-22.7136"/>
    <tag k="ele" v="-29.3582"/>
  </node>
  <node id="6688" lat="36.84332798944" lon="128.0928960633">
    <tag k="local_x" v="29.5527"/>
    <tag k="local_y" v="-27.2567"/>
    <tag k="ele" v="-29.5221"/>
  </node>
  <node id="6689" lat="36.84332578718" lon="128.09288658352">
    <tag k="local_x" v="28.7075"/>
    <tag k="local_y" v="-27.501"/>
    <tag k="ele" v="-29.4909"/>
  </node>
  <node id="6690" lat="36.84332346954" lon="128.09287714972">
    <tag k="local_x" v="27.8664"/>
    <tag k="local_y" v="-27.7581"/>
    <tag k="ele" v="-29.453"/>
  </node>
  <node id="6691" lat="36.8433216522" lon="128.09286755891">
    <tag k="local_x" v="27.0113"/>
    <tag k="local_y" v="-27.9597"/>
    <tag k="ele" v="-29.4144"/>
  </node>
  <node id="6692" lat="36.84332085353" lon="128.09285775724">
    <tag k="local_x" v="26.1374"/>
    <tag k="local_y" v="-28.0483"/>
    <tag k="ele" v="-29.3872"/>
  </node>
  <node id="6695" lat="36.84334114882" lon="128.09297210116">
    <tag k="local_x" v="36.3321"/>
    <tag k="local_y" v="-25.7969"/>
    <tag k="ele" v="-29.7228"/>
  </node>
  <node id="6696" lat="36.84333956677" lon="128.09296259895">
    <tag k="local_x" v="35.4849"/>
    <tag k="local_y" v="-25.9724"/>
    <tag k="ele" v="-29.6979"/>
  </node>
  <node id="6697" lat="36.84333798473" lon="128.09295309674">
    <tag k="local_x" v="34.6377"/>
    <tag k="local_y" v="-26.1479"/>
    <tag k="ele" v="-29.673"/>
  </node>
  <node id="6698" lat="36.84333640269" lon="128.09294359453">
    <tag k="local_x" v="33.7905"/>
    <tag k="local_y" v="-26.3234"/>
    <tag k="ele" v="-29.6481"/>
  </node>
  <node id="6699" lat="36.84333482064" lon="128.09293409232">
    <tag k="local_x" v="32.9433"/>
    <tag k="local_y" v="-26.4989"/>
    <tag k="ele" v="-29.6232"/>
  </node>
  <node id="6700" lat="36.8433332386" lon="128.09292459011">
    <tag k="local_x" v="32.0961"/>
    <tag k="local_y" v="-26.6744"/>
    <tag k="ele" v="-29.5983"/>
  </node>
  <node id="6701" lat="36.84333165655" lon="128.0929150879">
    <tag k="local_x" v="31.2489"/>
    <tag k="local_y" v="-26.8499"/>
    <tag k="ele" v="-29.5734"/>
  </node>
  <node id="6787" lat="36.84350997821" lon="128.09357721157">
    <tag k="local_x" v="90.2825"/>
    <tag k="local_y" v="-7.0682"/>
    <tag k="ele" v="-30.7067"/>
  </node>
  <node id="6788" lat="36.84351440719" lon="128.09356932115">
    <tag k="local_x" v="89.579"/>
    <tag k="local_y" v="-6.5769"/>
    <tag k="ele" v="-30.7067"/>
  </node>
  <node id="6789" lat="36.84351733252" lon="128.09356045042">
    <tag k="local_x" v="88.7881"/>
    <tag k="local_y" v="-6.2524"/>
    <tag k="ele" v="-30.7067"/>
  </node>
  <node id="6790" lat="36.84351852073" lon="128.09355108056">
    <tag k="local_x" v="87.9527"/>
    <tag k="local_y" v="-6.1206"/>
    <tag k="ele" v="-30.7061"/>
  </node>
  <node id="6791" lat="36.84351811876" lon="128.09354164675">
    <tag k="local_x" v="87.1116"/>
    <tag k="local_y" v="-6.1652"/>
    <tag k="ele" v="-30.7032"/>
  </node>
  <node id="6792" lat="36.84351677835" lon="128.09353218825">
    <tag k="local_x" v="86.2683"/>
    <tag k="local_y" v="-6.3139"/>
    <tag k="ele" v="-30.6986"/>
  </node>
  <node id="6793" lat="36.84351508187" lon="128.09352276676">
    <tag k="local_x" v="85.4283"/>
    <tag k="local_y" v="-6.5021"/>
    <tag k="ele" v="-30.6922"/>
  </node>
  <node id="6794" lat="36.84351338628" lon="128.09351334527">
    <tag k="local_x" v="84.5883"/>
    <tag k="local_y" v="-6.6902"/>
    <tag k="ele" v="-30.6858"/>
  </node>
  <node id="6795" lat="36.8435116907" lon="128.09350392378">
    <tag k="local_x" v="83.7483"/>
    <tag k="local_y" v="-6.8783"/>
    <tag k="ele" v="-30.6794"/>
  </node>
  <node id="6796" lat="36.84350999421" lon="128.09349450229">
    <tag k="local_x" v="82.9083"/>
    <tag k="local_y" v="-7.0665"/>
    <tag k="ele" v="-30.673"/>
  </node>
  <node id="6797" lat="36.84350829863" lon="128.09348507968">
    <tag k="local_x" v="82.0682"/>
    <tag k="local_y" v="-7.2546"/>
    <tag k="ele" v="-30.6666"/>
  </node>
  <node id="6798" lat="36.84350660304" lon="128.09347565819">
    <tag k="local_x" v="81.2282"/>
    <tag k="local_y" v="-7.4427"/>
    <tag k="ele" v="-30.6603"/>
  </node>
  <node id="6799" lat="36.84350490655" lon="128.09346623671">
    <tag k="local_x" v="80.3882"/>
    <tag k="local_y" v="-7.6309"/>
    <tag k="ele" v="-30.6539"/>
  </node>
  <node id="6800" lat="36.84350321096" lon="128.09345681522">
    <tag k="local_x" v="79.5482"/>
    <tag k="local_y" v="-7.819"/>
    <tag k="ele" v="-30.6475"/>
  </node>
  <node id="6888" lat="36.84361988576" lon="128.09395217117">
    <tag k="local_x" v="123.713"/>
    <tag k="local_y" v="5.1243"/>
    <tag k="ele" v="-29.3621"/>
  </node>
  <node id="6889" lat="36.84361710035" lon="128.09394161345">
    <tag k="local_x" v="122.7717"/>
    <tag k="local_y" v="4.8153"/>
    <tag k="ele" v="-29.4018"/>
  </node>
  <node id="6890" lat="36.84361431585" lon="128.09393105574">
    <tag k="local_x" v="121.8304"/>
    <tag k="local_y" v="4.5064"/>
    <tag k="ele" v="-29.4415"/>
  </node>
  <node id="6891" lat="36.84361153043" lon="128.09392049802">
    <tag k="local_x" v="120.8891"/>
    <tag k="local_y" v="4.1974"/>
    <tag k="ele" v="-29.4812"/>
  </node>
  <node id="6892" lat="36.84360874592" lon="128.0939099403">
    <tag k="local_x" v="119.9478"/>
    <tag k="local_y" v="3.8885"/>
    <tag k="ele" v="-29.5209"/>
  </node>
  <node id="6893" lat="36.84360596051" lon="128.09389938259">
    <tag k="local_x" v="119.0065"/>
    <tag k="local_y" v="3.5795"/>
    <tag k="ele" v="-29.5606"/>
  </node>
  <node id="6894" lat="36.843603176" lon="128.09388882488">
    <tag k="local_x" v="118.0652"/>
    <tag k="local_y" v="3.2706"/>
    <tag k="ele" v="-29.6003"/>
  </node>
  <node id="6895" lat="36.84360039058" lon="128.09387826716">
    <tag k="local_x" v="117.1239"/>
    <tag k="local_y" v="2.9616"/>
    <tag k="ele" v="-29.64"/>
  </node>
  <node id="6896" lat="36.84359760607" lon="128.09386770945">
    <tag k="local_x" v="116.1826"/>
    <tag k="local_y" v="2.6527"/>
    <tag k="ele" v="-29.6797"/>
  </node>
  <node id="6897" lat="36.84359482065" lon="128.09385715062">
    <tag k="local_x" v="115.2412"/>
    <tag k="local_y" v="2.3437"/>
    <tag k="ele" v="-29.7194"/>
  </node>
  <node id="6898" lat="36.84359203613" lon="128.09384659291">
    <tag k="local_x" v="114.2999"/>
    <tag k="local_y" v="2.0348"/>
    <tag k="ele" v="-29.7591"/>
  </node>
  <node id="6899" lat="36.84358925071" lon="128.0938360352">
    <tag k="local_x" v="113.3586"/>
    <tag k="local_y" v="1.7258"/>
    <tag k="ele" v="-29.7988"/>
  </node>
  <node id="6900" lat="36.8435864662" lon="128.09382547749">
    <tag k="local_x" v="112.4173"/>
    <tag k="local_y" v="1.4169"/>
    <tag k="ele" v="-29.8385"/>
  </node>
  <node id="6901" lat="36.84358368168" lon="128.09381491978">
    <tag k="local_x" v="111.476"/>
    <tag k="local_y" v="1.108"/>
    <tag k="ele" v="-29.8782"/>
  </node>
  <node id="6902" lat="36.84358089626" lon="128.09380436207">
    <tag k="local_x" v="110.5347"/>
    <tag k="local_y" v="0.799"/>
    <tag k="ele" v="-29.918"/>
  </node>
  <node id="6903" lat="36.84357811173" lon="128.09379380436">
    <tag k="local_x" v="109.5934"/>
    <tag k="local_y" v="0.4901"/>
    <tag k="ele" v="-29.9577"/>
  </node>
  <node id="6904" lat="36.84357532631" lon="128.09378324666">
    <tag k="local_x" v="108.6521"/>
    <tag k="local_y" v="0.1811"/>
    <tag k="ele" v="-29.9974"/>
  </node>
  <node id="6905" lat="36.84357254179" lon="128.09377268895">
    <tag k="local_x" v="107.7108"/>
    <tag k="local_y" v="-0.1278"/>
    <tag k="ele" v="-30.0371"/>
  </node>
  <node id="6906" lat="36.84356975636" lon="128.09376213125">
    <tag k="local_x" v="106.7695"/>
    <tag k="local_y" v="-0.4368"/>
    <tag k="ele" v="-30.0768"/>
  </node>
  <node id="6907" lat="36.84356697184" lon="128.09375157354">
    <tag k="local_x" v="105.8282"/>
    <tag k="local_y" v="-0.7457"/>
    <tag k="ele" v="-30.1165"/>
  </node>
  <node id="6908" lat="36.84356418641" lon="128.09374101584">
    <tag k="local_x" v="104.8869"/>
    <tag k="local_y" v="-1.0547"/>
    <tag k="ele" v="-30.1562"/>
  </node>
  <node id="6909" lat="36.84356140188" lon="128.09373045814">
    <tag k="local_x" v="103.9456"/>
    <tag k="local_y" v="-1.3636"/>
    <tag k="ele" v="-30.1959"/>
  </node>
  <node id="6910" lat="36.84355861645" lon="128.09371990044">
    <tag k="local_x" v="103.0043"/>
    <tag k="local_y" v="-1.6726"/>
    <tag k="ele" v="-30.2356"/>
  </node>
  <node id="6911" lat="36.84355583192" lon="128.09370934274">
    <tag k="local_x" v="102.063"/>
    <tag k="local_y" v="-1.9815"/>
    <tag k="ele" v="-30.2753"/>
  </node>
  <node id="6912" lat="36.84355304649" lon="128.09369878504">
    <tag k="local_x" v="101.1217"/>
    <tag k="local_y" v="-2.2905"/>
    <tag k="ele" v="-30.315"/>
  </node>
  <node id="6913" lat="36.84355026196" lon="128.09368822734">
    <tag k="local_x" v="100.1804"/>
    <tag k="local_y" v="-2.5994"/>
    <tag k="ele" v="-30.3547"/>
  </node>
  <node id="6914" lat="36.84354747653" lon="128.09367766964">
    <tag k="local_x" v="99.2391"/>
    <tag k="local_y" v="-2.9084"/>
    <tag k="ele" v="-30.3944"/>
  </node>
  <node id="6916" lat="36.84354263585" lon="128.09365664847">
    <tag k="local_x" v="97.3649"/>
    <tag k="local_y" v="-3.4454"/>
    <tag k="ele" v="-30.444"/>
  </node>
  <node id="6917" lat="36.8435405797" lon="128.09364618612">
    <tag k="local_x" v="96.4321"/>
    <tag k="local_y" v="-3.6735"/>
    <tag k="ele" v="-30.4538"/>
  </node>
  <node id="6918" lat="36.84353852355" lon="128.09363572265">
    <tag k="local_x" v="95.4992"/>
    <tag k="local_y" v="-3.9016"/>
    <tag k="ele" v="-30.4637"/>
  </node>
  <node id="6919" lat="36.8435364674" lon="128.0936252603">
    <tag k="local_x" v="94.5664"/>
    <tag k="local_y" v="-4.1297"/>
    <tag k="ele" v="-30.4735"/>
  </node>
  <node id="6920" lat="36.84353441214" lon="128.09361479795">
    <tag k="local_x" v="93.6336"/>
    <tag k="local_y" v="-4.3577"/>
    <tag k="ele" v="-30.4834"/>
  </node>
  <node id="6921" lat="36.84353235599" lon="128.09360433448">
    <tag k="local_x" v="92.7007"/>
    <tag k="local_y" v="-4.5858"/>
    <tag k="ele" v="-30.4932"/>
  </node>
  <node id="6922" lat="36.84353029984" lon="128.09359387214">
    <tag k="local_x" v="91.7679"/>
    <tag k="local_y" v="-4.8139"/>
    <tag k="ele" v="-30.5031"/>
  </node>
  <node id="6923" lat="36.84352824368" lon="128.09358340979">
    <tag k="local_x" v="90.8351"/>
    <tag k="local_y" v="-5.042"/>
    <tag k="ele" v="-30.513"/>
  </node>
  <node id="6924" lat="36.84352618752" lon="128.09357294632">
    <tag k="local_x" v="89.9022"/>
    <tag k="local_y" v="-5.2701"/>
    <tag k="ele" v="-30.5228"/>
  </node>
  <node id="6925" lat="36.84352413137" lon="128.09356248398">
    <tag k="local_x" v="88.9694"/>
    <tag k="local_y" v="-5.4982"/>
    <tag k="ele" v="-30.5327"/>
  </node>
  <node id="6926" lat="36.84352207521" lon="128.09355202163">
    <tag k="local_x" v="88.0366"/>
    <tag k="local_y" v="-5.7263"/>
    <tag k="ele" v="-30.5425"/>
  </node>
  <node id="6927" lat="36.84352001905" lon="128.09354155817">
    <tag k="local_x" v="87.1037"/>
    <tag k="local_y" v="-5.9544"/>
    <tag k="ele" v="-30.5524"/>
  </node>
  <node id="6928" lat="36.84351796379" lon="128.09353109582">
    <tag k="local_x" v="86.1709"/>
    <tag k="local_y" v="-6.1824"/>
    <tag k="ele" v="-30.5622"/>
  </node>
  <node id="6929" lat="36.84351590763" lon="128.09352063348">
    <tag k="local_x" v="85.2381"/>
    <tag k="local_y" v="-6.4105"/>
    <tag k="ele" v="-30.5721"/>
  </node>
  <node id="6930" lat="36.84351385147" lon="128.09351017002">
    <tag k="local_x" v="84.3052"/>
    <tag k="local_y" v="-6.6386"/>
    <tag k="ele" v="-30.582"/>
  </node>
  <node id="6931" lat="36.8435117953" lon="128.09349970768">
    <tag k="local_x" v="83.3724"/>
    <tag k="local_y" v="-6.8667"/>
    <tag k="ele" v="-30.5918"/>
  </node>
  <node id="6932" lat="36.84350973914" lon="128.09348924421">
    <tag k="local_x" v="82.4395"/>
    <tag k="local_y" v="-7.0948"/>
    <tag k="ele" v="-30.6017"/>
  </node>
  <node id="6933" lat="36.84350768297" lon="128.09347878187">
    <tag k="local_x" v="81.5067"/>
    <tag k="local_y" v="-7.3229"/>
    <tag k="ele" v="-30.6115"/>
  </node>
  <node id="6934" lat="36.84350562681" lon="128.09346831953">
    <tag k="local_x" v="80.5739"/>
    <tag k="local_y" v="-7.551"/>
    <tag k="ele" v="-30.6214"/>
  </node>
  <node id="6935" lat="36.84350357064" lon="128.09345785607">
    <tag k="local_x" v="79.641"/>
    <tag k="local_y" v="-7.7791"/>
    <tag k="ele" v="-30.6312"/>
  </node>
  <node id="6937" lat="36.84398161096" lon="128.09266066704">
    <tag k="local_x" v="8.5651"/>
    <tag k="local_y" v="45.2497"/>
    <tag k="ele" v="-34.2256"/>
  </node>
  <node id="6938" lat="36.8439822573" lon="128.0926641889">
    <tag k="local_x" v="8.8791"/>
    <tag k="local_y" v="45.3214"/>
    <tag k="ele" v="-34.2256"/>
  </node>
  <node id="6939" lat="36.8439826242" lon="128.09266775001">
    <tag k="local_x" v="9.1966"/>
    <tag k="local_y" v="45.3621"/>
    <tag k="ele" v="-34.2256"/>
  </node>
  <node id="6940" lat="36.84398223296" lon="128.09267130439">
    <tag k="local_x" v="9.5135"/>
    <tag k="local_y" v="45.3187"/>
    <tag k="ele" v="-34.2256"/>
  </node>
  <node id="6941" lat="36.84398132518" lon="128.09267471521">
    <tag k="local_x" v="9.8176"/>
    <tag k="local_y" v="45.218"/>
    <tag k="ele" v="-34.2256"/>
  </node>
  <node id="6942" lat="36.84398004509" lon="128.09267793647">
    <tag k="local_x" v="10.1048"/>
    <tag k="local_y" v="45.076"/>
    <tag k="ele" v="-34.2256"/>
  </node>
  <node id="6943" lat="36.84397839991" lon="128.09268088855">
    <tag k="local_x" v="10.368"/>
    <tag k="local_y" v="44.8935"/>
    <tag k="ele" v="-34.2256"/>
  </node>
  <node id="6945" lat="36.84397854959" lon="128.09264300504">
    <tag k="local_x" v="6.9904"/>
    <tag k="local_y" v="44.9101"/>
    <tag k="ele" v="-34.0757"/>
  </node>
  <node id="6946" lat="36.84397877495" lon="128.09264601096">
    <tag k="local_x" v="7.2584"/>
    <tag k="local_y" v="44.9351"/>
    <tag k="ele" v="-34.1127"/>
  </node>
  <node id="6948" lat="36.84397906522" lon="128.09264901575">
    <tag k="local_x" v="7.5263"/>
    <tag k="local_y" v="44.9673"/>
    <tag k="ele" v="-34.1442"/>
  </node>
  <node id="6949" lat="36.84397941229" lon="128.09265201606">
    <tag k="local_x" v="7.7938"/>
    <tag k="local_y" v="45.0058"/>
    <tag k="ele" v="-34.1712"/>
  </node>
  <node id="6950" lat="36.84397997029" lon="128.09265497038">
    <tag k="local_x" v="8.0572"/>
    <tag k="local_y" v="45.0677"/>
    <tag k="ele" v="-34.1936"/>
  </node>
  <node id="6951" lat="36.84398079784" lon="128.09265783049">
    <tag k="local_x" v="8.3122"/>
    <tag k="local_y" v="45.1595"/>
    <tag k="ele" v="-34.2103"/>
  </node>
  <node id="6952" lat="36.84397637972" lon="128.09268345367">
    <tag k="local_x" v="10.5967"/>
    <tag k="local_y" v="44.6694"/>
    <tag k="ele" v="-34.2256"/>
  </node>
  <node id="6953" lat="36.84397404492" lon="128.09268556566">
    <tag k="local_x" v="10.785"/>
    <tag k="local_y" v="44.4104"/>
    <tag k="ele" v="-34.2256"/>
  </node>
  <node id="6954" lat="36.84397144329" lon="128.09268711796">
    <tag k="local_x" v="10.9234"/>
    <tag k="local_y" v="44.1218"/>
    <tag k="ele" v="-34.2257"/>
  </node>
  <node id="6955" lat="36.84396865325" lon="128.09268804328">
    <tag k="local_x" v="11.0059"/>
    <tag k="local_y" v="43.8123"/>
    <tag k="ele" v="-34.226"/>
  </node>
  <node id="6956" lat="36.84396578027" lon="128.09268838425">
    <tag k="local_x" v="11.0363"/>
    <tag k="local_y" v="43.4936"/>
    <tag k="ele" v="-34.2256"/>
  </node>
  <node id="6957" lat="36.8439629082" lon="128.09268801299">
    <tag k="local_x" v="11.0032"/>
    <tag k="local_y" v="43.175"/>
    <tag k="ele" v="-34.2246"/>
  </node>
  <node id="6958" lat="36.84396005055" lon="128.0926874791">
    <tag k="local_x" v="10.9556"/>
    <tag k="local_y" v="42.858"/>
    <tag k="ele" v="-34.2225"/>
  </node>
  <node id="6959" lat="36.8439571884" lon="128.09268697661">
    <tag k="local_x" v="10.9108"/>
    <tag k="local_y" v="42.5405"/>
    <tag k="ele" v="-34.219"/>
  </node>
  <way id="28">
    <nd ref="26"/>
    <nd ref="27"/>
    <tag k="type" v="line_thin"/>
    <tag k="subtype" v="solid"/>
  </way>
  <way id="31">
    <nd ref="29"/>
    <nd ref="30"/>
    <tag k="type" v="line_thin"/>
    <tag k="subtype" v="solid"/>
  </way>
  <way id="128">
    <nd ref="126"/>
    <nd ref="127"/>
    <nd ref="133"/>
    <nd ref="2057"/>
    <nd ref="2058"/>
    <nd ref="135"/>
    <tag k="type" v="line_thin"/>
    <tag k="subtype" v="solid"/>
  </way>
  <way id="131">
    <nd ref="129"/>
    <nd ref="130"/>
    <nd ref="134"/>
    <nd ref="2055"/>
    <nd ref="2056"/>
    <nd ref="136"/>
    <tag k="type" v="line_thin"/>
    <tag k="subtype" v="solid"/>
  </way>
  <way id="160">
    <nd ref="69"/>
    <nd ref="791"/>
    <nd ref="798"/>
    <nd ref="799"/>
    <nd ref="5318"/>
    <nd ref="5319"/>
    <nd ref="71"/>
    <tag k="type" v="line_thin"/>
    <tag k="subtype" v="solid"/>
  </way>
  <way id="162">
    <nd ref="68"/>
    <nd ref="790"/>
    <nd ref="800"/>
    <nd ref="5313"/>
    <nd ref="5314"/>
    <nd ref="5315"/>
    <nd ref="5316"/>
    <nd ref="5317"/>
    <nd ref="70"/>
    <tag k="type" v="line_thin"/>
    <tag k="subtype" v="solid"/>
  </way>
  <way id="164">
    <nd ref="64"/>
    <nd ref="755"/>
    <nd ref="756"/>
    <nd ref="761"/>
    <nd ref="762"/>
    <nd ref="786"/>
    <nd ref="787"/>
    <nd ref="65"/>
    <tag k="type" v="line_thin"/>
    <tag k="subtype" v="solid"/>
  </way>
  <way id="166">
    <nd ref="61"/>
    <nd ref="2395"/>
    <nd ref="2396"/>
    <nd ref="2397"/>
    <nd ref="62"/>
    <tag k="type" v="line_thin"/>
    <tag k="subtype" v="solid"/>
  </way>
  <way id="711">
    <nd ref="51"/>
    <nd ref="55"/>
    <tag k="type" v="line_thin"/>
    <tag k="subtype" v="solid"/>
  </way>
  <way id="712">
    <nd ref="50"/>
    <nd ref="52"/>
    <tag k="type" v="line_thin"/>
    <tag k="subtype" v="solid"/>
  </way>
  <way id="749">
    <nd ref="65"/>
    <nd ref="733"/>
    <nd ref="734"/>
    <nd ref="735"/>
    <nd ref="736"/>
    <nd ref="737"/>
    <nd ref="738"/>
    <nd ref="739"/>
    <nd ref="740"/>
    <nd ref="789"/>
    <nd ref="69"/>
    <tag k="type" v="line_thin"/>
    <tag k="subtype" v="solid"/>
  </way>
  <way id="750">
    <nd ref="62"/>
    <nd ref="741"/>
    <nd ref="742"/>
    <nd ref="743"/>
    <nd ref="744"/>
    <nd ref="745"/>
    <nd ref="746"/>
    <nd ref="747"/>
    <nd ref="748"/>
    <nd ref="788"/>
    <nd ref="68"/>
    <tag k="type" v="line_thin"/>
    <tag k="subtype" v="solid"/>
  </way>
  <way id="803">
    <nd ref="49"/>
    <nd ref="169"/>
    <nd ref="170"/>
    <nd ref="171"/>
    <nd ref="172"/>
    <nd ref="173"/>
    <nd ref="174"/>
    <nd ref="175"/>
    <nd ref="51"/>
    <tag k="type" v="line_thin"/>
    <tag k="subtype" v="solid"/>
  </way>
  <way id="805">
    <nd ref="48"/>
    <nd ref="176"/>
    <nd ref="177"/>
    <nd ref="178"/>
    <nd ref="179"/>
    <nd ref="180"/>
    <nd ref="181"/>
    <nd ref="182"/>
    <nd ref="50"/>
    <tag k="type" v="line_thin"/>
    <tag k="subtype" v="solid"/>
  </way>
  <way id="852">
    <nd ref="4"/>
    <nd ref="5"/>
    <nd ref="185"/>
    <nd ref="186"/>
    <tag k="type" v="line_thin"/>
    <tag k="subtype" v="solid"/>
  </way>
  <way id="854">
    <nd ref="1"/>
    <nd ref="2"/>
    <nd ref="183"/>
    <nd ref="184"/>
    <tag k="type" v="line_thin"/>
    <tag k="subtype" v="solid"/>
  </way>
  <way id="885">
    <nd ref="869"/>
    <nd ref="875"/>
    <nd ref="876"/>
    <nd ref="882"/>
    <nd ref="894"/>
    <nd ref="895"/>
    <nd ref="896"/>
    <nd ref="4"/>
    <tag k="type" v="line_thin"/>
    <tag k="subtype" v="solid"/>
  </way>
  <way id="887">
    <nd ref="868"/>
    <nd ref="877"/>
    <nd ref="878"/>
    <nd ref="879"/>
    <nd ref="883"/>
    <nd ref="897"/>
    <nd ref="898"/>
    <nd ref="1"/>
    <tag k="type" v="line_thin"/>
    <tag k="subtype" v="solid"/>
  </way>
  <way id="950">
    <nd ref="37"/>
    <nd ref="41"/>
    <nd ref="43"/>
    <nd ref="45"/>
    <nd ref="47"/>
    <nd ref="810"/>
    <nd ref="811"/>
    <nd ref="812"/>
    <nd ref="49"/>
    <tag k="type" v="line_thin"/>
    <tag k="subtype" v="solid"/>
  </way>
  <way id="952">
    <nd ref="34"/>
    <nd ref="40"/>
    <nd ref="42"/>
    <nd ref="44"/>
    <nd ref="46"/>
    <nd ref="807"/>
    <nd ref="808"/>
    <nd ref="809"/>
    <nd ref="48"/>
    <tag k="type" v="line_thin"/>
    <tag k="subtype" v="solid"/>
  </way>
  <way id="954">
    <nd ref="30"/>
    <nd ref="919"/>
    <nd ref="923"/>
    <nd ref="925"/>
    <nd ref="927"/>
    <nd ref="929"/>
    <nd ref="931"/>
    <nd ref="943"/>
    <nd ref="944"/>
    <nd ref="945"/>
    <nd ref="36"/>
    <nd ref="956"/>
    <nd ref="957"/>
    <nd ref="958"/>
    <nd ref="37"/>
    <tag k="type" v="line_thin"/>
    <tag k="subtype" v="solid"/>
  </way>
  <way id="955">
    <nd ref="27"/>
    <nd ref="917"/>
    <nd ref="922"/>
    <nd ref="924"/>
    <nd ref="928"/>
    <nd ref="930"/>
    <nd ref="946"/>
    <nd ref="947"/>
    <nd ref="948"/>
    <nd ref="33"/>
    <nd ref="959"/>
    <nd ref="960"/>
    <nd ref="961"/>
    <nd ref="962"/>
    <nd ref="34"/>
    <tag k="type" v="line_thin"/>
    <tag k="subtype" v="solid"/>
  </way>
  <way id="1094">
    <nd ref="237"/>
    <nd ref="238"/>
    <nd ref="239"/>
    <nd ref="100"/>
    <nd ref="342"/>
    <nd ref="343"/>
    <nd ref="344"/>
    <nd ref="345"/>
    <nd ref="346"/>
    <nd ref="129"/>
    <tag k="type" v="line_thin"/>
    <tag k="subtype" v="solid"/>
  </way>
  <way id="1095">
    <nd ref="240"/>
    <nd ref="241"/>
    <nd ref="242"/>
    <nd ref="99"/>
    <nd ref="347"/>
    <nd ref="348"/>
    <nd ref="349"/>
    <nd ref="350"/>
    <nd ref="351"/>
    <nd ref="126"/>
    <tag k="type" v="line_thin"/>
    <tag k="subtype" v="solid"/>
  </way>
  <way id="1210">
    <nd ref="1208"/>
    <nd ref="1212"/>
    <nd ref="1213"/>
    <nd ref="1217"/>
    <nd ref="1218"/>
    <nd ref="1208"/>
    <tag k="type" v="line_thin"/>
    <tag k="subtype" v="solid"/>
  </way>
  <way id="1232">
    <nd ref="1222"/>
    <nd ref="1225"/>
    <nd ref="1226"/>
    <nd ref="1230"/>
    <nd ref="1231"/>
    <nd ref="1222"/>
    <tag k="type" v="line_thin"/>
    <tag k="subtype" v="solid"/>
  </way>
  <way id="1244">
    <nd ref="1234"/>
    <nd ref="1237"/>
    <nd ref="1238"/>
    <nd ref="1242"/>
    <nd ref="1243"/>
    <nd ref="1234"/>
    <tag k="type" v="line_thin"/>
    <tag k="subtype" v="solid"/>
  </way>
  <way id="1253">
    <nd ref="1246"/>
    <nd ref="1247"/>
    <nd ref="1248"/>
    <nd ref="1251"/>
    <nd ref="1252"/>
    <nd ref="1246"/>
    <tag k="type" v="line_thin"/>
    <tag k="subtype" v="solid"/>
  </way>
  <way id="1262">
    <nd ref="1255"/>
    <nd ref="1256"/>
    <nd ref="1257"/>
    <nd ref="1260"/>
    <nd ref="1261"/>
    <nd ref="1255"/>
    <tag k="type" v="line_thin"/>
    <tag k="subtype" v="solid"/>
  </way>
  <way id="1271">
    <nd ref="1264"/>
    <nd ref="1265"/>
    <nd ref="1266"/>
    <nd ref="1269"/>
    <nd ref="1270"/>
    <nd ref="1264"/>
    <tag k="type" v="line_thin"/>
    <tag k="subtype" v="solid"/>
  </way>
  <way id="1280">
    <nd ref="1273"/>
    <nd ref="1274"/>
    <nd ref="1275"/>
    <nd ref="1278"/>
    <nd ref="1279"/>
    <nd ref="1273"/>
    <tag k="type" v="line_thin"/>
    <tag k="subtype" v="solid"/>
  </way>
  <way id="1292">
    <nd ref="1282"/>
    <nd ref="1285"/>
    <nd ref="1286"/>
    <nd ref="1290"/>
    <nd ref="1291"/>
    <nd ref="1282"/>
    <tag k="type" v="line_thin"/>
    <tag k="subtype" v="solid"/>
  </way>
  <way id="1304">
    <nd ref="1294"/>
    <nd ref="1297"/>
    <nd ref="1298"/>
    <nd ref="1302"/>
    <nd ref="1303"/>
    <nd ref="1294"/>
    <tag k="type" v="line_thin"/>
    <tag k="subtype" v="solid"/>
  </way>
  <way id="1316">
    <nd ref="1306"/>
    <nd ref="1309"/>
    <nd ref="1310"/>
    <nd ref="1314"/>
    <nd ref="1315"/>
    <nd ref="1306"/>
    <tag k="type" v="line_thin"/>
    <tag k="subtype" v="solid"/>
  </way>
  <way id="1328">
    <nd ref="1318"/>
    <nd ref="1321"/>
    <nd ref="1322"/>
    <nd ref="1326"/>
    <nd ref="1327"/>
    <nd ref="1318"/>
    <tag k="type" v="line_thin"/>
    <tag k="subtype" v="solid"/>
  </way>
  <way id="1340">
    <nd ref="1330"/>
    <nd ref="1333"/>
    <nd ref="1334"/>
    <nd ref="1338"/>
    <nd ref="1339"/>
    <nd ref="1330"/>
    <tag k="type" v="line_thin"/>
    <tag k="subtype" v="solid"/>
  </way>
  <way id="1352">
    <nd ref="1342"/>
    <nd ref="1345"/>
    <nd ref="1346"/>
    <nd ref="1350"/>
    <nd ref="1351"/>
    <nd ref="1342"/>
    <tag k="type" v="line_thin"/>
    <tag k="subtype" v="solid"/>
  </way>
  <way id="1409">
    <nd ref="1407"/>
    <nd ref="1739"/>
    <nd ref="1738"/>
    <nd ref="1737"/>
    <nd ref="1736"/>
    <nd ref="1734"/>
    <nd ref="1733"/>
    <nd ref="1732"/>
    <nd ref="1731"/>
    <nd ref="1730"/>
    <nd ref="1729"/>
    <nd ref="1728"/>
    <nd ref="1727"/>
    <nd ref="1726"/>
    <nd ref="1725"/>
    <nd ref="1724"/>
    <nd ref="1723"/>
    <nd ref="1722"/>
    <nd ref="1721"/>
    <nd ref="1720"/>
    <nd ref="1719"/>
    <nd ref="1408"/>
    <tag k="type" v="line_thin"/>
    <tag k="subtype" v="solid"/>
  </way>
  <way id="1412">
    <nd ref="1410"/>
    <nd ref="1740"/>
    <nd ref="1741"/>
    <nd ref="1742"/>
    <nd ref="1743"/>
    <nd ref="1744"/>
    <nd ref="1745"/>
    <nd ref="1746"/>
    <nd ref="1747"/>
    <nd ref="1748"/>
    <nd ref="1749"/>
    <nd ref="1750"/>
    <nd ref="1751"/>
    <nd ref="1753"/>
    <nd ref="1754"/>
    <nd ref="1755"/>
    <nd ref="1757"/>
    <nd ref="1758"/>
    <nd ref="1764"/>
    <nd ref="1761"/>
    <nd ref="1411"/>
    <tag k="type" v="line_thin"/>
    <tag k="subtype" v="solid"/>
  </way>
  <way id="1689">
    <nd ref="1586"/>
    <nd ref="1674"/>
    <tag k="type" v="line_thin"/>
    <tag k="subtype" v="solid"/>
  </way>
  <way id="1690">
    <nd ref="1585"/>
    <nd ref="1676"/>
    <tag k="type" v="line_thin"/>
    <tag k="subtype" v="solid"/>
  </way>
  <way id="1691">
    <nd ref="1587"/>
    <nd ref="1678"/>
    <tag k="type" v="line_thin"/>
    <tag k="subtype" v="solid"/>
  </way>
  <way id="1692">
    <nd ref="1588"/>
    <nd ref="1680"/>
    <tag k="type" v="line_thin"/>
    <tag k="subtype" v="solid"/>
  </way>
  <way id="1693">
    <nd ref="1589"/>
    <nd ref="1682"/>
    <tag k="type" v="line_thin"/>
    <tag k="subtype" v="solid"/>
  </way>
  <way id="1694">
    <nd ref="1590"/>
    <nd ref="1684"/>
    <tag k="type" v="line_thin"/>
    <tag k="subtype" v="solid"/>
  </way>
  <way id="1776">
    <nd ref="1722"/>
    <nd ref="1757"/>
    <nd ref="1758"/>
    <nd ref="1721"/>
    <nd ref="1722"/>
    <tag k="type" v="pedestrian_marking"/>
    <tag k="subtype" v="solid"/>
  </way>
  <way id="1780">
    <nd ref="1753"/>
    <nd ref="1725"/>
    <nd ref="1726"/>
    <nd ref="1751"/>
    <nd ref="1753"/>
    <tag k="type" v="pedestrian_marking"/>
    <tag k="subtype" v="solid"/>
  </way>
  <way id="1783">
    <nd ref="1747"/>
    <nd ref="1730"/>
    <nd ref="1729"/>
    <nd ref="1748"/>
    <nd ref="1747"/>
    <tag k="type" v="pedestrian_marking"/>
    <tag k="subtype" v="solid"/>
  </way>
  <way id="1787">
    <nd ref="1733"/>
    <nd ref="1744"/>
    <nd ref="1743"/>
    <nd ref="1734"/>
    <nd ref="1733"/>
    <tag k="type" v="pedestrian_marking"/>
    <tag k="subtype" v="solid"/>
  </way>
  <way id="1803">
    <nd ref="1719"/>
    <nd ref="1720"/>
    <nd ref="1764"/>
    <nd ref="1761"/>
    <nd ref="1719"/>
    <tag k="type" v="pedestrian_marking"/>
    <tag k="subtype" v="solid"/>
  </way>
  <way id="1810">
    <nd ref="1724"/>
    <nd ref="1754"/>
    <nd ref="1755"/>
    <nd ref="1723"/>
    <nd ref="1724"/>
    <tag k="type" v="pedestrian_marking"/>
    <tag k="subtype" v="solid"/>
  </way>
  <way id="1826">
    <nd ref="1749"/>
    <nd ref="1750"/>
    <nd ref="1727"/>
    <nd ref="1728"/>
    <nd ref="1749"/>
    <tag k="type" v="pedestrian_marking"/>
    <tag k="subtype" v="solid"/>
  </way>
  <way id="1830">
    <nd ref="1746"/>
    <nd ref="1731"/>
    <nd ref="1732"/>
    <nd ref="1745"/>
    <nd ref="1746"/>
    <tag k="type" v="pedestrian_marking"/>
    <tag k="subtype" v="solid"/>
  </way>
  <way id="1834">
    <nd ref="1741"/>
    <nd ref="1742"/>
    <nd ref="1736"/>
    <nd ref="1737"/>
    <nd ref="1741"/>
    <tag k="type" v="pedestrian_marking"/>
    <tag k="subtype" v="solid"/>
  </way>
  <way id="1835">
    <nd ref="1738"/>
    <nd ref="1740"/>
    <nd ref="1410"/>
    <nd ref="1739"/>
    <nd ref="1738"/>
    <tag k="type" v="pedestrian_marking"/>
    <tag k="subtype" v="solid"/>
  </way>
  <way id="1836">
    <nd ref="1625"/>
    <nd ref="1673"/>
    <tag k="type" v="parking_space"/>
    <tag k="subtype" v="dashed"/>
    <tag k="widht" v="1.9"/>
  </way>
  <way id="1837">
    <nd ref="1627"/>
    <nd ref="1675"/>
    <tag k="type" v="parking_space"/>
    <tag k="subtype" v="dashed"/>
    <tag k="width" v="1.9"/>
  </way>
  <way id="1838">
    <nd ref="1628"/>
    <nd ref="1677"/>
    <tag k="type" v="parking_space"/>
    <tag k="subtype" v="dashed"/>
    <tag k="width" v="1.9"/>
  </way>
  <way id="1839">
    <nd ref="1629"/>
    <nd ref="1679"/>
    <tag k="type" v="parking_space"/>
    <tag k="subtype" v="dashed"/>
    <tag k="width" v="1.9"/>
  </way>
  <way id="1840">
    <nd ref="1630"/>
    <nd ref="1681"/>
    <tag k="type" v="parking_space"/>
    <tag k="subtype" v="dashed"/>
    <tag k="width" v="1.9"/>
  </way>
  <way id="1841">
    <nd ref="1632"/>
    <nd ref="1683"/>
    <tag k="type" v="parking_space"/>
    <tag k="subtype" v="dashed"/>
    <tag k="width" v="1.9"/>
  </way>
  <way id="1842">
    <nd ref="1633"/>
    <nd ref="1685"/>
    <tag k="type" v="parking_space"/>
    <tag k="subtype" v="dashed"/>
    <tag k="width" v="1.9"/>
  </way>
  <way id="1846">
    <nd ref="1868"/>
    <nd ref="1633"/>
    <nd ref="1590"/>
    <nd ref="1632"/>
    <nd ref="1589"/>
    <nd ref="1630"/>
    <nd ref="1588"/>
    <nd ref="1629"/>
    <nd ref="1587"/>
    <nd ref="1628"/>
    <nd ref="1585"/>
    <nd ref="1627"/>
    <nd ref="1586"/>
    <nd ref="1625"/>
    <nd ref="1598"/>
    <nd ref="1672"/>
    <nd ref="1673"/>
    <nd ref="1674"/>
    <nd ref="1675"/>
    <nd ref="1676"/>
    <nd ref="1677"/>
    <nd ref="1678"/>
    <nd ref="1679"/>
    <nd ref="1680"/>
    <nd ref="1681"/>
    <nd ref="1682"/>
    <nd ref="1683"/>
    <nd ref="1684"/>
    <nd ref="1685"/>
    <nd ref="1866"/>
    <nd ref="1856"/>
    <nd ref="1851"/>
    <nd ref="1848"/>
    <nd ref="1855"/>
    <nd ref="1868"/>
    <tag k="type" v="line_thin"/>
    <tag k="subtype" v="solid"/>
  </way>
  <way id="1857">
    <nd ref="1855"/>
    <nd ref="1856"/>
    <tag k="type" v="parking_space"/>
    <tag k="subtype" v="dashed"/>
    <tag k="width" v="1.9"/>
  </way>
  <way id="1872">
    <nd ref="1866"/>
    <nd ref="1868"/>
    <tag k="type" v="line_thin"/>
    <tag k="subtype" v="solid"/>
  </way>
  <way id="1888">
    <nd ref="1876"/>
    <nd ref="1884"/>
    <tag k="type" v="line_thin"/>
    <tag k="subtype" v="solid"/>
  </way>
  <way id="1889">
    <nd ref="1883"/>
    <nd ref="1874"/>
    <tag k="type" v="line_thin"/>
    <tag k="subtype" v="solid"/>
  </way>
  <way id="1890">
    <nd ref="1851"/>
    <nd ref="1873"/>
    <nd ref="1893"/>
    <nd ref="1874"/>
    <nd ref="1895"/>
    <nd ref="1876"/>
    <nd ref="1897"/>
    <nd ref="1878"/>
    <nd ref="1885"/>
    <nd ref="1896"/>
    <nd ref="1884"/>
    <nd ref="1894"/>
    <nd ref="1883"/>
    <nd ref="1892"/>
    <nd ref="1848"/>
    <tag k="type" v="line_thin"/>
    <tag k="subtype" v="solid"/>
  </way>
  <way id="1898">
    <nd ref="1892"/>
    <nd ref="1893"/>
    <tag k="type" v="parking_space"/>
    <tag k="subtype" v="dashed"/>
    <tag k="width" v="1.9"/>
  </way>
  <way id="1899">
    <nd ref="1894"/>
    <nd ref="1895"/>
    <tag k="type" v="parking_space"/>
    <tag k="subtype" v="dashed"/>
    <tag k="width" v="1.9"/>
  </way>
  <way id="1900">
    <nd ref="1896"/>
    <nd ref="1897"/>
    <tag k="type" v="parking_space"/>
    <tag k="subtype" v="dashed"/>
    <tag k="width" v="1.9"/>
  </way>
  <way id="1995">
    <nd ref="1901"/>
    <nd ref="1915"/>
    <nd ref="1904"/>
    <nd ref="1916"/>
    <nd ref="1905"/>
    <nd ref="1917"/>
    <nd ref="1906"/>
    <nd ref="1918"/>
    <nd ref="1907"/>
    <nd ref="1919"/>
    <nd ref="1908"/>
    <nd ref="1920"/>
    <nd ref="1909"/>
    <nd ref="1921"/>
    <nd ref="1910"/>
    <nd ref="1922"/>
    <nd ref="1911"/>
    <nd ref="1923"/>
    <nd ref="1912"/>
    <nd ref="1924"/>
    <nd ref="1913"/>
    <nd ref="1925"/>
    <nd ref="1914"/>
    <nd ref="1996"/>
    <nd ref="1994"/>
    <nd ref="1993"/>
    <nd ref="2029"/>
    <nd ref="1999"/>
    <nd ref="2028"/>
    <nd ref="2000"/>
    <nd ref="2026"/>
    <nd ref="2001"/>
    <nd ref="2025"/>
    <nd ref="1992"/>
    <nd ref="1991"/>
    <nd ref="2024"/>
    <nd ref="2002"/>
    <nd ref="2023"/>
    <nd ref="2003"/>
    <nd ref="2022"/>
    <nd ref="2004"/>
    <nd ref="2021"/>
    <nd ref="1990"/>
    <nd ref="2020"/>
    <nd ref="1989"/>
    <nd ref="2019"/>
    <nd ref="1988"/>
    <nd ref="2018"/>
    <nd ref="1986"/>
    <nd ref="2017"/>
    <nd ref="1979"/>
    <nd ref="1901"/>
    <tag k="type" v="line_thin"/>
    <tag k="subtype" v="solid"/>
  </way>
  <way id="2006">
    <nd ref="1904"/>
    <nd ref="1986"/>
    <tag k="type" v="line_thin"/>
    <tag k="subtype" v="solid"/>
  </way>
  <way id="2007">
    <nd ref="1905"/>
    <nd ref="1988"/>
    <tag k="type" v="line_thin"/>
    <tag k="subtype" v="solid"/>
  </way>
  <way id="2008">
    <nd ref="1906"/>
    <nd ref="1989"/>
    <tag k="type" v="line_thin"/>
    <tag k="subtype" v="solid"/>
  </way>
  <way id="2009">
    <nd ref="1907"/>
    <nd ref="1990"/>
    <tag k="type" v="line_thin"/>
    <tag k="subtype" v="solid"/>
  </way>
  <way id="2010">
    <nd ref="1908"/>
    <nd ref="2004"/>
    <tag k="type" v="line_thin"/>
    <tag k="subtype" v="solid"/>
  </way>
  <way id="2011">
    <nd ref="1909"/>
    <nd ref="2003"/>
    <tag k="type" v="line_thin"/>
    <tag k="subtype" v="solid"/>
  </way>
  <way id="2012">
    <nd ref="1910"/>
    <nd ref="2002"/>
    <tag k="type" v="line_thin"/>
    <tag k="subtype" v="solid"/>
  </way>
  <way id="2013">
    <nd ref="1911"/>
    <nd ref="1991"/>
    <tag k="type" v="line_thin"/>
    <tag k="subtype" v="solid"/>
  </way>
  <way id="2014">
    <nd ref="1912"/>
    <nd ref="2001"/>
    <tag k="type" v="line_thin"/>
    <tag k="subtype" v="solid"/>
  </way>
  <way id="2015">
    <nd ref="1913"/>
    <nd ref="2000"/>
    <tag k="type" v="line_thin"/>
    <tag k="subtype" v="solid"/>
  </way>
  <way id="2016">
    <nd ref="1914"/>
    <nd ref="1999"/>
    <tag k="type" v="line_thin"/>
    <tag k="subtype" v="solid"/>
  </way>
  <way id="2030">
    <nd ref="1915"/>
    <nd ref="2017"/>
    <tag k="type" v="parking_space"/>
    <tag k="subtype" v="dashed"/>
    <tag k="width" v="1.9"/>
  </way>
  <way id="2031">
    <nd ref="1916"/>
    <nd ref="2018"/>
    <tag k="type" v="parking_space"/>
    <tag k="subtype" v="dashed"/>
    <tag k="width" v="1.9"/>
  </way>
  <way id="2032">
    <nd ref="1917"/>
    <nd ref="2019"/>
    <tag k="type" v="parking_space"/>
    <tag k="subtype" v="dashed"/>
    <tag k="width" v="1.9"/>
  </way>
  <way id="2033">
    <nd ref="1918"/>
    <nd ref="2020"/>
    <tag k="type" v="parking_space"/>
    <tag k="subtype" v="dashed"/>
    <tag k="width" v="1.9"/>
  </way>
  <way id="2034">
    <nd ref="1919"/>
    <nd ref="2021"/>
    <tag k="type" v="parking_space"/>
    <tag k="subtype" v="dashed"/>
    <tag k="width" v="1.9"/>
  </way>
  <way id="2035">
    <nd ref="1921"/>
    <nd ref="2023"/>
    <tag k="type" v="parking_space"/>
    <tag k="subtype" v="dashed"/>
    <tag k="width" v="1.9"/>
  </way>
  <way id="2036">
    <nd ref="1922"/>
    <nd ref="2024"/>
    <tag k="type" v="parking_space"/>
    <tag k="subtype" v="dashed"/>
    <tag k="width" v="1.9"/>
  </way>
  <way id="2037">
    <nd ref="1923"/>
    <nd ref="2025"/>
    <tag k="type" v="parking_space"/>
    <tag k="subtype" v="dashed"/>
    <tag k="width" v="1.9"/>
  </way>
  <way id="2038">
    <nd ref="1924"/>
    <nd ref="2026"/>
    <tag k="type" v="parking_space"/>
    <tag k="subtype" v="dashed"/>
    <tag k="width" v="1.9"/>
  </way>
  <way id="2039">
    <nd ref="1925"/>
    <nd ref="2028"/>
    <tag k="type" v="parking_space"/>
    <tag k="subtype" v="dashed"/>
    <tag k="width" v="1.9"/>
  </way>
  <way id="2040">
    <nd ref="1996"/>
    <nd ref="2029"/>
    <tag k="type" v="parking_space"/>
    <tag k="subtype" v="dashed"/>
    <tag k="width" v="1.9"/>
  </way>
  <way id="2041">
    <nd ref="1920"/>
    <nd ref="2022"/>
    <tag k="type" v="parking_space"/>
    <tag k="subtype" v="dashed"/>
    <tag k="width" v="1.9"/>
  </way>
  <way id="2095">
    <nd ref="135"/>
    <nd ref="2094"/>
    <nd ref="2096"/>
    <nd ref="2098"/>
    <nd ref="2099"/>
    <nd ref="2100"/>
    <nd ref="2101"/>
    <nd ref="2102"/>
    <nd ref="2142"/>
    <nd ref="2143"/>
    <nd ref="2144"/>
    <nd ref="2145"/>
    <nd ref="2146"/>
    <nd ref="2103"/>
    <tag k="type" v="line_thin"/>
    <tag k="subtype" v="solid"/>
  </way>
  <way id="2109">
    <nd ref="2103"/>
    <nd ref="2753"/>
    <nd ref="2108"/>
    <nd ref="2152"/>
    <nd ref="2153"/>
    <nd ref="2111"/>
    <tag k="type" v="line_thin"/>
    <tag k="subtype" v="solid"/>
  </way>
  <way id="2131">
    <nd ref="136"/>
    <nd ref="2123"/>
    <nd ref="2124"/>
    <nd ref="2125"/>
    <nd ref="2126"/>
    <nd ref="2127"/>
    <nd ref="2128"/>
    <nd ref="2129"/>
    <nd ref="2137"/>
    <nd ref="2138"/>
    <nd ref="2139"/>
    <nd ref="2140"/>
    <nd ref="2141"/>
    <nd ref="2130"/>
    <tag k="type" v="line_thin"/>
    <tag k="subtype" v="solid"/>
  </way>
  <way id="2148">
    <nd ref="2130"/>
    <nd ref="2754"/>
    <nd ref="2147"/>
    <nd ref="2150"/>
    <nd ref="2151"/>
    <nd ref="2149"/>
    <tag k="type" v="line_thin"/>
    <tag k="subtype" v="solid"/>
  </way>
  <way id="2156">
    <nd ref="2111"/>
    <nd ref="2155"/>
    <nd ref="2157"/>
    <nd ref="2158"/>
    <nd ref="2160"/>
    <nd ref="2186"/>
    <nd ref="2187"/>
    <nd ref="2188"/>
    <nd ref="2161"/>
    <tag k="type" v="line_thin"/>
    <tag k="subtype" v="solid"/>
  </way>
  <way id="2167">
    <nd ref="2161"/>
    <nd ref="2166"/>
    <nd ref="2170"/>
    <nd ref="2191"/>
    <nd ref="2171"/>
    <tag k="type" v="line_thin"/>
    <tag k="subtype" v="solid"/>
  </way>
  <way id="2173">
    <nd ref="2149"/>
    <nd ref="2172"/>
    <nd ref="2174"/>
    <nd ref="2175"/>
    <nd ref="2182"/>
    <nd ref="2183"/>
    <nd ref="2184"/>
    <nd ref="2185"/>
    <nd ref="2176"/>
    <tag k="type" v="line_thin"/>
    <tag k="subtype" v="solid"/>
  </way>
  <way id="2181">
    <nd ref="2176"/>
    <nd ref="2177"/>
    <nd ref="2179"/>
    <nd ref="2190"/>
    <nd ref="2180"/>
    <tag k="type" v="line_thin"/>
    <tag k="subtype" v="solid"/>
  </way>
  <way id="2195">
    <nd ref="2171"/>
    <nd ref="2194"/>
    <nd ref="2196"/>
    <nd ref="2197"/>
    <nd ref="2202"/>
    <nd ref="2204"/>
    <nd ref="2206"/>
    <nd ref="2218"/>
    <nd ref="2207"/>
    <tag k="type" v="line_thin"/>
    <tag k="subtype" v="solid"/>
  </way>
  <way id="2209">
    <nd ref="2180"/>
    <nd ref="2208"/>
    <nd ref="2211"/>
    <nd ref="2212"/>
    <nd ref="2214"/>
    <nd ref="2215"/>
    <nd ref="2216"/>
    <nd ref="2217"/>
    <nd ref="2213"/>
    <tag k="type" v="line_thin"/>
    <tag k="subtype" v="solid"/>
  </way>
  <way id="2226">
    <nd ref="2225"/>
    <nd ref="2229"/>
    <nd ref="2230"/>
    <nd ref="2398"/>
    <nd ref="2399"/>
    <nd ref="2400"/>
    <nd ref="2231"/>
    <tag k="type" v="line_thin"/>
    <tag k="subtype" v="solid"/>
  </way>
  <way id="2256">
    <nd ref="2255"/>
    <nd ref="2258"/>
    <nd ref="2401"/>
    <nd ref="2402"/>
    <nd ref="2403"/>
    <nd ref="2404"/>
    <nd ref="2260"/>
    <tag k="type" v="line_thin"/>
    <tag k="subtype" v="solid"/>
  </way>
  <way id="2289">
    <nd ref="2268"/>
    <nd ref="2271"/>
    <nd ref="2273"/>
    <nd ref="2306"/>
    <nd ref="2506"/>
    <nd ref="2507"/>
    <nd ref="5334"/>
    <nd ref="5335"/>
    <nd ref="2274"/>
    <tag k="type" v="line_thin"/>
    <tag k="subtype" v="solid"/>
  </way>
  <way id="2291">
    <nd ref="2244"/>
    <nd ref="2245"/>
    <nd ref="2246"/>
    <nd ref="2307"/>
    <nd ref="2504"/>
    <nd ref="2505"/>
    <nd ref="5336"/>
    <nd ref="5337"/>
    <nd ref="2248"/>
    <tag k="type" v="line_thin"/>
    <tag k="subtype" v="solid"/>
  </way>
  <way id="2316">
    <nd ref="2314"/>
    <nd ref="2315"/>
    <nd ref="2317"/>
    <nd ref="2318"/>
    <nd ref="2319"/>
    <nd ref="2314"/>
    <tag k="type" v="line_thin"/>
    <tag k="subtype" v="solid"/>
  </way>
  <way id="2449">
    <nd ref="2260"/>
    <nd ref="2425"/>
    <nd ref="2426"/>
    <nd ref="2427"/>
    <nd ref="2428"/>
    <nd ref="2429"/>
    <nd ref="2430"/>
    <nd ref="2431"/>
    <nd ref="2432"/>
    <nd ref="2433"/>
    <nd ref="2434"/>
    <nd ref="2435"/>
    <nd ref="2436"/>
    <nd ref="2268"/>
    <tag k="type" v="line_thin"/>
    <tag k="subtype" v="solid"/>
  </way>
  <way id="2450">
    <nd ref="2231"/>
    <nd ref="2437"/>
    <nd ref="2438"/>
    <nd ref="2439"/>
    <nd ref="2440"/>
    <nd ref="2441"/>
    <nd ref="2442"/>
    <nd ref="2443"/>
    <nd ref="2444"/>
    <nd ref="2445"/>
    <nd ref="2446"/>
    <nd ref="2447"/>
    <nd ref="2448"/>
    <nd ref="2244"/>
    <tag k="type" v="line_thin"/>
    <tag k="subtype" v="solid"/>
  </way>
  <way id="2564">
    <nd ref="2274"/>
    <nd ref="2508"/>
    <nd ref="2509"/>
    <nd ref="2510"/>
    <nd ref="2511"/>
    <nd ref="2512"/>
    <nd ref="2513"/>
    <nd ref="2514"/>
    <nd ref="2515"/>
    <nd ref="2516"/>
    <nd ref="2517"/>
    <nd ref="2518"/>
    <nd ref="2519"/>
    <nd ref="2520"/>
    <nd ref="2521"/>
    <nd ref="2522"/>
    <nd ref="2523"/>
    <nd ref="2524"/>
    <nd ref="2525"/>
    <nd ref="2526"/>
    <nd ref="2527"/>
    <nd ref="2528"/>
    <nd ref="2529"/>
    <nd ref="2530"/>
    <nd ref="2531"/>
    <nd ref="2532"/>
    <nd ref="2533"/>
    <nd ref="2534"/>
    <nd ref="2535"/>
    <nd ref="683"/>
    <tag k="type" v="line_thin"/>
    <tag k="subtype" v="solid"/>
  </way>
  <way id="2565">
    <nd ref="2248"/>
    <nd ref="2536"/>
    <nd ref="2537"/>
    <nd ref="2538"/>
    <nd ref="2539"/>
    <nd ref="2540"/>
    <nd ref="2541"/>
    <nd ref="2542"/>
    <nd ref="2543"/>
    <nd ref="2544"/>
    <nd ref="2545"/>
    <nd ref="2546"/>
    <nd ref="2547"/>
    <nd ref="2548"/>
    <nd ref="2549"/>
    <nd ref="2550"/>
    <nd ref="2551"/>
    <nd ref="2552"/>
    <nd ref="2553"/>
    <nd ref="2554"/>
    <nd ref="2555"/>
    <nd ref="2556"/>
    <nd ref="2557"/>
    <nd ref="2558"/>
    <nd ref="2559"/>
    <nd ref="2560"/>
    <nd ref="2561"/>
    <nd ref="2562"/>
    <nd ref="2563"/>
    <nd ref="680"/>
    <tag k="type" v="line_thin"/>
    <tag k="subtype" v="solid"/>
  </way>
  <way id="2581">
    <nd ref="683"/>
    <nd ref="869"/>
    <tag k="type" v="line_thin"/>
    <tag k="subtype" v="solid"/>
  </way>
  <way id="2582">
    <nd ref="680"/>
    <nd ref="868"/>
    <tag k="type" v="line_thin"/>
    <tag k="subtype" v="solid"/>
  </way>
  <way id="2584">
    <nd ref="186"/>
    <nd ref="29"/>
    <tag k="type" v="line_thin"/>
    <tag k="subtype" v="solid"/>
  </way>
  <way id="2585">
    <nd ref="184"/>
    <nd ref="26"/>
    <tag k="type" v="line_thin"/>
    <tag k="subtype" v="solid"/>
  </way>
  <way id="2641">
    <nd ref="55"/>
    <nd ref="2614"/>
    <tag k="type" v="line_thin"/>
    <tag k="subtype" v="solid"/>
  </way>
  <way id="2642">
    <nd ref="2614"/>
    <nd ref="2615"/>
    <nd ref="2616"/>
    <nd ref="2617"/>
    <nd ref="2618"/>
    <nd ref="2619"/>
    <nd ref="2620"/>
    <nd ref="2621"/>
    <nd ref="2622"/>
    <nd ref="2623"/>
    <nd ref="2624"/>
    <nd ref="2625"/>
    <nd ref="64"/>
    <tag k="type" v="line_thin"/>
    <tag k="subtype" v="solid"/>
  </way>
  <way id="2643">
    <nd ref="52"/>
    <nd ref="2626"/>
    <tag k="type" v="line_thin"/>
    <tag k="subtype" v="solid"/>
  </way>
  <way id="2644">
    <nd ref="2626"/>
    <nd ref="2627"/>
    <nd ref="2628"/>
    <nd ref="2629"/>
    <nd ref="2630"/>
    <nd ref="2631"/>
    <nd ref="2632"/>
    <nd ref="2633"/>
    <nd ref="2634"/>
    <nd ref="2635"/>
    <nd ref="2636"/>
    <nd ref="2637"/>
    <nd ref="61"/>
    <tag k="type" v="line_thin"/>
    <tag k="subtype" v="solid"/>
  </way>
  <way id="2686">
    <nd ref="2684"/>
    <nd ref="2752"/>
    <nd ref="2685"/>
    <nd ref="240"/>
    <tag k="type" v="line_thin"/>
    <tag k="subtype" v="solid"/>
  </way>
  <way id="2689">
    <nd ref="2687"/>
    <nd ref="2691"/>
    <nd ref="2692"/>
    <nd ref="2688"/>
    <nd ref="5330"/>
    <nd ref="5331"/>
    <nd ref="5332"/>
    <nd ref="5333"/>
    <nd ref="237"/>
    <tag k="type" v="line_thin"/>
    <tag k="subtype" v="solid"/>
  </way>
  <way id="2716">
    <nd ref="2714"/>
    <nd ref="2723"/>
    <nd ref="2724"/>
    <nd ref="5366"/>
    <nd ref="5367"/>
    <nd ref="2715"/>
    <tag k="type" v="line_thin"/>
    <tag k="subtype" v="solid"/>
  </way>
  <way id="2719">
    <nd ref="2717"/>
    <nd ref="2721"/>
    <nd ref="2722"/>
    <nd ref="2745"/>
    <nd ref="5405"/>
    <nd ref="5406"/>
    <nd ref="2718"/>
    <tag k="type" v="line_thin"/>
    <tag k="subtype" v="solid"/>
  </way>
  <way id="2742">
    <nd ref="2718"/>
    <nd ref="2726"/>
    <nd ref="2727"/>
    <nd ref="2728"/>
    <nd ref="2729"/>
    <nd ref="2730"/>
    <nd ref="2731"/>
    <nd ref="2732"/>
    <nd ref="2733"/>
    <nd ref="5328"/>
    <nd ref="5329"/>
    <nd ref="2687"/>
    <tag k="type" v="line_thin"/>
    <tag k="subtype" v="solid"/>
  </way>
  <way id="2743">
    <nd ref="2715"/>
    <nd ref="2734"/>
    <nd ref="2735"/>
    <nd ref="2736"/>
    <nd ref="2737"/>
    <nd ref="2738"/>
    <nd ref="2739"/>
    <nd ref="2740"/>
    <nd ref="2741"/>
    <nd ref="2684"/>
    <tag k="type" v="line_thin"/>
    <tag k="subtype" v="solid"/>
  </way>
  <way id="2747">
    <nd ref="71"/>
    <nd ref="795"/>
    <nd ref="796"/>
    <nd ref="797"/>
    <nd ref="5320"/>
    <nd ref="5321"/>
    <nd ref="5322"/>
    <nd ref="82"/>
    <tag k="type" v="line_thin"/>
    <tag k="subtype" v="solid"/>
  </way>
  <way id="2748">
    <nd ref="82"/>
    <nd ref="2646"/>
    <nd ref="83"/>
    <nd ref="2725"/>
    <nd ref="5305"/>
    <nd ref="5306"/>
    <nd ref="5307"/>
    <nd ref="5308"/>
    <nd ref="2717"/>
    <tag k="type" v="line_thin"/>
    <tag k="subtype" v="solid"/>
  </way>
  <way id="2749">
    <nd ref="70"/>
    <nd ref="792"/>
    <nd ref="793"/>
    <nd ref="794"/>
    <nd ref="5323"/>
    <nd ref="5324"/>
    <nd ref="5325"/>
    <nd ref="79"/>
    <tag k="type" v="line_thin"/>
    <tag k="subtype" v="solid"/>
  </way>
  <way id="2750">
    <nd ref="79"/>
    <nd ref="5309"/>
    <nd ref="5310"/>
    <nd ref="5311"/>
    <nd ref="5312"/>
    <nd ref="5326"/>
    <nd ref="5327"/>
    <nd ref="2714"/>
    <tag k="type" v="line_thin"/>
    <tag k="subtype" v="solid"/>
  </way>
  <way id="2755">
    <nd ref="2213"/>
    <nd ref="2255"/>
    <tag k="type" v="line_thin"/>
    <tag k="subtype" v="solid"/>
  </way>
  <way id="2756">
    <nd ref="2207"/>
    <nd ref="2225"/>
    <tag k="type" v="line_thin"/>
    <tag k="subtype" v="solid"/>
  </way>
  <way id="2767">
    <nd ref="2765"/>
    <nd ref="2766"/>
    <tag k="type" v="line_thin"/>
    <tag k="subtype" v="solid"/>
  </way>
  <way id="2770">
    <nd ref="2768"/>
    <nd ref="2769"/>
    <tag k="type" v="line_thin"/>
    <tag k="subtype" v="solid"/>
  </way>
  <way id="2846">
    <nd ref="2769"/>
    <nd ref="2775"/>
    <nd ref="2776"/>
    <nd ref="2777"/>
    <nd ref="2778"/>
    <nd ref="2779"/>
    <nd ref="2780"/>
    <nd ref="2781"/>
    <tag k="type" v="line_thin"/>
    <tag k="subtype" v="solid"/>
  </way>
  <way id="2848">
    <nd ref="2766"/>
    <nd ref="2809"/>
    <nd ref="2810"/>
    <nd ref="2811"/>
    <nd ref="2812"/>
    <nd ref="2813"/>
    <nd ref="2814"/>
    <tag k="type" v="line_thin"/>
    <tag k="subtype" v="solid"/>
  </way>
  <way id="2853">
    <nd ref="2851"/>
    <nd ref="2852"/>
    <nd ref="2858"/>
    <nd ref="2862"/>
    <nd ref="2863"/>
    <nd ref="2864"/>
    <nd ref="2865"/>
    <nd ref="2866"/>
    <nd ref="2860"/>
    <tag k="type" v="line_thin"/>
    <tag k="subtype" v="solid"/>
  </way>
  <way id="2856">
    <nd ref="2854"/>
    <nd ref="2855"/>
    <nd ref="2859"/>
    <nd ref="2867"/>
    <nd ref="2868"/>
    <nd ref="2869"/>
    <nd ref="2870"/>
    <nd ref="2871"/>
    <nd ref="2861"/>
    <tag k="type" v="line_thin"/>
    <tag k="subtype" v="solid"/>
  </way>
  <way id="2918">
    <nd ref="2781"/>
    <nd ref="2872"/>
    <nd ref="2873"/>
    <nd ref="2874"/>
    <nd ref="2875"/>
    <nd ref="2876"/>
    <nd ref="2877"/>
    <nd ref="2878"/>
    <nd ref="2879"/>
    <nd ref="2880"/>
    <nd ref="2881"/>
    <nd ref="2882"/>
    <nd ref="2883"/>
    <nd ref="2884"/>
    <nd ref="2885"/>
    <nd ref="2886"/>
    <nd ref="2887"/>
    <nd ref="2888"/>
    <nd ref="2889"/>
    <nd ref="2890"/>
    <nd ref="2891"/>
    <nd ref="2892"/>
    <nd ref="2893"/>
    <nd ref="2894"/>
    <nd ref="2854"/>
    <tag k="type" v="line_thin"/>
    <tag k="subtype" v="solid"/>
  </way>
  <way id="2919">
    <nd ref="2814"/>
    <nd ref="2895"/>
    <nd ref="2896"/>
    <nd ref="2897"/>
    <nd ref="2898"/>
    <nd ref="2899"/>
    <nd ref="2900"/>
    <nd ref="2901"/>
    <nd ref="2902"/>
    <nd ref="2903"/>
    <nd ref="2904"/>
    <nd ref="2905"/>
    <nd ref="2906"/>
    <nd ref="2907"/>
    <nd ref="2908"/>
    <nd ref="2909"/>
    <nd ref="2910"/>
    <nd ref="2911"/>
    <nd ref="2912"/>
    <nd ref="2913"/>
    <nd ref="2914"/>
    <nd ref="2915"/>
    <nd ref="2916"/>
    <nd ref="2917"/>
    <nd ref="2851"/>
    <tag k="type" v="line_thin"/>
    <tag k="subtype" v="solid"/>
  </way>
  <way id="2941">
    <nd ref="2940"/>
    <nd ref="2268"/>
    <tag k="type" v="line_thin"/>
    <tag k="subtype" v="solid"/>
  </way>
  <way id="2942">
    <nd ref="2939"/>
    <nd ref="2244"/>
    <tag k="type" v="line_thin"/>
    <tag k="subtype" v="solid"/>
  </way>
  <way id="2944">
    <nd ref="2769"/>
    <nd ref="2928"/>
    <tag k="type" v="line_thin"/>
    <tag k="subtype" v="solid"/>
  </way>
  <way id="2945">
    <nd ref="2928"/>
    <nd ref="2932"/>
    <nd ref="2934"/>
    <nd ref="2936"/>
    <nd ref="2938"/>
    <nd ref="2940"/>
    <tag k="type" v="line_thin"/>
    <tag k="subtype" v="solid"/>
  </way>
  <way id="2946">
    <nd ref="2766"/>
    <nd ref="2926"/>
    <tag k="type" v="line_thin"/>
    <tag k="subtype" v="solid"/>
  </way>
  <way id="2947">
    <nd ref="2926"/>
    <nd ref="2931"/>
    <nd ref="2933"/>
    <nd ref="2935"/>
    <nd ref="2937"/>
    <nd ref="2939"/>
    <tag k="type" v="line_thin"/>
    <tag k="subtype" v="solid"/>
  </way>
  <way id="2951">
    <nd ref="2949"/>
    <nd ref="2950"/>
    <tag k="type" v="line_thin"/>
    <tag k="subtype" v="solid"/>
  </way>
  <way id="2954">
    <nd ref="2952"/>
    <nd ref="2953"/>
    <tag k="type" v="line_thin"/>
    <tag k="subtype" v="solid"/>
  </way>
  <way id="2958">
    <nd ref="2956"/>
    <nd ref="2957"/>
    <nd ref="2963"/>
    <nd ref="2965"/>
    <tag k="type" v="line_thin"/>
    <tag k="subtype" v="solid"/>
  </way>
  <way id="2961">
    <nd ref="2959"/>
    <nd ref="2960"/>
    <nd ref="2964"/>
    <nd ref="2966"/>
    <tag k="type" v="line_thin"/>
    <tag k="subtype" v="solid"/>
  </way>
  <way id="2985">
    <nd ref="2966"/>
    <nd ref="2967"/>
    <nd ref="2968"/>
    <nd ref="2969"/>
    <nd ref="2970"/>
    <nd ref="2971"/>
    <nd ref="2972"/>
    <nd ref="2973"/>
    <nd ref="2974"/>
    <nd ref="2975"/>
    <nd ref="2928"/>
    <tag k="type" v="line_thin"/>
    <tag k="subtype" v="solid"/>
  </way>
  <way id="2986">
    <nd ref="2965"/>
    <nd ref="2976"/>
    <nd ref="2977"/>
    <nd ref="2978"/>
    <nd ref="2979"/>
    <nd ref="2980"/>
    <nd ref="2981"/>
    <nd ref="2982"/>
    <nd ref="2983"/>
    <nd ref="2984"/>
    <nd ref="2926"/>
    <tag k="type" v="line_thin"/>
    <tag k="subtype" v="solid"/>
  </way>
  <way id="3012">
    <nd ref="2953"/>
    <nd ref="2988"/>
    <nd ref="2989"/>
    <nd ref="2990"/>
    <nd ref="2991"/>
    <nd ref="2992"/>
    <nd ref="2993"/>
    <nd ref="2994"/>
    <nd ref="2995"/>
    <nd ref="2996"/>
    <nd ref="2997"/>
    <nd ref="2998"/>
    <nd ref="2999"/>
    <nd ref="2959"/>
    <tag k="type" v="line_thin"/>
    <tag k="subtype" v="solid"/>
  </way>
  <way id="3013">
    <nd ref="2950"/>
    <nd ref="3000"/>
    <nd ref="3001"/>
    <nd ref="3002"/>
    <nd ref="3003"/>
    <nd ref="3004"/>
    <nd ref="3005"/>
    <nd ref="3006"/>
    <nd ref="3007"/>
    <nd ref="3008"/>
    <nd ref="3009"/>
    <nd ref="3010"/>
    <nd ref="3011"/>
    <nd ref="2956"/>
    <tag k="type" v="line_thin"/>
    <tag k="subtype" v="solid"/>
  </way>
  <way id="3017">
    <nd ref="3015"/>
    <nd ref="3016"/>
    <nd ref="3022"/>
    <tag k="type" v="line_thin"/>
    <tag k="subtype" v="solid"/>
  </way>
  <way id="3020">
    <nd ref="3018"/>
    <nd ref="3019"/>
    <nd ref="3023"/>
    <tag k="type" v="line_thin"/>
    <tag k="subtype" v="solid"/>
  </way>
  <way id="4570">
    <nd ref="4568"/>
    <nd ref="4569"/>
    <nd ref="4575"/>
    <nd ref="4582"/>
    <tag k="type" v="line_thin"/>
    <tag k="subtype" v="solid"/>
  </way>
  <way id="4573">
    <nd ref="4571"/>
    <nd ref="4572"/>
    <nd ref="4576"/>
    <nd ref="2940"/>
    <tag k="type" v="line_thin"/>
    <tag k="subtype" v="solid"/>
  </way>
  <way id="4583">
    <nd ref="4577"/>
    <nd ref="4578"/>
    <nd ref="4579"/>
    <nd ref="4580"/>
    <nd ref="4581"/>
    <nd ref="4582"/>
    <tag k="type" v="line_thin"/>
    <tag k="subtype" v="solid"/>
  </way>
  <way id="4650">
    <nd ref="4648"/>
    <nd ref="4649"/>
    <tag k="type" v="line_thin"/>
    <tag k="subtype" v="solid"/>
  </way>
  <way id="4653">
    <nd ref="4651"/>
    <nd ref="4652"/>
    <tag k="type" v="line_thin"/>
    <tag k="subtype" v="solid"/>
  </way>
  <way id="4658">
    <nd ref="2928"/>
    <nd ref="4585"/>
    <nd ref="4586"/>
    <nd ref="4587"/>
    <nd ref="4588"/>
    <nd ref="4589"/>
    <nd ref="4590"/>
    <nd ref="4591"/>
    <tag k="type" v="line_thin"/>
    <tag k="subtype" v="solid"/>
  </way>
  <way id="4659">
    <nd ref="4591"/>
    <nd ref="4592"/>
    <nd ref="4593"/>
    <nd ref="4594"/>
    <nd ref="4595"/>
    <nd ref="4596"/>
    <nd ref="4597"/>
    <nd ref="4598"/>
    <nd ref="4599"/>
    <nd ref="4600"/>
    <nd ref="4601"/>
    <nd ref="4602"/>
    <nd ref="4603"/>
    <nd ref="4604"/>
    <nd ref="4605"/>
    <nd ref="4606"/>
    <nd ref="4607"/>
    <nd ref="4608"/>
    <nd ref="4609"/>
    <nd ref="4610"/>
    <nd ref="4611"/>
    <nd ref="4612"/>
    <nd ref="4613"/>
    <nd ref="4614"/>
    <nd ref="3018"/>
    <tag k="type" v="line_thin"/>
    <tag k="subtype" v="solid"/>
  </way>
  <way id="4660">
    <nd ref="4577"/>
    <nd ref="4615"/>
    <nd ref="4616"/>
    <nd ref="4617"/>
    <nd ref="4618"/>
    <nd ref="4619"/>
    <nd ref="4620"/>
    <tag k="type" v="line_thin"/>
    <tag k="subtype" v="solid"/>
  </way>
  <way id="4661">
    <nd ref="4620"/>
    <nd ref="4621"/>
    <nd ref="4622"/>
    <nd ref="4623"/>
    <nd ref="4624"/>
    <nd ref="4625"/>
    <nd ref="4626"/>
    <nd ref="4627"/>
    <nd ref="4628"/>
    <nd ref="4629"/>
    <nd ref="4630"/>
    <nd ref="4631"/>
    <nd ref="4632"/>
    <nd ref="4633"/>
    <nd ref="4634"/>
    <nd ref="4635"/>
    <nd ref="4636"/>
    <nd ref="4637"/>
    <nd ref="4638"/>
    <nd ref="4639"/>
    <nd ref="4640"/>
    <nd ref="4641"/>
    <nd ref="4642"/>
    <nd ref="4643"/>
    <nd ref="4644"/>
    <nd ref="3015"/>
    <tag k="type" v="line_thin"/>
    <tag k="subtype" v="solid"/>
  </way>
  <way id="4673">
    <nd ref="4671"/>
    <nd ref="4672"/>
    <nd ref="4696"/>
    <nd ref="4697"/>
    <nd ref="4698"/>
    <nd ref="4699"/>
    <nd ref="4700"/>
    <nd ref="4678"/>
    <tag k="type" v="line_thin"/>
    <tag k="subtype" v="solid"/>
  </way>
  <way id="4676">
    <nd ref="4674"/>
    <nd ref="4675"/>
    <nd ref="4691"/>
    <nd ref="4692"/>
    <nd ref="4693"/>
    <nd ref="4694"/>
    <nd ref="4695"/>
    <nd ref="4679"/>
    <tag k="type" v="line_thin"/>
    <tag k="subtype" v="solid"/>
  </way>
  <way id="4688">
    <nd ref="4679"/>
    <nd ref="4680"/>
    <nd ref="4681"/>
    <nd ref="4682"/>
    <nd ref="4683"/>
    <nd ref="4651"/>
    <tag k="type" v="line_thin"/>
    <tag k="subtype" v="solid"/>
  </way>
  <way id="4689">
    <nd ref="4678"/>
    <nd ref="4684"/>
    <nd ref="4685"/>
    <nd ref="4686"/>
    <nd ref="4687"/>
    <nd ref="4648"/>
    <tag k="type" v="line_thin"/>
    <tag k="subtype" v="solid"/>
  </way>
  <way id="4702">
    <nd ref="2860"/>
    <nd ref="4701"/>
    <tag k="type" v="line_thin"/>
    <tag k="subtype" v="solid"/>
  </way>
  <way id="4704">
    <nd ref="2861"/>
    <nd ref="4703"/>
    <tag k="type" v="line_thin"/>
    <tag k="subtype" v="solid"/>
  </way>
  <way id="4716">
    <nd ref="4591"/>
    <nd ref="4706"/>
    <nd ref="4707"/>
    <nd ref="4708"/>
    <nd ref="4709"/>
    <nd ref="4710"/>
    <nd ref="4674"/>
    <tag k="type" v="line_thin"/>
    <tag k="subtype" v="solid"/>
  </way>
  <way id="4717">
    <nd ref="4620"/>
    <nd ref="4711"/>
    <nd ref="4712"/>
    <nd ref="4713"/>
    <nd ref="4714"/>
    <nd ref="4715"/>
    <nd ref="4671"/>
    <tag k="type" v="line_thin"/>
    <tag k="subtype" v="solid"/>
  </way>
  <way id="4753">
    <nd ref="4652"/>
    <nd ref="4719"/>
    <nd ref="4720"/>
    <nd ref="4721"/>
    <nd ref="4722"/>
    <nd ref="4723"/>
    <nd ref="4724"/>
    <nd ref="4725"/>
    <nd ref="4726"/>
    <nd ref="4727"/>
    <nd ref="4728"/>
    <nd ref="4729"/>
    <nd ref="4730"/>
    <nd ref="4731"/>
    <nd ref="4732"/>
    <nd ref="4733"/>
    <nd ref="4734"/>
    <nd ref="4735"/>
    <nd ref="2952"/>
    <tag k="type" v="line_thin"/>
    <tag k="subtype" v="solid"/>
  </way>
  <way id="4754">
    <nd ref="4649"/>
    <nd ref="4736"/>
    <nd ref="4737"/>
    <nd ref="4738"/>
    <nd ref="4739"/>
    <nd ref="4740"/>
    <nd ref="4741"/>
    <nd ref="4742"/>
    <nd ref="4743"/>
    <nd ref="4744"/>
    <nd ref="4745"/>
    <nd ref="4746"/>
    <nd ref="4747"/>
    <nd ref="4748"/>
    <nd ref="4749"/>
    <nd ref="4750"/>
    <nd ref="4751"/>
    <nd ref="4752"/>
    <nd ref="2949"/>
    <tag k="type" v="line_thin"/>
    <tag k="subtype" v="solid"/>
  </way>
  <way id="5302">
    <nd ref="3023"/>
    <nd ref="5278"/>
    <nd ref="5279"/>
    <nd ref="5280"/>
    <nd ref="5281"/>
    <nd ref="5282"/>
    <nd ref="5283"/>
    <nd ref="5284"/>
    <nd ref="5285"/>
    <nd ref="5286"/>
    <nd ref="5287"/>
    <nd ref="5288"/>
    <nd ref="5289"/>
    <nd ref="2768"/>
    <tag k="type" v="line_thin"/>
    <tag k="subtype" v="solid"/>
  </way>
  <way id="5303">
    <nd ref="3022"/>
    <nd ref="5290"/>
    <nd ref="5291"/>
    <nd ref="5292"/>
    <nd ref="5293"/>
    <nd ref="5294"/>
    <nd ref="5295"/>
    <nd ref="5296"/>
    <nd ref="5297"/>
    <nd ref="5298"/>
    <nd ref="5299"/>
    <nd ref="5300"/>
    <nd ref="5301"/>
    <nd ref="2765"/>
    <tag k="type" v="line_thin"/>
    <tag k="subtype" v="solid"/>
  </way>
  <way id="5373">
    <nd ref="5368"/>
    <nd ref="5369"/>
    <nd ref="5370"/>
    <nd ref="5371"/>
    <nd ref="5385"/>
    <nd ref="5386"/>
    <nd ref="5387"/>
    <nd ref="5388"/>
    <nd ref="5372"/>
    <tag k="type" v="line_thin"/>
    <tag k="subtype" v="dashed"/>
  </way>
  <way id="5384">
    <nd ref="5378"/>
    <nd ref="5379"/>
    <nd ref="5380"/>
    <nd ref="5381"/>
    <nd ref="5382"/>
    <nd ref="5383"/>
    <nd ref="5368"/>
    <tag k="type" v="line_thin"/>
    <tag k="subtype" v="dashed"/>
  </way>
  <way id="5437">
    <nd ref="5395"/>
    <nd ref="5432"/>
    <nd ref="5433"/>
    <nd ref="5434"/>
    <nd ref="5435"/>
    <nd ref="5436"/>
    <tag k="type" v="line_thin"/>
    <tag k="subtype" v="dashed"/>
  </way>
  <way id="5444">
    <nd ref="5436"/>
    <nd ref="5438"/>
    <nd ref="5439"/>
    <nd ref="5440"/>
    <nd ref="5441"/>
    <nd ref="5442"/>
    <nd ref="5443"/>
    <tag k="type" v="line_thin"/>
    <tag k="subtype" v="dashed"/>
  </way>
  <way id="6075">
    <nd ref="6068"/>
    <nd ref="6069"/>
    <nd ref="6070"/>
    <nd ref="6071"/>
    <nd ref="6072"/>
    <nd ref="6073"/>
    <nd ref="6074"/>
    <tag k="type" v="line_thin"/>
    <tag k="subtype" v="dashed"/>
  </way>
  <way id="6080">
    <nd ref="6076"/>
    <nd ref="6077"/>
    <nd ref="6078"/>
    <nd ref="6079"/>
    <tag k="type" v="line_thin"/>
    <tag k="subtype" v="dashed"/>
  </way>
  <way id="6086">
    <nd ref="6081"/>
    <nd ref="6082"/>
    <nd ref="6083"/>
    <nd ref="6084"/>
    <nd ref="6085"/>
    <tag k="type" v="line_thin"/>
    <tag k="subtype" v="dashed"/>
  </way>
  <way id="6107">
    <nd ref="6087"/>
    <nd ref="6088"/>
    <nd ref="6089"/>
    <nd ref="6090"/>
    <nd ref="6091"/>
    <nd ref="6092"/>
    <nd ref="6093"/>
    <nd ref="6094"/>
    <nd ref="6095"/>
    <nd ref="6096"/>
    <nd ref="6097"/>
    <nd ref="6098"/>
    <nd ref="6099"/>
    <nd ref="6100"/>
    <nd ref="6101"/>
    <nd ref="6102"/>
    <nd ref="6103"/>
    <nd ref="6104"/>
    <nd ref="6105"/>
    <nd ref="6106"/>
    <nd ref="6081"/>
    <tag k="type" v="line_thin"/>
    <tag k="subtype" v="dashed"/>
  </way>
  <way id="6120">
    <nd ref="6108"/>
    <nd ref="6109"/>
    <nd ref="6110"/>
    <nd ref="6111"/>
    <nd ref="6112"/>
    <nd ref="6113"/>
    <nd ref="6114"/>
    <nd ref="6115"/>
    <nd ref="6116"/>
    <nd ref="6117"/>
    <nd ref="6118"/>
    <nd ref="6119"/>
    <tag k="type" v="line_thin"/>
    <tag k="subtype" v="dashed"/>
  </way>
  <way id="6127">
    <nd ref="6079"/>
    <nd ref="6121"/>
    <nd ref="6122"/>
    <nd ref="6123"/>
    <nd ref="6124"/>
    <nd ref="6125"/>
    <nd ref="6126"/>
    <tag k="type" v="line_thin"/>
    <tag k="subtype" v="dashed"/>
  </way>
  <way id="6140">
    <nd ref="6126"/>
    <nd ref="6128"/>
    <nd ref="6129"/>
    <nd ref="6130"/>
    <nd ref="6131"/>
    <nd ref="6132"/>
    <nd ref="6133"/>
    <nd ref="6134"/>
    <nd ref="6135"/>
    <nd ref="6136"/>
    <nd ref="6137"/>
    <nd ref="6138"/>
    <nd ref="6139"/>
    <nd ref="6087"/>
    <tag k="type" v="line_thin"/>
    <tag k="subtype" v="dashed"/>
  </way>
  <way id="6147">
    <nd ref="6141"/>
    <nd ref="6142"/>
    <nd ref="6143"/>
    <nd ref="6144"/>
    <nd ref="6145"/>
    <nd ref="6146"/>
    <tag k="type" v="line_thin"/>
    <tag k="subtype" v="dashed"/>
  </way>
  <way id="6154">
    <nd ref="6148"/>
    <nd ref="6149"/>
    <nd ref="6150"/>
    <nd ref="6151"/>
    <nd ref="6152"/>
    <nd ref="6153"/>
    <tag k="type" v="line_thin"/>
    <tag k="subtype" v="dashed"/>
  </way>
  <way id="6159">
    <nd ref="6119"/>
    <nd ref="6155"/>
    <nd ref="6156"/>
    <nd ref="6157"/>
    <nd ref="6158"/>
    <nd ref="6076"/>
    <tag k="type" v="line_thin"/>
    <tag k="subtype" v="dashed"/>
  </way>
  <way id="6166">
    <nd ref="6085"/>
    <nd ref="6160"/>
    <nd ref="6161"/>
    <nd ref="6162"/>
    <nd ref="6163"/>
    <nd ref="6164"/>
    <nd ref="6165"/>
    <tag k="type" v="line_thin"/>
    <tag k="subtype" v="dashed"/>
  </way>
  <way id="6181">
    <nd ref="6167"/>
    <nd ref="6168"/>
    <nd ref="6169"/>
    <nd ref="6170"/>
    <nd ref="6171"/>
    <nd ref="6172"/>
    <nd ref="6173"/>
    <nd ref="6174"/>
    <nd ref="6175"/>
    <nd ref="6176"/>
    <nd ref="6177"/>
    <nd ref="6178"/>
    <nd ref="6179"/>
    <nd ref="6180"/>
    <tag k="type" v="line_thin"/>
    <tag k="subtype" v="dashed"/>
  </way>
  <way id="6192">
    <nd ref="6182"/>
    <nd ref="6183"/>
    <nd ref="6184"/>
    <nd ref="6185"/>
    <nd ref="6186"/>
    <nd ref="6187"/>
    <nd ref="6188"/>
    <nd ref="6189"/>
    <nd ref="6190"/>
    <nd ref="6191"/>
    <tag k="type" v="line_thin"/>
    <tag k="subtype" v="dashed"/>
  </way>
  <way id="6202">
    <nd ref="6191"/>
    <nd ref="6193"/>
    <nd ref="6194"/>
    <nd ref="6195"/>
    <nd ref="6196"/>
    <nd ref="6197"/>
    <nd ref="6198"/>
    <nd ref="6199"/>
    <nd ref="6200"/>
    <nd ref="6201"/>
    <tag k="type" v="line_thin"/>
    <tag k="subtype" v="dashed"/>
  </way>
  <way id="6214">
    <nd ref="6146"/>
    <nd ref="6203"/>
    <nd ref="6204"/>
    <nd ref="6205"/>
    <nd ref="6206"/>
    <nd ref="6207"/>
    <nd ref="6208"/>
    <nd ref="6209"/>
    <nd ref="6210"/>
    <nd ref="6211"/>
    <nd ref="6212"/>
    <nd ref="6213"/>
    <tag k="type" v="line_thin"/>
    <tag k="subtype" v="dashed"/>
  </way>
  <way id="6222">
    <nd ref="6215"/>
    <nd ref="6216"/>
    <nd ref="6217"/>
    <nd ref="6218"/>
    <nd ref="6219"/>
    <nd ref="6220"/>
    <nd ref="6221"/>
    <tag k="type" v="line_thin"/>
    <tag k="subtype" v="dashed"/>
  </way>
  <way id="6228">
    <nd ref="6223"/>
    <nd ref="6224"/>
    <nd ref="6225"/>
    <nd ref="6226"/>
    <nd ref="6227"/>
    <nd ref="5378"/>
    <tag k="type" v="line_thin"/>
    <tag k="subtype" v="dashed"/>
  </way>
  <way id="6237">
    <nd ref="6229"/>
    <nd ref="6230"/>
    <nd ref="6231"/>
    <nd ref="6232"/>
    <nd ref="6233"/>
    <nd ref="6234"/>
    <nd ref="6235"/>
    <nd ref="6236"/>
    <nd ref="6223"/>
    <tag k="type" v="line_thin"/>
    <tag k="subtype" v="dashed"/>
  </way>
  <way id="6243">
    <nd ref="6238"/>
    <nd ref="6239"/>
    <nd ref="6240"/>
    <nd ref="6241"/>
    <nd ref="6242"/>
    <nd ref="6229"/>
    <tag k="type" v="line_thin"/>
    <tag k="subtype" v="dashed"/>
  </way>
  <way id="6251">
    <nd ref="6165"/>
    <nd ref="6244"/>
    <nd ref="6245"/>
    <nd ref="6246"/>
    <nd ref="6247"/>
    <nd ref="6248"/>
    <nd ref="6249"/>
    <nd ref="6250"/>
    <nd ref="6238"/>
    <tag k="type" v="line_thin"/>
    <tag k="subtype" v="dashed"/>
  </way>
  <way id="6259">
    <nd ref="5443"/>
    <nd ref="6252"/>
    <nd ref="6253"/>
    <nd ref="6254"/>
    <nd ref="6255"/>
    <nd ref="6256"/>
    <nd ref="6257"/>
    <nd ref="6258"/>
    <tag k="type" v="line_thin"/>
    <tag k="subtype" v="dashed"/>
  </way>
  <way id="6272">
    <nd ref="6258"/>
    <nd ref="6260"/>
    <nd ref="6261"/>
    <nd ref="6262"/>
    <nd ref="6263"/>
    <nd ref="6264"/>
    <nd ref="6265"/>
    <nd ref="6266"/>
    <nd ref="6267"/>
    <nd ref="6268"/>
    <nd ref="6269"/>
    <nd ref="6270"/>
    <nd ref="6271"/>
    <nd ref="6215"/>
    <tag k="type" v="line_thin"/>
    <tag k="subtype" v="dashed"/>
  </way>
  <way id="6285">
    <nd ref="6221"/>
    <nd ref="6273"/>
    <nd ref="6274"/>
    <nd ref="6275"/>
    <nd ref="6276"/>
    <nd ref="6277"/>
    <nd ref="6278"/>
    <nd ref="6279"/>
    <nd ref="6280"/>
    <nd ref="6281"/>
    <nd ref="6282"/>
    <nd ref="6283"/>
    <nd ref="6284"/>
    <nd ref="6182"/>
    <tag k="type" v="line_thin"/>
    <tag k="subtype" v="dashed"/>
  </way>
  <way id="6289">
    <nd ref="6153"/>
    <nd ref="6286"/>
    <nd ref="6287"/>
    <nd ref="6288"/>
    <nd ref="6108"/>
    <tag k="type" v="line_thin"/>
    <tag k="subtype" v="dashed"/>
  </way>
  <way id="6304">
    <nd ref="6201"/>
    <nd ref="6300"/>
    <nd ref="6301"/>
    <nd ref="6302"/>
    <nd ref="6303"/>
    <nd ref="6141"/>
    <tag k="type" v="line_thin"/>
    <tag k="subtype" v="dashed"/>
  </way>
  <way id="6314">
    <nd ref="6305"/>
    <nd ref="6306"/>
    <nd ref="6307"/>
    <nd ref="6308"/>
    <nd ref="6309"/>
    <nd ref="6310"/>
    <nd ref="6311"/>
    <nd ref="6312"/>
    <nd ref="6313"/>
    <tag k="type" v="line_thin"/>
    <tag k="subtype" v="dashed"/>
  </way>
  <way id="6325">
    <nd ref="6315"/>
    <nd ref="6316"/>
    <nd ref="6317"/>
    <nd ref="6318"/>
    <nd ref="6319"/>
    <nd ref="6320"/>
    <nd ref="6321"/>
    <nd ref="6322"/>
    <nd ref="6323"/>
    <nd ref="6324"/>
    <nd ref="6068"/>
    <tag k="type" v="line_thin"/>
    <tag k="subtype" v="dashed"/>
  </way>
  <way id="6340">
    <nd ref="6313"/>
    <nd ref="6326"/>
    <nd ref="6327"/>
    <nd ref="6328"/>
    <nd ref="6329"/>
    <nd ref="6330"/>
    <nd ref="6331"/>
    <nd ref="6332"/>
    <nd ref="6333"/>
    <nd ref="6334"/>
    <nd ref="6335"/>
    <nd ref="6336"/>
    <nd ref="6337"/>
    <nd ref="6338"/>
    <nd ref="6339"/>
    <nd ref="6315"/>
    <tag k="type" v="line_thin"/>
    <tag k="subtype" v="dashed"/>
  </way>
  <way id="6360">
    <nd ref="6341"/>
    <nd ref="6342"/>
    <nd ref="6343"/>
    <nd ref="6344"/>
    <nd ref="6345"/>
    <nd ref="6346"/>
    <nd ref="6347"/>
    <nd ref="6348"/>
    <nd ref="6349"/>
    <nd ref="6350"/>
    <nd ref="6351"/>
    <nd ref="6352"/>
    <nd ref="6353"/>
    <nd ref="6354"/>
    <nd ref="6355"/>
    <nd ref="6356"/>
    <nd ref="6357"/>
    <nd ref="6358"/>
    <nd ref="6359"/>
    <tag k="type" v="line_thin"/>
    <tag k="subtype" v="dashed"/>
  </way>
  <way id="6369">
    <nd ref="6361"/>
    <nd ref="6362"/>
    <nd ref="6363"/>
    <nd ref="6364"/>
    <nd ref="6365"/>
    <nd ref="6366"/>
    <nd ref="6367"/>
    <nd ref="6368"/>
    <nd ref="6341"/>
    <tag k="type" v="line_thin"/>
    <tag k="subtype" v="dashed"/>
  </way>
  <way id="6385">
    <nd ref="6370"/>
    <nd ref="6371"/>
    <nd ref="6372"/>
    <nd ref="6373"/>
    <nd ref="6374"/>
    <nd ref="6375"/>
    <nd ref="6376"/>
    <nd ref="6377"/>
    <nd ref="6378"/>
    <nd ref="6379"/>
    <nd ref="6380"/>
    <nd ref="6381"/>
    <nd ref="6382"/>
    <nd ref="6383"/>
    <nd ref="6384"/>
    <tag k="type" v="line_thin"/>
    <tag k="subtype" v="dashed"/>
  </way>
  <way id="6397">
    <nd ref="6386"/>
    <nd ref="6387"/>
    <nd ref="6388"/>
    <nd ref="6389"/>
    <nd ref="6390"/>
    <nd ref="6391"/>
    <nd ref="6392"/>
    <nd ref="6393"/>
    <nd ref="6394"/>
    <nd ref="6395"/>
    <nd ref="6396"/>
    <tag k="type" v="line_thin"/>
    <tag k="subtype" v="dashed"/>
  </way>
  <way id="6402">
    <nd ref="6396"/>
    <nd ref="6398"/>
    <nd ref="6399"/>
    <nd ref="6400"/>
    <nd ref="6401"/>
    <nd ref="6370"/>
    <tag k="type" v="line_thin"/>
    <tag k="subtype" v="dashed"/>
  </way>
  <way id="6419">
    <nd ref="6384"/>
    <nd ref="6403"/>
    <nd ref="6404"/>
    <nd ref="6405"/>
    <nd ref="6406"/>
    <nd ref="6407"/>
    <nd ref="6408"/>
    <nd ref="6409"/>
    <nd ref="6410"/>
    <nd ref="6411"/>
    <nd ref="6412"/>
    <nd ref="6413"/>
    <nd ref="6414"/>
    <nd ref="6415"/>
    <nd ref="6416"/>
    <nd ref="6417"/>
    <nd ref="6418"/>
    <tag k="type" v="line_thin"/>
    <tag k="subtype" v="dashed"/>
  </way>
  <way id="6432">
    <nd ref="6420"/>
    <nd ref="6421"/>
    <nd ref="6422"/>
    <nd ref="6423"/>
    <nd ref="6424"/>
    <nd ref="6425"/>
    <nd ref="6426"/>
    <nd ref="6427"/>
    <nd ref="6428"/>
    <nd ref="6429"/>
    <nd ref="6430"/>
    <nd ref="6431"/>
    <tag k="type" v="line_thin"/>
    <tag k="subtype" v="dashed"/>
  </way>
  <way id="6447">
    <nd ref="6418"/>
    <nd ref="6433"/>
    <nd ref="6434"/>
    <nd ref="6435"/>
    <nd ref="6436"/>
    <nd ref="6437"/>
    <nd ref="6438"/>
    <nd ref="6439"/>
    <nd ref="6440"/>
    <nd ref="6441"/>
    <nd ref="6442"/>
    <nd ref="6443"/>
    <nd ref="6444"/>
    <nd ref="6445"/>
    <nd ref="6446"/>
    <nd ref="6361"/>
    <tag k="type" v="line_thin"/>
    <tag k="subtype" v="dashed"/>
  </way>
  <way id="6499">
    <nd ref="6487"/>
    <nd ref="6488"/>
    <nd ref="6489"/>
    <nd ref="6490"/>
    <nd ref="6491"/>
    <nd ref="6492"/>
    <nd ref="6493"/>
    <nd ref="6494"/>
    <nd ref="6495"/>
    <nd ref="6496"/>
    <nd ref="6497"/>
    <nd ref="6498"/>
    <tag k="type" v="line_thin"/>
    <tag k="subtype" v="dashed"/>
  </way>
  <way id="6508">
    <nd ref="6498"/>
    <nd ref="6500"/>
    <nd ref="6501"/>
    <nd ref="6502"/>
    <nd ref="6503"/>
    <nd ref="6504"/>
    <nd ref="6505"/>
    <nd ref="6506"/>
    <nd ref="6507"/>
    <nd ref="6386"/>
    <tag k="type" v="line_thin"/>
    <tag k="subtype" v="dashed"/>
  </way>
  <way id="6522">
    <nd ref="6498"/>
    <nd ref="6509"/>
    <nd ref="6510"/>
    <nd ref="6511"/>
    <nd ref="6512"/>
    <nd ref="6513"/>
    <nd ref="6514"/>
    <nd ref="6515"/>
    <nd ref="6516"/>
    <nd ref="6517"/>
    <nd ref="6518"/>
    <nd ref="6519"/>
    <nd ref="6520"/>
    <nd ref="6521"/>
    <tag k="type" v="line_thin"/>
    <tag k="subtype" v="dashed"/>
  </way>
  <way id="6568">
    <nd ref="6180"/>
    <nd ref="6523"/>
    <nd ref="6524"/>
    <nd ref="6525"/>
    <nd ref="6526"/>
    <nd ref="6527"/>
    <nd ref="6528"/>
    <nd ref="6529"/>
    <nd ref="6530"/>
    <nd ref="6531"/>
    <nd ref="6532"/>
    <nd ref="6533"/>
    <nd ref="6534"/>
    <nd ref="6535"/>
    <nd ref="6536"/>
    <nd ref="6537"/>
    <nd ref="6538"/>
    <nd ref="6539"/>
    <nd ref="6540"/>
    <nd ref="6541"/>
    <nd ref="6542"/>
    <nd ref="6543"/>
    <nd ref="6544"/>
    <nd ref="6545"/>
    <nd ref="6546"/>
    <nd ref="6547"/>
    <nd ref="6548"/>
    <nd ref="6549"/>
    <nd ref="6550"/>
    <nd ref="6551"/>
    <nd ref="6552"/>
    <nd ref="6553"/>
    <nd ref="6554"/>
    <nd ref="6555"/>
    <nd ref="6556"/>
    <nd ref="6557"/>
    <nd ref="6558"/>
    <nd ref="6559"/>
    <nd ref="6560"/>
    <nd ref="6561"/>
    <nd ref="6562"/>
    <nd ref="6563"/>
    <nd ref="6564"/>
    <nd ref="6565"/>
    <nd ref="6566"/>
    <nd ref="6567"/>
    <nd ref="6487"/>
    <tag k="type" v="line_thin"/>
    <tag k="subtype" v="dashed"/>
  </way>
  <way id="6615">
    <nd ref="6469"/>
    <nd ref="6569"/>
    <nd ref="6570"/>
    <nd ref="6571"/>
    <nd ref="6572"/>
    <nd ref="6573"/>
    <nd ref="6574"/>
    <nd ref="6575"/>
    <nd ref="6576"/>
    <nd ref="6577"/>
    <nd ref="6578"/>
    <nd ref="6579"/>
    <nd ref="6580"/>
    <nd ref="6581"/>
    <nd ref="6582"/>
    <nd ref="6583"/>
    <nd ref="6584"/>
    <nd ref="6585"/>
    <nd ref="6586"/>
    <nd ref="6587"/>
    <nd ref="6588"/>
    <nd ref="6589"/>
    <nd ref="6590"/>
    <nd ref="6591"/>
    <nd ref="6592"/>
    <nd ref="6593"/>
    <nd ref="6594"/>
    <nd ref="6595"/>
    <nd ref="6596"/>
    <nd ref="6597"/>
    <nd ref="6598"/>
    <nd ref="6599"/>
    <nd ref="6600"/>
    <nd ref="6601"/>
    <nd ref="6602"/>
    <nd ref="6603"/>
    <nd ref="6604"/>
    <nd ref="6605"/>
    <nd ref="6606"/>
    <nd ref="6607"/>
    <nd ref="6608"/>
    <nd ref="6609"/>
    <nd ref="6610"/>
    <nd ref="6611"/>
    <nd ref="6612"/>
    <nd ref="6613"/>
    <nd ref="6614"/>
    <nd ref="6290"/>
    <tag k="type" v="line_thin"/>
    <tag k="subtype" v="dashed"/>
  </way>
  <way id="6642">
    <nd ref="6521"/>
    <nd ref="6616"/>
    <nd ref="6617"/>
    <nd ref="6618"/>
    <nd ref="6619"/>
    <nd ref="6620"/>
    <nd ref="6621"/>
    <nd ref="6622"/>
    <nd ref="6623"/>
    <nd ref="6624"/>
    <nd ref="6625"/>
    <nd ref="6626"/>
    <nd ref="6627"/>
    <nd ref="6628"/>
    <nd ref="6629"/>
    <nd ref="6630"/>
    <nd ref="6631"/>
    <nd ref="6632"/>
    <nd ref="6633"/>
    <nd ref="6634"/>
    <nd ref="6635"/>
    <nd ref="6636"/>
    <nd ref="6637"/>
    <nd ref="6638"/>
    <nd ref="6639"/>
    <nd ref="6640"/>
    <nd ref="6641"/>
    <nd ref="6420"/>
    <tag k="type" v="line_thin"/>
    <tag k="subtype" v="dashed"/>
  </way>
  <way id="6687">
    <nd ref="6671"/>
    <nd ref="6672"/>
    <nd ref="6673"/>
    <nd ref="6674"/>
    <nd ref="6675"/>
    <nd ref="6676"/>
    <nd ref="6677"/>
    <nd ref="6678"/>
    <nd ref="6679"/>
    <nd ref="6680"/>
    <nd ref="6681"/>
    <nd ref="6682"/>
    <nd ref="6683"/>
    <nd ref="6684"/>
    <nd ref="6685"/>
    <nd ref="6686"/>
    <nd ref="6148"/>
    <tag k="type" v="line_thin"/>
    <tag k="subtype" v="dashed"/>
  </way>
  <way id="6693">
    <nd ref="6213"/>
    <nd ref="6688"/>
    <nd ref="6689"/>
    <nd ref="6690"/>
    <nd ref="6691"/>
    <nd ref="6692"/>
    <nd ref="6671"/>
    <tag k="type" v="line_thin"/>
    <tag k="subtype" v="dashed"/>
  </way>
  <way id="6702">
    <nd ref="6290"/>
    <nd ref="6695"/>
    <nd ref="6696"/>
    <nd ref="6697"/>
    <nd ref="6698"/>
    <nd ref="6699"/>
    <nd ref="6700"/>
    <nd ref="6701"/>
    <nd ref="6213"/>
    <tag k="type" v="line_thin"/>
    <tag k="subtype" v="dashed"/>
  </way>
  <way id="6801">
    <nd ref="6359"/>
    <nd ref="6787"/>
    <nd ref="6788"/>
    <nd ref="6789"/>
    <nd ref="6790"/>
    <nd ref="6791"/>
    <nd ref="6792"/>
    <nd ref="6793"/>
    <nd ref="6794"/>
    <nd ref="6795"/>
    <nd ref="6796"/>
    <nd ref="6797"/>
    <nd ref="6798"/>
    <nd ref="6799"/>
    <nd ref="6800"/>
    <nd ref="6469"/>
    <tag k="type" v="line_thin"/>
    <tag k="subtype" v="dashed"/>
  </way>
  <way id="6915">
    <nd ref="6431"/>
    <nd ref="6888"/>
    <nd ref="6889"/>
    <nd ref="6890"/>
    <nd ref="6891"/>
    <nd ref="6892"/>
    <nd ref="6893"/>
    <nd ref="6894"/>
    <nd ref="6895"/>
    <nd ref="6896"/>
    <nd ref="6897"/>
    <nd ref="6898"/>
    <nd ref="6899"/>
    <nd ref="6900"/>
    <nd ref="6901"/>
    <nd ref="6902"/>
    <nd ref="6903"/>
    <nd ref="6904"/>
    <nd ref="6905"/>
    <nd ref="6906"/>
    <nd ref="6907"/>
    <nd ref="6908"/>
    <nd ref="6909"/>
    <nd ref="6910"/>
    <nd ref="6911"/>
    <nd ref="6912"/>
    <nd ref="6913"/>
    <nd ref="6914"/>
    <nd ref="6305"/>
    <tag k="type" v="line_thin"/>
    <tag k="subtype" v="dashed"/>
  </way>
  <way id="6936">
    <nd ref="6305"/>
    <nd ref="6916"/>
    <nd ref="6917"/>
    <nd ref="6918"/>
    <nd ref="6919"/>
    <nd ref="6920"/>
    <nd ref="6921"/>
    <nd ref="6922"/>
    <nd ref="6923"/>
    <nd ref="6924"/>
    <nd ref="6925"/>
    <nd ref="6926"/>
    <nd ref="6927"/>
    <nd ref="6928"/>
    <nd ref="6929"/>
    <nd ref="6930"/>
    <nd ref="6931"/>
    <nd ref="6932"/>
    <nd ref="6933"/>
    <nd ref="6934"/>
    <nd ref="6935"/>
    <nd ref="6469"/>
    <tag k="type" v="line_thin"/>
    <tag k="subtype" v="dashed"/>
  </way>
  <way id="6944">
    <nd ref="6937"/>
    <nd ref="6938"/>
    <nd ref="6939"/>
    <nd ref="6940"/>
    <nd ref="6941"/>
    <nd ref="6942"/>
    <nd ref="6943"/>
    <nd ref="6952"/>
    <nd ref="6953"/>
    <nd ref="6954"/>
    <nd ref="6955"/>
    <nd ref="6956"/>
    <nd ref="6957"/>
    <nd ref="6958"/>
    <nd ref="6959"/>
    <nd ref="5395"/>
    <tag k="type" v="line_thin"/>
    <tag k="subtype" v="solid"/>
  </way>
  <way id="6947">
    <nd ref="5372"/>
    <nd ref="6945"/>
    <nd ref="6946"/>
    <nd ref="6948"/>
    <nd ref="6949"/>
    <nd ref="6950"/>
    <nd ref="6951"/>
    <nd ref="6937"/>
    <tag k="type" v="line_thin"/>
    <tag k="subtype" v="solid"/>
  </way>
  <way id="1146">
    <nd ref="1126"/>
    <nd ref="1127"/>
    <nd ref="1129"/>
    <nd ref="1130"/>
    <nd ref="1131"/>
    <nd ref="1132"/>
    <nd ref="1133"/>
    <nd ref="1134"/>
    <nd ref="1135"/>
    <nd ref="1136"/>
    <nd ref="1137"/>
    <nd ref="1138"/>
    <nd ref="1139"/>
    <nd ref="1140"/>
    <nd ref="1141"/>
    <nd ref="1142"/>
    <nd ref="1143"/>
    <nd ref="1144"/>
    <nd ref="1145"/>
    <tag k="type" v="parking_lot"/>
    <tag k="area" v="yes"/>
  </way>
  <way id="1378">
    <nd ref="1354"/>
    <nd ref="1355"/>
    <nd ref="1357"/>
    <nd ref="1358"/>
    <nd ref="1359"/>
    <nd ref="1360"/>
    <nd ref="1361"/>
    <nd ref="1362"/>
    <nd ref="1363"/>
    <nd ref="1364"/>
    <nd ref="1365"/>
    <nd ref="1366"/>
    <nd ref="1367"/>
    <nd ref="1368"/>
    <nd ref="1369"/>
    <nd ref="1370"/>
    <nd ref="1371"/>
    <nd ref="1372"/>
    <nd ref="1373"/>
    <nd ref="1374"/>
    <nd ref="1375"/>
    <nd ref="1376"/>
    <nd ref="1377"/>
    <tag k="type" v="parking_lot"/>
    <tag k="area" v="yes"/>
  </way>
  <way id="1615">
    <nd ref="1605"/>
    <nd ref="1606"/>
    <nd ref="1609"/>
    <nd ref="1610"/>
    <nd ref="1844"/>
    <nd ref="1843"/>
    <nd ref="1611"/>
    <nd ref="1845"/>
    <nd ref="1612"/>
    <nd ref="1613"/>
    <nd ref="1614"/>
    <tag k="type" v="parking_lot"/>
    <tag k="area" v="yes"/>
  </way>
  <relation id="32">
    <member type="way" role="left" ref="31"/>
    <member type="way" role="right" ref="28"/>
    <member type="way" role="centerline" ref="6080"/>
    <tag k="type" v="lanelet"/>
    <tag k="subtype" v="road"/>
    <tag k="speed_limit" v="10"/>
    <tag k="location" v="urban"/>
    <tag k="one_way" v="yes"/>
    <tag k="turn_direction" v="straight"/>
  </relation>
  <relation id="67">
    <member type="way" role="left" ref="164"/>
    <member type="way" role="right" ref="166"/>
    <member type="way" role="centerline" ref="6243"/>
    <tag k="type" v="lanelet"/>
    <tag k="subtype" v="road"/>
    <tag k="speed_limit" v="10"/>
    <tag k="location" v="urban"/>
    <tag k="one_way" v="yes"/>
    <tag k="turn_direction" v="straight"/>
  </relation>
  <relation id="132">
    <member type="way" role="left" ref="131"/>
    <member type="way" role="right" ref="128"/>
    <member type="way" role="centerline" ref="6259"/>
    <tag k="type" v="lanelet"/>
    <tag k="subtype" v="road"/>
    <tag k="speed_limit" v="10"/>
    <tag k="location" v="urban"/>
    <tag k="one_way" v="yes"/>
    <tag k="turn_direction" v="straight"/>
  </relation>
  <relation id="163">
    <member type="way" role="left" ref="160"/>
    <member type="way" role="right" ref="162"/>
    <member type="way" role="centerline" ref="6228"/>
    <tag k="type" v="lanelet"/>
    <tag k="subtype" v="road"/>
    <tag k="speed_limit" v="10"/>
    <tag k="location" v="urban"/>
    <tag k="one_way" v="yes"/>
    <tag k="turn_direction" v="straight"/>
  </relation>
  <relation id="326">
    <member type="way" role="left" ref="1094"/>
    <member type="way" role="right" ref="1095"/>
    <member type="way" role="centerline" ref="5444"/>
    <tag k="type" v="lanelet"/>
    <tag k="subtype" v="road"/>
    <tag k="speed_limit" v="10"/>
    <tag k="location" v="urban"/>
    <tag k="one_way" v="yes"/>
    <tag k="turn_direction" v="straight"/>
  </relation>
  <relation id="713">
    <member type="way" role="left" ref="711"/>
    <member type="way" role="right" ref="712"/>
    <member type="way" role="centerline" ref="6086"/>
    <tag k="type" v="lanelet"/>
    <tag k="subtype" v="road"/>
    <tag k="speed_limit" v="10"/>
    <tag k="location" v="urban"/>
    <tag k="one_way" v="yes"/>
    <tag k="turn_direction" v="straight"/>
  </relation>
  <relation id="751">
    <member type="way" role="left" ref="749"/>
    <member type="way" role="right" ref="750"/>
    <member type="way" role="centerline" ref="6237"/>
    <tag k="type" v="lanelet"/>
    <tag k="subtype" v="road"/>
    <tag k="speed_limit" v="10"/>
    <tag k="location" v="urban"/>
    <tag k="one_way" v="yes"/>
    <tag k="turn_direction" v="straight"/>
  </relation>
  <relation id="754">
    <member type="way" role="left" ref="2747"/>
    <member type="way" role="right" ref="2749"/>
    <member type="way" role="centerline" ref="5384"/>
    <tag k="type" v="lanelet"/>
    <tag k="subtype" v="road"/>
    <tag k="speed_limit" v="10"/>
    <tag k="location" v="urban"/>
    <tag k="one_way" v="yes"/>
    <tag k="turn_direction" v="straight"/>
  </relation>
  <relation id="806">
    <member type="way" role="left" ref="803"/>
    <member type="way" role="right" ref="805"/>
    <member type="way" role="centerline" ref="6107"/>
    <tag k="type" v="lanelet"/>
    <tag k="subtype" v="road"/>
    <tag k="speed_limit" v="10"/>
    <tag k="location" v="urban"/>
    <tag k="one_way" v="yes"/>
    <tag k="turn_direction" v="straight"/>
  </relation>
  <relation id="855">
    <member type="way" role="left" ref="852"/>
    <member type="way" role="right" ref="854"/>
    <member type="way" role="centerline" ref="6120"/>
    <tag k="type" v="lanelet"/>
    <tag k="subtype" v="road"/>
    <tag k="speed_limit" v="10"/>
    <tag k="location" v="urban"/>
    <tag k="one_way" v="yes"/>
    <tag k="turn_direction" v="straight"/>
  </relation>
  <relation id="888">
    <member type="way" role="left" ref="885"/>
    <member type="way" role="right" ref="887"/>
    <member type="way" role="centerline" ref="6289"/>
    <tag k="type" v="lanelet"/>
    <tag k="subtype" v="road"/>
    <tag k="speed_limit" v="10"/>
    <tag k="location" v="urban"/>
    <tag k="one_way" v="yes"/>
    <tag k="turn_direction" v="straight"/>
  </relation>
  <relation id="921">
    <member type="way" role="left" ref="954"/>
    <member type="way" role="right" ref="955"/>
    <member type="way" role="centerline" ref="6127"/>
    <tag k="type" v="lanelet"/>
    <tag k="subtype" v="road"/>
    <tag k="speed_limit" v="10"/>
    <tag k="location" v="urban"/>
    <tag k="one_way" v="yes"/>
    <tag k="turn_direction" v="straight"/>
  </relation>
  <relation id="953">
    <member type="way" role="left" ref="950"/>
    <member type="way" role="right" ref="952"/>
    <member type="way" role="centerline" ref="6140"/>
    <tag k="type" v="lanelet"/>
    <tag k="subtype" v="road"/>
    <tag k="speed_limit" v="10"/>
    <tag k="location" v="urban"/>
    <tag k="one_way" v="yes"/>
    <tag k="turn_direction" v="straight"/>
  </relation>
  <relation id="1413">
    <member type="way" role="left" ref="1412"/>
    <member type="way" role="right" ref="1409"/>
    <tag k="type" v="lanelet"/>
    <tag k="subtype" v="crosswalk"/>
    <tag k="speed_limit" v="10"/>
    <tag k="location" v="urban"/>
    <tag k="one_way" v="no"/>
  </relation>
  <relation id="2136">
    <member type="way" role="left" ref="2131"/>
    <member type="way" role="right" ref="2095"/>
    <member type="way" role="centerline" ref="6272"/>
    <tag k="type" v="lanelet"/>
    <tag k="subtype" v="road"/>
    <tag k="speed_limit" v="10"/>
    <tag k="location" v="urban"/>
    <tag k="one_way" v="yes"/>
    <tag k="turn_direction" v="straight"/>
  </relation>
  <relation id="2154">
    <member type="way" role="left" ref="2148"/>
    <member type="way" role="right" ref="2109"/>
    <member type="way" role="centerline" ref="6222"/>
    <tag k="type" v="lanelet"/>
    <tag k="subtype" v="road"/>
    <tag k="speed_limit" v="10"/>
    <tag k="location" v="urban"/>
    <tag k="one_way" v="yes"/>
    <tag k="turn_direction" v="straight"/>
  </relation>
  <relation id="2192">
    <member type="way" role="left" ref="2173"/>
    <member type="way" role="right" ref="2156"/>
    <member type="way" role="centerline" ref="6285"/>
    <tag k="type" v="lanelet"/>
    <tag k="subtype" v="road"/>
    <tag k="speed_limit" v="10"/>
    <tag k="location" v="urban"/>
    <tag k="one_way" v="yes"/>
    <tag k="turn_direction" v="straight"/>
  </relation>
  <relation id="2193">
    <member type="way" role="left" ref="2181"/>
    <member type="way" role="right" ref="2167"/>
    <member type="way" role="centerline" ref="6192"/>
    <tag k="type" v="lanelet"/>
    <tag k="subtype" v="road"/>
    <tag k="speed_limit" v="10"/>
    <tag k="location" v="urban"/>
    <tag k="one_way" v="yes"/>
    <tag k="turn_direction" v="straight"/>
  </relation>
  <relation id="2219">
    <member type="way" role="left" ref="2209"/>
    <member type="way" role="right" ref="2195"/>
    <member type="way" role="centerline" ref="6202"/>
    <tag k="type" v="lanelet"/>
    <tag k="subtype" v="road"/>
    <tag k="speed_limit" v="10"/>
    <tag k="location" v="urban"/>
    <tag k="one_way" v="yes"/>
    <tag k="turn_direction" v="straight"/>
  </relation>
  <relation id="2285">
    <member type="way" role="left" ref="2256"/>
    <member type="way" role="right" ref="2226"/>
    <member type="way" role="centerline" ref="6147"/>
    <tag k="type" v="lanelet"/>
    <tag k="subtype" v="road"/>
    <tag k="speed_limit" v="10"/>
    <tag k="location" v="urban"/>
    <tag k="one_way" v="yes"/>
    <tag k="turn_direction" v="straight"/>
  </relation>
  <relation id="2292">
    <member type="way" role="left" ref="2289"/>
    <member type="way" role="right" ref="2291"/>
    <member type="way" role="centerline" ref="6693"/>
    <tag k="type" v="lanelet"/>
    <tag k="subtype" v="road"/>
    <tag k="speed_limit" v="10"/>
    <tag k="location" v="urban"/>
    <tag k="one_way" v="yes"/>
    <tag k="turn_direction" v="straight"/>
  </relation>
  <relation id="2451">
    <member type="way" role="left" ref="2449"/>
    <member type="way" role="right" ref="2450"/>
    <member type="way" role="centerline" ref="6214"/>
    <tag k="type" v="lanelet"/>
    <tag k="subtype" v="road"/>
    <tag k="speed_limit" v="10"/>
    <tag k="location" v="urban"/>
    <tag k="one_way" v="yes"/>
    <tag k="turn_direction" v="right"/>
  </relation>
  <relation id="2566">
    <member type="way" role="left" ref="2564"/>
    <member type="way" role="right" ref="2565"/>
    <member type="way" role="centerline" ref="6687"/>
    <tag k="type" v="lanelet"/>
    <tag k="subtype" v="road"/>
    <tag k="speed_limit" v="10"/>
    <tag k="location" v="urban"/>
    <tag k="one_way" v="yes"/>
    <tag k="turn_direction" v="right"/>
  </relation>
  <relation id="2583">
    <member type="way" role="left" ref="2581"/>
    <member type="way" role="right" ref="2582"/>
    <member type="way" role="centerline" ref="6154"/>
    <tag k="type" v="lanelet"/>
    <tag k="subtype" v="road"/>
    <tag k="speed_limit" v="10"/>
    <tag k="location" v="urban"/>
    <tag k="one_way" v="no"/>
    <tag k="turn_direction" v="straight"/>
  </relation>
  <relation id="2586">
    <member type="way" role="left" ref="2584"/>
    <member type="way" role="right" ref="2585"/>
    <member type="way" role="centerline" ref="6159"/>
    <tag k="type" v="lanelet"/>
    <tag k="subtype" v="road"/>
    <tag k="speed_limit" v="10"/>
    <tag k="location" v="urban"/>
    <tag k="one_way" v="yes"/>
    <tag k="turn_direction" v="straight"/>
  </relation>
  <relation id="2640">
    <member type="way" role="left" ref="2641"/>
    <member type="way" role="right" ref="2643"/>
    <member type="way" role="centerline" ref="6166"/>
    <tag k="type" v="lanelet"/>
    <tag k="subtype" v="road"/>
    <tag k="speed_limit" v="10"/>
    <tag k="location" v="urban"/>
    <tag k="one_way" v="yes"/>
    <tag k="turn_direction" v="straight"/>
  </relation>
  <relation id="2645">
    <member type="way" role="left" ref="2642"/>
    <member type="way" role="right" ref="2644"/>
    <member type="way" role="centerline" ref="6251"/>
    <tag k="type" v="lanelet"/>
    <tag k="subtype" v="road"/>
    <tag k="speed_limit" v="10"/>
    <tag k="location" v="urban"/>
    <tag k="one_way" v="yes"/>
    <tag k="turn_direction" v="right"/>
  </relation>
  <relation id="2690">
    <member type="way" role="left" ref="2689"/>
    <member type="way" role="right" ref="2686"/>
    <member type="way" role="centerline" ref="5437"/>
    <tag k="type" v="lanelet"/>
    <tag k="subtype" v="road"/>
    <tag k="speed_limit" v="10"/>
    <tag k="location" v="urban"/>
    <tag k="one_way" v="yes"/>
    <tag k="turn_direction" v="straight"/>
  </relation>
  <relation id="2720">
    <member type="way" role="left" ref="2719"/>
    <member type="way" role="right" ref="2716"/>
    <member type="way" role="centerline" ref="6947"/>
    <tag k="type" v="lanelet"/>
    <tag k="subtype" v="road"/>
    <tag k="speed_limit" v="10"/>
    <tag k="location" v="urban"/>
    <tag k="one_way" v="yes"/>
  </relation>
  <relation id="2744">
    <member type="way" role="left" ref="2742"/>
    <member type="way" role="right" ref="2743"/>
    <member type="way" role="centerline" ref="6944"/>
    <tag k="type" v="lanelet"/>
    <tag k="subtype" v="road"/>
    <tag k="speed_limit" v="10"/>
    <tag k="location" v="urban"/>
    <tag k="one_way" v="yes"/>
    <tag k="turn_direction" v="right"/>
  </relation>
  <relation id="2751">
    <member type="way" role="left" ref="2748"/>
    <member type="way" role="right" ref="2750"/>
    <member type="way" role="centerline" ref="5373"/>
    <tag k="type" v="lanelet"/>
    <tag k="subtype" v="road"/>
    <tag k="speed_limit" v="10"/>
    <tag k="location" v="urban"/>
    <tag k="one_way" v="yes"/>
    <tag k="turn_direction" v="straight"/>
  </relation>
  <relation id="2757">
    <member type="way" role="left" ref="2755"/>
    <member type="way" role="right" ref="2756"/>
    <member type="way" role="centerline" ref="6304"/>
    <tag k="type" v="lanelet"/>
    <tag k="subtype" v="road"/>
    <tag k="speed_limit" v="10"/>
    <tag k="location" v="urban"/>
    <tag k="one_way" v="yes"/>
    <tag k="turn_direction" v="straight"/>
  </relation>
  <relation id="2771">
    <member type="way" role="left" ref="2770"/>
    <member type="way" role="right" ref="2767"/>
    <member type="way" role="centerline" ref="6915"/>
    <tag k="type" v="lanelet"/>
    <tag k="subtype" v="road"/>
    <tag k="speed_limit" v="10"/>
    <tag k="location" v="urban"/>
    <tag k="one_way" v="yes"/>
    <tag k="turn_direction" v="straight"/>
  </relation>
  <relation id="2845">
    <member type="way" role="left" ref="2846"/>
    <member type="way" role="right" ref="2848"/>
    <member type="way" role="centerline" ref="6314"/>
    <tag k="type" v="lanelet"/>
    <tag k="subtype" v="road"/>
    <tag k="speed_limit" v="10"/>
    <tag k="location" v="urban"/>
    <tag k="one_way" v="yes"/>
    <tag k="turn_direction" v="right"/>
  </relation>
  <relation id="2857">
    <member type="way" role="left" ref="2856"/>
    <member type="way" role="right" ref="2853"/>
    <member type="way" role="centerline" ref="6325"/>
    <tag k="type" v="lanelet"/>
    <tag k="subtype" v="road"/>
    <tag k="speed_limit" v="10"/>
    <tag k="location" v="urban"/>
    <tag k="one_way" v="no"/>
  </relation>
  <relation id="2920">
    <member type="way" role="left" ref="2918"/>
    <member type="way" role="right" ref="2919"/>
    <member type="way" role="centerline" ref="6340"/>
    <tag k="type" v="lanelet"/>
    <tag k="subtype" v="road"/>
    <tag k="speed_limit" v="10"/>
    <tag k="location" v="urban"/>
    <tag k="one_way" v="no"/>
    <tag k="turn_direction" v="right"/>
  </relation>
  <relation id="2930">
    <member type="way" role="left" ref="2944"/>
    <member type="way" role="right" ref="2946"/>
    <member type="way" role="centerline" ref="6936"/>
    <tag k="type" v="lanelet"/>
    <tag k="subtype" v="road"/>
    <tag k="speed_limit" v="10"/>
    <tag k="location" v="urban"/>
    <tag k="one_way" v="yes"/>
    <tag k="turn_direction" v="straight"/>
  </relation>
  <relation id="2943">
    <member type="way" role="left" ref="2941"/>
    <member type="way" role="right" ref="2942"/>
    <member type="way" role="centerline" ref="6702"/>
    <tag k="type" v="lanelet"/>
    <tag k="subtype" v="road"/>
    <tag k="speed_limit" v="10"/>
    <tag k="location" v="urban"/>
    <tag k="one_way" v="yes"/>
    <tag k="turn_direction" v="straight"/>
  </relation>
  <relation id="2948">
    <member type="way" role="left" ref="2945"/>
    <member type="way" role="right" ref="2947"/>
    <member type="way" role="centerline" ref="6615"/>
    <tag k="type" v="lanelet"/>
    <tag k="subtype" v="road"/>
    <tag k="speed_limit" v="10"/>
    <tag k="location" v="urban"/>
    <tag k="one_way" v="yes"/>
    <tag k="turn_direction" v="straight"/>
  </relation>
  <relation id="2955">
    <member type="way" role="left" ref="2954"/>
    <member type="way" role="right" ref="2951"/>
    <member type="way" role="centerline" ref="6447"/>
    <tag k="type" v="lanelet"/>
    <tag k="subtype" v="road"/>
    <tag k="speed_limit" v="10"/>
    <tag k="location" v="urban"/>
    <tag k="one_way" v="yes"/>
  </relation>
  <relation id="2962">
    <member type="way" role="left" ref="2961"/>
    <member type="way" role="right" ref="2958"/>
    <member type="way" role="centerline" ref="6360"/>
    <tag k="type" v="lanelet"/>
    <tag k="subtype" v="road"/>
    <tag k="speed_limit" v="10"/>
    <tag k="location" v="urban"/>
    <tag k="one_way" v="yes"/>
  </relation>
  <relation id="2987">
    <member type="way" role="left" ref="2985"/>
    <member type="way" role="right" ref="2986"/>
    <member type="way" role="centerline" ref="6801"/>
    <tag k="type" v="lanelet"/>
    <tag k="subtype" v="road"/>
    <tag k="speed_limit" v="10"/>
    <tag k="location" v="urban"/>
    <tag k="one_way" v="yes"/>
    <tag k="turn_direction" v="left"/>
  </relation>
  <relation id="3014">
    <member type="way" role="left" ref="3012"/>
    <member type="way" role="right" ref="3013"/>
    <member type="way" role="centerline" ref="6369"/>
    <tag k="type" v="lanelet"/>
    <tag k="subtype" v="road"/>
    <tag k="speed_limit" v="10"/>
    <tag k="location" v="urban"/>
    <tag k="one_way" v="yes"/>
    <tag k="turn_direction" v="straight"/>
  </relation>
  <relation id="3021">
    <member type="way" role="left" ref="3020"/>
    <member type="way" role="right" ref="3017"/>
    <member type="way" role="centerline" ref="6642"/>
    <tag k="type" v="lanelet"/>
    <tag k="subtype" v="road"/>
    <tag k="speed_limit" v="10"/>
    <tag k="location" v="urban"/>
    <tag k="one_way" v="yes"/>
    <tag k="turn_direction" v="straight"/>
  </relation>
  <relation id="4574">
    <member type="way" role="left" ref="4573"/>
    <member type="way" role="right" ref="4570"/>
    <member type="way" role="centerline" ref="6181"/>
    <tag k="type" v="lanelet"/>
    <tag k="subtype" v="road"/>
    <tag k="speed_limit" v="10"/>
    <tag k="location" v="urban"/>
    <tag k="one_way" v="yes"/>
    <tag k="turn_direction" v="straight"/>
  </relation>
  <relation id="4584">
    <member type="way" role="left" ref="2945"/>
    <member type="way" role="right" ref="4583"/>
    <member type="way" role="centerline" ref="6568"/>
    <tag k="type" v="lanelet"/>
    <tag k="subtype" v="road"/>
    <tag k="speed_limit" v="10"/>
    <tag k="location" v="urban"/>
    <tag k="one_way" v="yes"/>
    <tag k="turn_direction" v="straight"/>
  </relation>
  <relation id="4647">
    <member type="way" role="left" ref="4658"/>
    <member type="way" role="right" ref="4660"/>
    <member type="way" role="centerline" ref="6499"/>
    <tag k="type" v="lanelet"/>
    <tag k="subtype" v="road"/>
    <tag k="speed_limit" v="10"/>
    <tag k="location" v="urban"/>
    <tag k="one_way" v="yes"/>
    <tag k="turn_direction" v="straight"/>
  </relation>
  <relation id="4654">
    <member type="way" role="left" ref="4653"/>
    <member type="way" role="right" ref="4650"/>
    <member type="way" role="centerline" ref="6385"/>
    <tag k="type" v="lanelet"/>
    <tag k="subtype" v="road"/>
    <tag k="speed_limit" v="10"/>
    <tag k="location" v="urban"/>
    <tag k="one_way" v="yes"/>
  </relation>
  <relation id="4662">
    <member type="way" role="left" ref="4659"/>
    <member type="way" role="right" ref="4661"/>
    <member type="way" role="centerline" ref="6522"/>
    <tag k="type" v="lanelet"/>
    <tag k="subtype" v="road"/>
    <tag k="speed_limit" v="10"/>
    <tag k="location" v="urban"/>
    <tag k="one_way" v="yes"/>
    <tag k="turn_direction" v="straight"/>
  </relation>
  <relation id="4677">
    <member type="way" role="left" ref="4676"/>
    <member type="way" role="right" ref="4673"/>
    <member type="way" role="centerline" ref="6397"/>
    <tag k="type" v="lanelet"/>
    <tag k="subtype" v="road"/>
    <tag k="speed_limit" v="10"/>
    <tag k="location" v="urban"/>
    <tag k="one_way" v="yes"/>
  </relation>
  <relation id="4690">
    <member type="way" role="left" ref="4688"/>
    <member type="way" role="right" ref="4689"/>
    <member type="way" role="centerline" ref="6402"/>
    <tag k="type" v="lanelet"/>
    <tag k="subtype" v="road"/>
    <tag k="speed_limit" v="10"/>
    <tag k="location" v="urban"/>
    <tag k="one_way" v="yes"/>
    <tag k="turn_direction" v="straight"/>
  </relation>
  <relation id="4705">
    <member type="way" role="left" ref="4704"/>
    <member type="way" role="right" ref="4702"/>
    <member type="way" role="centerline" ref="6075"/>
    <tag k="type" v="lanelet"/>
    <tag k="subtype" v="road"/>
    <tag k="speed_limit" v="10"/>
    <tag k="location" v="urban"/>
    <tag k="one_way" v="yes"/>
  </relation>
  <relation id="4718">
    <member type="way" role="left" ref="4716"/>
    <member type="way" role="right" ref="4717"/>
    <member type="way" role="centerline" ref="6508"/>
    <tag k="type" v="lanelet"/>
    <tag k="subtype" v="road"/>
    <tag k="speed_limit" v="10"/>
    <tag k="location" v="urban"/>
    <tag k="one_way" v="yes"/>
    <tag k="turn_direction" v="straight"/>
  </relation>
  <relation id="4755">
    <member type="way" role="left" ref="4753"/>
    <member type="way" role="right" ref="4754"/>
    <member type="way" role="centerline" ref="6419"/>
    <tag k="type" v="lanelet"/>
    <tag k="subtype" v="road"/>
    <tag k="speed_limit" v="10"/>
    <tag k="location" v="urban"/>
    <tag k="one_way" v="yes"/>
    <tag k="turn_direction" v="straight"/>
  </relation>
  <relation id="5304">
    <member type="way" role="left" ref="5302"/>
    <member type="way" role="right" ref="5303"/>
    <member type="way" role="centerline" ref="6432"/>
    <tag k="type" v="lanelet"/>
    <tag k="subtype" v="road"/>
    <tag k="speed_limit" v="10"/>
    <tag k="location" v="urban"/>
    <tag k="one_way" v="yes"/>
    <tag k="turn_direction" v="straight"/>
  </relation>
  <relation id="1219">
    <member type="way" role="outer" ref="1210"/>
    <tag k="type" v="multipolygon"/>
    <tag k="subtype" v="camping_site_13"/>
  </relation>
  <relation id="1233">
    <member type="way" role="outer" ref="1232"/>
    <tag k="type" v="multipolygon"/>
    <tag k="subtype" v="camping_site_12"/>
  </relation>
  <relation id="1245">
    <member type="way" role="outer" ref="1244"/>
    <tag k="type" v="multipolygon"/>
    <tag k="subtype" v="camping_site_10"/>
  </relation>
  <relation id="1254">
    <member type="way" role="outer" ref="1253"/>
    <tag k="type" v="multipolygon"/>
    <tag k="subtype" v="camping_site_8"/>
  </relation>
  <relation id="1263">
    <member type="way" role="outer" ref="1262"/>
    <tag k="type" v="multipolygon"/>
    <tag k="subtype" v="camping_site_6"/>
  </relation>
  <relation id="1272">
    <member type="way" role="outer" ref="1271"/>
    <tag k="type" v="multipolygon"/>
    <tag k="subtype" v="camping_site_4"/>
  </relation>
  <relation id="1281">
    <member type="way" role="outer" ref="1280"/>
    <tag k="type" v="multipolygon"/>
    <tag k="subtype" v="camping_site_2"/>
  </relation>
  <relation id="1293">
    <member type="way" role="outer" ref="1292"/>
    <tag k="type" v="multipolygon"/>
    <tag k="subtype" v="camping_site_11"/>
  </relation>
  <relation id="1305">
    <member type="way" role="outer" ref="1304"/>
    <tag k="type" v="multipolygon"/>
    <tag k="subtype" v="camping_site_9"/>
  </relation>
  <relation id="1317">
    <member type="way" role="outer" ref="1316"/>
    <tag k="type" v="multipolygon"/>
    <tag k="subtype" v="camping_site_7"/>
  </relation>
  <relation id="1329">
    <member type="way" role="outer" ref="1328"/>
    <tag k="type" v="multipolygon"/>
    <tag k="subtype" v="camping_site_5"/>
  </relation>
  <relation id="1341">
    <member type="way" role="outer" ref="1340"/>
    <tag k="type" v="multipolygon"/>
    <tag k="subtype" v="camping_site_3"/>
  </relation>
  <relation id="1353">
    <member type="way" role="outer" ref="1352"/>
    <tag k="type" v="multipolygon"/>
    <tag k="subtype" v="camping_site_1"/>
  </relation>
  <relation id="2320">
    <member type="way" role="outer" ref="2316"/>
    <tag k="type" v="multipolygon"/>
    <tag k="subtype" v="drop_zone"/>
    <tag k="yaw_deg" v="-82.2127"/>
  </relation>
</osm>
