[INFO] [1785779078.539243987] [control.cmd_vel_safety_gate]: cmd_vel safety gate ready: maneuver_in=/control/cmd_vel_raw nav2_in=/control/nav2_cmd_vel_ros out=/control/cmd_vel driver_out=/control/cmd_vel_ros
[INFO] [1785779078.619010779] [control.cmd_vel_safety_gate]: command authorization updated: source=estop:/planning/state_machine/estop state=engage=false(manual=false,mission=false),platform_drive_enable=false,platform_status_missing,control_mode=0
[INFO] [1785779116.219176479] [control.cmd_vel_safety_gate]: command authorization updated: source=estop:/planning/state_machine/estop state=engage=false(manual=false,mission=false),platform_drive_enable=false
[INFO] [1785779117.747409637] [control.cmd_vel_safety_gate]: cmd_vel STANDBY: engage=false(manual=false,mission=false), platform_drive_enable=false
[WARN] [1785779118.540205946] [control.cmd_vel_safety_gate]: cmd_vel input stale: age=0.39s timeout=0.35s; publishing zero
[WARN] [1785779128.340186892] [control.cmd_vel_safety_gate]: cmd_vel input stale: age=0.42s timeout=0.35s; publishing zero
[WARN] [1785779129.340202493] [control.cmd_vel_safety_gate]: cmd_vel input stale: age=0.44s timeout=0.35s; publishing zero
[INFO] [1785779130.479791688] [control.cmd_vel_safety_gate]: command authorization updated: source=platform_drive_enable state=engage=false(manual=false,mission=false)
[INFO] [1785779130.701642008] [control.cmd_vel_safety_gate]: command authorization updated: source=manual_engage state=enabled
[INFO] [1785779131.402671110] [control.cmd_vel_safety_gate]: command authorization updated: source=platform_drive_enable state=platform_drive_enable=false
[INFO] [1785779131.615807948] [control.cmd_vel_safety_gate]: command authorization updated: source=mission_engage state=engage=false(manual=false,mission=false),platform_drive_enable=false
[WARN] [1785779132.640282148] [control.cmd_vel_safety_gate]: cmd_vel input stale: age=0.39s timeout=0.35s; publishing zero
[WARN] [1785779134.040520581] [control.cmd_vel_safety_gate]: cmd_vel input stale: age=0.42s timeout=0.35s; publishing zero
[INFO] [1785779135.815502630] [control.cmd_vel_safety_gate]: command authorization updated: source=platform_drive_enable state=engage=false(manual=false,mission=false)
[WARN] [1785779135.840310879] [control.cmd_vel_safety_gate]: cmd_vel input stale: age=0.39s timeout=0.35s; publishing zero
[INFO] [1785779136.015927721] [control.cmd_vel_safety_gate]: command authorization updated: source=manual_engage state=enabled
[WARN] [1785779136.732105470] [control.cmd_vel_safety_gate]: cmd_vel held 2.00s after EKF localization recovery 2->0
[INFO] [1785779136.821018773] [control.cmd_vel_safety_gate]: command authorization updated: source=estop:/planning/state_machine/estop state=gnss_recovery_hold=1.9s
[WARN] [1785779136.829718165] [control.cmd_vel_safety_gate]: cmd_vel SAFETY HOLD: gnss_recovery_hold=1.9s
[WARN] [1785779136.929519884] [control.cmd_vel_safety_gate]: cmd_vel SAFETY HOLD: gnss_recovery_hold=1.8s
[INFO] [1785779137.020114657] [control.cmd_vel_safety_gate]: command authorization updated: source=estop:/planning/state_machine/estop state=gnss_recovery_hold=1.7s
[WARN] [1785779137.029444435] [control.cmd_vel_safety_gate]: cmd_vel SAFETY HOLD: gnss_recovery_hold=1.7s
[WARN] [1785779137.129384321] [control.cmd_vel_safety_gate]: cmd_vel SAFETY HOLD: gnss_recovery_hold=1.6s
[INFO] [1785779137.219433655] [control.cmd_vel_safety_gate]: command authorization updated: source=estop:/planning/state_machine/estop state=gnss_recovery_hold=1.5s
[WARN] [1785779137.229328215] [control.cmd_vel_safety_gate]: cmd_vel SAFETY HOLD: gnss_recovery_hold=1.5s
[WARN] [1785779137.329563167] [control.cmd_vel_safety_gate]: cmd_vel SAFETY HOLD: gnss_recovery_hold=1.4s
[INFO] [1785779137.419475621] [control.cmd_vel_safety_gate]: command authorization updated: source=estop:/planning/state_machine/estop state=gnss_recovery_hold=1.3s
[WARN] [1785779137.429416935] [control.cmd_vel_safety_gate]: cmd_vel SAFETY HOLD: gnss_recovery_hold=1.3s
[WARN] [1785779137.529313908] [control.cmd_vel_safety_gate]: cmd_vel SAFETY HOLD: gnss_recovery_hold=1.2s
[INFO] [1785779137.619308297] [control.cmd_vel_safety_gate]: command authorization updated: source=estop:/planning/state_machine/estop state=gnss_recovery_hold=1.1s
[WARN] [1785779137.629388108] [control.cmd_vel_safety_gate]: cmd_vel SAFETY HOLD: gnss_recovery_hold=1.1s
[WARN] [1785779137.729394306] [control.cmd_vel_safety_gate]: cmd_vel SAFETY HOLD: gnss_recovery_hold=1.0s
[INFO] [1785779137.819250498] [control.cmd_vel_safety_gate]: command authorization updated: source=estop:/planning/state_machine/estop state=gnss_recovery_hold=0.9s
[WARN] [1785779137.829808741] [control.cmd_vel_safety_gate]: cmd_vel SAFETY HOLD: gnss_recovery_hold=0.9s
[WARN] [1785779137.929458931] [control.cmd_vel_safety_gate]: cmd_vel SAFETY HOLD: gnss_recovery_hold=0.8s
[INFO] [1785779138.020907797] [control.cmd_vel_safety_gate]: command authorization updated: source=estop:/planning/state_machine/estop state=gnss_recovery_hold=0.7s
[WARN] [1785779138.029444036] [control.cmd_vel_safety_gate]: cmd_vel SAFETY HOLD: gnss_recovery_hold=0.7s
[WARN] [1785779138.129394954] [control.cmd_vel_safety_gate]: cmd_vel SAFETY HOLD: gnss_recovery_hold=0.6s
[INFO] [1785779138.219263854] [control.cmd_vel_safety_gate]: command authorization updated: source=estop:/planning/state_machine/estop state=gnss_recovery_hold=0.5s
[WARN] [1785779138.229396454] [control.cmd_vel_safety_gate]: cmd_vel SAFETY HOLD: gnss_recovery_hold=0.5s
[WARN] [1785779138.329713794] [control.cmd_vel_safety_gate]: cmd_vel SAFETY HOLD: gnss_recovery_hold=0.4s
[INFO] [1785779138.419368698] [control.cmd_vel_safety_gate]: command authorization updated: source=estop:/planning/state_machine/estop state=gnss_recovery_hold=0.3s
[WARN] [1785779138.429370684] [control.cmd_vel_safety_gate]: cmd_vel SAFETY HOLD: gnss_recovery_hold=0.3s
[WARN] [1785779138.529351992] [control.cmd_vel_safety_gate]: cmd_vel SAFETY HOLD: gnss_recovery_hold=0.2s
[INFO] [1785779138.619175572] [control.cmd_vel_safety_gate]: command authorization updated: source=estop:/planning/state_machine/estop state=gnss_recovery_hold=0.1s
[WARN] [1785779138.629382974] [control.cmd_vel_safety_gate]: cmd_vel SAFETY HOLD: gnss_recovery_hold=0.1s
[WARN] [1785779138.729366607] [control.cmd_vel_safety_gate]: cmd_vel SAFETY HOLD: gnss_recovery_hold=0.0s
[INFO] [1785779138.819233277] [control.cmd_vel_safety_gate]: command authorization updated: source=estop:/planning/state_machine/estop state=enabled
[WARN] [1785779138.830290305] [control.cmd_vel_safety_gate]: route safety hold activated: reason=lanelet_footprint_cost trigger=(x=0.000,y=-0.240,wz=0.000)
[WARN] [1785779138.830325000] [control.cmd_vel_safety_gate]: cmd_vel cost stop: lanelet_footprint_cost
[WARN] [1785779138.908397468] [control.cmd_vel_safety_gate]: cmd_vel route safety hold: trigger=lanelet_footprint_cost latest=lanelet_footprint_cost clear=0.00s projected_recovery_candidate_only=true
[INFO] [1785779139.019363664] [control.cmd_vel_safety_gate]: command authorization updated: source=estop:/planning/state_machine/estop state=cost_hold=0.8s,route_safety_hold=lanelet_footprint_cost
[INFO] [1785779139.219219229] [control.cmd_vel_safety_gate]: command authorization updated: source=estop:/planning/state_machine/estop state=cost_hold=0.6s,route_safety_hold=lanelet_footprint_cost
[INFO] [1785779139.419205915] [control.cmd_vel_safety_gate]: command authorization updated: source=estop:/planning/state_machine/estop state=cost_hold=0.4s,route_safety_hold=lanelet_footprint_cost
[INFO] [1785779139.619357817] [control.cmd_vel_safety_gate]: command authorization updated: source=estop:/planning/state_machine/estop state=cost_hold=0.2s,route_safety_hold=lanelet_footprint_cost
[INFO] [1785779139.819499567] [control.cmd_vel_safety_gate]: command authorization updated: source=estop:/planning/state_machine/estop state=cost_hold=0.0s,route_safety_hold=lanelet_footprint_cost
[WARN] [1785779139.929903602] [control.cmd_vel_safety_gate]: cmd_vel route safety hold: trigger=lanelet_footprint_cost latest=lanelet_footprint_cost clear=0.00s projected_recovery_candidate_only=true
[INFO] [1785779140.019236910] [control.cmd_vel_safety_gate]: command authorization updated: source=estop:/planning/state_machine/estop state=route_safety_hold=lanelet_footprint_cost
[WARN] [1785779141.008535269] [control.cmd_vel_safety_gate]: cmd_vel route safety hold: trigger=lanelet_footprint_cost latest=lanelet_footprint_cost clear=0.00s projected_recovery_candidate_only=true
[WARN] [1785779142.029598514] [control.cmd_vel_safety_gate]: cmd_vel route safety hold: trigger=lanelet_footprint_cost latest=lanelet_footprint_cost clear=0.00s projected_recovery_candidate_only=true
[WARN] [1785779143.030533284] [control.cmd_vel_safety_gate]: cmd_vel route safety hold: trigger=lanelet_footprint_cost latest=lanelet_footprint_cost clear=0.00s projected_recovery_candidate_only=true
[WARN] [1785779144.029811596] [control.cmd_vel_safety_gate]: cmd_vel route safety hold: trigger=lanelet_footprint_cost latest=lanelet_footprint_cost clear=0.00s projected_recovery_candidate_only=true
[WARN] [1785779145.108494070] [control.cmd_vel_safety_gate]: cmd_vel route safety hold: trigger=lanelet_footprint_cost latest=lanelet_footprint_cost clear=0.00s projected_recovery_candidate_only=true
[WARN] [1785779146.129412538] [control.cmd_vel_safety_gate]: cmd_vel route safety hold: trigger=lanelet_footprint_cost latest=lanelet_footprint_cost clear=0.00s projected_recovery_candidate_only=true
[WARN] [1785779147.129465330] [control.cmd_vel_safety_gate]: cmd_vel route safety hold: trigger=lanelet_footprint_cost latest=lanelet_footprint_cost clear=0.00s projected_recovery_candidate_only=true
[WARN] [1785779148.208534141] [control.cmd_vel_safety_gate]: cmd_vel route safety hold: trigger=lanelet_footprint_cost latest=lanelet_footprint_cost clear=0.00s projected_recovery_candidate_only=true
[WARN] [1785779149.229466451] [control.cmd_vel_safety_gate]: cmd_vel route safety hold: trigger=lanelet_footprint_cost latest=lanelet_footprint_cost clear=0.00s projected_recovery_candidate_only=true
[WARN] [1785779150.229566785] [control.cmd_vel_safety_gate]: cmd_vel route safety hold: trigger=lanelet_footprint_cost latest=lanelet_footprint_cost clear=0.00s projected_recovery_candidate_only=true
[WARN] [1785779151.308540911] [control.cmd_vel_safety_gate]: cmd_vel route safety hold: trigger=lanelet_footprint_cost latest=lanelet_footprint_cost clear=0.00s projected_recovery_candidate_only=true
[WARN] [1785779152.308597758] [control.cmd_vel_safety_gate]: cmd_vel route safety hold: trigger=lanelet_footprint_cost latest=lanelet_footprint_cost clear=0.00s projected_recovery_candidate_only=true
[WARN] [1785779153.329546798] [control.cmd_vel_safety_gate]: cmd_vel route safety hold: trigger=lanelet_footprint_cost latest=lanelet_footprint_cost clear=0.00s projected_recovery_candidate_only=true
[WARN] [1785779154.329593608] [control.cmd_vel_safety_gate]: cmd_vel route safety hold: trigger=lanelet_footprint_cost latest=lanelet_footprint_cost clear=0.00s projected_recovery_candidate_only=true
[WARN] [1785779155.408710722] [control.cmd_vel_safety_gate]: cmd_vel route safety hold: trigger=lanelet_footprint_cost latest=lanelet_footprint_cost clear=0.00s projected_recovery_candidate_only=true
[WARN] [1785779156.429587138] [control.cmd_vel_safety_gate]: cmd_vel route safety hold: trigger=lanelet_footprint_cost latest=lanelet_footprint_cost clear=0.00s projected_recovery_candidate_only=true
[WARN] [1785779157.429637298] [control.cmd_vel_safety_gate]: cmd_vel route safety hold: trigger=lanelet_footprint_cost latest=lanelet_footprint_cost clear=0.00s projected_recovery_candidate_only=true
[WARN] [1785779158.429633708] [control.cmd_vel_safety_gate]: cmd_vel route safety hold: trigger=lanelet_footprint_cost latest=lanelet_footprint_cost clear=0.00s projected_recovery_candidate_only=true
[WARN] [1785779159.429721307] [control.cmd_vel_safety_gate]: cmd_vel route safety hold: trigger=lanelet_footprint_cost latest=lanelet_footprint_cost clear=0.00s projected_recovery_candidate_only=true
[WARN] [1785779160.508645577] [control.cmd_vel_safety_gate]: cmd_vel route safety hold: trigger=lanelet_footprint_cost latest=lanelet_footprint_cost clear=0.00s projected_recovery_candidate_only=true
[WARN] [1785779161.508727836] [control.cmd_vel_safety_gate]: cmd_vel route safety hold: trigger=lanelet_footprint_cost latest=lanelet_footprint_cost clear=0.00s projected_recovery_candidate_only=true
[WARN] [1785779162.508727458] [control.cmd_vel_safety_gate]: cmd_vel route safety hold: trigger=lanelet_footprint_cost latest=lanelet_footprint_cost clear=0.00s projected_recovery_candidate_only=true
[WARN] [1785779163.508754500] [control.cmd_vel_safety_gate]: cmd_vel route safety hold: trigger=lanelet_footprint_cost latest=lanelet_footprint_cost clear=0.00s projected_recovery_candidate_only=true
[WARN] [1785779164.508800042] [control.cmd_vel_safety_gate]: cmd_vel route safety hold: trigger=lanelet_footprint_cost latest=lanelet_footprint_cost clear=0.00s projected_recovery_candidate_only=true
[WARN] [1785779165.529787638] [control.cmd_vel_safety_gate]: cmd_vel route safety hold: trigger=lanelet_footprint_cost latest=lanelet_footprint_cost clear=0.00s projected_recovery_candidate_only=true
[WARN] [1785779166.608764193] [control.cmd_vel_safety_gate]: cmd_vel route safety hold: trigger=lanelet_footprint_cost latest=lanelet_footprint_cost clear=0.00s projected_recovery_candidate_only=true
[WARN] [1785779167.608810157] [control.cmd_vel_safety_gate]: cmd_vel route safety hold: trigger=lanelet_footprint_cost latest=lanelet_footprint_cost clear=0.00s projected_recovery_candidate_only=true
[WARN] [1785779168.608886024] [control.cmd_vel_safety_gate]: cmd_vel route safety hold: trigger=lanelet_footprint_cost latest=lanelet_footprint_cost clear=0.00s projected_recovery_candidate_only=true
[WARN] [1785779169.608898832] [control.cmd_vel_safety_gate]: cmd_vel route safety hold: trigger=lanelet_footprint_cost latest=lanelet_footprint_cost clear=0.00s projected_recovery_candidate_only=true
[WARN] [1785779170.708910556] [control.cmd_vel_safety_gate]: cmd_vel route safety hold: trigger=lanelet_footprint_cost latest=lanelet_footprint_cost clear=0.00s projected_recovery_candidate_only=true
[WARN] [1785779171.708965028] [control.cmd_vel_safety_gate]: cmd_vel route safety hold: trigger=lanelet_footprint_cost latest=lanelet_footprint_cost clear=0.00s projected_recovery_candidate_only=true
[WARN] [1785779172.808943084] [control.cmd_vel_safety_gate]: cmd_vel route safety hold: trigger=lanelet_footprint_cost latest=lanelet_footprint_cost clear=0.00s projected_recovery_candidate_only=true
[WARN] [1785779173.908929274] [control.cmd_vel_safety_gate]: cmd_vel route safety hold: trigger=lanelet_footprint_cost latest=lanelet_footprint_cost clear=0.00s projected_recovery_candidate_only=true
[WARN] [1785779174.908941629] [control.cmd_vel_safety_gate]: cmd_vel route safety hold: trigger=lanelet_footprint_cost latest=lanelet_footprint_cost clear=0.00s projected_recovery_candidate_only=true
[WARN] [1785779175.908976243] [control.cmd_vel_safety_gate]: cmd_vel route safety hold: trigger=lanelet_footprint_cost latest=lanelet_footprint_cost clear=0.00s projected_recovery_candidate_only=true
[WARN] [1785779177.009004245] [control.cmd_vel_safety_gate]: cmd_vel route safety hold: trigger=lanelet_footprint_cost latest=lanelet_footprint_cost clear=0.00s projected_recovery_candidate_only=true
[WARN] [1785779178.009035942] [control.cmd_vel_safety_gate]: cmd_vel route safety hold: trigger=lanelet_footprint_cost latest=lanelet_footprint_cost clear=0.00s projected_recovery_candidate_only=true
[WARN] [1785779179.009134301] [control.cmd_vel_safety_gate]: cmd_vel route safety hold: trigger=lanelet_footprint_cost latest=lanelet_footprint_cost clear=0.00s projected_recovery_candidate_only=true
[WARN] [1785779180.109054815] [control.cmd_vel_safety_gate]: cmd_vel route safety hold: trigger=lanelet_footprint_cost latest=lanelet_footprint_cost clear=0.00s projected_recovery_candidate_only=true
[WARN] [1785779181.109042561] [control.cmd_vel_safety_gate]: cmd_vel route safety hold: trigger=lanelet_footprint_cost latest=lanelet_footprint_cost clear=0.00s projected_recovery_candidate_only=true
[WARN] [1785779182.109093724] [control.cmd_vel_safety_gate]: cmd_vel route safety hold: trigger=lanelet_footprint_cost latest=lanelet_footprint_cost clear=0.00s projected_recovery_candidate_only=true
[WARN] [1785779183.109190302] [control.cmd_vel_safety_gate]: cmd_vel route safety hold: trigger=lanelet_footprint_cost latest=lanelet_footprint_cost clear=0.00s projected_recovery_candidate_only=true
[WARN] [1785779184.209108156] [control.cmd_vel_safety_gate]: cmd_vel route safety hold: trigger=lanelet_footprint_cost latest=lanelet_footprint_cost clear=0.00s projected_recovery_candidate_only=true
[WARN] [1785779185.209139790] [control.cmd_vel_safety_gate]: cmd_vel route safety hold: trigger=lanelet_footprint_cost latest=lanelet_footprint_cost clear=0.00s projected_recovery_candidate_only=true
[WARN] [1785779186.309182338] [control.cmd_vel_safety_gate]: cmd_vel route safety hold: trigger=lanelet_footprint_cost latest=lanelet_footprint_cost clear=0.00s projected_recovery_candidate_only=true
[WARN] [1785779187.309220476] [control.cmd_vel_safety_gate]: cmd_vel route safety hold: trigger=lanelet_footprint_cost latest=lanelet_footprint_cost clear=0.00s projected_recovery_candidate_only=true
[WARN] [1785779188.409230625] [control.cmd_vel_safety_gate]: cmd_vel route safety hold: trigger=lanelet_footprint_cost latest=lanelet_footprint_cost clear=0.00s projected_recovery_candidate_only=true
[WARN] [1785779189.409297142] [control.cmd_vel_safety_gate]: cmd_vel route safety hold: trigger=lanelet_footprint_cost latest=lanelet_footprint_cost clear=0.00s projected_recovery_candidate_only=true
[WARN] [1785779190.509194406] [control.cmd_vel_safety_gate]: cmd_vel route safety hold: trigger=lanelet_footprint_cost latest=lanelet_footprint_cost clear=0.00s projected_recovery_candidate_only=true
[WARN] [1785779191.509229061] [control.cmd_vel_safety_gate]: cmd_vel route safety hold: trigger=lanelet_footprint_cost latest=lanelet_footprint_cost clear=0.00s projected_recovery_candidate_only=true
[WARN] [1785779192.509293897] [control.cmd_vel_safety_gate]: cmd_vel route safety hold: trigger=lanelet_footprint_cost latest=lanelet_footprint_cost clear=0.00s projected_recovery_candidate_only=true
[WARN] [1785779193.509337328] [control.cmd_vel_safety_gate]: cmd_vel route safety hold: trigger=lanelet_footprint_cost latest=lanelet_footprint_cost clear=0.00s projected_recovery_candidate_only=true
[WARN] [1785779194.609315907] [control.cmd_vel_safety_gate]: cmd_vel route safety hold: trigger=lanelet_footprint_cost latest=lanelet_footprint_cost clear=0.00s projected_recovery_candidate_only=true
[WARN] [1785779195.709312480] [control.cmd_vel_safety_gate]: cmd_vel route safety hold: trigger=lanelet_footprint_cost latest=lanelet_footprint_cost clear=0.00s projected_recovery_candidate_only=true
[WARN] [1785779196.709322599] [control.cmd_vel_safety_gate]: cmd_vel route safety hold: trigger=lanelet_footprint_cost latest=lanelet_footprint_cost clear=0.00s projected_recovery_candidate_only=true
[WARN] [1785779197.809320912] [control.cmd_vel_safety_gate]: cmd_vel route safety hold: trigger=lanelet_footprint_cost latest=lanelet_footprint_cost clear=0.00s projected_recovery_candidate_only=true
[WARN] [1785779198.809324940] [control.cmd_vel_safety_gate]: cmd_vel route safety hold: trigger=lanelet_footprint_cost latest=lanelet_footprint_cost clear=0.00s projected_recovery_candidate_only=true
[WARN] [1785779199.809342615] [control.cmd_vel_safety_gate]: cmd_vel route safety hold: trigger=lanelet_footprint_cost latest=lanelet_footprint_cost clear=0.00s projected_recovery_candidate_only=true
[WARN] [1785779200.809347860] [control.cmd_vel_safety_gate]: cmd_vel route safety hold: trigger=lanelet_footprint_cost latest=lanelet_footprint_cost clear=0.00s projected_recovery_candidate_only=true
[WARN] [1785779201.809379588] [control.cmd_vel_safety_gate]: cmd_vel route safety hold: trigger=lanelet_footprint_cost latest=lanelet_footprint_cost clear=0.00s projected_recovery_candidate_only=true
[WARN] [1785779202.909392542] [control.cmd_vel_safety_gate]: cmd_vel route safety hold: trigger=lanelet_footprint_cost latest=lanelet_footprint_cost clear=0.00s projected_recovery_candidate_only=true
[WARN] [1785779203.909412937] [control.cmd_vel_safety_gate]: cmd_vel route safety hold: trigger=lanelet_footprint_cost latest=lanelet_footprint_cost clear=0.00s projected_recovery_candidate_only=true
[WARN] [1785779204.909429985] [control.cmd_vel_safety_gate]: cmd_vel route safety hold: trigger=lanelet_footprint_cost latest=lanelet_footprint_cost clear=0.00s projected_recovery_candidate_only=true
[WARN] [1785779205.909550216] [control.cmd_vel_safety_gate]: cmd_vel route safety hold: trigger=lanelet_footprint_cost latest=lanelet_footprint_cost clear=0.00s projected_recovery_candidate_only=true
[WARN] [1785779206.909522539] [control.cmd_vel_safety_gate]: cmd_vel route safety hold: trigger=lanelet_footprint_cost latest=lanelet_footprint_cost clear=0.00s projected_recovery_candidate_only=true
[WARN] [1785779208.010131773] [control.cmd_vel_safety_gate]: cmd_vel route safety hold: trigger=lanelet_footprint_cost latest=lanelet_footprint_cost clear=0.00s projected_recovery_candidate_only=true
[WARN] [1785779209.109553785] [control.cmd_vel_safety_gate]: cmd_vel route safety hold: trigger=lanelet_footprint_cost latest=lanelet_footprint_cost clear=0.00s projected_recovery_candidate_only=true
[WARN] [1785779210.109604644] [control.cmd_vel_safety_gate]: cmd_vel route safety hold: trigger=lanelet_footprint_cost latest=lanelet_footprint_cost clear=0.00s projected_recovery_candidate_only=true
[WARN] [1785779211.209515690] [control.cmd_vel_safety_gate]: cmd_vel route safety hold: trigger=lanelet_footprint_cost latest=lanelet_footprint_cost clear=0.00s projected_recovery_candidate_only=true
[WARN] [1785779212.209518847] [control.cmd_vel_safety_gate]: cmd_vel route safety hold: trigger=lanelet_footprint_cost latest=lanelet_footprint_cost clear=0.00s projected_recovery_candidate_only=true
[WARN] [1785779213.209592498] [control.cmd_vel_safety_gate]: cmd_vel route safety hold: trigger=lanelet_footprint_cost latest=lanelet_footprint_cost clear=0.00s projected_recovery_candidate_only=true
[WARN] [1785779214.309532945] [control.cmd_vel_safety_gate]: cmd_vel route safety hold: trigger=lanelet_footprint_cost latest=lanelet_footprint_cost clear=0.00s projected_recovery_candidate_only=true
[WARN] [1785779215.309748458] [control.cmd_vel_safety_gate]: cmd_vel route safety hold: trigger=lanelet_footprint_cost latest=lanelet_footprint_cost clear=0.00s projected_recovery_candidate_only=true
[WARN] [1785779216.409702959] [control.cmd_vel_safety_gate]: cmd_vel route safety hold: trigger=lanelet_footprint_cost latest=lanelet_footprint_cost clear=0.00s projected_recovery_candidate_only=true
[WARN] [1785779217.510560894] [control.cmd_vel_safety_gate]: cmd_vel route safety hold: trigger=lanelet_footprint_cost latest=lanelet_footprint_cost clear=0.00s projected_recovery_candidate_only=true
[WARN] [1785779218.609787799] [control.cmd_vel_safety_gate]: cmd_vel route safety hold: trigger=lanelet_footprint_cost latest=lanelet_footprint_cost clear=0.00s projected_recovery_candidate_only=true
[WARN] [1785779219.709713372] [control.cmd_vel_safety_gate]: cmd_vel route safety hold: trigger=lanelet_footprint_cost latest=lanelet_footprint_cost clear=0.00s projected_recovery_candidate_only=true
[WARN] [1785779220.809640132] [control.cmd_vel_safety_gate]: cmd_vel route safety hold: trigger=lanelet_footprint_cost latest=lanelet_footprint_cost clear=0.00s projected_recovery_candidate_only=true
[WARN] [1785779221.809974706] [control.cmd_vel_safety_gate]: cmd_vel route safety hold: trigger=lanelet_footprint_cost latest=lanelet_footprint_cost clear=0.00s projected_recovery_candidate_only=true
[WARN] [1785779222.909749959] [control.cmd_vel_safety_gate]: cmd_vel route safety hold: trigger=lanelet_footprint_cost latest=lanelet_footprint_cost clear=0.00s projected_recovery_candidate_only=true
[WARN] [1785779223.909786503] [control.cmd_vel_safety_gate]: cmd_vel route safety hold: trigger=lanelet_footprint_cost latest=lanelet_footprint_cost clear=0.00s projected_recovery_candidate_only=true
[WARN] [1785779224.910362392] [control.cmd_vel_safety_gate]: cmd_vel route safety hold: trigger=lanelet_footprint_cost latest=lanelet_footprint_cost clear=0.00s projected_recovery_candidate_only=true
[WARN] [1785779226.009775689] [control.cmd_vel_safety_gate]: cmd_vel route safety hold: trigger=lanelet_footprint_cost latest=lanelet_footprint_cost clear=0.00s projected_recovery_candidate_only=true
[WARN] [1785779227.109775090] [control.cmd_vel_safety_gate]: cmd_vel route safety hold: trigger=lanelet_footprint_cost latest=lanelet_footprint_cost clear=0.00s projected_recovery_candidate_only=true
[WARN] [1785779228.109844364] [control.cmd_vel_safety_gate]: cmd_vel route safety hold: trigger=lanelet_footprint_cost latest=lanelet_footprint_cost clear=0.00s projected_recovery_candidate_only=true
[WARN] [1785779229.109858013] [control.cmd_vel_safety_gate]: cmd_vel route safety hold: trigger=lanelet_footprint_cost latest=lanelet_footprint_cost clear=0.00s projected_recovery_candidate_only=true
[WARN] [1785779230.109881853] [control.cmd_vel_safety_gate]: cmd_vel route safety hold: trigger=lanelet_footprint_cost latest=lanelet_footprint_cost clear=0.00s projected_recovery_candidate_only=true
[WARN] [1785779231.209865046] [control.cmd_vel_safety_gate]: cmd_vel route safety hold: trigger=lanelet_footprint_cost latest=lanelet_footprint_cost clear=0.00s projected_recovery_candidate_only=true
[WARN] [1785779232.309929477] [control.cmd_vel_safety_gate]: cmd_vel route safety hold: trigger=lanelet_footprint_cost latest=lanelet_footprint_cost clear=0.00s projected_recovery_candidate_only=true
[WARN] [1785779233.409883768] [control.cmd_vel_safety_gate]: cmd_vel route safety hold: trigger=lanelet_footprint_cost latest=lanelet_footprint_cost clear=0.00s projected_recovery_candidate_only=true
[WARN] [1785779234.409969250] [control.cmd_vel_safety_gate]: cmd_vel route safety hold: trigger=lanelet_footprint_cost latest=lanelet_footprint_cost clear=0.00s projected_recovery_candidate_only=true
[WARN] [1785779235.509943734] [control.cmd_vel_safety_gate]: cmd_vel route safety hold: trigger=lanelet_footprint_cost latest=lanelet_footprint_cost clear=0.00s projected_recovery_candidate_only=true
[WARN] [1785779236.509966148] [control.cmd_vel_safety_gate]: cmd_vel route safety hold: trigger=lanelet_footprint_cost latest=lanelet_footprint_cost clear=0.00s projected_recovery_candidate_only=true
[WARN] [1785779237.609986806] [control.cmd_vel_safety_gate]: cmd_vel route safety hold: trigger=lanelet_footprint_cost latest=lanelet_footprint_cost clear=0.00s projected_recovery_candidate_only=true
[WARN] [1785779238.610036296] [control.cmd_vel_safety_gate]: cmd_vel route safety hold: trigger=lanelet_footprint_cost latest=lanelet_footprint_cost clear=0.00s projected_recovery_candidate_only=true
[WARN] [1785779239.710032061] [control.cmd_vel_safety_gate]: cmd_vel route safety hold: trigger=lanelet_footprint_cost latest=lanelet_footprint_cost clear=0.00s projected_recovery_candidate_only=true
[WARN] [1785779240.710052390] [control.cmd_vel_safety_gate]: cmd_vel route safety hold: trigger=lanelet_footprint_cost latest=lanelet_footprint_cost clear=0.00s projected_recovery_candidate_only=true
[WARN] [1785779241.809980423] [control.cmd_vel_safety_gate]: cmd_vel route safety hold: trigger=lanelet_footprint_cost latest=lanelet_footprint_cost clear=0.00s projected_recovery_candidate_only=true
[WARN] [1785779242.810046153] [control.cmd_vel_safety_gate]: cmd_vel route safety hold: trigger=lanelet_footprint_cost latest=lanelet_footprint_cost clear=0.00s projected_recovery_candidate_only=true
[WARN] [1785779243.910037024] [control.cmd_vel_safety_gate]: cmd_vel route safety hold: trigger=lanelet_footprint_cost latest=lanelet_footprint_cost clear=0.00s projected_recovery_candidate_only=true
[WARN] [1785779245.010050106] [control.cmd_vel_safety_gate]: cmd_vel route safety hold: trigger=lanelet_footprint_cost latest=lanelet_footprint_cost clear=0.00s projected_recovery_candidate_only=true
[WARN] [1785779246.010101025] [control.cmd_vel_safety_gate]: cmd_vel route safety hold: trigger=lanelet_footprint_cost latest=lanelet_footprint_cost clear=0.00s projected_recovery_candidate_only=true
[WARN] [1785779247.010098911] [control.cmd_vel_safety_gate]: cmd_vel route safety hold: trigger=lanelet_footprint_cost latest=lanelet_footprint_cost clear=0.00s projected_recovery_candidate_only=true
[WARN] [1785779248.010244747] [control.cmd_vel_safety_gate]: cmd_vel route safety hold: trigger=lanelet_footprint_cost latest=lanelet_footprint_cost clear=0.00s projected_recovery_candidate_only=true
[WARN] [1785779249.110195652] [control.cmd_vel_safety_gate]: cmd_vel route safety hold: trigger=lanelet_footprint_cost latest=lanelet_footprint_cost clear=0.00s projected_recovery_candidate_only=true
[WARN] [1785779250.110179718] [control.cmd_vel_safety_gate]: cmd_vel route safety hold: trigger=lanelet_footprint_cost latest=lanelet_footprint_cost clear=0.00s projected_recovery_candidate_only=true
[WARN] [1785779251.110308001] [control.cmd_vel_safety_gate]: cmd_vel route safety hold: trigger=lanelet_footprint_cost latest=lanelet_footprint_cost clear=0.00s projected_recovery_candidate_only=true
[WARN] [1785779252.210158966] [control.cmd_vel_safety_gate]: cmd_vel route safety hold: trigger=lanelet_footprint_cost latest=lanelet_footprint_cost clear=0.00s projected_recovery_candidate_only=true
[WARN] [1785779253.210229617] [control.cmd_vel_safety_gate]: cmd_vel route safety hold: trigger=lanelet_footprint_cost latest=lanelet_footprint_cost clear=0.00s projected_recovery_candidate_only=true
[WARN] [1785779254.310220376] [control.cmd_vel_safety_gate]: cmd_vel route safety hold: trigger=lanelet_footprint_cost latest=lanelet_footprint_cost clear=0.00s projected_recovery_candidate_only=true
[WARN] [1785779255.310311839] [control.cmd_vel_safety_gate]: cmd_vel route safety hold: trigger=lanelet_footprint_cost latest=lanelet_footprint_cost clear=0.00s projected_recovery_candidate_only=true
[WARN] [1785779256.310404317] [control.cmd_vel_safety_gate]: cmd_vel route safety hold: trigger=lanelet_footprint_cost latest=lanelet_footprint_cost clear=0.00s projected_recovery_candidate_only=true
[WARN] [1785779257.410300026] [control.cmd_vel_safety_gate]: cmd_vel route safety hold: trigger=lanelet_footprint_cost latest=lanelet_footprint_cost clear=0.00s projected_recovery_candidate_only=true
[WARN] [1785779258.510397863] [control.cmd_vel_safety_gate]: cmd_vel route safety hold: trigger=lanelet_footprint_cost latest=lanelet_footprint_cost clear=0.00s projected_recovery_candidate_only=true
[INFO] [1785779259.219249109] [control.cmd_vel_safety_gate]: command authorization updated: source=estop:/planning/state_machine/estop state=platform_status_stale=0.55s,route_safety_hold=lanelet_footprint_cost
[INFO] [1785779259.419508184] [control.cmd_vel_safety_gate]: command authorization updated: source=estop:/planning/state_machine/estop state=platform_status_stale=0.75s,route_safety_hold=lanelet_footprint_cost
[INFO] [1785779259.619334849] [control.cmd_vel_safety_gate]: command authorization updated: source=estop:/planning/state_machine/estop state=platform_status_stale=0.95s,route_safety_hold=lanelet_footprint_cost
[WARN] [1785779259.642294256] [control.cmd_vel_safety_gate]: cmd_vel input stale: age=0.42s timeout=0.35s; publishing zero
[INFO] [1785779259.819224413] [control.cmd_vel_safety_gate]: command authorization updated: source=estop:/planning/state_machine/estop state=platform_status_stale=1.15s,route_safety_hold=lanelet_footprint_cost
[INFO] [1785779260.020235545] [control.cmd_vel_safety_gate]: command authorization updated: source=estop:/planning/state_machine/estop state=platform_status_stale=1.36s,route_safety_hold=lanelet_footprint_cost
[INFO] [1785779260.219348913] [control.cmd_vel_safety_gate]: command authorization updated: source=estop:/planning/state_machine/estop state=platform_status_stale=1.55s,route_safety_hold=lanelet_footprint_cost
[INFO] [1785779260.419365325] [control.cmd_vel_safety_gate]: command authorization updated: source=estop:/planning/state_machine/estop state=platform_status_stale=1.75s,route_safety_hold=lanelet_footprint_cost
[INFO] [1785779260.619382500] [control.cmd_vel_safety_gate]: command authorization updated: source=estop:/planning/state_machine/estop state=platform_status_stale=1.95s,route_safety_hold=lanelet_footprint_cost
[INFO] [1785779260.819207334] [control.cmd_vel_safety_gate]: command authorization updated: source=estop:/planning/state_machine/estop state=platform_status_stale=2.15s,route_safety_hold=lanelet_footprint_cost
[INFO] [1785779261.019442021] [control.cmd_vel_safety_gate]: command authorization updated: source=estop:/planning/state_machine/estop state=platform_status_stale=2.35s,route_safety_hold=lanelet_footprint_cost
[INFO] [1785779261.219407710] [control.cmd_vel_safety_gate]: command authorization updated: source=estop:/planning/state_machine/estop state=platform_status_stale=2.55s,route_safety_hold=lanelet_footprint_cost
[INFO] [1785779261.419199936] [control.cmd_vel_safety_gate]: command authorization updated: source=estop:/planning/state_machine/estop state=platform_status_stale=2.75s,route_safety_hold=lanelet_footprint_cost
[INFO] [1785779261.619315320] [control.cmd_vel_safety_gate]: command authorization updated: source=estop:/planning/state_machine/estop state=platform_status_stale=2.95s,route_safety_hold=lanelet_footprint_cost
[INFO] [1785779261.819362559] [control.cmd_vel_safety_gate]: command authorization updated: source=estop:/planning/state_machine/estop state=platform_status_stale=3.15s,route_safety_hold=lanelet_footprint_cost
[INFO] [1785779262.019341088] [control.cmd_vel_safety_gate]: command authorization updated: source=estop:/planning/state_machine/estop state=platform_status_stale=3.35s,route_safety_hold=lanelet_footprint_cost
[INFO] [1785779262.219299751] [control.cmd_vel_safety_gate]: command authorization updated: source=estop:/planning/state_machine/estop state=platform_status_stale=3.55s,route_safety_hold=lanelet_footprint_cost
[INFO] [1785779262.419384734] [control.cmd_vel_safety_gate]: command authorization updated: source=estop:/planning/state_machine/estop state=platform_status_stale=3.75s,route_safety_hold=lanelet_footprint_cost
[INFO] [1785779262.619274189] [control.cmd_vel_safety_gate]: command authorization updated: source=estop:/planning/state_machine/estop state=platform_status_stale=3.95s,route_safety_hold=lanelet_footprint_cost
[INFO] [1785779262.819315976] [control.cmd_vel_safety_gate]: command authorization updated: source=estop:/planning/state_machine/estop state=platform_status_stale=4.15s,route_safety_hold=lanelet_footprint_cost
[INFO] [1785779263.019549870] [control.cmd_vel_safety_gate]: command authorization updated: source=estop:/planning/state_machine/estop state=platform_status_stale=4.35s,route_safety_hold=lanelet_footprint_cost
[INFO] [1785779263.219389317] [control.cmd_vel_safety_gate]: command authorization updated: source=estop:/planning/state_machine/estop state=platform_status_stale=4.55s,route_safety_hold=lanelet_footprint_cost
[INFO] [1785779263.419167129] [control.cmd_vel_safety_gate]: command authorization updated: source=estop:/planning/state_machine/estop state=platform_status_stale=4.75s,route_safety_hold=lanelet_footprint_cost
[INFO] [1785779263.619255154] [control.cmd_vel_safety_gate]: command authorization updated: source=estop:/planning/state_machine/estop state=platform_status_stale=4.95s,route_safety_hold=lanelet_footprint_cost
[INFO] [1785779263.819254276] [control.cmd_vel_safety_gate]: command authorization updated: source=estop:/planning/state_machine/estop state=platform_status_stale=5.15s,route_safety_hold=lanelet_footprint_cost
[INFO] [1785779264.019380533] [control.cmd_vel_safety_gate]: command authorization updated: source=estop:/planning/state_machine/estop state=platform_status_stale=5.35s,route_safety_hold=lanelet_footprint_cost
[INFO] [1785779264.219391931] [control.cmd_vel_safety_gate]: command authorization updated: source=estop:/planning/state_machine/estop state=platform_status_stale=5.55s,route_safety_hold=lanelet_footprint_cost
[INFO] [1785779264.419402491] [control.cmd_vel_safety_gate]: command authorization updated: source=estop:/planning/state_machine/estop state=platform_status_stale=5.75s,route_safety_hold=lanelet_footprint_cost
[INFO] [1785779264.619305492] [control.cmd_vel_safety_gate]: command authorization updated: source=estop:/planning/state_machine/estop state=platform_status_stale=5.95s,route_safety_hold=lanelet_footprint_cost
[INFO] [1785779264.819252010] [control.cmd_vel_safety_gate]: command authorization updated: source=estop:/planning/state_machine/estop state=platform_status_stale=6.15s,route_safety_hold=lanelet_footprint_cost
[INFO] [1785779265.019406938] [control.cmd_vel_safety_gate]: command authorization updated: source=estop:/planning/state_machine/estop state=platform_status_stale=6.35s,route_safety_hold=lanelet_footprint_cost
[INFO] [1785779265.219640403] [control.cmd_vel_safety_gate]: command authorization updated: source=estop:/planning/state_machine/estop state=platform_status_stale=6.55s,route_safety_hold=lanelet_footprint_cost
[INFO] [1785779265.419359800] [control.cmd_vel_safety_gate]: command authorization updated: source=estop:/planning/state_machine/estop state=platform_status_stale=6.75s,route_safety_hold=lanelet_footprint_cost
[INFO] [1785779265.619456573] [control.cmd_vel_safety_gate]: command authorization updated: source=estop:/planning/state_machine/estop state=platform_status_stale=6.95s,route_safety_hold=lanelet_footprint_cost
[INFO] [1785779265.819441521] [control.cmd_vel_safety_gate]: command authorization updated: source=estop:/planning/state_machine/estop state=platform_status_stale=7.15s,route_safety_hold=lanelet_footprint_cost
[INFO] [1785779266.019410294] [control.cmd_vel_safety_gate]: command authorization updated: source=estop:/planning/state_machine/estop state=platform_status_stale=7.35s,route_safety_hold=lanelet_footprint_cost
[INFO] [1785779266.219515122] [control.cmd_vel_safety_gate]: command authorization updated: source=estop:/planning/state_machine/estop state=platform_status_stale=7.55s,route_safety_hold=lanelet_footprint_cost
[INFO] [1785779266.419164167] [control.cmd_vel_safety_gate]: command authorization updated: source=estop:/planning/state_machine/estop state=platform_status_stale=7.75s,route_safety_hold=lanelet_footprint_cost
[INFO] [1785779266.619307585] [control.cmd_vel_safety_gate]: command authorization updated: source=estop:/planning/state_machine/estop state=platform_status_stale=7.95s,route_safety_hold=lanelet_footprint_cost
[INFO] [1785779266.819209313] [control.cmd_vel_safety_gate]: command authorization updated: source=estop:/planning/state_machine/estop state=platform_status_stale=8.15s,route_safety_hold=lanelet_footprint_cost
[INFO] [1785779267.019250424] [control.cmd_vel_safety_gate]: command authorization updated: source=estop:/planning/state_machine/estop state=platform_status_stale=8.35s,route_safety_hold=lanelet_footprint_cost
[INFO] [1785779267.219543655] [control.cmd_vel_safety_gate]: command authorization updated: source=estop:/planning/state_machine/estop state=platform_status_stale=8.55s,route_safety_hold=lanelet_footprint_cost
[INFO] [1785779267.419207599] [control.cmd_vel_safety_gate]: command authorization updated: source=estop:/planning/state_machine/estop state=platform_status_stale=8.75s,route_safety_hold=lanelet_footprint_cost
[INFO] [1785779267.619249707] [control.cmd_vel_safety_gate]: command authorization updated: source=estop:/planning/state_machine/estop state=platform_status_stale=8.95s,route_safety_hold=lanelet_footprint_cost
[INFO] [1785779267.819201215] [control.cmd_vel_safety_gate]: command authorization updated: source=estop:/planning/state_machine/estop state=platform_status_stale=9.15s,route_safety_hold=lanelet_footprint_cost
[INFO] [1785779268.019305432] [control.cmd_vel_safety_gate]: command authorization updated: source=estop:/planning/state_machine/estop state=platform_status_stale=9.35s,route_safety_hold=lanelet_footprint_cost
[INFO] [1785779268.219454157] [control.cmd_vel_safety_gate]: command authorization updated: source=estop:/planning/state_machine/estop state=platform_status_stale=9.55s,route_safety_hold=lanelet_footprint_cost
[INFO] [1785779268.419284748] [control.cmd_vel_safety_gate]: command authorization updated: source=estop:/planning/state_machine/estop state=platform_status_stale=9.75s,route_safety_hold=lanelet_footprint_cost
[INFO] [1785779268.619244697] [control.cmd_vel_safety_gate]: command authorization updated: source=estop:/planning/state_machine/estop state=platform_status_stale=9.95s,route_safety_hold=lanelet_footprint_cost
[INFO] [1785779268.819248088] [control.cmd_vel_safety_gate]: command authorization updated: source=estop:/planning/state_machine/estop state=platform_status_stale=10.15s,route_safety_hold=lanelet_footprint_cost
[INFO] [1785779269.019446253] [control.cmd_vel_safety_gate]: command authorization updated: source=estop:/planning/state_machine/estop state=platform_status_stale=10.35s,route_safety_hold=lanelet_footprint_cost
[INFO] [1785779269.219466939] [control.cmd_vel_safety_gate]: command authorization updated: source=estop:/planning/state_machine/estop state=platform_status_stale=10.55s,route_safety_hold=lanelet_footprint_cost
[INFO] [1785779269.419179987] [control.cmd_vel_safety_gate]: command authorization updated: source=estop:/planning/state_machine/estop state=platform_status_stale=10.75s,route_safety_hold=lanelet_footprint_cost
[INFO] [1785779269.619364105] [control.cmd_vel_safety_gate]: command authorization updated: source=estop:/planning/state_machine/estop state=platform_status_stale=10.95s,route_safety_hold=lanelet_footprint_cost
[INFO] [1785779269.819361832] [control.cmd_vel_safety_gate]: command authorization updated: source=estop:/planning/state_machine/estop state=platform_status_stale=11.15s,route_safety_hold=lanelet_footprint_cost
[INFO] [1785779270.019325740] [control.cmd_vel_safety_gate]: command authorization updated: source=estop:/planning/state_machine/estop state=platform_status_stale=11.35s,route_safety_hold=lanelet_footprint_cost
[INFO] [1785779270.219533567] [control.cmd_vel_safety_gate]: command authorization updated: source=estop:/planning/state_machine/estop state=platform_status_stale=11.55s,route_safety_hold=lanelet_footprint_cost
[INFO] [1785779270.419261556] [control.cmd_vel_safety_gate]: command authorization updated: source=estop:/planning/state_machine/estop state=platform_status_stale=11.75s,route_safety_hold=lanelet_footprint_cost
[INFO] [1785779270.619194430] [control.cmd_vel_safety_gate]: command authorization updated: source=estop:/planning/state_machine/estop state=platform_status_stale=11.95s,route_safety_hold=lanelet_footprint_cost
[INFO] [1785779270.819217965] [control.cmd_vel_safety_gate]: command authorization updated: source=estop:/planning/state_machine/estop state=platform_status_stale=12.15s,route_safety_hold=lanelet_footprint_cost
[INFO] [1785779271.020456081] [control.cmd_vel_safety_gate]: command authorization updated: source=estop:/planning/state_machine/estop state=platform_status_stale=12.36s,route_safety_hold=lanelet_footprint_cost
[INFO] [1785779271.219358898] [control.cmd_vel_safety_gate]: command authorization updated: source=estop:/planning/state_machine/estop state=platform_status_stale=12.55s,route_safety_hold=lanelet_footprint_cost
[INFO] [1785779271.419217484] [control.cmd_vel_safety_gate]: command authorization updated: source=estop:/planning/state_machine/estop state=platform_status_stale=12.75s,route_safety_hold=lanelet_footprint_cost
[INFO] [1785779271.619362077] [control.cmd_vel_safety_gate]: command authorization updated: source=estop:/planning/state_machine/estop state=platform_status_stale=12.95s,route_safety_hold=lanelet_footprint_cost
[INFO] [1785779271.819281004] [control.cmd_vel_safety_gate]: command authorization updated: source=estop:/planning/state_machine/estop state=platform_status_stale=13.15s,route_safety_hold=lanelet_footprint_cost
[INFO] [1785779272.019270253] [control.cmd_vel_safety_gate]: command authorization updated: source=estop:/planning/state_machine/estop state=platform_status_stale=13.35s,route_safety_hold=lanelet_footprint_cost
[INFO] [1785779272.219308478] [control.cmd_vel_safety_gate]: command authorization updated: source=estop:/planning/state_machine/estop state=platform_status_stale=13.55s,route_safety_hold=lanelet_footprint_cost
[INFO] [1785779272.419276753] [control.cmd_vel_safety_gate]: command authorization updated: source=estop:/planning/state_machine/estop state=platform_status_stale=13.75s,route_safety_hold=lanelet_footprint_cost
[INFO] [1785779272.619193390] [control.cmd_vel_safety_gate]: command authorization updated: source=estop:/planning/state_machine/estop state=platform_status_stale=13.95s,route_safety_hold=lanelet_footprint_cost
[INFO] [1785779272.819324499] [control.cmd_vel_safety_gate]: command authorization updated: source=estop:/planning/state_machine/estop state=platform_status_stale=14.15s,route_safety_hold=lanelet_footprint_cost
[INFO] [1785779273.019423687] [control.cmd_vel_safety_gate]: command authorization updated: source=estop:/planning/state_machine/estop state=platform_status_stale=14.35s,route_safety_hold=lanelet_footprint_cost
[INFO] [1785779273.219701763] [control.cmd_vel_safety_gate]: command authorization updated: source=estop:/planning/state_machine/estop state=platform_status_stale=14.55s,route_safety_hold=lanelet_footprint_cost
[INFO] [1785779273.419643025] [control.cmd_vel_safety_gate]: command authorization updated: source=estop:/planning/state_machine/estop state=platform_status_stale=14.75s,route_safety_hold=lanelet_footprint_cost
[INFO] [1785779273.619331997] [control.cmd_vel_safety_gate]: command authorization updated: source=estop:/planning/state_machine/estop state=platform_status_stale=14.95s,route_safety_hold=lanelet_footprint_cost
[INFO] [1785779273.819292549] [control.cmd_vel_safety_gate]: command authorization updated: source=estop:/planning/state_machine/estop state=platform_status_stale=15.15s,route_safety_hold=lanelet_footprint_cost
[INFO] [1785779274.019377595] [control.cmd_vel_safety_gate]: command authorization updated: source=estop:/planning/state_machine/estop state=platform_status_stale=15.35s,route_safety_hold=lanelet_footprint_cost
[INFO] [1785779274.219315180] [control.cmd_vel_safety_gate]: command authorization updated: source=estop:/planning/state_machine/estop state=platform_status_stale=15.55s,route_safety_hold=lanelet_footprint_cost
[INFO] [1785779274.419501239] [control.cmd_vel_safety_gate]: command authorization updated: source=estop:/planning/state_machine/estop state=platform_status_stale=15.75s,route_safety_hold=lanelet_footprint_cost
[INFO] [1785779274.619535837] [control.cmd_vel_safety_gate]: command authorization updated: source=estop:/planning/state_machine/estop state=platform_status_stale=15.95s,route_safety_hold=lanelet_footprint_cost
[INFO] [1785779274.819243875] [control.cmd_vel_safety_gate]: command authorization updated: source=estop:/planning/state_machine/estop state=platform_status_stale=16.15s,route_safety_hold=lanelet_footprint_cost
[INFO] [1785779275.019187737] [control.cmd_vel_safety_gate]: command authorization updated: source=estop:/planning/state_machine/estop state=platform_status_stale=16.35s,route_safety_hold=lanelet_footprint_cost
[INFO] [1785779275.219248057] [control.cmd_vel_safety_gate]: command authorization updated: source=estop:/planning/state_machine/estop state=platform_status_stale=16.55s,route_safety_hold=lanelet_footprint_cost
[INFO] [1785779275.419254300] [control.cmd_vel_safety_gate]: command authorization updated: source=estop:/planning/state_machine/estop state=platform_status_stale=16.75s,route_safety_hold=lanelet_footprint_cost
[INFO] [1785779275.619209620] [control.cmd_vel_safety_gate]: command authorization updated: source=estop:/planning/state_machine/estop state=platform_status_stale=16.95s,route_safety_hold=lanelet_footprint_cost
[INFO] [1785779275.819271520] [control.cmd_vel_safety_gate]: command authorization updated: source=estop:/planning/state_machine/estop state=platform_status_stale=17.15s,route_safety_hold=lanelet_footprint_cost
[INFO] [1785779276.019226533] [control.cmd_vel_safety_gate]: command authorization updated: source=estop:/planning/state_machine/estop state=platform_status_stale=17.35s,route_safety_hold=lanelet_footprint_cost
[INFO] [1785779276.219461453] [control.cmd_vel_safety_gate]: command authorization updated: source=estop:/planning/state_machine/estop state=platform_status_stale=17.55s,route_safety_hold=lanelet_footprint_cost
[INFO] [1785779276.419382410] [control.cmd_vel_safety_gate]: command authorization updated: source=estop:/planning/state_machine/estop state=platform_status_stale=17.75s,route_safety_hold=lanelet_footprint_cost
[INFO] [1785779276.619262010] [control.cmd_vel_safety_gate]: command authorization updated: source=estop:/planning/state_machine/estop state=platform_status_stale=17.95s,route_safety_hold=lanelet_footprint_cost
[INFO] [1785779276.819272041] [control.cmd_vel_safety_gate]: command authorization updated: source=estop:/planning/state_machine/estop state=platform_status_stale=18.15s,route_safety_hold=lanelet_footprint_cost
[INFO] [1785779277.019183791] [control.cmd_vel_safety_gate]: command authorization updated: source=estop:/planning/state_machine/estop state=platform_status_stale=18.35s,route_safety_hold=lanelet_footprint_cost
[INFO] [1785779277.219418219] [control.cmd_vel_safety_gate]: command authorization updated: source=estop:/planning/state_machine/estop state=platform_status_stale=18.55s,route_safety_hold=lanelet_footprint_cost
[INFO] [1785779277.419222292] [control.cmd_vel_safety_gate]: command authorization updated: source=estop:/planning/state_machine/estop state=platform_status_stale=18.75s,route_safety_hold=lanelet_footprint_cost
[INFO] [1785779277.619305219] [control.cmd_vel_safety_gate]: command authorization updated: source=estop:/planning/state_machine/estop state=platform_status_stale=18.95s,route_safety_hold=lanelet_footprint_cost
[INFO] [1785779277.819243406] [control.cmd_vel_safety_gate]: command authorization updated: source=estop:/planning/state_machine/estop state=platform_status_stale=19.15s,route_safety_hold=lanelet_footprint_cost
[INFO] [1785779278.019367574] [control.cmd_vel_safety_gate]: command authorization updated: source=estop:/planning/state_machine/estop state=platform_status_stale=19.35s,route_safety_hold=lanelet_footprint_cost
[INFO] [1785779278.219439204] [control.cmd_vel_safety_gate]: command authorization updated: source=estop:/planning/state_machine/estop state=platform_status_stale=19.55s,route_safety_hold=lanelet_footprint_cost
[INFO] [1785779278.419312384] [control.cmd_vel_safety_gate]: command authorization updated: source=estop:/planning/state_machine/estop state=platform_status_stale=19.75s,route_safety_hold=lanelet_footprint_cost
[INFO] [1785779278.619302987] [control.cmd_vel_safety_gate]: command authorization updated: source=estop:/planning/state_machine/estop state=platform_status_stale=19.95s,route_safety_hold=lanelet_footprint_cost
[INFO] [1785779278.819233704] [control.cmd_vel_safety_gate]: command authorization updated: source=estop:/planning/state_machine/estop state=platform_status_stale=20.15s,route_safety_hold=lanelet_footprint_cost
[INFO] [1785779279.020276107] [control.cmd_vel_safety_gate]: command authorization updated: source=estop:/planning/state_machine/estop state=platform_status_stale=20.36s,route_safety_hold=lanelet_footprint_cost
[INFO] [1785779279.219244758] [control.cmd_vel_safety_gate]: command authorization updated: source=estop:/planning/state_machine/estop state=platform_status_stale=20.55s,route_safety_hold=lanelet_footprint_cost
[INFO] [1785779279.419367675] [control.cmd_vel_safety_gate]: command authorization updated: source=estop:/planning/state_machine/estop state=platform_status_stale=20.75s,route_safety_hold=lanelet_footprint_cost
[INFO] [1785779279.619280192] [control.cmd_vel_safety_gate]: command authorization updated: source=estop:/planning/state_machine/estop state=platform_status_stale=20.95s,route_safety_hold=lanelet_footprint_cost
[INFO] [1785779279.819566575] [control.cmd_vel_safety_gate]: command authorization updated: source=estop:/planning/state_machine/estop state=platform_status_stale=21.15s,route_safety_hold=lanelet_footprint_cost
[INFO] [1785779280.019363206] [control.cmd_vel_safety_gate]: command authorization updated: source=estop:/planning/state_machine/estop state=platform_status_stale=21.35s,route_safety_hold=lanelet_footprint_cost
[INFO] [1785779280.219320811] [control.cmd_vel_safety_gate]: command authorization updated: source=estop:/planning/state_machine/estop state=platform_status_stale=21.55s,route_safety_hold=lanelet_footprint_cost
[INFO] [1785779280.419332287] [control.cmd_vel_safety_gate]: command authorization updated: source=estop:/planning/state_machine/estop state=platform_status_stale=21.75s,route_safety_hold=lanelet_footprint_cost
[INFO] [1785779280.619459837] [control.cmd_vel_safety_gate]: command authorization updated: source=estop:/planning/state_machine/estop state=platform_status_stale=21.95s,route_safety_hold=lanelet_footprint_cost
[INFO] [1785779280.819306601] [control.cmd_vel_safety_gate]: command authorization updated: source=estop:/planning/state_machine/estop state=platform_status_stale=22.15s,route_safety_hold=lanelet_footprint_cost
[INFO] [1785779281.019741480] [control.cmd_vel_safety_gate]: command authorization updated: source=estop:/planning/state_machine/estop state=platform_status_stale=22.35s,route_safety_hold=lanelet_footprint_cost
[INFO] [1785779281.219448481] [control.cmd_vel_safety_gate]: command authorization updated: source=estop:/planning/state_machine/estop state=platform_status_stale=22.55s,route_safety_hold=lanelet_footprint_cost
[INFO] [1785779281.419522242] [control.cmd_vel_safety_gate]: command authorization updated: source=estop:/planning/state_machine/estop state=platform_status_stale=22.75s,route_safety_hold=lanelet_footprint_cost
[INFO] [1785779281.619389446] [control.cmd_vel_safety_gate]: command authorization updated: source=estop:/planning/state_machine/estop state=platform_status_stale=22.95s,route_safety_hold=lanelet_footprint_cost
[INFO] [1785779281.819193702] [control.cmd_vel_safety_gate]: command authorization updated: source=estop:/planning/state_machine/estop state=platform_status_stale=23.15s,route_safety_hold=lanelet_footprint_cost
[INFO] [1785779282.019458972] [control.cmd_vel_safety_gate]: command authorization updated: source=estop:/planning/state_machine/estop state=platform_status_stale=23.35s,route_safety_hold=lanelet_footprint_cost
[INFO] [1785779282.219180099] [control.cmd_vel_safety_gate]: command authorization updated: source=estop:/planning/state_machine/estop state=platform_status_stale=23.55s,route_safety_hold=lanelet_footprint_cost
[INFO] [1785779282.419400990] [control.cmd_vel_safety_gate]: command authorization updated: source=estop:/planning/state_machine/estop state=platform_status_stale=23.75s,route_safety_hold=lanelet_footprint_cost
[INFO] [1785779282.619514422] [control.cmd_vel_safety_gate]: command authorization updated: source=estop:/planning/state_machine/estop state=platform_status_stale=23.95s,route_safety_hold=lanelet_footprint_cost
[INFO] [1785779282.819226738] [control.cmd_vel_safety_gate]: command authorization updated: source=estop:/planning/state_machine/estop state=platform_status_stale=24.15s,route_safety_hold=lanelet_footprint_cost
[INFO] [1785779283.019262271] [control.cmd_vel_safety_gate]: command authorization updated: source=estop:/planning/state_machine/estop state=platform_status_stale=24.35s,route_safety_hold=lanelet_footprint_cost
[INFO] [1785779283.219579521] [control.cmd_vel_safety_gate]: command authorization updated: source=estop:/planning/state_machine/estop state=platform_status_stale=24.55s,route_safety_hold=lanelet_footprint_cost
[INFO] [1785779283.419282012] [control.cmd_vel_safety_gate]: command authorization updated: source=estop:/planning/state_machine/estop state=platform_status_stale=24.75s,route_safety_hold=lanelet_footprint_cost
[INFO] [1785779283.619878714] [control.cmd_vel_safety_gate]: command authorization updated: source=estop:/planning/state_machine/estop state=platform_status_stale=24.95s,route_safety_hold=lanelet_footprint_cost
[INFO] [1785779283.819282829] [control.cmd_vel_safety_gate]: command authorization updated: source=estop:/planning/state_machine/estop state=platform_status_stale=25.15s,route_safety_hold=lanelet_footprint_cost
[INFO] [1785779284.019517869] [control.cmd_vel_safety_gate]: command authorization updated: source=estop:/planning/state_machine/estop state=platform_status_stale=25.35s,route_safety_hold=lanelet_footprint_cost
[INFO] [1785779284.219431138] [control.cmd_vel_safety_gate]: command authorization updated: source=estop:/planning/state_machine/estop state=platform_status_stale=25.55s,route_safety_hold=lanelet_footprint_cost
[INFO] [1785779284.419325992] [control.cmd_vel_safety_gate]: command authorization updated: source=estop:/planning/state_machine/estop state=platform_status_stale=25.75s,route_safety_hold=lanelet_footprint_cost
[INFO] [1785779284.619386838] [control.cmd_vel_safety_gate]: command authorization updated: source=estop:/planning/state_machine/estop state=platform_status_stale=25.95s,route_safety_hold=lanelet_footprint_cost
[INFO] [1785779284.819219328] [control.cmd_vel_safety_gate]: command authorization updated: source=estop:/planning/state_machine/estop state=platform_status_stale=26.15s,route_safety_hold=lanelet_footprint_cost
[INFO] [1785779285.019463951] [control.cmd_vel_safety_gate]: command authorization updated: source=estop:/planning/state_machine/estop state=platform_status_stale=26.35s,route_safety_hold=lanelet_footprint_cost
[INFO] [1785779285.219532739] [control.cmd_vel_safety_gate]: command authorization updated: source=estop:/planning/state_machine/estop state=platform_status_stale=26.55s,route_safety_hold=lanelet_footprint_cost
[INFO] [1785779285.419645266] [control.cmd_vel_safety_gate]: command authorization updated: source=estop:/planning/state_machine/estop state=platform_status_stale=26.75s,route_safety_hold=lanelet_footprint_cost
[INFO] [1785779285.620332212] [control.cmd_vel_safety_gate]: command authorization updated: source=estop:/planning/state_machine/estop state=platform_status_stale=26.96s,route_safety_hold=lanelet_footprint_cost
[INFO] [1785779285.819266999] [control.cmd_vel_safety_gate]: command authorization updated: source=estop:/planning/state_machine/estop state=platform_status_stale=27.15s,route_safety_hold=lanelet_footprint_cost
[INFO] [1785779286.019307866] [control.cmd_vel_safety_gate]: command authorization updated: source=estop:/planning/state_machine/estop state=platform_status_stale=27.35s,route_safety_hold=lanelet_footprint_cost
[INFO] [1785779286.219418412] [control.cmd_vel_safety_gate]: command authorization updated: source=estop:/planning/state_machine/estop state=platform_status_stale=27.55s,route_safety_hold=lanelet_footprint_cost
[INFO] [1785779286.419380900] [control.cmd_vel_safety_gate]: command authorization updated: source=estop:/planning/state_machine/estop state=platform_status_stale=27.75s,route_safety_hold=lanelet_footprint_cost
[INFO] [1785779286.619426692] [control.cmd_vel_safety_gate]: command authorization updated: source=estop:/planning/state_machine/estop state=platform_status_stale=27.95s,route_safety_hold=lanelet_footprint_cost
[INFO] [1785779286.819201320] [control.cmd_vel_safety_gate]: command authorization updated: source=estop:/planning/state_machine/estop state=platform_status_stale=28.15s,route_safety_hold=lanelet_footprint_cost
[INFO] [1785779287.019474002] [control.cmd_vel_safety_gate]: command authorization updated: source=estop:/planning/state_machine/estop state=platform_status_stale=28.35s,route_safety_hold=lanelet_footprint_cost
[INFO] [1785779287.219247123] [control.cmd_vel_safety_gate]: command authorization updated: source=estop:/planning/state_machine/estop state=platform_status_stale=28.55s,route_safety_hold=lanelet_footprint_cost
[INFO] [1785779287.419294235] [control.cmd_vel_safety_gate]: command authorization updated: source=estop:/planning/state_machine/estop state=platform_status_stale=28.75s,route_safety_hold=lanelet_footprint_cost
[INFO] [1785779287.619253924] [control.cmd_vel_safety_gate]: command authorization updated: source=estop:/planning/state_machine/estop state=platform_status_stale=28.95s,route_safety_hold=lanelet_footprint_cost
[INFO] [1785779287.819226119] [control.cmd_vel_safety_gate]: command authorization updated: source=estop:/planning/state_machine/estop state=platform_status_stale=29.15s,route_safety_hold=lanelet_footprint_cost
[INFO] [1785779288.019370146] [control.cmd_vel_safety_gate]: command authorization updated: source=estop:/planning/state_machine/estop state=platform_status_stale=29.35s,route_safety_hold=lanelet_footprint_cost
[INFO] [1785779288.219601195] [control.cmd_vel_safety_gate]: command authorization updated: source=estop:/planning/state_machine/estop state=platform_status_stale=29.55s,route_safety_hold=lanelet_footprint_cost
[INFO] [1785779288.419692152] [control.cmd_vel_safety_gate]: command authorization updated: source=estop:/planning/state_machine/estop state=platform_status_stale=29.75s,route_safety_hold=lanelet_footprint_cost
[INFO] [1785779288.619338748] [control.cmd_vel_safety_gate]: command authorization updated: source=estop:/planning/state_machine/estop state=platform_status_stale=29.95s,route_safety_hold=lanelet_footprint_cost
[INFO] [1785779288.819205162] [control.cmd_vel_safety_gate]: command authorization updated: source=estop:/planning/state_machine/estop state=platform_status_stale=30.15s,route_safety_hold=lanelet_footprint_cost
[INFO] [1785779289.019451425] [control.cmd_vel_safety_gate]: command authorization updated: source=estop:/planning/state_machine/estop state=platform_status_stale=30.35s,route_safety_hold=lanelet_footprint_cost
[INFO] [1785779289.219317753] [control.cmd_vel_safety_gate]: command authorization updated: source=estop:/planning/state_machine/estop state=platform_status_stale=30.55s,route_safety_hold=lanelet_footprint_cost
[INFO] [1785779289.419394793] [control.cmd_vel_safety_gate]: command authorization updated: source=estop:/planning/state_machine/estop state=platform_status_stale=30.75s,route_safety_hold=lanelet_footprint_cost
[INFO] [1785779289.619288597] [control.cmd_vel_safety_gate]: command authorization updated: source=estop:/planning/state_machine/estop state=platform_status_stale=30.95s,route_safety_hold=lanelet_footprint_cost
[INFO] [1785779289.819262557] [control.cmd_vel_safety_gate]: command authorization updated: source=estop:/planning/state_machine/estop state=platform_status_stale=31.15s,route_safety_hold=lanelet_footprint_cost
[INFO] [1785779290.019462876] [control.cmd_vel_safety_gate]: command authorization updated: source=estop:/planning/state_machine/estop state=platform_status_stale=31.35s,route_safety_hold=lanelet_footprint_cost
[INFO] [1785779290.219368635] [control.cmd_vel_safety_gate]: command authorization updated: source=estop:/planning/state_machine/estop state=platform_status_stale=31.55s,route_safety_hold=lanelet_footprint_cost
[INFO] [1785779290.419303003] [control.cmd_vel_safety_gate]: command authorization updated: source=estop:/planning/state_machine/estop state=platform_status_stale=31.75s,route_safety_hold=lanelet_footprint_cost
[INFO] [1785779290.619270419] [control.cmd_vel_safety_gate]: command authorization updated: source=estop:/planning/state_machine/estop state=platform_status_stale=31.95s,route_safety_hold=lanelet_footprint_cost
[INFO] [1785779290.819328425] [control.cmd_vel_safety_gate]: command authorization updated: source=estop:/planning/state_machine/estop state=platform_status_stale=32.15s,route_safety_hold=lanelet_footprint_cost
[INFO] [1785779291.019241858] [control.cmd_vel_safety_gate]: command authorization updated: source=estop:/planning/state_machine/estop state=platform_status_stale=32.35s,route_safety_hold=lanelet_footprint_cost
[INFO] [1785779291.219210363] [control.cmd_vel_safety_gate]: command authorization updated: source=estop:/planning/state_machine/estop state=platform_status_stale=32.55s,route_safety_hold=lanelet_footprint_cost
[INFO] [1785779291.419286900] [control.cmd_vel_safety_gate]: command authorization updated: source=estop:/planning/state_machine/estop state=platform_status_stale=32.75s,route_safety_hold=lanelet_footprint_cost
[INFO] [1785779291.619234407] [control.cmd_vel_safety_gate]: command authorization updated: source=estop:/planning/state_machine/estop state=platform_status_stale=32.95s,route_safety_hold=lanelet_footprint_cost
[INFO] [1785779291.819237755] [control.cmd_vel_safety_gate]: command authorization updated: source=estop:/planning/state_machine/estop state=platform_status_stale=33.15s,route_safety_hold=lanelet_footprint_cost
[INFO] [1785779292.019580640] [control.cmd_vel_safety_gate]: command authorization updated: source=estop:/planning/state_machine/estop state=platform_status_stale=33.35s,route_safety_hold=lanelet_footprint_cost
[INFO] [1785779292.219323066] [control.cmd_vel_safety_gate]: command authorization updated: source=estop:/planning/state_machine/estop state=platform_status_stale=33.55s,route_safety_hold=lanelet_footprint_cost
[INFO] [1785779292.419597378] [control.cmd_vel_safety_gate]: command authorization updated: source=estop:/planning/state_machine/estop state=platform_status_stale=33.75s,route_safety_hold=lanelet_footprint_cost
[INFO] [1785779292.619275384] [control.cmd_vel_safety_gate]: command authorization updated: source=estop:/planning/state_machine/estop state=platform_status_stale=33.95s,route_safety_hold=lanelet_footprint_cost
[INFO] [1785779292.819389500] [control.cmd_vel_safety_gate]: command authorization updated: source=estop:/planning/state_machine/estop state=platform_status_stale=34.15s,route_safety_hold=lanelet_footprint_cost
[INFO] [1785779293.019385836] [control.cmd_vel_safety_gate]: command authorization updated: source=estop:/planning/state_machine/estop state=platform_status_stale=34.35s,route_safety_hold=lanelet_footprint_cost
[INFO] [1785779293.219447239] [control.cmd_vel_safety_gate]: command authorization updated: source=estop:/planning/state_machine/estop state=platform_status_stale=34.55s,route_safety_hold=lanelet_footprint_cost
[INFO] [1785779293.419328102] [control.cmd_vel_safety_gate]: command authorization updated: source=estop:/planning/state_machine/estop state=platform_status_stale=34.75s,route_safety_hold=lanelet_footprint_cost
[INFO] [1785779293.619456437] [control.cmd_vel_safety_gate]: command authorization updated: source=estop:/planning/state_machine/estop state=platform_status_stale=34.95s,route_safety_hold=lanelet_footprint_cost
[INFO] [1785779293.819144517] [control.cmd_vel_safety_gate]: command authorization updated: source=estop:/planning/state_machine/estop state=platform_status_stale=35.15s,route_safety_hold=lanelet_footprint_cost
[INFO] [1785779294.019221361] [control.cmd_vel_safety_gate]: command authorization updated: source=estop:/planning/state_machine/estop state=platform_status_stale=35.35s,route_safety_hold=lanelet_footprint_cost
[INFO] [1785779294.219374528] [control.cmd_vel_safety_gate]: command authorization updated: source=estop:/planning/state_machine/estop state=platform_status_stale=35.55s,route_safety_hold=lanelet_footprint_cost
[INFO] [1785779294.419328617] [control.cmd_vel_safety_gate]: command authorization updated: source=estop:/planning/state_machine/estop state=platform_status_stale=35.75s,route_safety_hold=lanelet_footprint_cost
[INFO] [1785779294.619451075] [control.cmd_vel_safety_gate]: command authorization updated: source=estop:/planning/state_machine/estop state=platform_status_stale=35.95s,route_safety_hold=lanelet_footprint_cost
[INFO] [1785779294.819208361] [control.cmd_vel_safety_gate]: command authorization updated: source=estop:/planning/state_machine/estop state=platform_status_stale=36.15s,route_safety_hold=lanelet_footprint_cost
[INFO] [1785779295.019430604] [control.cmd_vel_safety_gate]: command authorization updated: source=estop:/planning/state_machine/estop state=platform_status_stale=36.35s,route_safety_hold=lanelet_footprint_cost
[INFO] [1785779295.219554697] [control.cmd_vel_safety_gate]: command authorization updated: source=estop:/planning/state_machine/estop state=platform_status_stale=36.55s,route_safety_hold=lanelet_footprint_cost
[INFO] [1785779295.419355302] [control.cmd_vel_safety_gate]: command authorization updated: source=estop:/planning/state_machine/estop state=platform_status_stale=36.75s,route_safety_hold=lanelet_footprint_cost
[INFO] [1785779295.619364545] [control.cmd_vel_safety_gate]: command authorization updated: source=estop:/planning/state_machine/estop state=platform_status_stale=36.95s,route_safety_hold=lanelet_footprint_cost
[INFO] [1785779295.819430671] [control.cmd_vel_safety_gate]: command authorization updated: source=estop:/planning/state_machine/estop state=platform_status_stale=37.15s,route_safety_hold=lanelet_footprint_cost
[INFO] [1785779296.019272447] [control.cmd_vel_safety_gate]: command authorization updated: source=estop:/planning/state_machine/estop state=platform_status_stale=37.35s,route_safety_hold=lanelet_footprint_cost
[INFO] [1785779296.219339357] [control.cmd_vel_safety_gate]: command authorization updated: source=estop:/planning/state_machine/estop state=platform_status_stale=37.55s,route_safety_hold=lanelet_footprint_cost
[INFO] [1785779296.419348674] [control.cmd_vel_safety_gate]: command authorization updated: source=estop:/planning/state_machine/estop state=platform_status_stale=37.75s,route_safety_hold=lanelet_footprint_cost
[INFO] [1785779296.619264192] [control.cmd_vel_safety_gate]: command authorization updated: source=estop:/planning/state_machine/estop state=platform_status_stale=37.95s,route_safety_hold=lanelet_footprint_cost
[INFO] [1785779296.819191750] [control.cmd_vel_safety_gate]: command authorization updated: source=estop:/planning/state_machine/estop state=platform_status_stale=38.15s,route_safety_hold=lanelet_footprint_cost
[INFO] [1785779297.019268013] [control.cmd_vel_safety_gate]: command authorization updated: source=estop:/planning/state_machine/estop state=platform_status_stale=38.35s,route_safety_hold=lanelet_footprint_cost
[INFO] [1785779297.219270126] [control.cmd_vel_safety_gate]: command authorization updated: source=estop:/planning/state_machine/estop state=platform_status_stale=38.55s,route_safety_hold=lanelet_footprint_cost
[INFO] [1785779297.419308999] [control.cmd_vel_safety_gate]: command authorization updated: source=estop:/planning/state_machine/estop state=platform_status_stale=38.75s,route_safety_hold=lanelet_footprint_cost
[INFO] [1785779297.619342038] [control.cmd_vel_safety_gate]: command authorization updated: source=estop:/planning/state_machine/estop state=platform_status_stale=38.95s,route_safety_hold=lanelet_footprint_cost
[INFO] [1785779297.819253573] [control.cmd_vel_safety_gate]: command authorization updated: source=estop:/planning/state_machine/estop state=platform_status_stale=39.15s,route_safety_hold=lanelet_footprint_cost
[INFO] [1785779298.020370660] [control.cmd_vel_safety_gate]: command authorization updated: source=estop:/planning/state_machine/estop state=platform_status_stale=39.36s,route_safety_hold=lanelet_footprint_cost
[INFO] [1785779298.219277640] [control.cmd_vel_safety_gate]: command authorization updated: source=estop:/planning/state_machine/estop state=platform_status_stale=39.55s,route_safety_hold=lanelet_footprint_cost
[INFO] [1785779298.419282422] [control.cmd_vel_safety_gate]: command authorization updated: source=estop:/planning/state_machine/estop state=platform_status_stale=39.75s,route_safety_hold=lanelet_footprint_cost
[INFO] [1785779298.619223451] [control.cmd_vel_safety_gate]: command authorization updated: source=estop:/planning/state_machine/estop state=platform_status_stale=39.95s,route_safety_hold=lanelet_footprint_cost
[INFO] [1785779298.819173351] [control.cmd_vel_safety_gate]: command authorization updated: source=estop:/planning/state_machine/estop state=platform_status_stale=40.15s,route_safety_hold=lanelet_footprint_cost
[INFO] [1785779299.019336634] [control.cmd_vel_safety_gate]: command authorization updated: source=estop:/planning/state_machine/estop state=platform_status_stale=40.35s,route_safety_hold=lanelet_footprint_cost
[INFO] [1785779299.219285492] [control.cmd_vel_safety_gate]: command authorization updated: source=estop:/planning/state_machine/estop state=platform_status_stale=40.55s,route_safety_hold=lanelet_footprint_cost
[INFO] [1785779299.419432294] [control.cmd_vel_safety_gate]: command authorization updated: source=estop:/planning/state_machine/estop state=platform_status_stale=40.75s,route_safety_hold=lanelet_footprint_cost
[INFO] [1785779299.619261041] [control.cmd_vel_safety_gate]: command authorization updated: source=estop:/planning/state_machine/estop state=platform_status_stale=40.95s,route_safety_hold=lanelet_footprint_cost
[INFO] [1785779299.819345411] [control.cmd_vel_safety_gate]: command authorization updated: source=estop:/planning/state_machine/estop state=platform_status_stale=41.15s,route_safety_hold=lanelet_footprint_cost
[INFO] [1785779300.019308153] [control.cmd_vel_safety_gate]: command authorization updated: source=estop:/planning/state_machine/estop state=platform_status_stale=41.35s,route_safety_hold=lanelet_footprint_cost
[INFO] [1785779300.219497028] [control.cmd_vel_safety_gate]: command authorization updated: source=estop:/planning/state_machine/estop state=platform_status_stale=41.55s,route_safety_hold=lanelet_footprint_cost
[INFO] [1785779300.419329462] [control.cmd_vel_safety_gate]: command authorization updated: source=estop:/planning/state_machine/estop state=platform_status_stale=41.75s,route_safety_hold=lanelet_footprint_cost
[INFO] [1785779300.619327187] [control.cmd_vel_safety_gate]: command authorization updated: source=estop:/planning/state_machine/estop state=platform_status_stale=41.95s,route_safety_hold=lanelet_footprint_cost
[INFO] [1785779300.819399834] [control.cmd_vel_safety_gate]: command authorization updated: source=estop:/planning/state_machine/estop state=platform_status_stale=42.15s,route_safety_hold=lanelet_footprint_cost
[INFO] [1785779301.020106092] [control.cmd_vel_safety_gate]: command authorization updated: source=estop:/planning/state_machine/estop state=platform_status_stale=42.36s,route_safety_hold=lanelet_footprint_cost
[INFO] [1785779301.219209596] [control.cmd_vel_safety_gate]: command authorization updated: source=estop:/planning/state_machine/estop state=platform_status_stale=42.55s,route_safety_hold=lanelet_footprint_cost
[INFO] [1785779301.419302471] [control.cmd_vel_safety_gate]: command authorization updated: source=estop:/planning/state_machine/estop state=platform_status_stale=42.75s,route_safety_hold=lanelet_footprint_cost
[INFO] [1785779301.619196639] [control.cmd_vel_safety_gate]: command authorization updated: source=estop:/planning/state_machine/estop state=platform_status_stale=42.95s,route_safety_hold=lanelet_footprint_cost
[INFO] [1785779301.819260343] [control.cmd_vel_safety_gate]: command authorization updated: source=estop:/planning/state_machine/estop state=platform_status_stale=43.15s,route_safety_hold=lanelet_footprint_cost
[INFO] [1785779302.019284805] [control.cmd_vel_safety_gate]: command authorization updated: source=estop:/planning/state_machine/estop state=platform_status_stale=43.35s,route_safety_hold=lanelet_footprint_cost
[INFO] [1785779302.219294383] [control.cmd_vel_safety_gate]: command authorization updated: source=estop:/planning/state_machine/estop state=platform_status_stale=43.55s,route_safety_hold=lanelet_footprint_cost
[INFO] [1785779302.419286695] [control.cmd_vel_safety_gate]: command authorization updated: source=estop:/planning/state_machine/estop state=platform_status_stale=43.75s,route_safety_hold=lanelet_footprint_cost
[INFO] [1785779302.619350987] [control.cmd_vel_safety_gate]: command authorization updated: source=estop:/planning/state_machine/estop state=platform_status_stale=43.95s,route_safety_hold=lanelet_footprint_cost
[INFO] [1785779302.819309947] [control.cmd_vel_safety_gate]: command authorization updated: source=estop:/planning/state_machine/estop state=platform_status_stale=44.15s,route_safety_hold=lanelet_footprint_cost
[INFO] [1785779303.019491621] [control.cmd_vel_safety_gate]: command authorization updated: source=estop:/planning/state_machine/estop state=platform_status_stale=44.35s,route_safety_hold=lanelet_footprint_cost
[INFO] [1785779303.219307968] [control.cmd_vel_safety_gate]: command authorization updated: source=estop:/planning/state_machine/estop state=platform_status_stale=44.55s,route_safety_hold=lanelet_footprint_cost
[INFO] [1785779303.419263137] [control.cmd_vel_safety_gate]: command authorization updated: source=estop:/planning/state_machine/estop state=platform_status_stale=44.75s,route_safety_hold=lanelet_footprint_cost
[INFO] [1785779303.619521177] [control.cmd_vel_safety_gate]: command authorization updated: source=estop:/planning/state_machine/estop state=platform_status_stale=44.95s,route_safety_hold=lanelet_footprint_cost
[INFO] [1785779303.819159032] [control.cmd_vel_safety_gate]: command authorization updated: source=estop:/planning/state_machine/estop state=platform_status_stale=45.15s,route_safety_hold=lanelet_footprint_cost
[INFO] [1785779304.019298818] [control.cmd_vel_safety_gate]: command authorization updated: source=estop:/planning/state_machine/estop state=platform_status_stale=45.35s,route_safety_hold=lanelet_footprint_cost
[INFO] [1785779304.219512773] [control.cmd_vel_safety_gate]: command authorization updated: source=estop:/planning/state_machine/estop state=platform_status_stale=45.55s,route_safety_hold=lanelet_footprint_cost
[INFO] [1785779304.419316548] [control.cmd_vel_safety_gate]: command authorization updated: source=estop:/planning/state_machine/estop state=platform_status_stale=45.75s,route_safety_hold=lanelet_footprint_cost
[INFO] [1785779304.619291722] [control.cmd_vel_safety_gate]: command authorization updated: source=estop:/planning/state_machine/estop state=platform_status_stale=45.95s,route_safety_hold=lanelet_footprint_cost
[INFO] [1785779304.819179763] [control.cmd_vel_safety_gate]: command authorization updated: source=estop:/planning/state_machine/estop state=platform_status_stale=46.15s,route_safety_hold=lanelet_footprint_cost
[INFO] [1785779305.019312831] [control.cmd_vel_safety_gate]: command authorization updated: source=estop:/planning/state_machine/estop state=platform_status_stale=46.35s,route_safety_hold=lanelet_footprint_cost
[INFO] [1785779305.219602275] [control.cmd_vel_safety_gate]: command authorization updated: source=estop:/planning/state_machine/estop state=platform_status_stale=46.55s,route_safety_hold=lanelet_footprint_cost
[INFO] [1785779305.419607566] [control.cmd_vel_safety_gate]: command authorization updated: source=estop:/planning/state_machine/estop state=platform_status_stale=46.75s,route_safety_hold=lanelet_footprint_cost
[INFO] [1785779305.619315177] [control.cmd_vel_safety_gate]: command authorization updated: source=estop:/planning/state_machine/estop state=platform_status_stale=46.95s,route_safety_hold=lanelet_footprint_cost
[INFO] [1785779305.819251764] [control.cmd_vel_safety_gate]: command authorization updated: source=estop:/planning/state_machine/estop state=platform_status_stale=47.15s,route_safety_hold=lanelet_footprint_cost
[INFO] [1785779306.019295793] [control.cmd_vel_safety_gate]: command authorization updated: source=estop:/planning/state_machine/estop state=platform_status_stale=47.35s,route_safety_hold=lanelet_footprint_cost
[INFO] [1785779306.219294711] [control.cmd_vel_safety_gate]: command authorization updated: source=estop:/planning/state_machine/estop state=platform_status_stale=47.55s,route_safety_hold=lanelet_footprint_cost
[INFO] [1785779306.419265718] [control.cmd_vel_safety_gate]: command authorization updated: source=estop:/planning/state_machine/estop state=platform_status_stale=47.75s,route_safety_hold=lanelet_footprint_cost
[INFO] [1785779306.619237490] [control.cmd_vel_safety_gate]: command authorization updated: source=estop:/planning/state_machine/estop state=platform_status_stale=47.95s,route_safety_hold=lanelet_footprint_cost
[INFO] [1785779306.819281876] [control.cmd_vel_safety_gate]: command authorization updated: source=estop:/planning/state_machine/estop state=platform_status_stale=48.15s,route_safety_hold=lanelet_footprint_cost
[INFO] [1785779307.019500424] [control.cmd_vel_safety_gate]: command authorization updated: source=estop:/planning/state_machine/estop state=platform_status_stale=48.35s,route_safety_hold=lanelet_footprint_cost
[INFO] [1785779307.219319832] [control.cmd_vel_safety_gate]: command authorization updated: source=estop:/planning/state_machine/estop state=platform_status_stale=48.55s,route_safety_hold=lanelet_footprint_cost
[INFO] [1785779307.419279311] [control.cmd_vel_safety_gate]: command authorization updated: source=estop:/planning/state_machine/estop state=platform_status_stale=48.75s,route_safety_hold=lanelet_footprint_cost
[INFO] [1785779307.619305560] [control.cmd_vel_safety_gate]: command authorization updated: source=estop:/planning/state_machine/estop state=platform_status_stale=48.95s,route_safety_hold=lanelet_footprint_cost
[INFO] [1785779307.819468949] [control.cmd_vel_safety_gate]: command authorization updated: source=estop:/planning/state_machine/estop state=platform_status_stale=49.15s,route_safety_hold=lanelet_footprint_cost
[INFO] [1785779308.019423965] [control.cmd_vel_safety_gate]: command authorization updated: source=estop:/planning/state_machine/estop state=platform_status_stale=49.35s,route_safety_hold=lanelet_footprint_cost
[INFO] [1785779308.219184731] [control.cmd_vel_safety_gate]: command authorization updated: source=estop:/planning/state_machine/estop state=platform_status_stale=49.55s,route_safety_hold=lanelet_footprint_cost
[INFO] [1785779308.419310951] [control.cmd_vel_safety_gate]: command authorization updated: source=estop:/planning/state_machine/estop state=platform_status_stale=49.75s,route_safety_hold=lanelet_footprint_cost
[INFO] [1785779308.619314405] [control.cmd_vel_safety_gate]: command authorization updated: source=estop:/planning/state_machine/estop state=platform_status_stale=49.95s,route_safety_hold=lanelet_footprint_cost
[INFO] [1785779308.819417991] [control.cmd_vel_safety_gate]: command authorization updated: source=estop:/planning/state_machine/estop state=platform_status_stale=50.15s,route_safety_hold=lanelet_footprint_cost
[INFO] [1785779309.019498242] [control.cmd_vel_safety_gate]: command authorization updated: source=estop:/planning/state_machine/estop state=platform_status_stale=50.35s,route_safety_hold=lanelet_footprint_cost
[INFO] [1785779309.219400997] [control.cmd_vel_safety_gate]: command authorization updated: source=estop:/planning/state_machine/estop state=platform_status_stale=50.55s,route_safety_hold=lanelet_footprint_cost
[INFO] [1785779309.419483992] [control.cmd_vel_safety_gate]: command authorization updated: source=estop:/planning/state_machine/estop state=platform_status_stale=50.75s,route_safety_hold=lanelet_footprint_cost
[INFO] [1785779309.619285774] [control.cmd_vel_safety_gate]: command authorization updated: source=estop:/planning/state_machine/estop state=platform_status_stale=50.95s,route_safety_hold=lanelet_footprint_cost
[INFO] [1785779309.819190585] [control.cmd_vel_safety_gate]: command authorization updated: source=estop:/planning/state_machine/estop state=platform_status_stale=51.15s,route_safety_hold=lanelet_footprint_cost
[INFO] [1785779310.019398006] [control.cmd_vel_safety_gate]: command authorization updated: source=estop:/planning/state_machine/estop state=platform_status_stale=51.35s,route_safety_hold=lanelet_footprint_cost
[INFO] [1785779310.219403652] [control.cmd_vel_safety_gate]: command authorization updated: source=estop:/planning/state_machine/estop state=platform_status_stale=51.55s,route_safety_hold=lanelet_footprint_cost
[INFO] [1785779310.419192936] [control.cmd_vel_safety_gate]: command authorization updated: source=estop:/planning/state_machine/estop state=platform_status_stale=51.75s,route_safety_hold=lanelet_footprint_cost
[INFO] [1785779310.619399039] [control.cmd_vel_safety_gate]: command authorization updated: source=estop:/planning/state_machine/estop state=platform_status_stale=51.95s,route_safety_hold=lanelet_footprint_cost
[INFO] [1785779310.819181727] [control.cmd_vel_safety_gate]: command authorization updated: source=estop:/planning/state_machine/estop state=platform_status_stale=52.15s,route_safety_hold=lanelet_footprint_cost
[INFO] [1785779311.019336314] [control.cmd_vel_safety_gate]: command authorization updated: source=estop:/planning/state_machine/estop state=platform_status_stale=52.35s,route_safety_hold=lanelet_footprint_cost
[INFO] [1785779311.219914274] [control.cmd_vel_safety_gate]: command authorization updated: source=estop:/planning/state_machine/estop state=platform_status_stale=52.55s,route_safety_hold=lanelet_footprint_cost
[INFO] [1785779311.419173896] [control.cmd_vel_safety_gate]: command authorization updated: source=estop:/planning/state_machine/estop state=platform_status_stale=52.75s,route_safety_hold=lanelet_footprint_cost
[INFO] [1785779311.619489789] [control.cmd_vel_safety_gate]: command authorization updated: source=estop:/planning/state_machine/estop state=platform_status_stale=52.95s,route_safety_hold=lanelet_footprint_cost
[INFO] [1785779311.819191414] [control.cmd_vel_safety_gate]: command authorization updated: source=estop:/planning/state_machine/estop state=platform_status_stale=53.15s,route_safety_hold=lanelet_footprint_cost
[INFO] [1785779312.019260175] [control.cmd_vel_safety_gate]: command authorization updated: source=estop:/planning/state_machine/estop state=platform_status_stale=53.35s,route_safety_hold=lanelet_footprint_cost
[INFO] [1785779312.219486604] [control.cmd_vel_safety_gate]: command authorization updated: source=estop:/planning/state_machine/estop state=platform_status_stale=53.55s,route_safety_hold=lanelet_footprint_cost
[INFO] [1785779312.419279044] [control.cmd_vel_safety_gate]: command authorization updated: source=estop:/planning/state_machine/estop state=platform_status_stale=53.75s,route_safety_hold=lanelet_footprint_cost
[INFO] [1785779312.619330347] [control.cmd_vel_safety_gate]: command authorization updated: source=estop:/planning/state_machine/estop state=platform_status_stale=53.95s,route_safety_hold=lanelet_footprint_cost
[INFO] [1785779312.819235050] [control.cmd_vel_safety_gate]: command authorization updated: source=estop:/planning/state_machine/estop state=platform_status_stale=54.15s,route_safety_hold=lanelet_footprint_cost
[INFO] [1785779313.019576651] [control.cmd_vel_safety_gate]: command authorization updated: source=estop:/planning/state_machine/estop state=platform_status_stale=54.35s,route_safety_hold=lanelet_footprint_cost
[INFO] [1785779313.219302577] [control.cmd_vel_safety_gate]: command authorization updated: source=estop:/planning/state_machine/estop state=platform_status_stale=54.55s,route_safety_hold=lanelet_footprint_cost
[INFO] [1785779313.419373246] [control.cmd_vel_safety_gate]: command authorization updated: source=estop:/planning/state_machine/estop state=platform_status_stale=54.75s,route_safety_hold=lanelet_footprint_cost
[INFO] [1785779313.619398216] [control.cmd_vel_safety_gate]: command authorization updated: source=estop:/planning/state_machine/estop state=platform_status_stale=54.95s,route_safety_hold=lanelet_footprint_cost
[INFO] [1785779313.819207363] [control.cmd_vel_safety_gate]: command authorization updated: source=estop:/planning/state_machine/estop state=platform_status_stale=55.15s,route_safety_hold=lanelet_footprint_cost
[INFO] [1785779314.019372190] [control.cmd_vel_safety_gate]: command authorization updated: source=estop:/planning/state_machine/estop state=platform_status_stale=55.35s,route_safety_hold=lanelet_footprint_cost
[INFO] [1785779314.219644576] [control.cmd_vel_safety_gate]: command authorization updated: source=estop:/planning/state_machine/estop state=platform_status_stale=55.55s,route_safety_hold=lanelet_footprint_cost
[INFO] [1785779314.419413225] [control.cmd_vel_safety_gate]: command authorization updated: source=estop:/planning/state_machine/estop state=platform_status_stale=55.75s,route_safety_hold=lanelet_footprint_cost
[INFO] [1785779314.619467180] [control.cmd_vel_safety_gate]: command authorization updated: source=estop:/planning/state_machine/estop state=platform_status_stale=55.95s,route_safety_hold=lanelet_footprint_cost
[INFO] [1785779314.819190486] [control.cmd_vel_safety_gate]: command authorization updated: source=estop:/planning/state_machine/estop state=platform_status_stale=56.15s,route_safety_hold=lanelet_footprint_cost
[INFO] [1785779315.019472346] [control.cmd_vel_safety_gate]: command authorization updated: source=estop:/planning/state_machine/estop state=platform_status_stale=56.35s,route_safety_hold=lanelet_footprint_cost
[INFO] [1785779315.219156868] [control.cmd_vel_safety_gate]: command authorization updated: source=estop:/planning/state_machine/estop state=platform_status_stale=56.55s,route_safety_hold=lanelet_footprint_cost
[INFO] [1785779315.419376849] [control.cmd_vel_safety_gate]: command authorization updated: source=estop:/planning/state_machine/estop state=platform_status_stale=56.75s,route_safety_hold=lanelet_footprint_cost
[INFO] [1785779315.619263555] [control.cmd_vel_safety_gate]: command authorization updated: source=estop:/planning/state_machine/estop state=platform_status_stale=56.95s,route_safety_hold=lanelet_footprint_cost
[INFO] [1785779315.819336345] [control.cmd_vel_safety_gate]: command authorization updated: source=estop:/planning/state_machine/estop state=platform_status_stale=57.15s,route_safety_hold=lanelet_footprint_cost
[INFO] [1785779316.019486922] [control.cmd_vel_safety_gate]: command authorization updated: source=estop:/planning/state_machine/estop state=platform_status_stale=57.35s,route_safety_hold=lanelet_footprint_cost
[INFO] [1785779316.219289306] [control.cmd_vel_safety_gate]: command authorization updated: source=estop:/planning/state_machine/estop state=platform_status_stale=57.55s,route_safety_hold=lanelet_footprint_cost
[INFO] [1785779316.419204851] [control.cmd_vel_safety_gate]: command authorization updated: source=estop:/planning/state_machine/estop state=platform_status_stale=57.75s,route_safety_hold=lanelet_footprint_cost
[INFO] [1785779316.619332815] [control.cmd_vel_safety_gate]: command authorization updated: source=estop:/planning/state_machine/estop state=platform_status_stale=57.95s,route_safety_hold=lanelet_footprint_cost
[INFO] [1785779316.819222098] [control.cmd_vel_safety_gate]: command authorization updated: source=estop:/planning/state_machine/estop state=platform_status_stale=58.15s,route_safety_hold=lanelet_footprint_cost
[INFO] [1785779317.019324695] [control.cmd_vel_safety_gate]: command authorization updated: source=estop:/planning/state_machine/estop state=platform_status_stale=58.35s,route_safety_hold=lanelet_footprint_cost
[INFO] [1785779317.219278430] [control.cmd_vel_safety_gate]: command authorization updated: source=estop:/planning/state_machine/estop state=platform_status_stale=58.55s,route_safety_hold=lanelet_footprint_cost
[INFO] [1785779317.419240078] [control.cmd_vel_safety_gate]: command authorization updated: source=estop:/planning/state_machine/estop state=platform_status_stale=58.75s,route_safety_hold=lanelet_footprint_cost
[INFO] [1785779317.619403680] [control.cmd_vel_safety_gate]: command authorization updated: source=estop:/planning/state_machine/estop state=platform_status_stale=58.95s,route_safety_hold=lanelet_footprint_cost
[INFO] [1785779317.819388143] [control.cmd_vel_safety_gate]: command authorization updated: source=estop:/planning/state_machine/estop state=platform_status_stale=59.15s,route_safety_hold=lanelet_footprint_cost
[INFO] [1785779318.019433552] [control.cmd_vel_safety_gate]: command authorization updated: source=estop:/planning/state_machine/estop state=platform_status_stale=59.35s,route_safety_hold=lanelet_footprint_cost
[INFO] [1785779318.219241183] [control.cmd_vel_safety_gate]: command authorization updated: source=estop:/planning/state_machine/estop state=platform_status_stale=59.55s,route_safety_hold=lanelet_footprint_cost
[INFO] [1785779318.419337734] [control.cmd_vel_safety_gate]: command authorization updated: source=estop:/planning/state_machine/estop state=platform_status_stale=59.75s,route_safety_hold=lanelet_footprint_cost
[INFO] [1785779318.619247208] [control.cmd_vel_safety_gate]: command authorization updated: source=estop:/planning/state_machine/estop state=platform_status_stale=59.95s,route_safety_hold=lanelet_footprint_cost
[INFO] [1785779318.819211318] [control.cmd_vel_safety_gate]: command authorization updated: source=estop:/planning/state_machine/estop state=platform_status_stale=60.15s,route_safety_hold=lanelet_footprint_cost
[INFO] [1785779319.019436561] [control.cmd_vel_safety_gate]: command authorization updated: source=estop:/planning/state_machine/estop state=platform_status_stale=60.35s,route_safety_hold=lanelet_footprint_cost
[INFO] [1785779319.219375344] [control.cmd_vel_safety_gate]: command authorization updated: source=estop:/planning/state_machine/estop state=platform_status_stale=60.55s,route_safety_hold=lanelet_footprint_cost
[INFO] [1785779319.419276809] [control.cmd_vel_safety_gate]: command authorization updated: source=estop:/planning/state_machine/estop state=platform_status_stale=60.75s,route_safety_hold=lanelet_footprint_cost
[INFO] [1785779319.619203675] [control.cmd_vel_safety_gate]: command authorization updated: source=estop:/planning/state_machine/estop state=platform_status_stale=60.95s,route_safety_hold=lanelet_footprint_cost
[INFO] [1785779319.819218905] [control.cmd_vel_safety_gate]: command authorization updated: source=estop:/planning/state_machine/estop state=platform_status_stale=61.15s,route_safety_hold=lanelet_footprint_cost
[INFO] [1785779320.020132174] [control.cmd_vel_safety_gate]: command authorization updated: source=estop:/planning/state_machine/estop state=platform_status_stale=61.36s,route_safety_hold=lanelet_footprint_cost
[INFO] [1785779320.219395206] [control.cmd_vel_safety_gate]: command authorization updated: source=estop:/planning/state_machine/estop state=platform_status_stale=61.55s,route_safety_hold=lanelet_footprint_cost
[INFO] [1785779320.421386741] [control.cmd_vel_safety_gate]: command authorization updated: source=estop:/planning/state_machine/estop state=platform_status_stale=61.76s,route_safety_hold=lanelet_footprint_cost
[INFO] [1785779320.619371476] [control.cmd_vel_safety_gate]: command authorization updated: source=estop:/planning/state_machine/estop state=platform_status_stale=61.95s,route_safety_hold=lanelet_footprint_cost
[INFO] [1785779320.819200408] [control.cmd_vel_safety_gate]: command authorization updated: source=estop:/planning/state_machine/estop state=platform_status_stale=62.15s,route_safety_hold=lanelet_footprint_cost
[INFO] [1785779321.019260770] [control.cmd_vel_safety_gate]: command authorization updated: source=estop:/planning/state_machine/estop state=platform_status_stale=62.35s,route_safety_hold=lanelet_footprint_cost
[INFO] [1785779321.219252880] [control.cmd_vel_safety_gate]: command authorization updated: source=estop:/planning/state_machine/estop state=platform_status_stale=62.55s,route_safety_hold=lanelet_footprint_cost
[INFO] [1785779321.419313620] [control.cmd_vel_safety_gate]: command authorization updated: source=estop:/planning/state_machine/estop state=platform_status_stale=62.75s,route_safety_hold=lanelet_footprint_cost
[INFO] [1785779321.619315210] [control.cmd_vel_safety_gate]: command authorization updated: source=estop:/planning/state_machine/estop state=platform_status_stale=62.95s,route_safety_hold=lanelet_footprint_cost
[INFO] [1785779321.819582973] [control.cmd_vel_safety_gate]: command authorization updated: source=estop:/planning/state_machine/estop state=platform_status_stale=63.15s,route_safety_hold=lanelet_footprint_cost
[INFO] [1785779322.019483789] [control.cmd_vel_safety_gate]: command authorization updated: source=estop:/planning/state_machine/estop state=platform_status_stale=63.35s,route_safety_hold=lanelet_footprint_cost
[INFO] [1785779322.219465246] [control.cmd_vel_safety_gate]: command authorization updated: source=estop:/planning/state_machine/estop state=platform_status_stale=63.55s,route_safety_hold=lanelet_footprint_cost
[INFO] [1785779322.419540234] [control.cmd_vel_safety_gate]: command authorization updated: source=estop:/planning/state_machine/estop state=platform_status_stale=63.75s,route_safety_hold=lanelet_footprint_cost
[INFO] [1785779322.619360989] [control.cmd_vel_safety_gate]: command authorization updated: source=estop:/planning/state_machine/estop state=platform_status_stale=63.95s,route_safety_hold=lanelet_footprint_cost
[INFO] [1785779322.819265317] [control.cmd_vel_safety_gate]: command authorization updated: source=estop:/planning/state_machine/estop state=platform_status_stale=64.15s,route_safety_hold=lanelet_footprint_cost
[INFO] [1785779323.019409010] [control.cmd_vel_safety_gate]: command authorization updated: source=estop:/planning/state_machine/estop state=platform_status_stale=64.35s,route_safety_hold=lanelet_footprint_cost
[INFO] [1785779323.219244591] [control.cmd_vel_safety_gate]: command authorization updated: source=estop:/planning/state_machine/estop state=platform_status_stale=64.55s,route_safety_hold=lanelet_footprint_cost
[INFO] [1785779323.419246816] [control.cmd_vel_safety_gate]: command authorization updated: source=estop:/planning/state_machine/estop state=platform_status_stale=64.75s,route_safety_hold=lanelet_footprint_cost
[INFO] [1785779323.619267361] [control.cmd_vel_safety_gate]: command authorization updated: source=estop:/planning/state_machine/estop state=platform_status_stale=64.95s,route_safety_hold=lanelet_footprint_cost
[INFO] [1785779323.819192446] [control.cmd_vel_safety_gate]: command authorization updated: source=estop:/planning/state_machine/estop state=platform_status_stale=65.15s,route_safety_hold=lanelet_footprint_cost
[INFO] [1785779324.019349618] [control.cmd_vel_safety_gate]: command authorization updated: source=estop:/planning/state_machine/estop state=platform_status_stale=65.35s,route_safety_hold=lanelet_footprint_cost
[INFO] [1785779324.219326776] [control.cmd_vel_safety_gate]: command authorization updated: source=estop:/planning/state_machine/estop state=platform_status_stale=65.55s,route_safety_hold=lanelet_footprint_cost
[INFO] [1785779324.419166160] [control.cmd_vel_safety_gate]: command authorization updated: source=estop:/planning/state_machine/estop state=platform_status_stale=65.75s,route_safety_hold=lanelet_footprint_cost
[INFO] [1785779324.619242898] [control.cmd_vel_safety_gate]: command authorization updated: source=estop:/planning/state_machine/estop state=platform_status_stale=65.95s,route_safety_hold=lanelet_footprint_cost
[INFO] [1785779324.819246535] [control.cmd_vel_safety_gate]: command authorization updated: source=estop:/planning/state_machine/estop state=platform_status_stale=66.15s,route_safety_hold=lanelet_footprint_cost
[INFO] [1785779325.019524560] [control.cmd_vel_safety_gate]: command authorization updated: source=estop:/planning/state_machine/estop state=platform_status_stale=66.35s,route_safety_hold=lanelet_footprint_cost
[INFO] [1785779325.219436609] [control.cmd_vel_safety_gate]: command authorization updated: source=estop:/planning/state_machine/estop state=platform_status_stale=66.55s,route_safety_hold=lanelet_footprint_cost
[INFO] [1785779325.419144951] [control.cmd_vel_safety_gate]: command authorization updated: source=estop:/planning/state_machine/estop state=platform_status_stale=66.75s,route_safety_hold=lanelet_footprint_cost
[INFO] [1785779325.619219016] [control.cmd_vel_safety_gate]: command authorization updated: source=estop:/planning/state_machine/estop state=platform_status_stale=66.95s,route_safety_hold=lanelet_footprint_cost
[INFO] [1785779325.819156391] [control.cmd_vel_safety_gate]: command authorization updated: source=estop:/planning/state_machine/estop state=platform_status_stale=67.15s,route_safety_hold=lanelet_footprint_cost
[INFO] [1785779326.019431328] [control.cmd_vel_safety_gate]: command authorization updated: source=estop:/planning/state_machine/estop state=platform_status_stale=67.35s,route_safety_hold=lanelet_footprint_cost
[INFO] [1785779326.219258746] [control.cmd_vel_safety_gate]: command authorization updated: source=estop:/planning/state_machine/estop state=platform_status_stale=67.55s,route_safety_hold=lanelet_footprint_cost
[INFO] [1785779326.419164514] [control.cmd_vel_safety_gate]: command authorization updated: source=estop:/planning/state_machine/estop state=platform_status_stale=67.75s,route_safety_hold=lanelet_footprint_cost
[INFO] [1785779326.619317232] [control.cmd_vel_safety_gate]: command authorization updated: source=estop:/planning/state_machine/estop state=platform_status_stale=67.95s,route_safety_hold=lanelet_footprint_cost
[INFO] [1785779326.819211791] [control.cmd_vel_safety_gate]: command authorization updated: source=estop:/planning/state_machine/estop state=platform_status_stale=68.15s,route_safety_hold=lanelet_footprint_cost
[INFO] [1785779327.019240443] [control.cmd_vel_safety_gate]: command authorization updated: source=estop:/planning/state_machine/estop state=platform_status_stale=68.35s,route_safety_hold=lanelet_footprint_cost
[INFO] [1785779327.219535911] [control.cmd_vel_safety_gate]: command authorization updated: source=estop:/planning/state_machine/estop state=platform_status_stale=68.55s,route_safety_hold=lanelet_footprint_cost
[INFO] [1785779327.419275731] [control.cmd_vel_safety_gate]: command authorization updated: source=estop:/planning/state_machine/estop state=platform_status_stale=68.75s,route_safety_hold=lanelet_footprint_cost
[INFO] [1785779327.619407555] [control.cmd_vel_safety_gate]: command authorization updated: source=estop:/planning/state_machine/estop state=platform_status_stale=68.95s,route_safety_hold=lanelet_footprint_cost
[INFO] [1785779327.819199764] [control.cmd_vel_safety_gate]: command authorization updated: source=estop:/planning/state_machine/estop state=platform_status_stale=69.15s,route_safety_hold=lanelet_footprint_cost
[INFO] [1785779328.019600255] [control.cmd_vel_safety_gate]: command authorization updated: source=estop:/planning/state_machine/estop state=platform_status_stale=69.35s,route_safety_hold=lanelet_footprint_cost
[INFO] [1785779328.219394823] [control.cmd_vel_safety_gate]: command authorization updated: source=estop:/planning/state_machine/estop state=platform_status_stale=69.55s,route_safety_hold=lanelet_footprint_cost
[INFO] [1785779328.419180646] [control.cmd_vel_safety_gate]: command authorization updated: source=estop:/planning/state_machine/estop state=platform_status_stale=69.75s,route_safety_hold=lanelet_footprint_cost
[INFO] [1785779328.619179189] [control.cmd_vel_safety_gate]: command authorization updated: source=estop:/planning/state_machine/estop state=platform_status_stale=69.95s,route_safety_hold=lanelet_footprint_cost
[INFO] [1785779328.819201478] [control.cmd_vel_safety_gate]: command authorization updated: source=estop:/planning/state_machine/estop state=platform_status_stale=70.15s,route_safety_hold=lanelet_footprint_cost
[INFO] [1785779329.019198033] [control.cmd_vel_safety_gate]: command authorization updated: source=estop:/planning/state_machine/estop state=platform_status_stale=70.35s,route_safety_hold=lanelet_footprint_cost
[INFO] [1785779329.219303055] [control.cmd_vel_safety_gate]: command authorization updated: source=estop:/planning/state_machine/estop state=platform_status_stale=70.55s,route_safety_hold=lanelet_footprint_cost
[INFO] [1785779329.419323759] [control.cmd_vel_safety_gate]: command authorization updated: source=estop:/planning/state_machine/estop state=platform_status_stale=70.75s,route_safety_hold=lanelet_footprint_cost
[INFO] [1785779329.619358087] [control.cmd_vel_safety_gate]: command authorization updated: source=estop:/planning/state_machine/estop state=platform_status_stale=70.95s,route_safety_hold=lanelet_footprint_cost
[INFO] [1785779329.819256165] [control.cmd_vel_safety_gate]: command authorization updated: source=estop:/planning/state_machine/estop state=platform_status_stale=71.15s,route_safety_hold=lanelet_footprint_cost
[INFO] [1785779330.019294070] [control.cmd_vel_safety_gate]: command authorization updated: source=estop:/planning/state_machine/estop state=platform_status_stale=71.35s,route_safety_hold=lanelet_footprint_cost
[INFO] [1785779330.219282497] [control.cmd_vel_safety_gate]: command authorization updated: source=estop:/planning/state_machine/estop state=platform_status_stale=71.55s,route_safety_hold=lanelet_footprint_cost
[INFO] [1785779330.419202130] [control.cmd_vel_safety_gate]: command authorization updated: source=estop:/planning/state_machine/estop state=platform_status_stale=71.75s,route_safety_hold=lanelet_footprint_cost
[INFO] [1785779330.619334217] [control.cmd_vel_safety_gate]: command authorization updated: source=estop:/planning/state_machine/estop state=platform_status_stale=71.95s,route_safety_hold=lanelet_footprint_cost
[INFO] [1785779330.819273367] [control.cmd_vel_safety_gate]: command authorization updated: source=estop:/planning/state_machine/estop state=platform_status_stale=72.15s,route_safety_hold=lanelet_footprint_cost
[INFO] [1785779331.020397956] [control.cmd_vel_safety_gate]: command authorization updated: source=estop:/planning/state_machine/estop state=platform_status_stale=72.36s,route_safety_hold=lanelet_footprint_cost
[INFO] [1785779331.219333715] [control.cmd_vel_safety_gate]: command authorization updated: source=estop:/planning/state_machine/estop state=platform_status_stale=72.55s,route_safety_hold=lanelet_footprint_cost
[INFO] [1785779331.419222171] [control.cmd_vel_safety_gate]: command authorization updated: source=estop:/planning/state_machine/estop state=platform_status_stale=72.75s,route_safety_hold=lanelet_footprint_cost
[INFO] [1785779331.619260571] [control.cmd_vel_safety_gate]: command authorization updated: source=estop:/planning/state_machine/estop state=platform_status_stale=72.95s,route_safety_hold=lanelet_footprint_cost
[INFO] [1785779331.819164787] [control.cmd_vel_safety_gate]: command authorization updated: source=estop:/planning/state_machine/estop state=platform_status_stale=73.15s,route_safety_hold=lanelet_footprint_cost
[INFO] [1785779332.019274745] [control.cmd_vel_safety_gate]: command authorization updated: source=estop:/planning/state_machine/estop state=platform_status_stale=73.35s,route_safety_hold=lanelet_footprint_cost
[INFO] [1785779332.219278534] [control.cmd_vel_safety_gate]: command authorization updated: source=estop:/planning/state_machine/estop state=platform_status_stale=73.55s,route_safety_hold=lanelet_footprint_cost
[INFO] [1785779332.419170120] [control.cmd_vel_safety_gate]: command authorization updated: source=estop:/planning/state_machine/estop state=platform_status_stale=73.75s,route_safety_hold=lanelet_footprint_cost
[INFO] [1785779332.619266096] [control.cmd_vel_safety_gate]: command authorization updated: source=estop:/planning/state_machine/estop state=platform_status_stale=73.95s,route_safety_hold=lanelet_footprint_cost
[INFO] [1785779332.819200047] [control.cmd_vel_safety_gate]: command authorization updated: source=estop:/planning/state_machine/estop state=platform_status_stale=74.15s,route_safety_hold=lanelet_footprint_cost
[INFO] [1785779333.019332756] [control.cmd_vel_safety_gate]: command authorization updated: source=estop:/planning/state_machine/estop state=platform_status_stale=74.35s,route_safety_hold=lanelet_footprint_cost
[INFO] [1785779333.219325762] [control.cmd_vel_safety_gate]: command authorization updated: source=estop:/planning/state_machine/estop state=platform_status_stale=74.55s,route_safety_hold=lanelet_footprint_cost
[INFO] [1785779333.419127992] [control.cmd_vel_safety_gate]: command authorization updated: source=estop:/planning/state_machine/estop state=platform_status_stale=74.75s,route_safety_hold=lanelet_footprint_cost
[INFO] [1785779333.619227255] [control.cmd_vel_safety_gate]: command authorization updated: source=estop:/planning/state_machine/estop state=platform_status_stale=74.95s,route_safety_hold=lanelet_footprint_cost
[INFO] [1785779333.819282072] [control.cmd_vel_safety_gate]: command authorization updated: source=estop:/planning/state_machine/estop state=platform_status_stale=75.15s,route_safety_hold=lanelet_footprint_cost
[INFO] [1785779334.019255163] [control.cmd_vel_safety_gate]: command authorization updated: source=estop:/planning/state_machine/estop state=platform_status_stale=75.35s,route_safety_hold=lanelet_footprint_cost
[INFO] [1785779334.219697688] [control.cmd_vel_safety_gate]: command authorization updated: source=estop:/planning/state_machine/estop state=platform_status_stale=75.55s,route_safety_hold=lanelet_footprint_cost
[INFO] [1785779334.420076235] [control.cmd_vel_safety_gate]: command authorization updated: source=estop:/planning/state_machine/estop state=platform_status_stale=75.76s,route_safety_hold=lanelet_footprint_cost
[INFO] [1785779334.619356141] [control.cmd_vel_safety_gate]: command authorization updated: source=estop:/planning/state_machine/estop state=platform_status_stale=75.95s,route_safety_hold=lanelet_footprint_cost
[INFO] [1785779334.819217722] [control.cmd_vel_safety_gate]: command authorization updated: source=estop:/planning/state_machine/estop state=platform_status_stale=76.15s,route_safety_hold=lanelet_footprint_cost
[INFO] [1785779335.019328942] [control.cmd_vel_safety_gate]: command authorization updated: source=estop:/planning/state_machine/estop state=platform_status_stale=76.35s,route_safety_hold=lanelet_footprint_cost
[INFO] [1785779335.219616348] [control.cmd_vel_safety_gate]: command authorization updated: source=estop:/planning/state_machine/estop state=platform_status_stale=76.55s,route_safety_hold=lanelet_footprint_cost
[INFO] [1785779335.419431109] [control.cmd_vel_safety_gate]: command authorization updated: source=estop:/planning/state_machine/estop state=platform_status_stale=76.75s,route_safety_hold=lanelet_footprint_cost
[INFO] [1785779335.619488543] [control.cmd_vel_safety_gate]: command authorization updated: source=estop:/planning/state_machine/estop state=platform_status_stale=76.95s,route_safety_hold=lanelet_footprint_cost
[INFO] [1785779335.819269046] [control.cmd_vel_safety_gate]: command authorization updated: source=estop:/planning/state_machine/estop state=platform_status_stale=77.15s,route_safety_hold=lanelet_footprint_cost
[INFO] [1785779336.019342740] [control.cmd_vel_safety_gate]: command authorization updated: source=estop:/planning/state_machine/estop state=platform_status_stale=77.35s,route_safety_hold=lanelet_footprint_cost
[INFO] [1785779336.219291957] [control.cmd_vel_safety_gate]: command authorization updated: source=estop:/planning/state_machine/estop state=platform_status_stale=77.55s,route_safety_hold=lanelet_footprint_cost
[INFO] [1785779336.419208368] [control.cmd_vel_safety_gate]: command authorization updated: source=estop:/planning/state_machine/estop state=platform_status_stale=77.75s,route_safety_hold=lanelet_footprint_cost
[INFO] [1785779336.619282566] [control.cmd_vel_safety_gate]: command authorization updated: source=estop:/planning/state_machine/estop state=platform_status_stale=77.95s,route_safety_hold=lanelet_footprint_cost
[INFO] [1785779336.819338093] [control.cmd_vel_safety_gate]: command authorization updated: source=estop:/planning/state_machine/estop state=platform_status_stale=78.15s,route_safety_hold=lanelet_footprint_cost
[INFO] [1785779337.019344612] [control.cmd_vel_safety_gate]: command authorization updated: source=estop:/planning/state_machine/estop state=platform_status_stale=78.35s,route_safety_hold=lanelet_footprint_cost
[INFO] [1785779337.219287171] [control.cmd_vel_safety_gate]: command authorization updated: source=estop:/planning/state_machine/estop state=platform_status_stale=78.55s,route_safety_hold=lanelet_footprint_cost
[INFO] [1785779337.419745229] [control.cmd_vel_safety_gate]: command authorization updated: source=estop:/planning/state_machine/estop state=platform_status_stale=78.75s,route_safety_hold=lanelet_footprint_cost
[INFO] [1785779337.619305130] [control.cmd_vel_safety_gate]: command authorization updated: source=estop:/planning/state_machine/estop state=platform_status_stale=78.95s,route_safety_hold=lanelet_footprint_cost
[INFO] [1785779337.819227472] [control.cmd_vel_safety_gate]: command authorization updated: source=estop:/planning/state_machine/estop state=platform_status_stale=79.15s,route_safety_hold=lanelet_footprint_cost
[INFO] [1785779338.019246399] [control.cmd_vel_safety_gate]: command authorization updated: source=estop:/planning/state_machine/estop state=platform_status_stale=79.35s,route_safety_hold=lanelet_footprint_cost
[INFO] [1785779338.219268239] [control.cmd_vel_safety_gate]: command authorization updated: source=estop:/planning/state_machine/estop state=platform_status_stale=79.55s,route_safety_hold=lanelet_footprint_cost
[INFO] [1785779338.419267178] [control.cmd_vel_safety_gate]: command authorization updated: source=estop:/planning/state_machine/estop state=platform_status_stale=79.75s,route_safety_hold=lanelet_footprint_cost
[INFO] [1785779338.619282188] [control.cmd_vel_safety_gate]: command authorization updated: source=estop:/planning/state_machine/estop state=platform_status_stale=79.95s,route_safety_hold=lanelet_footprint_cost
[INFO] [1785779338.819210712] [control.cmd_vel_safety_gate]: command authorization updated: source=estop:/planning/state_machine/estop state=platform_status_stale=80.15s,route_safety_hold=lanelet_footprint_cost
[INFO] [1785779339.019347086] [control.cmd_vel_safety_gate]: command authorization updated: source=estop:/planning/state_machine/estop state=platform_status_stale=80.35s,route_safety_hold=lanelet_footprint_cost
[INFO] [1785779339.219205921] [control.cmd_vel_safety_gate]: command authorization updated: source=estop:/planning/state_machine/estop state=platform_status_stale=80.55s,route_safety_hold=lanelet_footprint_cost
[INFO] [1785779339.419248245] [control.cmd_vel_safety_gate]: command authorization updated: source=estop:/planning/state_machine/estop state=platform_status_stale=80.75s,route_safety_hold=lanelet_footprint_cost
[INFO] [1785779339.619359359] [control.cmd_vel_safety_gate]: command authorization updated: source=estop:/planning/state_machine/estop state=platform_status_stale=80.95s,route_safety_hold=lanelet_footprint_cost
[INFO] [1785779339.819180381] [control.cmd_vel_safety_gate]: command authorization updated: source=estop:/planning/state_machine/estop state=platform_status_stale=81.15s,route_safety_hold=lanelet_footprint_cost
[INFO] [1785779340.019198530] [control.cmd_vel_safety_gate]: command authorization updated: source=estop:/planning/state_machine/estop state=platform_status_stale=81.35s,route_safety_hold=lanelet_footprint_cost
[INFO] [1785779340.219404563] [control.cmd_vel_safety_gate]: command authorization updated: source=estop:/planning/state_machine/estop state=platform_status_stale=81.55s,route_safety_hold=lanelet_footprint_cost
[INFO] [1785779340.419318901] [control.cmd_vel_safety_gate]: command authorization updated: source=estop:/planning/state_machine/estop state=platform_status_stale=81.75s,route_safety_hold=lanelet_footprint_cost
[INFO] [1785779340.619221052] [control.cmd_vel_safety_gate]: command authorization updated: source=estop:/planning/state_machine/estop state=platform_status_stale=81.95s,route_safety_hold=lanelet_footprint_cost
[INFO] [1785779340.819173950] [control.cmd_vel_safety_gate]: command authorization updated: source=estop:/planning/state_machine/estop state=platform_status_stale=82.15s,route_safety_hold=lanelet_footprint_cost
[INFO] [1785779341.019358274] [control.cmd_vel_safety_gate]: command authorization updated: source=estop:/planning/state_machine/estop state=platform_status_stale=82.35s,route_safety_hold=lanelet_footprint_cost
[INFO] [1785779341.219183569] [control.cmd_vel_safety_gate]: command authorization updated: source=estop:/planning/state_machine/estop state=platform_status_stale=82.55s,route_safety_hold=lanelet_footprint_cost
[INFO] [1785779341.419323907] [control.cmd_vel_safety_gate]: command authorization updated: source=estop:/planning/state_machine/estop state=platform_status_stale=82.75s,route_safety_hold=lanelet_footprint_cost
[INFO] [1785779341.619117679] [control.cmd_vel_safety_gate]: command authorization updated: source=estop:/planning/state_machine/estop state=platform_status_stale=82.95s,route_safety_hold=lanelet_footprint_cost
[INFO] [1785779341.819274426] [control.cmd_vel_safety_gate]: command authorization updated: source=estop:/planning/state_machine/estop state=platform_status_stale=83.15s,route_safety_hold=lanelet_footprint_cost
[INFO] [1785779342.019297326] [control.cmd_vel_safety_gate]: command authorization updated: source=estop:/planning/state_machine/estop state=platform_status_stale=83.35s,route_safety_hold=lanelet_footprint_cost
[INFO] [1785779342.219256125] [control.cmd_vel_safety_gate]: command authorization updated: source=estop:/planning/state_machine/estop state=platform_status_stale=83.55s,route_safety_hold=lanelet_footprint_cost
[INFO] [1785779342.419505244] [control.cmd_vel_safety_gate]: command authorization updated: source=estop:/planning/state_machine/estop state=platform_status_stale=83.75s,route_safety_hold=lanelet_footprint_cost
[INFO] [1785779342.619209365] [control.cmd_vel_safety_gate]: command authorization updated: source=estop:/planning/state_machine/estop state=platform_status_stale=83.95s,route_safety_hold=lanelet_footprint_cost
[INFO] [1785779342.819242521] [control.cmd_vel_safety_gate]: command authorization updated: source=estop:/planning/state_machine/estop state=platform_status_stale=84.15s,route_safety_hold=lanelet_footprint_cost
[INFO] [1785779343.019245711] [control.cmd_vel_safety_gate]: command authorization updated: source=estop:/planning/state_machine/estop state=platform_status_stale=84.35s,route_safety_hold=lanelet_footprint_cost
[INFO] [1785779343.219607057] [control.cmd_vel_safety_gate]: command authorization updated: source=estop:/planning/state_machine/estop state=platform_status_stale=84.55s,route_safety_hold=lanelet_footprint_cost
[INFO] [1785779343.419405351] [control.cmd_vel_safety_gate]: command authorization updated: source=estop:/planning/state_machine/estop state=platform_status_stale=84.75s,route_safety_hold=lanelet_footprint_cost
[INFO] [1785779343.619237394] [control.cmd_vel_safety_gate]: command authorization updated: source=estop:/planning/state_machine/estop state=platform_status_stale=84.95s,route_safety_hold=lanelet_footprint_cost
[INFO] [1785779343.819165492] [control.cmd_vel_safety_gate]: command authorization updated: source=estop:/planning/state_machine/estop state=platform_status_stale=85.15s,route_safety_hold=lanelet_footprint_cost
[INFO] [1785779344.019321941] [control.cmd_vel_safety_gate]: command authorization updated: source=estop:/planning/state_machine/estop state=platform_status_stale=85.35s,route_safety_hold=lanelet_footprint_cost
[INFO] [1785779344.219347154] [control.cmd_vel_safety_gate]: command authorization updated: source=estop:/planning/state_machine/estop state=platform_status_stale=85.55s,route_safety_hold=lanelet_footprint_cost
[INFO] [1785779344.419307074] [control.cmd_vel_safety_gate]: command authorization updated: source=estop:/planning/state_machine/estop state=platform_status_stale=85.75s,route_safety_hold=lanelet_footprint_cost
[INFO] [1785779344.619230141] [control.cmd_vel_safety_gate]: command authorization updated: source=estop:/planning/state_machine/estop state=platform_status_stale=85.95s,route_safety_hold=lanelet_footprint_cost
[INFO] [1785779344.819274846] [control.cmd_vel_safety_gate]: command authorization updated: source=estop:/planning/state_machine/estop state=platform_status_stale=86.15s,route_safety_hold=lanelet_footprint_cost
[INFO] [1785779345.019400711] [control.cmd_vel_safety_gate]: command authorization updated: source=estop:/planning/state_machine/estop state=platform_status_stale=86.35s,route_safety_hold=lanelet_footprint_cost
[INFO] [1785779345.219289208] [control.cmd_vel_safety_gate]: command authorization updated: source=estop:/planning/state_machine/estop state=platform_status_stale=86.55s,route_safety_hold=lanelet_footprint_cost
[INFO] [1785779345.419415906] [control.cmd_vel_safety_gate]: command authorization updated: source=estop:/planning/state_machine/estop state=platform_status_stale=86.75s,route_safety_hold=lanelet_footprint_cost
[INFO] [1785779345.619415777] [control.cmd_vel_safety_gate]: command authorization updated: source=estop:/planning/state_machine/estop state=platform_status_stale=86.95s,route_safety_hold=lanelet_footprint_cost
[INFO] [1785779345.819532955] [control.cmd_vel_safety_gate]: command authorization updated: source=estop:/planning/state_machine/estop state=platform_status_stale=87.15s,route_safety_hold=lanelet_footprint_cost
[INFO] [1785779346.019293864] [control.cmd_vel_safety_gate]: command authorization updated: source=estop:/planning/state_machine/estop state=platform_status_stale=87.35s,route_safety_hold=lanelet_footprint_cost
[INFO] [1785779346.219635629] [control.cmd_vel_safety_gate]: command authorization updated: source=estop:/planning/state_machine/estop state=platform_status_stale=87.55s,route_safety_hold=lanelet_footprint_cost
[INFO] [1785779346.419332765] [control.cmd_vel_safety_gate]: command authorization updated: source=estop:/planning/state_machine/estop state=platform_status_stale=87.75s,route_safety_hold=lanelet_footprint_cost
[INFO] [1785779346.619416797] [control.cmd_vel_safety_gate]: command authorization updated: source=estop:/planning/state_machine/estop state=platform_status_stale=87.95s,route_safety_hold=lanelet_footprint_cost
[INFO] [1785779346.819207892] [control.cmd_vel_safety_gate]: command authorization updated: source=estop:/planning/state_machine/estop state=platform_status_stale=88.15s,route_safety_hold=lanelet_footprint_cost
[INFO] [1785779347.019304181] [control.cmd_vel_safety_gate]: command authorization updated: source=estop:/planning/state_machine/estop state=platform_status_stale=88.35s,route_safety_hold=lanelet_footprint_cost
[INFO] [1785779347.219198176] [control.cmd_vel_safety_gate]: command authorization updated: source=estop:/planning/state_machine/estop state=platform_status_stale=88.55s,route_safety_hold=lanelet_footprint_cost
[INFO] [1785779347.419252541] [control.cmd_vel_safety_gate]: command authorization updated: source=estop:/planning/state_machine/estop state=platform_status_stale=88.75s,route_safety_hold=lanelet_footprint_cost
[INFO] [1785779347.619259415] [control.cmd_vel_safety_gate]: command authorization updated: source=estop:/planning/state_machine/estop state=platform_status_stale=88.95s,route_safety_hold=lanelet_footprint_cost
[INFO] [1785779347.819258858] [control.cmd_vel_safety_gate]: command authorization updated: source=estop:/planning/state_machine/estop state=platform_status_stale=89.15s,route_safety_hold=lanelet_footprint_cost
[INFO] [1785779348.019347716] [control.cmd_vel_safety_gate]: command authorization updated: source=estop:/planning/state_machine/estop state=platform_status_stale=89.35s,route_safety_hold=lanelet_footprint_cost
[INFO] [1785779348.219664882] [control.cmd_vel_safety_gate]: command authorization updated: source=estop:/planning/state_machine/estop state=platform_status_stale=89.55s,route_safety_hold=lanelet_footprint_cost
[INFO] [1785779348.419211059] [control.cmd_vel_safety_gate]: command authorization updated: source=estop:/planning/state_machine/estop state=platform_status_stale=89.75s,route_safety_hold=lanelet_footprint_cost
[INFO] [1785779348.619203659] [control.cmd_vel_safety_gate]: command authorization updated: source=estop:/planning/state_machine/estop state=platform_status_stale=89.95s,route_safety_hold=lanelet_footprint_cost
[INFO] [1785779348.819212150] [control.cmd_vel_safety_gate]: command authorization updated: source=estop:/planning/state_machine/estop state=platform_status_stale=90.15s,route_safety_hold=lanelet_footprint_cost
[INFO] [1785779349.019307476] [control.cmd_vel_safety_gate]: command authorization updated: source=estop:/planning/state_machine/estop state=platform_status_stale=90.35s,route_safety_hold=lanelet_footprint_cost
[INFO] [1785779349.219235633] [control.cmd_vel_safety_gate]: command authorization updated: source=estop:/planning/state_machine/estop state=platform_status_stale=90.55s,route_safety_hold=lanelet_footprint_cost
[INFO] [1785779349.419294043] [control.cmd_vel_safety_gate]: command authorization updated: source=estop:/planning/state_machine/estop state=platform_status_stale=90.75s,route_safety_hold=lanelet_footprint_cost
[INFO] [1785779349.619230821] [control.cmd_vel_safety_gate]: command authorization updated: source=estop:/planning/state_machine/estop state=platform_status_stale=90.95s,route_safety_hold=lanelet_footprint_cost
[INFO] [1785779349.819196367] [control.cmd_vel_safety_gate]: command authorization updated: source=estop:/planning/state_machine/estop state=platform_status_stale=91.15s,route_safety_hold=lanelet_footprint_cost
[INFO] [1785779350.019281474] [control.cmd_vel_safety_gate]: command authorization updated: source=estop:/planning/state_machine/estop state=platform_status_stale=91.35s,route_safety_hold=lanelet_footprint_cost
[INFO] [1785779350.219405977] [control.cmd_vel_safety_gate]: command authorization updated: source=estop:/planning/state_machine/estop state=platform_status_stale=91.55s,route_safety_hold=lanelet_footprint_cost
[INFO] [1785779350.419356870] [control.cmd_vel_safety_gate]: command authorization updated: source=estop:/planning/state_machine/estop state=platform_status_stale=91.75s,route_safety_hold=lanelet_footprint_cost
[INFO] [1785779350.619458659] [control.cmd_vel_safety_gate]: command authorization updated: source=estop:/planning/state_machine/estop state=platform_status_stale=91.95s,route_safety_hold=lanelet_footprint_cost
[INFO] [1785779350.819260070] [control.cmd_vel_safety_gate]: command authorization updated: source=estop:/planning/state_machine/estop state=platform_status_stale=92.15s,route_safety_hold=lanelet_footprint_cost
[INFO] [1785779351.019281862] [control.cmd_vel_safety_gate]: command authorization updated: source=estop:/planning/state_machine/estop state=platform_status_stale=92.35s,route_safety_hold=lanelet_footprint_cost
[INFO] [1785779351.219263976] [control.cmd_vel_safety_gate]: command authorization updated: source=estop:/planning/state_machine/estop state=platform_status_stale=92.55s,route_safety_hold=lanelet_footprint_cost
[INFO] [1785779351.419171350] [control.cmd_vel_safety_gate]: command authorization updated: source=estop:/planning/state_machine/estop state=platform_status_stale=92.75s,route_safety_hold=lanelet_footprint_cost
[INFO] [1785779351.619306659] [control.cmd_vel_safety_gate]: command authorization updated: source=estop:/planning/state_machine/estop state=platform_status_stale=92.95s,route_safety_hold=lanelet_footprint_cost
[INFO] [1785779351.819230870] [control.cmd_vel_safety_gate]: command authorization updated: source=estop:/planning/state_machine/estop state=platform_status_stale=93.15s,route_safety_hold=lanelet_footprint_cost
[INFO] [1785779352.019265872] [control.cmd_vel_safety_gate]: command authorization updated: source=estop:/planning/state_machine/estop state=platform_status_stale=93.35s,route_safety_hold=lanelet_footprint_cost
[INFO] [1785779352.219301090] [control.cmd_vel_safety_gate]: command authorization updated: source=estop:/planning/state_machine/estop state=platform_status_stale=93.55s,route_safety_hold=lanelet_footprint_cost
[INFO] [1785779352.419233448] [control.cmd_vel_safety_gate]: command authorization updated: source=estop:/planning/state_machine/estop state=platform_status_stale=93.75s,route_safety_hold=lanelet_footprint_cost
[INFO] [1785779352.619270017] [control.cmd_vel_safety_gate]: command authorization updated: source=estop:/planning/state_machine/estop state=platform_status_stale=93.95s,route_safety_hold=lanelet_footprint_cost
[INFO] [1785779352.819166648] [control.cmd_vel_safety_gate]: command authorization updated: source=estop:/planning/state_machine/estop state=platform_status_stale=94.15s,route_safety_hold=lanelet_footprint_cost
[INFO] [1785779353.019585062] [control.cmd_vel_safety_gate]: command authorization updated: source=estop:/planning/state_machine/estop state=platform_status_stale=94.35s,route_safety_hold=lanelet_footprint_cost
[INFO] [1785779353.219762033] [control.cmd_vel_safety_gate]: command authorization updated: source=estop:/planning/state_machine/estop state=platform_status_stale=94.55s,route_safety_hold=lanelet_footprint_cost
[INFO] [1785779353.419679842] [control.cmd_vel_safety_gate]: command authorization updated: source=estop:/planning/state_machine/estop state=platform_status_stale=94.75s,route_safety_hold=lanelet_footprint_cost
[INFO] [1785779353.619506655] [control.cmd_vel_safety_gate]: command authorization updated: source=estop:/planning/state_machine/estop state=platform_status_stale=94.95s,route_safety_hold=lanelet_footprint_cost
[INFO] [1785779353.819188157] [control.cmd_vel_safety_gate]: command authorization updated: source=estop:/planning/state_machine/estop state=platform_status_stale=95.15s,route_safety_hold=lanelet_footprint_cost
[INFO] [1785779354.019339043] [control.cmd_vel_safety_gate]: command authorization updated: source=estop:/planning/state_machine/estop state=platform_status_stale=95.35s,route_safety_hold=lanelet_footprint_cost
[INFO] [1785779354.219326321] [control.cmd_vel_safety_gate]: command authorization updated: source=estop:/planning/state_machine/estop state=platform_status_stale=95.55s,route_safety_hold=lanelet_footprint_cost
[INFO] [1785779354.419206471] [control.cmd_vel_safety_gate]: command authorization updated: source=estop:/planning/state_machine/estop state=platform_status_stale=95.75s,route_safety_hold=lanelet_footprint_cost
[INFO] [1785779354.619251605] [control.cmd_vel_safety_gate]: command authorization updated: source=estop:/planning/state_machine/estop state=platform_status_stale=95.95s,route_safety_hold=lanelet_footprint_cost
[INFO] [1785779354.819188533] [control.cmd_vel_safety_gate]: command authorization updated: source=estop:/planning/state_machine/estop state=platform_status_stale=96.15s,route_safety_hold=lanelet_footprint_cost
[INFO] [1785779355.019357559] [control.cmd_vel_safety_gate]: command authorization updated: source=estop:/planning/state_machine/estop state=platform_status_stale=96.35s,route_safety_hold=lanelet_footprint_cost
[INFO] [1785779355.219314894] [control.cmd_vel_safety_gate]: command authorization updated: source=estop:/planning/state_machine/estop state=platform_status_stale=96.55s,route_safety_hold=lanelet_footprint_cost
[INFO] [1785779355.419438310] [control.cmd_vel_safety_gate]: command authorization updated: source=estop:/planning/state_machine/estop state=platform_status_stale=96.75s,route_safety_hold=lanelet_footprint_cost
[INFO] [1785779355.619393165] [control.cmd_vel_safety_gate]: command authorization updated: source=estop:/planning/state_machine/estop state=platform_status_stale=96.95s,route_safety_hold=lanelet_footprint_cost
[INFO] [1785779355.819233851] [control.cmd_vel_safety_gate]: command authorization updated: source=estop:/planning/state_machine/estop state=platform_status_stale=97.15s,route_safety_hold=lanelet_footprint_cost
[INFO] [1785779356.019450631] [control.cmd_vel_safety_gate]: command authorization updated: source=estop:/planning/state_machine/estop state=platform_status_stale=97.35s,route_safety_hold=lanelet_footprint_cost
[INFO] [1785779356.219307397] [control.cmd_vel_safety_gate]: command authorization updated: source=estop:/planning/state_machine/estop state=platform_status_stale=97.55s,route_safety_hold=lanelet_footprint_cost
[INFO] [1785779356.419256763] [control.cmd_vel_safety_gate]: command authorization updated: source=estop:/planning/state_machine/estop state=platform_status_stale=97.75s,route_safety_hold=lanelet_footprint_cost
[INFO] [1785779356.619219109] [control.cmd_vel_safety_gate]: command authorization updated: source=estop:/planning/state_machine/estop state=platform_status_stale=97.95s,route_safety_hold=lanelet_footprint_cost
[INFO] [1785779356.819261412] [control.cmd_vel_safety_gate]: command authorization updated: source=estop:/planning/state_machine/estop state=platform_status_stale=98.15s,route_safety_hold=lanelet_footprint_cost
[INFO] [1785779357.019328352] [control.cmd_vel_safety_gate]: command authorization updated: source=estop:/planning/state_machine/estop state=platform_status_stale=98.35s,route_safety_hold=lanelet_footprint_cost
[INFO] [1785779357.219300653] [control.cmd_vel_safety_gate]: command authorization updated: source=estop:/planning/state_machine/estop state=platform_status_stale=98.55s,route_safety_hold=lanelet_footprint_cost
[INFO] [1785779357.419390058] [control.cmd_vel_safety_gate]: command authorization updated: source=estop:/planning/state_machine/estop state=platform_status_stale=98.75s,route_safety_hold=lanelet_footprint_cost
[INFO] [1785779357.619281557] [control.cmd_vel_safety_gate]: command authorization updated: source=estop:/planning/state_machine/estop state=platform_status_stale=98.95s,route_safety_hold=lanelet_footprint_cost
[INFO] [1785779357.819183488] [control.cmd_vel_safety_gate]: command authorization updated: source=estop:/planning/state_machine/estop state=platform_status_stale=99.15s,route_safety_hold=lanelet_footprint_cost
[INFO] [1785779358.019309583] [control.cmd_vel_safety_gate]: command authorization updated: source=estop:/planning/state_machine/estop state=platform_status_stale=99.35s,route_safety_hold=lanelet_footprint_cost
[INFO] [1785779358.219269032] [control.cmd_vel_safety_gate]: command authorization updated: source=estop:/planning/state_machine/estop state=platform_status_stale=99.55s,route_safety_hold=lanelet_footprint_cost
[INFO] [1785779358.419378949] [control.cmd_vel_safety_gate]: command authorization updated: source=estop:/planning/state_machine/estop state=platform_status_stale=99.75s,route_safety_hold=lanelet_footprint_cost
[INFO] [1785779358.619423769] [control.cmd_vel_safety_gate]: command authorization updated: source=estop:/planning/state_machine/estop state=platform_status_stale=99.95s,route_safety_hold=lanelet_footprint_cost
[INFO] [1785779358.819355237] [control.cmd_vel_safety_gate]: command authorization updated: source=estop:/planning/state_machine/estop state=platform_status_stale=100.15s,route_safety_hold=lanelet_footprint_cost
[INFO] [1785779359.019604769] [control.cmd_vel_safety_gate]: command authorization updated: source=estop:/planning/state_machine/estop state=platform_status_stale=100.35s,route_safety_hold=lanelet_footprint_cost
[INFO] [1785779359.219272812] [control.cmd_vel_safety_gate]: command authorization updated: source=estop:/planning/state_machine/estop state=platform_status_stale=100.55s,route_safety_hold=lanelet_footprint_cost
[INFO] [1785779359.419358244] [control.cmd_vel_safety_gate]: command authorization updated: source=estop:/planning/state_machine/estop state=platform_status_stale=100.75s,route_safety_hold=lanelet_footprint_cost
[INFO] [1785779359.619231702] [control.cmd_vel_safety_gate]: command authorization updated: source=estop:/planning/state_machine/estop state=platform_status_stale=100.95s,route_safety_hold=lanelet_footprint_cost
[INFO] [1785779359.820110706] [control.cmd_vel_safety_gate]: command authorization updated: source=estop:/planning/state_machine/estop state=platform_status_stale=101.16s,route_safety_hold=lanelet_footprint_cost
[INFO] [1785779360.019325831] [control.cmd_vel_safety_gate]: command authorization updated: source=estop:/planning/state_machine/estop state=platform_status_stale=101.35s,route_safety_hold=lanelet_footprint_cost
[INFO] [1785779360.219241383] [control.cmd_vel_safety_gate]: command authorization updated: source=estop:/planning/state_machine/estop state=platform_status_stale=101.55s,route_safety_hold=lanelet_footprint_cost
[INFO] [1785779360.419270886] [control.cmd_vel_safety_gate]: command authorization updated: source=estop:/planning/state_machine/estop state=platform_status_stale=101.75s,route_safety_hold=lanelet_footprint_cost
[INFO] [1785779360.619249103] [control.cmd_vel_safety_gate]: command authorization updated: source=estop:/planning/state_machine/estop state=platform_status_stale=101.95s,route_safety_hold=lanelet_footprint_cost
[INFO] [1785779360.819200745] [control.cmd_vel_safety_gate]: command authorization updated: source=estop:/planning/state_machine/estop state=platform_status_stale=102.15s,route_safety_hold=lanelet_footprint_cost
[INFO] [1785779361.019293265] [control.cmd_vel_safety_gate]: command authorization updated: source=estop:/planning/state_machine/estop state=platform_status_stale=102.35s,route_safety_hold=lanelet_footprint_cost
[INFO] [1785779361.219470849] [control.cmd_vel_safety_gate]: command authorization updated: source=estop:/planning/state_machine/estop state=platform_status_stale=102.55s,route_safety_hold=lanelet_footprint_cost
[INFO] [1785779361.419356590] [control.cmd_vel_safety_gate]: command authorization updated: source=estop:/planning/state_machine/estop state=platform_status_stale=102.75s,route_safety_hold=lanelet_footprint_cost
[INFO] [1785779361.619316598] [control.cmd_vel_safety_gate]: command authorization updated: source=estop:/planning/state_machine/estop state=platform_status_stale=102.95s,route_safety_hold=lanelet_footprint_cost
[INFO] [1785779361.819268277] [control.cmd_vel_safety_gate]: command authorization updated: source=estop:/planning/state_machine/estop state=platform_status_stale=103.15s,route_safety_hold=lanelet_footprint_cost
[INFO] [1785779362.019437210] [control.cmd_vel_safety_gate]: command authorization updated: source=estop:/planning/state_machine/estop state=platform_status_stale=103.35s,route_safety_hold=lanelet_footprint_cost
[INFO] [1785779362.219706736] [control.cmd_vel_safety_gate]: command authorization updated: source=estop:/planning/state_machine/estop state=platform_status_stale=103.55s,route_safety_hold=lanelet_footprint_cost
[INFO] [1785779362.419321393] [control.cmd_vel_safety_gate]: command authorization updated: source=estop:/planning/state_machine/estop state=platform_status_stale=103.75s,route_safety_hold=lanelet_footprint_cost
[INFO] [1785779362.619307898] [control.cmd_vel_safety_gate]: command authorization updated: source=estop:/planning/state_machine/estop state=platform_status_stale=103.95s,route_safety_hold=lanelet_footprint_cost
[INFO] [1785779362.819181956] [control.cmd_vel_safety_gate]: command authorization updated: source=estop:/planning/state_machine/estop state=platform_status_stale=104.15s,route_safety_hold=lanelet_footprint_cost
[INFO] [1785779363.019294132] [control.cmd_vel_safety_gate]: command authorization updated: source=estop:/planning/state_machine/estop state=platform_status_stale=104.35s,route_safety_hold=lanelet_footprint_cost
[INFO] [1785779363.219268152] [control.cmd_vel_safety_gate]: command authorization updated: source=estop:/planning/state_machine/estop state=platform_status_stale=104.55s,route_safety_hold=lanelet_footprint_cost
[INFO] [1785779363.419345618] [control.cmd_vel_safety_gate]: command authorization updated: source=estop:/planning/state_machine/estop state=platform_status_stale=104.75s,route_safety_hold=lanelet_footprint_cost
[INFO] [1785779363.619229869] [control.cmd_vel_safety_gate]: command authorization updated: source=estop:/planning/state_machine/estop state=platform_status_stale=104.95s,route_safety_hold=lanelet_footprint_cost
[INFO] [1785779363.819161011] [control.cmd_vel_safety_gate]: command authorization updated: source=estop:/planning/state_machine/estop state=platform_status_stale=105.15s,route_safety_hold=lanelet_footprint_cost
[INFO] [1785779364.019297755] [control.cmd_vel_safety_gate]: command authorization updated: source=estop:/planning/state_machine/estop state=platform_status_stale=105.35s,route_safety_hold=lanelet_footprint_cost
[INFO] [1785779364.219292941] [control.cmd_vel_safety_gate]: command authorization updated: source=estop:/planning/state_machine/estop state=platform_status_stale=105.55s,route_safety_hold=lanelet_footprint_cost
[INFO] [1785779364.419236998] [control.cmd_vel_safety_gate]: command authorization updated: source=estop:/planning/state_machine/estop state=platform_status_stale=105.75s,route_safety_hold=lanelet_footprint_cost
[INFO] [1785779364.619206394] [control.cmd_vel_safety_gate]: command authorization updated: source=estop:/planning/state_machine/estop state=platform_status_stale=105.95s,route_safety_hold=lanelet_footprint_cost
[INFO] [1785779364.819201513] [control.cmd_vel_safety_gate]: command authorization updated: source=estop:/planning/state_machine/estop state=platform_status_stale=106.15s,route_safety_hold=lanelet_footprint_cost
[INFO] [1785779365.019251843] [control.cmd_vel_safety_gate]: command authorization updated: source=estop:/planning/state_machine/estop state=platform_status_stale=106.35s,route_safety_hold=lanelet_footprint_cost
[INFO] [1785779365.219499232] [control.cmd_vel_safety_gate]: command authorization updated: source=estop:/planning/state_machine/estop state=platform_status_stale=106.55s,route_safety_hold=lanelet_footprint_cost
[INFO] [1785779365.419380906] [control.cmd_vel_safety_gate]: command authorization updated: source=estop:/planning/state_machine/estop state=platform_status_stale=106.75s,route_safety_hold=lanelet_footprint_cost
[INFO] [1785779365.619217245] [control.cmd_vel_safety_gate]: command authorization updated: source=estop:/planning/state_machine/estop state=platform_status_stale=106.95s,route_safety_hold=lanelet_footprint_cost
[INFO] [1785779365.819258136] [control.cmd_vel_safety_gate]: command authorization updated: source=estop:/planning/state_machine/estop state=platform_status_stale=107.15s,route_safety_hold=lanelet_footprint_cost
[INFO] [1785779366.019326155] [control.cmd_vel_safety_gate]: command authorization updated: source=estop:/planning/state_machine/estop state=platform_status_stale=107.35s,route_safety_hold=lanelet_footprint_cost
[INFO] [1785779366.219355465] [control.cmd_vel_safety_gate]: command authorization updated: source=estop:/planning/state_machine/estop state=platform_status_stale=107.55s,route_safety_hold=lanelet_footprint_cost
[INFO] [1785779366.419665745] [control.cmd_vel_safety_gate]: command authorization updated: source=estop:/planning/state_machine/estop state=platform_status_stale=107.75s,route_safety_hold=lanelet_footprint_cost
[INFO] [1785779366.619336380] [control.cmd_vel_safety_gate]: command authorization updated: source=estop:/planning/state_machine/estop state=platform_status_stale=107.95s,route_safety_hold=lanelet_footprint_cost
[INFO] [1785779366.819170782] [control.cmd_vel_safety_gate]: command authorization updated: source=estop:/planning/state_machine/estop state=platform_status_stale=108.15s,route_safety_hold=lanelet_footprint_cost
[INFO] [1785779367.019321639] [control.cmd_vel_safety_gate]: command authorization updated: source=estop:/planning/state_machine/estop state=platform_status_stale=108.35s,route_safety_hold=lanelet_footprint_cost
[INFO] [1785779367.219303874] [control.cmd_vel_safety_gate]: command authorization updated: source=estop:/planning/state_machine/estop state=platform_status_stale=108.55s,route_safety_hold=lanelet_footprint_cost
[INFO] [1785779367.419336836] [control.cmd_vel_safety_gate]: command authorization updated: source=estop:/planning/state_machine/estop state=platform_status_stale=108.75s,route_safety_hold=lanelet_footprint_cost
[INFO] [1785779367.619333359] [control.cmd_vel_safety_gate]: command authorization updated: source=estop:/planning/state_machine/estop state=platform_status_stale=108.95s,route_safety_hold=lanelet_footprint_cost
[INFO] [1785779367.819320061] [control.cmd_vel_safety_gate]: command authorization updated: source=estop:/planning/state_machine/estop state=platform_status_stale=109.15s,route_safety_hold=lanelet_footprint_cost
[INFO] [1785779368.019218171] [control.cmd_vel_safety_gate]: command authorization updated: source=estop:/planning/state_machine/estop state=platform_status_stale=109.35s,route_safety_hold=lanelet_footprint_cost
[INFO] [1785779368.219543539] [control.cmd_vel_safety_gate]: command authorization updated: source=estop:/planning/state_machine/estop state=platform_status_stale=109.55s,route_safety_hold=lanelet_footprint_cost
[INFO] [1785779368.419350905] [control.cmd_vel_safety_gate]: command authorization updated: source=estop:/planning/state_machine/estop state=platform_status_stale=109.75s,route_safety_hold=lanelet_footprint_cost
[INFO] [1785779368.619391194] [control.cmd_vel_safety_gate]: command authorization updated: source=estop:/planning/state_machine/estop state=platform_status_stale=109.95s,route_safety_hold=lanelet_footprint_cost
[INFO] [1785779368.819167460] [control.cmd_vel_safety_gate]: command authorization updated: source=estop:/planning/state_machine/estop state=platform_status_stale=110.15s,route_safety_hold=lanelet_footprint_cost
[INFO] [1785779369.019384451] [control.cmd_vel_safety_gate]: command authorization updated: source=estop:/planning/state_machine/estop state=platform_status_stale=110.35s,route_safety_hold=lanelet_footprint_cost
[INFO] [1785779369.219226879] [control.cmd_vel_safety_gate]: command authorization updated: source=estop:/planning/state_machine/estop state=platform_status_stale=110.55s,route_safety_hold=lanelet_footprint_cost
[INFO] [1785779369.419343886] [control.cmd_vel_safety_gate]: command authorization updated: source=estop:/planning/state_machine/estop state=platform_status_stale=110.75s,route_safety_hold=lanelet_footprint_cost
[INFO] [1785779369.619172263] [control.cmd_vel_safety_gate]: command authorization updated: source=estop:/planning/state_machine/estop state=platform_status_stale=110.95s,route_safety_hold=lanelet_footprint_cost
[INFO] [1785779369.819173123] [control.cmd_vel_safety_gate]: command authorization updated: source=estop:/planning/state_machine/estop state=platform_status_stale=111.15s,route_safety_hold=lanelet_footprint_cost
[INFO] [1785779370.019383213] [control.cmd_vel_safety_gate]: command authorization updated: source=estop:/planning/state_machine/estop state=platform_status_stale=111.35s,route_safety_hold=lanelet_footprint_cost
[INFO] [1785779370.219562974] [control.cmd_vel_safety_gate]: command authorization updated: source=estop:/planning/state_machine/estop state=platform_status_stale=111.55s,route_safety_hold=lanelet_footprint_cost
[INFO] [1785779370.419365805] [control.cmd_vel_safety_gate]: command authorization updated: source=estop:/planning/state_machine/estop state=platform_status_stale=111.75s,route_safety_hold=lanelet_footprint_cost
[INFO] [1785779370.619318273] [control.cmd_vel_safety_gate]: command authorization updated: source=estop:/planning/state_machine/estop state=platform_status_stale=111.95s,route_safety_hold=lanelet_footprint_cost
[INFO] [1785779370.819506313] [control.cmd_vel_safety_gate]: command authorization updated: source=estop:/planning/state_machine/estop state=platform_status_stale=112.15s,route_safety_hold=lanelet_footprint_cost
[INFO] [1785779371.019607078] [control.cmd_vel_safety_gate]: command authorization updated: source=estop:/planning/state_machine/estop state=platform_status_stale=112.35s,route_safety_hold=lanelet_footprint_cost
[INFO] [1785779371.219329688] [control.cmd_vel_safety_gate]: command authorization updated: source=estop:/planning/state_machine/estop state=platform_status_stale=112.55s,route_safety_hold=lanelet_footprint_cost
[INFO] [1785779371.419180324] [control.cmd_vel_safety_gate]: command authorization updated: source=estop:/planning/state_machine/estop state=platform_status_stale=112.75s,route_safety_hold=lanelet_footprint_cost
[INFO] [1785779371.619305860] [control.cmd_vel_safety_gate]: command authorization updated: source=estop:/planning/state_machine/estop state=platform_status_stale=112.95s,route_safety_hold=lanelet_footprint_cost
[INFO] [1785779371.819223121] [control.cmd_vel_safety_gate]: command authorization updated: source=estop:/planning/state_machine/estop state=platform_status_stale=113.15s,route_safety_hold=lanelet_footprint_cost
[INFO] [1785779372.019298551] [control.cmd_vel_safety_gate]: command authorization updated: source=estop:/planning/state_machine/estop state=platform_status_stale=113.35s,route_safety_hold=lanelet_footprint_cost
[INFO] [1785779372.219269676] [control.cmd_vel_safety_gate]: command authorization updated: source=estop:/planning/state_machine/estop state=platform_status_stale=113.55s,route_safety_hold=lanelet_footprint_cost
[INFO] [1785779372.419242081] [control.cmd_vel_safety_gate]: command authorization updated: source=estop:/planning/state_machine/estop state=platform_status_stale=113.75s,route_safety_hold=lanelet_footprint_cost
[INFO] [1785779372.619212945] [control.cmd_vel_safety_gate]: command authorization updated: source=estop:/planning/state_machine/estop state=platform_status_stale=113.95s,route_safety_hold=lanelet_footprint_cost
[INFO] [1785779372.819200559] [control.cmd_vel_safety_gate]: command authorization updated: source=estop:/planning/state_machine/estop state=platform_status_stale=114.15s,route_safety_hold=lanelet_footprint_cost
[INFO] [1785779373.019314458] [control.cmd_vel_safety_gate]: command authorization updated: source=estop:/planning/state_machine/estop state=platform_status_stale=114.35s,route_safety_hold=lanelet_footprint_cost
[INFO] [1785779373.219259309] [control.cmd_vel_safety_gate]: command authorization updated: source=estop:/planning/state_machine/estop state=platform_status_stale=114.55s,route_safety_hold=lanelet_footprint_cost
[INFO] [1785779373.419290268] [control.cmd_vel_safety_gate]: command authorization updated: source=estop:/planning/state_machine/estop state=platform_status_stale=114.75s,route_safety_hold=lanelet_footprint_cost
[INFO] [1785779373.619314916] [control.cmd_vel_safety_gate]: command authorization updated: source=estop:/planning/state_machine/estop state=platform_status_stale=114.95s,route_safety_hold=lanelet_footprint_cost
[INFO] [1785779373.819169074] [control.cmd_vel_safety_gate]: command authorization updated: source=estop:/planning/state_machine/estop state=platform_status_stale=115.15s,route_safety_hold=lanelet_footprint_cost
[INFO] [1785779374.019349820] [control.cmd_vel_safety_gate]: command authorization updated: source=estop:/planning/state_machine/estop state=platform_status_stale=115.35s,route_safety_hold=lanelet_footprint_cost
[INFO] [1785779374.219286015] [control.cmd_vel_safety_gate]: command authorization updated: source=estop:/planning/state_machine/estop state=platform_status_stale=115.55s,route_safety_hold=lanelet_footprint_cost
[INFO] [1785779374.419296959] [control.cmd_vel_safety_gate]: command authorization updated: source=estop:/planning/state_machine/estop state=platform_status_stale=115.75s,route_safety_hold=lanelet_footprint_cost
[INFO] [1785779374.619197522] [control.cmd_vel_safety_gate]: command authorization updated: source=estop:/planning/state_machine/estop state=platform_status_stale=115.95s,route_safety_hold=lanelet_footprint_cost
[INFO] [1785779374.819183025] [control.cmd_vel_safety_gate]: command authorization updated: source=estop:/planning/state_machine/estop state=platform_status_stale=116.15s,route_safety_hold=lanelet_footprint_cost
[INFO] [1785779375.019321717] [control.cmd_vel_safety_gate]: command authorization updated: source=estop:/planning/state_machine/estop state=platform_status_stale=116.35s,route_safety_hold=lanelet_footprint_cost
[INFO] [1785779375.219438764] [control.cmd_vel_safety_gate]: command authorization updated: source=estop:/planning/state_machine/estop state=platform_status_stale=116.55s,route_safety_hold=lanelet_footprint_cost
[INFO] [1785779375.419391567] [control.cmd_vel_safety_gate]: command authorization updated: source=estop:/planning/state_machine/estop state=platform_status_stale=116.75s,route_safety_hold=lanelet_footprint_cost
[INFO] [1785779375.619364417] [control.cmd_vel_safety_gate]: command authorization updated: source=estop:/planning/state_machine/estop state=platform_status_stale=116.95s,route_safety_hold=lanelet_footprint_cost
[INFO] [1785779375.819547793] [control.cmd_vel_safety_gate]: command authorization updated: source=estop:/planning/state_machine/estop state=platform_status_stale=117.15s,route_safety_hold=lanelet_footprint_cost
[INFO] [1785779376.019258964] [control.cmd_vel_safety_gate]: command authorization updated: source=estop:/planning/state_machine/estop state=platform_status_stale=117.35s,route_safety_hold=lanelet_footprint_cost
[INFO] [1785779376.219476488] [control.cmd_vel_safety_gate]: command authorization updated: source=estop:/planning/state_machine/estop state=platform_status_stale=117.55s,route_safety_hold=lanelet_footprint_cost
[INFO] [1785779376.419621095] [control.cmd_vel_safety_gate]: command authorization updated: source=estop:/planning/state_machine/estop state=platform_status_stale=117.75s,route_safety_hold=lanelet_footprint_cost
[INFO] [1785779376.619238605] [control.cmd_vel_safety_gate]: command authorization updated: source=estop:/planning/state_machine/estop state=platform_status_stale=117.95s,route_safety_hold=lanelet_footprint_cost
[INFO] [1785779376.819405843] [control.cmd_vel_safety_gate]: command authorization updated: source=estop:/planning/state_machine/estop state=platform_status_stale=118.15s,route_safety_hold=lanelet_footprint_cost
[INFO] [1785779377.019231872] [control.cmd_vel_safety_gate]: command authorization updated: source=estop:/planning/state_machine/estop state=platform_status_stale=118.35s,route_safety_hold=lanelet_footprint_cost
[INFO] [1785779377.219581261] [control.cmd_vel_safety_gate]: command authorization updated: source=estop:/planning/state_machine/estop state=platform_status_stale=118.55s,route_safety_hold=lanelet_footprint_cost
[INFO] [1785779377.419347276] [control.cmd_vel_safety_gate]: command authorization updated: source=estop:/planning/state_machine/estop state=platform_status_stale=118.75s,route_safety_hold=lanelet_footprint_cost
[INFO] [1785779377.619408835] [control.cmd_vel_safety_gate]: command authorization updated: source=estop:/planning/state_machine/estop state=platform_status_stale=118.95s,route_safety_hold=lanelet_footprint_cost
[INFO] [1785779377.819291937] [control.cmd_vel_safety_gate]: command authorization updated: source=estop:/planning/state_machine/estop state=platform_status_stale=119.15s,route_safety_hold=lanelet_footprint_cost
[INFO] [1785779378.019354509] [control.cmd_vel_safety_gate]: command authorization updated: source=estop:/planning/state_machine/estop state=platform_status_stale=119.35s,route_safety_hold=lanelet_footprint_cost
[INFO] [1785779378.219310579] [control.cmd_vel_safety_gate]: command authorization updated: source=estop:/planning/state_machine/estop state=platform_status_stale=119.55s,route_safety_hold=lanelet_footprint_cost
[INFO] [1785779378.419280675] [control.cmd_vel_safety_gate]: command authorization updated: source=estop:/planning/state_machine/estop state=platform_status_stale=119.75s,route_safety_hold=lanelet_footprint_cost
[INFO] [1785779378.619275953] [control.cmd_vel_safety_gate]: command authorization updated: source=estop:/planning/state_machine/estop state=platform_status_stale=119.95s,route_safety_hold=lanelet_footprint_cost
[INFO] [1785779378.819201343] [control.cmd_vel_safety_gate]: command authorization updated: source=estop:/planning/state_machine/estop state=platform_status_stale=120.15s,route_safety_hold=lanelet_footprint_cost
[INFO] [1785779379.019599432] [control.cmd_vel_safety_gate]: command authorization updated: source=estop:/planning/state_machine/estop state=platform_status_stale=120.35s,route_safety_hold=lanelet_footprint_cost
[INFO] [1785779379.219286665] [control.cmd_vel_safety_gate]: command authorization updated: source=estop:/planning/state_machine/estop state=platform_status_stale=120.55s,route_safety_hold=lanelet_footprint_cost
[INFO] [1785779379.419301197] [control.cmd_vel_safety_gate]: command authorization updated: source=estop:/planning/state_machine/estop state=platform_status_stale=120.75s,route_safety_hold=lanelet_footprint_cost
[INFO] [1785779379.619511680] [control.cmd_vel_safety_gate]: command authorization updated: source=estop:/planning/state_machine/estop state=platform_status_stale=120.95s,route_safety_hold=lanelet_footprint_cost
[INFO] [1785779379.819211937] [control.cmd_vel_safety_gate]: command authorization updated: source=estop:/planning/state_machine/estop state=platform_status_stale=121.15s,route_safety_hold=lanelet_footprint_cost
[INFO] [1785779380.019358196] [control.cmd_vel_safety_gate]: command authorization updated: source=estop:/planning/state_machine/estop state=platform_status_stale=121.35s,route_safety_hold=lanelet_footprint_cost
[INFO] [1785779380.221509152] [control.cmd_vel_safety_gate]: command authorization updated: source=estop:/planning/state_machine/estop state=platform_status_stale=121.56s,route_safety_hold=lanelet_footprint_cost
[INFO] [1785779380.419381602] [control.cmd_vel_safety_gate]: command authorization updated: source=estop:/planning/state_machine/estop state=platform_status_stale=121.75s,route_safety_hold=lanelet_footprint_cost
[INFO] [1785779380.619676557] [control.cmd_vel_safety_gate]: command authorization updated: source=estop:/planning/state_machine/estop state=platform_status_stale=121.95s,route_safety_hold=lanelet_footprint_cost
[INFO] [1785779380.819221957] [control.cmd_vel_safety_gate]: command authorization updated: source=estop:/planning/state_machine/estop state=platform_status_stale=122.15s,route_safety_hold=lanelet_footprint_cost
[INFO] [1785779381.019349733] [control.cmd_vel_safety_gate]: command authorization updated: source=estop:/planning/state_machine/estop state=platform_status_stale=122.35s,route_safety_hold=lanelet_footprint_cost
[INFO] [1785779381.219335419] [control.cmd_vel_safety_gate]: command authorization updated: source=estop:/planning/state_machine/estop state=platform_status_stale=122.55s,route_safety_hold=lanelet_footprint_cost
[INFO] [1785779381.419382270] [control.cmd_vel_safety_gate]: command authorization updated: source=estop:/planning/state_machine/estop state=platform_status_stale=122.75s,route_safety_hold=lanelet_footprint_cost
[INFO] [1785779381.619467082] [control.cmd_vel_safety_gate]: command authorization updated: source=estop:/planning/state_machine/estop state=platform_status_stale=122.95s,route_safety_hold=lanelet_footprint_cost
[INFO] [1785779381.819238235] [control.cmd_vel_safety_gate]: command authorization updated: source=estop:/planning/state_machine/estop state=platform_status_stale=123.15s,route_safety_hold=lanelet_footprint_cost
[INFO] [1785779382.019310513] [control.cmd_vel_safety_gate]: command authorization updated: source=estop:/planning/state_machine/estop state=platform_status_stale=123.35s,route_safety_hold=lanelet_footprint_cost
[INFO] [1785779382.219280471] [control.cmd_vel_safety_gate]: command authorization updated: source=estop:/planning/state_machine/estop state=platform_status_stale=123.55s,route_safety_hold=lanelet_footprint_cost
[INFO] [1785779382.419323956] [control.cmd_vel_safety_gate]: command authorization updated: source=estop:/planning/state_machine/estop state=platform_status_stale=123.75s,route_safety_hold=lanelet_footprint_cost
[INFO] [1785779382.619220215] [control.cmd_vel_safety_gate]: command authorization updated: source=estop:/planning/state_machine/estop state=platform_status_stale=123.95s,route_safety_hold=lanelet_footprint_cost
[INFO] [1785779382.819211647] [control.cmd_vel_safety_gate]: command authorization updated: source=estop:/planning/state_machine/estop state=platform_status_stale=124.15s,route_safety_hold=lanelet_footprint_cost
[INFO] [1785779383.019442183] [control.cmd_vel_safety_gate]: command authorization updated: source=estop:/planning/state_machine/estop state=platform_status_stale=124.35s,route_safety_hold=lanelet_footprint_cost
[INFO] [1785779383.219293754] [control.cmd_vel_safety_gate]: command authorization updated: source=estop:/planning/state_machine/estop state=platform_status_stale=124.55s,route_safety_hold=lanelet_footprint_cost
[INFO] [1785779383.419288610] [control.cmd_vel_safety_gate]: command authorization updated: source=estop:/planning/state_machine/estop state=platform_status_stale=124.75s,route_safety_hold=lanelet_footprint_cost
[INFO] [1785779383.619209394] [control.cmd_vel_safety_gate]: command authorization updated: source=estop:/planning/state_machine/estop state=platform_status_stale=124.95s,route_safety_hold=lanelet_footprint_cost
[INFO] [1785779383.819173939] [control.cmd_vel_safety_gate]: command authorization updated: source=estop:/planning/state_machine/estop state=platform_status_stale=125.15s,route_safety_hold=lanelet_footprint_cost
[INFO] [1785779384.019410487] [control.cmd_vel_safety_gate]: command authorization updated: source=estop:/planning/state_machine/estop state=platform_status_stale=125.35s,route_safety_hold=lanelet_footprint_cost
[INFO] [1785779384.219268724] [control.cmd_vel_safety_gate]: command authorization updated: source=estop:/planning/state_machine/estop state=platform_status_stale=125.55s,route_safety_hold=lanelet_footprint_cost
[INFO] [1785779384.419350903] [control.cmd_vel_safety_gate]: command authorization updated: source=estop:/planning/state_machine/estop state=platform_status_stale=125.75s,route_safety_hold=lanelet_footprint_cost
[INFO] [1785779384.619271942] [control.cmd_vel_safety_gate]: command authorization updated: source=estop:/planning/state_machine/estop state=platform_status_stale=125.95s,route_safety_hold=lanelet_footprint_cost
[INFO] [1785779384.819173881] [control.cmd_vel_safety_gate]: command authorization updated: source=estop:/planning/state_machine/estop state=platform_status_stale=126.15s,route_safety_hold=lanelet_footprint_cost
[INFO] [1785779385.019393897] [control.cmd_vel_safety_gate]: command authorization updated: source=estop:/planning/state_machine/estop state=platform_status_stale=126.35s,route_safety_hold=lanelet_footprint_cost
[INFO] [1785779385.219522757] [control.cmd_vel_safety_gate]: command authorization updated: source=estop:/planning/state_machine/estop state=platform_status_stale=126.55s,route_safety_hold=lanelet_footprint_cost
[INFO] [1785779385.419599001] [control.cmd_vel_safety_gate]: command authorization updated: source=estop:/planning/state_machine/estop state=platform_status_stale=126.75s,route_safety_hold=lanelet_footprint_cost
[INFO] [1785779385.619410044] [control.cmd_vel_safety_gate]: command authorization updated: source=estop:/planning/state_machine/estop state=platform_status_stale=126.95s,route_safety_hold=lanelet_footprint_cost
[INFO] [1785779385.819176899] [control.cmd_vel_safety_gate]: command authorization updated: source=estop:/planning/state_machine/estop state=platform_status_stale=127.15s,route_safety_hold=lanelet_footprint_cost
[INFO] [1785779386.019335620] [control.cmd_vel_safety_gate]: command authorization updated: source=estop:/planning/state_machine/estop state=platform_status_stale=127.35s,route_safety_hold=lanelet_footprint_cost
[INFO] [1785779386.219304270] [control.cmd_vel_safety_gate]: command authorization updated: source=estop:/planning/state_machine/estop state=platform_status_stale=127.55s,route_safety_hold=lanelet_footprint_cost
[INFO] [1785779386.419382534] [control.cmd_vel_safety_gate]: command authorization updated: source=estop:/planning/state_machine/estop state=platform_status_stale=127.75s,route_safety_hold=lanelet_footprint_cost
[INFO] [1785779386.619354792] [control.cmd_vel_safety_gate]: command authorization updated: source=estop:/planning/state_machine/estop state=platform_status_stale=127.95s,route_safety_hold=lanelet_footprint_cost
[INFO] [1785779386.819285452] [control.cmd_vel_safety_gate]: command authorization updated: source=estop:/planning/state_machine/estop state=platform_status_stale=128.15s,route_safety_hold=lanelet_footprint_cost
[INFO] [1785779387.019396564] [control.cmd_vel_safety_gate]: command authorization updated: source=estop:/planning/state_machine/estop state=platform_status_stale=128.35s,route_safety_hold=lanelet_footprint_cost
[INFO] [1785779387.219286998] [control.cmd_vel_safety_gate]: command authorization updated: source=estop:/planning/state_machine/estop state=platform_status_stale=128.55s,route_safety_hold=lanelet_footprint_cost
[INFO] [1785779387.419447378] [control.cmd_vel_safety_gate]: command authorization updated: source=estop:/planning/state_machine/estop state=platform_status_stale=128.75s,route_safety_hold=lanelet_footprint_cost
[INFO] [1785779387.619506726] [control.cmd_vel_safety_gate]: command authorization updated: source=estop:/planning/state_machine/estop state=platform_status_stale=128.95s,route_safety_hold=lanelet_footprint_cost
[INFO] [1785779387.680848653] [rclcpp]: signal_handler(SIGINT/SIGTERM)
