<?xml version='1.0' encoding='UTF-8'?>
<osm generator="VMB">
  <MetaInfo format_version="1" map_version="5" validation_version="1" />
  <node id="1" lat="36.84341830077" lon="128.09270353754">
    <tag k="local_x" v="12.2241" />
    <tag k="local_y" v="-17.3567" />
    <tag k="ele" v="-2.3294" />
  </node>
  <node id="2" lat="36.84344401787" lon="128.09268394647">
    <tag k="local_x" v="10.5045" />
    <tag k="local_y" v="-14.4873" />
    <tag k="ele" v="-2.0831" />
  </node>
  <node id="4" lat="36.84341173793" lon="128.09269017621">
    <tag k="local_x" v="11.0259" />
    <tag k="local_y" v="-18.0735" />
    <tag k="ele" v="-2.3294" />
  </node>
  <node id="5" lat="36.84343749240" lon="128.09267056473">
    <tag k="local_x" v="9.3044" />
    <tag k="local_y" v="-15.1998" />
    <tag k="ele" v="-2.0831" />
  </node>
  <node id="26" lat="36.84352242386" lon="128.09260041768">
    <tag k="local_x" v="3.1395" />
    <tag k="local_y" v="-5.7186" />
    <tag k="ele" v="-1.2394" />
  </node>
  <node id="27" lat="36.84353934193" lon="128.09258808004">
    <tag k="local_x" v="2.0573" />
    <tag k="local_y" v="-3.8314" />
    <tag k="ele" v="-1.0902" />
  </node>
  <node id="29" lat="36.84351605605" lon="128.09258689793">
    <tag k="local_x" v="1.9274" />
    <tag k="local_y" v="-6.4136" />
    <tag k="ele" v="-1.2394" />
  </node>
  <node id="30" lat="36.84353297337" lon="128.09257456988">
    <tag k="local_x" v="0.8460" />
    <tag k="local_y" v="-4.5264" />
    <tag k="ele" v="-1.0902" />
  </node>
  <node id="33" lat="36.84356998177" lon="128.09257822607">
    <tag k="local_x" v="1.2110" />
    <tag k="local_y" v="-0.4240" />
    <tag k="ele" v="-0.9177" />
  </node>
  <node id="34" lat="36.84358495310" lon="128.09256526625">
    <tag k="local_x" v="0.0713" />
    <tag k="local_y" v="1.2478" />
    <tag k="ele" v="-0.8576" />
  </node>
  <node id="36" lat="36.84356612097" lon="128.09256273347">
    <tag k="local_x" v="-0.1744" />
    <tag k="local_y" v="-0.8392" />
    <tag k="ele" v="-0.8995" />
  </node>
  <node id="37" lat="36.84357789502" lon="128.09255226886">
    <tag k="local_x" v="-1.0950" />
    <tag k="local_y" v="0.4758" />
    <tag k="ele" v="-0.8574" />
  </node>
  <node id="40" lat="36.84359677859" lon="128.09255536058">
    <tag k="local_x" v="-0.7995" />
    <tag k="local_y" v="2.5680" />
    <tag k="ele" v="-0.8224" />
  </node>
  <node id="41" lat="36.84358993720" lon="128.09254216844">
    <tag k="local_x" v="-1.9829" />
    <tag k="local_y" v="1.8203" />
    <tag k="ele" v="-0.8227" />
  </node>
  <node id="42" lat="36.84360896363" lon="128.09254617052">
    <tag k="local_x" v="-1.6060" />
    <tag k="local_y" v="3.9276" />
    <tag k="ele" v="-0.799" />
  </node>
  <node id="43" lat="36.84360232971" lon="128.09253279291">
    <tag k="local_x" v="-2.8058" />
    <tag k="local_y" v="3.2030" />
    <tag k="ele" v="-0.7996" />
  </node>
  <node id="44" lat="36.84362174523" lon="128.09253832497">
    <tag k="local_x" v="-2.2921" />
    <tag k="local_y" v="5.3521" />
    <tag k="ele" v="-0.7953" />
  </node>
  <node id="45" lat="36.84361531835" lon="128.09252474532">
    <tag k="local_x" v="-3.5096" />
    <tag k="local_y" v="4.6507" />
    <tag k="ele" v="-0.7951" />
  </node>
  <node id="46" lat="36.84363466924" lon="128.09253085763">
    <tag k="local_x" v="-2.9443" />
    <tag k="local_y" v="6.7922" />
    <tag k="ele" v="-0.8023" />
  </node>
  <node id="47" lat="36.84362847230" lon="128.09251712296">
    <tag k="local_x" v="-4.1754" />
    <tag k="local_y" v="6.1163" />
    <tag k="ele" v="-0.8015" />
  </node>
  <node id="48" lat="36.84368664780" lon="128.09250169057">
    <tag k="local_x" v="-5.4901" />
    <tag k="local_y" v="12.5831" />
    <tag k="ele" v="-0.8738" />
  </node>
  <node id="49" lat="36.84368141135" lon="128.09248742574">
    <tag k="local_x" v="-6.7675" />
    <tag k="local_y" v="12.0142" />
    <tag k="ele" v="-0.8738" />
  </node>
  <node id="50" lat="36.84383888063" lon="128.09239874745">
    <tag k="local_x" v="-14.5082" />
    <tag k="local_y" v="29.5581" />
    <tag k="ele" v="-1.0682" />
  </node>
  <node id="51" lat="36.84383166870" lon="128.09238586713">
    <tag k="local_x" v="-15.6642" />
    <tag k="local_y" v="28.7689" />
    <tag k="ele" v="-1.0682" />
  </node>
  <node id="52" lat="36.84386672555" lon="128.09237894456">
    <tag k="local_x" v="-16.2445" />
    <tag k="local_y" v="32.6638" />
    <tag k="ele" v="-1.1381" />
  </node>
  <node id="53" lat="36.84387924653" lon="128.09237030049">
    <tag k="local_x" v="-17.0020" />
    <tag k="local_y" v="34.0601" />
    <tag k="ele" v="-1.1467" />
  </node>
  <node id="55" lat="36.84386059627" lon="128.09236521432">
    <tag k="local_x" v="-17.4751" />
    <tag k="local_y" v="31.9955" />
    <tag k="ele" v="-1.1381" />
  </node>
  <node id="56" lat="36.84387318991" lon="128.09235651150">
    <tag k="local_x" v="-18.2378" />
    <tag k="local_y" v="33.3999" />
    <tag k="ele" v="-1.1467" />
  </node>
  <node id="59" lat="36.84391775444" lon="128.09234997450">
    <tag k="local_x" v="-18.7737" />
    <tag k="local_y" v="38.3492" />
    <tag k="ele" v="-1.1227" />
  </node>
  <node id="60" lat="36.84391374440" lon="128.09233505038">
    <tag k="local_x" v="-20.1085" />
    <tag k="local_y" v="37.9170" />
    <tag k="ele" v="-1.1227" />
  </node>
  <node id="61" lat="36.84393819698" lon="128.09236520462">
    <tag k="local_x" v="-17.3942" />
    <tag k="local_y" v="40.6041" />
    <tag k="ele" v="-1.1885" />
  </node>
  <node id="62" lat="36.84393479326" lon="128.09241340937">
    <tag k="local_x" v="-13.0998" />
    <tag k="local_y" v="40.1857" />
    <tag k="ele" v="-1.3915" />
  </node>
  <node id="64" lat="36.84395115321" lon="128.09236059010">
    <tag k="local_x" v="-17.7920" />
    <tag k="local_y" v="42.0453" />
    <tag k="ele" v="-1.1885" />
  </node>
  <node id="65" lat="36.84394814272" lon="128.09241088284">
    <tag k="local_x" v="-13.3110" />
    <tag k="local_y" v="41.6687" />
    <tag k="ele" v="-1.3915" />
  </node>
  <node id="68" lat="36.84394415751" lon="128.09249457048">
    <tag k="local_x" v="-5.8536" />
    <tag k="local_y" v="41.1557" />
    <tag k="ele" v="-1.6869" />
  </node>
  <node id="69" lat="36.84395757721" lon="128.09249254923">
    <tag k="local_x" v="-6.0196" />
    <tag k="local_y" v="42.6462" />
    <tag k="ele" v="-1.6869" />
  </node>
  <node id="70" lat="36.84394817394" lon="128.09254692419">
    <tag k="local_x" v="-1.1814" />
    <tag k="local_y" v="41.5570" />
    <tag k="ele" v="-1.9254" />
  </node>
  <node id="71" lat="36.84396164264" lon="128.09254535354">
    <tag k="local_x" v="-1.3073" />
    <tag k="local_y" v="43.0524" />
    <tag k="ele" v="-1.9254" />
  </node>
  <node id="79" lat="36.84394940155" lon="128.09261156759">
    <tag k="local_x" v="4.5835" />
    <tag k="local_y" v="41.6384" />
    <tag k="ele" v="-2.162" />
  </node>
  <node id="80" lat="36.84395310083" lon="128.09264939077">
    <tag k="local_x" v="7.9598" />
    <tag k="local_y" v="42.0168" />
    <tag k="ele" v="-2.348" />
  </node>
  <node id="82" lat="36.84396191900" lon="128.09260970429">
    <tag k="local_x" v="4.4306" />
    <tag k="local_y" v="43.0286" />
    <tag k="ele" v="-2.162" />
  </node>
  <node id="83" lat="36.84396556552" lon="128.09264744754">
    <tag k="local_x" v="7.7996" />
    <tag k="local_y" v="43.4012" />
    <tag k="ele" v="-2.348" />
  </node>
  <node id="88" lat="36.84395493198" lon="128.09266583539">
    <tag k="local_x" v="9.4279" />
    <tag k="local_y" v="42.2060" />
    <tag k="ele" v="-2.5786" />
  </node>
  <node id="89" lat="36.84396732876" lon="128.09266408220">
    <tag k="local_x" v="9.2846" />
    <tag k="local_y" v="43.5827" />
    <tag k="ele" v="-2.5786" />
  </node>
  <node id="90" lat="36.84395531155" lon="128.09266867165">
    <tag k="local_x" v="9.6812" />
    <tag k="local_y" v="42.2457" />
    <tag k="ele" v="-2.6538" />
  </node>
  <node id="91" lat="36.84396768366" lon="128.09267091735">
    <tag k="local_x" v="9.8944" />
    <tag k="local_y" v="43.6163" />
    <tag k="ele" v="-2.6538" />
  </node>
  <node id="92" lat="36.84393008827" lon="128.09268475828">
    <tag k="local_x" v="11.0889" />
    <tag k="local_y" v="39.4339" />
    <tag k="ele" v="-2.9525" />
  </node>
  <node id="95" lat="36.84393195507" lon="128.09270016805">
    <tag k="local_x" v="12.4648" />
    <tag k="local_y" v="39.6280" />
    <tag k="ele" v="-2.9525" />
  </node>
  <node id="99" lat="36.84387922042" lon="128.09268148199">
    <tag k="local_x" v="10.7432" />
    <tag k="local_y" v="33.7937" />
    <tag k="ele" v="-3.1893" />
  </node>
  <node id="100" lat="36.84387809844" lon="128.09269712398">
    <tag k="local_x" v="12.1367" />
    <tag k="local_y" v="33.6560" />
    <tag k="ele" v="-3.1893" />
  </node>
  <node id="110" lat="36.84375060409" lon="128.09268824891">
    <tag k="local_x" v="11.2110" />
    <tag k="local_y" v="19.5200" />
    <tag k="ele" v="-2.7403" />
  </node>
  <node id="111" lat="36.84374526476" lon="128.09269057335">
    <tag k="local_x" v="11.4127" />
    <tag k="local_y" v="18.9257" />
    <tag k="ele" v="-2.7098" />
  </node>
  <node id="113" lat="36.84375476795" lon="128.09270303128">
    <tag k="local_x" v="12.5334" />
    <tag k="local_y" v="19.9694" />
    <tag k="ele" v="-2.7403" />
  </node>
  <node id="114" lat="36.84374948237" lon="128.09270534815">
    <tag k="local_x" v="12.7344" />
    <tag k="local_y" v="19.3811" />
    <tag k="ele" v="-2.7098" />
  </node>
  <node id="117" lat="36.84372465879" lon="128.09270042152">
    <tag k="local_x" v="12.2690" />
    <tag k="local_y" v="16.6315" />
    <tag k="ele" v="-2.6503" />
  </node>
  <node id="118" lat="36.84372943036" lon="128.09271495206">
    <tag k="local_x" v="13.5696" />
    <tag k="local_y" v="17.1485" />
    <tag k="ele" v="-2.6503" />
  </node>
  <node id="126" lat="36.84385092163" lon="128.09267925694">
    <tag k="local_x" v="10.5150" />
    <tag k="local_y" v="30.6563" />
    <tag k="ele" v="-3.3671" />
  </node>
  <node id="127" lat="36.84382893082" lon="128.09267821993">
    <tag k="local_x" v="10.3994" />
    <tag k="local_y" v="28.2176" />
    <tag k="ele" v="-3.3667" />
  </node>
  <node id="129" lat="36.84385044503" lon="128.09269494778">
    <tag k="local_x" v="11.9135" />
    <tag k="local_y" v="30.5901" />
    <tag k="ele" v="-3.3671" />
  </node>
  <node id="130" lat="36.84382843808" lon="128.09269390292">
    <tag k="local_x" v="11.7972" />
    <tag k="local_y" v="28.1497" />
    <tag k="ele" v="-3.3667" />
  </node>
  <node id="133" lat="36.84381494951" lon="128.09267757339">
    <tag k="local_x" v="10.3270" />
    <tag k="local_y" v="26.6672" />
    <tag k="ele" v="-3.2805" />
  </node>
  <node id="134" lat="36.84381493058" lon="128.09269321616">
    <tag k="local_x" v="11.7217" />
    <tag k="local_y" v="26.6518" />
    <tag k="ele" v="-3.2805" />
  </node>
  <node id="135" lat="36.84379729221" lon="128.09267819227">
    <tag k="local_x" v="10.3636" />
    <tag k="local_y" v="24.7079" />
    <tag k="ele" v="-3.0667" />
  </node>
  <node id="136" lat="36.84379765017" lon="128.09269379459">
    <tag k="local_x" v="11.7551" />
    <tag k="local_y" v="24.7344" />
    <tag k="ele" v="-3.0667" />
  </node>
  <node id="137" lat="36.84369606425" lon="128.09271420932">
    <tag k="local_x" v="13.4682" />
    <tag k="local_y" v="13.4477" />
    <tag k="ele" v="-2.7267" />
  </node>
  <node id="138" lat="36.84368591768" lon="128.09271912715">
    <tag k="local_x" v="13.8960" />
    <tag k="local_y" v="12.3179" />
    <tag k="ele" v="-2.768" />
  </node>
  <node id="140" lat="36.84369999978" lon="128.09272673198">
    <tag k="local_x" v="14.5889" />
    <tag k="local_y" v="13.8737" />
    <tag k="ele" v="-2.7267" />
  </node>
  <node id="141" lat="36.84368987487" lon="128.09273167179">
    <tag k="local_x" v="15.0187" />
    <tag k="local_y" v="12.7463" />
    <tag k="ele" v="-2.768" />
  </node>
  <node id="144" lat="36.84364559554" lon="128.09274016044">
    <tag k="local_x" v="15.7289" />
    <tag k="local_y" v="7.8270" />
    <tag k="ele" v="-2.9862" />
  </node>
  <node id="145" lat="36.84364989415" lon="128.09275249192">
    <tag k="local_x" v="16.8329" />
    <tag k="local_y" v="8.2934" />
    <tag k="ele" v="-2.9862" />
  </node>
  <node id="169" lat="36.84370096894" lon="128.09247618615">
    <tag k="local_x" v="-7.7490" />
    <tag k="local_y" v="14.1934" />
    <tag k="ele" v="-0.8973" />
  </node>
  <node id="170" lat="36.84372054597" lon="128.09246491443">
    <tag k="local_x" v="-8.7333" />
    <tag k="local_y" v="16.3747" />
    <tag k="ele" v="-0.9187" />
  </node>
  <node id="171" lat="36.84374008088" lon="128.09245359916">
    <tag k="local_x" v="-9.7216" />
    <tag k="local_y" v="18.5513" />
    <tag k="ele" v="-0.9396" />
  </node>
  <node id="172" lat="36.84375948591" lon="128.09244215446">
    <tag k="local_x" v="-10.7216" />
    <tag k="local_y" v="20.7137" />
    <tag k="ele" v="-0.9603" />
  </node>
  <node id="173" lat="36.84377843901" lon="128.09243018752">
    <tag k="local_x" v="-11.7686" />
    <tag k="local_y" v="22.8264" />
    <tag k="ele" v="-0.9813" />
  </node>
  <node id="174" lat="36.84379652189" lon="128.09241663890">
    <tag k="local_x" v="-12.9576" />
    <tag k="local_y" v="24.8439" />
    <tag k="ele" v="-1.0035" />
  </node>
  <node id="175" lat="36.84381393814" lon="128.09240125204">
    <tag k="local_x" v="-14.3111" />
    <tag k="local_y" v="26.7890" />
    <tag k="ele" v="-1.0314" />
  </node>
  <node id="176" lat="36.84370627233" lon="128.09249044041">
    <tag k="local_x" v="-6.4725" />
    <tag k="local_y" v="14.7696" />
    <tag k="ele" v="-0.8973" />
  </node>
  <node id="177" lat="36.84372586788" lon="128.09247915927">
    <tag k="local_x" v="-7.4577" />
    <tag k="local_y" v="16.9530" />
    <tag k="ele" v="-0.9187" />
  </node>
  <node id="178" lat="36.84374545148" lon="128.09246779861">
    <tag k="local_x" v="-8.4499" />
    <tag k="local_y" v="19.1351" />
    <tag k="ele" v="-0.9396" />
  </node>
  <node id="179" lat="36.84376503029" lon="128.09245624836">
    <tag k="local_x" v="-9.4591" />
    <tag k="local_y" v="21.3168" />
    <tag k="ele" v="-0.9603" />
  </node>
  <node id="180" lat="36.84378455700" lon="128.09244391810">
    <tag k="local_x" v="-10.5379" />
    <tag k="local_y" v="23.4935" />
    <tag k="ele" v="-0.9813" />
  </node>
  <node id="181" lat="36.84380343063" lon="128.09242975411">
    <tag k="local_x" v="-11.7809" />
    <tag k="local_y" v="25.5992" />
    <tag k="ele" v="-1.0035" />
  </node>
  <node id="182" lat="36.84382119877" lon="128.09241406236">
    <tag k="local_x" v="-13.1613" />
    <tag k="local_y" v="27.5836" />
    <tag k="ele" v="-1.0314" />
  </node>
  <node id="183" lat="36.84346982897" lon="128.09266462720">
    <tag k="local_x" v="8.8091" />
    <tag k="local_y" v="-11.6076" />
    <tag k="ele" v="-1.8413" />
  </node>
  <node id="184" lat="36.84349594250" lon="128.09264591175">
    <tag k="local_x" v="7.1679" />
    <tag k="local_y" v="-8.6948" />
    <tag k="ele" v="-1.6103" />
  </node>
  <node id="185" lat="36.84346344530" lon="128.09265113827">
    <tag k="local_x" v="7.5997" />
    <tag k="local_y" v="-12.3043" />
    <tag k="ele" v="-1.8413" />
  </node>
  <node id="186" lat="36.84348964086" lon="128.09263233274">
    <tag k="local_x" v="5.9506" />
    <tag k="local_y" v="-9.3824" />
    <tag k="ele" v="-1.6103" />
  </node>
  <node id="187" lat="36.84389154999" lon="128.09236203311">
    <tag k="local_x" v="-17.7261" />
    <tag k="local_y" v="35.4320" />
    <tag k="ele" v="-1.153" />
  </node>
  <node id="188" lat="36.84390432611" lon="128.09235550249">
    <tag k="local_x" v="-18.2949" />
    <tag k="local_y" v="36.8549" />
    <tag k="ele" v="-1.1431" />
  </node>
  <node id="189" lat="36.84388617228" lon="128.09234782059">
    <tag k="local_x" v="-18.9990" />
    <tag k="local_y" v="34.8475" />
    <tag k="ele" v="-1.153" />
  </node>
  <node id="190" lat="36.84389994044" lon="128.09234081874">
    <tag k="local_x" v="-19.6088" />
    <tag k="local_y" v="36.3808" />
    <tag k="ele" v="-1.1431" />
  </node>
  <node id="218" lat="36.84396749163" lon="128.09267522835">
    <tag k="local_x" v="10.2786" />
    <tag k="local_y" v="43.5913" />
    <tag k="ele" v="-2.6538" />
  </node>
  <node id="219" lat="36.84396683574" lon="128.09267944414">
    <tag k="local_x" v="10.6538" />
    <tag k="local_y" v="43.5150" />
    <tag k="ele" v="-2.6538" />
  </node>
  <node id="220" lat="36.84396556550" lon="128.09268342683">
    <tag k="local_x" v="11.0076" />
    <tag k="local_y" v="43.3707" />
    <tag k="ele" v="-2.6538" />
  </node>
  <node id="221" lat="36.84396371439" lon="128.09268707591">
    <tag k="local_x" v="11.3310" />
    <tag k="local_y" v="43.1623" />
    <tag k="ele" v="-2.6542" />
  </node>
  <node id="222" lat="36.84395543626" lon="128.09267158239">
    <tag k="local_x" v="9.9408" />
    <tag k="local_y" v="42.2570" />
    <tag k="ele" v="-2.6538" />
  </node>
  <node id="223" lat="36.84395506438" lon="128.09267443054">
    <tag k="local_x" v="10.1944" />
    <tag k="local_y" v="42.2134" />
    <tag k="ele" v="-2.654" />
  </node>
  <node id="224" lat="36.84395409838" lon="128.09267707119">
    <tag k="local_x" v="10.4288" />
    <tag k="local_y" v="42.1040" />
    <tag k="ele" v="-2.654" />
  </node>
  <node id="225" lat="36.84395259079" lon="128.09267930592">
    <tag k="local_x" v="10.6265" />
    <tag k="local_y" v="41.9348" />
    <tag k="ele" v="-2.649" />
  </node>
  <node id="229" lat="36.84395067793" lon="128.09268093951">
    <tag k="local_x" v="10.7701" />
    <tag k="local_y" v="41.7213" />
    <tag k="ele" v="-2.6518" />
  </node>
  <node id="230" lat="36.84394846598" lon="128.09268188006">
    <tag k="local_x" v="10.8516" />
    <tag k="local_y" v="41.4751" />
    <tag k="ele" v="-2.6695" />
  </node>
  <node id="231" lat="36.84394619497" lon="128.09268247832">
    <tag k="local_x" v="10.9026" />
    <tag k="local_y" v="41.2226" />
    <tag k="ele" v="-2.6983" />
  </node>
  <node id="232" lat="36.84394390120" lon="128.09268286624">
    <tag k="local_x" v="10.9348" />
    <tag k="local_y" v="40.9679" />
    <tag k="ele" v="-2.7331" />
  </node>
  <node id="233" lat="36.84396142708" lon="128.09269030156">
    <tag k="local_x" v="11.6162" />
    <tag k="local_y" v="42.9058" />
    <tag k="ele" v="-2.6521" />
  </node>
  <node id="234" lat="36.84395878458" lon="128.09269306752">
    <tag k="local_x" v="11.8600" />
    <tag k="local_y" v="42.6103" />
    <tag k="ele" v="-2.6466" />
  </node>
  <node id="235" lat="36.84395564500" lon="128.09269483978">
    <tag k="local_x" v="12.0147" />
    <tag k="local_y" v="42.2605" />
    <tag k="ele" v="-2.6651" />
  </node>
  <node id="236" lat="36.84395230780" lon="128.09269596260">
    <tag k="local_x" v="12.1113" />
    <tag k="local_y" v="41.8893" />
    <tag k="ele" v="-2.6978" />
  </node>
  <node id="237" lat="36.84389816340" lon="128.09269936993">
    <tag k="local_x" v="12.3581" />
    <tag k="local_y" v="35.8800" />
    <tag k="ele" v="-3.0877" />
  </node>
  <node id="238" lat="36.84389146910" lon="128.09269862559">
    <tag k="local_x" v="12.2846" />
    <tag k="local_y" v="35.1380" />
    <tag k="ele" v="-3.1209" />
  </node>
  <node id="239" lat="36.84388478871" lon="128.09269789325">
    <tag k="local_x" v="12.2123" />
    <tag k="local_y" v="34.3975" />
    <tag k="ele" v="-3.1549" />
  </node>
  <node id="240" lat="36.84389809947" lon="128.09268364293">
    <tag k="local_x" v="10.9558" />
    <tag k="local_y" v="35.8862" />
    <tag k="ele" v="-3.0909" />
  </node>
  <node id="241" lat="36.84389181913" lon="128.09268290659">
    <tag k="local_x" v="10.8835" />
    <tag k="local_y" v="35.1901" />
    <tag k="ele" v="-3.1243" />
  </node>
  <node id="242" lat="36.84388552469" lon="128.09268222056">
    <tag k="local_x" v="10.8157" />
    <tag k="local_y" v="34.4924" />
    <tag k="ele" v="-3.157" />
  </node>
  <node id="327" lat="36.84392714265" lon="128.09270088793">
    <tag k="local_x" v="12.5239" />
    <tag k="local_y" v="39.0935" />
    <tag k="ele" v="-2.9525" />
  </node>
  <node id="328" lat="36.84392229781" lon="128.09270129823">
    <tag k="local_x" v="12.5554" />
    <tag k="local_y" v="38.5557" />
    <tag k="ele" v="-2.9525" />
  </node>
  <node id="329" lat="36.84391745776" lon="128.09270136693">
    <tag k="local_x" v="12.5564" />
    <tag k="local_y" v="38.0187" />
    <tag k="ele" v="-2.9495" />
  </node>
  <node id="330" lat="36.84391261469" lon="128.09270102580">
    <tag k="local_x" v="12.5209" />
    <tag k="local_y" v="37.4817" />
    <tag k="ele" v="-2.9714" />
  </node>
  <node id="331" lat="36.84392552243" lon="128.09268542393">
    <tag k="local_x" v="11.1434" />
    <tag k="local_y" v="38.9269" />
    <tag k="ele" v="-2.9525" />
  </node>
  <node id="332" lat="36.84392093059" lon="128.09268568851">
    <tag k="local_x" v="11.1622" />
    <tag k="local_y" v="38.4172" />
    <tag k="ele" v="-2.9525" />
  </node>
  <node id="333" lat="36.84391634123" lon="128.09268562224">
    <tag k="local_x" v="11.1514" />
    <tag k="local_y" v="37.9082" />
    <tag k="ele" v="-2.9517" />
  </node>
  <node id="334" lat="36.84391178640" lon="128.09268518654">
    <tag k="local_x" v="11.1078" />
    <tag k="local_y" v="37.4033" />
    <tag k="ele" v="-2.9796" />
  </node>
  <node id="338" lat="36.84390721882" lon="128.09268469653">
    <tag k="local_x" v="11.0593" />
    <tag k="local_y" v="36.8970" />
    <tag k="ele" v="-3.016" />
  </node>
  <node id="339" lat="36.84390265418" lon="128.09268415905">
    <tag k="local_x" v="11.0066" />
    <tag k="local_y" v="36.3911" />
    <tag k="ele" v="-3.0541" />
  </node>
  <node id="340" lat="36.84390779980" lon="128.09270048306">
    <tag k="local_x" v="12.4675" />
    <tag k="local_y" v="36.9481" />
    <tag k="ele" v="-3.0088" />
  </node>
  <node id="341" lat="36.84390299123" lon="128.09269992929">
    <tag k="local_x" v="12.4130" />
    <tag k="local_y" v="36.4151" />
    <tag k="ele" v="-3.0488" />
  </node>
  <node id="342" lat="36.84387377537" lon="128.09269665372">
    <tag k="local_x" v="12.0902" />
    <tag k="local_y" v="33.1768" />
    <tag k="ele" v="-3.1893" />
  </node>
  <node id="343" lat="36.84386941414" lon="128.09269622907">
    <tag k="local_x" v="12.0477" />
    <tag k="local_y" v="32.6934" />
    <tag k="ele" v="-3.1893" />
  </node>
  <node id="344" lat="36.84386508695" lon="128.09269584857">
    <tag k="local_x" v="12.0092" />
    <tag k="local_y" v="32.2137" />
    <tag k="ele" v="-3.1893" />
  </node>
  <node id="345" lat="36.84386074150" lon="128.09269551618">
    <tag k="local_x" v="11.9750" />
    <tag k="local_y" v="31.7319" />
    <tag k="ele" v="-3.1893" />
  </node>
  <node id="346" lat="36.84385638224" lon="128.09269524817">
    <tag k="local_x" v="11.9465" />
    <tag k="local_y" v="31.2485" />
    <tag k="ele" v="-3.1893" />
  </node>
  <node id="347" lat="36.84387477384" lon="128.09268099693">
    <tag k="local_x" v="10.6953" />
    <tag k="local_y" v="33.3008" />
    <tag k="ele" v="-3.1893" />
  </node>
  <node id="348" lat="36.84387035516" lon="128.09268057861">
    <tag k="local_x" v="10.6533" />
    <tag k="local_y" v="32.8110" />
    <tag k="ele" v="-3.1893" />
  </node>
  <node id="349" lat="36.84386590015" lon="128.09268019418">
    <tag k="local_x" v="10.6143" />
    <tag k="local_y" v="32.3171" />
    <tag k="ele" v="-3.1893" />
  </node>
  <node id="350" lat="36.84386144767" lon="128.09267985328">
    <tag k="local_x" v="10.5793" />
    <tag k="local_y" v="31.8235" />
    <tag k="ele" v="-3.1893" />
  </node>
  <node id="351" lat="36.84385702394" lon="128.09267957201">
    <tag k="local_x" v="10.5495" />
    <tag k="local_y" v="31.3330" />
    <tag k="ele" v="-3.1893" />
  </node>
  <node id="355" lat="36.84374004163" lon="128.09269290359">
    <tag k="local_x" v="11.6149" />
    <tag k="local_y" v="18.3443" />
    <tag k="ele" v="-2.6837" />
  </node>
  <node id="356" lat="36.84373496885" lon="128.09269525268">
    <tag k="local_x" v="11.8190" />
    <tag k="local_y" v="17.7796" />
    <tag k="ele" v="-2.6655" />
  </node>
  <node id="357" lat="36.84372987819" lon="128.09269777396">
    <tag k="local_x" v="12.0385" />
    <tag k="local_y" v="17.2127" />
    <tag k="ele" v="-2.6554" />
  </node>
  <node id="358" lat="36.84374440192" lon="128.09270762243">
    <tag k="local_x" v="12.9319" />
    <tag k="local_y" v="18.8156" />
    <tag k="ele" v="-2.6837" />
  </node>
  <node id="359" lat="36.84373951394" lon="128.09270990984">
    <tag k="local_x" v="13.1307" />
    <tag k="local_y" v="18.2714" />
    <tag k="ele" v="-2.6655" />
  </node>
  <node id="360" lat="36.84373457904" lon="128.09271234501">
    <tag k="local_x" v="13.3426" />
    <tag k="local_y" v="17.7219" />
    <tag k="ele" v="-2.6554" />
  </node>
  <node id="361" lat="36.84379067564" lon="128.09269410554">
    <tag k="local_x" v="11.7754" />
    <tag k="local_y" v="23.9604" />
    <tag k="ele" v="-3.03" />
  </node>
  <node id="362" lat="36.84378651812" lon="128.09269448916">
    <tag k="local_x" v="11.8053" />
    <tag k="local_y" v="23.4988" />
    <tag k="ele" v="-3.03" />
  </node>
  <node id="363" lat="36.84378246700" lon="128.09269502555">
    <tag k="local_x" v="11.8488" />
    <tag k="local_y" v="23.0490" />
    <tag k="ele" v="-3.03" />
  </node>
  <node id="364" lat="36.84377843738" lon="128.09269571360">
    <tag k="local_x" v="11.9059" />
    <tag k="local_y" v="22.6014" />
    <tag k="ele" v="-3.03" />
  </node>
  <node id="365" lat="36.84377441365" lon="128.09269655549">
    <tag k="local_x" v="11.9768" />
    <tag k="local_y" v="22.1543" />
    <tag k="ele" v="-3.03" />
  </node>
  <node id="366" lat="36.84377042707" lon="128.09269754682">
    <tag k="local_x" v="12.0609" />
    <tag k="local_y" v="21.7112" />
    <tag k="ele" v="-3.03" />
  </node>
  <node id="367" lat="36.84376646258" lon="128.09269869330">
    <tag k="local_x" v="12.1590" />
    <tag k="local_y" v="21.2704" />
    <tag k="ele" v="-3.03" />
  </node>
  <node id="368" lat="36.84376253640" lon="128.09269999617">
    <tag k="local_x" v="12.2710" />
    <tag k="local_y" v="20.8338" />
    <tag k="ele" v="-3.03" />
  </node>
  <node id="369" lat="36.84375853473" lon="128.09270149066">
    <tag k="local_x" v="12.4000" />
    <tag k="local_y" v="20.3886" />
    <tag k="ele" v="-3.03" />
  </node>
  <node id="370" lat="36.84378974806" lon="128.09267855017">
    <tag k="local_x" v="10.3875" />
    <tag k="local_y" v="23.8706" />
    <tag k="ele" v="-3.03" />
  </node>
  <node id="371" lat="36.84378540347" lon="128.09267893230">
    <tag k="local_x" v="10.4170" />
    <tag k="local_y" v="23.3884" />
    <tag k="ele" v="-3.03" />
  </node>
  <node id="372" lat="36.84378096644" lon="128.09267951436">
    <tag k="local_x" v="10.4643" />
    <tag k="local_y" v="22.8956" />
    <tag k="ele" v="-3.03" />
  </node>
  <node id="373" lat="36.84377653770" lon="128.09268024204">
    <tag k="local_x" v="10.5245" />
    <tag k="local_y" v="22.4037" />
    <tag k="ele" v="-3.03" />
  </node>
  <node id="374" lat="36.84377215245" lon="128.09268116642">
    <tag k="local_x" v="10.6023" />
    <tag k="local_y" v="21.9165" />
    <tag k="ele" v="-3.03" />
  </node>
  <node id="375" lat="36.84376777251" lon="128.09268224119">
    <tag k="local_x" v="10.6935" />
    <tag k="local_y" v="21.4297" />
    <tag k="ele" v="-3.03" />
  </node>
  <node id="376" lat="36.84376342002" lon="128.09268349830">
    <tag k="local_x" v="10.8010" />
    <tag k="local_y" v="20.9458" />
    <tag k="ele" v="-3.03" />
  </node>
  <node id="377" lat="36.84375911918" lon="128.09268492036">
    <tag k="local_x" v="10.9232" />
    <tag k="local_y" v="20.4675" />
    <tag k="ele" v="-3.03" />
  </node>
  <node id="378" lat="36.84375494279" lon="128.09268645113">
    <tag k="local_x" v="11.0553" />
    <tag k="local_y" v="20.0029" />
    <tag k="ele" v="-3.03" />
  </node>
  <node id="382" lat="36.84394893835" lon="128.09269676272">
    <tag k="local_x" v="12.1791" />
    <tag k="local_y" v="41.5149" />
    <tag k="ele" v="-2.7381" />
  </node>
  <node id="383" lat="36.84394554694" lon="128.09269746852">
    <tag k="local_x" v="12.2384" />
    <tag k="local_y" v="41.1381" />
    <tag k="ele" v="-2.7805" />
  </node>
  <node id="384" lat="36.84394213658" lon="128.09269813352">
    <tag k="local_x" v="12.2941" />
    <tag k="local_y" v="40.7592" />
    <tag k="ele" v="-2.824" />
  </node>
  <node id="385" lat="36.84393874442" lon="128.09269876600">
    <tag k="local_x" v="12.3470" />
    <tag k="local_y" v="40.3823" />
    <tag k="ele" v="-2.8678" />
  </node>
  <node id="386" lat="36.84393534444" lon="128.09269942872">
    <tag k="local_x" v="12.4025" />
    <tag k="local_y" v="40.0046" />
    <tag k="ele" v="-2.9106" />
  </node>
  <node id="387" lat="36.84394159916" lon="128.09268320049">
    <tag k="local_x" v="10.9621" />
    <tag k="local_y" v="40.7122" />
    <tag k="ele" v="-2.7691" />
  </node>
  <node id="388" lat="36.84393929253" lon="128.09268350695">
    <tag k="local_x" v="10.9870" />
    <tag k="local_y" v="40.4561" />
    <tag k="ele" v="-2.8059" />
  </node>
  <node id="389" lat="36.84393697716" lon="128.09268380806">
    <tag k="local_x" v="11.0114" />
    <tag k="local_y" v="40.1989" />
    <tag k="ele" v="-2.8431" />
  </node>
  <node id="390" lat="36.84393468518" lon="128.09268408325">
    <tag k="local_x" v="11.0336" />
    <tag k="local_y" v="39.9445" />
    <tag k="ele" v="-2.8804" />
  </node>
  <node id="391" lat="36.84393238096" lon="128.09268440613">
    <tag k="local_x" v="11.0599" />
    <tag k="local_y" v="39.6886" />
    <tag k="ele" v="-2.9168" />
  </node>
  <node id="398" lat="36.84372207428" lon="128.09271790434">
    <tag k="local_x" v="13.8251" />
    <tag k="local_y" v="16.3300" />
    <tag k="ele" v="-2.6694" />
  </node>
  <node id="399" lat="36.84371472810" lon="128.09272084431">
    <tag k="local_x" v="14.0795" />
    <tag k="local_y" v="15.5126" />
    <tag k="ele" v="-2.6885" />
  </node>
  <node id="400" lat="36.84370737708" lon="128.09272380073">
    <tag k="local_x" v="14.3353" />
    <tag k="local_y" v="14.6946" />
    <tag k="ele" v="-2.7076" />
  </node>
  <node id="401" lat="36.84371752028" lon="128.09270386896">
    <tag k="local_x" v="12.5689" />
    <tag k="local_y" v="15.8367" />
    <tag k="ele" v="-2.6694" />
  </node>
  <node id="402" lat="36.84371035504" lon="128.09270731490">
    <tag k="local_x" v="12.8686" />
    <tag k="local_y" v="15.0389" />
    <tag k="ele" v="-2.6885" />
  </node>
  <node id="403" lat="36.84370320590" lon="128.09271075963">
    <tag k="local_x" v="13.1682" />
    <tag k="local_y" v="14.2429" />
    <tag k="ele" v="-2.7076" />
  </node>
  <node id="404" lat="36.84359254987" lon="128.09276461472">
    <tag k="local_x" v="17.8534" />
    <tag k="local_y" v="1.9217" />
    <tag k="ele" v="-3.3425" />
  </node>
  <node id="405" lat="36.84358073648" lon="128.09277151643">
    <tag k="local_x" v="18.4563" />
    <tag k="local_y" v="0.6054" />
    <tag k="ele" v="-3.4449" />
  </node>
  <node id="407" lat="36.84359808381" lon="128.09277873553">
    <tag k="local_x" v="19.1183" />
    <tag k="local_y" v="2.5237" />
    <tag k="ele" v="-3.3425" />
  </node>
  <node id="408" lat="36.84358638909" lon="128.09278556096">
    <tag k="local_x" v="19.7145" />
    <tag k="local_y" v="1.2206" />
    <tag k="ele" v="-3.4441" />
  </node>
  <node id="411" lat="36.84356886377" lon="128.09277823665">
    <tag k="local_x" v="19.0430" />
    <tag k="local_y" v="-0.7174" />
    <tag k="ele" v="-3.54" />
  </node>
  <node id="412" lat="36.84357464980" lon="128.09279223445">
    <tag k="local_x" v="20.2972" />
    <tag k="local_y" v="-0.0874" />
    <tag k="ele" v="-3.5381" />
  </node>
  <node id="413" lat="36.84353368716" lon="128.09279947767">
    <tag k="local_x" v="20.8998" />
    <tag k="local_y" v="-4.6377" />
    <tag k="ele" v="-3.8142" />
  </node>
  <node id="414" lat="36.84353982092" lon="128.09281319298">
    <tag k="local_x" v="22.1292" />
    <tag k="local_y" v="-3.9688" />
    <tag k="ele" v="-3.8142" />
  </node>
  <node id="415" lat="36.84352311425" lon="128.09280590951">
    <tag k="local_x" v="21.4622" />
    <tag k="local_y" v="-5.8160" />
    <tag k="ele" v="-3.8748" />
  </node>
  <node id="416" lat="36.84352907766" lon="128.09281977585">
    <tag k="local_x" v="22.7048" />
    <tag k="local_y" v="-5.1662" />
    <tag k="ele" v="-3.8726" />
  </node>
  <node id="417" lat="36.84351219928" lon="128.09281138772">
    <tag k="local_x" v="21.9391" />
    <tag k="local_y" v="-7.0315" />
    <tag k="ele" v="-3.946" />
  </node>
  <node id="418" lat="36.84351797158" lon="128.09282541871">
    <tag k="local_x" v="23.1962" />
    <tag k="local_y" v="-6.4030" />
    <tag k="ele" v="-3.9407" />
  </node>
  <node id="419" lat="36.84347984343" lon="128.09282883676">
    <tag k="local_x" v="23.4608" />
    <tag k="local_y" v="-10.6356" />
    <tag k="ele" v="-4.2103" />
  </node>
  <node id="420" lat="36.84348505099" lon="128.09284315601">
    <tag k="local_x" v="24.7430" />
    <tag k="local_y" v="-10.0701" />
    <tag k="ele" v="-4.2103" />
  </node>
  <node id="421" lat="36.84346757890" lon="128.09283734027">
    <tag k="local_x" v="24.2061" />
    <tag k="local_y" v="-12.0034" />
    <tag k="ele" v="-4.3044" />
  </node>
  <node id="422" lat="36.84347366384" lon="128.09285106479">
    <tag k="local_x" v="25.4362" />
    <tag k="local_y" v="-11.3400" />
    <tag k="ele" v="-4.3009" />
  </node>
  <node id="423" lat="36.84345539596" lon="128.09284608438">
    <tag k="local_x" v="24.9729" />
    <tag k="local_y" v="-13.3623" />
    <tag k="ele" v="-4.3946" />
  </node>
  <node id="424" lat="36.84346236688" lon="128.09285915871">
    <tag k="local_x" v="26.1459" />
    <tag k="local_y" v="-12.6001" />
    <tag k="ele" v="-4.3886" />
  </node>
  <node id="425" lat="36.84342379570" lon="128.09288043531">
    <tag k="local_x" v="28.0024" />
    <tag k="local_y" v="-16.8969" />
    <tag k="ele" v="-4.5742" />
  </node>
  <node id="426" lat="36.84343310444" lon="128.09289105610">
    <tag k="local_x" v="28.9591" />
    <tag k="local_y" v="-15.8733" />
    <tag k="ele" v="-4.5742" />
  </node>
  <node id="434" lat="36.84340899611" lon="128.09289795347">
    <tag k="local_x" v="29.5487" />
    <tag k="local_y" v="-18.5535" />
    <tag k="ele" v="-4.6994" />
  </node>
  <node id="435" lat="36.84339771685" lon="128.09290867621">
    <tag k="local_x" v="30.4929" />
    <tag k="local_y" v="-19.8139" />
    <tag k="ele" v="-4.7104" />
  </node>
  <node id="437" lat="36.84341666825" lon="128.09291042370">
    <tag k="local_x" v="30.6687" />
    <tag k="local_y" v="-17.7130" />
    <tag k="ele" v="-4.6994" />
  </node>
  <node id="438" lat="36.84340538015" lon="128.09292114762">
    <tag k="local_x" v="31.6129" />
    <tag k="local_y" v="-18.9743" />
    <tag k="ele" v="-4.7104" />
  </node>
  <node id="477" lat="36.84335725732" lon="128.09294069560">
    <tag k="local_x" v="33.3052" />
    <tag k="local_y" v="-24.3293" />
    <tag k="ele" v="-4.0532" />
  </node>
  <node id="478" lat="36.84335065179" lon="128.09293249779">
    <tag k="local_x" v="32.5673" />
    <tag k="local_y" v="-25.0552" />
    <tag k="ele" v="-4.0154" />
  </node>
  <node id="480" lat="36.84334809976" lon="128.09295151172">
    <tag k="local_x" v="34.2599" />
    <tag k="local_y" v="-25.3544" />
    <tag k="ele" v="-4.0532" />
  </node>
  <node id="481" lat="36.84334061007" lon="128.09294218406">
    <tag k="local_x" v="33.4204" />
    <tag k="local_y" v="-26.1773" />
    <tag k="ele" v="-4.0091" />
  </node>
  <node id="484" lat="36.84334439102" lon="128.09292389007">
    <tag k="local_x" v="31.7932" />
    <tag k="local_y" v="-25.7424" />
    <tag k="ele" v="-3.9742" />
  </node>
  <node id="485" lat="36.84333375220" lon="128.09293217911">
    <tag k="local_x" v="32.5211" />
    <tag k="local_y" v="-26.9296" />
    <tag k="ele" v="-3.9628" />
  </node>
  <node id="486" lat="36.84333954974" lon="128.09291402567">
    <tag k="local_x" v="30.9086" />
    <tag k="local_y" v="-26.2711" />
    <tag k="ele" v="-3.9218" />
  </node>
  <node id="487" lat="36.84332829867" lon="128.09292090505">
    <tag k="local_x" v="31.5101" />
    <tag k="local_y" v="-27.5251" />
    <tag k="ele" v="-3.9132" />
  </node>
  <node id="488" lat="36.84333580209" lon="128.09290340448">
    <tag k="local_x" v="29.9576" />
    <tag k="local_y" v="-26.6779" />
    <tag k="ele" v="-3.8605" />
  </node>
  <node id="489" lat="36.84332400935" lon="128.09290884679">
    <tag k="local_x" v="30.4305" />
    <tag k="local_y" v="-27.9907" />
    <tag k="ele" v="-3.8525" />
  </node>
  <node id="490" lat="36.84333281133" lon="128.09289245139">
    <tag k="local_x" v="28.9779" />
    <tag k="local_y" v="-27.0004" />
    <tag k="ele" v="-3.7917" />
  </node>
  <node id="491" lat="36.84332061593" lon="128.09289638382">
    <tag k="local_x" v="29.3157" />
    <tag k="local_y" v="-28.3566" />
    <tag k="ele" v="-3.7802" />
  </node>
  <node id="492" lat="36.84333031276" lon="128.09288129589">
    <tag k="local_x" v="27.9806" />
    <tag k="local_y" v="-27.2681" />
    <tag k="ele" v="-3.7026" />
  </node>
  <node id="493" lat="36.84331779168" lon="128.09288373176">
    <tag k="local_x" v="28.1846" />
    <tag k="local_y" v="-28.6592" />
    <tag k="ele" v="-3.6841" />
  </node>
  <node id="494" lat="36.84334668286" lon="128.09280654214">
    <tag k="local_x" v="21.3327" />
    <tag k="local_y" v="-25.3888" />
    <tag k="ele" v="-2.9435" />
  </node>
  <node id="495" lat="36.84333603595" lon="128.09279813528">
    <tag k="local_x" v="20.5719" />
    <tag k="local_y" v="-26.5628" />
    <tag k="ele" v="-2.9435" />
  </node>
  <node id="508" lat="36.84367573540" lon="128.09272414967">
    <tag k="local_x" v="14.3331" />
    <tag k="local_y" v="11.1841" />
    <tag k="ele" v="-2.8117" />
  </node>
  <node id="509" lat="36.84366561534" lon="128.09272938007">
    <tag k="local_x" v="14.7888" />
    <tag k="local_y" v="10.0570" />
    <tag k="ele" v="-2.8645" />
  </node>
  <node id="510" lat="36.84365557022" lon="128.09273475607">
    <tag k="local_x" v="15.2576" />
    <tag k="local_y" v="8.9381" />
    <tag k="ele" v="-2.9247" />
  </node>
  <node id="511" lat="36.84367979229" lon="128.09273660187">
    <tag k="local_x" v="15.4476" />
    <tag k="local_y" v="11.6236" />
    <tag k="ele" v="-2.8117" />
  </node>
  <node id="512" lat="36.84366982523" lon="128.09274175591">
    <tag k="local_x" v="15.8967" />
    <tag k="local_y" v="10.5136" />
    <tag k="ele" v="-2.8645" />
  </node>
  <node id="513" lat="36.84365986163" lon="128.09274710568">
    <tag k="local_x" v="16.3632" />
    <tag k="local_y" v="9.4037" />
    <tag k="ele" v="-2.9247" />
  </node>
  <node id="537" lat="36.84363693411" lon="128.09275906143">
    <tag k="local_x" v="17.4050" />
    <tag k="local_y" v="6.8502" />
    <tag k="ele" v="-3.0753" />
  </node>
  <node id="538" lat="36.84362397941" lon="128.09276562451">
    <tag k="local_x" v="17.9765" />
    <tag k="local_y" v="5.4075" />
    <tag k="ele" v="-3.1643" />
  </node>
  <node id="539" lat="36.84361102969" lon="128.09277217364">
    <tag k="local_x" v="18.5468" />
    <tag k="local_y" v="3.9654" />
    <tag k="ele" v="-3.2534" />
  </node>
  <node id="540" lat="36.84363234102" lon="128.09274626420">
    <tag k="local_x" v="16.2592" />
    <tag k="local_y" v="6.3515" />
    <tag k="ele" v="-3.0753" />
  </node>
  <node id="541" lat="36.84361906682" lon="128.09275237044">
    <tag k="local_x" v="16.7896" />
    <tag k="local_y" v="4.8737" />
    <tag k="ele" v="-3.1643" />
  </node>
  <node id="542" lat="36.84360581817" lon="128.09275848681">
    <tag k="local_x" v="17.3210" />
    <tag k="local_y" v="3.3988" />
    <tag k="ele" v="-3.2534" />
  </node>
  <node id="553" lat="36.84356271199" lon="128.09279838874">
    <tag k="local_x" v="20.8333" />
    <tag k="local_y" v="-1.4169" />
    <tag k="ele" v="-3.6109" />
  </node>
  <node id="554" lat="36.84355102513" lon="128.09280522662">
    <tag k="local_x" v="21.4307" />
    <tag k="local_y" v="-2.7192" />
    <tag k="ele" v="-3.6983" />
  </node>
  <node id="555" lat="36.84355679431" lon="128.09278446620">
    <tag k="local_x" v="19.5857" />
    <tag k="local_y" v="-2.0616" />
    <tag k="ele" v="-3.6164" />
  </node>
  <node id="556" lat="36.84354503026" lon="128.09279146065">
    <tag k="local_x" v="20.1970" />
    <tag k="local_y" v="-3.3725" />
    <tag k="ele" v="-3.7057" />
  </node>
  <node id="557" lat="36.84350685064" lon="128.09283086369">
    <tag k="local_x" v="23.6700" />
    <tag k="local_y" v="-7.6413" />
    <tag k="ele" v="-4.0184" />
  </node>
  <node id="558" lat="36.84349591795" lon="128.09283691559">
    <tag k="local_x" v="24.1980" />
    <tag k="local_y" v="-8.8593" />
    <tag k="ele" v="-4.1117" />
  </node>
  <node id="559" lat="36.84350126614" lon="128.09281676630">
    <tag k="local_x" v="22.4071" />
    <tag k="local_y" v="-8.2489" />
    <tag k="ele" v="-4.0258" />
  </node>
  <node id="560" lat="36.84349053281" lon="128.09282273183">
    <tag k="local_x" v="22.9277" />
    <tag k="local_y" v="-9.4447" />
    <tag k="ele" v="-4.1165" />
  </node>
  <node id="561" lat="36.84344371950" lon="128.09285582449">
    <tag k="local_x" v="25.8290" />
    <tag k="local_y" v="-14.6659" />
    <tag k="ele" v="-4.462" />
  </node>
  <node id="562" lat="36.84343315024" lon="128.09286735154">
    <tag k="local_x" v="26.8456" />
    <tag k="local_y" v="-15.8481" />
    <tag k="ele" v="-4.5188" />
  </node>
  <node id="563" lat="36.84345152755" lon="128.09286816589">
    <tag k="local_x" v="26.9376" />
    <tag k="local_y" v="-13.8101" />
    <tag k="ele" v="-4.457" />
  </node>
  <node id="564" lat="36.84344166858" lon="128.09287878566">
    <tag k="local_x" v="27.8741" />
    <tag k="local_y" v="-14.9128" />
    <tag k="ele" v="-4.5152" />
  </node>
  <node id="565" lat="36.84342906239" lon="128.09289659184">
    <tag k="local_x" v="29.4484" />
    <tag k="local_y" v="-16.3264" />
    <tag k="ele" v="-4.5819" />
  </node>
  <node id="566" lat="36.84342619557" lon="128.09290019278">
    <tag k="local_x" v="29.7665" />
    <tag k="local_y" v="-16.6474" />
    <tag k="ele" v="-4.5819" />
  </node>
  <node id="567" lat="36.84342312602" lon="128.09290376074">
    <tag k="local_x" v="30.0814" />
    <tag k="local_y" v="-16.9910" />
    <tag k="ele" v="-4.5819" />
  </node>
  <node id="568" lat="36.84342005395" lon="128.09290706107">
    <tag k="local_x" v="30.3724" />
    <tag k="local_y" v="-17.3346" />
    <tag k="ele" v="-4.5819" />
  </node>
  <node id="569" lat="36.84342010289" lon="128.09288553718">
    <tag k="local_x" v="28.4534" />
    <tag k="local_y" v="-17.3109" />
    <tag k="ele" v="-4.5819" />
  </node>
  <node id="570" lat="36.84341740532" lon="128.09288893090">
    <tag k="local_x" v="28.7531" />
    <tag k="local_y" v="-17.6130" />
    <tag k="ele" v="-4.5819" />
  </node>
  <node id="571" lat="36.84341470165" lon="128.09289205825">
    <tag k="local_x" v="29.0291" />
    <tag k="local_y" v="-17.9156" />
    <tag k="ele" v="-4.5819" />
  </node>
  <node id="572" lat="36.84341179946" lon="128.09289517290">
    <tag k="local_x" v="29.3037" />
    <tag k="local_y" v="-18.2402" />
    <tag k="ele" v="-4.5819" />
  </node>
  <node id="590" lat="36.84338220549" lon="128.09292461533">
    <tag k="local_x" v="31.8977" />
    <tag k="local_y" v="-21.5481" />
    <tag k="ele" v="-4.6113" />
  </node>
  <node id="591" lat="36.84337752629" lon="128.09293061967">
    <tag k="local_x" v="32.4281" />
    <tag k="local_y" v="-22.0723" />
    <tag k="ele" v="-4.5568" />
  </node>
  <node id="593" lat="36.84339125199" lon="128.09293559055">
    <tag k="local_x" v="32.8858" />
    <tag k="local_y" v="-20.5538" />
    <tag k="ele" v="-4.6113" />
  </node>
  <node id="594" lat="36.84338656439" lon="128.09294156336">
    <tag k="local_x" v="33.4134" />
    <tag k="local_y" v="-21.0789" />
    <tag k="ele" v="-4.5568" />
  </node>
  <node id="597" lat="36.84336984310" lon="128.09293942319">
    <tag k="local_x" v="33.2050" />
    <tag k="local_y" v="-22.9321" />
    <tag k="ele" v="-4.4216" />
  </node>
  <node id="598" lat="36.84337839527" lon="128.09295095476">
    <tag k="local_x" v="34.2422" />
    <tag k="local_y" v="-21.9931" />
    <tag k="ele" v="-4.4216" />
  </node>
  <node id="599" lat="36.84339561722" lon="128.09293053750">
    <tag k="local_x" v="32.4399" />
    <tag k="local_y" v="-20.0653" />
    <tag k="ele" v="-4.7178" />
  </node>
  <node id="600" lat="36.84339320325" lon="128.09293318574">
    <tag k="local_x" v="32.6734" />
    <tag k="local_y" v="-20.3353" />
    <tag k="ele" v="-4.7178" />
  </node>
  <node id="601" lat="36.84338724079" lon="128.09291879924">
    <tag k="local_x" v="31.3844" />
    <tag k="local_y" v="-20.9846" />
    <tag k="ele" v="-4.7178" />
  </node>
  <node id="602" lat="36.84338483880" lon="128.09292145309">
    <tag k="local_x" v="31.6185" />
    <tag k="local_y" v="-21.2533" />
    <tag k="ele" v="-4.7178" />
  </node>
  <node id="606" lat="36.84340336716" lon="128.09290331430">
    <tag k="local_x" v="30.0208" />
    <tag k="local_y" v="-19.1825" />
    <tag k="ele" v="-4.7049" />
  </node>
  <node id="607" lat="36.84341102710" lon="128.09291578294">
    <tag k="local_x" v="31.1406" />
    <tag k="local_y" v="-18.3433" />
    <tag k="ele" v="-4.7049" />
  </node>
  <node id="619" lat="36.84337491322" lon="128.09295413020">
    <tag k="local_x" v="34.5216" />
    <tag k="local_y" v="-22.3821" />
    <tag k="ele" v="-4.4088" />
  </node>
  <node id="620" lat="36.84337133283" lon="128.09295709395">
    <tag k="local_x" v="34.7821" />
    <tag k="local_y" v="-22.7818" />
    <tag k="ele" v="-4.3975" />
  </node>
  <node id="621" lat="36.84336727622" lon="128.09295888703">
    <tag k="local_x" v="34.9377" />
    <tag k="local_y" v="-23.2333" />
    <tag k="ele" v="-4.3958" />
  </node>
  <node id="622" lat="36.84336299045" lon="128.09295938228">
    <tag k="local_x" v="34.9773" />
    <tag k="local_y" v="-23.7091" />
    <tag k="ele" v="-4.3964" />
  </node>
  <node id="623" lat="36.84336819683" lon="128.09294148041">
    <tag k="local_x" v="33.3867" />
    <tag k="local_y" v="-23.1164" />
    <tag k="ele" v="-4.4032" />
  </node>
  <node id="624" lat="36.84336619810" lon="128.09294297625">
    <tag k="local_x" v="33.5179" />
    <tag k="local_y" v="-23.3394" />
    <tag k="ele" v="-4.3946" />
  </node>
  <node id="625" lat="36.84336392761" lon="128.09294365183">
    <tag k="local_x" v="33.5758" />
    <tag k="local_y" v="-23.5919" />
    <tag k="ele" v="-4.3964" />
  </node>
  <node id="626" lat="36.84336158056" lon="128.09294355078">
    <tag k="local_x" v="33.5643" />
    <tag k="local_y" v="-23.8521" />
    <tag k="ele" v="-4.3964" />
  </node>
  <node id="630" lat="36.84335871402" lon="128.09295885776">
    <tag k="local_x" v="34.9261" />
    <tag k="local_y" v="-24.1831" />
    <tag k="ele" v="-4.3972" />
  </node>
  <node id="631" lat="36.84335464191" lon="128.09295714598">
    <tag k="local_x" v="34.7692" />
    <tag k="local_y" v="-24.6334" />
    <tag k="ele" v="-4.4079" />
  </node>
  <node id="632" lat="36.84335120517" lon="128.09295446420">
    <tag k="local_x" v="34.5264" />
    <tag k="local_y" v="-25.0124" />
    <tag k="ele" v="-4.2569" />
  </node>
  <node id="633" lat="36.84335938060" lon="128.09294263009">
    <tag k="local_x" v="33.4799" />
    <tag k="local_y" v="-24.0954" />
    <tag k="ele" v="-4.4215" />
  </node>
  <node id="634" lat="36.84335777814" lon="128.09294152973">
    <tag k="local_x" v="33.3801" />
    <tag k="local_y" v="-24.2723" />
    <tag k="ele" v="-4.296" />
  </node>
  <node id="635" lat="36.84332855188" lon="128.09286996221">
    <tag k="local_x" v="26.9682" />
    <tag k="local_y" v="-27.4539" />
    <tag k="ele" v="-3.5956" />
  </node>
  <node id="636" lat="36.84332829098" lon="128.09285845269">
    <tag k="local_x" v="25.9418" />
    <tag k="local_y" v="-27.4731" />
    <tag k="ele" v="-3.4732" />
  </node>
  <node id="637" lat="36.84332924040" lon="128.09284701578">
    <tag k="local_x" v="24.9230" />
    <tag k="local_y" v="-27.3581" />
    <tag k="ele" v="-3.3413" />
  </node>
  <node id="638" lat="36.84333197232" lon="128.09283603806">
    <tag k="local_x" v="23.9471" />
    <tag k="local_y" v="-27.0457" />
    <tag k="ele" v="-3.2154" />
  </node>
  <node id="639" lat="36.84333668056" lon="128.09282609132">
    <tag k="local_x" v="23.0652" />
    <tag k="local_y" v="-26.5150" />
    <tag k="ele" v="-3.1053" />
  </node>
  <node id="640" lat="36.84334159329" lon="128.09281625531">
    <tag k="local_x" v="22.1934" />
    <tag k="local_y" v="-25.9617" />
    <tag k="ele" v="-3.0201" />
  </node>
  <node id="641" lat="36.84331602489" lon="128.09287078295">
    <tag k="local_x" v="27.0282" />
    <tag k="local_y" v="-28.8442" />
    <tag k="ele" v="-3.5706" />
  </node>
  <node id="642" lat="36.84331584087" lon="128.09285767516">
    <tag k="local_x" v="25.8593" />
    <tag k="local_y" v="-28.8536" />
    <tag k="ele" v="-3.4463" />
  </node>
  <node id="643" lat="36.84331692325" lon="128.09284464634">
    <tag k="local_x" v="24.6988" />
    <tag k="local_y" v="-28.7225" />
    <tag k="ele" v="-3.319" />
  </node>
  <node id="644" lat="36.84331995193" lon="128.09283210655">
    <tag k="local_x" v="23.5839" />
    <tag k="local_y" v="-28.3759" />
    <tag k="ele" v="-3.2079" />
  </node>
  <node id="645" lat="36.84332482401" lon="128.09282043942">
    <tag k="local_x" v="22.5488" />
    <tag k="local_y" v="-27.8255" />
    <tag k="ele" v="-3.1141" />
  </node>
  <node id="646" lat="36.84333023519" lon="128.09280914374">
    <tag k="local_x" v="21.5474" />
    <tag k="local_y" v="-27.2156" />
    <tag k="ele" v="-3.0266" />
  </node>
  <node id="653" lat="36.84335579798" lon="128.09278519549">
    <tag k="local_x" v="19.4390" />
    <tag k="local_y" v="-24.3596" />
    <tag k="ele" v="-2.8328" />
  </node>
  <node id="654" lat="36.84335738142" lon="128.09278040330">
    <tag k="local_x" v="19.0134" />
    <tag k="local_y" v="-24.1799" />
    <tag k="ele" v="-2.8153" />
  </node>
  <node id="656" lat="36.84334403083" lon="128.09277952982">
    <tag k="local_x" v="18.9215" />
    <tag k="local_y" v="-25.6602" />
    <tag k="ele" v="-2.8328" />
  </node>
  <node id="657" lat="36.84334586873" lon="128.09277394961">
    <tag k="local_x" v="18.4259" />
    <tag k="local_y" v="-25.4516" />
    <tag k="ele" v="-2.8131" />
  </node>
  <node id="660" lat="36.84333927418" lon="128.09279179278">
    <tag k="local_x" v="20.0098" />
    <tag k="local_y" v="-26.1982" />
    <tag k="ele" v="-2.9232" />
  </node>
  <node id="661" lat="36.84334107591" lon="128.09278767661">
    <tag k="local_x" v="19.6447" />
    <tag k="local_y" v="-25.9949" />
    <tag k="ele" v="-2.9232" />
  </node>
  <node id="662" lat="36.84334271240" lon="128.09278348495">
    <tag k="local_x" v="19.2727" />
    <tag k="local_y" v="-25.8098" />
    <tag k="ele" v="-2.9232" />
  </node>
  <node id="663" lat="36.84335033269" lon="128.09279933747">
    <tag k="local_x" v="20.6942" />
    <tag k="local_y" v="-24.9778" />
    <tag k="ele" v="-2.9232" />
  </node>
  <node id="664" lat="36.84335229913" lon="128.09279486316">
    <tag k="local_x" v="20.2973" />
    <tag k="local_y" v="-24.7559" />
    <tag k="ele" v="-2.9232" />
  </node>
  <node id="665" lat="36.84335408633" lon="128.09279027421">
    <tag k="local_x" v="19.8900" />
    <tag k="local_y" v="-24.5538" />
    <tag k="ele" v="-2.9232" />
  </node>
  <node id="680" lat="36.84336425099" lon="128.09273604786">
    <tag k="local_x" v="15.0659" />
    <tag k="local_y" v="-23.3802" />
    <tag k="ele" v="-2.6385" />
  </node>
  <node id="681" lat="36.84336865981" lon="128.09273177445">
    <tag k="local_x" v="14.6895" />
    <tag k="local_y" v="-22.8875" />
    <tag k="ele" v="-2.5919" />
  </node>
  <node id="683" lat="36.84335655319" lon="128.09272359867">
    <tag k="local_x" v="13.9478" />
    <tag k="local_y" v="-24.2237" />
    <tag k="ele" v="-2.6385" />
  </node>
  <node id="684" lat="36.84336151136" lon="128.09271879543">
    <tag k="local_x" v="13.5247" />
    <tag k="local_y" v="-23.6696" />
    <tag k="ele" v="-2.5859" />
  </node>
  <node id="687" lat="36.84337307283" lon="128.09272751227">
    <tag k="local_x" v="14.3141" />
    <tag k="local_y" v="-22.3944" />
    <tag k="ele" v="-2.5459" />
  </node>
  <node id="688" lat="36.84336647715" lon="128.09271404890">
    <tag k="local_x" v="13.1067" />
    <tag k="local_y" v="-23.1147" />
    <tag k="ele" v="-2.5351" />
  </node>
  <node id="689" lat="36.84335879400" lon="128.09277552801">
    <tag k="local_x" v="18.5802" />
    <tag k="local_y" v="-24.0190" />
    <tag k="ele" v="-2.7977" />
  </node>
  <node id="691" lat="36.84334736992" lon="128.09276822292">
    <tag k="local_x" v="17.9168" />
    <tag k="local_y" v="-25.2802" />
    <tag k="ele" v="-2.7908" />
  </node>
  <node id="694" lat="36.84335986733" lon="128.09277051195">
    <tag k="local_x" v="18.1341" />
    <tag k="local_y" v="-23.8957" />
    <tag k="ele" v="-2.7798" />
  </node>
  <node id="695" lat="36.84334833791" lon="128.09276231228">
    <tag k="local_x" v="17.3909" />
    <tag k="local_y" v="-25.1678" />
    <tag k="ele" v="-2.7649" />
  </node>
  <node id="696" lat="36.84334846532" lon="128.09275632476">
    <tag k="local_x" v="16.8571" />
    <tag k="local_y" v="-25.1486" />
    <tag k="ele" v="-2.7403" />
  </node>
  <node id="697" lat="36.84334795177" lon="128.09275032927">
    <tag k="local_x" v="16.3220" />
    <tag k="local_y" v="-25.2005" />
    <tag k="ele" v="-2.719" />
  </node>
  <node id="698" lat="36.84334799656" lon="128.09274432085">
    <tag k="local_x" v="15.7864" />
    <tag k="local_y" v="-25.1904" />
    <tag k="ele" v="-2.711" />
  </node>
  <node id="699" lat="36.84336066699" lon="128.09276542454">
    <tag k="local_x" v="17.6813" />
    <tag k="local_y" v="-23.8027" />
    <tag k="ele" v="-2.7623" />
  </node>
  <node id="700" lat="36.84336101412" lon="128.09276025063">
    <tag k="local_x" v="17.2204" />
    <tag k="local_y" v="-23.7598" />
    <tag k="ele" v="-2.7465" />
  </node>
  <node id="701" lat="36.84336088450" lon="128.09275508148">
    <tag k="local_x" v="16.7594" />
    <tag k="local_y" v="-23.7698" />
    <tag k="ele" v="-2.7324" />
  </node>
  <node id="733" lat="36.84394921403" lon="128.09241905146">
    <tag k="local_x" v="-12.5816" />
    <tag k="local_y" v="41.7806" />
    <tag k="ele" v="-1.4195" />
  </node>
  <node id="734" lat="36.84395029053" lon="128.09242723575">
    <tag k="local_x" v="-11.8507" />
    <tag k="local_y" v="41.8931" />
    <tag k="ele" v="-1.4484" />
  </node>
  <node id="735" lat="36.84395137392" lon="128.09243541249">
    <tag k="local_x" v="-11.1205" />
    <tag k="local_y" v="42.0064" />
    <tag k="ele" v="-1.4771" />
  </node>
  <node id="736" lat="36.84395243512" lon="128.09244359745">
    <tag k="local_x" v="-10.3896" />
    <tag k="local_y" v="42.1172" />
    <tag k="ele" v="-1.5042" />
  </node>
  <node id="737" lat="36.84395347980" lon="128.09245176707">
    <tag k="local_x" v="-9.6601" />
    <tag k="local_y" v="42.2262" />
    <tag k="ele" v="-1.5244" />
  </node>
  <node id="738" lat="36.84395446514" lon="128.09245997029">
    <tag k="local_x" v="-8.9277" />
    <tag k="local_y" v="42.3285" />
    <tag k="ele" v="-1.5231" />
  </node>
  <node id="739" lat="36.84395536769" lon="128.09246819032">
    <tag k="local_x" v="-8.1938" />
    <tag k="local_y" v="42.4217" />
    <tag k="ele" v="-1.5231" />
  </node>
  <node id="740" lat="36.84395618208" lon="128.09247639991">
    <tag k="local_x" v="-7.4610" />
    <tag k="local_y" v="42.5051" />
    <tag k="ele" v="-1.5231" />
  </node>
  <node id="741" lat="36.84393585718" lon="128.09242152627">
    <tag k="local_x" v="-12.3750" />
    <tag k="local_y" v="40.2968" />
    <tag k="ele" v="-1.4193" />
  </node>
  <node id="742" lat="36.84393691565" lon="128.09242964710">
    <tag k="local_x" v="-11.6498" />
    <tag k="local_y" v="40.4074" />
    <tag k="ele" v="-1.448" />
  </node>
  <node id="743" lat="36.84393798509" lon="128.09243776912">
    <tag k="local_x" v="-10.9245" />
    <tag k="local_y" v="40.5191" />
    <tag k="ele" v="-1.4765" />
  </node>
  <node id="744" lat="36.84393904317" lon="128.09244590708">
    <tag k="local_x" v="-10.1978" />
    <tag k="local_y" v="40.6296" />
    <tag k="ele" v="-1.5035" />
  </node>
  <node id="745" lat="36.84394009930" lon="128.09245402959">
    <tag k="local_x" v="-9.4725" />
    <tag k="local_y" v="40.7399" />
    <tag k="ele" v="-1.5241" />
  </node>
  <node id="746" lat="36.84394106878" lon="128.09246218075">
    <tag k="local_x" v="-8.7447" />
    <tag k="local_y" v="40.8405" />
    <tag k="ele" v="-1.5231" />
  </node>
  <node id="747" lat="36.84394196372" lon="128.09247034407">
    <tag k="local_x" v="-8.0159" />
    <tag k="local_y" v="40.9329" />
    <tag k="ele" v="-1.5231" />
  </node>
  <node id="748" lat="36.84394277952" lon="128.09247851635">
    <tag k="local_x" v="-7.2864" />
    <tag k="local_y" v="41.0165" />
    <tag k="ele" v="-1.5231" />
  </node>
  <node id="755" lat="36.84395159309" lon="128.09236780981">
    <tag k="local_x" v="-17.1478" />
    <tag k="local_y" v="42.0880" />
    <tag k="ele" v="-1.2345" />
  </node>
  <node id="756" lat="36.84395187053" lon="128.09237503621">
    <tag k="local_x" v="-16.5032" />
    <tag k="local_y" v="42.1126" />
    <tag k="ele" v="-1.2783" />
  </node>
  <node id="757" lat="36.84393869526" lon="128.09237209731">
    <tag k="local_x" v="-16.7791" />
    <tag k="local_y" v="40.6535" />
    <tag k="ele" v="-1.2355" />
  </node>
  <node id="761" lat="36.84395102651" lon="128.09238219084">
    <tag k="local_x" v="-15.8662" />
    <tag k="local_y" v="42.0129" />
    <tag k="ele" v="-1.3061" />
  </node>
  <node id="762" lat="36.84394985705" lon="128.09238927251">
    <tag k="local_x" v="-15.2360" />
    <tag k="local_y" v="41.8772" />
    <tag k="ele" v="-1.3288" />
  </node>
  <node id="764" lat="36.84393822564" lon="128.09237901115">
    <tag k="local_x" v="-16.1632" />
    <tag k="local_y" v="40.5956" />
    <tag k="ele" v="-1.2716" />
  </node>
  <node id="765" lat="36.84393726641" lon="128.09238584833">
    <tag k="local_x" v="-15.5546" />
    <tag k="local_y" v="40.4834" />
    <tag k="ele" v="-1.3025" />
  </node>
  <node id="766" lat="36.84392315863" lon="128.09233232136">
    <tag k="local_x" v="-20.3419" />
    <tag k="local_y" v="38.9637" />
    <tag k="ele" v="-1.1184" />
  </node>
  <node id="767" lat="36.84392838035" lon="128.09233240176">
    <tag k="local_x" v="-20.3293" />
    <tag k="local_y" v="39.5429" />
    <tag k="ele" v="-1.1184" />
  </node>
  <node id="768" lat="36.84393417074" lon="128.09233411622">
    <tag k="local_x" v="-20.1703" />
    <tag k="local_y" v="40.1838" />
    <tag k="ele" v="-1.1184" />
  </node>
  <node id="769" lat="36.84393952563" lon="128.09233743034">
    <tag k="local_x" v="-19.8692" />
    <tag k="local_y" v="40.7750" />
    <tag k="ele" v="-1.1184" />
  </node>
  <node id="770" lat="36.84394413773" lon="128.09234216225">
    <tag k="local_x" v="-19.4424" />
    <tag k="local_y" v="41.2826" />
    <tag k="ele" v="-1.1184" />
  </node>
  <node id="771" lat="36.84394778070" lon="128.09234808479">
    <tag k="local_x" v="-18.9105" />
    <tag k="local_y" v="41.6817" />
    <tag k="ele" v="-1.1184" />
  </node>
  <node id="772" lat="36.84395001068" lon="128.09235403642">
    <tag k="local_x" v="-18.3775" />
    <tag k="local_y" v="41.9241" />
    <tag k="ele" v="-1.1184" />
  </node>
  <node id="773" lat="36.84392292912" lon="128.09234802626">
    <tag k="local_x" v="-18.9419" />
    <tag k="local_y" v="38.9249" />
    <tag k="ele" v="-1.1184" />
  </node>
  <node id="774" lat="36.84392670086" lon="128.09234813904">
    <tag k="local_x" v="-18.9279" />
    <tag k="local_y" v="39.3432" />
    <tag k="ele" v="-1.1184" />
  </node>
  <node id="775" lat="36.84392962470" lon="128.09234914536">
    <tag k="local_x" v="-18.8351" />
    <tag k="local_y" v="39.6667" />
    <tag k="ele" v="-1.1184" />
  </node>
  <node id="776" lat="36.84393227816" lon="128.09235095248">
    <tag k="local_x" v="-18.6712" />
    <tag k="local_y" v="39.9596" />
    <tag k="ele" v="-1.1184" />
  </node>
  <node id="777" lat="36.84393452783" lon="128.09235342570">
    <tag k="local_x" v="-18.4483" />
    <tag k="local_y" v="40.2070" />
    <tag k="ele" v="-1.1184" />
  </node>
  <node id="778" lat="36.84393627824" lon="128.09235647826">
    <tag k="local_x" v="-18.1743" />
    <tag k="local_y" v="40.3986" />
    <tag k="ele" v="-1.1184" />
  </node>
  <node id="779" lat="36.84393766735" lon="128.09236077916">
    <tag k="local_x" v="-17.7893" />
    <tag k="local_y" v="40.5491" />
    <tag k="ele" v="-1.1184" />
  </node>
  <node id="783" lat="36.84393624638" lon="128.09239266448">
    <tag k="local_x" v="-14.9479" />
    <tag k="local_y" v="40.3644" />
    <tag k="ele" v="-1.3308" />
  </node>
  <node id="784" lat="36.84393550849" lon="128.09239954327">
    <tag k="local_x" v="-14.3354" />
    <tag k="local_y" v="40.2767" />
    <tag k="ele" v="-1.3548" />
  </node>
  <node id="785" lat="36.84393508041" lon="128.09240647258">
    <tag k="local_x" v="-13.7180" />
    <tag k="local_y" v="40.2234" />
    <tag k="ele" v="-1.3727" />
  </node>
  <node id="786" lat="36.84394883512" lon="128.09239642296">
    <tag k="local_x" v="-14.5995" />
    <tag k="local_y" v="41.7578" />
    <tag k="ele" v="-1.3504" />
  </node>
  <node id="787" lat="36.84394843617" lon="128.09240364356">
    <tag k="local_x" v="-13.9562" />
    <tag k="local_y" v="41.7074" />
    <tag k="ele" v="-1.371" />
  </node>
  <node id="788" lat="36.84394351161" lon="128.09248669444">
    <tag k="local_x" v="-6.5565" />
    <tag k="local_y" v="41.0908" />
    <tag k="ele" v="-1.5134" />
  </node>
  <node id="789" lat="36.84395692312" lon="128.09248463762">
    <tag k="local_x" v="-6.7257" />
    <tag k="local_y" v="42.5803" />
    <tag k="ele" v="-1.5141" />
  </node>
  <node id="790" lat="36.84394546217" lon="128.09250762508">
    <tag k="local_x" v="-4.6882" />
    <tag k="local_y" v="41.2894" />
    <tag k="ele" v="-1.7474" />
  </node>
  <node id="791" lat="36.84395888109" lon="128.09250571193">
    <tag k="local_x" v="-4.8447" />
    <tag k="local_y" v="42.7797" />
    <tag k="ele" v="-1.7474" />
  </node>
  <node id="792" lat="36.84394848173" lon="128.09256308863">
    <tag k="local_x" v="0.2601" />
    <tag k="local_y" v="41.5774" />
    <tag k="ele" v="-1.9845" />
  </node>
  <node id="793" lat="36.84394879731" lon="128.09257924744">
    <tag k="local_x" v="1.7012" />
    <tag k="local_y" v="41.5987" />
    <tag k="ele" v="-2.0437" />
  </node>
  <node id="794" lat="36.84394910123" lon="128.09259542370">
    <tag k="local_x" v="3.1438" />
    <tag k="local_y" v="41.6188" />
    <tag k="ele" v="-2.1029" />
  </node>
  <node id="795" lat="36.84396169125" lon="128.09256143750">
    <tag k="local_x" v="0.1268" />
    <tag k="local_y" v="43.0442" />
    <tag k="ele" v="-1.9845" />
  </node>
  <node id="796" lat="36.84396177510" lon="128.09257752332">
    <tag k="local_x" v="1.5611" />
    <tag k="local_y" v="43.0399" />
    <tag k="ele" v="-2.0437" />
  </node>
  <node id="797" lat="36.84396184793" lon="128.09259359891">
    <tag k="local_x" v="2.9945" />
    <tag k="local_y" v="43.0344" />
    <tag k="ele" v="-2.1029" />
  </node>
  <node id="798" lat="36.84396006234" lon="128.09251888638">
    <tag k="local_x" v="-3.6688" />
    <tag k="local_y" v="42.8995" />
    <tag k="ele" v="-1.8075" />
  </node>
  <node id="799" lat="36.84396089634" lon="128.09253209556">
    <tag k="local_x" v="-2.4902" />
    <tag k="local_y" v="42.9809" />
    <tag k="ele" v="-1.8666" />
  </node>
  <node id="800" lat="36.84394662391" lon="128.09252069699">
    <tag k="local_x" v="-3.5215" />
    <tag k="local_y" v="41.4072" />
    <tag k="ele" v="-1.8075" />
  </node>
  <node id="801" lat="36.84394744534" lon="128.09253381413">
    <tag k="local_x" v="-2.3511" />
    <tag k="local_y" v="41.4872" />
    <tag k="ele" v="-1.8666" />
  </node>
  <node id="807" lat="36.84364765333" lon="128.09252351289">
    <tag k="local_x" v="-3.5855" />
    <tag k="local_y" v="8.2388" />
    <tag k="ele" v="-0.8168" />
  </node>
  <node id="808" lat="36.84366067397" lon="128.09251630511">
    <tag k="local_x" v="-4.2144" />
    <tag k="local_y" v="9.6893" />
    <tag k="ele" v="-0.8354" />
  </node>
  <node id="809" lat="36.84367366746" lon="128.09250902096">
    <tag k="local_x" v="-4.8502" />
    <tag k="local_y" v="11.1369" />
    <tag k="ele" v="-0.8547" />
  </node>
  <node id="810" lat="36.84364169444" lon="128.09250964069">
    <tag k="local_x" v="-4.8286" />
    <tag k="local_y" v="7.5895" />
    <tag k="ele" v="-0.8158" />
  </node>
  <node id="811" lat="36.84365493752" lon="128.09250227292">
    <tag k="local_x" v="-5.4716" />
    <tag k="local_y" v="9.0648" />
    <tag k="ele" v="-0.8346" />
  </node>
  <node id="812" lat="36.84366817288" lon="128.09249487959">
    <tag k="local_x" v="-6.1168" />
    <tag k="local_y" v="10.5393" />
    <tag k="ele" v="-0.8543" />
  </node>
  <node id="816" lat="36.84337757744" lon="128.09272342261">
    <tag k="local_x" v="13.9542" />
    <tag k="local_y" v="-21.8912" />
    <tag k="ele" v="-2.5063" />
  </node>
  <node id="818" lat="36.84337159211" lon="128.09270950468">
    <tag k="local_x" v="12.7070" />
    <tag k="local_y" v="-22.5434" />
    <tag k="ele" v="-2.4952" />
  </node>
  <node id="821" lat="36.84338218784" lon="128.09271950686">
    <tag k="local_x" v="13.6099" />
    <tag k="local_y" v="-21.3764" />
    <tag k="ele" v="-2.4755" />
  </node>
  <node id="822" lat="36.84337678242" lon="128.09270514726">
    <tag k="local_x" v="12.3239" />
    <tag k="local_y" v="-21.9639" />
    <tag k="ele" v="-2.4629" />
  </node>
  <node id="841" lat="36.84336058747" lon="128.09274990836">
    <tag k="local_x" v="16.2978" />
    <tag k="local_y" v="-23.7984" />
    <tag k="ele" v="-2.7196" />
  </node>
  <node id="842" lat="36.84336038447" lon="128.09274473370">
    <tag k="local_x" v="15.8362" />
    <tag k="local_y" v="-23.8165" />
    <tag k="ele" v="-2.7104" />
  </node>
  <node id="843" lat="36.84336164083" lon="128.09273982695">
    <tag k="local_x" v="15.4001" />
    <tag k="local_y" v="-23.6730" />
    <tag k="ele" v="-2.7121" />
  </node>
  <node id="844" lat="36.84334861361" lon="128.09273833615">
    <tag k="local_x" v="15.2534" />
    <tag k="local_y" v="-25.1169" />
    <tag k="ele" v="-2.7097" />
  </node>
  <node id="845" lat="36.84335036800" lon="128.09273273308">
    <tag k="local_x" v="14.7557" />
    <tag k="local_y" v="-24.9175" />
    <tag k="ele" v="-2.7114" />
  </node>
  <node id="846" lat="36.84335313034" lon="128.09272781590">
    <tag k="local_x" v="14.3202" />
    <tag k="local_y" v="-24.6069" />
    <tag k="ele" v="-2.6989" />
  </node>
  <node id="863" lat="36.84338688324" lon="128.09271570232">
    <tag k="local_x" v="13.2757" />
    <tag k="local_y" v="-20.8523" />
    <tag k="ele" v="-2.4405" />
  </node>
  <node id="865" lat="36.84338203426" lon="128.09270088420">
    <tag k="local_x" v="11.9493" />
    <tag k="local_y" v="-21.3777" />
    <tag k="ele" v="-2.4167" />
  </node>
  <node id="868" lat="36.84339158491" lon="128.09271196060">
    <tag k="local_x" v="12.9470" />
    <tag k="local_y" v="-20.3276" />
    <tag k="ele" v="-2.381" />
  </node>
  <node id="869" lat="36.84338744562" lon="128.09269694429">
    <tag k="local_x" v="11.6038" />
    <tag k="local_y" v="-20.7741" />
    <tag k="ele" v="-2.3534" />
  </node>
  <node id="875" lat="36.84339075784" lon="128.09269534196">
    <tag k="local_x" v="11.4644" />
    <tag k="local_y" v="-20.4053" />
    <tag k="ele" v="-2.3403" />
  </node>
  <node id="876" lat="36.84339413797" lon="128.09269388123">
    <tag k="local_x" v="11.3377" />
    <tag k="local_y" v="-20.0291" />
    <tag k="ele" v="-2.3248" />
  </node>
  <node id="877" lat="36.84339519978" lon="128.09270987113">
    <tag k="local_x" v="12.7645" />
    <tag k="local_y" v="-19.9248" />
    <tag k="ele" v="-2.3489" />
  </node>
  <node id="878" lat="36.84339898361" lon="128.09270831568">
    <tag k="local_x" v="12.6298" />
    <tag k="local_y" v="-19.5037" />
    <tag k="ele" v="-2.3195" />
  </node>
  <node id="879" lat="36.84340291171" lon="128.09270749206">
    <tag k="local_x" v="12.5605" />
    <tag k="local_y" v="-19.0673" />
    <tag k="ele" v="-2.29" />
  </node>
  <node id="882" lat="36.84339758895" lon="128.09269272321">
    <tag k="local_x" v="11.2381" />
    <tag k="local_y" v="-19.6452" />
    <tag k="ele" v="-2.3055" />
  </node>
  <node id="883" lat="36.84340688004" lon="128.09270744532">
    <tag k="local_x" v="12.5605" />
    <tag k="local_y" v="-18.6270" />
    <tag k="ele" v="-2.2541" />
  </node>
  <node id="894" lat="36.84340111408" lon="128.09269212595">
    <tag k="local_x" v="11.1886" />
    <tag k="local_y" v="-19.2537" />
    <tag k="ele" v="-2.2795" />
  </node>
  <node id="895" lat="36.84340467342" lon="128.09269205725">
    <tag k="local_x" v="11.1862" />
    <tag k="local_y" v="-18.8588" />
    <tag k="ele" v="-2.2505" />
  </node>
  <node id="896" lat="36.84340815361" lon="128.09269110106">
    <tag k="local_x" v="11.1046" />
    <tag k="local_y" v="-18.4719" />
    <tag k="ele" v="-2.2752" />
  </node>
  <node id="897" lat="36.84341083098" lon="128.09270660139">
    <tag k="local_x" v="12.4894" />
    <tag k="local_y" v="-18.1880" />
    <tag k="ele" v="-2.2683" />
  </node>
  <node id="898" lat="36.84341469031" lon="128.09270538547">
    <tag k="local_x" v="12.3851" />
    <tag k="local_y" v="-17.7588" />
    <tag k="ele" v="-2.2999" />
  </node>
  <node id="899" lat="36.84350023608" lon="128.09264237415">
    <tag k="local_x" v="6.8570" />
    <tag k="local_y" v="-8.2155" />
    <tag k="ele" v="-1.4999" />
  </node>
  <node id="901" lat="36.84349390267" lon="128.09262878949">
    <tag k="local_x" v="5.6391" />
    <tag k="local_y" v="-8.9066" />
    <tag k="ele" v="-1.4882" />
  </node>
  <node id="904" lat="36.84350442908" lon="128.09263857075">
    <tag k="local_x" v="6.5223" />
    <tag k="local_y" v="-7.7472" />
    <tag k="ele" v="-1.4162" />
  </node>
  <node id="905" lat="36.84349801940" lon="128.09262487124">
    <tag k="local_x" v="5.2941" />
    <tag k="local_y" v="-8.4466" />
    <tag k="ele" v="-1.4052" />
  </node>
  <node id="906" lat="36.84350834893" lon="128.09263426684">
    <tag k="local_x" v="6.1427" />
    <tag k="local_y" v="-7.3087" />
    <tag k="ele" v="-1.3856" />
  </node>
  <node id="907" lat="36.84350133954" lon="128.09261993762">
    <tag k="local_x" v="4.8577" />
    <tag k="local_y" v="-8.0741" />
    <tag k="ele" v="-1.368" />
  </node>
  <node id="908" lat="36.84351136090" lon="128.09262894338">
    <tag k="local_x" v="5.6713" />
    <tag k="local_y" v="-6.9700" />
    <tag k="ele" v="-1.3617" />
  </node>
  <node id="909" lat="36.84350271964" lon="128.09261365672">
    <tag k="local_x" v="4.2992" />
    <tag k="local_y" v="-7.9157" />
    <tag k="ele" v="-1.3293" />
  </node>
  <node id="910" lat="36.84351355189" lon="128.09262300038">
    <tag k="local_x" v="5.1437" />
    <tag k="local_y" v="-6.7219" />
    <tag k="ele" v="-1.3426" />
  </node>
  <node id="911" lat="36.84350366020" lon="128.09260726571">
    <tag k="local_x" v="3.7303" />
    <tag k="local_y" v="-7.8059" />
    <tag k="ele" v="-1.304" />
  </node>
  <node id="912" lat="36.84351492239" lon="128.09261672118">
    <tag k="local_x" v="4.5853" />
    <tag k="local_y" v="-6.5646" />
    <tag k="ele" v="-1.3214" />
  </node>
  <node id="913" lat="36.84350544990" lon="128.09260112682">
    <tag k="local_x" v="3.1849" />
    <tag k="local_y" v="-7.6022" />
    <tag k="ele" v="-1.297" />
  </node>
  <node id="917" lat="36.84354245593" lon="128.09258575746">
    <tag k="local_x" v="1.8535" />
    <tag k="local_y" v="-3.4840" />
    <tag k="ele" v="-1.0688" />
  </node>
  <node id="919" lat="36.84353605695" lon="128.09257224456">
    <tag k="local_x" v="0.6419" />
    <tag k="local_y" v="-4.1824" />
    <tag k="ele" v="-1.0684" />
  </node>
  <node id="922" lat="36.84354561336" lon="128.09258347229">
    <tag k="local_x" v="1.6531" />
    <tag k="local_y" v="-3.1318" />
    <tag k="ele" v="-1.0454" />
  </node>
  <node id="923" lat="36.84353916369" lon="128.09256998030">
    <tag k="local_x" v="0.4433" />
    <tag k="local_y" v="-3.8358" />
    <tag k="ele" v="-1.0455" />
  </node>
  <node id="924" lat="36.84354873223" lon="128.09258119155">
    <tag k="local_x" v="1.4530" />
    <tag k="local_y" v="-2.7838" />
    <tag k="ele" v="-1.0149" />
  </node>
  <node id="925" lat="36.84354229358" lon="128.09256774345">
    <tag k="local_x" v="0.2472" />
    <tag k="local_y" v="-3.4867" />
    <tag k="ele" v="-1.0166" />
  </node>
  <node id="927" lat="36.84354560731" lon="128.09256595606">
    <tag k="local_x" v="0.0913" />
    <tag k="local_y" v="-3.1176" />
    <tag k="ele" v="-0.9924" />
  </node>
  <node id="928" lat="36.84355237184" lon="128.09258097962">
    <tag k="local_x" v="1.4380" />
    <tag k="local_y" v="-2.3799" />
    <tag k="ele" v="-0.9824" />
  </node>
  <node id="929" lat="36.84354910182" lon="128.09256486260">
    <tag k="local_x" v="-0.0025" />
    <tag k="local_y" v="-2.7290" />
    <tag k="ele" v="-0.9814" />
  </node>
  <node id="930" lat="36.84355599377" lon="128.09258140872">
    <tag k="local_x" v="1.4800" />
    <tag k="local_y" v="-1.9785" />
    <tag k="ele" v="-0.9557" />
  </node>
  <node id="931" lat="36.84355270412" lon="128.09256463087">
    <tag k="local_x" v="-0.0194" />
    <tag k="local_y" v="-2.3292" />
    <tag k="ele" v="-0.9722" />
  </node>
  <node id="937" lat="36.84351605453" lon="128.09261036601">
    <tag k="local_x" v="4.0198" />
    <tag k="local_y" v="-6.4336" />
    <tag k="ele" v="-1.3047" />
  </node>
  <node id="938" lat="36.84351849532" lon="128.09260470065">
    <tag k="local_x" v="3.5173" />
    <tag k="local_y" v="-6.1580" />
    <tag k="ele" v="-1.2879" />
  </node>
  <node id="939" lat="36.84350840055" lon="128.09259573862">
    <tag k="local_x" v="2.7076" />
    <tag k="local_y" v="-7.2703" />
    <tag k="ele" v="-1.2824" />
  </node>
  <node id="940" lat="36.84351199993" lon="128.09259101614">
    <tag k="local_x" v="2.2903" />
    <tag k="local_y" v="-6.8670" />
    <tag k="ele" v="-1.263" />
  </node>
  <node id="943" lat="36.84355623038" lon="128.09256554205">
    <tag k="local_x" v="0.0656" />
    <tag k="local_y" v="-1.9388" />
    <tag k="ele" v="-0.9628" />
  </node>
  <node id="944" lat="36.84355976074" lon="128.09256638812">
    <tag k="local_x" v="0.1447" />
    <tag k="local_y" v="-1.5479" />
    <tag k="ele" v="-0.9527" />
  </node>
  <node id="945" lat="36.84356324677" lon="128.09256535256">
    <tag k="local_x" v="0.0561" />
    <tag k="local_y" v="-1.1603" />
    <tag k="ele" v="-0.9328" />
  </node>
  <node id="946" lat="36.84355960455" lon="128.09258198188">
    <tag k="local_x" v="1.5349" />
    <tag k="local_y" v="-1.5784" />
    <tag k="ele" v="-0.9468" />
  </node>
  <node id="947" lat="36.84356323309" lon="128.09258160044">
    <tag k="local_x" v="1.5048" />
    <tag k="local_y" v="-1.1755" />
    <tag k="ele" v="-0.941" />
  </node>
  <node id="948" lat="36.84356669662" lon="128.09258016910">
    <tag k="local_x" v="1.3808" />
    <tag k="local_y" v="-0.7901" />
    <tag k="ele" v="-0.9307" />
  </node>
  <node id="956" lat="36.84356907131" lon="128.09256011015">
    <tag k="local_x" v="-0.4052" />
    <tag k="local_y" v="-0.5097" />
    <tag k="ele" v="-0.8845" />
  </node>
  <node id="957" lat="36.84357202557" lon="128.09255749306">
    <tag k="local_x" v="-0.6354" />
    <tag k="local_y" v="-0.1797" />
    <tag k="ele" v="-0.875" />
  </node>
  <node id="958" lat="36.84357494552" lon="128.09255487603">
    <tag k="local_x" v="-0.8657" />
    <tag k="local_y" v="0.1464" />
    <tag k="ele" v="-0.8667" />
  </node>
  <node id="959" lat="36.84357308399" lon="128.09257583553">
    <tag k="local_x" v="1.0011" />
    <tag k="local_y" v="-0.0779" />
    <tag k="ele" v="-0.9011" />
  </node>
  <node id="960" lat="36.84357608041" lon="128.09257324642">
    <tag k="local_x" v="0.7734" />
    <tag k="local_y" v="0.2567" />
    <tag k="ele" v="-0.889" />
  </node>
  <node id="961" lat="36.84357903786" lon="128.09257058688">
    <tag k="local_x" v="0.5394" />
    <tag k="local_y" v="0.5871" />
    <tag k="ele" v="-0.8784" />
  </node>
  <node id="962" lat="36.84358199031" lon="128.09256793224">
    <tag k="local_x" v="0.3058" />
    <tag k="local_y" v="0.9169" />
    <tag k="ele" v="-0.868" />
  </node>
  <node id="1126" lat="36.84392635606" lon="128.09240348571">
    <tag k="local_x" v="-13.9935" />
    <tag k="local_y" v="39.2581" />
    <tag k="ele" v="-1.4371" />
  </node>
  <node id="1127" lat="36.84392833698" lon="128.09243142017">
    <tag k="local_x" v="-11.5008" />
    <tag k="local_y" v="39.4542" />
    <tag k="ele" v="-1.5945" />
  </node>
  <node id="1129" lat="36.84393114957" lon="128.09245902462">
    <tag k="local_x" v="-9.0366" />
    <tag k="local_y" v="39.7428" />
    <tag k="ele" v="-1.6864" />
  </node>
  <node id="1130" lat="36.84393389364" lon="128.09248515482">
    <tag k="local_x" v="-6.7039" />
    <tag k="local_y" v="40.0251" />
    <tag k="ele" v="-1.7985" />
  </node>
  <node id="1131" lat="36.84393562525" lon="128.09249743855">
    <tag k="local_x" v="-5.6068" />
    <tag k="local_y" v="40.2068" />
    <tag k="ele" v="-1.8287" />
  </node>
  <node id="1132" lat="36.84393716044" lon="128.09251421653">
    <tag k="local_x" v="-4.1093" />
    <tag k="local_y" v="40.3629" />
    <tag k="ele" v="-1.8992" />
  </node>
  <node id="1133" lat="36.84393868389" lon="128.09253049638">
    <tag k="local_x" v="-2.6562" />
    <tag k="local_y" v="40.5181" />
    <tag k="ele" v="-1.9328" />
  </node>
  <node id="1134" lat="36.84394220289" lon="128.09255606015">
    <tag k="local_x" v="-0.3732" />
    <tag k="local_y" v="40.8868" />
    <tag k="ele" v="-2.026" />
  </node>
  <node id="1135" lat="36.84394445535" lon="128.09258025602">
    <tag k="local_x" v="1.7865" />
    <tag k="local_y" v="41.1162" />
    <tag k="ele" v="-2.0964" />
  </node>
  <node id="1136" lat="36.84394581807" lon="128.09260198775">
    <tag k="local_x" v="3.7256" />
    <tag k="local_y" v="41.2490" />
    <tag k="ele" v="-2.1894" />
  </node>
  <node id="1137" lat="36.84394963186" lon="128.09264246214">
    <tag k="local_x" v="7.3383" />
    <tag k="local_y" v="41.6378" />
    <tag k="ele" v="-2.3268" />
  </node>
  <node id="1138" lat="36.84391343287" lon="128.09264493844">
    <tag k="local_x" v="7.5210" />
    <tag k="local_y" v="37.6200" />
    <tag k="ele" v="-2.5189" />
  </node>
  <node id="1139" lat="36.84390972635" lon="128.09262503108">
    <tag k="local_x" v="5.7421" />
    <tag k="local_y" v="37.2257" />
    <tag k="ele" v="-2.4612" />
  </node>
  <node id="1140" lat="36.84390264130" lon="128.09256483766">
    <tag k="local_x" v="0.3678" />
    <tag k="local_y" v="36.4907" />
    <tag k="ele" v="-2.2804" />
  </node>
  <node id="1141" lat="36.84390047760" lon="128.09253740394">
    <tag k="local_x" v="-2.0805" />
    <tag k="local_y" v="36.2739" />
    <tag k="ele" v="-2.1786" />
  </node>
  <node id="1142" lat="36.84389566344" lon="128.09249990197">
    <tag k="local_x" v="-5.4293" />
    <tag k="local_y" v="35.7716" />
    <tag k="ele" v="-2.0408" />
  </node>
  <node id="1143" lat="36.84388815133" lon="128.09243698546">
    <tag k="local_x" v="-11.0469" />
    <tag k="local_y" v="34.9915" />
    <tag k="ele" v="-1.8241" />
  </node>
  <node id="1144" lat="36.84388404395" lon="128.09240849466">
    <tag k="local_x" v="-13.5915" />
    <tag k="local_y" v="34.5600" />
    <tag k="ele" v="-1.6634" />
  </node>
  <node id="1145" lat="36.84392632400" lon="128.09240349065">
    <tag k="local_x" v="-13.9931" />
    <tag k="local_y" v="39.2545" />
    <tag k="ele" v="-1.4737" />
  </node>
  <node id="1208" lat="36.84375831067" lon="128.09259179555">
    <tag k="local_x" v="2.6193" />
    <tag k="local_y" v="20.4566" />
    <tag k="ele" v="-2.179" />
  </node>
  <node id="1209" lat="36.84377082559" lon="128.09261978546">
    <tag k="local_x" v="5.1281" />
    <tag k="local_y" v="21.8213" />
    <tag k="ele" v="-2.2503" />
  </node>
  <node id="1211" lat="36.84378255839" lon="128.09265174643">
    <tag k="local_x" v="7.9901" />
    <tag k="local_y" v="23.0958" />
    <tag k="ele" v="-2.3708" />
  </node>
  <node id="1212" lat="36.84378351505" lon="128.09266560060">
    <tag k="local_x" v="9.2264" />
    <tag k="local_y" v="23.1902" />
    <tag k="ele" v="-2.4544" />
  </node>
  <node id="1213" lat="36.84374559229" lon="128.09268558581">
    <tag k="local_x" v="10.9683" />
    <tag k="local_y" v="18.9663" />
    <tag k="ele" v="-2.7177" />
  </node>
  <node id="1214" lat="36.84373858105" lon="128.09266452246">
    <tag k="local_x" v="9.0829" />
    <tag k="local_y" v="18.2063" />
    <tag k="ele" v="-2.5773" />
  </node>
  <node id="1215" lat="36.84373353462" lon="128.09264666838">
    <tag k="local_x" v="7.4857" />
    <tag k="local_y" v="17.6616" />
    <tag k="ele" v="-2.4675" />
  </node>
  <node id="1216" lat="36.84371839077" lon="128.09261637051">
    <tag k="local_x" v="4.7684" />
    <tag k="local_y" v="16.0073" />
    <tag k="ele" v="-2.4304" />
  </node>
  <node id="1217" lat="36.84371464233" lon="128.09260742625">
    <tag k="local_x" v="3.9669" />
    <tag k="local_y" v="15.5991" />
    <tag k="ele" v="-2.4568" />
  </node>
  <node id="1218" lat="36.84375848655" lon="128.09259115214">
    <tag k="local_x" v="2.5621" />
    <tag k="local_y" v="20.4767" />
    <tag k="ele" v="-2.1648" />
  </node>
  <node id="1222" lat="36.84370764660" lon="128.09261748310">
    <tag k="local_x" v="4.8562" />
    <tag k="local_y" v="14.8145" />
    <tag k="ele" v="-2.179" />
  </node>
  <node id="1223" lat="36.84372017108" lon="128.09264546222">
    <tag k="local_x" v="7.3641" />
    <tag k="local_y" v="16.1802" />
    <tag k="ele" v="-2.2503" />
  </node>
  <node id="1224" lat="36.84373189574" lon="128.09267743031">
    <tag k="local_x" v="10.2267" />
    <tag k="local_y" v="17.4538" />
    <tag k="ele" v="-2.3708" />
  </node>
  <node id="1225" lat="36.84373283552" lon="128.09269128626">
    <tag k="local_x" v="11.4631" />
    <tag k="local_y" v="17.5463" />
    <tag k="ele" v="-2.4544" />
  </node>
  <node id="1226" lat="36.84369494429" lon="128.09271127209">
    <tag k="local_x" v="13.2052" />
    <tag k="local_y" v="13.3260" />
    <tag k="ele" v="-2.7177" />
  </node>
  <node id="1227" lat="36.84368791878" lon="128.09269018922">
    <tag k="local_x" v="11.3180" />
    <tag k="local_y" v="12.5644" />
    <tag k="ele" v="-2.5773" />
  </node>
  <node id="1228" lat="36.84368287251" lon="128.09267234669">
    <tag k="local_x" v="9.7218" />
    <tag k="local_y" v="12.0197" />
    <tag k="ele" v="-2.4675" />
  </node>
  <node id="1229" lat="36.84367304622" lon="128.09264545070">
    <tag k="local_x" v="7.3134" />
    <tag k="local_y" v="10.9524" />
    <tag k="ele" v="-2.4304" />
  </node>
  <node id="1230" lat="36.84366931079" lon="128.09263651652">
    <tag k="local_x" v="6.5129" />
    <tag k="local_y" v="10.5456" />
    <tag k="ele" v="-2.4568" />
  </node>
  <node id="1231" lat="36.84370781982" lon="128.09261681829">
    <tag k="local_x" v="4.7971" />
    <tag k="local_y" v="14.8343" />
    <tag k="ele" v="-2.1648" />
  </node>
  <node id="1234" lat="36.84365574860" lon="128.09264287916">
    <tag k="local_x" v="7.0659" />
    <tag k="local_y" v="9.0357" />
    <tag k="ele" v="-2.179" />
  </node>
  <node id="1237" lat="36.84368093839" lon="128.09271668422">
    <tag k="local_x" v="13.6730" />
    <tag k="local_y" v="11.7676" />
    <tag k="ele" v="-2.4544" />
  </node>
  <node id="1238" lat="36.84364305422" lon="128.09273667401">
    <tag k="local_x" v="15.4154" />
    <tag k="local_y" v="7.5481" />
    <tag k="ele" v="-2.7177" />
  </node>
  <node id="1239" lat="36.84363602362" lon="128.09271560259">
    <tag k="local_x" v="13.5292" />
    <tag k="local_y" v="6.7860" />
    <tag k="ele" v="-2.5773" />
  </node>
  <node id="1241" lat="36.84362115769" lon="128.09267086712">
    <tag k="local_x" v="9.5249" />
    <tag k="local_y" v="5.1747" />
    <tag k="ele" v="-2.4304" />
  </node>
  <node id="1242" lat="36.84361742234" lon="128.09266192640">
    <tag k="local_x" v="8.7238" />
    <tag k="local_y" v="4.7679" />
    <tag k="ele" v="-2.4568" />
  </node>
  <node id="1243" lat="36.84365591988" lon="128.09264223258">
    <tag k="local_x" v="7.0084" />
    <tag k="local_y" v="9.0553" />
    <tag k="ele" v="-2.1648" />
  </node>
  <node id="1246" lat="36.84359938642" lon="128.09266736229">
    <tag k="local_x" v="9.1895" />
    <tag k="local_y" v="2.7625" />
    <tag k="ele" v="-2.179" />
  </node>
  <node id="1247" lat="36.84362458186" lon="128.09274118397">
    <tag k="local_x" v="15.7980" />
    <tag k="local_y" v="5.4950" />
    <tag k="ele" v="-2.4544" />
  </node>
  <node id="1248" lat="36.84358668479" lon="128.09276116616">
    <tag k="local_x" v="17.5397" />
    <tag k="local_y" v="1.2740" />
    <tag k="ele" v="-2.7177" />
  </node>
  <node id="1249" lat="36.84357966747" lon="128.09274008521">
    <tag k="local_x" v="15.6528" />
    <tag k="local_y" v="0.5134" />
    <tag k="ele" v="-2.5773" />
  </node>
  <node id="1250" lat="36.84356479312" lon="128.09269534287">
    <tag k="local_x" v="11.6478" />
    <tag k="local_y" v="-1.0988" />
    <tag k="ele" v="-2.4304" />
  </node>
  <node id="1251" lat="36.84356105301" lon="128.09268641207">
    <tag k="local_x" v="10.8476" />
    <tag k="local_y" v="-1.5061" />
    <tag k="ele" v="-2.4568" />
  </node>
  <node id="1252" lat="36.84359955376" lon="128.09266670949">
    <tag k="local_x" v="9.1314" />
    <tag k="local_y" v="2.7816" />
    <tag k="ele" v="-2.1648" />
  </node>
  <node id="1255" lat="36.84354044285" lon="128.09269889572">
    <tag k="local_x" v="11.9389" />
    <tag k="local_y" v="-3.8031" />
    <tag k="ele" v="-2.179" />
  </node>
  <node id="1256" lat="36.84356562279" lon="128.09277270645">
    <tag k="local_x" v="18.5465" />
    <tag k="local_y" v="-1.0722" />
    <tag k="ele" v="-2.4544" />
  </node>
  <node id="1257" lat="36.84352772757" lon="128.09279270155">
    <tag k="local_x" v="20.2894" />
    <tag k="local_y" v="-5.2931" />
    <tag k="ele" v="-2.7177" />
  </node>
  <node id="1258" lat="36.84352071501" lon="128.09277161070">
    <tag k="local_x" v="18.4015" />
    <tag k="local_y" v="-6.0531" />
    <tag k="ele" v="-2.5773" />
  </node>
  <node id="1259" lat="36.84350583279" lon="128.09272688055">
    <tag k="local_x" v="14.3976" />
    <tag k="local_y" v="-7.6662" />
    <tag k="ele" v="-2.4304" />
  </node>
  <node id="1260" lat="36.84350209138" lon="128.09271793124">
    <tag k="local_x" v="13.5958" />
    <tag k="local_y" v="-8.0737" />
    <tag k="ele" v="-2.4568" />
  </node>
  <node id="1261" lat="36.84354060646" lon="128.09269823263">
    <tag k="local_x" v="11.8800" />
    <tag k="local_y" v="-3.7844" />
    <tag k="ele" v="-2.1648" />
  </node>
  <node id="1264" lat="36.84349046972" lon="128.09272502151">
    <tag k="local_x" v="14.2157" />
    <tag k="local_y" v="-9.3689" />
    <tag k="ele" v="-2.179" />
  </node>
  <node id="1265" lat="36.84351567101" lon="128.09279883110">
    <tag k="local_x" v="20.8232" />
    <tag k="local_y" v="-6.6357" />
    <tag k="ele" v="-2.4544" />
  </node>
  <node id="1266" lat="36.84347777434" lon="128.09281882979">
    <tag k="local_x" v="22.5664" />
    <tag k="local_y" v="-10.8567" />
    <tag k="ele" v="-2.7177" />
  </node>
  <node id="1267" lat="36.84347074134" lon="128.09279774201">
    <tag k="local_x" v="20.6788" />
    <tag k="local_y" v="-11.6190" />
    <tag k="ele" v="-2.5773" />
  </node>
  <node id="1268" lat="36.84345586224" lon="128.09275300962">
    <tag k="local_x" v="16.6747" />
    <tag k="local_y" v="-13.2318" />
    <tag k="ele" v="-2.4304" />
  </node>
  <node id="1269" lat="36.84345212769" lon="128.09274406835">
    <tag k="local_x" v="15.8735" />
    <tag k="local_y" v="-13.6385" />
    <tag k="ele" v="-2.4568" />
  </node>
  <node id="1270" lat="36.84349064935" lon="128.09272436375">
    <tag k="local_x" v="14.1572" />
    <tag k="local_y" v="-9.3484" />
    <tag k="ele" v="-2.1648" />
  </node>
  <node id="1273" lat="36.84344158955" lon="128.09275660816">
    <tag k="local_x" v="16.9805" />
    <tag k="local_y" v="-14.8182" />
    <tag k="ele" v="-2.179" />
  </node>
  <node id="1274" lat="36.84346679702" lon="128.09283042880">
    <tag k="local_x" v="23.5890" />
    <tag k="local_y" v="-12.0843" />
    <tag k="ele" v="-2.4544" />
  </node>
  <node id="1275" lat="36.84342889422" lon="128.09285040983">
    <tag k="local_x" v="25.3306" />
    <tag k="local_y" v="-16.3059" />
    <tag k="ele" v="-2.7177" />
  </node>
  <node id="1276" lat="36.84342187884" lon="128.09282933532">
    <tag k="local_x" v="23.4442" />
    <tag k="local_y" v="-17.0663" />
    <tag k="ele" v="-2.5773" />
  </node>
  <node id="1277" lat="36.84340699405" lon="128.09278460187">
    <tag k="local_x" v="19.4400" />
    <tag k="local_y" v="-18.6797" />
    <tag k="ele" v="-2.4304" />
  </node>
  <node id="1278" lat="36.84340327154" lon="128.09277565065">
    <tag k="local_x" v="18.6380" />
    <tag k="local_y" v="-19.0851" />
    <tag k="ele" v="-2.4568" />
  </node>
  <node id="1279" lat="36.84344176979" lon="128.09275596291">
    <tag k="local_x" v="16.9232" />
    <tag k="local_y" v="-14.7976" />
    <tag k="ele" v="-2.1648" />
  </node>
  <node id="1282" lat="36.84374641468" lon="128.09280183336">
    <tag k="local_x" v="21.3339" />
    <tag k="local_y" v="18.9591" />
    <tag k="ele" v="-2.179" />
  </node>
  <node id="1283" lat="36.84373664991" lon="128.09277220102">
    <tag k="local_x" v="18.6816" />
    <tag k="local_y" v="17.9009" />
    <tag k="ele" v="-2.2503" />
  </node>
  <node id="1284" lat="36.84372805467" lon="128.09273874133">
    <tag k="local_x" v="15.6892" />
    <tag k="local_y" v="16.9758" />
    <tag k="ele" v="-2.3708" />
  </node>
  <node id="1285" lat="36.84372841553" lon="128.09272482961">
    <tag k="local_x" v="14.4492" />
    <tag k="local_y" v="17.0276" />
    <tag k="ele" v="-2.4544" />
  </node>
  <node id="1286" lat="36.84376794431" lon="128.09271054004">
    <tag k="local_x" v="13.2168" />
    <tag k="local_y" v="21.4248" />
    <tag k="ele" v="-2.7177" />
  </node>
  <node id="1287" lat="36.84377292707" lon="128.09273251303">
    <tag k="local_x" v="15.1812" />
    <tag k="local_y" v="21.9589" />
    <tag k="ele" v="-2.5773" />
  </node>
  <node id="1288" lat="36.84377624786" lon="128.09275098509">
    <tag k="local_x" v="16.8317" />
    <tag k="local_y" v="22.3117" />
    <tag k="ele" v="-2.4675" />
  </node>
  <node id="1289" lat="36.84378343491" lon="128.09277914583">
    <tag k="local_x" v="19.3501" />
    <tag k="local_y" v="23.0851" />
    <tag k="ele" v="-2.4304" />
  </node>
  <node id="1290" lat="36.84378631566" lon="128.09278856906">
    <tag k="local_x" v="20.1933" />
    <tag k="local_y" v="23.3967" />
    <tag k="ele" v="-2.4568" />
  </node>
  <node id="1291" lat="36.84374616287" lon="128.09280241867">
    <tag k="local_x" v="21.3859" />
    <tag k="local_y" v="18.9307" />
    <tag k="ele" v="-2.1648" />
  </node>
  <node id="1294" lat="36.84369055660" lon="128.09282379550">
    <tag k="local_x" v="23.2333" />
    <tag k="local_y" v="12.7439" />
    <tag k="ele" v="-2.179" />
  </node>
  <node id="1295" lat="36.84368080219" lon="128.09279421014">
    <tag k="local_x" v="20.5851" />
    <tag k="local_y" v="11.6869" />
    <tag k="ele" v="-2.2503" />
  </node>
  <node id="1296" lat="36.84367218157" lon="128.09276071821">
    <tag k="local_x" v="17.5899" />
    <tag k="local_y" v="10.7589" />
    <tag k="ele" v="-2.3708" />
  </node>
  <node id="1297" lat="36.84367255544" lon="128.09274681657">
    <tag k="local_x" v="16.3508" />
    <tag k="local_y" v="10.8122" />
    <tag k="ele" v="-2.4544" />
  </node>
  <node id="1298" lat="36.84371209584" lon="128.09273252514">
    <tag k="local_x" v="15.1182" />
    <tag k="local_y" v="15.2107" />
    <tag k="ele" v="-2.7177" />
  </node>
  <node id="1299" lat="36.84371705572" lon="128.09275450940">
    <tag k="local_x" v="17.0836" />
    <tag k="local_y" v="15.7423" />
    <tag k="ele" v="-2.5773" />
  </node>
  <node id="1300" lat="36.84372039606" lon="128.09277297646">
    <tag k="local_x" v="18.7336" />
    <tag k="local_y" v="16.0972" />
    <tag k="ele" v="-2.4675" />
  </node>
  <node id="1301" lat="36.84372757505" lon="128.09280113777">
    <tag k="local_x" v="21.2521" />
    <tag k="local_y" v="16.8697" />
    <tag k="ele" v="-2.4304" />
  </node>
  <node id="1302" lat="36.84373044945" lon="128.09281053837">
    <tag k="local_x" v="22.0933" />
    <tag k="local_y" v="17.1806" />
    <tag k="ele" v="-2.4568" />
  </node>
  <node id="1303" lat="36.84369030472" lon="128.09282442102">
    <tag k="local_x" v="23.2888" />
    <tag k="local_y" v="12.7155" />
    <tag k="ele" v="-2.1648" />
  </node>
  <node id="1306" lat="36.84364368452" lon="128.09284729966">
    <tag k="local_x" v="25.2795" />
    <tag k="local_y" v="7.5243" />
    <tag k="ele" v="-2.179" />
  </node>
  <node id="1307" lat="36.84363228980" lon="128.09281860775">
    <tag k="local_x" v="22.7093" />
    <tag k="local_y" v="6.2845" />
    <tag k="ele" v="-2.2503" />
  </node>
  <node id="1308" lat="36.84362182568" lon="128.09278597536">
    <tag k="local_x" v="19.7888" />
    <tag k="local_y" v="5.1513" />
    <tag k="ele" v="-2.3708" />
  </node>
  <node id="1309" lat="36.84362141297" lon="128.09277205259">
    <tag k="local_x" v="18.5470" />
    <tag k="local_y" v="5.1173" />
    <tag k="ele" v="-2.4544" />
  </node>
  <node id="1310" lat="36.84366006444" lon="128.09275438442">
    <tag k="local_x" v="17.0124" />
    <tag k="local_y" v="9.4201" />
    <tag k="ele" v="-2.7177" />
  </node>
  <node id="1311" lat="36.84366626482" lon="128.09277587419">
    <tag k="local_x" v="18.9350" />
    <tag k="local_y" v="10.0897" />
    <tag k="ele" v="-2.5773" />
  </node>
  <node id="1312" lat="36.84367061250" lon="128.09279401055">
    <tag k="local_x" v="20.5566" />
    <tag k="local_y" v="10.5567" />
    <tag k="ele" v="-2.4675" />
  </node>
  <node id="1313" lat="36.84367934819" lon="128.09282147718">
    <tag k="local_x" v="23.0148" />
    <tag k="local_y" v="11.5025" />
    <tag k="ele" v="-2.4304" />
  </node>
  <node id="1314" lat="36.84368273470" lon="128.09283062862">
    <tag k="local_x" v="23.8343" />
    <tag k="local_y" v="11.8704" />
    <tag k="ele" v="-2.4568" />
  </node>
  <node id="1315" lat="36.84364347288" lon="128.09284794677">
    <tag k="local_x" v="25.3370" />
    <tag k="local_y" v="7.5003" />
    <tag k="ele" v="-2.1648" />
  </node>
  <node id="1318" lat="36.84358841939" lon="128.09287565227">
    <tag k="local_x" v="27.7493" />
    <tag k="local_y" v="1.3695" />
    <tag k="ele" v="-2.179" />
  </node>
  <node id="1319" lat="36.84357702690" lon="128.09284695620">
    <tag k="local_x" v="25.1787" />
    <tag k="local_y" v="0.1300" />
    <tag k="ele" v="-2.2503" />
  </node>
  <node id="1320" lat="36.84356656852" lon="128.09281433393">
    <tag k="local_x" v="22.2591" />
    <tag k="local_y" v="-1.0026" />
    <tag k="ele" v="-2.3708" />
  </node>
  <node id="1321" lat="36.84356615389" lon="128.09280040479">
    <tag k="local_x" v="21.0167" />
    <tag k="local_y" v="-1.0368" />
    <tag k="ele" v="-2.4544" />
  </node>
  <node id="1322" lat="36.84360479982" lon="128.09278274711">
    <tag k="local_x" v="19.4830" />
    <tag k="local_y" v="3.2653" />
    <tag k="ele" v="-2.7177" />
  </node>
  <node id="1323" lat="36.84361099937" lon="128.09280422839">
    <tag k="local_x" v="21.4048" />
    <tag k="local_y" v="3.9349" />
    <tag k="ele" v="-2.5773" />
  </node>
  <node id="1324" lat="36.84361534275" lon="128.09282235100">
    <tag k="local_x" v="23.0252" />
    <tag k="local_y" v="4.4014" />
    <tag k="ele" v="-2.4675" />
  </node>
  <node id="1325" lat="36.84362407792" lon="128.09284983222">
    <tag k="local_x" v="25.4847" />
    <tag k="local_y" v="5.3471" />
    <tag k="ele" v="-2.4304" />
  </node>
  <node id="1326" lat="36.84362746696" lon="128.09285896889">
    <tag k="local_x" v="26.3029" />
    <tag k="local_y" v="5.7154" />
    <tag k="ele" v="-2.4568" />
  </node>
  <node id="1327" lat="36.84358821317" lon="128.09287628641">
    <tag k="local_x" v="27.8056" />
    <tag k="local_y" v="1.3461" />
    <tag k="ele" v="-2.1648" />
  </node>
  <node id="1330" lat="36.84354445768" lon="128.09290185267">
    <tag k="local_x" v="30.0390" />
    <tag k="local_y" v="-3.5295" />
    <tag k="ele" v="-2.179" />
  </node>
  <node id="1331" lat="36.84353306325" lon="128.09287317484">
    <tag k="local_x" v="27.4701" />
    <tag k="local_y" v="-4.7693" />
    <tag k="ele" v="-2.2503" />
  </node>
  <node id="1332" lat="36.84352260478" lon="128.09284052548">
    <tag k="local_x" v="24.5480" />
    <tag k="local_y" v="-5.9018" />
    <tag k="ele" v="-2.3708" />
  </node>
  <node id="1333" lat="36.84352220185" lon="128.09282661254">
    <tag k="local_x" v="23.3071" />
    <tag k="local_y" v="-5.9348" />
    <tag k="ele" v="-2.4544" />
  </node>
  <node id="1334" lat="36.84356084561" lon="128.09280894350">
    <tag k="local_x" v="21.7724" />
    <tag k="local_y" v="-1.6329" />
    <tag k="ele" v="-2.7177" />
  </node>
  <node id="1335" lat="36.84356703032" lon="128.09283043543">
    <tag k="local_x" v="23.6952" />
    <tag k="local_y" v="-0.9650" />
    <tag k="ele" v="-2.5773" />
  </node>
  <node id="1336" lat="36.84357137858" lon="128.09284857525">
    <tag k="local_x" v="25.3171" />
    <tag k="local_y" v="-0.4980" />
    <tag k="ele" v="-2.4675" />
  </node>
  <node id="1337" lat="36.84358012582" lon="128.09287603092">
    <tag k="local_x" v="27.7743" />
    <tag k="local_y" v="0.4492" />
    <tag k="ele" v="-2.4304" />
  </node>
  <node id="1338" lat="36.84358351777" lon="128.09288516938">
    <tag k="local_x" v="28.5927" />
    <tag k="local_y" v="0.8177" />
    <tag k="ele" v="-2.4568" />
  </node>
  <node id="1339" lat="36.84354425375" lon="128.09290250071">
    <tag k="local_x" v="30.0966" />
    <tag k="local_y" v="-3.5527" />
    <tag k="ele" v="-2.1648" />
  </node>
  <node id="1342" lat="36.84349880558" lon="128.09292733718">
    <tag k="local_x" v="32.2632" />
    <tag k="local_y" v="-8.6155" />
    <tag k="ele" v="-2.179" />
  </node>
  <node id="1343" lat="36.84348740202" lon="128.09289863744">
    <tag k="local_x" v="29.6923" />
    <tag k="local_y" v="-9.8562" />
    <tag k="ele" v="-2.2503" />
  </node>
  <node id="1344" lat="36.84347694951" lon="128.09286599417">
    <tag k="local_x" v="26.7708" />
    <tag k="local_y" v="-10.9881" />
    <tag k="ele" v="-2.3708" />
  </node>
  <node id="1345" lat="36.84347654152" lon="128.09285207711">
    <tag k="local_x" v="25.5295" />
    <tag k="local_y" v="-11.0216" />
    <tag k="ele" v="-2.4544" />
  </node>
  <node id="1346" lat="36.84351519161" lon="128.09283442169">
    <tag k="local_x" v="23.9960" />
    <tag k="local_y" v="-6.7190" />
    <tag k="ele" v="-2.7177" />
  </node>
  <node id="1347" lat="36.84352137575" lon="128.09285591012">
    <tag k="local_x" v="25.9184" />
    <tag k="local_y" v="-6.0512" />
    <tag k="ele" v="-2.5773" />
  </node>
  <node id="1348" lat="36.84352571115" lon="128.09287405140">
    <tag k="local_x" v="27.5405" />
    <tag k="local_y" v="-5.5856" />
    <tag k="ele" v="-2.4675" />
  </node>
  <node id="1349" lat="36.84353446098" lon="128.09290151039">
    <tag k="local_x" v="29.9980" />
    <tag k="local_y" v="-4.6382" />
    <tag k="ele" v="-2.4304" />
  </node>
  <node id="1350" lat="36.84353786060" lon="128.09291064073">
    <tag k="local_x" v="30.8157" />
    <tag k="local_y" v="-4.2688" />
    <tag k="ele" v="-2.4568" />
  </node>
  <node id="1351" lat="36.84349859570" lon="128.09292797913">
    <tag k="local_x" v="32.3202" />
    <tag k="local_y" v="-8.6393" />
    <tag k="ele" v="-2.1648" />
  </node>
  <node id="1354" lat="36.84400355636" lon="128.09262534302">
    <tag k="local_x" v="5.8688" />
    <tag k="local_y" v="47.6344" />
    <tag k="ele" v="-1.9407" />
  </node>
  <node id="1355" lat="36.84400054738" lon="128.09259599351">
    <tag k="local_x" v="3.2488" />
    <tag k="local_y" v="47.3254" />
    <tag k="ele" v="-1.8215" />
  </node>
  <node id="1357" lat="36.84399788690" lon="128.09256909065">
    <tag k="local_x" v="0.8473" />
    <tag k="local_y" v="47.0531" />
    <tag k="ele" v="-1.7509" />
  </node>
  <node id="1358" lat="36.84399433692" lon="128.09254048394">
    <tag k="local_x" v="-1.7070" />
    <tag k="local_y" v="46.6835" />
    <tag k="ele" v="-1.6659" />
  </node>
  <node id="1359" lat="36.84399138439" lon="128.09251291665">
    <tag k="local_x" v="-4.1680" />
    <tag k="local_y" v="46.3793" />
    <tag k="ele" v="-1.5762" />
  </node>
  <node id="1360" lat="36.84398813455" lon="128.09248462653">
    <tag k="local_x" v="-6.6938" />
    <tag k="local_y" v="46.0427" />
    <tag k="ele" v="-1.4917" />
  </node>
  <node id="1361" lat="36.84398546105" lon="128.09245738194">
    <tag k="local_x" v="-9.1258" />
    <tag k="local_y" v="45.7692" />
    <tag k="ele" v="-1.3794" />
  </node>
  <node id="1362" lat="36.84398248987" lon="128.09242907534">
    <tag k="local_x" v="-11.6528" />
    <tag k="local_y" v="45.4636" />
    <tag k="ele" v="-1.2801" />
  </node>
  <node id="1363" lat="36.84397954878" lon="128.09240219161">
    <tag k="local_x" v="-14.0528" />
    <tag k="local_y" v="45.1601" />
    <tag k="ele" v="-1.1846" />
  </node>
  <node id="1364" lat="36.84397631500" lon="128.09237462191">
    <tag k="local_x" v="-16.5144" />
    <tag k="local_y" v="44.8247" />
    <tag k="ele" v="-1.1065" />
  </node>
  <node id="1365" lat="36.84397337404" lon="128.09234738441">
    <tag k="local_x" v="-18.9460" />
    <tag k="local_y" v="44.5215" />
    <tag k="ele" v="-1.0184" />
  </node>
  <node id="1366" lat="36.84400785356" lon="128.09234006862">
    <tag k="local_x" v="-19.5619" />
    <tag k="local_y" v="48.3527" />
    <tag k="ele" v="-0.8675" />
  </node>
  <node id="1367" lat="36.84401283996" lon="128.09237003898">
    <tag k="local_x" v="-16.8845" />
    <tag k="local_y" v="48.8804" />
    <tag k="ele" v="-0.9634" />
  </node>
  <node id="1368" lat="36.84401548663" lon="128.09239658257">
    <tag k="local_x" v="-14.5151" />
    <tag k="local_y" v="49.1516" />
    <tag k="ele" v="-1.03" />
  </node>
  <node id="1369" lat="36.84401928764" lon="128.09242412261">
    <tag k="local_x" v="-12.0556" />
    <tag k="local_y" v="49.5499" />
    <tag k="ele" v="-1.108" />
  </node>
  <node id="1370" lat="36.84402081089" lon="128.09245072023">
    <tag k="local_x" v="-9.6825" />
    <tag k="local_y" v="49.6964" />
    <tag k="ele" v="-1.1521" />
  </node>
  <node id="1371" lat="36.84402405037" lon="128.09247829103">
    <tag k="local_x" v="-7.2209" />
    <tag k="local_y" v="50.0324" />
    <tag k="ele" v="-1.258" />
  </node>
  <node id="1372" lat="36.84402758274" lon="128.09250621213">
    <tag k="local_x" v="-4.7277" />
    <tag k="local_y" v="50.4006" />
    <tag k="ele" v="-1.3438" />
  </node>
  <node id="1373" lat="36.84403113624" lon="128.09253518945">
    <tag k="local_x" v="-2.1403" />
    <tag k="local_y" v="50.7703" />
    <tag k="ele" v="-1.4182" />
  </node>
  <node id="1374" lat="36.84403321289" lon="128.09256105087">
    <tag k="local_x" v="0.1677" />
    <tag k="local_y" v="50.9787" />
    <tag k="ele" v="-1.4134" />
  </node>
  <node id="1375" lat="36.84403705311" lon="128.09259070810">
    <tag k="local_x" v="2.8160" />
    <tag k="local_y" v="51.3796" />
    <tag k="ele" v="-1.5491" />
  </node>
  <node id="1376" lat="36.84403873946" lon="128.09262394325">
    <tag k="local_x" v="5.7811" />
    <tag k="local_y" v="51.5386" />
    <tag k="ele" v="-1.5932" />
  </node>
  <node id="1377" lat="36.84400353623" lon="128.09262464754">
    <tag k="local_x" v="5.8068" />
    <tag k="local_y" v="47.6327" />
    <tag k="ele" v="-1.9355" />
  </node>
  <node id="1407" lat="36.84331869599" lon="128.09288704305">
    <tag k="local_x" v="28.4808" />
    <tag k="local_y" v="-28.5617" />
    <tag k="ele" v="-3.9742" />
  </node>
  <node id="1408" lat="36.84323470449" lon="128.09295171873">
    <tag k="local_x" v="34.1589" />
    <tag k="local_y" v="-37.9340" />
    <tag k="ele" v="-4.7887" />
  </node>
  <node id="1410" lat="36.84332941828" lon="128.09292358602">
    <tag k="local_x" v="31.7503" />
    <tag k="local_y" v="-27.4031" />
    <tag k="ele" v="-3.9742" />
  </node>
  <node id="1411" lat="36.84325356018" lon="128.09298212828">
    <tag k="local_x" v="36.8902" />
    <tag k="local_y" v="-35.8680" />
    <tag k="ele" v="-4.7887" />
  </node>
  <node id="1585" lat="36.84344889177" lon="128.09272080152">
    <tag k="local_x" v="13.7956" />
    <tag k="local_y" v="-13.9778" />
    <tag k="ele" v="-1.8194" />
  </node>
  <node id="1586" lat="36.84343327635" lon="128.09273205452">
    <tag k="local_x" v="14.7825" />
    <tag k="local_y" v="-15.7196" />
    <tag k="ele" v="-2.0997" />
  </node>
  <node id="1587" lat="36.84346438569" lon="128.09270964107">
    <tag k="local_x" v="12.8169" />
    <tag k="local_y" v="-12.2495" />
    <tag k="ele" v="-1.5391" />
  </node>
  <node id="1588" lat="36.84348026625" lon="128.09269822586">
    <tag k="local_x" v="11.8158" />
    <tag k="local_y" v="-10.4782" />
    <tag k="ele" v="-1.399" />
  </node>
  <node id="1589" lat="36.84349555839" lon="128.09268721831">
    <tag k="local_x" v="10.8505" />
    <tag k="local_y" v="-8.7724" />
    <tag k="ele" v="-1.3289" />
  </node>
  <node id="1590" lat="36.84351220309" lon="128.09267524700">
    <tag k="local_x" v="9.8006" />
    <tag k="local_y" v="-6.9158" />
    <tag k="ele" v="-1.2939" />
  </node>
  <node id="1598" lat="36.84341831582" lon="128.09274280541">
    <tag k="local_x" v="15.7253" />
    <tag k="local_y" v="-17.3883" />
    <tag k="ele" v="-2.2398" />
  </node>
  <node id="1605" lat="36.84338204825" lon="128.09268894893">
    <tag k="local_x" v="10.8852" />
    <tag k="local_y" v="-21.3660" />
    <tag k="ele" v="-2.3656" />
  </node>
  <node id="1606" lat="36.84357690715" lon="128.09253704319">
    <tag k="local_x" v="-2.4536" />
    <tag k="local_y" v="0.3791" />
    <tag k="ele" v="-0.824" />
  </node>
  <node id="1609" lat="36.84381317515" lon="128.09239490345">
    <tag k="local_x" v="-14.8780" />
    <tag k="local_y" v="26.7097" />
    <tag k="ele" v="-1.074" />
  </node>
  <node id="1610" lat="36.84384262585" lon="128.09248595402">
    <tag k="local_x" v="-6.7288" />
    <tag k="local_y" v="29.8997" />
    <tag k="ele" v="-1.0045" />
  </node>
  <node id="1611" lat="36.84362163829" lon="128.09258619617">
    <tag k="local_x" v="1.9760" />
    <tag k="local_y" v="5.2997" />
    <tag k="ele" v="-0.8886" />
  </node>
  <node id="1612" lat="36.84353978848" lon="128.09265991917">
    <tag k="local_x" v="8.4630" />
    <tag k="local_y" v="-3.8427" />
    <tag k="ele" v="-1.2866" />
  </node>
  <node id="1613" lat="36.84341412266" lon="128.09275282089">
    <tag k="local_x" v="16.6139" />
    <tag k="local_y" v="-17.8620" />
    <tag k="ele" v="-2.3525" />
  </node>
  <node id="1614" lat="36.84338190656" lon="128.09268894201">
    <tag k="local_x" v="10.8844" />
    <tag k="local_y" v="-21.3818" />
    <tag k="ele" v="-2.3656" />
  </node>
  <node id="1625" lat="36.84342596056" lon="128.09273730326">
    <tag k="local_x" v="15.2428" />
    <tag k="local_y" v="-16.5356" />
    <tag k="ele" v="-2.1697" />
  </node>
  <node id="1627" lat="36.84344103927" lon="128.09272646607">
    <tag k="local_x" v="14.2924" />
    <tag k="local_y" v="-14.8537" />
    <tag k="ele" v="-1.9595" />
  </node>
  <node id="1628" lat="36.84345688287" lon="128.09271503857">
    <tag k="local_x" v="13.2902" />
    <tag k="local_y" v="-13.0864" />
    <tag k="ele" v="-1.6792" />
  </node>
  <node id="1629" lat="36.84347261498" lon="128.09270374310">
    <tag k="local_x" v="12.2997" />
    <tag k="local_y" v="-11.3316" />
    <tag k="ele" v="-1.469" />
  </node>
  <node id="1630" lat="36.84348811085" lon="128.09269259807">
    <tag k="local_x" v="11.3223" />
    <tag k="local_y" v="-9.6032" />
    <tag k="ele" v="-1.3639" />
  </node>
  <node id="1632" lat="36.84350375584" lon="128.09268133025">
    <tag k="local_x" v="10.3341" />
    <tag k="local_y" v="-7.8580" />
    <tag k="ele" v="-1.3114" />
  </node>
  <node id="1633" lat="36.84351968910" lon="128.09266986936">
    <tag k="local_x" v="9.3290" />
    <tag k="local_y" v="-6.0808" />
    <tag k="ele" v="-1.2851" />
  </node>
  <node id="1672" lat="36.84340622004" lon="128.09271883730">
    <tag k="local_x" v="13.5756" />
    <tag k="local_y" v="-18.7099" />
    <tag k="ele" v="-2.2398" />
  </node>
  <node id="1673" lat="36.84341385829" lon="128.09271333463">
    <tag k="local_x" v="13.0930" />
    <tag k="local_y" v="-17.8579" />
    <tag k="ele" v="-2.1697" />
  </node>
  <node id="1674" lat="36.84342117281" lon="128.09270807644">
    <tag k="local_x" v="12.6318" />
    <tag k="local_y" v="-17.0420" />
    <tag k="ele" v="-2.0997" />
  </node>
  <node id="1675" lat="36.84342892545" lon="128.09270251739">
    <tag k="local_x" v="12.1444" />
    <tag k="local_y" v="-16.1772" />
    <tag k="ele" v="-1.9595" />
  </node>
  <node id="1676" lat="36.84343679705" lon="128.09269684688">
    <tag k="local_x" v="11.6471" />
    <tag k="local_y" v="-15.2992" />
    <tag k="ele" v="-1.8194" />
  </node>
  <node id="1677" lat="36.84344479185" lon="128.09269108517">
    <tag k="local_x" v="11.1418" />
    <tag k="local_y" v="-14.4074" />
    <tag k="ele" v="-1.6792" />
  </node>
  <node id="1678" lat="36.84345228333" lon="128.09268567897">
    <tag k="local_x" v="10.6676" />
    <tag k="local_y" v="-13.5718" />
    <tag k="ele" v="-1.5391" />
  </node>
  <node id="1679" lat="36.84346051057" lon="128.09267977211">
    <tag k="local_x" v="10.1496" />
    <tag k="local_y" v="-12.6541" />
    <tag k="ele" v="-1.469" />
  </node>
  <node id="1680" lat="36.84346816557" lon="128.09267426514">
    <tag k="local_x" v="9.6667" />
    <tag k="local_y" v="-11.8002" />
    <tag k="ele" v="-1.399" />
  </node>
  <node id="1681" lat="36.84347600356" lon="128.09266863433">
    <tag k="local_x" v="9.1729" />
    <tag k="local_y" v="-10.9260" />
    <tag k="ele" v="-1.3639" />
  </node>
  <node id="1682" lat="36.84348344970" lon="128.09266326722">
    <tag k="local_x" v="8.7022" />
    <tag k="local_y" v="-10.0954" />
    <tag k="ele" v="-1.3289" />
  </node>
  <node id="1683" lat="36.84349163567" lon="128.09265735894">
    <tag k="local_x" v="8.1840" />
    <tag k="local_y" v="-9.1823" />
    <tag k="ele" v="-1.3114" />
  </node>
  <node id="1684" lat="36.84350009021" lon="128.09265128469">
    <tag k="local_x" v="7.6514" />
    <tag k="local_y" v="-8.2393" />
    <tag k="ele" v="-1.2939" />
  </node>
  <node id="1685" lat="36.84350758271" lon="128.09264590756">
    <tag k="local_x" v="7.1798" />
    <tag k="local_y" v="-7.4035" />
    <tag k="ele" v="-1.2851" />
  </node>
  <node id="1719" lat="36.84324015363" lon="128.09294752626">
    <tag k="local_x" v="33.7909" />
    <tag k="local_y" v="-37.3259" />
    <tag k="ele" v="-4.3814" />
  </node>
  <node id="1720" lat="36.84324515346" lon="128.09294365306">
    <tag k="local_x" v="33.4508" />
    <tag k="local_y" v="-36.7680" />
    <tag k="ele" v="-4.1778" />
  </node>
  <node id="1721" lat="36.84324854797" lon="128.09294104453">
    <tag k="local_x" v="33.2218" />
    <tag k="local_y" v="-36.3892" />
    <tag k="ele" v="-4.076" />
  </node>
  <node id="1722" lat="36.84325350670" lon="128.09293723975">
    <tag k="local_x" v="32.8878" />
    <tag k="local_y" v="-35.8359" />
    <tag k="ele" v="-4.0251" />
  </node>
  <node id="1723" lat="36.84325602455" lon="128.09293529024">
    <tag k="local_x" v="32.7166" />
    <tag k="local_y" v="-35.5549" />
    <tag k="ele" v="-3.9996" />
  </node>
  <node id="1724" lat="36.84326103354" lon="128.09293144801">
    <tag k="local_x" v="32.3793" />
    <tag k="local_y" v="-34.9960" />
    <tag k="ele" v="-3.9869" />
  </node>
  <node id="1725" lat="36.84326376095" lon="128.09292933095">
    <tag k="local_x" v="32.1934" />
    <tag k="local_y" v="-34.6917" />
    <tag k="ele" v="-3.9805" />
  </node>
  <node id="1726" lat="36.84326850253" lon="128.09292569531">
    <tag k="local_x" v="31.8743" />
    <tag k="local_y" v="-34.1626" />
    <tag k="ele" v="-3.9774" />
  </node>
  <node id="1727" lat="36.84327159675" lon="128.09292331443">
    <tag k="local_x" v="31.6652" />
    <tag k="local_y" v="-33.8173" />
    <tag k="ele" v="-3.9758" />
  </node>
  <node id="1728" lat="36.84327646009" lon="128.09291956659">
    <tag k="local_x" v="31.3362" />
    <tag k="local_y" v="-33.2746" />
    <tag k="ele" v="-3.975" />
  </node>
  <node id="1729" lat="36.84327898735" lon="128.09291761939">
    <tag k="local_x" v="31.1652" />
    <tag k="local_y" v="-32.9926" />
    <tag k="ele" v="-3.9746" />
  </node>
  <node id="1730" lat="36.84328389431" lon="128.09291384665">
    <tag k="local_x" v="30.8340" />
    <tag k="local_y" v="-32.4451" />
    <tag k="ele" v="-3.9744" />
  </node>
  <node id="1731" lat="36.84328663472" lon="128.09291173966">
    <tag k="local_x" v="30.6490" />
    <tag k="local_y" v="-32.1393" />
    <tag k="ele" v="-3.9743" />
  </node>
  <node id="1732" lat="36.84329159316" lon="128.09290792084">
    <tag k="local_x" v="30.3138" />
    <tag k="local_y" v="-31.5860" />
    <tag k="ele" v="-3.9742" />
  </node>
  <node id="1733" lat="36.84329388742" lon="128.09290614897">
    <tag k="local_x" v="30.1582" />
    <tag k="local_y" v="-31.3300" />
    <tag k="ele" v="-3.9742" />
  </node>
  <node id="1734" lat="36.84329883550" lon="128.09290234147">
    <tag k="local_x" v="29.8239" />
    <tag k="local_y" v="-30.7778" />
    <tag k="ele" v="-3.9742" />
  </node>
  <node id="1736" lat="36.84330136622" lon="128.09290039050">
    <tag k="local_x" v="29.6526" />
    <tag k="local_y" v="-30.4954" />
    <tag k="ele" v="-3.9742" />
  </node>
  <node id="1737" lat="36.84330623505" lon="128.09289664776">
    <tag k="local_x" v="29.3241" />
    <tag k="local_y" v="-29.9522" />
    <tag k="ele" v="-3.9742" />
  </node>
  <node id="1738" lat="36.84330897916" lon="128.09289454202">
    <tag k="local_x" v="29.1392" />
    <tag k="local_y" v="-29.6460" />
    <tag k="ele" v="-3.9742" />
  </node>
  <node id="1739" lat="36.84331383479" lon="128.09289079324">
    <tag k="local_x" v="28.8101" />
    <tag k="local_y" v="-29.1041" />
    <tag k="ele" v="-3.9742" />
  </node>
  <node id="1740" lat="36.84332474278" lon="128.09292719358">
    <tag k="local_x" v="32.0671" />
    <tag k="local_y" v="-27.9249" />
    <tag k="ele" v="-4.3814" />
  </node>
  <node id="1741" lat="36.84332170291" lon="128.09292954575">
    <tag k="local_x" v="32.2736" />
    <tag k="local_y" v="-28.2641" />
    <tag k="ele" v="-4.5851" />
  </node>
  <node id="1742" lat="36.84331710731" lon="128.09293308547">
    <tag k="local_x" v="32.5844" />
    <tag k="local_y" v="-28.7769" />
    <tag k="ele" v="-4.6869" />
  </node>
  <node id="1743" lat="36.84331426893" lon="128.09293527070">
    <tag k="local_x" v="32.7762" />
    <tag k="local_y" v="-29.0936" />
    <tag k="ele" v="-4.7378" />
  </node>
  <node id="1744" lat="36.84330973173" lon="128.09293876582">
    <tag k="local_x" v="33.0831" />
    <tag k="local_y" v="-29.5999" />
    <tag k="ele" v="-4.7632" />
  </node>
  <node id="1745" lat="36.84330692444" lon="128.09294095072">
    <tag k="local_x" v="33.2749" />
    <tag k="local_y" v="-29.9132" />
    <tag k="ele" v="-4.7759" />
  </node>
  <node id="1746" lat="36.84330236462" lon="128.09294446211">
    <tag k="local_x" v="33.5832" />
    <tag k="local_y" v="-30.4220" />
    <tag k="ele" v="-4.7823" />
  </node>
  <node id="1747" lat="36.84329926765" lon="128.09294685275">
    <tag k="local_x" v="33.7931" />
    <tag k="local_y" v="-30.7676" />
    <tag k="ele" v="-4.7855" />
  </node>
  <node id="1748" lat="36.84329479204" lon="128.09295031007">
    <tag k="local_x" v="34.0966" />
    <tag k="local_y" v="-31.2670" />
    <tag k="ele" v="-4.7871" />
  </node>
  <node id="1749" lat="36.84329195291" lon="128.09295250490">
    <tag k="local_x" v="34.2893" />
    <tag k="local_y" v="-31.5838" />
    <tag k="ele" v="-4.7879" />
  </node>
  <node id="1750" lat="36.84328742493" lon="128.09295598173">
    <tag k="local_x" v="34.5946" />
    <tag k="local_y" v="-32.0891" />
    <tag k="ele" v="-4.7883" />
  </node>
  <node id="1751" lat="36.84328397839" lon="128.09295864192">
    <tag k="local_x" v="34.8281" />
    <tag k="local_y" v="-32.4737" />
    <tag k="ele" v="-4.7885" />
  </node>
  <node id="1753" lat="36.84327941532" lon="128.09296217770">
    <tag k="local_x" v="35.1386" />
    <tag k="local_y" v="-32.9829" />
    <tag k="ele" v="-4.7886" />
  </node>
  <node id="1754" lat="36.84327632497" lon="128.09296454672">
    <tag k="local_x" v="35.3465" />
    <tag k="local_y" v="-33.3277" />
    <tag k="ele" v="-4.7887" />
  </node>
  <node id="1755" lat="36.84327178738" lon="128.09296804991">
    <tag k="local_x" v="35.6541" />
    <tag k="local_y" v="-33.8340" />
    <tag k="ele" v="-4.7887" />
  </node>
  <node id="1757" lat="36.84326896994" lon="128.09297021747">
    <tag k="local_x" v="35.8444" />
    <tag k="local_y" v="-34.1484" />
    <tag k="ele" v="-4.7887" />
  </node>
  <node id="1758" lat="36.84326443775" lon="128.09297373233">
    <tag k="local_x" v="36.1530" />
    <tag k="local_y" v="-34.6542" />
    <tag k="ele" v="-4.7887" />
  </node>
  <node id="1761" lat="36.84325600339" lon="128.09298024669">
    <tag k="local_x" v="36.7250" />
    <tag k="local_y" v="-35.5953" />
    <tag k="ele" v="-4.7887" />
  </node>
  <node id="1764" lat="36.84326050933" lon="128.09297676500">
    <tag k="local_x" v="36.4193" />
    <tag k="local_y" v="-35.0925" />
    <tag k="ele" v="-4.7887" />
  </node>
  <node id="1843" lat="36.84374817908" lon="128.09252191867">
    <tag k="local_x" v="-3.6217" />
    <tag k="local_y" v="19.3919" />
    <tag k="ele" v="-0.9465" />
  </node>
  <node id="1844" lat="36.84375161065" lon="128.09253080841">
    <tag k="local_x" v="-2.8254" />
    <tag k="local_y" v="19.7650" />
    <tag k="ele" v="-0.9755" />
  </node>
  <node id="1845" lat="36.84359964948" lon="128.09261042553">
    <tag k="local_x" v="4.1132" />
    <tag k="local_y" v="2.8399" />
    <tag k="ele" v="-1.0876" />
  </node>
  <node id="1848" lat="36.84354070114" lon="128.09264996744">
    <tag k="local_x" v="7.5767" />
    <tag k="local_y" v="-3.7330" />
    <tag k="ele" v="-1.2524" />
  </node>
  <node id="1851" lat="36.84352995215" lon="128.09262934859">
    <tag k="local_x" v="5.7270" />
    <tag k="local_y" v="-4.9080" />
    <tag k="ele" v="-1.2441" />
  </node>
  <node id="1855" lat="36.84353379690" lon="128.09265668468">
    <tag k="local_x" v="8.1683" />
    <tag k="local_y" v="-4.5046" />
    <tag k="ele" v="-1.2644" />
  </node>
  <node id="1856" lat="36.84352279435" lon="128.09263470655">
    <tag k="local_x" v="6.1972" />
    <tag k="local_y" v="-5.7065" />
    <tag k="ele" v="-1.2603" />
  </node>
  <node id="1866" lat="36.84351447103" lon="128.09264093775">
    <tag k="local_x" v="6.7440" />
    <tag k="local_y" v="-6.6352" />
    <tag k="ele" v="-1.2807" />
  </node>
  <node id="1868" lat="36.84352618473" lon="128.09266411708">
    <tag k="local_x" v="8.8230" />
    <tag k="local_y" v="-5.3553" />
    <tag k="ele" v="-1.2807" />
  </node>
  <node id="1873" lat="36.84352559153" lon="128.09262057259">
    <tag k="local_x" v="4.9399" />
    <tag k="local_y" v="-5.3843" />
    <tag k="ele" v="-1.2358" />
  </node>
  <node id="1874" lat="36.84354504417" lon="128.09260663742">
    <tag k="local_x" v="3.7179" />
    <tag k="local_y" v="-3.2145" />
    <tag k="ele" v="-1.0904" />
  </node>
  <node id="1876" lat="36.84356476483" lon="128.09259255745">
    <tag k="local_x" v="2.4833" />
    <tag k="local_y" v="-1.0149" />
    <tag k="ele" v="-0.9791" />
  </node>
  <node id="1878" lat="36.84358451501" lon="128.09257633803">
    <tag k="local_x" v="1.0580" />
    <tag k="local_y" v="1.1898" />
    <tag k="ele" v="-0.8846" />
  </node>
  <node id="1883" lat="36.84355864869" lon="128.09263551353">
    <tag k="local_x" v="6.3069" />
    <tag k="local_y" v="-1.7298" />
    <tag k="ele" v="-1.0904" />
  </node>
  <node id="1884" lat="36.84357836163" lon="128.09262140799">
    <tag k="local_x" v="5.0700" />
    <tag k="local_y" v="0.4690" />
    <tag k="ele" v="-0.9791" />
  </node>
  <node id="1885" lat="36.84359694068" lon="128.09260499191">
    <tag k="local_x" v="3.6259" />
    <tag k="local_y" v="2.5440" />
    <tag k="ele" v="-0.8846" />
  </node>
  <node id="1892" lat="36.84354950492" lon="128.09264286987">
    <tag k="local_x" v="6.9531" />
    <tag k="local_y" v="-2.7503" />
    <tag k="ele" v="-1.1714" />
  </node>
  <node id="1893" lat="36.84353571274" lon="128.09261331646">
    <tag k="local_x" v="4.3036" />
    <tag k="local_y" v="-4.2553" />
    <tag k="ele" v="-1.1631" />
  </node>
  <node id="1894" lat="36.84356879520" lon="128.09262826252">
    <tag k="local_x" v="5.6711" />
    <tag k="local_y" v="-0.5980" />
    <tag k="ele" v="-1.0347" />
  </node>
  <node id="1895" lat="36.84355532693" lon="128.09259928972">
    <tag k="local_x" v="3.0736" />
    <tag k="local_y" v="-2.0676" />
    <tag k="ele" v="-1.0347" />
  </node>
  <node id="1896" lat="36.84358780059" lon="128.09261307111">
    <tag k="local_x" v="4.3366" />
    <tag k="local_y" v="1.5232" />
    <tag k="ele" v="-0.9318" />
  </node>
  <node id="1897" lat="36.84357503839" lon="128.09258409182">
    <tag k="local_x" v="1.7393" />
    <tag k="local_y" v="0.1320" />
    <tag k="ele" v="-0.9318" />
  </node>
  <node id="1901" lat="36.84359621627" lon="128.09256339043">
    <tag k="local_x" v="-0.0841" />
    <tag k="local_y" v="2.4989" />
    <tag k="ele" v="-0.8433" />
  </node>
  <node id="1904" lat="36.84361324836" lon="128.09255311354">
    <tag k="local_x" v="-0.9825" />
    <tag k="local_y" v="4.3970" />
    <tag k="ele" v="-0.9159" />
  </node>
  <node id="1905" lat="36.84362954573" lon="128.09254328346">
    <tag k="local_x" v="-1.8418" />
    <tag k="local_y" v="6.2133" />
    <tag k="ele" v="-0.9522" />
  </node>
  <node id="1906" lat="36.84364627106" lon="128.09253324275">
    <tag k="local_x" v="-2.7194" />
    <tag k="local_y" v="8.0772" />
    <tag k="ele" v="-0.9703" />
  </node>
  <node id="1907" lat="36.84366214760" lon="128.09252364537">
    <tag k="local_x" v="-3.5584" />
    <tag k="local_y" v="9.8466" />
    <tag k="ele" v="-0.9794" />
  </node>
  <node id="1908" lat="36.84367835290" lon="128.09251389056">
    <tag k="local_x" v="-4.4110" />
    <tag k="local_y" v="11.6525" />
    <tag k="ele" v="-0.984" />
  </node>
  <node id="1909" lat="36.84369765412" lon="128.09250223813">
    <tag k="local_x" v="-5.4296" />
    <tag k="local_y" v="13.8036" />
    <tag k="ele" v="-0.9862" />
  </node>
  <node id="1910" lat="36.84371879299" lon="128.09249055175">
    <tag k="local_x" v="-6.4493" />
    <tag k="local_y" v="16.1585" />
    <tag k="ele" v="-0.9873" />
  </node>
  <node id="1911" lat="36.84373859999" lon="128.09247913407">
    <tag k="local_x" v="-7.4465" />
    <tag k="local_y" v="18.3654" />
    <tag k="ele" v="-0.9879" />
  </node>
  <node id="1912" lat="36.84375900526" lon="128.09246683912">
    <tag k="local_x" v="-8.5212" />
    <tag k="local_y" v="20.6395" />
    <tag k="ele" v="-0.9882" />
  </node>
  <node id="1913" lat="36.84377945049" lon="128.09245452710">
    <tag k="local_x" v="-9.5974" />
    <tag k="local_y" v="22.9180" />
    <tag k="ele" v="-0.9883" />
  </node>
  <node id="1914" lat="36.84380052508" lon="128.09244270684">
    <tag k="local_x" v="-10.6291" />
    <tag k="local_y" v="25.2659" />
    <tag k="ele" v="-0.9884" />
  </node>
  <node id="1915" lat="36.84360508309" lon="128.09255804440">
    <tag k="local_x" v="-0.5514" />
    <tag k="local_y" v="3.4870" />
    <tag k="ele" v="-0.8796" />
  </node>
  <node id="1916" lat="36.84362184306" lon="128.09254794378">
    <tag k="local_x" v="-1.4344" />
    <tag k="local_y" v="5.3548" />
    <tag k="ele" v="-0.934" />
  </node>
  <node id="1917" lat="36.84363801781" lon="128.09253820838">
    <tag k="local_x" v="-2.2853" />
    <tag k="local_y" v="7.1574" />
    <tag k="ele" v="-0.9612" />
  </node>
  <node id="1918" lat="36.84365469240" lon="128.09252814585">
    <tag k="local_x" v="-3.1650" />
    <tag k="local_y" v="9.0157" />
    <tag k="ele" v="-0.9748" />
  </node>
  <node id="1919" lat="36.84367039243" lon="128.09251867283">
    <tag k="local_x" v="-3.9930" />
    <tag k="local_y" v="10.7654" />
    <tag k="ele" v="-0.9817" />
  </node>
  <node id="1920" lat="36.84368751261" lon="128.09250836365">
    <tag k="local_x" v="-4.8942" />
    <tag k="local_y" v="12.6733" />
    <tag k="ele" v="-0.9851" />
  </node>
  <node id="1921" lat="36.84370867117" lon="128.09249617730">
    <tag k="local_x" v="-5.9584" />
    <tag k="local_y" v="15.0309" />
    <tag k="ele" v="-0.9867" />
  </node>
  <node id="1922" lat="36.84372954641" lon="128.09248436052">
    <tag k="local_x" v="-6.9900" />
    <tag k="local_y" v="17.3567" />
    <tag k="ele" v="-0.9876" />
  </node>
  <node id="1923" lat="36.84374902582" lon="128.09247283385">
    <tag k="local_x" v="-7.9972" />
    <tag k="local_y" v="19.5274" />
    <tag k="ele" v="-0.988" />
  </node>
  <node id="1924" lat="36.84376992881" lon="128.09246024310">
    <tag k="local_x" v="-9.0978" />
    <tag k="local_y" v="21.8569" />
    <tag k="ele" v="-0.9882" />
  </node>
  <node id="1925" lat="36.84379005664" lon="128.09244855450">
    <tag k="local_x" v="-10.1188" />
    <tag k="local_y" v="24.0996" />
    <tag k="ele" v="-0.9883" />
  </node>
  <node id="1979" lat="36.84360755284" lon="128.09259482790">
    <tag k="local_x" v="2.7308" />
    <tag k="local_y" v="3.7298" />
    <tag k="ele" v="-0.8611" />
  </node>
  <node id="1986" lat="36.84362336607" lon="128.09257886843">
    <tag k="local_x" v="1.3245" />
    <tag k="local_y" v="5.4976" />
    <tag k="ele" v="-0.847" />
  </node>
  <node id="1988" lat="36.84364004328" lon="128.09256984694">
    <tag k="local_x" v="0.5377" />
    <tag k="local_y" v="7.3553" />
    <tag k="ele" v="-0.8591" />
  </node>
  <node id="1989" lat="36.84365658907" lon="128.09256000919">
    <tag k="local_x" v="-0.3220" />
    <tag k="local_y" v="9.1991" />
    <tag k="ele" v="-0.8877" />
  </node>
  <node id="1990" lat="36.84367453445" lon="128.09255441426">
    <tag k="local_x" v="-0.8019" />
    <tag k="local_y" v="11.1946" />
    <tag k="ele" v="-0.9" />
  </node>
  <node id="1991" lat="36.84375184883" lon="128.09251511546">
    <tag k="local_x" v="-4.2244" />
    <tag k="local_y" v="19.8047" />
    <tag k="ele" v="-1.0017" />
  </node>
  <node id="1992" lat="36.84375569944" lon="128.09252583496">
    <tag k="local_x" v="-3.2646" />
    <tag k="local_y" v="20.2228" />
    <tag k="ele" v="-1.0345" />
  </node>
  <node id="1993" lat="36.84383973104" lon="128.09248432439">
    <tag k="local_x" v="-6.8771" />
    <tag k="local_y" v="29.5799" />
    <tag k="ele" v="-1.069" />
  </node>
  <node id="1994" lat="36.84382238004" lon="128.09242799206">
    <tag k="local_x" v="-11.9181" />
    <tag k="local_y" v="27.7028" />
    <tag k="ele" v="-0.989" />
  </node>
  <node id="1996" lat="36.84381144174" lon="128.09243539675">
    <tag k="local_x" v="-11.2694" />
    <tag k="local_y" v="26.4831" />
    <tag k="ele" v="-0.9887" />
  </node>
  <node id="1999" lat="36.84381768531" lon="128.09249521982">
    <tag k="local_x" v="-5.9289" />
    <tag k="local_y" v="27.1251" />
    <tag k="ele" v="-1.0517" />
  </node>
  <node id="2000" lat="36.84379646534" lon="128.09250569623">
    <tag k="local_x" v="-5.0172" />
    <tag k="local_y" v="24.7622" />
    <tag k="ele" v="-1.0431" />
  </node>
  <node id="2001" lat="36.84377593232" lon="128.09251583143">
    <tag k="local_x" v="-4.1352" />
    <tag k="local_y" v="22.4758" />
    <tag k="ele" v="-1.0388" />
  </node>
  <node id="2002" lat="36.84373022776" lon="128.09252608893">
    <tag k="local_x" v="-3.2688" />
    <tag k="local_y" v="17.3969" />
    <tag k="ele" v="-0.9508" />
  </node>
  <node id="2003" lat="36.84370993044" lon="128.09253641991">
    <tag k="local_x" v="-2.3690" />
    <tag k="local_y" v="15.1365" />
    <tag k="ele" v="-0.9254" />
  </node>
  <node id="2004" lat="36.84369063982" lon="128.09254658912">
    <tag k="local_x" v="-1.4827" />
    <tag k="local_y" v="12.9879" />
    <tag k="ele" v="-0.9127" />
  </node>
  <node id="2017" lat="36.84361569516" lon="128.09258659573">
    <tag k="local_x" v="2.0054" />
    <tag k="local_y" v="4.6401" />
    <tag k="ele" v="-0.854" />
  </node>
  <node id="2018" lat="36.84363171759" lon="128.09257434515">
    <tag k="local_x" v="0.9300" />
    <tag k="local_y" v="6.4279" />
    <tag k="ele" v="-0.853" />
  </node>
  <node id="2019" lat="36.84364875853" lon="128.09256465654">
    <tag k="local_x" v="0.0841" />
    <tag k="local_y" v="8.3265" />
    <tag k="ele" v="-0.8734" />
  </node>
  <node id="2020" lat="36.84366624735" lon="128.09255701661">
    <tag k="local_x" v="-0.5786" />
    <tag k="local_y" v="10.2731" />
    <tag k="ele" v="-0.8938" />
  </node>
  <node id="2021" lat="36.84368315617" lon="128.09255023946">
    <tag k="local_x" v="-1.1651" />
    <tag k="local_y" v="12.1546" />
    <tag k="ele" v="-0.9063" />
  </node>
  <node id="2022" lat="36.84370076769" lon="128.09254124554">
    <tag k="local_x" v="-1.9484" />
    <tag k="local_y" v="14.1159" />
    <tag k="ele" v="-0.919" />
  </node>
  <node id="2023" lat="36.84372072604" lon="128.09253092903">
    <tag k="local_x" v="-2.8472" />
    <tag k="local_y" v="16.3387" />
    <tag k="ele" v="-0.9381" />
  </node>
  <node id="2024" lat="36.84374063587" lon="128.09252081066">
    <tag k="local_x" v="-3.7284" />
    <tag k="local_y" v="18.5560" />
    <tag k="ele" v="-0.9762" />
  </node>
  <node id="2025" lat="36.84376625419" lon="128.09252062353">
    <tag k="local_x" v="-3.7181" />
    <tag k="local_y" v="21.3981" />
    <tag k="ele" v="-1.0366" />
  </node>
  <node id="2026" lat="36.84378673524" lon="128.09251052441">
    <tag k="local_x" v="-4.5970" />
    <tag k="local_y" v="23.6787" />
    <tag k="ele" v="-1.0409" />
  </node>
  <node id="2028" lat="36.84380707860" lon="128.09250046733">
    <tag k="local_x" v="-5.4722" />
    <tag k="local_y" v="25.9440" />
    <tag k="ele" v="-1.0474" />
  </node>
  <node id="2029" lat="36.84382850703" lon="128.09248985912">
    <tag k="local_x" v="-6.3955" />
    <tag k="local_y" v="28.3301" />
    <tag k="ele" v="-1.0604" />
  </node>
  <node id="2042" lat="36.84340228588" lon="128.09271778549">
    <tag k="local_x" v="13.4776" />
    <tag k="local_y" v="-19.1454" />
    <tag k="ele" v="-2.3119" />
  </node>
  <node id="2043" lat="36.84343920655" lon="128.09269096179">
    <tag k="local_x" v="11.1249" />
    <tag k="local_y" v="-15.0269" />
    <tag k="ele" v="-2.0102" />
  </node>
  <node id="2045" lat="36.84345409515" lon="128.09272009839">
    <tag k="local_x" v="13.7384" />
    <tag k="local_y" v="-13.3999" />
    <tag k="ele" v="-1.9666" />
  </node>
  <node id="2046" lat="36.84341650021" lon="128.09274749903">
    <tag k="local_x" v="16.1419" />
    <tag k="local_y" v="-17.5937" />
    <tag k="ele" v="-2.2982" />
  </node>
  <node id="2047" lat="36.84340216149" lon="128.09271819235">
    <tag k="local_x" v="13.5138" />
    <tag k="local_y" v="-19.1596" />
    <tag k="ele" v="-2.3087" />
  </node>
  <node id="2049" lat="36.84392863652" lon="128.09240337167">
    <tag k="local_x" v="-14.0013" />
    <tag k="local_y" v="39.5112" />
    <tag k="ele" v="-2.3119" />
  </node>
  <node id="2050" lat="36.84393465466" lon="128.09245604893">
    <tag k="local_x" v="-9.2982" />
    <tag k="local_y" v="40.1342" />
    <tag k="ele" v="-2.0102" />
  </node>
  <node id="2051" lat="36.84389091561" lon="128.09246411162">
    <tag k="local_x" v="-8.6254" />
    <tag k="local_y" v="35.2752" />
    <tag k="ele" v="-1.9666" />
  </node>
  <node id="2052" lat="36.84388472111" lon="128.09241044968">
    <tag k="local_x" v="-13.4165" />
    <tag k="local_y" v="34.6334" />
    <tag k="ele" v="-2.2982" />
  </node>
  <node id="2053" lat="36.84392836810" lon="128.09240307631">
    <tag k="local_x" v="-14.0279" />
    <tag k="local_y" v="39.4816" />
    <tag k="ele" v="-2.3087" />
  </node>
  <way id="28">
    <nd ref="26" />
    <nd ref="27" />
    <tag k="type" v="line_thin" />
    <tag k="subtype" v="solid" />
  </way>
  <way id="31">
    <nd ref="29" />
    <nd ref="30" />
    <tag k="type" v="line_thin" />
    <tag k="subtype" v="solid" />
  </way>
  <way id="54">
    <nd ref="52" />
    <nd ref="53" />
    <nd ref="187" />
    <nd ref="188" />
    <nd ref="59" />
    <tag k="type" v="line_thin" />
    <tag k="subtype" v="solid" />
  </way>
  <way id="57">
    <nd ref="55" />
    <nd ref="56" />
    <nd ref="189" />
    <nd ref="190" />
    <nd ref="60" />
    <tag k="type" v="line_thin" />
    <tag k="subtype" v="solid" />
  </way>
  <way id="128">
    <nd ref="126" />
    <nd ref="127" />
    <nd ref="133" />
    <nd ref="135" />
    <tag k="type" v="line_thin" />
    <tag k="subtype" v="solid" />
  </way>
  <way id="131">
    <nd ref="129" />
    <nd ref="130" />
    <nd ref="134" />
    <nd ref="136" />
    <tag k="type" v="line_thin" />
    <tag k="subtype" v="solid" />
  </way>
  <way id="139">
    <nd ref="137" />
    <nd ref="138" />
    <nd ref="508" />
    <nd ref="509" />
    <nd ref="510" />
    <nd ref="144" />
    <tag k="type" v="line_thin" />
    <tag k="subtype" v="solid" />
  </way>
  <way id="142">
    <nd ref="140" />
    <nd ref="141" />
    <nd ref="511" />
    <nd ref="512" />
    <nd ref="513" />
    <nd ref="145" />
    <tag k="type" v="line_thin" />
    <tag k="subtype" v="solid" />
  </way>
  <way id="160">
    <nd ref="69" />
    <nd ref="791" />
    <nd ref="798" />
    <nd ref="799" />
    <nd ref="71" />
    <tag k="type" v="line_thin" />
    <tag k="subtype" v="solid" />
  </way>
  <way id="162">
    <nd ref="68" />
    <nd ref="790" />
    <nd ref="800" />
    <nd ref="801" />
    <nd ref="70" />
    <tag k="type" v="line_thin" />
    <tag k="subtype" v="solid" />
  </way>
  <way id="164">
    <nd ref="64" />
    <nd ref="755" />
    <nd ref="756" />
    <nd ref="761" />
    <nd ref="762" />
    <nd ref="786" />
    <nd ref="787" />
    <nd ref="65" />
    <tag k="type" v="line_thin" />
    <tag k="subtype" v="solid" />
  </way>
  <way id="166">
    <nd ref="61" />
    <nd ref="757" />
    <nd ref="764" />
    <nd ref="765" />
    <nd ref="783" />
    <nd ref="784" />
    <nd ref="785" />
    <nd ref="62" />
    <tag k="type" v="line_thin" />
    <tag k="subtype" v="solid" />
  </way>
  <way id="335">
    <nd ref="95" />
    <nd ref="327" />
    <nd ref="328" />
    <nd ref="329" />
    <nd ref="330" />
    <nd ref="340" />
    <nd ref="341" />
    <nd ref="237" />
    <tag k="type" v="line_thin" />
    <tag k="subtype" v="solid" />
  </way>
  <way id="336">
    <nd ref="92" />
    <nd ref="331" />
    <nd ref="332" />
    <nd ref="333" />
    <nd ref="334" />
    <nd ref="338" />
    <nd ref="339" />
    <nd ref="240" />
    <tag k="type" v="line_thin" />
    <tag k="subtype" v="solid" />
  </way>
  <way id="379">
    <nd ref="136" />
    <nd ref="361" />
    <nd ref="362" />
    <nd ref="363" />
    <nd ref="364" />
    <nd ref="365" />
    <nd ref="366" />
    <nd ref="367" />
    <nd ref="368" />
    <nd ref="369" />
    <nd ref="113" />
    <tag k="type" v="line_thin" />
    <tag k="subtype" v="solid" />
  </way>
  <way id="380">
    <nd ref="135" />
    <nd ref="370" />
    <nd ref="371" />
    <nd ref="372" />
    <nd ref="373" />
    <nd ref="374" />
    <nd ref="375" />
    <nd ref="376" />
    <nd ref="377" />
    <nd ref="378" />
    <nd ref="110" />
    <tag k="type" v="line_thin" />
    <tag k="subtype" v="solid" />
  </way>
  <way id="505">
    <nd ref="145" />
    <nd ref="537" />
    <nd ref="538" />
    <nd ref="539" />
    <nd ref="407" />
    <tag k="type" v="line_thin" />
    <tag k="subtype" v="solid" />
  </way>
  <way id="506">
    <nd ref="144" />
    <nd ref="540" />
    <nd ref="541" />
    <nd ref="542" />
    <nd ref="404" />
    <tag k="type" v="line_thin" />
    <tag k="subtype" v="solid" />
  </way>
  <way id="543">
    <nd ref="407" />
    <nd ref="408" />
    <nd ref="412" />
    <nd ref="553" />
    <nd ref="554" />
    <nd ref="414" />
    <tag k="type" v="line_thin" />
    <tag k="subtype" v="solid" />
  </way>
  <way id="545">
    <nd ref="404" />
    <nd ref="405" />
    <nd ref="411" />
    <nd ref="555" />
    <nd ref="556" />
    <nd ref="413" />
    <tag k="type" v="line_thin" />
    <tag k="subtype" v="solid" />
  </way>
  <way id="548">
    <nd ref="414" />
    <nd ref="416" />
    <nd ref="418" />
    <nd ref="557" />
    <nd ref="558" />
    <nd ref="420" />
    <tag k="type" v="line_thin" />
    <tag k="subtype" v="solid" />
  </way>
  <way id="549">
    <nd ref="420" />
    <nd ref="422" />
    <nd ref="424" />
    <nd ref="563" />
    <nd ref="564" />
    <nd ref="426" />
    <tag k="type" v="line_thin" />
    <tag k="subtype" v="solid" />
  </way>
  <way id="550">
    <nd ref="413" />
    <nd ref="415" />
    <nd ref="417" />
    <nd ref="559" />
    <nd ref="560" />
    <nd ref="419" />
    <tag k="type" v="line_thin" />
    <tag k="subtype" v="solid" />
  </way>
  <way id="551">
    <nd ref="419" />
    <nd ref="421" />
    <nd ref="423" />
    <nd ref="561" />
    <nd ref="562" />
    <nd ref="425" />
    <tag k="type" v="line_thin" />
    <tag k="subtype" v="solid" />
  </way>
  <way id="627">
    <nd ref="598" />
    <nd ref="619" />
    <nd ref="620" />
    <nd ref="621" />
    <nd ref="622" />
    <nd ref="630" />
    <nd ref="631" />
    <nd ref="632" />
    <nd ref="480" />
    <tag k="type" v="line_thin" />
    <tag k="subtype" v="solid" />
  </way>
  <way id="628">
    <nd ref="597" />
    <nd ref="623" />
    <nd ref="624" />
    <nd ref="625" />
    <nd ref="626" />
    <nd ref="633" />
    <nd ref="634" />
    <nd ref="477" />
    <tag k="type" v="line_thin" />
    <tag k="subtype" v="solid" />
  </way>
  <way id="711">
    <nd ref="51" />
    <nd ref="55" />
    <tag k="type" v="line_thin" />
    <tag k="subtype" v="solid" />
  </way>
  <way id="712">
    <nd ref="50" />
    <nd ref="52" />
    <tag k="type" v="line_thin" />
    <tag k="subtype" v="solid" />
  </way>
  <way id="749">
    <nd ref="65" />
    <nd ref="733" />
    <nd ref="734" />
    <nd ref="735" />
    <nd ref="736" />
    <nd ref="737" />
    <nd ref="738" />
    <nd ref="739" />
    <nd ref="740" />
    <nd ref="789" />
    <nd ref="69" />
    <tag k="type" v="line_thin" />
    <tag k="subtype" v="solid" />
  </way>
  <way id="750">
    <nd ref="62" />
    <nd ref="741" />
    <nd ref="742" />
    <nd ref="743" />
    <nd ref="744" />
    <nd ref="745" />
    <nd ref="746" />
    <nd ref="747" />
    <nd ref="748" />
    <nd ref="788" />
    <nd ref="68" />
    <tag k="type" v="line_thin" />
    <tag k="subtype" v="solid" />
  </way>
  <way id="780">
    <nd ref="60" />
    <nd ref="766" />
    <nd ref="767" />
    <nd ref="768" />
    <nd ref="769" />
    <nd ref="770" />
    <nd ref="771" />
    <nd ref="772" />
    <nd ref="64" />
    <tag k="type" v="line_thin" />
    <tag k="subtype" v="solid" />
  </way>
  <way id="781">
    <nd ref="59" />
    <nd ref="773" />
    <nd ref="774" />
    <nd ref="775" />
    <nd ref="776" />
    <nd ref="777" />
    <nd ref="778" />
    <nd ref="779" />
    <nd ref="61" />
    <tag k="type" v="line_thin" />
    <tag k="subtype" v="solid" />
  </way>
  <way id="803">
    <nd ref="49" />
    <nd ref="169" />
    <nd ref="170" />
    <nd ref="171" />
    <nd ref="172" />
    <nd ref="173" />
    <nd ref="174" />
    <nd ref="175" />
    <nd ref="51" />
    <tag k="type" v="line_thin" />
    <tag k="subtype" v="solid" />
  </way>
  <way id="805">
    <nd ref="48" />
    <nd ref="176" />
    <nd ref="177" />
    <nd ref="178" />
    <nd ref="179" />
    <nd ref="180" />
    <nd ref="181" />
    <nd ref="182" />
    <nd ref="50" />
    <tag k="type" v="line_thin" />
    <tag k="subtype" v="solid" />
  </way>
  <way id="839">
    <nd ref="656" />
    <nd ref="657" />
    <nd ref="691" />
    <nd ref="695" />
    <nd ref="696" />
    <nd ref="697" />
    <nd ref="698" />
    <nd ref="844" />
    <nd ref="845" />
    <nd ref="846" />
    <nd ref="683" />
    <tag k="type" v="line_thin" />
    <tag k="subtype" v="solid" />
  </way>
  <way id="840">
    <nd ref="653" />
    <nd ref="654" />
    <nd ref="689" />
    <nd ref="694" />
    <nd ref="699" />
    <nd ref="700" />
    <nd ref="701" />
    <nd ref="841" />
    <nd ref="842" />
    <nd ref="843" />
    <nd ref="680" />
    <tag k="type" v="line_thin" />
    <tag k="subtype" v="solid" />
  </way>
  <way id="852">
    <nd ref="4" />
    <nd ref="5" />
    <nd ref="185" />
    <nd ref="186" />
    <tag k="type" v="line_thin" />
    <tag k="subtype" v="solid" />
  </way>
  <way id="854">
    <nd ref="1" />
    <nd ref="2" />
    <nd ref="183" />
    <nd ref="184" />
    <tag k="type" v="line_thin" />
    <tag k="subtype" v="solid" />
  </way>
  <way id="884">
    <nd ref="683" />
    <nd ref="684" />
    <nd ref="688" />
    <nd ref="818" />
    <nd ref="822" />
    <nd ref="865" />
    <nd ref="869" />
    <tag k="type" v="line_thin" />
    <tag k="subtype" v="solid" />
  </way>
  <way id="885">
    <nd ref="869" />
    <nd ref="875" />
    <nd ref="876" />
    <nd ref="882" />
    <nd ref="894" />
    <nd ref="895" />
    <nd ref="896" />
    <nd ref="4" />
    <tag k="type" v="line_thin" />
    <tag k="subtype" v="solid" />
  </way>
  <way id="886">
    <nd ref="680" />
    <nd ref="681" />
    <nd ref="687" />
    <nd ref="816" />
    <nd ref="821" />
    <nd ref="863" />
    <nd ref="868" />
    <tag k="type" v="line_thin" />
    <tag k="subtype" v="solid" />
  </way>
  <way id="887">
    <nd ref="868" />
    <nd ref="877" />
    <nd ref="878" />
    <nd ref="879" />
    <nd ref="883" />
    <nd ref="897" />
    <nd ref="898" />
    <nd ref="1" />
    <tag k="type" v="line_thin" />
    <tag k="subtype" v="solid" />
  </way>
  <way id="935">
    <nd ref="186" />
    <nd ref="901" />
    <nd ref="905" />
    <nd ref="907" />
    <nd ref="909" />
    <nd ref="911" />
    <nd ref="913" />
    <nd ref="939" />
    <nd ref="940" />
    <nd ref="29" />
    <tag k="type" v="line_thin" />
    <tag k="subtype" v="solid" />
  </way>
  <way id="936">
    <nd ref="184" />
    <nd ref="899" />
    <nd ref="904" />
    <nd ref="906" />
    <nd ref="908" />
    <nd ref="910" />
    <nd ref="912" />
    <nd ref="937" />
    <nd ref="938" />
    <nd ref="26" />
    <tag k="type" v="line_thin" />
    <tag k="subtype" v="solid" />
  </way>
  <way id="950">
    <nd ref="37" />
    <nd ref="41" />
    <nd ref="43" />
    <nd ref="45" />
    <nd ref="47" />
    <nd ref="810" />
    <nd ref="811" />
    <nd ref="812" />
    <nd ref="49" />
    <tag k="type" v="line_thin" />
    <tag k="subtype" v="solid" />
  </way>
  <way id="952">
    <nd ref="34" />
    <nd ref="40" />
    <nd ref="42" />
    <nd ref="44" />
    <nd ref="46" />
    <nd ref="807" />
    <nd ref="808" />
    <nd ref="809" />
    <nd ref="48" />
    <tag k="type" v="line_thin" />
    <tag k="subtype" v="solid" />
  </way>
  <way id="954">
    <nd ref="30" />
    <nd ref="919" />
    <nd ref="923" />
    <nd ref="925" />
    <nd ref="927" />
    <nd ref="929" />
    <nd ref="931" />
    <nd ref="943" />
    <nd ref="944" />
    <nd ref="945" />
    <nd ref="36" />
    <nd ref="956" />
    <nd ref="957" />
    <nd ref="958" />
    <nd ref="37" />
    <tag k="type" v="line_thin" />
    <tag k="subtype" v="solid" />
  </way>
  <way id="955">
    <nd ref="27" />
    <nd ref="917" />
    <nd ref="922" />
    <nd ref="924" />
    <nd ref="928" />
    <nd ref="930" />
    <nd ref="946" />
    <nd ref="947" />
    <nd ref="948" />
    <nd ref="33" />
    <nd ref="959" />
    <nd ref="960" />
    <nd ref="961" />
    <nd ref="962" />
    <nd ref="34" />
    <tag k="type" v="line_thin" />
    <tag k="subtype" v="solid" />
  </way>
  <way id="1088">
    <nd ref="426" />
    <nd ref="565" />
    <nd ref="566" />
    <nd ref="567" />
    <nd ref="568" />
    <nd ref="437" />
    <nd ref="607" />
    <nd ref="438" />
    <tag k="type" v="line_thin" />
    <tag k="subtype" v="solid" />
  </way>
  <way id="1089">
    <nd ref="425" />
    <nd ref="569" />
    <nd ref="570" />
    <nd ref="571" />
    <nd ref="572" />
    <nd ref="434" />
    <nd ref="606" />
    <nd ref="435" />
    <tag k="type" v="line_thin" />
    <tag k="subtype" v="solid" />
  </way>
  <way id="1090">
    <nd ref="438" />
    <nd ref="599" />
    <nd ref="600" />
    <nd ref="593" />
    <nd ref="594" />
    <nd ref="598" />
    <tag k="type" v="line_thin" />
    <tag k="subtype" v="solid" />
  </way>
  <way id="1091">
    <nd ref="435" />
    <nd ref="601" />
    <nd ref="602" />
    <nd ref="590" />
    <nd ref="591" />
    <nd ref="597" />
    <tag k="type" v="line_thin" />
    <tag k="subtype" v="solid" />
  </way>
  <way id="1092">
    <nd ref="113" />
    <nd ref="114" />
    <nd ref="358" />
    <nd ref="359" />
    <nd ref="360" />
    <nd ref="118" />
    <nd ref="398" />
    <nd ref="399" />
    <nd ref="400" />
    <nd ref="140" />
    <tag k="type" v="line_thin" />
    <tag k="subtype" v="solid" />
  </way>
  <way id="1093">
    <nd ref="110" />
    <nd ref="111" />
    <nd ref="355" />
    <nd ref="356" />
    <nd ref="357" />
    <nd ref="117" />
    <nd ref="401" />
    <nd ref="402" />
    <nd ref="403" />
    <nd ref="137" />
    <tag k="type" v="line_thin" />
    <tag k="subtype" v="solid" />
  </way>
  <way id="1094">
    <nd ref="237" />
    <nd ref="238" />
    <nd ref="239" />
    <nd ref="100" />
    <nd ref="342" />
    <nd ref="343" />
    <nd ref="344" />
    <nd ref="345" />
    <nd ref="346" />
    <nd ref="129" />
    <tag k="type" v="line_thin" />
    <tag k="subtype" v="solid" />
  </way>
  <way id="1095">
    <nd ref="240" />
    <nd ref="241" />
    <nd ref="242" />
    <nd ref="99" />
    <nd ref="347" />
    <nd ref="348" />
    <nd ref="349" />
    <nd ref="350" />
    <nd ref="351" />
    <nd ref="126" />
    <tag k="type" v="line_thin" />
    <tag k="subtype" v="solid" />
  </way>
  <way id="1101">
    <nd ref="83" />
    <nd ref="89" />
    <nd ref="91" />
    <nd ref="218" />
    <nd ref="219" />
    <nd ref="220" />
    <nd ref="221" />
    <nd ref="233" />
    <nd ref="234" />
    <nd ref="235" />
    <nd ref="236" />
    <nd ref="382" />
    <nd ref="383" />
    <nd ref="384" />
    <nd ref="385" />
    <nd ref="386" />
    <nd ref="95" />
    <tag k="type" v="line_thin" />
    <tag k="subtype" v="solid" />
  </way>
  <way id="1102">
    <nd ref="80" />
    <nd ref="88" />
    <nd ref="90" />
    <nd ref="222" />
    <nd ref="223" />
    <nd ref="224" />
    <nd ref="225" />
    <nd ref="229" />
    <nd ref="230" />
    <nd ref="231" />
    <nd ref="232" />
    <nd ref="387" />
    <nd ref="388" />
    <nd ref="389" />
    <nd ref="390" />
    <nd ref="391" />
    <nd ref="92" />
    <tag k="type" v="line_thin" />
    <tag k="subtype" v="solid" />
  </way>
  <way id="1103">
    <nd ref="71" />
    <nd ref="795" />
    <nd ref="796" />
    <nd ref="797" />
    <nd ref="82" />
    <nd ref="83" />
    <tag k="type" v="line_thin" />
    <tag k="subtype" v="solid" />
  </way>
  <way id="1104">
    <nd ref="70" />
    <nd ref="792" />
    <nd ref="793" />
    <nd ref="794" />
    <nd ref="79" />
    <nd ref="80" />
    <tag k="type" v="line_thin" />
    <tag k="subtype" v="solid" />
  </way>
  <way id="1105">
    <nd ref="480" />
    <nd ref="481" />
    <nd ref="485" />
    <nd ref="487" />
    <nd ref="489" />
    <nd ref="491" />
    <nd ref="493" />
    <nd ref="641" />
    <nd ref="642" />
    <nd ref="643" />
    <nd ref="644" />
    <nd ref="645" />
    <nd ref="646" />
    <nd ref="495" />
    <nd ref="660" />
    <nd ref="661" />
    <nd ref="662" />
    <nd ref="656" />
    <tag k="type" v="line_thin" />
    <tag k="subtype" v="solid" />
  </way>
  <way id="1106">
    <nd ref="477" />
    <nd ref="478" />
    <nd ref="484" />
    <nd ref="486" />
    <nd ref="488" />
    <nd ref="490" />
    <nd ref="492" />
    <nd ref="635" />
    <nd ref="636" />
    <nd ref="637" />
    <nd ref="638" />
    <nd ref="639" />
    <nd ref="640" />
    <nd ref="494" />
    <nd ref="663" />
    <nd ref="664" />
    <nd ref="665" />
    <nd ref="653" />
    <tag k="type" v="line_thin" />
    <tag k="subtype" v="solid" />
  </way>
  <way id="1210">
    <nd ref="1208" />
    <nd ref="1209" />
    <nd ref="1211" />
    <nd ref="1212" />
    <nd ref="1213" />
    <nd ref="1214" />
    <nd ref="1215" />
    <nd ref="1216" />
    <nd ref="1217" />
    <nd ref="1218" />
    <nd ref="1208" />
    <tag k="type" v="line_thin" />
    <tag k="subtype" v="solid" />
  </way>
  <way id="1232">
    <nd ref="1222" />
    <nd ref="1223" />
    <nd ref="1224" />
    <nd ref="1225" />
    <nd ref="1226" />
    <nd ref="1227" />
    <nd ref="1228" />
    <nd ref="1229" />
    <nd ref="1230" />
    <nd ref="1231" />
    <nd ref="1222" />
    <tag k="type" v="line_thin" />
    <tag k="subtype" v="solid" />
  </way>
  <way id="1244">
    <nd ref="1234" />
    <nd ref="1237" />
    <nd ref="1238" />
    <nd ref="1239" />
    <nd ref="1241" />
    <nd ref="1242" />
    <nd ref="1243" />
    <nd ref="1234" />
    <tag k="type" v="line_thin" />
    <tag k="subtype" v="solid" />
  </way>
  <way id="1253">
    <nd ref="1246" />
    <nd ref="1247" />
    <nd ref="1248" />
    <nd ref="1249" />
    <nd ref="1250" />
    <nd ref="1251" />
    <nd ref="1252" />
    <nd ref="1246" />
    <tag k="type" v="line_thin" />
    <tag k="subtype" v="solid" />
  </way>
  <way id="1262">
    <nd ref="1255" />
    <nd ref="1256" />
    <nd ref="1257" />
    <nd ref="1258" />
    <nd ref="1259" />
    <nd ref="1260" />
    <nd ref="1261" />
    <nd ref="1255" />
    <tag k="type" v="line_thin" />
    <tag k="subtype" v="solid" />
  </way>
  <way id="1271">
    <nd ref="1264" />
    <nd ref="1265" />
    <nd ref="1266" />
    <nd ref="1267" />
    <nd ref="1268" />
    <nd ref="1269" />
    <nd ref="1270" />
    <nd ref="1264" />
    <tag k="type" v="line_thin" />
    <tag k="subtype" v="solid" />
  </way>
  <way id="1280">
    <nd ref="1273" />
    <nd ref="1274" />
    <nd ref="1275" />
    <nd ref="1276" />
    <nd ref="1277" />
    <nd ref="1278" />
    <nd ref="1279" />
    <nd ref="1273" />
    <tag k="type" v="line_thin" />
    <tag k="subtype" v="solid" />
  </way>
  <way id="1292">
    <nd ref="1282" />
    <nd ref="1283" />
    <nd ref="1284" />
    <nd ref="1285" />
    <nd ref="1286" />
    <nd ref="1287" />
    <nd ref="1288" />
    <nd ref="1289" />
    <nd ref="1290" />
    <nd ref="1291" />
    <nd ref="1282" />
    <tag k="type" v="line_thin" />
    <tag k="subtype" v="solid" />
  </way>
  <way id="1304">
    <nd ref="1294" />
    <nd ref="1295" />
    <nd ref="1296" />
    <nd ref="1297" />
    <nd ref="1298" />
    <nd ref="1299" />
    <nd ref="1300" />
    <nd ref="1301" />
    <nd ref="1302" />
    <nd ref="1303" />
    <nd ref="1294" />
    <tag k="type" v="line_thin" />
    <tag k="subtype" v="solid" />
  </way>
  <way id="1316">
    <nd ref="1306" />
    <nd ref="1307" />
    <nd ref="1308" />
    <nd ref="1309" />
    <nd ref="1310" />
    <nd ref="1311" />
    <nd ref="1312" />
    <nd ref="1313" />
    <nd ref="1314" />
    <nd ref="1315" />
    <nd ref="1306" />
    <tag k="type" v="line_thin" />
    <tag k="subtype" v="solid" />
  </way>
  <way id="1328">
    <nd ref="1318" />
    <nd ref="1319" />
    <nd ref="1320" />
    <nd ref="1321" />
    <nd ref="1322" />
    <nd ref="1323" />
    <nd ref="1324" />
    <nd ref="1325" />
    <nd ref="1326" />
    <nd ref="1327" />
    <nd ref="1318" />
    <tag k="type" v="line_thin" />
    <tag k="subtype" v="solid" />
  </way>
  <way id="1340">
    <nd ref="1330" />
    <nd ref="1331" />
    <nd ref="1332" />
    <nd ref="1333" />
    <nd ref="1334" />
    <nd ref="1335" />
    <nd ref="1336" />
    <nd ref="1337" />
    <nd ref="1338" />
    <nd ref="1339" />
    <nd ref="1330" />
    <tag k="type" v="line_thin" />
    <tag k="subtype" v="solid" />
  </way>
  <way id="1352">
    <nd ref="1342" />
    <nd ref="1343" />
    <nd ref="1344" />
    <nd ref="1345" />
    <nd ref="1346" />
    <nd ref="1347" />
    <nd ref="1348" />
    <nd ref="1349" />
    <nd ref="1350" />
    <nd ref="1351" />
    <nd ref="1342" />
    <tag k="type" v="line_thin" />
    <tag k="subtype" v="solid" />
  </way>
  <way id="1409">
    <nd ref="1407" />
    <nd ref="1739" />
    <nd ref="1738" />
    <nd ref="1737" />
    <nd ref="1736" />
    <nd ref="1734" />
    <nd ref="1733" />
    <nd ref="1732" />
    <nd ref="1731" />
    <nd ref="1730" />
    <nd ref="1729" />
    <nd ref="1728" />
    <nd ref="1727" />
    <nd ref="1726" />
    <nd ref="1725" />
    <nd ref="1724" />
    <nd ref="1723" />
    <nd ref="1722" />
    <nd ref="1721" />
    <nd ref="1720" />
    <nd ref="1719" />
    <nd ref="1408" />
    <tag k="type" v="line_thin" />
    <tag k="subtype" v="solid" />
  </way>
  <way id="1412">
    <nd ref="1410" />
    <nd ref="1740" />
    <nd ref="1741" />
    <nd ref="1742" />
    <nd ref="1743" />
    <nd ref="1744" />
    <nd ref="1745" />
    <nd ref="1746" />
    <nd ref="1747" />
    <nd ref="1748" />
    <nd ref="1749" />
    <nd ref="1750" />
    <nd ref="1751" />
    <nd ref="1753" />
    <nd ref="1754" />
    <nd ref="1755" />
    <nd ref="1757" />
    <nd ref="1758" />
    <nd ref="1764" />
    <nd ref="1761" />
    <nd ref="1411" />
    <tag k="type" v="line_thin" />
    <tag k="subtype" v="solid" />
  </way>
  <way id="1689">
    <nd ref="1586" />
    <nd ref="1674" />
    <tag k="type" v="line_thin" />
    <tag k="subtype" v="solid" />
  </way>
  <way id="1690">
    <nd ref="1585" />
    <nd ref="1676" />
    <tag k="type" v="line_thin" />
    <tag k="subtype" v="solid" />
  </way>
  <way id="1691">
    <nd ref="1587" />
    <nd ref="1678" />
    <tag k="type" v="line_thin" />
    <tag k="subtype" v="solid" />
  </way>
  <way id="1692">
    <nd ref="1588" />
    <nd ref="1680" />
    <tag k="type" v="line_thin" />
    <tag k="subtype" v="solid" />
  </way>
  <way id="1693">
    <nd ref="1589" />
    <nd ref="1682" />
    <tag k="type" v="line_thin" />
    <tag k="subtype" v="solid" />
  </way>
  <way id="1694">
    <nd ref="1590" />
    <nd ref="1684" />
    <tag k="type" v="line_thin" />
    <tag k="subtype" v="solid" />
  </way>
  <way id="1776">
    <nd ref="1722" />
    <nd ref="1757" />
    <nd ref="1758" />
    <nd ref="1721" />
    <nd ref="1722" />
    <tag k="type" v="pedestrian_marking" />
    <tag k="subtype" v="solid" />
  </way>
  <way id="1780">
    <nd ref="1753" />
    <nd ref="1725" />
    <nd ref="1726" />
    <nd ref="1751" />
    <nd ref="1753" />
    <tag k="type" v="pedestrian_marking" />
    <tag k="subtype" v="solid" />
  </way>
  <way id="1783">
    <nd ref="1747" />
    <nd ref="1730" />
    <nd ref="1729" />
    <nd ref="1748" />
    <nd ref="1747" />
    <tag k="type" v="pedestrian_marking" />
    <tag k="subtype" v="solid" />
  </way>
  <way id="1787">
    <nd ref="1733" />
    <nd ref="1744" />
    <nd ref="1743" />
    <nd ref="1734" />
    <nd ref="1733" />
    <tag k="type" v="pedestrian_marking" />
    <tag k="subtype" v="solid" />
  </way>
  <way id="1803">
    <nd ref="1719" />
    <nd ref="1720" />
    <nd ref="1764" />
    <nd ref="1761" />
    <nd ref="1719" />
    <tag k="type" v="pedestrian_marking" />
    <tag k="subtype" v="solid" />
  </way>
  <way id="1810">
    <nd ref="1724" />
    <nd ref="1754" />
    <nd ref="1755" />
    <nd ref="1723" />
    <nd ref="1724" />
    <tag k="type" v="pedestrian_marking" />
    <tag k="subtype" v="solid" />
  </way>
  <way id="1826">
    <nd ref="1749" />
    <nd ref="1750" />
    <nd ref="1727" />
    <nd ref="1728" />
    <nd ref="1749" />
    <tag k="type" v="pedestrian_marking" />
    <tag k="subtype" v="solid" />
  </way>
  <way id="1830">
    <nd ref="1746" />
    <nd ref="1731" />
    <nd ref="1732" />
    <nd ref="1745" />
    <nd ref="1746" />
    <tag k="type" v="pedestrian_marking" />
    <tag k="subtype" v="solid" />
  </way>
  <way id="1834">
    <nd ref="1741" />
    <nd ref="1742" />
    <nd ref="1736" />
    <nd ref="1737" />
    <nd ref="1741" />
    <tag k="type" v="pedestrian_marking" />
    <tag k="subtype" v="solid" />
  </way>
  <way id="1835">
    <nd ref="1738" />
    <nd ref="1740" />
    <nd ref="1410" />
    <nd ref="1739" />
    <nd ref="1738" />
    <tag k="type" v="pedestrian_marking" />
    <tag k="subtype" v="solid" />
  </way>
  <way id="1836">
    <nd ref="1625" />
    <nd ref="1673" />
    <tag k="type" v="parking_space" />
    <tag k="subtype" v="dashed" />
    <tag k="widht" v="1.9" />
  </way>
  <way id="1837">
    <nd ref="1627" />
    <nd ref="1675" />
    <tag k="type" v="parking_space" />
    <tag k="subtype" v="dashed" />
    <tag k="width" v="1.9" />
  </way>
  <way id="1838">
    <nd ref="1628" />
    <nd ref="1677" />
    <tag k="type" v="parking_space" />
    <tag k="subtype" v="dashed" />
    <tag k="width" v="1.9" />
  </way>
  <way id="1839">
    <nd ref="1629" />
    <nd ref="1679" />
    <tag k="type" v="parking_space" />
    <tag k="subtype" v="dashed" />
    <tag k="width" v="1.9" />
  </way>
  <way id="1840">
    <nd ref="1630" />
    <nd ref="1681" />
    <tag k="type" v="parking_space" />
    <tag k="subtype" v="dashed" />
    <tag k="width" v="1.9" />
  </way>
  <way id="1841">
    <nd ref="1632" />
    <nd ref="1683" />
    <tag k="type" v="parking_space" />
    <tag k="subtype" v="dashed" />
    <tag k="width" v="1.9" />
  </way>
  <way id="1842">
    <nd ref="1633" />
    <nd ref="1685" />
    <tag k="type" v="parking_space" />
    <tag k="subtype" v="dashed" />
    <tag k="width" v="1.9" />
  </way>
  <way id="1846">
    <nd ref="1868" />
    <nd ref="1633" />
    <nd ref="1590" />
    <nd ref="1632" />
    <nd ref="1589" />
    <nd ref="1630" />
    <nd ref="1588" />
    <nd ref="1629" />
    <nd ref="1587" />
    <nd ref="1628" />
    <nd ref="1585" />
    <nd ref="1627" />
    <nd ref="1586" />
    <nd ref="1625" />
    <nd ref="1598" />
    <nd ref="1672" />
    <nd ref="1673" />
    <nd ref="1674" />
    <nd ref="1675" />
    <nd ref="1676" />
    <nd ref="1677" />
    <nd ref="1678" />
    <nd ref="1679" />
    <nd ref="1680" />
    <nd ref="1681" />
    <nd ref="1682" />
    <nd ref="1683" />
    <nd ref="1684" />
    <nd ref="1685" />
    <nd ref="1866" />
    <nd ref="1856" />
    <nd ref="1851" />
    <nd ref="1848" />
    <nd ref="1855" />
    <nd ref="1868" />
    <tag k="type" v="line_thin" />
    <tag k="subtype" v="solid" />
  </way>
  <way id="1857">
    <nd ref="1855" />
    <nd ref="1856" />
    <tag k="type" v="parking_space" />
    <tag k="subtype" v="dashed" />
    <tag k="width" v="1.9" />
  </way>
  <way id="1872">
    <nd ref="1866" />
    <nd ref="1868" />
    <tag k="type" v="line_thin" />
    <tag k="subtype" v="solid" />
  </way>
  <way id="1888">
    <nd ref="1876" />
    <nd ref="1884" />
    <tag k="type" v="line_thin" />
    <tag k="subtype" v="solid" />
  </way>
  <way id="1889">
    <nd ref="1883" />
    <nd ref="1874" />
    <tag k="type" v="line_thin" />
    <tag k="subtype" v="solid" />
  </way>
  <way id="1890">
    <nd ref="1851" />
    <nd ref="1873" />
    <nd ref="1893" />
    <nd ref="1874" />
    <nd ref="1895" />
    <nd ref="1876" />
    <nd ref="1897" />
    <nd ref="1878" />
    <nd ref="1885" />
    <nd ref="1896" />
    <nd ref="1884" />
    <nd ref="1894" />
    <nd ref="1883" />
    <nd ref="1892" />
    <nd ref="1848" />
    <tag k="type" v="line_thin" />
    <tag k="subtype" v="solid" />
  </way>
  <way id="1898">
    <nd ref="1892" />
    <nd ref="1893" />
    <tag k="type" v="parking_space" />
    <tag k="subtype" v="dashed" />
    <tag k="width" v="1.9" />
  </way>
  <way id="1899">
    <nd ref="1894" />
    <nd ref="1895" />
    <tag k="type" v="parking_space" />
    <tag k="subtype" v="dashed" />
    <tag k="width" v="1.9" />
  </way>
  <way id="1900">
    <nd ref="1896" />
    <nd ref="1897" />
    <tag k="type" v="parking_space" />
    <tag k="subtype" v="dashed" />
    <tag k="width" v="1.9" />
  </way>
  <way id="1995">
    <nd ref="1901" />
    <nd ref="1915" />
    <nd ref="1904" />
    <nd ref="1916" />
    <nd ref="1905" />
    <nd ref="1917" />
    <nd ref="1906" />
    <nd ref="1918" />
    <nd ref="1907" />
    <nd ref="1919" />
    <nd ref="1908" />
    <nd ref="1920" />
    <nd ref="1909" />
    <nd ref="1921" />
    <nd ref="1910" />
    <nd ref="1922" />
    <nd ref="1911" />
    <nd ref="1923" />
    <nd ref="1912" />
    <nd ref="1924" />
    <nd ref="1913" />
    <nd ref="1925" />
    <nd ref="1914" />
    <nd ref="1996" />
    <nd ref="1994" />
    <nd ref="1993" />
    <nd ref="2029" />
    <nd ref="1999" />
    <nd ref="2028" />
    <nd ref="2000" />
    <nd ref="2026" />
    <nd ref="2001" />
    <nd ref="2025" />
    <nd ref="1992" />
    <nd ref="1991" />
    <nd ref="2024" />
    <nd ref="2002" />
    <nd ref="2023" />
    <nd ref="2003" />
    <nd ref="2022" />
    <nd ref="2004" />
    <nd ref="2021" />
    <nd ref="1990" />
    <nd ref="2020" />
    <nd ref="1989" />
    <nd ref="2019" />
    <nd ref="1988" />
    <nd ref="2018" />
    <nd ref="1986" />
    <nd ref="2017" />
    <nd ref="1979" />
    <nd ref="1901" />
    <tag k="type" v="line_thin" />
    <tag k="subtype" v="solid" />
  </way>
  <way id="2006">
    <nd ref="1904" />
    <nd ref="1986" />
    <tag k="type" v="line_thin" />
    <tag k="subtype" v="solid" />
  </way>
  <way id="2007">
    <nd ref="1905" />
    <nd ref="1988" />
    <tag k="type" v="line_thin" />
    <tag k="subtype" v="solid" />
  </way>
  <way id="2008">
    <nd ref="1906" />
    <nd ref="1989" />
    <tag k="type" v="line_thin" />
    <tag k="subtype" v="solid" />
  </way>
  <way id="2009">
    <nd ref="1907" />
    <nd ref="1990" />
    <tag k="type" v="line_thin" />
    <tag k="subtype" v="solid" />
  </way>
  <way id="2010">
    <nd ref="1908" />
    <nd ref="2004" />
    <tag k="type" v="line_thin" />
    <tag k="subtype" v="solid" />
  </way>
  <way id="2011">
    <nd ref="1909" />
    <nd ref="2003" />
    <tag k="type" v="line_thin" />
    <tag k="subtype" v="solid" />
  </way>
  <way id="2012">
    <nd ref="1910" />
    <nd ref="2002" />
    <tag k="type" v="line_thin" />
    <tag k="subtype" v="solid" />
  </way>
  <way id="2013">
    <nd ref="1911" />
    <nd ref="1991" />
    <tag k="type" v="line_thin" />
    <tag k="subtype" v="solid" />
  </way>
  <way id="2014">
    <nd ref="1912" />
    <nd ref="2001" />
    <tag k="type" v="line_thin" />
    <tag k="subtype" v="solid" />
  </way>
  <way id="2015">
    <nd ref="1913" />
    <nd ref="2000" />
    <tag k="type" v="line_thin" />
    <tag k="subtype" v="solid" />
  </way>
  <way id="2016">
    <nd ref="1914" />
    <nd ref="1999" />
    <tag k="type" v="line_thin" />
    <tag k="subtype" v="solid" />
  </way>
  <way id="2030">
    <nd ref="1915" />
    <nd ref="2017" />
    <tag k="type" v="parking_space" />
    <tag k="subtype" v="dashed" />
    <tag k="width" v="1.9" />
  </way>
  <way id="2031">
    <nd ref="1916" />
    <nd ref="2018" />
    <tag k="type" v="parking_space" />
    <tag k="subtype" v="dashed" />
    <tag k="width" v="1.9" />
  </way>
  <way id="2032">
    <nd ref="1917" />
    <nd ref="2019" />
    <tag k="type" v="parking_space" />
    <tag k="subtype" v="dashed" />
    <tag k="width" v="1.9" />
  </way>
  <way id="2033">
    <nd ref="1918" />
    <nd ref="2020" />
    <tag k="type" v="parking_space" />
    <tag k="subtype" v="dashed" />
    <tag k="width" v="1.9" />
  </way>
  <way id="2034">
    <nd ref="1919" />
    <nd ref="2021" />
    <tag k="type" v="parking_space" />
    <tag k="subtype" v="dashed" />
    <tag k="width" v="1.9" />
  </way>
  <way id="2035">
    <nd ref="1921" />
    <nd ref="2023" />
    <tag k="type" v="parking_space" />
    <tag k="subtype" v="dashed" />
    <tag k="width" v="1.9" />
  </way>
  <way id="2036">
    <nd ref="1922" />
    <nd ref="2024" />
    <tag k="type" v="parking_space" />
    <tag k="subtype" v="dashed" />
    <tag k="width" v="1.9" />
  </way>
  <way id="2037">
    <nd ref="1923" />
    <nd ref="2025" />
    <tag k="type" v="parking_space" />
    <tag k="subtype" v="dashed" />
    <tag k="width" v="1.9" />
  </way>
  <way id="2038">
    <nd ref="1924" />
    <nd ref="2026" />
    <tag k="type" v="parking_space" />
    <tag k="subtype" v="dashed" />
    <tag k="width" v="1.9" />
  </way>
  <way id="2039">
    <nd ref="1925" />
    <nd ref="2028" />
    <tag k="type" v="parking_space" />
    <tag k="subtype" v="dashed" />
    <tag k="width" v="1.9" />
  </way>
  <way id="2040">
    <nd ref="1996" />
    <nd ref="2029" />
    <tag k="type" v="parking_space" />
    <tag k="subtype" v="dashed" />
    <tag k="width" v="1.9" />
  </way>
  <way id="2041">
    <nd ref="1920" />
    <nd ref="2022" />
    <tag k="type" v="parking_space" />
    <tag k="subtype" v="dashed" />
    <tag k="width" v="1.9" />
  </way>
  <way id="1146">
    <nd ref="1126" />
    <nd ref="1127" />
    <nd ref="1129" />
    <nd ref="1130" />
    <nd ref="1131" />
    <nd ref="1132" />
    <nd ref="1133" />
    <nd ref="1134" />
    <nd ref="1135" />
    <nd ref="1136" />
    <nd ref="1137" />
    <nd ref="1138" />
    <nd ref="1139" />
    <nd ref="1140" />
    <nd ref="1141" />
    <nd ref="1142" />
    <nd ref="1143" />
    <nd ref="1144" />
    <nd ref="1145" />
    <tag k="area" v="yes" />
  </way>
  <way id="1378">
    <nd ref="1354" />
    <nd ref="1355" />
    <nd ref="1357" />
    <nd ref="1358" />
    <nd ref="1359" />
    <nd ref="1360" />
    <nd ref="1361" />
    <nd ref="1362" />
    <nd ref="1363" />
    <nd ref="1364" />
    <nd ref="1365" />
    <nd ref="1366" />
    <nd ref="1367" />
    <nd ref="1368" />
    <nd ref="1369" />
    <nd ref="1370" />
    <nd ref="1371" />
    <nd ref="1372" />
    <nd ref="1373" />
    <nd ref="1374" />
    <nd ref="1375" />
    <nd ref="1376" />
    <nd ref="1377" />
    <tag k="area" v="yes" />
  </way>
  <way id="1615">
    <nd ref="1605" />
    <nd ref="1606" />
    <nd ref="1609" />
    <nd ref="1610" />
    <nd ref="1844" />
    <nd ref="1843" />
    <nd ref="1611" />
    <nd ref="1845" />
    <nd ref="1612" />
    <nd ref="1613" />
    <nd ref="1614" />
    <tag k="type" v="parking_lot" />
    <tag k="area" v="yes" />
  </way>
  <way id="2048">
    <nd ref="2042" />
    <nd ref="2043" />
    <nd ref="2045" />
    <nd ref="2046" />
    <nd ref="2047" />
    <tag k="type" v="drop_zone" />
    <tag k="area" v="yes" />
  </way>
  <way id="2054">
    <nd ref="2049" />
    <nd ref="2050" />
    <nd ref="2051" />
    <nd ref="2052" />
    <nd ref="2053" />
    <tag k="type" v="drop_zone" />
    <tag k="area" v="yes" />
  </way>
  <relation id="32">
    <member type="way" role="left" ref="31" />
    <member type="way" role="right" ref="28" />
    <tag k="type" v="lanelet" />
    <tag k="subtype" v="road" />
    <tag k="speed_limit" v="10" />
    <tag k="location" v="urban" />
    <tag k="one_way" v="yes" />
    <tag k="turn_direction" v="straight" />
  </relation>
  <relation id="58">
    <member type="way" role="left" ref="57" />
    <member type="way" role="right" ref="54" />
    <tag k="type" v="lanelet" />
    <tag k="subtype" v="road" />
    <tag k="speed_limit" v="10" />
    <tag k="location" v="urban" />
    <tag k="one_way" v="yes" />
    <tag k="turn_direction" v="straight" />
  </relation>
  <relation id="67">
    <member type="way" role="left" ref="164" />
    <member type="way" role="right" ref="166" />
    <tag k="type" v="lanelet" />
    <tag k="subtype" v="road" />
    <tag k="speed_limit" v="10" />
    <tag k="location" v="urban" />
    <tag k="one_way" v="yes" />
    <tag k="turn_direction" v="straight" />
  </relation>
  <relation id="116">
    <member type="way" role="left" ref="1092" />
    <member type="way" role="right" ref="1093" />
    <tag k="type" v="lanelet" />
    <tag k="subtype" v="road" />
    <tag k="speed_limit" v="10" />
    <tag k="location" v="urban" />
    <tag k="one_way" v="yes" />
    <tag k="turn_direction" v="straight" />
  </relation>
  <relation id="132">
    <member type="way" role="left" ref="131" />
    <member type="way" role="right" ref="128" />
    <tag k="type" v="lanelet" />
    <tag k="subtype" v="road" />
    <tag k="speed_limit" v="10" />
    <tag k="location" v="urban" />
    <tag k="one_way" v="yes" />
    <tag k="turn_direction" v="straight" />
  </relation>
  <relation id="143">
    <member type="way" role="left" ref="142" />
    <member type="way" role="right" ref="139" />
    <tag k="type" v="lanelet" />
    <tag k="subtype" v="road" />
    <tag k="speed_limit" v="10" />
    <tag k="location" v="urban" />
    <tag k="one_way" v="yes" />
    <tag k="turn_direction" v="straight" />
  </relation>
  <relation id="163">
    <member type="way" role="left" ref="160" />
    <member type="way" role="right" ref="162" />
    <tag k="type" v="lanelet" />
    <tag k="subtype" v="road" />
    <tag k="speed_limit" v="10" />
    <tag k="location" v="urban" />
    <tag k="one_way" v="yes" />
    <tag k="turn_direction" v="straight" />
  </relation>
  <relation id="326">
    <member type="way" role="left" ref="1094" />
    <member type="way" role="right" ref="1095" />
    <tag k="type" v="lanelet" />
    <tag k="subtype" v="road" />
    <tag k="speed_limit" v="10" />
    <tag k="location" v="urban" />
    <tag k="one_way" v="yes" />
    <tag k="turn_direction" v="straight" />
  </relation>
  <relation id="337">
    <member type="way" role="left" ref="335" />
    <member type="way" role="right" ref="336" />
    <tag k="type" v="lanelet" />
    <tag k="subtype" v="road" />
    <tag k="speed_limit" v="10" />
    <tag k="location" v="urban" />
    <tag k="one_way" v="yes" />
    <tag k="turn_direction" v="straight" />
  </relation>
  <relation id="381">
    <member type="way" role="left" ref="379" />
    <member type="way" role="right" ref="380" />
    <tag k="type" v="lanelet" />
    <tag k="subtype" v="road" />
    <tag k="speed_limit" v="10" />
    <tag k="location" v="urban" />
    <tag k="one_way" v="yes" />
    <tag k="turn_direction" v="straight" />
  </relation>
  <relation id="410">
    <member type="way" role="left" ref="543" />
    <member type="way" role="right" ref="545" />
    <tag k="type" v="lanelet" />
    <tag k="subtype" v="road" />
    <tag k="speed_limit" v="10" />
    <tag k="location" v="urban" />
    <tag k="one_way" v="yes" />
    <tag k="turn_direction" v="straight" />
  </relation>
  <relation id="483">
    <member type="way" role="left" ref="1105" />
    <member type="way" role="right" ref="1106" />
    <tag k="type" v="lanelet" />
    <tag k="subtype" v="road" />
    <tag k="speed_limit" v="10" />
    <tag k="location" v="urban" />
    <tag k="one_way" v="yes" />
    <tag k="turn_direction" v="straight" />
  </relation>
  <relation id="507">
    <member type="way" role="left" ref="505" />
    <member type="way" role="right" ref="506" />
    <tag k="type" v="lanelet" />
    <tag k="subtype" v="road" />
    <tag k="speed_limit" v="10" />
    <tag k="location" v="urban" />
    <tag k="one_way" v="yes" />
    <tag k="turn_direction" v="straight" />
  </relation>
  <relation id="547">
    <member type="way" role="left" ref="548" />
    <member type="way" role="right" ref="550" />
    <tag k="type" v="lanelet" />
    <tag k="subtype" v="road" />
    <tag k="speed_limit" v="10" />
    <tag k="location" v="urban" />
    <tag k="one_way" v="yes" />
    <tag k="turn_direction" v="straight" />
  </relation>
  <relation id="552">
    <member type="way" role="left" ref="549" />
    <member type="way" role="right" ref="551" />
    <tag k="type" v="lanelet" />
    <tag k="subtype" v="road" />
    <tag k="speed_limit" v="10" />
    <tag k="location" v="urban" />
    <tag k="one_way" v="yes" />
    <tag k="turn_direction" v="straight" />
  </relation>
  <relation id="575">
    <member type="way" role="left" ref="1088" />
    <member type="way" role="right" ref="1089" />
    <tag k="type" v="lanelet" />
    <tag k="subtype" v="road" />
    <tag k="speed_limit" v="10" />
    <tag k="location" v="urban" />
    <tag k="one_way" v="yes" />
    <tag k="turn_direction" v="straight" />
  </relation>
  <relation id="605">
    <member type="way" role="left" ref="1090" />
    <member type="way" role="right" ref="1091" />
    <tag k="type" v="lanelet" />
    <tag k="subtype" v="road" />
    <tag k="speed_limit" v="10" />
    <tag k="location" v="urban" />
    <tag k="one_way" v="yes" />
    <tag k="turn_direction" v="straight" />
  </relation>
  <relation id="629">
    <member type="way" role="left" ref="627" />
    <member type="way" role="right" ref="628" />
    <tag k="type" v="lanelet" />
    <tag k="subtype" v="road" />
    <tag k="speed_limit" v="10" />
    <tag k="location" v="urban" />
    <tag k="one_way" v="yes" />
    <tag k="turn_direction" v="right" />
  </relation>
  <relation id="659">
    <member type="way" role="left" ref="839" />
    <member type="way" role="right" ref="840" />
    <tag k="type" v="lanelet" />
    <tag k="subtype" v="road" />
    <tag k="speed_limit" v="10" />
    <tag k="location" v="urban" />
    <tag k="one_way" v="yes" />
    <tag k="turn_direction" v="straight" />
  </relation>
  <relation id="686">
    <member type="way" role="left" ref="884" />
    <member type="way" role="right" ref="886" />
    <tag k="type" v="lanelet" />
    <tag k="subtype" v="road" />
    <tag k="speed_limit" v="10" />
    <tag k="location" v="urban" />
    <tag k="one_way" v="yes" />
    <tag k="turn_direction" v="straight" />
  </relation>
  <relation id="713">
    <member type="way" role="left" ref="711" />
    <member type="way" role="right" ref="712" />
    <tag k="type" v="lanelet" />
    <tag k="subtype" v="road" />
    <tag k="speed_limit" v="10" />
    <tag k="location" v="urban" />
    <tag k="one_way" v="yes" />
    <tag k="turn_direction" v="straight" />
  </relation>
  <relation id="751">
    <member type="way" role="left" ref="749" />
    <member type="way" role="right" ref="750" />
    <tag k="type" v="lanelet" />
    <tag k="subtype" v="road" />
    <tag k="speed_limit" v="10" />
    <tag k="location" v="urban" />
    <tag k="one_way" v="yes" />
    <tag k="turn_direction" v="straight" />
  </relation>
  <relation id="754">
    <member type="way" role="left" ref="1103" />
    <member type="way" role="right" ref="1104" />
    <tag k="type" v="lanelet" />
    <tag k="subtype" v="road" />
    <tag k="speed_limit" v="10" />
    <tag k="location" v="urban" />
    <tag k="one_way" v="yes" />
    <tag k="turn_direction" v="straight" />
  </relation>
  <relation id="782">
    <member type="way" role="left" ref="780" />
    <member type="way" role="right" ref="781" />
    <tag k="type" v="lanelet" />
    <tag k="subtype" v="road" />
    <tag k="speed_limit" v="10" />
    <tag k="location" v="urban" />
    <tag k="one_way" v="yes" />
    <tag k="turn_direction" v="right" />
  </relation>
  <relation id="806">
    <member type="way" role="left" ref="803" />
    <member type="way" role="right" ref="805" />
    <tag k="type" v="lanelet" />
    <tag k="subtype" v="road" />
    <tag k="speed_limit" v="10" />
    <tag k="location" v="urban" />
    <tag k="one_way" v="yes" />
    <tag k="turn_direction" v="straight" />
  </relation>
  <relation id="855">
    <member type="way" role="left" ref="852" />
    <member type="way" role="right" ref="854" />
    <tag k="type" v="lanelet" />
    <tag k="subtype" v="road" />
    <tag k="speed_limit" v="10" />
    <tag k="location" v="urban" />
    <tag k="one_way" v="yes" />
    <tag k="turn_direction" v="straight" />
  </relation>
  <relation id="888">
    <member type="way" role="left" ref="885" />
    <member type="way" role="right" ref="887" />
    <tag k="type" v="lanelet" />
    <tag k="subtype" v="road" />
    <tag k="speed_limit" v="10" />
    <tag k="location" v="urban" />
    <tag k="one_way" v="yes" />
    <tag k="turn_direction" v="straight" />
  </relation>
  <relation id="903">
    <member type="way" role="left" ref="935" />
    <member type="way" role="right" ref="936" />
    <tag k="type" v="lanelet" />
    <tag k="subtype" v="road" />
    <tag k="speed_limit" v="10" />
    <tag k="location" v="urban" />
    <tag k="one_way" v="yes" />
    <tag k="turn_direction" v="straight" />
  </relation>
  <relation id="921">
    <member type="way" role="left" ref="954" />
    <member type="way" role="right" ref="955" />
    <tag k="type" v="lanelet" />
    <tag k="subtype" v="road" />
    <tag k="speed_limit" v="10" />
    <tag k="location" v="urban" />
    <tag k="one_way" v="yes" />
    <tag k="turn_direction" v="straight" />
  </relation>
  <relation id="953">
    <member type="way" role="left" ref="950" />
    <member type="way" role="right" ref="952" />
    <tag k="type" v="lanelet" />
    <tag k="subtype" v="road" />
    <tag k="speed_limit" v="10" />
    <tag k="location" v="urban" />
    <tag k="one_way" v="yes" />
    <tag k="turn_direction" v="straight" />
  </relation>
  <relation id="1100">
    <member type="way" role="left" ref="1101" />
    <member type="way" role="right" ref="1102" />
    <tag k="type" v="lanelet" />
    <tag k="subtype" v="road" />
    <tag k="speed_limit" v="10" />
    <tag k="location" v="urban" />
    <tag k="one_way" v="yes" />
    <tag k="turn_direction" v="straight" />
  </relation>
  <relation id="1413">
    <member type="way" role="left" ref="1412" />
    <member type="way" role="right" ref="1409" />
    <tag k="type" v="lanelet" />
    <tag k="subtype" v="crosswalk" />
    <tag k="speed_limit" v="10" />
    <tag k="location" v="urban" />
    <tag k="one_way" v="no" />
  </relation>
  <relation id="1219">
    <member type="way" role="outer" ref="1210" />
    <tag k="type" v="multipolygon" />
    <tag k="subtype" v="camping_site_13" />
  </relation>
  <relation id="1233">
    <member type="way" role="outer" ref="1232" />
    <tag k="type" v="multipolygon" />
    <tag k="subtype" v="camping_site_12" />
  </relation>
  <relation id="1245">
    <member type="way" role="outer" ref="1244" />
    <tag k="type" v="multipolygon" />
    <tag k="subtype" v="camping_site_10" />
  </relation>
  <relation id="1254">
    <member type="way" role="outer" ref="1253" />
    <tag k="type" v="multipolygon" />
    <tag k="subtype" v="camping_site_8" />
  </relation>
  <relation id="1263">
    <member type="way" role="outer" ref="1262" />
    <tag k="type" v="multipolygon" />
    <tag k="subtype" v="camping_site_6" />
  </relation>
  <relation id="1272">
    <member type="way" role="outer" ref="1271" />
    <tag k="type" v="multipolygon" />
    <tag k="subtype" v="camping_site_4" />
  </relation>
  <relation id="1281">
    <member type="way" role="outer" ref="1280" />
    <tag k="type" v="multipolygon" />
    <tag k="subtype" v="camping_site_2" />
  </relation>
  <relation id="1293">
    <member type="way" role="outer" ref="1292" />
    <tag k="type" v="multipolygon" />
    <tag k="subtype" v="camping_site_11" />
  </relation>
  <relation id="1305">
    <member type="way" role="outer" ref="1304" />
    <tag k="type" v="multipolygon" />
    <tag k="subtype" v="camping_site_9" />
  </relation>
  <relation id="1317">
    <member type="way" role="outer" ref="1316" />
    <tag k="type" v="multipolygon" />
    <tag k="subtype" v="camping_site_7" />
  </relation>
  <relation id="1329">
    <member type="way" role="outer" ref="1328" />
    <tag k="type" v="multipolygon" />
    <tag k="subtype" v="camping_site_5" />
  </relation>
  <relation id="1341">
    <member type="way" role="outer" ref="1340" />
    <tag k="type" v="multipolygon" />
    <tag k="subtype" v="camping_site_3" />
  </relation>
  <relation id="1353">
    <member type="way" role="outer" ref="1352" />
    <tag k="type" v="multipolygon" />
    <tag k="subtype" v="camping_site_1" />
  </relation>
</osm>