<?xml version='1.0' encoding='UTF-8'?>
<osm generator="VMB">
  <MetaInfo format_version="1" map_version="5" validation_version="1" />
  <node id="1" lat="36.84345805580" lon="128.09266320776">
    <tag k="local_x" v="8.6702" />
    <tag k="local_y" v="-12.9124" />
    <tag k="ele" v="-2.3294" />
  </node>
  <node id="2" lat="36.84348378132" lon="128.09264363381">
    <tag k="local_x" v="6.9520" />
    <tag k="local_y" v="-10.0420" />
    <tag k="ele" v="-2.0831" />
  </node>
  <node id="4" lat="36.84345149871" lon="128.09264984204">
    <tag k="local_x" v="7.4715" />
    <tag k="local_y" v="-13.6285" />
    <tag k="ele" v="-2.3294" />
  </node>
  <node id="5" lat="36.84347726161" lon="128.09263024771">
    <tag k="local_x" v="5.7516" />
    <tag k="local_y" v="-10.7539" />
    <tag k="ele" v="-2.0831" />
  </node>
  <node id="26" lat="36.84356222325" lon="128.09256015723">
    <tag k="local_x" v="-0.4082" />
    <tag k="local_y" v="-1.2694" />
    <tag k="ele" v="-1.2394" />
  </node>
  <node id="27" lat="36.84357914662" lon="128.09254783085">
    <tag k="local_x" v="-1.4894" />
    <tag k="local_y" v="0.6184" />
    <tag k="ele" v="-1.0902" />
  </node>
  <node id="29" lat="36.84355586125" lon="128.09254663322">
    <tag k="local_x" v="-1.6207" />
    <tag k="local_y" v="-1.9637" />
    <tag k="ele" v="-1.2394" />
  </node>
  <node id="30" lat="36.84357278387" lon="128.09253431645">
    <tag k="local_x" v="-2.7011" />
    <tag k="local_y" v="-0.0760" />
    <tag k="ele" v="-1.0902" />
  </node>
  <node id="33" lat="36.84360979069" lon="128.09253799729">
    <tag k="local_x" v="-2.3339" />
    <tag k="local_y" v="4.0262" />
    <tag k="ele" v="-0.9177" />
  </node>
  <node id="34" lat="36.84362476760" lon="128.09252504744">
    <tag k="local_x" v="-3.4727" />
    <tag k="local_y" v="5.6986" />
    <tag k="ele" v="-0.8576" />
  </node>
  <node id="36" lat="36.84360593657" lon="128.09252250211">
    <tag k="local_x" v="-3.7195" />
    <tag k="local_y" v="3.6118" />
    <tag k="ele" v="-0.8995" />
  </node>
  <node id="37" lat="36.84361771512" lon="128.09251204533">
    <tag k="local_x" v="-4.6395" />
    <tag k="local_y" v="4.9273" />
    <tag k="ele" v="-0.8574" />
  </node>
  <node id="40" lat="36.84363659735" lon="128.09251514964">
    <tag k="local_x" v="-4.3428" />
    <tag k="local_y" v="7.0193" />
    <tag k="ele" v="-0.8224" />
  </node>
  <node id="41" lat="36.84362976165" lon="128.09250195294">
    <tag k="local_x" v="-5.5266" />
    <tag k="local_y" v="6.2722" />
    <tag k="ele" v="-0.8227" />
  </node>
  <node id="42" lat="36.84364878635" lon="128.09250596769">
    <tag k="local_x" v="-5.1486" />
    <tag k="local_y" v="8.3793" />
    <tag k="ele" v="-0.799" />
  </node>
  <node id="43" lat="36.84364215818" lon="128.09249258566">
    <tag k="local_x" v="-6.3487" />
    <tag k="local_y" v="7.6553" />
    <tag k="ele" v="-0.7996" />
  </node>
  <node id="44" lat="36.84366157132" lon="128.09249813066">
    <tag k="local_x" v="-5.8339" />
    <tag k="local_y" v="9.8042" />
    <tag k="ele" v="-0.7953" />
  </node>
  <node id="45" lat="36.84365515029" lon="128.09248454672">
    <tag k="local_x" v="-7.0518" />
    <tag k="local_y" v="9.1034" />
    <tag k="ele" v="-0.7951" />
  </node>
  <node id="46" lat="36.84367449854" lon="128.09249067192">
    <tag k="local_x" v="-6.4853" />
    <tag k="local_y" v="11.2446" />
    <tag k="ele" v="-0.8023" />
  </node>
  <node id="47" lat="36.84366830751" lon="128.09247693312">
    <tag k="local_x" v="-7.7168" />
    <tag k="local_y" v="10.5695" />
    <tag k="ele" v="-0.8015" />
  </node>
  <node id="48" lat="36.84372648965" lon="128.09246153949">
    <tag k="local_x" v="-9.0280" />
    <tag k="local_y" v="17.0369" />
    <tag k="ele" v="-0.8738" />
  </node>
  <node id="49" lat="36.84372125934" lon="128.09244727116">
    <tag k="local_x" v="-10.3057" />
    <tag k="local_y" v="16.4688" />
    <tag k="ele" v="-0.8738" />
  </node>
  <node id="50" lat="36.84387876675" lon="128.09235869773">
    <tag k="local_x" v="-18.0370" />
    <tag k="local_y" v="34.0167" />
    <tag k="ele" v="-1.0682" />
  </node>
  <node id="51" lat="36.84387156037" lon="128.09234581261">
    <tag k="local_x" v="-19.1934" />
    <tag k="local_y" v="33.2282" />
    <tag k="ele" v="-1.0682" />
  </node>
  <node id="52" lat="36.84390662019" lon="128.09233891338">
    <tag k="local_x" v="-19.7716" />
    <tag k="local_y" v="37.1234" />
    <tag k="ele" v="-1.1381" />
  </node>
  <node id="53" lat="36.84391914489" lon="128.09233027766">
    <tag k="local_x" v="-20.5284" />
    <tag k="local_y" v="38.5201" />
    <tag k="ele" v="-1.1467" />
  </node>
  <node id="55" lat="36.84390049681" lon="128.09232517906">
    <tag k="local_x" v="-21.0026" />
    <tag k="local_y" v="36.4557" />
    <tag k="ele" v="-1.1381" />
  </node>
  <node id="56" lat="36.84391309420" lon="128.09231648463">
    <tag k="local_x" v="-21.7646" />
    <tag k="local_y" v="37.8606" />
    <tag k="ele" v="-1.1467" />
  </node>
  <node id="59" lat="36.84395766154" lon="128.09230997732">
    <tag k="local_x" v="-22.2978" />
    <tag k="local_y" v="42.8101" />
    <tag k="ele" v="-1.1227" />
  </node>
  <node id="60" lat="36.84395365792" lon="128.09229505052">
    <tag k="local_x" v="-23.6329" />
    <tag k="local_y" v="42.3786" />
    <tag k="ele" v="-1.1227" />
  </node>
  <node id="61" lat="36.84397809752" lon="128.09232522107">
    <tag k="local_x" v="-20.9171" />
    <tag k="local_y" v="45.0643" />
    <tag k="ele" v="-1.1885" />
  </node>
  <node id="62" lat="36.84397467306" lon="128.09237342356">
    <tag k="local_x" v="-16.6230" />
    <tag k="local_y" v="44.6436" />
    <tag k="ele" v="-1.3915" />
  </node>
  <node id="64" lat="36.84399105574" lon="128.09232061517">
    <tag k="local_x" v="-21.3141" />
    <tag k="local_y" v="46.5057" />
    <tag k="ele" v="-1.1885" />
  </node>
  <node id="65" lat="36.84398802361" lon="128.09237090592">
    <tag k="local_x" v="-16.8334" />
    <tag k="local_y" v="46.1267" />
    <tag k="ele" v="-1.3915" />
  </node>
  <node id="68" lat="36.84398400238" lon="128.09245459094">
    <tag k="local_x" v="-9.3762" />
    <tag k="local_y" v="45.6098" />
    <tag k="ele" v="-1.6869" />
  </node>
  <node id="69" lat="36.84399742295" lon="128.09245257863">
    <tag k="local_x" v="-9.5415" />
    <tag k="local_y" v="47.1003" />
    <tag k="ele" v="-1.6869" />
  </node>
  <node id="70" lat="36.84398799628" lon="128.09250694735">
    <tag k="local_x" v="-4.7038" />
    <tag k="local_y" v="46.0085" />
    <tag k="ele" v="-1.9254" />
  </node>
  <node id="71" lat="36.84400146565" lon="128.09250538567">
    <tag k="local_x" v="-4.8289" />
    <tag k="local_y" v="47.5040" />
    <tag k="ele" v="-1.9254" />
  </node>
  <node id="79" lat="36.84398919607" lon="128.09257159159">
    <tag k="local_x" v="1.0611" />
    <tag k="local_y" v="46.0868" />
    <tag k="ele" v="-2.162" />
  </node>
  <node id="80" lat="36.84399287907" lon="128.09260941725">
    <tag k="local_x" v="4.4376" />
    <tag k="local_y" v="46.4634" />
    <tag k="ele" v="-2.348" />
  </node>
  <node id="82" lat="36.84400171431" lon="128.09256973663">
    <tag k="local_x" v="0.9089" />
    <tag k="local_y" v="47.4771" />
    <tag k="ele" v="-2.162" />
  </node>
  <node id="83" lat="36.84400534459" lon="128.09260748232">
    <tag k="local_x" v="4.2782" />
    <tag k="local_y" v="47.8479" />
    <tag k="ele" v="-2.348" />
  </node>
  <node id="88" lat="36.84399470314" lon="128.09262586310">
    <tag k="local_x" v="5.9058" />
    <tag k="local_y" v="46.6518" />
    <tag k="ele" v="-2.5786" />
  </node>
  <node id="89" lat="36.84400710068" lon="128.09262411817">
    <tag k="local_x" v="5.7633" />
    <tag k="local_y" v="48.0286" />
    <tag k="ele" v="-2.5786" />
  </node>
  <node id="90" lat="36.84399508149" lon="128.09262869960">
    <tag k="local_x" v="6.1591" />
    <tag k="local_y" v="46.6914" />
    <tag k="ele" v="-2.6538" />
  </node>
  <node id="91" lat="36.84400745264" lon="128.09263095354">
    <tag k="local_x" v="6.3731" />
    <tag k="local_y" v="48.0618" />
    <tag k="ele" v="-2.6538" />
  </node>
  <node id="92" lat="36.84396985130" lon="128.09264476944">
    <tag k="local_x" v="7.5654" />
    <tag k="local_y" v="43.8789" />
    <tag k="ele" v="-2.9525" />
  </node>
  <node id="95" lat="36.84397171146" lon="128.09266018045">
    <tag k="local_x" v="8.9414" />
    <tag k="local_y" v="44.0722" />
    <tag k="ele" v="-2.9525" />
  </node>
  <node id="99" lat="36.84391898486" lon="128.09264145926">
    <tag k="local_x" v="7.2166" />
    <tag k="local_y" v="38.2388" />
    <tag k="ele" v="-3.1893" />
  </node>
  <node id="100" lat="36.84391785616" lon="128.09265710050">
    <tag k="local_x" v="8.6100" />
    <tag k="local_y" v="38.1004" />
    <tag k="ele" v="-3.1893" />
  </node>
  <node id="110" lat="36.84379036565" lon="128.09264814050">
    <tag k="local_x" v="7.6768" />
    <tag k="local_y" v="23.9649" />
    <tag k="ele" v="-2.7403" />
  </node>
  <node id="111" lat="36.84378502532" lon="128.09265046138">
    <tag k="local_x" v="7.8781" />
    <tag k="local_y" v="23.3705" />
    <tag k="ele" v="-2.7098" />
  </node>
  <node id="113" lat="36.84379452314" lon="128.09266292564">
    <tag k="local_x" v="8.9995" />
    <tag k="local_y" v="24.4136" />
    <tag k="ele" v="-2.7403" />
  </node>
  <node id="114" lat="36.84378923657" lon="128.09266523899">
    <tag k="local_x" v="9.2002" />
    <tag k="local_y" v="23.8252" />
    <tag k="ele" v="-2.7098" />
  </node>
  <node id="117" lat="36.84376441511" lon="128.09266029583">
    <tag k="local_x" v="8.7333" />
    <tag k="local_y" v="21.0758" />
    <tag k="ele" v="-2.6503" />
  </node>
  <node id="118" lat="36.84376918042" lon="128.09267482956">
    <tag k="local_x" v="10.0341" />
    <tag k="local_y" v="21.5921" />
    <tag k="ele" v="-2.6503" />
  </node>
  <node id="126" lat="36.84389068703" lon="128.09263921536">
    <tag k="local_x" v="6.9867" />
    <tag k="local_y" v="35.1015" />
    <tag k="ele" v="-3.3671" />
  </node>
  <node id="127" lat="36.84386869667" lon="128.09263816369">
    <tag k="local_x" v="6.8698" />
    <tag k="local_y" v="32.6629" />
    <tag k="ele" v="-3.3667" />
  </node>
  <node id="129" lat="36.84389020368" lon="128.09265490589">
    <tag k="local_x" v="8.3852" />
    <tag k="local_y" v="35.0346" />
    <tag k="ele" v="-3.3671" />
  </node>
  <node id="130" lat="36.84386819718" lon="128.09265384637">
    <tag k="local_x" v="8.2676" />
    <tag k="local_y" v="32.5943" />
    <tag k="ele" v="-3.3667" />
  </node>
  <node id="133" lat="36.84385471564" lon="128.09263750783">
    <tag k="local_x" v="6.7966" />
    <tag k="local_y" v="31.1125" />
    <tag k="ele" v="-3.2805" />
  </node>
  <node id="134" lat="36.84385468998" lon="128.09265315061">
    <tag k="local_x" v="8.1913" />
    <tag k="local_y" v="31.0964" />
    <tag k="ele" v="-3.2805" />
  </node>
  <node id="135" lat="36.84383705808" lon="128.09263811496">
    <tag k="local_x" v="6.8321" />
    <tag k="local_y" v="29.1532" />
    <tag k="ele" v="-3.0667" />
  </node>
  <node id="136" lat="36.84383740933" lon="128.09265371752">
    <tag k="local_x" v="8.2236" />
    <tag k="local_y" v="29.1789" />
    <tag k="ele" v="-3.0667" />
  </node>
  <node id="137" lat="36.84373581464" lon="128.09267406458">
    <tag k="local_x" v="9.9308" />
    <tag k="local_y" v="17.8914" />
    <tag k="ele" v="-2.7267" />
  </node>
  <node id="138" lat="36.84372566595" lon="128.09267897566">
    <tag k="local_x" v="10.3580" />
    <tag k="local_y" v="16.7614" />
    <tag k="ele" v="-2.768" />
  </node>
  <node id="140" lat="36.84373974478" lon="128.09268658987">
    <tag k="local_x" v="11.0517" />
    <tag k="local_y" v="18.3168" />
    <tag k="ele" v="-2.7267" />
  </node>
  <node id="141" lat="36.84372961775" lon="128.09269152294">
    <tag k="local_x" v="11.4809" />
    <tag k="local_y" v="17.1891" />
    <tag k="ele" v="-2.768" />
  </node>
  <node id="144" lat="36.84368533477" lon="128.09269998209">
    <tag k="local_x" v="12.1884" />
    <tag k="local_y" v="12.2695" />
    <tag k="ele" v="-2.9862" />
  </node>
  <node id="145" lat="36.84368962807" lon="128.09271231643">
    <tag k="local_x" v="13.2927" />
    <tag k="local_y" v="12.7353" />
    <tag k="ele" v="-2.9862" />
  </node>
  <node id="169" lat="36.84374082176" lon="128.09243604459">
    <tag k="local_x" v="-11.2860" />
    <tag k="local_y" v="18.6484" />
    <tag k="ele" v="-0.8973" />
  </node>
  <node id="170" lat="36.84376040363" lon="128.09242478592">
    <tag k="local_x" v="-12.2692" />
    <tag k="local_y" v="20.8302" />
    <tag k="ele" v="-0.9187" />
  </node>
  <node id="171" lat="36.84377994342" lon="128.09241348365">
    <tag k="local_x" v="-13.2564" />
    <tag k="local_y" v="23.0074" />
    <tag k="ele" v="-0.9396" />
  </node>
  <node id="172" lat="36.84379935337" lon="128.09240205187">
    <tag k="local_x" v="-14.2552" />
    <tag k="local_y" v="25.1704" />
    <tag k="ele" v="-0.9603" />
  </node>
  <node id="173" lat="36.84381831162" lon="128.09239009755">
    <tag k="local_x" v="-15.3011" />
    <tag k="local_y" v="27.2836" />
    <tag k="ele" v="-0.9813" />
  </node>
  <node id="174" lat="36.84383640032" lon="128.09237656098">
    <tag k="local_x" v="-16.4889" />
    <tag k="local_y" v="29.3017" />
    <tag k="ele" v="-1.0035" />
  </node>
  <node id="175" lat="36.84385382318" lon="128.09236118571">
    <tag k="local_x" v="-17.8414" />
    <tag k="local_y" v="31.2475" />
    <tag k="ele" v="-1.0314" />
  </node>
  <node id="176" lat="36.84374611901" lon="128.09245030239">
    <tag k="local_x" v="-10.0092" />
    <tag k="local_y" v="19.2240" />
    <tag k="ele" v="-0.8973" />
  </node>
  <node id="177" lat="36.84376571942" lon="128.09243903430">
    <tag k="local_x" v="-10.9932" />
    <tag k="local_y" v="21.4079" />
    <tag k="ele" v="-0.9187" />
  </node>
  <node id="178" lat="36.84378530790" lon="128.09242768668">
    <tag k="local_x" v="-11.9844" />
    <tag k="local_y" v="23.5905" />
    <tag k="ele" v="-0.9396" />
  </node>
  <node id="179" lat="36.84380489169" lon="128.09241614947">
    <tag k="local_x" v="-12.9924" />
    <tag k="local_y" v="25.7728" />
    <tag k="ele" v="-0.9603" />
  </node>
  <node id="180" lat="36.84382442370" lon="128.09240383222">
    <tag k="local_x" v="-14.0700" />
    <tag k="local_y" v="27.9500" />
    <tag k="ele" v="-0.9813" />
  </node>
  <node id="181" lat="36.84384330341" lon="128.09238968079">
    <tag k="local_x" v="-15.3119" />
    <tag k="local_y" v="30.0564" />
    <tag k="ele" v="-1.0035" />
  </node>
  <node id="182" lat="36.84386107830" lon="128.09237400087">
    <tag k="local_x" v="-16.6912" />
    <tag k="local_y" v="32.0415" />
    <tag k="ele" v="-1.0314" />
  </node>
  <node id="183" lat="36.84350960073" lon="128.09262433172">
    <tag k="local_x" v="5.2582" />
    <tag k="local_y" v="-7.1614" />
    <tag k="ele" v="-1.8413" />
  </node>
  <node id="184" lat="36.84353572230" lon="128.09260563367">
    <tag k="local_x" v="3.6186" />
    <tag k="local_y" v="-4.2478" />
    <tag k="ele" v="-1.6103" />
  </node>
  <node id="185" lat="36.84350322287" lon="128.09261083855">
    <tag k="local_x" v="4.0484" />
    <tag k="local_y" v="-7.8575" />
    <tag k="ele" v="-1.8413" />
  </node>
  <node id="186" lat="36.84352942652" lon="128.09259205046">
    <tag k="local_x" v="2.4009" />
    <tag k="local_y" v="-4.9347" />
    <tag k="ele" v="-1.6103" />
  </node>
  <node id="187" lat="36.84393145190" lon="128.09232201848">
    <tag k="local_x" v="-21.2518" />
    <tag k="local_y" v="39.8924" />
    <tag k="ele" v="-1.153" />
  </node>
  <node id="188" lat="36.84394423083" lon="128.09231549637">
    <tag k="local_x" v="-21.8199" />
    <tag k="local_y" v="41.3155" />
    <tag k="ele" v="-1.1431" />
  </node>
  <node id="189" lat="36.84392608031" lon="128.09230780237">
    <tag k="local_x" v="-22.5250" />
    <tag k="local_y" v="39.3085" />
    <tag k="ele" v="-1.153" />
  </node>
  <node id="190" lat="36.84393985148" lon="128.09230080969">
    <tag k="local_x" v="-23.1340" />
    <tag k="local_y" v="40.8422" />
    <tag k="ele" v="-1.1431" />
  </node>
  <node id="218" lat="36.84400725875" lon="128.09263526442">
    <tag k="local_x" v="6.7573" />
    <tag k="local_y" v="48.0367" />
    <tag k="ele" v="-2.6538" />
  </node>
  <node id="219" lat="36.84400660105" lon="128.09263947979">
    <tag k="local_x" v="7.1324" />
    <tag k="local_y" v="47.9602" />
    <tag k="ele" v="-2.6538" />
  </node>
  <node id="220" lat="36.84400532909" lon="128.09264346163">
    <tag k="local_x" v="7.4861" />
    <tag k="local_y" v="47.8157" />
    <tag k="ele" v="-2.6538" />
  </node>
  <node id="221" lat="36.84400347641" lon="128.09264710946">
    <tag k="local_x" v="7.8094" />
    <tag k="local_y" v="47.6071" />
    <tag k="ele" v="-2.6542" />
  </node>
  <node id="222" lat="36.84399520495" lon="128.09263161043">
    <tag k="local_x" v="6.4188" />
    <tag k="local_y" v="46.7026" />
    <tag k="ele" v="-2.6538" />
  </node>
  <node id="223" lat="36.84399483185" lon="128.09263445833">
    <tag k="local_x" v="6.6723" />
    <tag k="local_y" v="46.6588" />
    <tag k="ele" v="-2.654" />
  </node>
  <node id="224" lat="36.84399386471" lon="128.09263709835">
    <tag k="local_x" v="6.9067" />
    <tag k="local_y" v="46.5493" />
    <tag k="ele" v="-2.654" />
  </node>
  <node id="225" lat="36.84399235616" lon="128.09263933207">
    <tag k="local_x" v="7.1043" />
    <tag k="local_y" v="46.3800" />
    <tag k="ele" v="-2.649" />
  </node>
  <node id="229" lat="36.84399044259" lon="128.09264096439">
    <tag k="local_x" v="7.2478" />
    <tag k="local_y" v="46.1664" />
    <tag k="ele" v="-2.6518" />
  </node>
  <node id="230" lat="36.84398823024" lon="128.09264190346">
    <tag k="local_x" v="7.3292" />
    <tag k="local_y" v="45.9202" />
    <tag k="ele" v="-2.6695" />
  </node>
  <node id="231" lat="36.84398595897" lon="128.09264250020">
    <tag k="local_x" v="7.3800" />
    <tag k="local_y" v="45.6677" />
    <tag k="ele" v="-2.6983" />
  </node>
  <node id="232" lat="36.84398366503" lon="128.09264288660">
    <tag k="local_x" v="7.4120" />
    <tag k="local_y" v="45.4129" />
    <tag k="ele" v="-2.7331" />
  </node>
  <node id="233" lat="36.84400118771" lon="128.09265033359">
    <tag k="local_x" v="8.0945" />
    <tag k="local_y" v="47.3504" />
    <tag k="ele" v="-2.6521" />
  </node>
  <node id="234" lat="36.84399854402" lon="128.09265309780">
    <tag k="local_x" v="8.3381" />
    <tag k="local_y" v="47.0548" />
    <tag k="ele" v="-2.6466" />
  </node>
  <node id="235" lat="36.84399540368" lon="128.09265486797">
    <tag k="local_x" v="8.4927" />
    <tag k="local_y" v="46.7050" />
    <tag k="ele" v="-2.6651" />
  </node>
  <node id="236" lat="36.84399206601" lon="128.09265598857">
    <tag k="local_x" v="8.5891" />
    <tag k="local_y" v="46.3337" />
    <tag k="ele" v="-2.6978" />
  </node>
  <node id="237" lat="36.84393792014" lon="128.09265935983">
    <tag k="local_x" v="8.8326" />
    <tag k="local_y" v="40.3243" />
    <tag k="ele" v="-3.0877" />
  </node>
  <node id="238" lat="36.84393122616" lon="128.09265861102">
    <tag k="local_x" v="8.7588" />
    <tag k="local_y" v="39.5823" />
    <tag k="ele" v="-3.1209" />
  </node>
  <node id="239" lat="36.84392454609" lon="128.09265787424">
    <tag k="local_x" v="8.6861" />
    <tag k="local_y" v="38.8419" />
    <tag k="ele" v="-3.1549" />
  </node>
  <node id="240" lat="36.84393786298" lon="128.09264363278">
    <tag k="local_x" v="7.4303" />
    <tag k="local_y" v="40.3312" />
    <tag k="ele" v="-3.0909" />
  </node>
  <node id="241" lat="36.84393158296" lon="128.09264289225">
    <tag k="local_x" v="7.3577" />
    <tag k="local_y" v="39.6352" />
    <tag k="ele" v="-3.1243" />
  </node>
  <node id="242" lat="36.84392528881" lon="128.09264220202">
    <tag k="local_x" v="7.2895" />
    <tag k="local_y" v="38.9375" />
    <tag k="ele" v="-3.157" />
  </node>
  <node id="327" lat="36.84396689874" lon="128.09266089714">
    <tag k="local_x" v="9.0002" />
    <tag k="local_y" v="43.5377" />
    <tag k="ele" v="-2.9525" />
  </node>
  <node id="328" lat="36.84396205372" lon="128.09266130420">
    <tag k="local_x" v="9.0314" />
    <tag k="local_y" v="42.9999" />
    <tag k="ele" v="-2.9525" />
  </node>
  <node id="329" lat="36.84395721363" lon="128.09266136968">
    <tag k="local_x" v="9.0321" />
    <tag k="local_y" v="42.4629" />
    <tag k="ele" v="-2.9495" />
  </node>
  <node id="330" lat="36.84395237073" lon="128.09266102533">
    <tag k="local_x" v="8.9963" />
    <tag k="local_y" v="41.9259" />
    <tag k="ele" v="-2.9714" />
  </node>
  <node id="331" lat="36.84396528516" lon="128.09264543205">
    <tag k="local_x" v="7.6196" />
    <tag k="local_y" v="43.3718" />
    <tag k="ele" v="-2.9525" />
  </node>
  <node id="332" lat="36.84396069322" lon="128.09264569356">
    <tag k="local_x" v="7.6381" />
    <tag k="local_y" v="42.8621" />
    <tag k="ele" v="-2.9525" />
  </node>
  <node id="333" lat="36.84395610389" lon="128.09264562424">
    <tag k="local_x" v="7.6271" />
    <tag k="local_y" v="42.3531" />
    <tag k="ele" v="-2.9517" />
  </node>
  <node id="334" lat="36.84395154924" lon="128.09264518550">
    <tag k="local_x" v="7.5832" />
    <tag k="local_y" v="41.8482" />
    <tag k="ele" v="-2.9796" />
  </node>
  <node id="338" lat="36.84394698187" lon="128.09264469245">
    <tag k="local_x" v="7.5344" />
    <tag k="local_y" v="41.3419" />
    <tag k="ele" v="-3.016" />
  </node>
  <node id="339" lat="36.84394241747" lon="128.09264415193">
    <tag k="local_x" v="7.4814" />
    <tag k="local_y" v="40.8360" />
    <tag k="ele" v="-3.0541" />
  </node>
  <node id="340" lat="36.84394755606" lon="128.09266047938">
    <tag k="local_x" v="8.9426" />
    <tag k="local_y" v="41.3923" />
    <tag k="ele" v="-3.0088" />
  </node>
  <node id="341" lat="36.84394274773" lon="128.09265992240">
    <tag k="local_x" v="8.8879" />
    <tag k="local_y" v="40.8593" />
    <tag k="ele" v="-3.0488" />
  </node>
  <node id="342" lat="36.84391353329" lon="128.09265662737">
    <tag k="local_x" v="8.5633" />
    <tag k="local_y" v="37.6212" />
    <tag k="ele" v="-3.1893" />
  </node>
  <node id="343" lat="36.84390917224" lon="128.09265619981">
    <tag k="local_x" v="8.5206" />
    <tag k="local_y" v="37.1378" />
    <tag k="ele" v="-3.1893" />
  </node>
  <node id="344" lat="36.84390484522" lon="128.09265581643">
    <tag k="local_x" v="8.4818" />
    <tag k="local_y" v="36.6581" />
    <tag k="ele" v="-3.1893" />
  </node>
  <node id="345" lat="36.84390049991" lon="128.09265548115">
    <tag k="local_x" v="8.4474" />
    <tag k="local_y" v="36.1764" />
    <tag k="ele" v="-3.1893" />
  </node>
  <node id="346" lat="36.84389614076" lon="128.09265521023">
    <tag k="local_x" v="8.4186" />
    <tag k="local_y" v="35.6930" />
    <tag k="ele" v="-3.1893" />
  </node>
  <node id="347" lat="36.84391453850" lon="128.09264097124">
    <tag k="local_x" v="7.1684" />
    <tag k="local_y" v="37.7460" />
    <tag k="ele" v="-3.1893" />
  </node>
  <node id="348" lat="36.84391012000" lon="128.09264054997">
    <tag k="local_x" v="7.1262" />
    <tag k="local_y" v="37.2562" />
    <tag k="ele" v="-3.1893" />
  </node>
  <node id="349" lat="36.84390566515" lon="128.09264016257">
    <tag k="local_x" v="7.0870" />
    <tag k="local_y" v="36.7623" />
    <tag k="ele" v="-3.1893" />
  </node>
  <node id="350" lat="36.84390121282" lon="128.09263981871">
    <tag k="local_x" v="7.0516" />
    <tag k="local_y" v="36.2687" />
    <tag k="ele" v="-3.1893" />
  </node>
  <node id="351" lat="36.84389678921" lon="128.09263953450">
    <tag k="local_x" v="7.0216" />
    <tag k="local_y" v="35.7782" />
    <tag k="ele" v="-3.1893" />
  </node>
  <node id="355" lat="36.84377980118" lon="128.09265278815">
    <tag k="local_x" v="8.0801" />
    <tag k="local_y" v="22.7890" />
    <tag k="ele" v="-2.6837" />
  </node>
  <node id="356" lat="36.84377472739" lon="128.09265513385">
    <tag k="local_x" v="8.2839" />
    <tag k="local_y" v="22.2242" />
    <tag k="ele" v="-2.6655" />
  </node>
  <node id="357" lat="36.84376963565" lon="128.09265765174">
    <tag k="local_x" v="8.5030" />
    <tag k="local_y" v="21.6572" />
    <tag k="ele" v="-2.6554" />
  </node>
  <node id="358" lat="36.84378415513" lon="128.09266750989">
    <tag k="local_x" v="9.3973" />
    <tag k="local_y" v="23.2595" />
    <tag k="ele" v="-2.6837" />
  </node>
  <node id="359" lat="36.84377926617" lon="128.09266979404">
    <tag k="local_x" v="9.5958" />
    <tag k="local_y" v="22.7153" />
    <tag k="ele" v="-2.6655" />
  </node>
  <node id="360" lat="36.84377433022" lon="128.09267222593">
    <tag k="local_x" v="9.8074" />
    <tag k="local_y" v="22.1656" />
    <tag k="ele" v="-2.6554" />
  </node>
  <node id="361" lat="36.84383043466" lon="128.09265402382">
    <tag k="local_x" v="8.2436" />
    <tag k="local_y" v="28.4050" />
    <tag k="ele" v="-3.03" />
  </node>
  <node id="362" lat="36.84382627698" lon="128.09265440467">
    <tag k="local_x" v="8.2732" />
    <tag k="local_y" v="27.9434" />
    <tag k="ele" v="-3.03" />
  </node>
  <node id="363" lat="36.84382222563" lon="128.09265493837">
    <tag k="local_x" v="8.3165" />
    <tag k="local_y" v="27.4935" />
    <tag k="ele" v="-3.03" />
  </node>
  <node id="364" lat="36.84381819572" lon="128.09265562374">
    <tag k="local_x" v="8.3734" />
    <tag k="local_y" v="27.0459" />
    <tag k="ele" v="-3.03" />
  </node>
  <node id="365" lat="36.84381417162" lon="128.09265646294">
    <tag k="local_x" v="8.4439" />
    <tag k="local_y" v="26.5988" />
    <tag k="ele" v="-3.03" />
  </node>
  <node id="366" lat="36.84381018461" lon="128.09265745162">
    <tag k="local_x" v="8.5279" />
    <tag k="local_y" v="26.1556" />
    <tag k="ele" v="-3.03" />
  </node>
  <node id="367" lat="36.84380621964" lon="128.09265859545">
    <tag k="local_x" v="8.6257" />
    <tag k="local_y" v="25.7148" />
    <tag k="ele" v="-3.03" />
  </node>
  <node id="368" lat="36.84380229290" lon="128.09265989572">
    <tag k="local_x" v="8.7375" />
    <tag k="local_y" v="25.2781" />
    <tag k="ele" v="-3.03" />
  </node>
  <node id="369" lat="36.84379829058" lon="128.09266138754">
    <tag k="local_x" v="8.8663" />
    <tag k="local_y" v="24.8328" />
    <tag k="ele" v="-3.03" />
  </node>
  <node id="370" lat="36.84382951378" lon="128.09263846783">
    <tag k="local_x" v="6.8556" />
    <tag k="local_y" v="28.3160" />
    <tag k="ele" v="-3.03" />
  </node>
  <node id="371" lat="36.84382516903" lon="128.09263884706">
    <tag k="local_x" v="6.8849" />
    <tag k="local_y" v="27.8337" />
    <tag k="ele" v="-3.03" />
  </node>
  <node id="372" lat="36.84382073174" lon="128.09263942617">
    <tag k="local_x" v="6.9318" />
    <tag k="local_y" v="27.3409" />
    <tag k="ele" v="-3.03" />
  </node>
  <node id="373" lat="36.84381630269" lon="128.09264015090">
    <tag k="local_x" v="6.9918" />
    <tag k="local_y" v="26.8490" />
    <tag k="ele" v="-3.03" />
  </node>
  <node id="374" lat="36.84381191705" lon="128.09264107237">
    <tag k="local_x" v="7.0693" />
    <tag k="local_y" v="26.3617" />
    <tag k="ele" v="-3.03" />
  </node>
  <node id="375" lat="36.84380753664" lon="128.09264214421">
    <tag k="local_x" v="7.1603" />
    <tag k="local_y" v="25.8748" />
    <tag k="ele" v="-3.03" />
  </node>
  <node id="376" lat="36.84380318361" lon="128.09264339841">
    <tag k="local_x" v="7.2675" />
    <tag k="local_y" v="25.3909" />
    <tag k="ele" v="-3.03" />
  </node>
  <node id="377" lat="36.84379888217" lon="128.09264481761">
    <tag k="local_x" v="7.3895" />
    <tag k="local_y" v="24.9125" />
    <tag k="ele" v="-3.03" />
  </node>
  <node id="378" lat="36.84379470511" lon="128.09264634560">
    <tag k="local_x" v="7.5214" />
    <tag k="local_y" v="24.4478" />
    <tag k="ele" v="-3.03" />
  </node>
  <node id="382" lat="36.84398869621" lon="128.09265678645">
    <tag k="local_x" v="8.6567" />
    <tag k="local_y" v="45.9592" />
    <tag k="ele" v="-2.7381" />
  </node>
  <node id="383" lat="36.84398530449" lon="128.09265748998">
    <tag k="local_x" v="8.7158" />
    <tag k="local_y" v="45.5824" />
    <tag k="ele" v="-2.7805" />
  </node>
  <node id="384" lat="36.84398189384" lon="128.09265815271">
    <tag k="local_x" v="8.7713" />
    <tag k="local_y" v="45.2035" />
    <tag k="ele" v="-2.824" />
  </node>
  <node id="385" lat="36.84397850141" lon="128.09265878294">
    <tag k="local_x" v="8.8239" />
    <tag k="local_y" v="44.8266" />
    <tag k="ele" v="-2.8678" />
  </node>
  <node id="386" lat="36.84397510116" lon="128.09265944339">
    <tag k="local_x" v="8.8792" />
    <tag k="local_y" v="44.4488" />
    <tag k="ele" v="-2.9106" />
  </node>
  <node id="387" lat="36.84398136285" lon="128.09264321932">
    <tag k="local_x" v="7.4393" />
    <tag k="local_y" v="45.1572" />
    <tag k="ele" v="-2.7691" />
  </node>
  <node id="388" lat="36.84397905609" lon="128.09264352425">
    <tag k="local_x" v="7.4640" />
    <tag k="local_y" v="44.9011" />
    <tag k="ele" v="-2.8059" />
  </node>
  <node id="389" lat="36.84397674060" lon="128.09264382380">
    <tag k="local_x" v="7.4883" />
    <tag k="local_y" v="44.6439" />
    <tag k="ele" v="-2.8431" />
  </node>
  <node id="390" lat="36.84397444849" lon="128.09264409748">
    <tag k="local_x" v="7.5103" />
    <tag k="local_y" v="44.3894" />
    <tag k="ele" v="-2.8804" />
  </node>
  <node id="391" lat="36.84397214414" lon="128.09264441881">
    <tag k="local_x" v="7.5365" />
    <tag k="local_y" v="44.1335" />
    <tag k="ele" v="-2.9168" />
  </node>
  <node id="398" lat="36.84376182308" lon="128.09267777693">
    <tag k="local_x" v="10.2892" />
    <tag k="local_y" v="20.7735" />
    <tag k="ele" v="-2.6694" />
  </node>
  <node id="399" lat="36.84375447563" lon="128.09268071201">
    <tag k="local_x" v="10.5431" />
    <tag k="local_y" v="19.9559" />
    <tag k="ele" v="-2.6885" />
  </node>
  <node id="400" lat="36.84374712333" lon="128.09268366353">
    <tag k="local_x" v="10.7985" />
    <tag k="local_y" v="19.1378" />
    <tag k="ele" v="-2.7076" />
  </node>
  <node id="401" lat="36.84375727512" lon="128.09266373852">
    <tag k="local_x" v="9.0327" />
    <tag k="local_y" v="20.2808" />
    <tag k="ele" v="-2.6694" />
  </node>
  <node id="402" lat="36.84375010839" lon="128.09266717968">
    <tag k="local_x" v="9.3320" />
    <tag k="local_y" v="19.4829" />
    <tag k="ele" v="-2.6885" />
  </node>
  <node id="403" lat="36.84374295777" lon="128.09267061965">
    <tag k="local_x" v="9.6311" />
    <tag k="local_y" v="18.6867" />
    <tag k="ele" v="-2.7076" />
  </node>
  <node id="404" lat="36.84363227859" lon="128.09272440104">
    <tag k="local_x" v="14.3098" />
    <tag k="local_y" v="6.3631" />
    <tag k="ele" v="-3.3425" />
  </node>
  <node id="405" lat="36.84362046222" lon="128.09273129488">
    <tag k="local_x" v="14.9120" />
    <tag k="local_y" v="5.0464" />
    <tag k="ele" v="-3.4449" />
  </node>
  <node id="407" lat="36.84363780645" lon="128.09273852554">
    <tag k="local_x" v="15.5749" />
    <tag k="local_y" v="6.9643" />
    <tag k="ele" v="-3.3425" />
  </node>
  <node id="408" lat="36.84362610879" lon="128.09274534318">
    <tag k="local_x" v="16.1705" />
    <tag k="local_y" v="5.6609" />
    <tag k="ele" v="-3.4441" />
  </node>
  <node id="411" lat="36.84360858662" lon="128.09273800720">
    <tag k="local_x" v="15.4979" />
    <tag k="local_y" v="3.7233" />
    <tag k="ele" v="-3.54" />
  </node>
  <node id="412" lat="36.84361436663" lon="128.09275200886">
    <tag k="local_x" v="16.7524" />
    <tag k="local_y" v="4.3526" />
    <tag k="ele" v="-3.5381" />
  </node>
  <node id="413" lat="36.84357340088" lon="128.09275922479">
    <tag k="local_x" v="17.3527" />
    <tag k="local_y" v="-0.1980" />
    <tag k="ele" v="-3.8142" />
  </node>
  <node id="414" lat="36.84357952874" lon="128.09277294419">
    <tag k="local_x" v="18.5824" />
    <tag k="local_y" v="0.4702" />
    <tag k="ele" v="-3.8142" />
  </node>
  <node id="415" lat="36.84356282520" lon="128.09276564959">
    <tag k="local_x" v="17.9144" />
    <tag k="local_y" v="-1.3766" />
    <tag k="ele" v="-3.8748" />
  </node>
  <node id="416" lat="36.84356878264" lon="128.09277951990">
    <tag k="local_x" v="19.1573" />
    <tag k="local_y" v="-0.7275" />
    <tag k="ele" v="-3.8726" />
  </node>
  <node id="417" lat="36.84355190788" lon="128.09277112053">
    <tag k="local_x" v="18.3907" />
    <tag k="local_y" v="-2.5924" />
    <tag k="ele" v="-3.946" />
  </node>
  <node id="418" lat="36.84355767414" lon="128.09278515537">
    <tag k="local_x" v="19.6481" />
    <tag k="local_y" v="-1.9646" />
    <tag k="ele" v="-3.9407" />
  </node>
  <node id="419" lat="36.84351954452" lon="128.09278854802">
    <tag k="local_x" v="19.9104" />
    <tag k="local_y" v="-6.1973" />
    <tag k="ele" v="-4.2103" />
  </node>
  <node id="420" lat="36.84352474591" lon="128.09280287075">
    <tag k="local_x" v="21.1929" />
    <tag k="local_y" v="-5.6324" />
    <tag k="ele" v="-4.2103" />
  </node>
  <node id="421" lat="36.84350727633" lon="128.09279704336">
    <tag k="local_x" v="20.6550" />
    <tag k="local_y" v="-7.5655" />
    <tag k="ele" v="-4.3044" />
  </node>
  <node id="422" lat="36.84351335536" lon="128.09281077194">
    <tag k="local_x" v="21.8854" />
    <tag k="local_y" v="-6.9027" />
    <tag k="ele" v="-4.3009" />
  </node>
  <node id="423" lat="36.84349508963" lon="128.09280577936">
    <tag k="local_x" v="21.4210" />
    <tag k="local_y" v="-8.9248" />
    <tag k="ele" v="-4.3946" />
  </node>
  <node id="424" lat="36.84350205492" lon="128.09281885834">
    <tag k="local_x" v="22.5945" />
    <tag k="local_y" v="-8.1632" />
    <tag k="ele" v="-4.3886" />
  </node>
  <node id="425" lat="36.84346347459" lon="128.09284010926">
    <tag k="local_x" v="24.4486" />
    <tag k="local_y" v="-12.4610" />
    <tag k="ele" v="-4.5742" />
  </node>
  <node id="426" lat="36.84347277877" lon="128.09285073625">
    <tag k="local_x" v="25.4059" />
    <tag k="local_y" v="-11.4379" />
    <tag k="ele" v="-4.5742" />
  </node>
  <node id="434" lat="36.84344866747" lon="128.09285761757">
    <tag k="local_x" v="25.9941" />
    <tag k="local_y" v="-14.1185" />
    <tag k="ele" v="-4.6994" />
  </node>
  <node id="435" lat="36.84343738359" lon="128.09286833280">
    <tag k="local_x" v="26.9376" />
    <tag k="local_y" v="-15.3793" />
    <tag k="ele" v="-4.7104" />
  </node>
  <node id="437" lat="36.84345633425" lon="128.09287009291">
    <tag k="local_x" v="27.1145" />
    <tag k="local_y" v="-13.2785" />
    <tag k="ele" v="-4.6994" />
  </node>
  <node id="438" lat="36.84344504153" lon="128.09288080930">
    <tag k="local_x" v="28.0581" />
    <tag k="local_y" v="-14.5404" />
    <tag k="ele" v="-4.7104" />
  </node>
  <node id="477" lat="36.84339691030" lon="128.09290032523">
    <tag k="local_x" v="29.7475" />
    <tag k="local_y" v="-19.8963" />
    <tag k="ele" v="-4.0532" />
  </node>
  <node id="478" lat="36.84339030829" lon="128.09289212302">
    <tag k="local_x" v="29.0092" />
    <tag k="local_y" v="-20.6217" />
    <tag k="ele" v="-4.0154" />
  </node>
  <node id="480" lat="36.84338774808" lon="128.09291113527">
    <tag k="local_x" v="30.7016" />
    <tag k="local_y" v="-20.9218" />
    <tag k="ele" v="-4.0532" />
  </node>
  <node id="481" lat="36.84338026240" lon="128.09290180260">
    <tag k="local_x" v="29.8616" />
    <tag k="local_y" v="-21.7444" />
    <tag k="ele" v="-4.0091" />
  </node>
  <node id="484" lat="36.84338405123" lon="128.09288351113">
    <tag k="local_x" v="28.2347" />
    <tag k="local_y" v="-21.3086" />
    <tag k="ele" v="-3.9742" />
  </node>
  <node id="485" lat="36.84337340884" lon="128.09289179309">
    <tag k="local_x" v="28.9620" />
    <tag k="local_y" v="-22.4962" />
    <tag k="ele" v="-3.9628" />
  </node>
  <node id="486" lat="36.84337921419" lon="128.09287364349">
    <tag k="local_x" v="27.3498" />
    <tag k="local_y" v="-21.8368" />
    <tag k="ele" v="-3.9218" />
  </node>
  <node id="487" lat="36.84336796017" lon="128.09288051539">
    <tag k="local_x" v="27.9507" />
    <tag k="local_y" v="-23.0911" />
    <tag k="ele" v="-3.9132" />
  </node>
  <node id="488" lat="36.84337547112" lon="128.09286301981">
    <tag k="local_x" v="26.3987" />
    <tag k="local_y" v="-22.2430" />
    <tag k="ele" v="-3.8605" />
  </node>
  <node id="489" lat="36.84336367603" lon="128.09286845426">
    <tag k="local_x" v="26.8708" />
    <tag k="local_y" v="-23.5561" />
    <tag k="ele" v="-3.8525" />
  </node>
  <node id="490" lat="36.84337248508" lon="128.09285206473">
    <tag k="local_x" v="25.4188" />
    <tag k="local_y" v="-22.5650" />
    <tag k="ele" v="-3.7917" />
  </node>
  <node id="491" lat="36.84336028798" lon="128.09285598904">
    <tag k="local_x" v="25.7558" />
    <tag k="local_y" v="-23.9214" />
    <tag k="ele" v="-3.7802" />
  </node>
  <node id="492" lat="36.84336999129" lon="128.09284090756">
    <tag k="local_x" v="24.4213" />
    <tag k="local_y" v="-22.8322" />
    <tag k="ele" v="-3.7026" />
  </node>
  <node id="493" lat="36.84335746917" lon="128.09284333509">
    <tag k="local_x" v="24.6246" />
    <tag k="local_y" v="-24.2234" />
    <tag k="ele" v="-3.6841" />
  </node>
  <node id="494" lat="36.84338639357" lon="128.09276616468">
    <tag k="local_x" v="17.7744" />
    <tag k="local_y" v="-20.9494" />
    <tag k="ele" v="-2.9435" />
  </node>
  <node id="495" lat="36.84337575028" lon="128.09275775072">
    <tag k="local_x" v="17.0130" />
    <tag k="local_y" v="-22.1230" />
    <tag k="ele" v="-2.9435" />
  </node>
  <node id="508" lat="36.84371548151" lon="128.09268399139">
    <tag k="local_x" v="10.7944" />
    <tag k="local_y" v="15.6273" />
    <tag k="ele" v="-2.8117" />
  </node>
  <node id="509" lat="36.84370535920" lon="128.09268921505">
    <tag k="local_x" v="11.2495" />
    <tag k="local_y" v="14.5000" />
    <tag k="ele" v="-2.8645" />
  </node>
  <node id="510" lat="36.84369531177" lon="128.09269458437">
    <tag k="local_x" v="11.7177" />
    <tag k="local_y" v="13.3808" />
    <tag k="ele" v="-2.9247" />
  </node>
  <node id="511" lat="36.84371953305" lon="128.09269644631">
    <tag k="local_x" v="11.9092" />
    <tag k="local_y" v="16.0662" />
    <tag k="ele" v="-2.8117" />
  </node>
  <node id="512" lat="36.84370956377" lon="128.09270159371">
    <tag k="local_x" v="12.3576" />
    <tag k="local_y" v="14.9559" />
    <tag k="ele" v="-2.8645" />
  </node>
  <node id="513" lat="36.84369959787" lon="128.09270693684">
    <tag k="local_x" v="12.8235" />
    <tag k="local_y" v="13.8459" />
    <tag k="ele" v="-2.9247" />
  </node>
  <node id="537" lat="36.84367666520" lon="128.09271887731">
    <tag k="local_x" v="13.8640" />
    <tag k="local_y" v="11.2917" />
    <tag k="ele" v="-3.0753" />
  </node>
  <node id="538" lat="36.84366370768" lon="128.09272543177">
    <tag k="local_x" v="14.4348" />
    <tag k="local_y" v="9.8488" />
    <tag k="ele" v="-3.1643" />
  </node>
  <node id="539" lat="36.84365075514" lon="128.09273197227">
    <tag k="local_x" v="15.0043" />
    <tag k="local_y" v="8.4063" />
    <tag k="ele" v="-3.2534" />
  </node>
  <node id="540" lat="36.84367207762" lon="128.09270607702">
    <tag k="local_x" v="12.7179" />
    <tag k="local_y" v="10.7937" />
    <tag k="ele" v="-3.0753" />
  </node>
  <node id="541" lat="36.84365880080" lon="128.09271217442">
    <tag k="local_x" v="13.2476" />
    <tag k="local_y" v="9.3156" />
    <tag k="ele" v="-3.1643" />
  </node>
  <node id="542" lat="36.84364554952" lon="128.09271828198">
    <tag k="local_x" v="13.7782" />
    <tag k="local_y" v="7.8404" />
    <tag k="ele" v="-3.2534" />
  </node>
  <node id="553" lat="36.84360242617" lon="128.09275815520">
    <tag k="local_x" v="17.2879" />
    <tag k="local_y" v="3.0228" />
    <tag k="ele" v="-3.6109" />
  </node>
  <node id="554" lat="36.84359073637" lon="128.09276498530">
    <tag k="local_x" v="17.8845" />
    <tag k="local_y" v="1.7202" />
    <tag k="ele" v="-3.6983" />
  </node>
  <node id="555" lat="36.84359651449" lon="128.09274422870">
    <tag k="local_x" v="16.0399" />
    <tag k="local_y" v="2.3788" />
    <tag k="ele" v="-3.6164" />
  </node>
  <node id="556" lat="36.84358474743" lon="128.09275121533">
    <tag k="local_x" v="16.6505" />
    <tag k="local_y" v="1.0675" />
    <tag k="ele" v="-3.7057" />
  </node>
  <node id="557" lat="36.84354655085" lon="128.09279059295">
    <tag k="local_x" v="20.1212" />
    <tag k="local_y" v="-3.2031" />
    <tag k="ele" v="-4.0184" />
  </node>
  <node id="558" lat="36.84353561556" lon="128.09279663756">
    <tag k="local_x" v="20.6486" />
    <tag k="local_y" v="-4.4213" />
    <tag k="ele" v="-4.1117" />
  </node>
  <node id="559" lat="36.84354097243" lon="128.09277649183">
    <tag k="local_x" v="18.8580" />
    <tag k="local_y" v="-3.8100" />
    <tag k="ele" v="-4.0258" />
  </node>
  <node id="560" lat="36.84353023653" lon="128.09278245021">
    <tag k="local_x" v="19.3780" />
    <tag k="local_y" v="-5.0060" />
    <tag k="ele" v="-4.1165" />
  </node>
  <node id="561" lat="36.84348340899" lon="128.09281551169">
    <tag k="local_x" v="22.2765" />
    <tag k="local_y" v="-10.2288" />
    <tag k="ele" v="-4.462" />
  </node>
  <node id="562" lat="36.84347283476" lon="128.09282703171">
    <tag k="local_x" v="23.2925" />
    <tag k="local_y" v="-11.4116" />
    <tag k="ele" v="-4.5188" />
  </node>
  <node id="563" lat="36.84349121172" lon="128.09282785831">
    <tag k="local_x" v="23.3855" />
    <tag k="local_y" v="-9.3737" />
    <tag k="ele" v="-4.457" />
  </node>
  <node id="564" lat="36.84348134818" lon="128.09283847151">
    <tag k="local_x" v="24.3214" />
    <tag k="local_y" v="-10.4769" />
    <tag k="ele" v="-4.5152" />
  </node>
  <node id="565" lat="36.84346873433" lon="128.09285626929">
    <tag k="local_x" v="25.8950" />
    <tag k="local_y" v="-11.8912" />
    <tag k="ele" v="-4.5819" />
  </node>
  <node id="566" lat="36.84346586597" lon="128.09285986832">
    <tag k="local_x" v="26.2129" />
    <tag k="local_y" v="-12.2125" />
    <tag k="ele" v="-4.5819" />
  </node>
  <node id="567" lat="36.84346279488" lon="128.09286343424">
    <tag k="local_x" v="26.5276" />
    <tag k="local_y" v="-12.5562" />
    <tag k="ele" v="-4.5819" />
  </node>
  <node id="568" lat="36.84345972139" lon="128.09286673252">
    <tag k="local_x" v="26.8184" />
    <tag k="local_y" v="-12.8999" />
    <tag k="ele" v="-4.5819" />
  </node>
  <node id="569" lat="36.84345977959" lon="128.09284520867">
    <tag k="local_x" v="24.8994" />
    <tag k="local_y" v="-12.8753" />
    <tag k="ele" v="-4.5819" />
  </node>
  <node id="570" lat="36.84345708056" lon="128.09284860059">
    <tag k="local_x" v="25.1990" />
    <tag k="local_y" v="-13.1776" />
    <tag k="ele" v="-4.5819" />
  </node>
  <node id="571" lat="36.84345437555" lon="128.09285172613">
    <tag k="local_x" v="25.4748" />
    <tag k="local_y" v="-13.4803" />
    <tag k="ele" v="-4.5819" />
  </node>
  <node id="572" lat="36.84345147201" lon="128.09285483885">
    <tag k="local_x" v="25.7493" />
    <tag k="local_y" v="-13.8050" />
    <tag k="ele" v="-4.5819" />
  </node>
  <node id="590" lat="36.84342186538" lon="128.09288426158">
    <tag k="local_x" v="28.3415" />
    <tag k="local_y" v="-17.1143" />
    <tag k="ele" v="-4.6113" />
  </node>
  <node id="591" lat="36.84341718359" lon="128.09289026280">
    <tag k="local_x" v="28.8716" />
    <tag k="local_y" v="-17.6388" />
    <tag k="ele" v="-4.5568" />
  </node>
  <node id="593" lat="36.84343090715" lon="128.09289524283">
    <tag k="local_x" v="29.3301" />
    <tag k="local_y" v="-16.1206" />
    <tag k="ele" v="-4.6113" />
  </node>
  <node id="594" lat="36.84342621698" lon="128.09290121252">
    <tag k="local_x" v="29.8574" />
    <tag k="local_y" v="-16.6459" />
    <tag k="ele" v="-4.5568" />
  </node>
  <node id="597" lat="36.84340949662" lon="128.09289906122">
    <tag k="local_x" v="29.6480" />
    <tag k="local_y" v="-18.4990" />
    <tag k="ele" v="-4.4216" />
  </node>
  <node id="598" lat="36.84341804382" lon="128.09291059848">
    <tag k="local_x" v="30.6857" />
    <tag k="local_y" v="-17.5605" />
    <tag k="ele" v="-4.4216" />
  </node>
  <node id="599" lat="36.84343527456" lon="128.09289019269">
    <tag k="local_x" v="28.8844" />
    <tag k="local_y" v="-15.6318" />
    <tag k="ele" v="-4.7178" />
  </node>
  <node id="600" lat="36.84343285945" lon="128.09289283932">
    <tag k="local_x" v="29.1179" />
    <tag k="local_y" v="-15.9020" />
    <tag k="ele" v="-4.7178" />
  </node>
  <node id="601" lat="36.84342690318" lon="128.09287844884">
    <tag k="local_x" v="27.8285" />
    <tag k="local_y" v="-16.5505" />
    <tag k="ele" v="-4.7178" />
  </node>
  <node id="602" lat="36.84342450005" lon="128.09288110109">
    <tag k="local_x" v="28.0625" />
    <tag k="local_y" v="-16.8194" />
    <tag k="ele" v="-4.7178" />
  </node>
  <node id="606" lat="36.84344303621" lon="128.09286297464">
    <tag k="local_x" v="26.4658" />
    <tag k="local_y" v="-14.7477" />
    <tag k="ele" v="-4.7049" />
  </node>
  <node id="607" lat="36.84345069079" lon="128.09287544839">
    <tag k="local_x" v="27.5860" />
    <tag k="local_y" v="-13.9091" />
    <tag k="ele" v="-4.7049" />
  </node>
  <node id="619" lat="36.84341456041" lon="128.09291377160">
    <tag k="local_x" v="30.9649" />
    <tag k="local_y" v="-17.9497" />
    <tag k="ele" v="-4.4088" />
  </node>
  <node id="620" lat="36.84341097875" lon="128.09291673296">
    <tag k="local_x" v="31.2252" />
    <tag k="local_y" v="-18.3495" />
    <tag k="ele" v="-4.3975" />
  </node>
  <node id="621" lat="36.84340692136" lon="128.09291852334">
    <tag k="local_x" v="31.3806" />
    <tag k="local_y" v="-18.8011" />
    <tag k="ele" v="-4.3958" />
  </node>
  <node id="622" lat="36.84340263538" lon="128.09291901575">
    <tag k="local_x" v="31.4200" />
    <tag k="local_y" v="-19.2770" />
    <tag k="ele" v="-4.3964" />
  </node>
  <node id="623" lat="36.84340784946" lon="128.09290111733">
    <tag k="local_x" v="29.8296" />
    <tag k="local_y" v="-18.6834" />
    <tag k="ele" v="-4.4032" />
  </node>
  <node id="624" lat="36.84340585009" lon="128.09290261184">
    <tag k="local_x" v="29.9607" />
    <tag k="local_y" v="-18.9065" />
    <tag k="ele" v="-4.3946" />
  </node>
  <node id="625" lat="36.84340357931" lon="128.09290328591">
    <tag k="local_x" v="30.0185" />
    <tag k="local_y" v="-19.1590" />
    <tag k="ele" v="-4.3964" />
  </node>
  <node id="626" lat="36.84340123230" lon="128.09290318329">
    <tag k="local_x" v="30.0068" />
    <tag k="local_y" v="-19.4192" />
    <tag k="ele" v="-4.3964" />
  </node>
  <node id="630" lat="36.84339835917" lon="128.09291848837">
    <tag k="local_x" v="31.3684" />
    <tag k="local_y" v="-19.7509" />
    <tag k="ele" v="-4.3972" />
  </node>
  <node id="631" lat="36.84339428781" lon="128.09291677387">
    <tag k="local_x" v="31.2113" />
    <tag k="local_y" v="-20.2011" />
    <tag k="ele" v="-4.4079" />
  </node>
  <node id="632" lat="36.84339085221" lon="128.09291408981">
    <tag k="local_x" v="30.9683" />
    <tag k="local_y" v="-20.5800" />
    <tag k="ele" v="-4.2569" />
  </node>
  <node id="633" lat="36.84339903274" lon="128.09290226115">
    <tag k="local_x" v="29.9223" />
    <tag k="local_y" v="-19.6625" />
    <tag k="ele" v="-4.4215" />
  </node>
  <node id="634" lat="36.84339743076" lon="128.09290115971">
    <tag k="local_x" v="29.8224" />
    <tag k="local_y" v="-19.8393" />
    <tag k="ele" v="-4.296" />
  </node>
  <node id="635" lat="36.84336823530" lon="128.09282957270">
    <tag k="local_x" v="23.4089" />
    <tag k="local_y" v="-23.0174" />
    <tag k="ele" v="-3.5956" />
  </node>
  <node id="636" lat="36.84336797934" lon="128.09281806299">
    <tag k="local_x" v="22.3824" />
    <tag k="local_y" v="-23.0361" />
    <tag k="ele" v="-3.4732" />
  </node>
  <node id="637" lat="36.84336893370" lon="128.09280662672">
    <tag k="local_x" v="21.3637" />
    <tag k="local_y" v="-22.9205" />
    <tag k="ele" v="-3.3413" />
  </node>
  <node id="638" lat="36.84337167034" lon="128.09279565081">
    <tag k="local_x" v="20.3880" />
    <tag k="local_y" v="-22.6076" />
    <tag k="ele" v="-3.2154" />
  </node>
  <node id="639" lat="36.84337638286" lon="128.09278570721">
    <tag k="local_x" v="19.5063" />
    <tag k="local_y" v="-22.0764" />
    <tag k="ele" v="-3.1053" />
  </node>
  <node id="640" lat="36.84338129982" lon="128.09277587446">
    <tag k="local_x" v="18.6348" />
    <tag k="local_y" v="-21.5227" />
    <tag k="ele" v="-3.0201" />
  </node>
  <node id="641" lat="36.84335570796" lon="128.09283038509">
    <tag k="local_x" v="23.4681" />
    <tag k="local_y" v="-24.4078" />
    <tag k="ele" v="-3.5706" />
  </node>
  <node id="642" lat="36.84335552958" lon="128.09281727718">
    <tag k="local_x" v="22.2992" />
    <tag k="local_y" v="-24.4165" />
    <tag k="ele" v="-3.4463" />
  </node>
  <node id="643" lat="36.84335661756" lon="128.09280424906">
    <tag k="local_x" v="21.1387" />
    <tag k="local_y" v="-24.2848" />
    <tag k="ele" v="-3.319" />
  </node>
  <node id="644" lat="36.84335965163" lon="128.09279171129">
    <tag k="local_x" v="20.0240" />
    <tag k="local_y" v="-23.9376" />
    <tag k="ele" v="-3.2079" />
  </node>
  <node id="645" lat="36.84336452874" lon="128.09278004740">
    <tag k="local_x" v="18.9892" />
    <tag k="local_y" v="-23.3867" />
    <tag k="ele" v="-3.1141" />
  </node>
  <node id="646" lat="36.84336994478" lon="128.09276875532">
    <tag k="local_x" v="17.9881" />
    <tag k="local_y" v="-22.7763" />
    <tag k="ele" v="-3.0266" />
  </node>
  <node id="653" lat="36.84339551787" lon="128.09274482410">
    <tag k="local_x" v="15.8813" />
    <tag k="local_y" v="-19.9191" />
    <tag k="ele" v="-2.8328" />
  </node>
  <node id="654" lat="36.84339710337" lon="128.09274003296">
    <tag k="local_x" v="15.4558" />
    <tag k="local_y" v="-19.7392" />
    <tag k="ele" v="-2.8153" />
  </node>
  <node id="656" lat="36.84338375316" lon="128.09273915058">
    <tag k="local_x" v="15.3630" />
    <tag k="local_y" v="-21.2194" />
    <tag k="ele" v="-2.8328" />
  </node>
  <node id="657" lat="36.84338559346" lon="128.09273357160">
    <tag k="local_x" v="14.8676" />
    <tag k="local_y" v="-21.0105" />
    <tag k="ele" v="-2.8131" />
  </node>
  <node id="660" lat="36.84337899123" lon="128.09275141038">
    <tag k="local_x" v="16.4511" />
    <tag k="local_y" v="-21.7581" />
    <tag k="ele" v="-2.9232" />
  </node>
  <node id="661" lat="36.84338079473" lon="128.09274729541">
    <tag k="local_x" v="16.0861" />
    <tag k="local_y" v="-21.5545" />
    <tag k="ele" v="-2.9232" />
  </node>
  <node id="662" lat="36.84338243303" lon="128.09274310484">
    <tag k="local_x" v="15.7142" />
    <tag k="local_y" v="-21.3692" />
    <tag k="ele" v="-2.9232" />
  </node>
  <node id="663" lat="36.84339004650" lon="128.09275896245">
    <tag k="local_x" v="17.1361" />
    <tag k="local_y" v="-20.5380" />
    <tag k="ele" v="-2.9232" />
  </node>
  <node id="664" lat="36.84339201486" lon="128.09275448944">
    <tag k="local_x" v="16.7394" />
    <tag k="local_y" v="-20.3159" />
    <tag k="ele" v="-2.9232" />
  </node>
  <node id="665" lat="36.84339380403" lon="128.09274990168">
    <tag k="local_x" v="16.3322" />
    <tag k="local_y" v="-20.1135" />
    <tag k="ele" v="-2.9232" />
  </node>
  <node id="680" lat="36.84340399202" lon="128.09269568208">
    <tag k="local_x" v="11.5087" />
    <tag k="local_y" v="-18.9374" />
    <tag k="ele" v="-2.6385" />
  </node>
  <node id="681" lat="36.84340840269" lon="128.09269141161">
    <tag k="local_x" v="11.1325" />
    <tag k="local_y" v="-18.4445" />
    <tag k="ele" v="-2.5919" />
  </node>
  <node id="683" lat="36.84339629959" lon="128.09268322777">
    <tag k="local_x" v="10.3901" />
    <tag k="local_y" v="-19.7802" />
    <tag k="ele" v="-2.6385" />
  </node>
  <node id="684" lat="36.84340125983" lon="128.09267842781">
    <tag k="local_x" v="9.9674" />
    <tag k="local_y" v="-19.2259" />
    <tag k="ele" v="-2.5859" />
  </node>
  <node id="687" lat="36.84341281754" lon="128.09268715237">
    <tag k="local_x" v="10.7574" />
    <tag k="local_y" v="-17.9512" />
    <tag k="ele" v="-2.5459" />
  </node>
  <node id="688" lat="36.84340622766" lon="128.09267368459">
    <tag k="local_x" v="9.5497" />
    <tag k="local_y" v="-18.6708" />
    <tag k="ele" v="-2.5351" />
  </node>
  <node id="689" lat="36.84339851805" lon="128.09273515861">
    <tag k="local_x" v="15.0227" />
    <tag k="local_y" v="-19.5781" />
    <tag k="ele" v="-2.7977" />
  </node>
  <node id="691" lat="36.84338709712" lon="128.09272784590">
    <tag k="local_x" v="14.3586" />
    <tag k="local_y" v="-20.8389" />
    <tag k="ele" v="-2.7908" />
  </node>
  <node id="694" lat="36.84339959354" lon="128.09273014325">
    <tag k="local_x" v="14.5766" />
    <tag k="local_y" v="-19.4545" />
    <tag k="ele" v="-2.7798" />
  </node>
  <node id="695" lat="36.84338806766" lon="128.09272193591">
    <tag k="local_x" v="13.8327" />
    <tag k="local_y" v="-20.7262" />
    <tag k="ele" v="-2.7649" />
  </node>
  <node id="696" lat="36.84338819763" lon="128.09271594848">
    <tag k="local_x" v="13.2990" />
    <tag k="local_y" v="-20.7067" />
    <tag k="ele" v="-2.7403" />
  </node>
  <node id="697" lat="36.84338768666" lon="128.09270995264">
    <tag k="local_x" v="12.7639" />
    <tag k="local_y" v="-20.7583" />
    <tag k="ele" v="-2.719" />
  </node>
  <node id="698" lat="36.84338773404" lon="128.09270394425">
    <tag k="local_x" v="12.2282" />
    <tag k="local_y" v="-20.7480" />
    <tag k="ele" v="-2.711" />
  </node>
  <node id="699" lat="36.84340039539" lon="128.09272505638">
    <tag k="local_x" v="14.1239" />
    <tag k="local_y" v="-19.3613" />
    <tag k="ele" v="-2.7623" />
  </node>
  <node id="700" lat="36.84340074475" lon="128.09271988270">
    <tag k="local_x" v="13.6630" />
    <tag k="local_y" v="-19.3181" />
    <tag k="ele" v="-2.7465" />
  </node>
  <node id="701" lat="36.84340061735" lon="128.09271471347">
    <tag k="local_x" v="13.2020" />
    <tag k="local_y" v="-19.3279" />
    <tag k="ele" v="-2.7324" />
  </node>
  <node id="733" lat="36.84398909140" lon="128.09237907525">
    <tag k="local_x" v="-16.1039" />
    <tag k="local_y" v="46.2383" />
    <tag k="ele" v="-1.4195" />
  </node>
  <node id="734" lat="36.84399016438" lon="128.09238726027">
    <tag k="local_x" v="-15.3729" />
    <tag k="local_y" v="46.3504" />
    <tag k="ele" v="-1.4484" />
  </node>
  <node id="735" lat="36.84399124425" lon="128.09239543774">
    <tag k="local_x" v="-14.6427" />
    <tag k="local_y" v="46.4632" />
    <tag k="ele" v="-1.4771" />
  </node>
  <node id="736" lat="36.84399230192" lon="128.09240362341">
    <tag k="local_x" v="-13.9117" />
    <tag k="local_y" v="46.5736" />
    <tag k="ele" v="-1.5042" />
  </node>
  <node id="737" lat="36.84399334309" lon="128.09241179372">
    <tag k="local_x" v="-13.1822" />
    <tag k="local_y" v="46.6822" />
    <tag k="ele" v="-1.5244" />
  </node>
  <node id="738" lat="36.84399432489" lon="128.09241999761">
    <tag k="local_x" v="-12.4497" />
    <tag k="local_y" v="46.7842" />
    <tag k="ele" v="-1.5231" />
  </node>
  <node id="739" lat="36.84399522391" lon="128.09242821824">
    <tag k="local_x" v="-11.7158" />
    <tag k="local_y" v="46.8769" />
    <tag k="ele" v="-1.5231" />
  </node>
  <node id="740" lat="36.84399603477" lon="128.09243642837">
    <tag k="local_x" v="-10.9829" />
    <tag k="local_y" v="46.9599" />
    <tag k="ele" v="-1.5231" />
  </node>
  <node id="741" lat="36.84397573349" lon="128.09238154118">
    <tag k="local_x" v="-15.8981" />
    <tag k="local_y" v="44.7543" />
    <tag k="ele" v="-1.4193" />
  </node>
  <node id="742" lat="36.84397678846" lon="128.09238966272">
    <tag k="local_x" v="-15.1728" />
    <tag k="local_y" v="44.8645" />
    <tag k="ele" v="-1.448" />
  </node>
  <node id="743" lat="36.84397785441" lon="128.09239778545">
    <tag k="local_x" v="-14.4475" />
    <tag k="local_y" v="44.9759" />
    <tag k="ele" v="-1.4765" />
  </node>
  <node id="744" lat="36.84397890899" lon="128.09240592411">
    <tag k="local_x" v="-13.7207" />
    <tag k="local_y" v="45.0859" />
    <tag k="ele" v="-1.5035" />
  </node>
  <node id="745" lat="36.84397996162" lon="128.09241404733">
    <tag k="local_x" v="-12.9953" />
    <tag k="local_y" v="45.1958" />
    <tag k="ele" v="-1.5241" />
  </node>
  <node id="746" lat="36.84398092758" lon="128.09242219915">
    <tag k="local_x" v="-12.2675" />
    <tag k="local_y" v="45.2961" />
    <tag k="ele" v="-1.5231" />
  </node>
  <node id="747" lat="36.84398181901" lon="128.09243036305">
    <tag k="local_x" v="-11.5387" />
    <tag k="local_y" v="45.3881" />
    <tag k="ele" v="-1.5231" />
  </node>
  <node id="748" lat="36.84398263130" lon="128.09243853588">
    <tag k="local_x" v="-10.8091" />
    <tag k="local_y" v="45.4713" />
    <tag k="ele" v="-1.5231" />
  </node>
  <node id="755" lat="36.84399149251" lon="128.09232783517">
    <tag k="local_x" v="-20.6699" />
    <tag k="local_y" v="46.5480" />
    <tag k="ele" v="-1.2345" />
  </node>
  <node id="756" lat="36.84399176684" lon="128.09233506177">
    <tag k="local_x" v="-20.0253" />
    <tag k="local_y" v="46.5723" />
    <tag k="ele" v="-1.2783" />
  </node>
  <node id="757" lat="36.84397859284" lon="128.09233211409">
    <tag k="local_x" v="-20.3020" />
    <tag k="local_y" v="45.1134" />
    <tag k="ele" v="-1.2355" />
  </node>
  <node id="761" lat="36.84399091974" lon="128.09234221584">
    <tag k="local_x" v="-19.3883" />
    <tag k="local_y" v="46.4723" />
    <tag k="ele" v="-1.3061" />
  </node>
  <node id="762" lat="36.84398974724" lon="128.09234929674">
    <tag k="local_x" v="-18.7582" />
    <tag k="local_y" v="46.3362" />
    <tag k="ele" v="-1.3288" />
  </node>
  <node id="764" lat="36.84397812024" lon="128.09233902762">
    <tag k="local_x" v="-19.6861" />
    <tag k="local_y" v="45.0551" />
    <tag k="ele" v="-1.2716" />
  </node>
  <node id="765" lat="36.84397715807" lon="128.09234586417">
    <tag k="local_x" v="-19.0776" />
    <tag k="local_y" v="44.9426" />
    <tag k="ele" v="-1.3025" />
  </node>
  <node id="766" lat="36.84396307333" lon="128.09229232778">
    <tag k="local_x" v="-23.8657" />
    <tag k="local_y" v="43.4254" />
    <tag k="ele" v="-1.1184" />
  </node>
  <node id="767" lat="36.84396829502" lon="128.09229241165">
    <tag k="local_x" v="-23.8528" />
    <tag k="local_y" v="44.0046" />
    <tag k="ele" v="-1.1184" />
  </node>
  <node id="768" lat="36.84397408465" lon="128.09229412997">
    <tag k="local_x" v="-23.6934" />
    <tag k="local_y" v="44.6455" />
    <tag k="ele" v="-1.1184" />
  </node>
  <node id="769" lat="36.84397943812" lon="128.09229744766">
    <tag k="local_x" v="-23.3920" />
    <tag k="local_y" v="45.2365" />
    <tag k="ele" v="-1.1184" />
  </node>
  <node id="770" lat="36.84398404819" lon="128.09230218264">
    <tag k="local_x" v="-22.9650" />
    <tag k="local_y" v="45.7439" />
    <tag k="ele" v="-1.1184" />
  </node>
  <node id="771" lat="36.84398768861" lon="128.09230810762">
    <tag k="local_x" v="-22.4329" />
    <tag k="local_y" v="46.1428" />
    <tag k="ele" v="-1.1184" />
  </node>
  <node id="772" lat="36.84398991603" lon="128.09231406073">
    <tag k="local_x" v="-21.8997" />
    <tag k="local_y" v="46.3848" />
    <tag k="ele" v="-1.1184" />
  </node>
  <node id="773" lat="36.84396283706" lon="128.09230803253">
    <tag k="local_x" v="-22.4657" />
    <tag k="local_y" v="43.3859" />
    <tag k="ele" v="-1.1184" />
  </node>
  <node id="774" lat="36.84396660875" lon="128.09230814782">
    <tag k="local_x" v="-22.4515" />
    <tag k="local_y" v="43.8042" />
    <tag k="ele" v="-1.1184" />
  </node>
  <node id="775" lat="36.84396953216" lon="128.09230915609">
    <tag k="local_x" v="-22.3585" />
    <tag k="local_y" v="44.1277" />
    <tag k="ele" v="-1.1184" />
  </node>
  <node id="776" lat="36.84397218484" lon="128.09231096497">
    <tag k="local_x" v="-22.1944" />
    <tag k="local_y" v="44.4204" />
    <tag k="ele" v="-1.1184" />
  </node>
  <node id="777" lat="36.84397443344" lon="128.09231343969">
    <tag k="local_x" v="-21.9714" />
    <tag k="local_y" v="44.6678" />
    <tag k="ele" v="-1.1184" />
  </node>
  <node id="778" lat="36.84397618254" lon="128.09231649342">
    <tag k="local_x" v="-21.6973" />
    <tag k="local_y" v="44.8592" />
    <tag k="ele" v="-1.1184" />
  </node>
  <node id="779" lat="36.84397756980" lon="128.09232079525">
    <tag k="local_x" v="-21.3123" />
    <tag k="local_y" v="45.0095" />
    <tag k="ele" v="-1.1184" />
  </node>
  <node id="783" lat="36.84397613511" lon="128.09235267963">
    <tag k="local_x" v="-18.4710" />
    <tag k="local_y" v="44.8233" />
    <tag k="ele" v="-1.3308" />
  </node>
  <node id="784" lat="36.84397539426" lon="128.09235955793">
    <tag k="local_x" v="-17.8585" />
    <tag k="local_y" v="44.7353" />
    <tag k="ele" v="-1.3548" />
  </node>
  <node id="785" lat="36.84397496320" lon="128.09236648696">
    <tag k="local_x" v="-17.2411" />
    <tag k="local_y" v="44.6816" />
    <tag k="ele" v="-1.3727" />
  </node>
  <node id="786" lat="36.84398872222" lon="128.09235644651">
    <tag k="local_x" v="-18.1218" />
    <tag k="local_y" v="46.2165" />
    <tag k="ele" v="-1.3504" />
  </node>
  <node id="787" lat="36.84398832017" lon="128.09236366684">
    <tag k="local_x" v="-17.4785" />
    <tag k="local_y" v="46.1658" />
    <tag k="ele" v="-1.371" />
  </node>
  <node id="788" lat="36.84398335987" lon="128.09244671447">
    <tag k="local_x" v="-10.0791" />
    <tag k="local_y" v="45.5452" />
    <tag k="ele" v="-1.5134" />
  </node>
  <node id="789" lat="36.84399677227" lon="128.09244466658">
    <tag k="local_x" v="-10.2476" />
    <tag k="local_y" v="47.0348" />
    <tag k="ele" v="-1.5141" />
  </node>
  <node id="790" lat="36.84398530143" lon="128.09246764641">
    <tag k="local_x" v="-8.2108" />
    <tag k="local_y" v="45.7428" />
    <tag k="ele" v="-1.7474" />
  </node>
  <node id="791" lat="36.84399872116" lon="128.09246574221">
    <tag k="local_x" v="-8.3664" />
    <tag k="local_y" v="47.2331" />
    <tag k="ele" v="-1.7474" />
  </node>
  <node id="792" lat="36.84398829711" lon="128.09252311199">
    <tag k="local_x" v="-3.2623" />
    <tag k="local_y" v="46.0282" />
    <tag k="ele" v="-1.9845" />
  </node>
  <node id="793" lat="36.84398860574" lon="128.09253927102">
    <tag k="local_x" v="-1.8212" />
    <tag k="local_y" v="46.0487" />
    <tag k="ele" v="-2.0437" />
  </node>
  <node id="794" lat="36.84398890270" lon="128.09255544749">
    <tag k="local_x" v="-0.3786" />
    <tag k="local_y" v="46.0680" />
    <tag k="ele" v="-2.1029" />
  </node>
  <node id="795" lat="36.84400150734" lon="128.09252146966">
    <tag k="local_x" v="-3.3948" />
    <tag k="local_y" v="47.4950" />
    <tag k="ele" v="-1.9845" />
  </node>
  <node id="796" lat="36.84400158427" lon="128.09253755555">
    <tag k="local_x" v="-1.9605" />
    <tag k="local_y" v="47.4899" />
    <tag k="ele" v="-2.0437" />
  </node>
  <node id="797" lat="36.84400165018" lon="128.09255363119">
    <tag k="local_x" v="-0.5271" />
    <tag k="local_y" v="47.4836" />
    <tag k="ele" v="-2.1029" />
  </node>
  <node id="798" lat="36.84399989675" lon="128.09247891745">
    <tag k="local_x" v="-7.1905" />
    <tag k="local_y" v="47.3524" />
    <tag k="ele" v="-1.8075" />
  </node>
  <node id="799" lat="36.84400072506" lon="128.09249212719">
    <tag k="local_x" v="-6.0118" />
    <tag k="local_y" v="47.4331" />
    <tag k="ele" v="-1.8666" />
  </node>
  <node id="800" lat="36.84398645754" lon="128.09248071910">
    <tag k="local_x" v="-7.0440" />
    <tag k="local_y" v="45.8600" />
    <tag k="ele" v="-1.8075" />
  </node>
  <node id="801" lat="36.84398727332" lon="128.09249383679">
    <tag k="local_x" v="-5.8735" />
    <tag k="local_y" v="45.9394" />
    <tag k="ele" v="-1.8666" />
  </node>
  <node id="807" lat="36.84368748578" lon="128.09248333584">
    <tag k="local_x" v="-7.1257" />
    <tag k="local_y" v="12.6916" />
    <tag k="ele" v="-0.8168" />
  </node>
  <node id="808" lat="36.84370050953" lon="128.09247613672">
    <tag k="local_x" v="-7.7539" />
    <tag k="local_y" v="14.1424" />
    <tag k="ele" v="-0.8354" />
  </node>
  <node id="809" lat="36.84371350616" lon="128.09246886123">
    <tag k="local_x" v="-8.3889" />
    <tag k="local_y" v="15.5904" />
    <tag k="ele" v="-0.8547" />
  </node>
  <node id="810" lat="36.84368153287" lon="128.09246945966">
    <tag k="local_x" v="-8.3692" />
    <tag k="local_y" v="12.0429" />
    <tag k="ele" v="-0.8158" />
  </node>
  <node id="811" lat="36.84369477911" lon="128.09246210071">
    <tag k="local_x" v="-9.0114" />
    <tag k="local_y" v="13.5186" />
    <tag k="ele" v="-0.8346" />
  </node>
  <node id="812" lat="36.84370801766" lon="128.09245471619">
    <tag k="local_x" v="-9.6558" />
    <tag k="local_y" v="14.9935" />
    <tag k="ele" v="-0.8543" />
  </node>
  <node id="816" lat="36.84341732391" lon="128.09268306570">
    <tag k="local_x" v="10.3978" />
    <tag k="local_y" v="-17.4478" />
    <tag k="ele" v="-2.5063" />
  </node>
  <node id="818" lat="36.84341134458" lon="128.09266914378">
    <tag k="local_x" v="9.1502" />
    <tag k="local_y" v="-18.0993" />
    <tag k="ele" v="-2.4952" />
  </node>
  <node id="821" lat="36.84342193600" lon="128.09267915302">
    <tag k="local_x" v="10.0538" />
    <tag k="local_y" v="-16.9328" />
    <tag k="ele" v="-2.4755" />
  </node>
  <node id="822" lat="36.84341653676" lon="128.09266478981">
    <tag k="local_x" v="8.7675" />
    <tag k="local_y" v="-17.5196" />
    <tag k="ele" v="-2.4629" />
  </node>
  <node id="841" lat="36.84340032254" lon="128.09270954015">
    <tag k="local_x" v="12.7404" />
    <tag k="local_y" v="-19.3562" />
    <tag k="ele" v="-2.7196" />
  </node>
  <node id="842" lat="36.84340012177" lon="128.09270436534">
    <tag k="local_x" v="12.2788" />
    <tag k="local_y" v="-19.3741" />
    <tag k="ele" v="-2.7104" />
  </node>
  <node id="843" lat="36.84340138025" lon="128.09269945943">
    <tag k="local_x" v="11.8427" />
    <tag k="local_y" v="-19.2304" />
    <tag k="ele" v="-2.7121" />
  </node>
  <node id="844" lat="36.84338835366" lon="128.09269795996">
    <tag k="local_x" v="11.6953" />
    <tag k="local_y" v="-20.6742" />
    <tag k="ele" v="-2.7097" />
  </node>
  <node id="845" lat="36.84339011047" lon="128.09269235806">
    <tag k="local_x" v="11.1977" />
    <tag k="local_y" v="-20.4746" />
    <tag k="ele" v="-2.7114" />
  </node>
  <node id="846" lat="36.84339287493" lon="128.09268744270">
    <tag k="local_x" v="10.7623" />
    <tag k="local_y" v="-20.1637" />
    <tag k="ele" v="-2.6989" />
  </node>
  <node id="863" lat="36.84342663303" lon="128.09267535160">
    <tag k="local_x" v="9.7198" />
    <tag k="local_y" v="-16.4085" />
    <tag k="ele" v="-2.4405" />
  </node>
  <node id="865" lat="36.84342179043" lon="128.09266053025">
    <tag k="local_x" v="8.3932" />
    <tag k="local_y" v="-16.9332" />
    <tag k="ele" v="-2.4167" />
  </node>
  <node id="868" lat="36.84343133631" lon="128.09267161302">
    <tag k="local_x" v="9.3914" />
    <tag k="local_y" v="-15.8836" />
    <tag k="ele" v="-2.381" />
  </node>
  <node id="869" lat="36.84342720348" lon="128.09265659394">
    <tag k="local_x" v="8.0480" />
    <tag k="local_y" v="-16.3294" />
    <tag k="ele" v="-2.3534" />
  </node>
  <node id="875" lat="36.84343051640" lon="128.09265499382">
    <tag k="local_x" v="7.9088" />
    <tag k="local_y" v="-15.9605" />
    <tag k="ele" v="-2.3403" />
  </node>
  <node id="876" lat="36.84343389715" lon="128.09265353535">
    <tag k="local_x" v="7.7823" />
    <tag k="local_y" v="-15.5842" />
    <tag k="ele" v="-2.3248" />
  </node>
  <node id="877" lat="36.84343495208" lon="128.09266952597">
    <tag k="local_x" v="9.2092" />
    <tag k="local_y" v="-15.4807" />
    <tag k="ele" v="-2.3489" />
  </node>
  <node id="878" lat="36.84343873658" lon="128.09266797303">
    <tag k="local_x" v="9.0747" />
    <tag k="local_y" v="-15.0596" />
    <tag k="ele" v="-2.3195" />
  </node>
  <node id="879" lat="36.84344266503" lon="128.09266715203">
    <tag k="local_x" v="9.0056" />
    <tag k="local_y" v="-14.6231" />
    <tag k="ele" v="-2.29" />
  </node>
  <node id="882" lat="36.84343734863" lon="128.09265237963">
    <tag k="local_x" v="7.6829" />
    <tag k="local_y" v="-15.2004" />
    <tag k="ele" v="-2.3055" />
  </node>
  <node id="883" lat="36.84344663339" lon="128.09266710793">
    <tag k="local_x" v="9.0059" />
    <tag k="local_y" v="-14.1828" />
    <tag k="ele" v="-2.2541" />
  </node>
  <node id="894" lat="36.84344087402" lon="128.09265178470">
    <tag k="local_x" v="7.6336" />
    <tag k="local_y" v="-14.8088" />
    <tag k="ele" v="-2.2795" />
  </node>
  <node id="895" lat="36.84344443339" lon="128.09265171838">
    <tag k="local_x" v="7.6314" />
    <tag k="local_y" v="-14.4139" />
    <tag k="ele" v="-2.2505" />
  </node>
  <node id="896" lat="36.84344791400" lon="128.09265076451">
    <tag k="local_x" v="7.5500" />
    <tag k="local_y" v="-14.0269" />
    <tag k="ele" v="-2.2752" />
  </node>
  <node id="897" lat="36.84345058469" lon="128.09266626663">
    <tag k="local_x" v="8.9350" />
    <tag k="local_y" v="-13.7438" />
    <tag k="ele" v="-2.2683" />
  </node>
  <node id="898" lat="36.84345444454" lon="128.09266505328">
    <tag k="local_x" v="8.8309" />
    <tag k="local_y" v="-13.3146" />
    <tag k="ele" v="-2.2999" />
  </node>
  <node id="899" lat="36.84354001742" lon="128.09260209893">
    <tag k="local_x" v="3.3080" />
    <tag k="local_y" v="-3.7683" />
    <tag k="ele" v="-1.4999" />
  </node>
  <node id="901" lat="36.84353368985" lon="128.09258851004">
    <tag k="local_x" v="2.0897" />
    <tag k="local_y" v="-4.4587" />
    <tag k="ele" v="-1.4882" />
  </node>
  <node id="904" lat="36.84354421205" lon="128.09259829832">
    <tag k="local_x" v="2.9735" />
    <tag k="local_y" v="-3.2998" />
    <tag k="ele" v="-1.4162" />
  </node>
  <node id="905" lat="36.84353780827" lon="128.09258459453">
    <tag k="local_x" v="1.7449" />
    <tag k="local_y" v="-3.9986" />
    <tag k="ele" v="-1.4052" />
  </node>
  <node id="906" lat="36.84354813376" lon="128.09259399702">
    <tag k="local_x" v="2.5941" />
    <tag k="local_y" v="-2.8611" />
    <tag k="ele" v="-1.3856" />
  </node>
  <node id="907" lat="36.84354113052" lon="128.09257966313">
    <tag k="local_x" v="1.3087" />
    <tag k="local_y" v="-3.6258" />
    <tag k="ele" v="-1.368" />
  </node>
  <node id="908" lat="36.84355114801" lon="128.09258867556">
    <tag k="local_x" v="2.1228" />
    <tag k="local_y" v="-2.5222" />
    <tag k="ele" v="-1.3617" />
  </node>
  <node id="909" lat="36.84354251333" lon="128.09257338314">
    <tag k="local_x" v="0.7503" />
    <tag k="local_y" v="-3.4671" />
    <tag k="ele" v="-1.3293" />
  </node>
  <node id="910" lat="36.84355334156" lon="128.09258273402">
    <tag k="local_x" v="1.5954" />
    <tag k="local_y" v="-2.2738" />
    <tag k="ele" v="-1.3426" />
  </node>
  <node id="911" lat="36.84354345664" lon="128.09256699276">
    <tag k="local_x" v="0.1815" />
    <tag k="local_y" v="-3.3571" />
    <tag k="ele" v="-1.304" />
  </node>
  <node id="912" lat="36.84355471476" lon="128.09257645574">
    <tag k="local_x" v="1.0371" />
    <tag k="local_y" v="-2.1162" />
    <tag k="ele" v="-1.3214" />
  </node>
  <node id="913" lat="36.84354524898" lon="128.09256085505">
    <tag k="local_x" v="-0.3639" />
    <tag k="local_y" v="-3.1530" />
    <tag k="ele" v="-1.297" />
  </node>
  <node id="917" lat="36.84358226162" lon="128.09254551034">
    <tag k="local_x" v="-1.6930" />
    <tag k="local_y" v="0.9659" />
    <tag k="ele" v="-1.0688" />
  </node>
  <node id="919" lat="36.84357586846" lon="128.09253199318">
    <tag k="local_x" v="-2.9050" />
    <tag k="local_y" v="0.2682" />
    <tag k="ele" v="-1.0684" />
  </node>
  <node id="922" lat="36.84358542003" lon="128.09254322728">
    <tag k="local_x" v="-1.8933" />
    <tag k="local_y" v="1.3183" />
    <tag k="ele" v="-1.0454" />
  </node>
  <node id="923" lat="36.84357897617" lon="128.09252973098">
    <tag k="local_x" v="-3.1034" />
    <tag k="local_y" v="0.6148" />
    <tag k="ele" v="-1.0455" />
  </node>
  <node id="924" lat="36.84358853988" lon="128.09254094861">
    <tag k="local_x" v="-2.0931" />
    <tag k="local_y" v="1.6663" />
    <tag k="ele" v="-1.0149" />
  </node>
  <node id="925" lat="36.84358210702" lon="128.09252749622">
    <tag k="local_x" v="-3.2994" />
    <tag k="local_y" v="0.9640" />
    <tag k="ele" v="-1.0166" />
  </node>
  <node id="927" lat="36.84358542152" lon="128.09252571104">
    <tag k="local_x" v="-3.4550" />
    <tag k="local_y" v="1.3333" />
    <tag k="ele" v="-0.9924" />
  </node>
  <node id="928" lat="36.84359217958" lon="128.09254073910">
    <tag k="local_x" v="-2.1080" />
    <tag k="local_y" v="2.0702" />
    <tag k="ele" v="-0.9824" />
  </node>
  <node id="929" lat="36.84358891651" lon="128.09252461991">
    <tag k="local_x" v="-3.5486" />
    <tag k="local_y" v="1.7219" />
    <tag k="ele" v="-0.9814" />
  </node>
  <node id="930" lat="36.84359580133" lon="128.09254117062">
    <tag k="local_x" v="-2.0657" />
    <tag k="local_y" v="2.4716" />
    <tag k="ele" v="-0.9557" />
  </node>
  <node id="931" lat="36.84359251890" lon="128.09252439057">
    <tag k="local_x" v="-3.5653" />
    <tag k="local_y" v="2.1217" />
    <tag k="ele" v="-0.9722" />
  </node>
  <node id="937" lat="36.84355584964" lon="128.09257010131">
    <tag k="local_x" v="0.4717" />
    <tag k="local_y" v="-1.9849" />
    <tag k="ele" v="-1.3047" />
  </node>
  <node id="938" lat="36.84355829286" lon="128.09256443758">
    <tag k="local_x" v="-0.0307" />
    <tag k="local_y" v="-1.7090" />
    <tag k="ele" v="-1.2879" />
  </node>
  <node id="939" lat="36.84354820195" lon="128.09255546883">
    <tag k="local_x" v="-0.8410" />
    <tag k="local_y" v="-2.8209" />
    <tag k="ele" v="-1.2824" />
  </node>
  <node id="940" lat="36.84355180337" lon="128.09255074873">
    <tag k="local_x" v="-1.2581" />
    <tag k="local_y" v="-2.4174" />
    <tag k="ele" v="-1.263" />
  </node>
  <node id="943" lat="36.84359604477" lon="128.09252530410">
    <tag k="local_x" v="-3.4801" />
    <tag k="local_y" v="2.5121" />
    <tag k="ele" v="-0.9628" />
  </node>
  <node id="944" lat="36.84359957476" lon="128.09252615252">
    <tag k="local_x" v="-3.4008" />
    <tag k="local_y" v="2.9030" />
    <tag k="ele" v="-0.9527" />
  </node>
  <node id="945" lat="36.84360306124" lon="128.09252511929">
    <tag k="local_x" v="-3.4892" />
    <tag k="local_y" v="3.2906" />
    <tag k="ele" v="-0.9328" />
  </node>
  <node id="946" lat="36.84359941186" lon="128.09254174619">
    <tag k="local_x" v="-2.0106" />
    <tag k="local_y" v="2.8717" />
    <tag k="ele" v="-0.9468" />
  </node>
  <node id="947" lat="36.84360304057" lon="128.09254136716">
    <tag k="local_x" v="-2.0406" />
    <tag k="local_y" v="3.2745" />
    <tag k="ele" v="-0.941" />
  </node>
  <node id="948" lat="36.84360650471" lon="128.09253993813">
    <tag k="local_x" v="-2.1643" />
    <tag k="local_y" v="3.6601" />
    <tag k="ele" v="-0.9307" />
  </node>
  <node id="956" lat="36.84360888803" lon="128.09251988075">
    <tag k="local_x" v="-3.9501" />
    <tag k="local_y" v="3.9414" />
    <tag k="ele" v="-0.8845" />
  </node>
  <node id="957" lat="36.84361184342" lon="128.09251726562">
    <tag k="local_x" v="-4.1802" />
    <tag k="local_y" v="4.2715" />
    <tag k="ele" v="-0.875" />
  </node>
  <node id="958" lat="36.84361476450" lon="128.09251465055">
    <tag k="local_x" v="-4.4103" />
    <tag k="local_y" v="4.5978" />
    <tag k="ele" v="-0.8667" />
  </node>
  <node id="959" lat="36.84361289394" lon="128.09253560882">
    <tag k="local_x" v="-2.5436" />
    <tag k="local_y" v="4.3725" />
    <tag k="ele" v="-0.9011" />
  </node>
  <node id="960" lat="36.84361589148" lon="128.09253302170">
    <tag k="local_x" v="-2.7711" />
    <tag k="local_y" v="4.7072" />
    <tag k="ele" v="-0.889" />
  </node>
  <node id="961" lat="36.84361885008" lon="128.09253036413">
    <tag k="local_x" v="-3.0049" />
    <tag k="local_y" v="5.0377" />
    <tag k="ele" v="-0.8784" />
  </node>
  <node id="962" lat="36.84362180366" lon="128.09252771145">
    <tag k="local_x" v="-3.2383" />
    <tag k="local_y" v="5.3676" />
    <tag k="ele" v="-0.868" />
  </node>
  <node id="1126" lat="36.84396624014" lon="128.09236349428">
    <tag k="local_x" v="-17.5171" />
    <tag k="local_y" v="43.7165" />
    <tag k="ele" v="-1.4371" />
  </node>
  <node id="1127" lat="36.84396820903" lon="128.09239143007">
    <tag k="local_x" v="-15.0243" />
    <tag k="local_y" v="43.9112" />
    <tag k="ele" v="-1.5945" />
  </node>
  <node id="1129" lat="36.84397100974" lon="128.09241903640">
    <tag k="local_x" v="-12.5599" />
    <tag k="local_y" v="44.1985" />
    <tag k="ele" v="-1.6864" />
  </node>
  <node id="1130" lat="36.84397374256" lon="128.09244516844">
    <tag k="local_x" v="-10.2271" />
    <tag k="local_y" v="44.4796" />
    <tag k="ele" v="-1.7985" />
  </node>
  <node id="1131" lat="36.84397546889" lon="128.09245745333">
    <tag k="local_x" v="-9.1300" />
    <tag k="local_y" v="44.6607" />
    <tag k="ele" v="-1.8287" />
  </node>
  <node id="1132" lat="36.84397699686" lon="128.09247423233">
    <tag k="local_x" v="-7.6323" />
    <tag k="local_y" v="44.8160" />
    <tag k="ele" v="-1.8992" />
  </node>
  <node id="1133" lat="36.84397851330" lon="128.09249051320">
    <tag k="local_x" v="-6.1791" />
    <tag k="local_y" v="44.9704" />
    <tag k="ele" v="-1.9328" />
  </node>
  <node id="1134" lat="36.84398202130" lon="128.09251607933">
    <tag k="local_x" v="-3.8959" />
    <tag k="local_y" v="45.3379" />
    <tag k="ele" v="-2.026" />
  </node>
  <node id="1135" lat="36.84398426334" lon="128.09254027671">
    <tag k="local_x" v="-1.7361" />
    <tag k="local_y" v="45.5661" />
    <tag k="ele" v="-2.0964" />
  </node>
  <node id="1136" lat="36.84398561671" lon="128.09256200936">
    <tag k="local_x" v="0.2030" />
    <tag k="local_y" v="45.6979" />
    <tag k="ele" v="-2.1894" />
  </node>
  <node id="1137" lat="36.84398941308" lon="128.09260248629">
    <tag k="local_x" v="3.8160" />
    <tag k="local_y" v="46.0847" />
    <tag k="ele" v="-2.3268" />
  </node>
  <node id="1138" lat="36.84395321304" lon="128.09260493849">
    <tag k="local_x" v="3.9965" />
    <tag k="local_y" v="42.0668" />
    <tag k="ele" v="-2.5189" />
  </node>
  <node id="1139" lat="36.84394951509" lon="128.09258502865">
    <tag k="local_x" v="2.2174" />
    <tag k="local_y" v="41.6735" />
    <tag k="ele" v="-2.4612" />
  </node>
  <node id="1140" lat="36.84394245594" lon="128.09252483049">
    <tag k="local_x" v="-3.1574" />
    <tag k="local_y" v="40.9413" />
    <tag k="ele" v="-2.2804" />
  </node>
  <node id="1141" lat="36.84394030404" lon="128.09249739531">
    <tag k="local_x" v="-5.6058" />
    <tag k="local_y" v="40.7259" />
    <tag k="ele" v="-2.1786" />
  </node>
  <node id="1142" lat="36.84393550602" lon="128.09245989013">
    <tag k="local_x" v="-8.9548" />
    <tag k="local_y" v="40.2254" />
    <tag k="ele" v="-2.0408" />
  </node>
  <node id="1143" lat="36.84392802100" lon="128.09239696858">
    <tag k="local_x" v="-14.5728" />
    <tag k="local_y" v="39.4483" />
    <tag k="ele" v="-1.8241" />
  </node>
  <node id="1144" lat="36.84392392587" lon="128.09236847504">
    <tag k="local_x" v="-17.1176" />
    <tag k="local_y" v="39.0182" />
    <tag k="ele" v="-1.6634" />
  </node>
  <node id="1145" lat="36.84396620807" lon="128.09236349919">
    <tag k="local_x" v="-17.5167" />
    <tag k="local_y" v="43.7129" />
    <tag k="ele" v="-1.4737" />
  </node>
  <node id="1208" lat="36.84379811373" lon="128.09255169224">
    <tag k="local_x" v="-0.9144" />
    <tag k="local_y" v="24.9061" />
    <tag k="ele" v="-2.179" />
  </node>
  <node id="1209" lat="36.84381061660" lon="128.09257969050">
    <tag k="local_x" v="1.5951" />
    <tag k="local_y" v="26.2694" />
    <tag k="ele" v="-2.2503" />
  </node>
  <node id="1211" lat="36.84382233565" lon="128.09261165929">
    <tag k="local_x" v="4.4578" />
    <tag k="local_y" v="27.5424" />
    <tag k="ele" v="-2.3708" />
  </node>
  <node id="1212" lat="36.84382328634" lon="128.09262551410">
    <tag k="local_x" v="5.6941" />
    <tag k="local_y" v="27.6361" />
    <tag k="ele" v="-2.4544" />
  </node>
  <node id="1213" lat="36.84378535498" lon="128.09264547406">
    <tag k="local_x" v="7.4338" />
    <tag k="local_y" v="23.4113" />
    <tag k="ele" v="-2.7177" />
  </node>
  <node id="1214" lat="36.84377835282" lon="128.09262440603">
    <tag k="local_x" v="5.5480" />
    <tag k="local_y" v="22.6524" />
    <tag k="ele" v="-2.5773" />
  </node>
  <node id="1215" lat="36.84377331407" lon="128.09260654858">
    <tag k="local_x" v="3.9505" />
    <tag k="local_y" v="22.1085" />
    <tag k="ele" v="-2.4675" />
  </node>
  <node id="1216" lat="36.84375818325" lon="128.09257624062">
    <tag k="local_x" v="1.2323" />
    <tag k="local_y" v="20.4557" />
    <tag k="ele" v="-2.4304" />
  </node>
  <node id="1217" lat="36.84375443867" lon="128.09256729385">
    <tag k="local_x" v="0.4306" />
    <tag k="local_y" v="20.0478" />
    <tag k="ele" v="-2.4568" />
  </node>
  <node id="1218" lat="36.84379828989" lon="128.09255104895">
    <tag k="local_x" v="-0.9716" />
    <tag k="local_y" v="24.9262" />
    <tag k="ele" v="-2.1648" />
  </node>
  <node id="1222" lat="36.84374743861" lon="128.09257734604">
    <tag k="local_x" v="1.3195" />
    <tag k="local_y" v="19.2628" />
    <tag k="ele" v="-2.179" />
  </node>
  <node id="1223" lat="36.84375995105" lon="128.09260533352">
    <tag k="local_x" v="3.8281" />
    <tag k="local_y" v="20.6271" />
    <tag k="ele" v="-2.2503" />
  </node>
  <node id="1224" lat="36.84377166195" lon="128.09263730943">
    <tag k="local_x" v="6.6914" />
    <tag k="local_y" v="21.8992" />
    <tag k="ele" v="-2.3708" />
  </node>
  <node id="1225" lat="36.84377259577" lon="128.09265116601">
    <tag k="local_x" v="7.9279" />
    <tag k="local_y" v="21.9911" />
    <tag k="ele" v="-2.4544" />
  </node>
  <node id="1226" lat="36.84373469594" lon="128.09267112660">
    <tag k="local_x" v="9.6676" />
    <tag k="local_y" v="17.7698" />
    <tag k="ele" v="-2.7177" />
  </node>
  <node id="1227" lat="36.84372767950" lon="128.09265003905">
    <tag k="local_x" v="7.7801" />
    <tag k="local_y" v="17.0093" />
    <tag k="ele" v="-2.5773" />
  </node>
  <node id="1228" lat="36.84372264092" lon="128.09263219315">
    <tag k="local_x" v="6.1836" />
    <tag k="local_y" v="16.4654" />
    <tag k="ele" v="-2.4675" />
  </node>
  <node id="1229" lat="36.84371282620" lon="128.09260529060">
    <tag k="local_x" v="3.7746" />
    <tag k="local_y" v="15.3994" />
    <tag k="ele" v="-2.4304" />
  </node>
  <node id="1230" lat="36.84370909462" lon="128.09259635392">
    <tag k="local_x" v="2.9739" />
    <tag k="local_y" v="14.9930" />
    <tag k="ele" v="-2.4568" />
  </node>
  <node id="1231" lat="36.84374761212" lon="128.09257668134">
    <tag k="local_x" v="1.2604" />
    <tag k="local_y" v="19.2826" />
    <tag k="ele" v="-2.1648" />
  </node>
  <node id="1234" lat="36.84369552969" lon="128.09260270754">
    <tag k="local_x" v="3.5261" />
    <tag k="local_y" v="13.4828" />
    <tag k="ele" v="-2.179" />
  </node>
  <node id="1237" lat="36.84372068772" lon="128.09267652940">
    <tag k="local_x" v="10.1346" />
    <tag k="local_y" v="16.2112" />
    <tag k="ele" v="-2.4544" />
  </node>
  <node id="1238" lat="36.84368279495" lon="128.09269649396">
    <tag k="local_x" v="11.8747" />
    <tag k="local_y" v="11.9907" />
    <tag k="ele" v="-2.7177" />
  </node>
  <node id="1239" lat="36.84367577342" lon="128.09267541786">
    <tag k="local_x" v="9.9882" />
    <tag k="local_y" v="11.2296" />
    <tag k="ele" v="-2.5773" />
  </node>
  <node id="1241" lat="36.84366092673" lon="128.09263067247">
    <tag k="local_x" v="5.9830" />
    <tag k="local_y" v="9.6205" />
    <tag k="ele" v="-2.4304" />
  </node>
  <node id="1242" lat="36.84365719524" lon="128.09262172925">
    <tag k="local_x" v="5.1817" />
    <tag k="local_y" v="9.2141" />
    <tag k="ele" v="-2.4568" />
  </node>
  <node id="1243" lat="36.84369570124" lon="128.09260206107">
    <tag k="local_x" v="3.4686" />
    <tag k="local_y" v="13.5024" />
    <tag k="ele" v="-2.1648" />
  </node>
  <node id="1246" lat="36.84363915698" lon="128.09262715313">
    <tag k="local_x" v="5.6463" />
    <tag k="local_y" v="7.2085" />
    <tag k="ele" v="-2.179" />
  </node>
  <node id="1247" lat="36.84366432065" lon="128.09270099162">
    <tag k="local_x" v="12.2563" />
    <tag k="local_y" v="9.9374" />
    <tag k="ele" v="-2.4544" />
  </node>
  <node id="1248" lat="36.84362641499" lon="128.09272094857">
    <tag k="local_x" v="13.9958" />
    <tag k="local_y" v="5.7155" />
    <tag k="ele" v="-2.7177" />
  </node>
  <node id="1249" lat="36.84361940674" lon="128.09269986295">
    <tag k="local_x" v="12.1084" />
    <tag k="local_y" v="4.9559" />
    <tag k="ele" v="-2.5773" />
  </node>
  <node id="1250" lat="36.84360455165" lon="128.09265511068">
    <tag k="local_x" v="8.1025" />
    <tag k="local_y" v="3.3459" />
    <tag k="ele" v="-2.4304" />
  </node>
  <node id="1251" lat="36.84360081539" lon="128.09264617737">
    <tag k="local_x" v="7.3021" />
    <tag k="local_y" v="2.9389" />
    <tag k="ele" v="-2.4568" />
  </node>
  <node id="1252" lat="36.84363932460" lon="128.09262650043">
    <tag k="local_x" v="5.5883" />
    <tag k="local_y" v="7.2276" />
    <tag k="ele" v="-2.1648" />
  </node>
  <node id="1255" lat="36.84358019985" lon="128.09265864731">
    <tag k="local_x" v="8.3922" />
    <tag k="local_y" v="0.6414" />
    <tag k="ele" v="-2.179" />
  </node>
  <node id="1256" lat="36.84360534803" lon="128.09273247483">
    <tag k="local_x" v="15.0013" />
    <tag k="local_y" v="3.3687" />
    <tag k="ele" v="-2.4544" />
  </node>
  <node id="1257" lat="36.84356744420" lon="128.09275244469">
    <tag k="local_x" v="16.7419" />
    <tag k="local_y" v="-0.8530" />
    <tag k="ele" v="-2.7177" />
  </node>
  <node id="1258" lat="36.84356044072" lon="128.09273134916">
    <tag k="local_x" v="14.8536" />
    <tag k="local_y" v="-1.6121" />
    <tag k="ele" v="-2.5773" />
  </node>
  <node id="1259" lat="36.84354557775" lon="128.09268660908">
    <tag k="local_x" v="10.8488" />
    <tag k="local_y" v="-3.2230" />
    <tag k="ele" v="-2.4304" />
  </node>
  <node id="1260" lat="36.84354184020" lon="128.09267765728">
    <tag k="local_x" v="10.0468" />
    <tag k="local_y" v="-3.6301" />
    <tag k="ele" v="-2.4568" />
  </node>
  <node id="1261" lat="36.84358036375" lon="128.09265798433">
    <tag k="local_x" v="8.3333" />
    <tag k="local_y" v="0.6602" />
    <tag k="ele" v="-2.1648" />
  </node>
  <node id="1264" lat="36.84353021549" lon="128.09268473981">
    <tag k="local_x" v="10.6660" />
    <tag k="local_y" v="-4.9257" />
    <tag k="ele" v="-2.179" />
  </node>
  <node id="1265" lat="36.84355538501" lon="128.09275856621">
    <tag k="local_x" v="17.2750" />
    <tag k="local_y" v="-2.1960" />
    <tag k="ele" v="-2.4544" />
  </node>
  <node id="1266" lat="36.84351747974" lon="128.09277853967">
    <tag k="local_x" v="19.0159" />
    <tag k="local_y" v="-6.4179" />
    <tag k="ele" v="-2.7177" />
  </node>
  <node id="1267" lat="36.84351045581" lon="128.09275744720">
    <tag k="local_x" v="17.1279" />
    <tag k="local_y" v="-7.1792" />
    <tag k="ele" v="-2.5773" />
  </node>
  <node id="1268" lat="36.84349559597" lon="128.09271270488">
    <tag k="local_x" v="13.1229" />
    <tag k="local_y" v="-8.7898" />
    <tag k="ele" v="-2.4304" />
  </node>
  <node id="1269" lat="36.84349186527" lon="128.09270376111">
    <tag k="local_x" v="12.3216" />
    <tag k="local_y" v="-9.1961" />
    <tag k="ele" v="-2.4568" />
  </node>
  <node id="1270" lat="36.84353039540" lon="128.09268408218">
    <tag k="local_x" v="10.6076" />
    <tag k="local_y" v="-4.9051" />
    <tag k="ele" v="-2.1648" />
  </node>
  <node id="1273" lat="36.84348132174" lon="128.09271629391">
    <tag k="local_x" v="13.4279" />
    <tag k="local_y" v="-10.3764" />
    <tag k="ele" v="-2.179" />
  </node>
  <node id="1274" lat="36.84350649743" lon="128.09279013137">
    <tag k="local_x" v="20.0379" />
    <tag k="local_y" v="-7.6460" />
    <tag k="ele" v="-2.4544" />
  </node>
  <node id="1275" lat="36.84346858604" lon="128.09281008715">
    <tag k="local_x" v="21.7772" />
    <tag k="local_y" v="-11.8686" />
    <tag k="ele" v="-2.7177" />
  </node>
  <node id="1276" lat="36.84346157973" lon="128.09278900796">
    <tag k="local_x" v="19.8904" />
    <tag k="local_y" v="-12.6280" />
    <tag k="ele" v="-2.5773" />
  </node>
  <node id="1277" lat="36.84344671419" lon="128.09274426458">
    <tag k="local_x" v="15.8853" />
    <tag k="local_y" v="-14.2392" />
    <tag k="ele" v="-2.4304" />
  </node>
  <node id="1278" lat="36.84344299553" lon="128.09273531088">
    <tag k="local_x" v="15.0831" />
    <tag k="local_y" v="-14.6442" />
    <tag k="ele" v="-2.4568" />
  </node>
  <node id="1279" lat="36.84348150225" lon="128.09271564878">
    <tag k="local_x" v="13.3706" />
    <tag k="local_y" v="-10.3558" />
    <tag k="ele" v="-2.1648" />
  </node>
  <node id="1282" lat="36.84378612735" lon="128.09276172220">
    <tag k="local_x" v="17.7994" />
    <tag k="local_y" v="23.3986" />
    <tag k="ele" v="-2.179" />
  </node>
  <node id="1283" lat="36.84377637533" lon="128.09273208334">
    <tag k="local_x" v="15.1465" />
    <tag k="local_y" v="22.3418" />
    <tag k="ele" v="-2.2503" />
  </node>
  <node id="1284" lat="36.84376779450" lon="128.09269861791">
    <tag k="local_x" v="12.1537" />
    <tag k="local_y" v="21.4183" />
    <tag k="ele" v="-2.3708" />
  </node>
  <node id="1285" lat="36.84376816135" lon="128.09268470642">
    <tag k="local_x" v="10.9137" />
    <tag k="local_y" v="21.4707" />
    <tag k="ele" v="-2.4544" />
  </node>
  <node id="1286" lat="36.84380769627" lon="128.09267044319">
    <tag k="local_x" v="9.6836" />
    <tag k="local_y" v="25.8686" />
    <tag k="ele" v="-2.7177" />
  </node>
  <node id="1287" lat="36.84381266956" lon="128.09269241951">
    <tag k="local_x" v="11.6483" />
    <tag k="local_y" v="26.4017" />
    <tag k="ele" v="-2.5773" />
  </node>
  <node id="1288" lat="36.84381598241" lon="128.09271089379">
    <tag k="local_x" v="13.2990" />
    <tag k="local_y" v="26.7535" />
    <tag k="ele" v="-2.4675" />
  </node>
  <node id="1289" lat="36.84382315733" lon="128.09273905932">
    <tag k="local_x" v="15.8178" />
    <tag k="local_y" v="27.5256" />
    <tag k="ele" v="-2.4304" />
  </node>
  <node id="1290" lat="36.84382603404" lon="128.09274848447">
    <tag k="local_x" v="16.6612" />
    <tag k="local_y" v="27.8368" />
    <tag k="ele" v="-2.4568" />
  </node>
  <node id="1291" lat="36.84378587528" lon="128.09276230734">
    <tag k="local_x" v="17.8513" />
    <tag k="local_y" v="23.3701" />
    <tag k="ele" v="-2.1648" />
  </node>
  <node id="1294" lat="36.84373025983" lon="128.09278364714">
    <tag k="local_x" v="19.6954" />
    <tag k="local_y" v="17.1824" />
    <tag k="ele" v="-2.179" />
  </node>
  <node id="1295" lat="36.84372051816" lon="128.09275405526">
    <tag k="local_x" v="17.0467" />
    <tag k="local_y" v="16.1267" />
    <tag k="ele" v="-2.2503" />
  </node>
  <node id="1296" lat="36.84371191194" lon="128.09272055758">
    <tag k="local_x" v="14.0510" />
    <tag k="local_y" v="15.2004" />
    <tag k="ele" v="-2.3708" />
  </node>
  <node id="1297" lat="36.84371229180" lon="128.09270665619">
    <tag k="local_x" v="12.8119" />
    <tag k="local_y" v="15.2543" />
    <tag k="ele" v="-2.4544" />
  </node>
  <node id="1298" lat="36.84375183835" lon="128.09269239109">
    <tag k="local_x" v="11.5817" />
    <tag k="local_y" v="19.6534" />
    <tag k="ele" v="-2.7177" />
  </node>
  <node id="1299" lat="36.84375678876" lon="128.09271437866">
    <tag k="local_x" v="13.5473" />
    <tag k="local_y" v="20.1840" />
    <tag k="ele" v="-2.5773" />
  </node>
  <node id="1300" lat="36.84376012116" lon="128.09273284795">
    <tag k="local_x" v="15.1976" />
    <tag k="local_y" v="20.5380" />
    <tag k="ele" v="-2.4675" />
  </node>
  <node id="1301" lat="36.84376728802" lon="128.09276101406">
    <tag k="local_x" v="17.7164" />
    <tag k="local_y" v="21.3092" />
    <tag k="ele" v="-2.4304" />
  </node>
  <node id="1302" lat="36.84377015838" lon="128.09277041657">
    <tag k="local_x" v="18.5578" />
    <tag k="local_y" v="21.6197" />
    <tag k="ele" v="-2.4568" />
  </node>
  <node id="1303" lat="36.84373000768" lon="128.09278427248">
    <tag k="local_x" v="19.7509" />
    <tag k="local_y" v="17.1539" />
    <tag k="ele" v="-2.1648" />
  </node>
  <node id="1306" lat="36.84368337764" lon="128.09280712008">
    <tag k="local_x" v="21.7389" />
    <tag k="local_y" v="11.9617" />
    <tag k="ele" v="-2.179" />
  </node>
  <node id="1307" lat="36.84367199527" lon="128.09277842056">
    <tag k="local_x" v="19.1680" />
    <tag k="local_y" v="10.7233" />
    <tag k="ele" v="-2.2503" />
  </node>
  <node id="1308" lat="36.84366154519" lon="128.09274578119">
    <tag k="local_x" v="16.2469" />
    <tag k="local_y" v="9.5916" />
    <tag k="ele" v="-2.3708" />
  </node>
  <node id="1309" lat="36.84366113848" lon="128.09273185814">
    <tag k="local_x" v="15.0050" />
    <tag k="local_y" v="9.5583" />
    <tag k="ele" v="-2.4544" />
  </node>
  <node id="1310" lat="36.84369979755" lon="128.09271421572">
    <tag k="local_x" v="13.4727" />
    <tag k="local_y" v="13.8619" />
    <tag k="ele" v="-2.7177" />
  </node>
  <node id="1311" lat="36.84370598868" lon="128.09273570962">
    <tag k="local_x" v="15.3957" />
    <tag k="local_y" v="14.5305" />
    <tag k="ele" v="-2.5773" />
  </node>
  <node id="1312" lat="36.84371032856" lon="128.09275384889">
    <tag k="local_x" v="17.0176" />
    <tag k="local_y" v="14.9965" />
    <tag k="ele" v="-2.4675" />
  </node>
  <node id="1313" lat="36.84371905241" lon="128.09278132134">
    <tag k="local_x" v="19.4762" />
    <tag k="local_y" v="15.9411" />
    <tag k="ele" v="-2.4304" />
  </node>
  <node id="1314" lat="36.84372243500" lon="128.09279047505">
    <tag k="local_x" v="20.2960" />
    <tag k="local_y" v="16.3086" />
    <tag k="ele" v="-2.4568" />
  </node>
  <node id="1315" lat="36.84368316572" lon="128.09280776704">
    <tag k="local_x" v="21.7964" />
    <tag k="local_y" v="11.9376" />
    <tag k="ele" v="-2.1648" />
  </node>
  <node id="1318" lat="36.84362810031" lon="128.09283543588">
    <tag k="local_x" v="24.2053" />
    <tag k="local_y" v="5.8055" />
    <tag k="ele" v="-2.179" />
  </node>
  <node id="1319" lat="36.84361672017" lon="128.09280673220">
    <tag k="local_x" v="21.6341" />
    <tag k="local_y" v="4.5674" />
    <tag k="ele" v="-2.2503" />
  </node>
  <node id="1320" lat="36.84360627584" lon="128.09277410296">
    <tag k="local_x" v="18.7138" />
    <tag k="local_y" v="3.4364" />
    <tag k="ele" v="-2.3708" />
  </node>
  <node id="1321" lat="36.84360586720" lon="128.09276017354">
    <tag k="local_x" v="17.4715" />
    <tag k="local_y" v="3.4028" />
    <tag k="ele" v="-2.4544" />
  </node>
  <node id="1322" lat="36.84364452073" lon="128.09274254160">
    <tag k="local_x" v="15.9401" />
    <tag k="local_y" v="7.7058" />
    <tag k="ele" v="-2.7177" />
  </node>
  <node id="1323" lat="36.84365071103" lon="128.09276402701">
    <tag k="local_x" v="17.8623" />
    <tag k="local_y" v="8.3743" />
    <tag k="ele" v="-2.5773" />
  </node>
  <node id="1324" lat="36.84365504662" lon="128.09278215252">
    <tag k="local_x" v="19.4829" />
    <tag k="local_y" v="8.8399" />
    <tag k="ele" v="-2.4675" />
  </node>
  <node id="1325" lat="36.84366376995" lon="128.09280963958">
    <tag k="local_x" v="21.9429" />
    <tag k="local_y" v="9.7844" />
    <tag k="ele" v="-2.4304" />
  </node>
  <node id="1326" lat="36.84366715506" lon="128.09281877851">
    <tag k="local_x" v="22.7613" />
    <tag k="local_y" v="10.1522" />
    <tag k="ele" v="-2.4568" />
  </node>
  <node id="1327" lat="36.84362789382" lon="128.09283606988">
    <tag k="local_x" v="24.2617" />
    <tag k="local_y" v="5.7821" />
    <tag k="ele" v="-2.1648" />
  </node>
  <node id="1330" lat="36.84358412734" lon="128.09286160700">
    <tag k="local_x" v="26.4925" />
    <tag k="local_y" v="0.9053" />
    <tag k="ele" v="-2.179" />
  </node>
  <node id="1331" lat="36.84357274525" lon="128.09283292157">
    <tag k="local_x" v="23.9229" />
    <tag k="local_y" v="-0.3331" />
    <tag k="ele" v="-2.2503" />
  </node>
  <node id="1332" lat="36.84356230084" lon="128.09280026523">
    <tag k="local_x" v="21.0002" />
    <tag k="local_y" v="-1.4641" />
    <tag k="ele" v="-2.3708" />
  </node>
  <node id="1333" lat="36.84356190389" lon="128.09278635202">
    <tag k="local_x" v="19.7592" />
    <tag k="local_y" v="-1.4964" />
    <tag k="ele" v="-2.4544" />
  </node>
  <node id="1334" lat="36.84360055524" lon="128.09276870871">
    <tag k="local_x" v="18.2269" />
    <tag k="local_y" v="2.8063" />
    <tag k="ele" v="-2.7177" />
  </node>
  <node id="1335" lat="36.84360673071" lon="128.09279020477">
    <tag k="local_x" v="20.1500" />
    <tag k="local_y" v="3.4732" />
    <tag k="ele" v="-2.5773" />
  </node>
  <node id="1336" lat="36.84361107116" lon="128.09280834750">
    <tag k="local_x" v="21.7722" />
    <tag k="local_y" v="3.9394" />
    <tag k="ele" v="-2.4675" />
  </node>
  <node id="1337" lat="36.84361980659" lon="128.09283580901">
    <tag k="local_x" v="24.2299" />
    <tag k="local_y" v="4.8852" />
    <tag k="ele" v="-2.4304" />
  </node>
  <node id="1338" lat="36.84362319461" lon="128.09284494973">
    <tag k="local_x" v="25.0484" />
    <tag k="local_y" v="5.2533" />
    <tag k="ele" v="-2.4568" />
  </node>
  <node id="1339" lat="36.84358392313" lon="128.09286225490">
    <tag k="local_x" v="26.5500" />
    <tag k="local_y" v="0.8821" />
    <tag k="ele" v="-2.1648" />
  </node>
  <node id="1342" lat="36.84353846428" lon="128.09288706110">
    <tag k="local_x" v="28.7139" />
    <tag k="local_y" v="-4.1819" />
    <tag k="ele" v="-2.179" />
  </node>
  <node id="1343" lat="36.84352707307" lon="128.09285835376">
    <tag k="local_x" v="26.1423" />
    <tag k="local_y" v="-5.4212" />
    <tag k="ele" v="-2.2503" />
  </node>
  <node id="1344" lat="36.84351663461" lon="128.09282570352">
    <tag k="local_x" v="23.2202" />
    <tag k="local_y" v="-6.5516" />
    <tag k="ele" v="-2.3708" />
  </node>
  <node id="1345" lat="36.84351623261" lon="128.09281178618">
    <tag k="local_x" v="21.9789" />
    <tag k="local_y" v="-6.5844" />
    <tag k="ele" v="-2.4544" />
  </node>
  <node id="1346" lat="36.84355489030" lon="128.09279415649">
    <tag k="local_x" v="20.4477" />
    <tag k="local_y" v="-2.2810" />
    <tag k="ele" v="-2.7177" />
  </node>
  <node id="1347" lat="36.84356106519" lon="128.09281564906">
    <tag k="local_x" v="22.3705" />
    <tag k="local_y" v="-1.6142" />
    <tag k="ele" v="-2.5773" />
  </node>
  <node id="1348" lat="36.84356539278" lon="128.09283379323">
    <tag k="local_x" v="23.9928" />
    <tag k="local_y" v="-1.1495" />
    <tag k="ele" v="-2.4675" />
  </node>
  <node id="1349" lat="36.84357413078" lon="128.09286125806">
    <tag k="local_x" v="26.4508" />
    <tag k="local_y" v="-0.2034" />
    <tag k="ele" v="-2.4304" />
  </node>
  <node id="1350" lat="36.84357752648" lon="128.09287039067">
    <tag k="local_x" v="27.2687" />
    <tag k="local_y" v="0.1656" />
    <tag k="ele" v="-2.4568" />
  </node>
  <node id="1351" lat="36.84353825413" lon="128.09288770292">
    <tag k="local_x" v="28.7709" />
    <tag k="local_y" v="-4.2057" />
    <tag k="ele" v="-2.1648" />
  </node>
  <node id="1354" lat="36.84404334494" lon="128.09258540310">
    <tag k="local_x" v="2.3496" />
    <tag k="local_y" v="52.0821" />
    <tag k="ele" v="-1.9407" />
  </node>
  <node id="1355" lat="36.84404034860" lon="128.09255605158">
    <tag k="local_x" v="-0.2705" />
    <tag k="local_y" v="51.7746" />
    <tag k="ele" v="-1.8215" />
  </node>
  <node id="1357" lat="36.84403769970" lon="128.09252914693">
    <tag k="local_x" v="-2.6721" />
    <tag k="local_y" v="51.5035" />
    <tag k="ele" v="-1.7509" />
  </node>
  <node id="1358" lat="36.84403416203" lon="128.09250053785">
    <tag k="local_x" v="-5.2267" />
    <tag k="local_y" v="51.1353" />
    <tag k="ele" v="-1.6659" />
  </node>
  <node id="1359" lat="36.84403122136" lon="128.09247296858">
    <tag k="local_x" v="-7.6879" />
    <tag k="local_y" v="50.8324" />
    <tag k="ele" v="-1.5762" />
  </node>
  <node id="1360" lat="36.84402798370" lon="128.09244467628">
    <tag k="local_x" v="-10.2138" />
    <tag k="local_y" v="50.4972" />
    <tag k="ele" v="-1.4917" />
  </node>
  <node id="1361" lat="36.84402532191" lon="128.09241742989">
    <tag k="local_x" v="-12.6459" />
    <tag k="local_y" v="50.2250" />
    <tag k="ele" v="-1.3794" />
  </node>
  <node id="1362" lat="36.84402236292" lon="128.09238912132">
    <tag k="local_x" v="-15.1731" />
    <tag k="local_y" v="49.9207" />
    <tag k="ele" v="-1.2801" />
  </node>
  <node id="1363" lat="36.84401943340" lon="128.09236223562">
    <tag k="local_x" v="-17.5733" />
    <tag k="local_y" v="49.6185" />
    <tag k="ele" v="-1.1846" />
  </node>
  <node id="1364" lat="36.84401621148" lon="128.09233466375">
    <tag k="local_x" v="-20.0350" />
    <tag k="local_y" v="49.2844" />
    <tag k="ele" v="-1.1065" />
  </node>
  <node id="1365" lat="36.84401328225" lon="128.09230742428">
    <tag k="local_x" v="-22.4668" />
    <tag k="local_y" v="48.9825" />
    <tag k="ele" v="-1.0184" />
  </node>
  <node id="1366" lat="36.84404776491" lon="128.09230013146">
    <tag k="local_x" v="-23.0807" />
    <tag k="local_y" v="52.8140" />
    <tag k="ele" v="-0.8675" />
  </node>
  <node id="1367" lat="36.84405273841" lon="128.09233010515">
    <tag k="local_x" v="-20.4030" />
    <tag k="local_y" v="53.3404" />
    <tag k="ele" v="-0.9634" />
  </node>
  <node id="1368" lat="36.84405537366" lon="128.09235665052">
    <tag k="local_x" v="-18.0334" />
    <tag k="local_y" v="53.6102" />
    <tag k="ele" v="-1.03" />
  </node>
  <node id="1369" lat="36.84405916281" lon="128.09238419310">
    <tag k="local_x" v="-15.5737" />
    <tag k="local_y" v="54.0073" />
    <tag k="ele" v="-1.108" />
  </node>
  <node id="1370" lat="36.84406067462" lon="128.09241079173">
    <tag k="local_x" v="-13.2006" />
    <tag k="local_y" v="54.1524" />
    <tag k="ele" v="-1.1521" />
  </node>
  <node id="1371" lat="36.84406390223" lon="128.09243836470">
    <tag k="local_x" v="-10.7387" />
    <tag k="local_y" v="54.4871" />
    <tag k="ele" v="-1.258" />
  </node>
  <node id="1372" lat="36.84406742259" lon="128.09246628818">
    <tag k="local_x" v="-8.2453" />
    <tag k="local_y" v="54.8540" />
    <tag k="ele" v="-1.3438" />
  </node>
  <node id="1373" lat="36.84407096361" lon="128.09249526787">
    <tag k="local_x" v="-5.6578" />
    <tag k="local_y" v="55.2223" />
    <tag k="ele" v="-1.4182" />
  </node>
  <node id="1374" lat="36.84407302914" lon="128.09252113069">
    <tag k="local_x" v="-3.3496" />
    <tag k="local_y" v="55.4295" />
    <tag k="ele" v="-1.4134" />
  </node>
  <node id="1375" lat="36.84407685659" lon="128.09255079048">
    <tag k="local_x" v="-0.7011" />
    <tag k="local_y" v="55.8290" />
    <tag k="ele" v="-1.5491" />
  </node>
  <node id="1376" lat="36.84407852864" lon="128.09258402677">
    <tag k="local_x" v="2.2640" />
    <tag k="local_y" v="55.9863" />
    <tag k="ele" v="-1.5932" />
  </node>
  <node id="1377" lat="36.84404332511" lon="128.09258470761">
    <tag k="local_x" v="2.2876" />
    <tag k="local_y" v="52.0805" />
    <tag k="ele" v="-1.9355" />
  </node>
  <node id="1407" lat="36.84335837206" lon="128.09284664697">
    <tag k="local_x" v="24.9208" />
    <tag k="local_y" v="-24.1261" />
    <tag k="ele" v="-3.9742" />
  </node>
  <node id="1408" lat="36.84327435274" lon="128.09291126673">
    <tag k="local_x" v="30.5939" />
    <tag k="local_y" v="-33.5014" />
    <tag k="ele" v="-4.7887" />
  </node>
  <node id="1410" lat="36.84336907862" lon="128.09288319710">
    <tag k="local_x" v="28.1910" />
    <tag k="local_y" v="-22.9693" />
    <tag k="ele" v="-3.9742" />
  </node>
  <node id="1411" lat="36.84329319533" lon="128.09294168884">
    <tag k="local_x" v="33.3263" />
    <tag k="local_y" v="-31.4368" />
    <tag k="ele" v="-4.7887" />
  </node>
  <node id="1585" lat="36.84348863937" lon="128.09268049212">
    <tag k="local_x" v="10.2435" />
    <tag k="local_y" v="-9.5343" />
    <tag k="ele" v="-1.8194" />
  </node>
  <node id="1586" lat="36.84347301910" lon="128.09269173472">
    <tag k="local_x" v="11.2294" />
    <tag k="local_y" v="-11.2766" />
    <tag k="ele" v="-2.0997" />
  </node>
  <node id="1587" lat="36.84350413808" lon="128.09266934199">
    <tag k="local_x" v="9.2656" />
    <tag k="local_y" v="-7.8055" />
    <tag k="ele" v="-1.5391" />
  </node>
  <node id="1588" lat="36.84352002355" lon="128.09265793736">
    <tag k="local_x" v="8.2655" />
    <tag k="local_y" v="-6.0336" />
    <tag k="ele" v="-1.399" />
  </node>
  <node id="1589" lat="36.84353532043" lon="128.09264693998">
    <tag k="local_x" v="7.3011" />
    <tag k="local_y" v="-4.3273" />
    <tag k="ele" v="-1.3289" />
  </node>
  <node id="1590" lat="36.84355197027" lon="128.09263497977">
    <tag k="local_x" v="6.2522" />
    <tag k="local_y" v="-2.4702" />
    <tag k="ele" v="-1.2939" />
  </node>
  <node id="1598" lat="36.84345805395" lon="128.09270247565">
    <tag k="local_x" v="12.1713" />
    <tag k="local_y" v="-12.9459" />
    <tag k="ele" v="-2.2398" />
  </node>
  <node id="1605" lat="36.84342180956" lon="128.09264859499">
    <tag k="local_x" v="7.3291" />
    <tag k="local_y" v="-16.9210" />
    <tag k="ele" v="-2.3656" />
  </node>
  <node id="1606" lat="36.84361673379" lon="128.09249681900">
    <tag k="local_x" v="-5.9981" />
    <tag k="local_y" v="4.8313" />
    <tag k="ele" v="-0.824" />
  </node>
  <node id="1609" lat="36.84385306293" lon="128.09235483661">
    <tag k="local_x" v="-18.4083" />
    <tag k="local_y" v="31.1686" />
    <tag k="ele" v="-1.074" />
  </node>
  <node id="1610" lat="36.84388247444" lon="128.09244590684">
    <tag k="local_x" v="-10.2574" />
    <tag k="local_y" v="34.3542" />
    <tag k="ele" v="-1.0045" />
  </node>
  <node id="1611" lat="36.84366144378" lon="128.09254600180">
    <tag k="local_x" v="-1.5658" />
    <tag k="local_y" v="9.7495" />
    <tag k="ele" v="-0.8886" />
  </node>
  <node id="1612" lat="36.84357956225" lon="128.09261967031">
    <tag k="local_x" v="4.9163" />
    <tag k="local_y" v="0.6037" />
    <tag k="ele" v="-1.2866" />
  </node>
  <node id="1613" lat="36.84345385648" lon="128.09271248834">
    <tag k="local_x" v="13.0597" />
    <tag k="local_y" v="-13.4200" />
    <tag k="ele" v="-2.3525" />
  </node>
  <node id="1614" lat="36.84342166786" lon="128.09264858798">
    <tag k="local_x" v="7.3283" />
    <tag k="local_y" v="-16.9367" />
    <tag k="ele" v="-2.3656" />
  </node>
  <node id="1625" lat="36.84346570105" lon="128.09269697859">
    <tag k="local_x" v="11.6893" />
    <tag k="local_y" v="-12.0929" />
    <tag k="ele" v="-2.1697" />
  </node>
  <node id="1627" lat="36.84348078442" lon="128.09268615144">
    <tag k="local_x" v="10.7398" />
    <tag k="local_y" v="-10.4104" />
    <tag k="ele" v="-1.9595" />
  </node>
  <node id="1628" lat="36.84349663294" lon="128.09267473449">
    <tag k="local_x" v="9.7385" />
    <tag k="local_y" v="-8.6426" />
    <tag k="ele" v="-1.6792" />
  </node>
  <node id="1629" lat="36.84351236990" lon="128.09266344949">
    <tag k="local_x" v="8.7489" />
    <tag k="local_y" v="-6.8873" />
    <tag k="ele" v="-1.469" />
  </node>
  <node id="1630" lat="36.84352787057" lon="128.09265231479">
    <tag k="local_x" v="7.7725" />
    <tag k="local_y" v="-5.1583" />
    <tag k="ele" v="-1.3639" />
  </node>
  <node id="1632" lat="36.84354352041" lon="128.09264105739">
    <tag k="local_x" v="6.7852" />
    <tag k="local_y" v="-3.4127" />
    <tag k="ele" v="-1.3114" />
  </node>
  <node id="1633" lat="36.84355945860" lon="128.09262960711">
    <tag k="local_x" v="5.7811" />
    <tag k="local_y" v="-1.6349" />
    <tag k="ele" v="-1.2851" />
  </node>
  <node id="1672" lat="36.84344596849" lon="128.09267849948">
    <tag k="local_x" v="10.0208" />
    <tag k="local_y" v="-14.2662" />
    <tag k="ele" v="-2.2398" />
  </node>
  <node id="1673" lat="36.84345360910" lon="128.09267300188">
    <tag k="local_x" v="9.5387" />
    <tag k="local_y" v="-13.4140" />
    <tag k="ele" v="-2.1697" />
  </node>
  <node id="1674" lat="36.84346092588" lon="128.09266774857">
    <tag k="local_x" v="9.0780" />
    <tag k="local_y" v="-12.5979" />
    <tag k="ele" v="-2.0997" />
  </node>
  <node id="1675" lat="36.84346868091" lon="128.09266219469">
    <tag k="local_x" v="8.5910" />
    <tag k="local_y" v="-11.7329" />
    <tag k="ele" v="-1.9595" />
  </node>
  <node id="1676" lat="36.84347655495" lon="128.09265652942">
    <tag k="local_x" v="8.0942" />
    <tag k="local_y" v="-10.8546" />
    <tag k="ele" v="-1.8194" />
  </node>
  <node id="1677" lat="36.84348455222" lon="128.09265077303">
    <tag k="local_x" v="7.5894" />
    <tag k="local_y" v="-9.9625" />
    <tag k="ele" v="-1.6792" />
  </node>
  <node id="1678" lat="36.84349204604" lon="128.09264537182">
    <tag k="local_x" v="7.1157" />
    <tag k="local_y" v="-9.1266" />
    <tag k="ele" v="-1.5391" />
  </node>
  <node id="1679" lat="36.84350027581" lon="128.09263947044">
    <tag k="local_x" v="6.5982" />
    <tag k="local_y" v="-8.2087" />
    <tag k="ele" v="-1.469" />
  </node>
  <node id="1680" lat="36.84350793318" lon="128.09263396857">
    <tag k="local_x" v="6.1157" />
    <tag k="local_y" v="-7.3545" />
    <tag k="ele" v="-1.399" />
  </node>
  <node id="1681" lat="36.84351577359" lon="128.09262834298">
    <tag k="local_x" v="5.6224" />
    <tag k="local_y" v="-6.4800" />
    <tag k="ele" v="-1.3639" />
  </node>
  <node id="1682" lat="36.84352322204" lon="128.09262298082">
    <tag k="local_x" v="5.1521" />
    <tag k="local_y" v="-5.6492" />
    <tag k="ele" v="-1.3289" />
  </node>
  <node id="1683" lat="36.84353141055" lon="128.09261707799">
    <tag k="local_x" v="4.6344" />
    <tag k="local_y" v="-4.7358" />
    <tag k="ele" v="-1.3114" />
  </node>
  <node id="1684" lat="36.84353986771" lon="128.09261100937">
    <tag k="local_x" v="4.1023" />
    <tag k="local_y" v="-3.7925" />
    <tag k="ele" v="-1.2939" />
  </node>
  <node id="1685" lat="36.84354736252" lon="128.09260563722">
    <tag k="local_x" v="3.6312" />
    <tag k="local_y" v="-2.9565" />
    <tag k="ele" v="-1.2851" />
  </node>
  <node id="1719" lat="36.84327980368" lon="128.09290707788">
    <tag k="local_x" v="30.2262" />
    <tag k="local_y" v="-32.8931" />
    <tag k="ele" v="-4.3814" />
  </node>
  <node id="1720" lat="36.84328480517" lon="128.09290320801">
    <tag k="local_x" v="29.8864" />
    <tag k="local_y" v="-32.3350" />
    <tag k="ele" v="-4.1778" />
  </node>
  <node id="1721" lat="36.84328820082" lon="128.09290060174">
    <tag k="local_x" v="29.6576" />
    <tag k="local_y" v="-31.9561" />
    <tag k="ele" v="-4.076" />
  </node>
  <node id="1722" lat="36.84329316117" lon="128.09289680027">
    <tag k="local_x" v="29.3239" />
    <tag k="local_y" v="-31.4026" />
    <tag k="ele" v="-4.0251" />
  </node>
  <node id="1723" lat="36.84329567987" lon="128.09289485244">
    <tag k="local_x" v="29.1529" />
    <tag k="local_y" v="-31.1216" />
    <tag k="ele" v="-3.9996" />
  </node>
  <node id="1724" lat="36.84330069052" lon="128.09289101354">
    <tag k="local_x" v="28.8159" />
    <tag k="local_y" v="-30.5625" />
    <tag k="ele" v="-3.9869" />
  </node>
  <node id="1725" lat="36.84330341883" lon="128.09288889830">
    <tag k="local_x" v="28.6301" />
    <tag k="local_y" v="-30.2580" />
    <tag k="ele" v="-3.9805" />
  </node>
  <node id="1726" lat="36.84330816197" lon="128.09288526581">
    <tag k="local_x" v="28.3113" />
    <tag k="local_y" v="-29.7288" />
    <tag k="ele" v="-3.9774" />
  </node>
  <node id="1727" lat="36.84331125721" lon="128.09288288700">
    <tag k="local_x" v="28.1024" />
    <tag k="local_y" v="-29.3834" />
    <tag k="ele" v="-3.9758" />
  </node>
  <node id="1728" lat="36.84331612217" lon="128.09287914239">
    <tag k="local_x" v="27.7737" />
    <tag k="local_y" v="-28.8405" />
    <tag k="ele" v="-3.975" />
  </node>
  <node id="1729" lat="36.84331865026" lon="128.09287719687">
    <tag k="local_x" v="27.6029" />
    <tag k="local_y" v="-28.5584" />
    <tag k="ele" v="-3.9746" />
  </node>
  <node id="1730" lat="36.84332355885" lon="128.09287342740">
    <tag k="local_x" v="27.2720" />
    <tag k="local_y" v="-28.0107" />
    <tag k="ele" v="-3.9744" />
  </node>
  <node id="1731" lat="36.84332630016" lon="128.09287132224">
    <tag k="local_x" v="27.0871" />
    <tag k="local_y" v="-27.7048" />
    <tag k="ele" v="-3.9743" />
  </node>
  <node id="1732" lat="36.84333126024" lon="128.09286750672">
    <tag k="local_x" v="26.7522" />
    <tag k="local_y" v="-27.1513" />
    <tag k="ele" v="-3.9742" />
  </node>
  <node id="1733" lat="36.84333355527" lon="128.09286573638">
    <tag k="local_x" v="26.5967" />
    <tag k="local_y" v="-26.8952" />
    <tag k="ele" v="-3.9742" />
  </node>
  <node id="1734" lat="36.84333850499" lon="128.09286193218">
    <tag k="local_x" v="26.2628" />
    <tag k="local_y" v="-26.3429" />
    <tag k="ele" v="-3.9742" />
  </node>
  <node id="1736" lat="36.84334103654" lon="128.09285998288">
    <tag k="local_x" v="26.0916" />
    <tag k="local_y" v="-26.0604" />
    <tag k="ele" v="-3.9742" />
  </node>
  <node id="1737" lat="36.84334590699" lon="128.09285624339">
    <tag k="local_x" v="25.7633" />
    <tag k="local_y" v="-25.5170" />
    <tag k="ele" v="-3.9742" />
  </node>
  <node id="1738" lat="36.84334865200" lon="128.09285413947">
    <tag k="local_x" v="25.5786" />
    <tag k="local_y" v="-25.2107" />
    <tag k="ele" v="-3.9742" />
  </node>
  <node id="1739" lat="36.84335350924" lon="128.09285039393">
    <tag k="local_x" v="25.2498" />
    <tag k="local_y" v="-24.6687" />
    <tag k="ele" v="-3.9742" />
  </node>
  <node id="1740" lat="36.84336440157" lon="128.09288680155">
    <tag k="local_x" v="28.5074" />
    <tag k="local_y" v="-23.4912" />
    <tag k="ele" v="-4.3814" />
  </node>
  <node id="1741" lat="36.84336136069" lon="128.09288915170">
    <tag k="local_x" v="28.7138" />
    <tag k="local_y" v="-23.8305" />
    <tag k="ele" v="-4.5851" />
  </node>
  <node id="1742" lat="36.84335676356" lon="128.09289268836">
    <tag k="local_x" v="29.0243" />
    <tag k="local_y" v="-24.3435" />
    <tag k="ele" v="-4.6869" />
  </node>
  <node id="1743" lat="36.84335392424" lon="128.09289487169">
    <tag k="local_x" v="29.2159" />
    <tag k="local_y" v="-24.6603" />
    <tag k="ele" v="-4.7378" />
  </node>
  <node id="1744" lat="36.84334938555" lon="128.09289836379">
    <tag k="local_x" v="29.5225" />
    <tag k="local_y" v="-25.1667" />
    <tag k="ele" v="-4.7632" />
  </node>
  <node id="1745" lat="36.84334657731" lon="128.09290054682">
    <tag k="local_x" v="29.7142" />
    <tag k="local_y" v="-25.4801" />
    <tag k="ele" v="-4.7759" />
  </node>
  <node id="1746" lat="36.84334201598" lon="128.09290405518">
    <tag k="local_x" v="30.0222" />
    <tag k="local_y" v="-25.9891" />
    <tag k="ele" v="-4.7823" />
  </node>
  <node id="1747" lat="36.84333891798" lon="128.09290644375">
    <tag k="local_x" v="30.2319" />
    <tag k="local_y" v="-26.3348" />
    <tag k="ele" v="-4.7855" />
  </node>
  <node id="1748" lat="36.84333444088" lon="128.09290989810">
    <tag k="local_x" v="30.5352" />
    <tag k="local_y" v="-26.8344" />
    <tag k="ele" v="-4.7871" />
  </node>
  <node id="1749" lat="36.84333160081" lon="128.09291209103">
    <tag k="local_x" v="30.7277" />
    <tag k="local_y" v="-27.1513" />
    <tag k="ele" v="-4.7879" />
  </node>
  <node id="1750" lat="36.84332707134" lon="128.09291556486">
    <tag k="local_x" v="31.0327" />
    <tag k="local_y" v="-27.6567" />
    <tag k="ele" v="-4.7883" />
  </node>
  <node id="1751" lat="36.84332362365" lon="128.09291822274">
    <tag k="local_x" v="31.2660" />
    <tag k="local_y" v="-28.0414" />
    <tag k="ele" v="-4.7885" />
  </node>
  <node id="1753" lat="36.84331905906" lon="128.09292175548">
    <tag k="local_x" v="31.5762" />
    <tag k="local_y" v="-28.5508" />
    <tag k="ele" v="-4.7886" />
  </node>
  <node id="1754" lat="36.84331596769" lon="128.09292412245">
    <tag k="local_x" v="31.7840" />
    <tag k="local_y" v="-28.8957" />
    <tag k="ele" v="-4.7887" />
  </node>
  <node id="1755" lat="36.84331142859" lon="128.09292762262">
    <tag k="local_x" v="32.0913" />
    <tag k="local_y" v="-29.4022" />
    <tag k="ele" v="-4.7887" />
  </node>
  <node id="1757" lat="36.84330861022" lon="128.09292978830">
    <tag k="local_x" v="32.2814" />
    <tag k="local_y" v="-29.7167" />
    <tag k="ele" v="-4.7887" />
  </node>
  <node id="1758" lat="36.84330407652" lon="128.09293330013">
    <tag k="local_x" v="32.5898" />
    <tag k="local_y" v="-30.2226" />
    <tag k="ele" v="-4.7887" />
  </node>
  <node id="1761" lat="36.84329563936" lon="128.09293980889">
    <tag k="local_x" v="33.1612" />
    <tag k="local_y" v="-31.1641" />
    <tag k="ele" v="-4.7887" />
  </node>
  <node id="1764" lat="36.84330014679" lon="128.09293633019">
    <tag k="local_x" v="32.8558" />
    <tag k="local_y" v="-30.6611" />
    <tag k="ele" v="-4.7887" />
  </node>
  <node id="1843" lat="36.84378801221" lon="128.09248180858">
    <tag k="local_x" v="-7.1560" />
    <tag k="local_y" v="23.8447" />
    <tag k="ele" v="-0.9465" />
  </node>
  <node id="1844" lat="36.84379143995" lon="128.09249070062">
    <tag k="local_x" v="-6.3595" />
    <tag k="local_y" v="24.2174" />
    <tag k="ele" v="-0.9755" />
  </node>
  <node id="1845" lat="36.84363944455" lon="128.09257021652">
    <tag k="local_x" v="0.5700" />
    <tag k="local_y" v="7.2886" />
    <tag k="ele" v="-1.0876" />
  </node>
  <node id="1848" lat="36.84358047920" lon="128.09260971917">
    <tag k="local_x" v="4.0300" />
    <tag k="local_y" v="0.7138" />
    <tag k="ele" v="-1.2524" />
  </node>
  <node id="1851" lat="36.84356973908" lon="128.09258909316">
    <tag k="local_x" v="2.1797" />
    <tag k="local_y" v="-0.4601" />
    <tag k="ele" v="-1.2441" />
  </node>
  <node id="1855" lat="36.84357357207" lon="128.09261643182">
    <tag k="local_x" v="4.6213" />
    <tag k="local_y" v="-0.0581" />
    <tag k="ele" v="-1.2644" />
  </node>
  <node id="1856" lat="36.84356257898" lon="128.09259444635">
    <tag k="local_x" v="2.6494" />
    <tag k="local_y" v="-1.2590" />
    <tag k="ele" v="-1.2603" />
  </node>
  <node id="1866" lat="36.84355425298" lon="128.09260067201">
    <tag k="local_x" v="3.1957" />
    <tag k="local_y" v="-2.1879" />
    <tag k="ele" v="-1.2807" />
  </node>
  <node id="1868" lat="36.84356595669" lon="128.09262385915">
    <tag k="local_x" v="5.2755" />
    <tag k="local_y" v="-0.9092" />
    <tag k="ele" v="-1.2807" />
  </node>
  <node id="1873" lat="36.84356538224" lon="128.09258031425">
    <tag k="local_x" v="1.3923" />
    <tag k="local_y" v="-0.9360" />
    <tag k="ele" v="-1.2358" />
  </node>
  <node id="1874" lat="36.84358484088" lon="128.09256639204">
    <tag k="local_x" v="0.1715" />
    <tag k="local_y" v="1.2344" />
    <tag k="ele" v="-1.0904" />
  </node>
  <node id="1876" lat="36.84360456758" lon="128.09255232520">
    <tag k="local_x" v="-1.0619" />
    <tag k="local_y" v="3.4347" />
    <tag k="ele" v="-0.9791" />
  </node>
  <node id="1878" lat="36.84362432475" lon="128.09253611893">
    <tag k="local_x" v="-2.4861" />
    <tag k="local_y" v="5.6401" />
    <tag k="ele" v="-0.8846" />
  </node>
  <node id="1883" lat="36.84359843297" lon="128.09259527722">
    <tag k="local_x" v="2.7613" />
    <tag k="local_y" v="2.7178" />
    <tag k="ele" v="-1.0904" />
  </node>
  <node id="1884" lat="36.84361815197" lon="128.09258118481">
    <tag k="local_x" v="1.5256" />
    <tag k="local_y" v="4.9172" />
    <tag k="ele" v="-0.9791" />
  </node>
  <node id="1885" lat="36.84363673808" lon="128.09256478109">
    <tag k="local_x" v="0.0826" />
    <tag k="local_y" v="6.9929" />
    <tag k="ele" v="-0.8846" />
  </node>
  <node id="1892" lat="36.84358928603" lon="128.09260262747">
    <tag k="local_x" v="3.4070" />
    <tag k="local_y" v="1.6968" />
    <tag k="ele" v="-1.1714" />
  </node>
  <node id="1893" lat="36.84357550658" lon="128.09257306486">
    <tag k="local_x" v="0.7566" />
    <tag k="local_y" v="0.1932" />
    <tag k="ele" v="-1.1631" />
  </node>
  <node id="1894" lat="36.84360858259" lon="128.09258803297">
    <tag k="local_x" v="2.1261" />
    <tag k="local_y" v="3.8498" />
    <tag k="ele" v="-1.0347" />
  </node>
  <node id="1895" lat="36.84359512680" lon="128.09255905119">
    <tag k="local_x" v="-0.4722" />
    <tag k="local_y" v="2.3817" />
    <tag k="ele" v="-1.0347" />
  </node>
  <node id="1896" lat="36.84362759452" lon="128.09257285421">
    <tag k="local_x" v="0.7927" />
    <tag k="local_y" v="5.9718" />
    <tag k="ele" v="-0.9318" />
  </node>
  <node id="1897" lat="36.84361484480" lon="128.09254386642">
    <tag k="local_x" v="-1.8053" />
    <tag k="local_y" v="4.5819" />
    <tag k="ele" v="-0.9318" />
  </node>
  <node id="1901" lat="36.84363603157" lon="128.09252317912">
    <tag k="local_x" v="-3.6275" />
    <tag k="local_y" v="6.9498" />
    <tag k="ele" v="-0.8433" />
  </node>
  <node id="1904" lat="36.84365306809" lon="128.09251291357">
    <tag k="local_x" v="-4.5248" />
    <tag k="local_y" v="8.8484" />
    <tag k="ele" v="-0.9159" />
  </node>
  <node id="1905" lat="36.84366936969" lon="128.09250309435">
    <tag k="local_x" v="-5.3831" />
    <tag k="local_y" v="10.6651" />
    <tag k="ele" v="-0.9522" />
  </node>
  <node id="1906" lat="36.84368609933" lon="128.09249306477">
    <tag k="local_x" v="-6.2597" />
    <tag k="local_y" v="12.5295" />
    <tag k="ele" v="-0.9703" />
  </node>
  <node id="1907" lat="36.84370197999" lon="128.09248347797">
    <tag k="local_x" v="-7.0978" />
    <tag k="local_y" v="14.2993" />
    <tag k="ele" v="-0.9794" />
  </node>
  <node id="1908" lat="36.84371818949" lon="128.09247373395">
    <tag k="local_x" v="-7.9495" />
    <tag k="local_y" v="16.1058" />
    <tag k="ele" v="-0.984" />
  </node>
  <node id="1909" lat="36.84373749573" lon="128.09246209437">
    <tag k="local_x" v="-8.9669" />
    <tag k="local_y" v="18.2574" />
    <tag k="ele" v="-0.9862" />
  </node>
  <node id="1910" lat="36.84375863962" lon="128.09245042207">
    <tag k="local_x" v="-9.9854" />
    <tag k="local_y" v="20.6128" />
    <tag k="ele" v="-0.9873" />
  </node>
  <node id="1911" lat="36.84377845154" lon="128.09243901758">
    <tag k="local_x" v="-10.9813" />
    <tag k="local_y" v="22.8203" />
    <tag k="ele" v="-0.9879" />
  </node>
  <node id="1912" lat="36.84379886209" lon="128.09242673622">
    <tag k="local_x" v="-12.0548" />
    <tag k="local_y" v="25.0949" />
    <tag k="ele" v="-0.9882" />
  </node>
  <node id="1913" lat="36.84381931262" lon="128.09241443782">
    <tag k="local_x" v="-13.1298" />
    <tag k="local_y" v="27.3740" />
    <tag k="ele" v="-0.9883" />
  </node>
  <node id="1914" lat="36.84384039229" lon="128.09240263159">
    <tag k="local_x" v="-14.1603" />
    <tag k="local_y" v="29.7225" />
    <tag k="ele" v="-0.9884" />
  </node>
  <node id="1915" lat="36.84364490070" lon="128.09251783900">
    <tag k="local_x" v="-4.0942" />
    <tag k="local_y" v="7.9382" />
    <tag k="ele" v="-0.8796" />
  </node>
  <node id="1916" lat="36.84366166501" lon="128.09250774954">
    <tag k="local_x" v="-4.9762" />
    <tag k="local_y" v="9.8065" />
    <tag k="ele" v="-0.934" />
  </node>
  <node id="1917" lat="36.84367784395" lon="128.09249802491">
    <tag k="local_x" v="-5.8262" />
    <tag k="local_y" v="11.6095" />
    <tag k="ele" v="-0.9612" />
  </node>
  <node id="1918" lat="36.84369452286" lon="128.09248797348">
    <tag k="local_x" v="-6.7048" />
    <tag k="local_y" v="13.4683" />
    <tag k="ele" v="-0.9748" />
  </node>
  <node id="1919" lat="36.84371022697" lon="128.09247851092">
    <tag k="local_x" v="-7.5319" />
    <tag k="local_y" v="15.2184" />
    <tag k="ele" v="-0.9817" />
  </node>
  <node id="1920" lat="36.84372735159" lon="128.09246821314">
    <tag k="local_x" v="-8.4321" />
    <tag k="local_y" v="17.1269" />
    <tag k="ele" v="-0.9851" />
  </node>
  <node id="1921" lat="36.84374851538" lon="128.09245604088">
    <tag k="local_x" v="-9.4950" />
    <tag k="local_y" v="19.4850" />
    <tag k="ele" v="-0.9867" />
  </node>
  <node id="1922" lat="36.84376939571" lon="128.09244423801">
    <tag k="local_x" v="-10.5254" />
    <tag k="local_y" v="21.8113" />
    <tag k="ele" v="-0.9876" />
  </node>
  <node id="1923" lat="36.84378888007" lon="128.09243272431">
    <tag k="local_x" v="-11.5314" />
    <tag k="local_y" v="23.9825" />
    <tag k="ele" v="-0.988" />
  </node>
  <node id="1924" lat="36.84380978848" lon="128.09242014748">
    <tag k="local_x" v="-12.6308" />
    <tag k="local_y" v="26.3126" />
    <tag k="ele" v="-0.9882" />
  </node>
  <node id="1925" lat="36.84382992134" lon="128.09240847228">
    <tag k="local_x" v="-13.6505" />
    <tag k="local_y" v="28.5560" />
    <tag k="ele" v="-0.9883" />
  </node>
  <node id="1979" lat="36.84364735462" lon="128.09255462415">
    <tag k="local_x" v="-0.8119" />
    <tag k="local_y" v="8.1793" />
    <tag k="ele" v="-0.8611" />
  </node>
  <node id="1986" lat="36.84366317472" lon="128.09253867522">
    <tag k="local_x" v="-2.2172" />
    <tag k="local_y" v="9.9478" />
    <tag k="ele" v="-0.847" />
  </node>
  <node id="1988" lat="36.84367985580" lon="128.09252966482">
    <tag k="local_x" v="-3.0030" />
    <tag k="local_y" v="11.8059" />
    <tag k="ele" v="-0.8591" />
  </node>
  <node id="1989" lat="36.84369640582" lon="128.09251983810">
    <tag k="local_x" v="-3.8617" />
    <tag k="local_y" v="13.6502" />
    <tag k="ele" v="-0.8877" />
  </node>
  <node id="1990" lat="36.84371435361" lon="128.09251425513">
    <tag k="local_x" v="-4.3406" />
    <tag k="local_y" v="15.6459" />
    <tag k="ele" v="-0.9" />
  </node>
  <node id="1991" lat="36.84379168489" lon="128.09247500781">
    <tag k="local_x" v="-7.7585" />
    <tag k="local_y" v="24.2579" />
    <tag k="ele" v="-1.0017" />
  </node>
  <node id="1992" lat="36.84379553089" lon="128.09248572988">
    <tag k="local_x" v="-6.7984" />
    <tag k="local_y" v="24.6754" />
    <tag k="ele" v="-1.0345" />
  </node>
  <node id="1993" lat="36.84387958033" lon="128.09244427528">
    <tag k="local_x" v="-10.4060" />
    <tag k="local_y" v="34.0345" />
    <tag k="ele" v="-1.069" />
  </node>
  <node id="1994" lat="36.84386225359" lon="128.09238793137">
    <tag k="local_x" v="-15.4479" />
    <tag k="local_y" v="32.1601" />
    <tag k="ele" v="-0.989" />
  </node>
  <node id="1996" lat="36.84385131209" lon="128.09239532877">
    <tag k="local_x" v="-14.7999" />
    <tag k="local_y" v="30.9401" />
    <tag k="ele" v="-0.9887" />
  </node>
  <node id="1999" lat="36.84385752992" lon="128.09245515603">
    <tag k="local_x" v="-9.4591" />
    <tag k="local_y" v="31.5792" />
    <tag k="ele" v="-1.0517" />
  </node>
  <node id="2000" lat="36.84383630544" lon="128.09246561831">
    <tag k="local_x" v="-8.5486" />
    <tag k="local_y" v="29.2158" />
    <tag k="ele" v="-1.0431" />
  </node>
  <node id="2001" lat="36.84381576806" lon="128.09247573983">
    <tag k="local_x" v="-7.6678" />
    <tag k="local_y" v="26.9289" />
    <tag k="ele" v="-1.0388" />
  </node>
  <node id="2002" lat="36.84377005910" lon="128.09248596688">
    <tag k="local_x" v="-6.8041" />
    <tag k="local_y" v="21.8495" />
    <tag k="ele" v="-0.9508" />
  </node>
  <node id="2003" lat="36.84374975735" lon="128.09249628434">
    <tag k="local_x" v="-5.9056" />
    <tag k="local_y" v="19.5886" />
    <tag k="ele" v="-0.9254" />
  </node>
  <node id="2004" lat="36.84373046234" lon="128.09250644070">
    <tag k="local_x" v="-5.0204" />
    <tag k="local_y" v="17.4396" />
    <tag k="ele" v="-0.9127" />
  </node>
  <node id="2017" lat="36.84365550048" lon="128.09254639740">
    <tag k="local_x" v="-1.5368" />
    <tag k="local_y" v="9.0899" />
    <tag k="ele" v="-0.854" />
  </node>
  <node id="2018" lat="36.84367152818" lon="128.09253415750">
    <tag k="local_x" v="-2.6112" />
    <tag k="local_y" v="10.8783" />
    <tag k="ele" v="-0.853" />
  </node>
  <node id="2019" lat="36.84368857329" lon="128.09252448023">
    <tag k="local_x" v="-3.4561" />
    <tag k="local_y" v="12.7774" />
    <tag k="ele" v="-0.8734" />
  </node>
  <node id="2020" lat="36.84370606539" lon="128.09251685195">
    <tag k="local_x" v="-4.1178" />
    <tag k="local_y" v="14.7243" />
    <tag k="ele" v="-0.8938" />
  </node>
  <node id="2021" lat="36.84372297713" lon="128.09251008606">
    <tag k="local_x" v="-4.7032" />
    <tag k="local_y" v="16.6061" />
    <tag k="ele" v="-0.9063" />
  </node>
  <node id="2022" lat="36.84374059251" lon="128.09250110387">
    <tag k="local_x" v="-5.4855" />
    <tag k="local_y" v="18.5679" />
    <tag k="ele" v="-0.919" />
  </node>
  <node id="2023" lat="36.84376055530" lon="128.09249080066">
    <tag k="local_x" v="-6.3831" />
    <tag k="local_y" v="20.7912" />
    <tag k="ele" v="-0.9381" />
  </node>
  <node id="2024" lat="36.84378046948" lon="128.09248069555">
    <tag k="local_x" v="-7.2631" />
    <tag k="local_y" v="23.0089" />
    <tag k="ele" v="-0.9762" />
  </node>
  <node id="2025" lat="36.84380608787" lon="128.09248052548">
    <tag k="local_x" v="-7.2513" />
    <tag k="local_y" v="25.8510" />
    <tag k="ele" v="-1.0366" />
  </node>
  <node id="2026" lat="36.84382657327" lon="128.09247044000">
    <tag k="local_x" v="-8.1290" />
    <tag k="local_y" v="28.1321" />
    <tag k="ele" v="-1.0409" />
  </node>
  <node id="2028" lat="36.84384692095" lon="128.09246039647">
    <tag k="local_x" v="-9.0030" />
    <tag k="local_y" v="30.3978" />
    <tag k="ele" v="-1.0474" />
  </node>
  <node id="2029" lat="36.84386835394" lon="128.09244980253">
    <tag k="local_x" v="-9.9250" />
    <tag k="local_y" v="32.7844" />
    <tag k="ele" v="-1.0604" />
  </node>
  <node id="2042" lat="36.84344203477" lon="128.09267744504">
    <tag k="local_x" v="9.9227" />
    <tag k="local_y" v="-14.7017" />
    <tag k="ele" v="-2.3119" />
  </node>
  <node id="2043" lat="36.84347896698" lon="128.09265064593">
    <tag k="local_x" v="7.5722" />
    <tag k="local_y" v="-10.5820" />
    <tag k="ele" v="-2.0102" />
  </node>
  <node id="2045" lat="36.84349384305" lon="128.09267979246">
    <tag k="local_x" v="10.1866" />
    <tag k="local_y" v="-8.9564" />
    <tag k="ele" v="-1.9666" />
  </node>
  <node id="2046" lat="36.84345623631" lon="128.09270716806">
    <tag k="local_x" v="12.5878" />
    <tag k="local_y" v="-13.1515" />
    <tag k="ele" v="-2.2982" />
  </node>
  <node id="2047" lat="36.84344191021" lon="128.09267785182">
    <tag k="local_x" v="9.9588" />
    <tag k="local_y" v="-14.7159" />
    <tag k="ele" v="-2.3087" />
  </node>
  <node id="2049" lat="36.84396852064" lon="128.09236338175">
    <tag k="local_x" v="-17.5248" />
    <tag k="local_y" v="43.9696" />
    <tag k="ele" v="-2.3119" />
  </node>
  <node id="2050" lat="36.84397451610" lon="128.09241606304">
    <tag k="local_x" v="-12.8214" />
    <tag k="local_y" v="44.5900" />
    <tag k="ele" v="-2.0102" />
  </node>
  <node id="2051" lat="36.84393077360" lon="128.09242409659">
    <tag k="local_x" v="-12.1512" />
    <tag k="local_y" v="39.7307" />
    <tag k="ele" v="-1.9666" />
  </node>
  <node id="2052" lat="36.84392460219" lon="128.09237043052">
    <tag k="local_x" v="-16.9426" />
    <tag k="local_y" v="39.0915" />
    <tag k="ele" v="-2.2982" />
  </node>
  <node id="2053" lat="36.84396825235" lon="128.09236308622">
    <tag k="local_x" v="-17.5514" />
    <tag k="local_y" v="43.9400" />
    <tag k="ele" v="-2.3087" />
  </node>
  <way id="28">
    <nd ref="26" />
    <nd ref="27" />
    <tag k="type" v="line_thin" />
    <tag k="subtype" v="solid" />
  </way>
  <way id="31">
    <nd ref="29" />
    <nd ref="30" />
    <tag k="type" v="line_thin" />
    <tag k="subtype" v="solid" />
  </way>
  <way id="54">
    <nd ref="52" />
    <nd ref="53" />
    <nd ref="187" />
    <nd ref="188" />
    <nd ref="59" />
    <tag k="type" v="line_thin" />
    <tag k="subtype" v="solid" />
  </way>
  <way id="57">
    <nd ref="55" />
    <nd ref="56" />
    <nd ref="189" />
    <nd ref="190" />
    <nd ref="60" />
    <tag k="type" v="line_thin" />
    <tag k="subtype" v="solid" />
  </way>
  <way id="128">
    <nd ref="126" />
    <nd ref="127" />
    <nd ref="133" />
    <nd ref="135" />
    <tag k="type" v="line_thin" />
    <tag k="subtype" v="solid" />
  </way>
  <way id="131">
    <nd ref="129" />
    <nd ref="130" />
    <nd ref="134" />
    <nd ref="136" />
    <tag k="type" v="line_thin" />
    <tag k="subtype" v="solid" />
  </way>
  <way id="139">
    <nd ref="137" />
    <nd ref="138" />
    <nd ref="508" />
    <nd ref="509" />
    <nd ref="510" />
    <nd ref="144" />
    <tag k="type" v="line_thin" />
    <tag k="subtype" v="solid" />
  </way>
  <way id="142">
    <nd ref="140" />
    <nd ref="141" />
    <nd ref="511" />
    <nd ref="512" />
    <nd ref="513" />
    <nd ref="145" />
    <tag k="type" v="line_thin" />
    <tag k="subtype" v="solid" />
  </way>
  <way id="160">
    <nd ref="69" />
    <nd ref="791" />
    <nd ref="798" />
    <nd ref="799" />
    <nd ref="71" />
    <tag k="type" v="line_thin" />
    <tag k="subtype" v="solid" />
  </way>
  <way id="162">
    <nd ref="68" />
    <nd ref="790" />
    <nd ref="800" />
    <nd ref="801" />
    <nd ref="70" />
    <tag k="type" v="line_thin" />
    <tag k="subtype" v="solid" />
  </way>
  <way id="164">
    <nd ref="64" />
    <nd ref="755" />
    <nd ref="756" />
    <nd ref="761" />
    <nd ref="762" />
    <nd ref="786" />
    <nd ref="787" />
    <nd ref="65" />
    <tag k="type" v="line_thin" />
    <tag k="subtype" v="solid" />
  </way>
  <way id="166">
    <nd ref="61" />
    <nd ref="757" />
    <nd ref="764" />
    <nd ref="765" />
    <nd ref="783" />
    <nd ref="784" />
    <nd ref="785" />
    <nd ref="62" />
    <tag k="type" v="line_thin" />
    <tag k="subtype" v="solid" />
  </way>
  <way id="335">
    <nd ref="95" />
    <nd ref="327" />
    <nd ref="328" />
    <nd ref="329" />
    <nd ref="330" />
    <nd ref="340" />
    <nd ref="341" />
    <nd ref="237" />
    <tag k="type" v="line_thin" />
    <tag k="subtype" v="solid" />
  </way>
  <way id="336">
    <nd ref="92" />
    <nd ref="331" />
    <nd ref="332" />
    <nd ref="333" />
    <nd ref="334" />
    <nd ref="338" />
    <nd ref="339" />
    <nd ref="240" />
    <tag k="type" v="line_thin" />
    <tag k="subtype" v="solid" />
  </way>
  <way id="379">
    <nd ref="136" />
    <nd ref="361" />
    <nd ref="362" />
    <nd ref="363" />
    <nd ref="364" />
    <nd ref="365" />
    <nd ref="366" />
    <nd ref="367" />
    <nd ref="368" />
    <nd ref="369" />
    <nd ref="113" />
    <tag k="type" v="line_thin" />
    <tag k="subtype" v="solid" />
  </way>
  <way id="380">
    <nd ref="135" />
    <nd ref="370" />
    <nd ref="371" />
    <nd ref="372" />
    <nd ref="373" />
    <nd ref="374" />
    <nd ref="375" />
    <nd ref="376" />
    <nd ref="377" />
    <nd ref="378" />
    <nd ref="110" />
    <tag k="type" v="line_thin" />
    <tag k="subtype" v="solid" />
  </way>
  <way id="505">
    <nd ref="145" />
    <nd ref="537" />
    <nd ref="538" />
    <nd ref="539" />
    <nd ref="407" />
    <tag k="type" v="line_thin" />
    <tag k="subtype" v="solid" />
  </way>
  <way id="506">
    <nd ref="144" />
    <nd ref="540" />
    <nd ref="541" />
    <nd ref="542" />
    <nd ref="404" />
    <tag k="type" v="line_thin" />
    <tag k="subtype" v="solid" />
  </way>
  <way id="543">
    <nd ref="407" />
    <nd ref="408" />
    <nd ref="412" />
    <nd ref="553" />
    <nd ref="554" />
    <nd ref="414" />
    <tag k="type" v="line_thin" />
    <tag k="subtype" v="solid" />
  </way>
  <way id="545">
    <nd ref="404" />
    <nd ref="405" />
    <nd ref="411" />
    <nd ref="555" />
    <nd ref="556" />
    <nd ref="413" />
    <tag k="type" v="line_thin" />
    <tag k="subtype" v="solid" />
  </way>
  <way id="548">
    <nd ref="414" />
    <nd ref="416" />
    <nd ref="418" />
    <nd ref="557" />
    <nd ref="558" />
    <nd ref="420" />
    <tag k="type" v="line_thin" />
    <tag k="subtype" v="solid" />
  </way>
  <way id="549">
    <nd ref="420" />
    <nd ref="422" />
    <nd ref="424" />
    <nd ref="563" />
    <nd ref="564" />
    <nd ref="426" />
    <tag k="type" v="line_thin" />
    <tag k="subtype" v="solid" />
  </way>
  <way id="550">
    <nd ref="413" />
    <nd ref="415" />
    <nd ref="417" />
    <nd ref="559" />
    <nd ref="560" />
    <nd ref="419" />
    <tag k="type" v="line_thin" />
    <tag k="subtype" v="solid" />
  </way>
  <way id="551">
    <nd ref="419" />
    <nd ref="421" />
    <nd ref="423" />
    <nd ref="561" />
    <nd ref="562" />
    <nd ref="425" />
    <tag k="type" v="line_thin" />
    <tag k="subtype" v="solid" />
  </way>
  <way id="627">
    <nd ref="598" />
    <nd ref="619" />
    <nd ref="620" />
    <nd ref="621" />
    <nd ref="622" />
    <nd ref="630" />
    <nd ref="631" />
    <nd ref="632" />
    <nd ref="480" />
    <tag k="type" v="line_thin" />
    <tag k="subtype" v="solid" />
  </way>
  <way id="628">
    <nd ref="597" />
    <nd ref="623" />
    <nd ref="624" />
    <nd ref="625" />
    <nd ref="626" />
    <nd ref="633" />
    <nd ref="634" />
    <nd ref="477" />
    <tag k="type" v="line_thin" />
    <tag k="subtype" v="solid" />
  </way>
  <way id="711">
    <nd ref="51" />
    <nd ref="55" />
    <tag k="type" v="line_thin" />
    <tag k="subtype" v="solid" />
  </way>
  <way id="712">
    <nd ref="50" />
    <nd ref="52" />
    <tag k="type" v="line_thin" />
    <tag k="subtype" v="solid" />
  </way>
  <way id="749">
    <nd ref="65" />
    <nd ref="733" />
    <nd ref="734" />
    <nd ref="735" />
    <nd ref="736" />
    <nd ref="737" />
    <nd ref="738" />
    <nd ref="739" />
    <nd ref="740" />
    <nd ref="789" />
    <nd ref="69" />
    <tag k="type" v="line_thin" />
    <tag k="subtype" v="solid" />
  </way>
  <way id="750">
    <nd ref="62" />
    <nd ref="741" />
    <nd ref="742" />
    <nd ref="743" />
    <nd ref="744" />
    <nd ref="745" />
    <nd ref="746" />
    <nd ref="747" />
    <nd ref="748" />
    <nd ref="788" />
    <nd ref="68" />
    <tag k="type" v="line_thin" />
    <tag k="subtype" v="solid" />
  </way>
  <way id="780">
    <nd ref="60" />
    <nd ref="766" />
    <nd ref="767" />
    <nd ref="768" />
    <nd ref="769" />
    <nd ref="770" />
    <nd ref="771" />
    <nd ref="772" />
    <nd ref="64" />
    <tag k="type" v="line_thin" />
    <tag k="subtype" v="solid" />
  </way>
  <way id="781">
    <nd ref="59" />
    <nd ref="773" />
    <nd ref="774" />
    <nd ref="775" />
    <nd ref="776" />
    <nd ref="777" />
    <nd ref="778" />
    <nd ref="779" />
    <nd ref="61" />
    <tag k="type" v="line_thin" />
    <tag k="subtype" v="solid" />
  </way>
  <way id="803">
    <nd ref="49" />
    <nd ref="169" />
    <nd ref="170" />
    <nd ref="171" />
    <nd ref="172" />
    <nd ref="173" />
    <nd ref="174" />
    <nd ref="175" />
    <nd ref="51" />
    <tag k="type" v="line_thin" />
    <tag k="subtype" v="solid" />
  </way>
  <way id="805">
    <nd ref="48" />
    <nd ref="176" />
    <nd ref="177" />
    <nd ref="178" />
    <nd ref="179" />
    <nd ref="180" />
    <nd ref="181" />
    <nd ref="182" />
    <nd ref="50" />
    <tag k="type" v="line_thin" />
    <tag k="subtype" v="solid" />
  </way>
  <way id="839">
    <nd ref="656" />
    <nd ref="657" />
    <nd ref="691" />
    <nd ref="695" />
    <nd ref="696" />
    <nd ref="697" />
    <nd ref="698" />
    <nd ref="844" />
    <nd ref="845" />
    <nd ref="846" />
    <nd ref="683" />
    <tag k="type" v="line_thin" />
    <tag k="subtype" v="solid" />
  </way>
  <way id="840">
    <nd ref="653" />
    <nd ref="654" />
    <nd ref="689" />
    <nd ref="694" />
    <nd ref="699" />
    <nd ref="700" />
    <nd ref="701" />
    <nd ref="841" />
    <nd ref="842" />
    <nd ref="843" />
    <nd ref="680" />
    <tag k="type" v="line_thin" />
    <tag k="subtype" v="solid" />
  </way>
  <way id="852">
    <nd ref="4" />
    <nd ref="5" />
    <nd ref="185" />
    <nd ref="186" />
    <tag k="type" v="line_thin" />
    <tag k="subtype" v="solid" />
  </way>
  <way id="854">
    <nd ref="1" />
    <nd ref="2" />
    <nd ref="183" />
    <nd ref="184" />
    <tag k="type" v="line_thin" />
    <tag k="subtype" v="solid" />
  </way>
  <way id="884">
    <nd ref="683" />
    <nd ref="684" />
    <nd ref="688" />
    <nd ref="818" />
    <nd ref="822" />
    <nd ref="865" />
    <nd ref="869" />
    <tag k="type" v="line_thin" />
    <tag k="subtype" v="solid" />
  </way>
  <way id="885">
    <nd ref="869" />
    <nd ref="875" />
    <nd ref="876" />
    <nd ref="882" />
    <nd ref="894" />
    <nd ref="895" />
    <nd ref="896" />
    <nd ref="4" />
    <tag k="type" v="line_thin" />
    <tag k="subtype" v="solid" />
  </way>
  <way id="886">
    <nd ref="680" />
    <nd ref="681" />
    <nd ref="687" />
    <nd ref="816" />
    <nd ref="821" />
    <nd ref="863" />
    <nd ref="868" />
    <tag k="type" v="line_thin" />
    <tag k="subtype" v="solid" />
  </way>
  <way id="887">
    <nd ref="868" />
    <nd ref="877" />
    <nd ref="878" />
    <nd ref="879" />
    <nd ref="883" />
    <nd ref="897" />
    <nd ref="898" />
    <nd ref="1" />
    <tag k="type" v="line_thin" />
    <tag k="subtype" v="solid" />
  </way>
  <way id="935">
    <nd ref="186" />
    <nd ref="901" />
    <nd ref="905" />
    <nd ref="907" />
    <nd ref="909" />
    <nd ref="911" />
    <nd ref="913" />
    <nd ref="939" />
    <nd ref="940" />
    <nd ref="29" />
    <tag k="type" v="line_thin" />
    <tag k="subtype" v="solid" />
  </way>
  <way id="936">
    <nd ref="184" />
    <nd ref="899" />
    <nd ref="904" />
    <nd ref="906" />
    <nd ref="908" />
    <nd ref="910" />
    <nd ref="912" />
    <nd ref="937" />
    <nd ref="938" />
    <nd ref="26" />
    <tag k="type" v="line_thin" />
    <tag k="subtype" v="solid" />
  </way>
  <way id="950">
    <nd ref="37" />
    <nd ref="41" />
    <nd ref="43" />
    <nd ref="45" />
    <nd ref="47" />
    <nd ref="810" />
    <nd ref="811" />
    <nd ref="812" />
    <nd ref="49" />
    <tag k="type" v="line_thin" />
    <tag k="subtype" v="solid" />
  </way>
  <way id="952">
    <nd ref="34" />
    <nd ref="40" />
    <nd ref="42" />
    <nd ref="44" />
    <nd ref="46" />
    <nd ref="807" />
    <nd ref="808" />
    <nd ref="809" />
    <nd ref="48" />
    <tag k="type" v="line_thin" />
    <tag k="subtype" v="solid" />
  </way>
  <way id="954">
    <nd ref="30" />
    <nd ref="919" />
    <nd ref="923" />
    <nd ref="925" />
    <nd ref="927" />
    <nd ref="929" />
    <nd ref="931" />
    <nd ref="943" />
    <nd ref="944" />
    <nd ref="945" />
    <nd ref="36" />
    <nd ref="956" />
    <nd ref="957" />
    <nd ref="958" />
    <nd ref="37" />
    <tag k="type" v="line_thin" />
    <tag k="subtype" v="solid" />
  </way>
  <way id="955">
    <nd ref="27" />
    <nd ref="917" />
    <nd ref="922" />
    <nd ref="924" />
    <nd ref="928" />
    <nd ref="930" />
    <nd ref="946" />
    <nd ref="947" />
    <nd ref="948" />
    <nd ref="33" />
    <nd ref="959" />
    <nd ref="960" />
    <nd ref="961" />
    <nd ref="962" />
    <nd ref="34" />
    <tag k="type" v="line_thin" />
    <tag k="subtype" v="solid" />
  </way>
  <way id="1088">
    <nd ref="426" />
    <nd ref="565" />
    <nd ref="566" />
    <nd ref="567" />
    <nd ref="568" />
    <nd ref="437" />
    <nd ref="607" />
    <nd ref="438" />
    <tag k="type" v="line_thin" />
    <tag k="subtype" v="solid" />
  </way>
  <way id="1089">
    <nd ref="425" />
    <nd ref="569" />
    <nd ref="570" />
    <nd ref="571" />
    <nd ref="572" />
    <nd ref="434" />
    <nd ref="606" />
    <nd ref="435" />
    <tag k="type" v="line_thin" />
    <tag k="subtype" v="solid" />
  </way>
  <way id="1090">
    <nd ref="438" />
    <nd ref="599" />
    <nd ref="600" />
    <nd ref="593" />
    <nd ref="594" />
    <nd ref="598" />
    <tag k="type" v="line_thin" />
    <tag k="subtype" v="solid" />
  </way>
  <way id="1091">
    <nd ref="435" />
    <nd ref="601" />
    <nd ref="602" />
    <nd ref="590" />
    <nd ref="591" />
    <nd ref="597" />
    <tag k="type" v="line_thin" />
    <tag k="subtype" v="solid" />
  </way>
  <way id="1092">
    <nd ref="113" />
    <nd ref="114" />
    <nd ref="358" />
    <nd ref="359" />
    <nd ref="360" />
    <nd ref="118" />
    <nd ref="398" />
    <nd ref="399" />
    <nd ref="400" />
    <nd ref="140" />
    <tag k="type" v="line_thin" />
    <tag k="subtype" v="solid" />
  </way>
  <way id="1093">
    <nd ref="110" />
    <nd ref="111" />
    <nd ref="355" />
    <nd ref="356" />
    <nd ref="357" />
    <nd ref="117" />
    <nd ref="401" />
    <nd ref="402" />
    <nd ref="403" />
    <nd ref="137" />
    <tag k="type" v="line_thin" />
    <tag k="subtype" v="solid" />
  </way>
  <way id="1094">
    <nd ref="237" />
    <nd ref="238" />
    <nd ref="239" />
    <nd ref="100" />
    <nd ref="342" />
    <nd ref="343" />
    <nd ref="344" />
    <nd ref="345" />
    <nd ref="346" />
    <nd ref="129" />
    <tag k="type" v="line_thin" />
    <tag k="subtype" v="solid" />
  </way>
  <way id="1095">
    <nd ref="240" />
    <nd ref="241" />
    <nd ref="242" />
    <nd ref="99" />
    <nd ref="347" />
    <nd ref="348" />
    <nd ref="349" />
    <nd ref="350" />
    <nd ref="351" />
    <nd ref="126" />
    <tag k="type" v="line_thin" />
    <tag k="subtype" v="solid" />
  </way>
  <way id="1101">
    <nd ref="83" />
    <nd ref="89" />
    <nd ref="91" />
    <nd ref="218" />
    <nd ref="219" />
    <nd ref="220" />
    <nd ref="221" />
    <nd ref="233" />
    <nd ref="234" />
    <nd ref="235" />
    <nd ref="236" />
    <nd ref="382" />
    <nd ref="383" />
    <nd ref="384" />
    <nd ref="385" />
    <nd ref="386" />
    <nd ref="95" />
    <tag k="type" v="line_thin" />
    <tag k="subtype" v="solid" />
  </way>
  <way id="1102">
    <nd ref="80" />
    <nd ref="88" />
    <nd ref="90" />
    <nd ref="222" />
    <nd ref="223" />
    <nd ref="224" />
    <nd ref="225" />
    <nd ref="229" />
    <nd ref="230" />
    <nd ref="231" />
    <nd ref="232" />
    <nd ref="387" />
    <nd ref="388" />
    <nd ref="389" />
    <nd ref="390" />
    <nd ref="391" />
    <nd ref="92" />
    <tag k="type" v="line_thin" />
    <tag k="subtype" v="solid" />
  </way>
  <way id="1103">
    <nd ref="71" />
    <nd ref="795" />
    <nd ref="796" />
    <nd ref="797" />
    <nd ref="82" />
    <nd ref="83" />
    <tag k="type" v="line_thin" />
    <tag k="subtype" v="solid" />
  </way>
  <way id="1104">
    <nd ref="70" />
    <nd ref="792" />
    <nd ref="793" />
    <nd ref="794" />
    <nd ref="79" />
    <nd ref="80" />
    <tag k="type" v="line_thin" />
    <tag k="subtype" v="solid" />
  </way>
  <way id="1105">
    <nd ref="480" />
    <nd ref="481" />
    <nd ref="485" />
    <nd ref="487" />
    <nd ref="489" />
    <nd ref="491" />
    <nd ref="493" />
    <nd ref="641" />
    <nd ref="642" />
    <nd ref="643" />
    <nd ref="644" />
    <nd ref="645" />
    <nd ref="646" />
    <nd ref="495" />
    <nd ref="660" />
    <nd ref="661" />
    <nd ref="662" />
    <nd ref="656" />
    <tag k="type" v="line_thin" />
    <tag k="subtype" v="solid" />
  </way>
  <way id="1106">
    <nd ref="477" />
    <nd ref="478" />
    <nd ref="484" />
    <nd ref="486" />
    <nd ref="488" />
    <nd ref="490" />
    <nd ref="492" />
    <nd ref="635" />
    <nd ref="636" />
    <nd ref="637" />
    <nd ref="638" />
    <nd ref="639" />
    <nd ref="640" />
    <nd ref="494" />
    <nd ref="663" />
    <nd ref="664" />
    <nd ref="665" />
    <nd ref="653" />
    <tag k="type" v="line_thin" />
    <tag k="subtype" v="solid" />
  </way>
  <way id="1210">
    <nd ref="1208" />
    <nd ref="1209" />
    <nd ref="1211" />
    <nd ref="1212" />
    <nd ref="1213" />
    <nd ref="1214" />
    <nd ref="1215" />
    <nd ref="1216" />
    <nd ref="1217" />
    <nd ref="1218" />
    <nd ref="1208" />
    <tag k="type" v="line_thin" />
    <tag k="subtype" v="solid" />
  </way>
  <way id="1232">
    <nd ref="1222" />
    <nd ref="1223" />
    <nd ref="1224" />
    <nd ref="1225" />
    <nd ref="1226" />
    <nd ref="1227" />
    <nd ref="1228" />
    <nd ref="1229" />
    <nd ref="1230" />
    <nd ref="1231" />
    <nd ref="1222" />
    <tag k="type" v="line_thin" />
    <tag k="subtype" v="solid" />
  </way>
  <way id="1244">
    <nd ref="1234" />
    <nd ref="1237" />
    <nd ref="1238" />
    <nd ref="1239" />
    <nd ref="1241" />
    <nd ref="1242" />
    <nd ref="1243" />
    <nd ref="1234" />
    <tag k="type" v="line_thin" />
    <tag k="subtype" v="solid" />
  </way>
  <way id="1253">
    <nd ref="1246" />
    <nd ref="1247" />
    <nd ref="1248" />
    <nd ref="1249" />
    <nd ref="1250" />
    <nd ref="1251" />
    <nd ref="1252" />
    <nd ref="1246" />
    <tag k="type" v="line_thin" />
    <tag k="subtype" v="solid" />
  </way>
  <way id="1262">
    <nd ref="1255" />
    <nd ref="1256" />
    <nd ref="1257" />
    <nd ref="1258" />
    <nd ref="1259" />
    <nd ref="1260" />
    <nd ref="1261" />
    <nd ref="1255" />
    <tag k="type" v="line_thin" />
    <tag k="subtype" v="solid" />
  </way>
  <way id="1271">
    <nd ref="1264" />
    <nd ref="1265" />
    <nd ref="1266" />
    <nd ref="1267" />
    <nd ref="1268" />
    <nd ref="1269" />
    <nd ref="1270" />
    <nd ref="1264" />
    <tag k="type" v="line_thin" />
    <tag k="subtype" v="solid" />
  </way>
  <way id="1280">
    <nd ref="1273" />
    <nd ref="1274" />
    <nd ref="1275" />
    <nd ref="1276" />
    <nd ref="1277" />
    <nd ref="1278" />
    <nd ref="1279" />
    <nd ref="1273" />
    <tag k="type" v="line_thin" />
    <tag k="subtype" v="solid" />
  </way>
  <way id="1292">
    <nd ref="1282" />
    <nd ref="1283" />
    <nd ref="1284" />
    <nd ref="1285" />
    <nd ref="1286" />
    <nd ref="1287" />
    <nd ref="1288" />
    <nd ref="1289" />
    <nd ref="1290" />
    <nd ref="1291" />
    <nd ref="1282" />
    <tag k="type" v="line_thin" />
    <tag k="subtype" v="solid" />
  </way>
  <way id="1304">
    <nd ref="1294" />
    <nd ref="1295" />
    <nd ref="1296" />
    <nd ref="1297" />
    <nd ref="1298" />
    <nd ref="1299" />
    <nd ref="1300" />
    <nd ref="1301" />
    <nd ref="1302" />
    <nd ref="1303" />
    <nd ref="1294" />
    <tag k="type" v="line_thin" />
    <tag k="subtype" v="solid" />
  </way>
  <way id="1316">
    <nd ref="1306" />
    <nd ref="1307" />
    <nd ref="1308" />
    <nd ref="1309" />
    <nd ref="1310" />
    <nd ref="1311" />
    <nd ref="1312" />
    <nd ref="1313" />
    <nd ref="1314" />
    <nd ref="1315" />
    <nd ref="1306" />
    <tag k="type" v="line_thin" />
    <tag k="subtype" v="solid" />
  </way>
  <way id="1328">
    <nd ref="1318" />
    <nd ref="1319" />
    <nd ref="1320" />
    <nd ref="1321" />
    <nd ref="1322" />
    <nd ref="1323" />
    <nd ref="1324" />
    <nd ref="1325" />
    <nd ref="1326" />
    <nd ref="1327" />
    <nd ref="1318" />
    <tag k="type" v="line_thin" />
    <tag k="subtype" v="solid" />
  </way>
  <way id="1340">
    <nd ref="1330" />
    <nd ref="1331" />
    <nd ref="1332" />
    <nd ref="1333" />
    <nd ref="1334" />
    <nd ref="1335" />
    <nd ref="1336" />
    <nd ref="1337" />
    <nd ref="1338" />
    <nd ref="1339" />
    <nd ref="1330" />
    <tag k="type" v="line_thin" />
    <tag k="subtype" v="solid" />
  </way>
  <way id="1352">
    <nd ref="1342" />
    <nd ref="1343" />
    <nd ref="1344" />
    <nd ref="1345" />
    <nd ref="1346" />
    <nd ref="1347" />
    <nd ref="1348" />
    <nd ref="1349" />
    <nd ref="1350" />
    <nd ref="1351" />
    <nd ref="1342" />
    <tag k="type" v="line_thin" />
    <tag k="subtype" v="solid" />
  </way>
  <way id="1409">
    <nd ref="1407" />
    <nd ref="1739" />
    <nd ref="1738" />
    <nd ref="1737" />
    <nd ref="1736" />
    <nd ref="1734" />
    <nd ref="1733" />
    <nd ref="1732" />
    <nd ref="1731" />
    <nd ref="1730" />
    <nd ref="1729" />
    <nd ref="1728" />
    <nd ref="1727" />
    <nd ref="1726" />
    <nd ref="1725" />
    <nd ref="1724" />
    <nd ref="1723" />
    <nd ref="1722" />
    <nd ref="1721" />
    <nd ref="1720" />
    <nd ref="1719" />
    <nd ref="1408" />
    <tag k="type" v="line_thin" />
    <tag k="subtype" v="solid" />
  </way>
  <way id="1412">
    <nd ref="1410" />
    <nd ref="1740" />
    <nd ref="1741" />
    <nd ref="1742" />
    <nd ref="1743" />
    <nd ref="1744" />
    <nd ref="1745" />
    <nd ref="1746" />
    <nd ref="1747" />
    <nd ref="1748" />
    <nd ref="1749" />
    <nd ref="1750" />
    <nd ref="1751" />
    <nd ref="1753" />
    <nd ref="1754" />
    <nd ref="1755" />
    <nd ref="1757" />
    <nd ref="1758" />
    <nd ref="1764" />
    <nd ref="1761" />
    <nd ref="1411" />
    <tag k="type" v="line_thin" />
    <tag k="subtype" v="solid" />
  </way>
  <way id="1689">
    <nd ref="1586" />
    <nd ref="1674" />
    <tag k="type" v="line_thin" />
    <tag k="subtype" v="solid" />
  </way>
  <way id="1690">
    <nd ref="1585" />
    <nd ref="1676" />
    <tag k="type" v="line_thin" />
    <tag k="subtype" v="solid" />
  </way>
  <way id="1691">
    <nd ref="1587" />
    <nd ref="1678" />
    <tag k="type" v="line_thin" />
    <tag k="subtype" v="solid" />
  </way>
  <way id="1692">
    <nd ref="1588" />
    <nd ref="1680" />
    <tag k="type" v="line_thin" />
    <tag k="subtype" v="solid" />
  </way>
  <way id="1693">
    <nd ref="1589" />
    <nd ref="1682" />
    <tag k="type" v="line_thin" />
    <tag k="subtype" v="solid" />
  </way>
  <way id="1694">
    <nd ref="1590" />
    <nd ref="1684" />
    <tag k="type" v="line_thin" />
    <tag k="subtype" v="solid" />
  </way>
  <way id="1776">
    <nd ref="1722" />
    <nd ref="1757" />
    <nd ref="1758" />
    <nd ref="1721" />
    <nd ref="1722" />
    <tag k="type" v="pedestrian_marking" />
    <tag k="subtype" v="solid" />
  </way>
  <way id="1780">
    <nd ref="1753" />
    <nd ref="1725" />
    <nd ref="1726" />
    <nd ref="1751" />
    <nd ref="1753" />
    <tag k="type" v="pedestrian_marking" />
    <tag k="subtype" v="solid" />
  </way>
  <way id="1783">
    <nd ref="1747" />
    <nd ref="1730" />
    <nd ref="1729" />
    <nd ref="1748" />
    <nd ref="1747" />
    <tag k="type" v="pedestrian_marking" />
    <tag k="subtype" v="solid" />
  </way>
  <way id="1787">
    <nd ref="1733" />
    <nd ref="1744" />
    <nd ref="1743" />
    <nd ref="1734" />
    <nd ref="1733" />
    <tag k="type" v="pedestrian_marking" />
    <tag k="subtype" v="solid" />
  </way>
  <way id="1803">
    <nd ref="1719" />
    <nd ref="1720" />
    <nd ref="1764" />
    <nd ref="1761" />
    <nd ref="1719" />
    <tag k="type" v="pedestrian_marking" />
    <tag k="subtype" v="solid" />
  </way>
  <way id="1810">
    <nd ref="1724" />
    <nd ref="1754" />
    <nd ref="1755" />
    <nd ref="1723" />
    <nd ref="1724" />
    <tag k="type" v="pedestrian_marking" />
    <tag k="subtype" v="solid" />
  </way>
  <way id="1826">
    <nd ref="1749" />
    <nd ref="1750" />
    <nd ref="1727" />
    <nd ref="1728" />
    <nd ref="1749" />
    <tag k="type" v="pedestrian_marking" />
    <tag k="subtype" v="solid" />
  </way>
  <way id="1830">
    <nd ref="1746" />
    <nd ref="1731" />
    <nd ref="1732" />
    <nd ref="1745" />
    <nd ref="1746" />
    <tag k="type" v="pedestrian_marking" />
    <tag k="subtype" v="solid" />
  </way>
  <way id="1834">
    <nd ref="1741" />
    <nd ref="1742" />
    <nd ref="1736" />
    <nd ref="1737" />
    <nd ref="1741" />
    <tag k="type" v="pedestrian_marking" />
    <tag k="subtype" v="solid" />
  </way>
  <way id="1835">
    <nd ref="1738" />
    <nd ref="1740" />
    <nd ref="1410" />
    <nd ref="1739" />
    <nd ref="1738" />
    <tag k="type" v="pedestrian_marking" />
    <tag k="subtype" v="solid" />
  </way>
  <way id="1836">
    <nd ref="1625" />
    <nd ref="1673" />
    <tag k="type" v="parking_space" />
    <tag k="subtype" v="dashed" />
    <tag k="widht" v="1.9" />
  </way>
  <way id="1837">
    <nd ref="1627" />
    <nd ref="1675" />
    <tag k="type" v="parking_space" />
    <tag k="subtype" v="dashed" />
    <tag k="width" v="1.9" />
  </way>
  <way id="1838">
    <nd ref="1628" />
    <nd ref="1677" />
    <tag k="type" v="parking_space" />
    <tag k="subtype" v="dashed" />
    <tag k="width" v="1.9" />
  </way>
  <way id="1839">
    <nd ref="1629" />
    <nd ref="1679" />
    <tag k="type" v="parking_space" />
    <tag k="subtype" v="dashed" />
    <tag k="width" v="1.9" />
  </way>
  <way id="1840">
    <nd ref="1630" />
    <nd ref="1681" />
    <tag k="type" v="parking_space" />
    <tag k="subtype" v="dashed" />
    <tag k="width" v="1.9" />
  </way>
  <way id="1841">
    <nd ref="1632" />
    <nd ref="1683" />
    <tag k="type" v="parking_space" />
    <tag k="subtype" v="dashed" />
    <tag k="width" v="1.9" />
  </way>
  <way id="1842">
    <nd ref="1633" />
    <nd ref="1685" />
    <tag k="type" v="parking_space" />
    <tag k="subtype" v="dashed" />
    <tag k="width" v="1.9" />
  </way>
  <way id="1846">
    <nd ref="1868" />
    <nd ref="1633" />
    <nd ref="1590" />
    <nd ref="1632" />
    <nd ref="1589" />
    <nd ref="1630" />
    <nd ref="1588" />
    <nd ref="1629" />
    <nd ref="1587" />
    <nd ref="1628" />
    <nd ref="1585" />
    <nd ref="1627" />
    <nd ref="1586" />
    <nd ref="1625" />
    <nd ref="1598" />
    <nd ref="1672" />
    <nd ref="1673" />
    <nd ref="1674" />
    <nd ref="1675" />
    <nd ref="1676" />
    <nd ref="1677" />
    <nd ref="1678" />
    <nd ref="1679" />
    <nd ref="1680" />
    <nd ref="1681" />
    <nd ref="1682" />
    <nd ref="1683" />
    <nd ref="1684" />
    <nd ref="1685" />
    <nd ref="1866" />
    <nd ref="1856" />
    <nd ref="1851" />
    <nd ref="1848" />
    <nd ref="1855" />
    <nd ref="1868" />
    <tag k="type" v="line_thin" />
    <tag k="subtype" v="solid" />
  </way>
  <way id="1857">
    <nd ref="1855" />
    <nd ref="1856" />
    <tag k="type" v="parking_space" />
    <tag k="subtype" v="dashed" />
    <tag k="width" v="1.9" />
  </way>
  <way id="1872">
    <nd ref="1866" />
    <nd ref="1868" />
    <tag k="type" v="line_thin" />
    <tag k="subtype" v="solid" />
  </way>
  <way id="1888">
    <nd ref="1876" />
    <nd ref="1884" />
    <tag k="type" v="line_thin" />
    <tag k="subtype" v="solid" />
  </way>
  <way id="1889">
    <nd ref="1883" />
    <nd ref="1874" />
    <tag k="type" v="line_thin" />
    <tag k="subtype" v="solid" />
  </way>
  <way id="1890">
    <nd ref="1851" />
    <nd ref="1873" />
    <nd ref="1893" />
    <nd ref="1874" />
    <nd ref="1895" />
    <nd ref="1876" />
    <nd ref="1897" />
    <nd ref="1878" />
    <nd ref="1885" />
    <nd ref="1896" />
    <nd ref="1884" />
    <nd ref="1894" />
    <nd ref="1883" />
    <nd ref="1892" />
    <nd ref="1848" />
    <tag k="type" v="line_thin" />
    <tag k="subtype" v="solid" />
  </way>
  <way id="1898">
    <nd ref="1892" />
    <nd ref="1893" />
    <tag k="type" v="parking_space" />
    <tag k="subtype" v="dashed" />
    <tag k="width" v="1.9" />
  </way>
  <way id="1899">
    <nd ref="1894" />
    <nd ref="1895" />
    <tag k="type" v="parking_space" />
    <tag k="subtype" v="dashed" />
    <tag k="width" v="1.9" />
  </way>
  <way id="1900">
    <nd ref="1896" />
    <nd ref="1897" />
    <tag k="type" v="parking_space" />
    <tag k="subtype" v="dashed" />
    <tag k="width" v="1.9" />
  </way>
  <way id="1995">
    <nd ref="1901" />
    <nd ref="1915" />
    <nd ref="1904" />
    <nd ref="1916" />
    <nd ref="1905" />
    <nd ref="1917" />
    <nd ref="1906" />
    <nd ref="1918" />
    <nd ref="1907" />
    <nd ref="1919" />
    <nd ref="1908" />
    <nd ref="1920" />
    <nd ref="1909" />
    <nd ref="1921" />
    <nd ref="1910" />
    <nd ref="1922" />
    <nd ref="1911" />
    <nd ref="1923" />
    <nd ref="1912" />
    <nd ref="1924" />
    <nd ref="1913" />
    <nd ref="1925" />
    <nd ref="1914" />
    <nd ref="1996" />
    <nd ref="1994" />
    <nd ref="1993" />
    <nd ref="2029" />
    <nd ref="1999" />
    <nd ref="2028" />
    <nd ref="2000" />
    <nd ref="2026" />
    <nd ref="2001" />
    <nd ref="2025" />
    <nd ref="1992" />
    <nd ref="1991" />
    <nd ref="2024" />
    <nd ref="2002" />
    <nd ref="2023" />
    <nd ref="2003" />
    <nd ref="2022" />
    <nd ref="2004" />
    <nd ref="2021" />
    <nd ref="1990" />
    <nd ref="2020" />
    <nd ref="1989" />
    <nd ref="2019" />
    <nd ref="1988" />
    <nd ref="2018" />
    <nd ref="1986" />
    <nd ref="2017" />
    <nd ref="1979" />
    <nd ref="1901" />
    <tag k="type" v="line_thin" />
    <tag k="subtype" v="solid" />
  </way>
  <way id="2006">
    <nd ref="1904" />
    <nd ref="1986" />
    <tag k="type" v="line_thin" />
    <tag k="subtype" v="solid" />
  </way>
  <way id="2007">
    <nd ref="1905" />
    <nd ref="1988" />
    <tag k="type" v="line_thin" />
    <tag k="subtype" v="solid" />
  </way>
  <way id="2008">
    <nd ref="1906" />
    <nd ref="1989" />
    <tag k="type" v="line_thin" />
    <tag k="subtype" v="solid" />
  </way>
  <way id="2009">
    <nd ref="1907" />
    <nd ref="1990" />
    <tag k="type" v="line_thin" />
    <tag k="subtype" v="solid" />
  </way>
  <way id="2010">
    <nd ref="1908" />
    <nd ref="2004" />
    <tag k="type" v="line_thin" />
    <tag k="subtype" v="solid" />
  </way>
  <way id="2011">
    <nd ref="1909" />
    <nd ref="2003" />
    <tag k="type" v="line_thin" />
    <tag k="subtype" v="solid" />
  </way>
  <way id="2012">
    <nd ref="1910" />
    <nd ref="2002" />
    <tag k="type" v="line_thin" />
    <tag k="subtype" v="solid" />
  </way>
  <way id="2013">
    <nd ref="1911" />
    <nd ref="1991" />
    <tag k="type" v="line_thin" />
    <tag k="subtype" v="solid" />
  </way>
  <way id="2014">
    <nd ref="1912" />
    <nd ref="2001" />
    <tag k="type" v="line_thin" />
    <tag k="subtype" v="solid" />
  </way>
  <way id="2015">
    <nd ref="1913" />
    <nd ref="2000" />
    <tag k="type" v="line_thin" />
    <tag k="subtype" v="solid" />
  </way>
  <way id="2016">
    <nd ref="1914" />
    <nd ref="1999" />
    <tag k="type" v="line_thin" />
    <tag k="subtype" v="solid" />
  </way>
  <way id="2030">
    <nd ref="1915" />
    <nd ref="2017" />
    <tag k="type" v="parking_space" />
    <tag k="subtype" v="dashed" />
    <tag k="width" v="1.9" />
  </way>
  <way id="2031">
    <nd ref="1916" />
    <nd ref="2018" />
    <tag k="type" v="parking_space" />
    <tag k="subtype" v="dashed" />
    <tag k="width" v="1.9" />
  </way>
  <way id="2032">
    <nd ref="1917" />
    <nd ref="2019" />
    <tag k="type" v="parking_space" />
    <tag k="subtype" v="dashed" />
    <tag k="width" v="1.9" />
  </way>
  <way id="2033">
    <nd ref="1918" />
    <nd ref="2020" />
    <tag k="type" v="parking_space" />
    <tag k="subtype" v="dashed" />
    <tag k="width" v="1.9" />
  </way>
  <way id="2034">
    <nd ref="1919" />
    <nd ref="2021" />
    <tag k="type" v="parking_space" />
    <tag k="subtype" v="dashed" />
    <tag k="width" v="1.9" />
  </way>
  <way id="2035">
    <nd ref="1921" />
    <nd ref="2023" />
    <tag k="type" v="parking_space" />
    <tag k="subtype" v="dashed" />
    <tag k="width" v="1.9" />
  </way>
  <way id="2036">
    <nd ref="1922" />
    <nd ref="2024" />
    <tag k="type" v="parking_space" />
    <tag k="subtype" v="dashed" />
    <tag k="width" v="1.9" />
  </way>
  <way id="2037">
    <nd ref="1923" />
    <nd ref="2025" />
    <tag k="type" v="parking_space" />
    <tag k="subtype" v="dashed" />
    <tag k="width" v="1.9" />
  </way>
  <way id="2038">
    <nd ref="1924" />
    <nd ref="2026" />
    <tag k="type" v="parking_space" />
    <tag k="subtype" v="dashed" />
    <tag k="width" v="1.9" />
  </way>
  <way id="2039">
    <nd ref="1925" />
    <nd ref="2028" />
    <tag k="type" v="parking_space" />
    <tag k="subtype" v="dashed" />
    <tag k="width" v="1.9" />
  </way>
  <way id="2040">
    <nd ref="1996" />
    <nd ref="2029" />
    <tag k="type" v="parking_space" />
    <tag k="subtype" v="dashed" />
    <tag k="width" v="1.9" />
  </way>
  <way id="2041">
    <nd ref="1920" />
    <nd ref="2022" />
    <tag k="type" v="parking_space" />
    <tag k="subtype" v="dashed" />
    <tag k="width" v="1.9" />
  </way>
  <way id="1146">
    <nd ref="1126" />
    <nd ref="1127" />
    <nd ref="1129" />
    <nd ref="1130" />
    <nd ref="1131" />
    <nd ref="1132" />
    <nd ref="1133" />
    <nd ref="1134" />
    <nd ref="1135" />
    <nd ref="1136" />
    <nd ref="1137" />
    <nd ref="1138" />
    <nd ref="1139" />
    <nd ref="1140" />
    <nd ref="1141" />
    <nd ref="1142" />
    <nd ref="1143" />
    <nd ref="1144" />
    <nd ref="1145" />
    <tag k="area" v="yes" />
  </way>
  <way id="1378">
    <nd ref="1354" />
    <nd ref="1355" />
    <nd ref="1357" />
    <nd ref="1358" />
    <nd ref="1359" />
    <nd ref="1360" />
    <nd ref="1361" />
    <nd ref="1362" />
    <nd ref="1363" />
    <nd ref="1364" />
    <nd ref="1365" />
    <nd ref="1366" />
    <nd ref="1367" />
    <nd ref="1368" />
    <nd ref="1369" />
    <nd ref="1370" />
    <nd ref="1371" />
    <nd ref="1372" />
    <nd ref="1373" />
    <nd ref="1374" />
    <nd ref="1375" />
    <nd ref="1376" />
    <nd ref="1377" />
    <tag k="area" v="yes" />
  </way>
  <way id="1615">
    <nd ref="1605" />
    <nd ref="1606" />
    <nd ref="1609" />
    <nd ref="1610" />
    <nd ref="1844" />
    <nd ref="1843" />
    <nd ref="1611" />
    <nd ref="1845" />
    <nd ref="1612" />
    <nd ref="1613" />
    <nd ref="1614" />
    <tag k="type" v="parking_lot" />
    <tag k="area" v="yes" />
  </way>
  <way id="2048">
    <nd ref="2042" />
    <nd ref="2043" />
    <nd ref="2045" />
    <nd ref="2046" />
    <nd ref="2047" />
    <tag k="type" v="drop_zone" />
    <tag k="area" v="yes" />
  </way>
  <way id="2054">
    <nd ref="2049" />
    <nd ref="2050" />
    <nd ref="2051" />
    <nd ref="2052" />
    <nd ref="2053" />
    <tag k="type" v="drop_zone" />
    <tag k="area" v="yes" />
  </way>
  <relation id="32">
    <member type="way" role="left" ref="31" />
    <member type="way" role="right" ref="28" />
    <tag k="type" v="lanelet" />
    <tag k="subtype" v="road" />
    <tag k="speed_limit" v="10" />
    <tag k="location" v="urban" />
    <tag k="one_way" v="yes" />
    <tag k="turn_direction" v="straight" />
  </relation>
  <relation id="58">
    <member type="way" role="left" ref="57" />
    <member type="way" role="right" ref="54" />
    <tag k="type" v="lanelet" />
    <tag k="subtype" v="road" />
    <tag k="speed_limit" v="10" />
    <tag k="location" v="urban" />
    <tag k="one_way" v="yes" />
    <tag k="turn_direction" v="straight" />
  </relation>
  <relation id="67">
    <member type="way" role="left" ref="164" />
    <member type="way" role="right" ref="166" />
    <tag k="type" v="lanelet" />
    <tag k="subtype" v="road" />
    <tag k="speed_limit" v="10" />
    <tag k="location" v="urban" />
    <tag k="one_way" v="yes" />
    <tag k="turn_direction" v="straight" />
  </relation>
  <relation id="116">
    <member type="way" role="left" ref="1092" />
    <member type="way" role="right" ref="1093" />
    <tag k="type" v="lanelet" />
    <tag k="subtype" v="road" />
    <tag k="speed_limit" v="10" />
    <tag k="location" v="urban" />
    <tag k="one_way" v="yes" />
    <tag k="turn_direction" v="straight" />
  </relation>
  <relation id="132">
    <member type="way" role="left" ref="131" />
    <member type="way" role="right" ref="128" />
    <tag k="type" v="lanelet" />
    <tag k="subtype" v="road" />
    <tag k="speed_limit" v="10" />
    <tag k="location" v="urban" />
    <tag k="one_way" v="yes" />
    <tag k="turn_direction" v="straight" />
  </relation>
  <relation id="143">
    <member type="way" role="left" ref="142" />
    <member type="way" role="right" ref="139" />
    <tag k="type" v="lanelet" />
    <tag k="subtype" v="road" />
    <tag k="speed_limit" v="10" />
    <tag k="location" v="urban" />
    <tag k="one_way" v="yes" />
    <tag k="turn_direction" v="straight" />
  </relation>
  <relation id="163">
    <member type="way" role="left" ref="160" />
    <member type="way" role="right" ref="162" />
    <tag k="type" v="lanelet" />
    <tag k="subtype" v="road" />
    <tag k="speed_limit" v="10" />
    <tag k="location" v="urban" />
    <tag k="one_way" v="yes" />
    <tag k="turn_direction" v="straight" />
  </relation>
  <relation id="326">
    <member type="way" role="left" ref="1094" />
    <member type="way" role="right" ref="1095" />
    <tag k="type" v="lanelet" />
    <tag k="subtype" v="road" />
    <tag k="speed_limit" v="10" />
    <tag k="location" v="urban" />
    <tag k="one_way" v="yes" />
    <tag k="turn_direction" v="straight" />
  </relation>
  <relation id="337">
    <member type="way" role="left" ref="335" />
    <member type="way" role="right" ref="336" />
    <tag k="type" v="lanelet" />
    <tag k="subtype" v="road" />
    <tag k="speed_limit" v="10" />
    <tag k="location" v="urban" />
    <tag k="one_way" v="yes" />
    <tag k="turn_direction" v="straight" />
  </relation>
  <relation id="381">
    <member type="way" role="left" ref="379" />
    <member type="way" role="right" ref="380" />
    <tag k="type" v="lanelet" />
    <tag k="subtype" v="road" />
    <tag k="speed_limit" v="10" />
    <tag k="location" v="urban" />
    <tag k="one_way" v="yes" />
    <tag k="turn_direction" v="straight" />
  </relation>
  <relation id="410">
    <member type="way" role="left" ref="543" />
    <member type="way" role="right" ref="545" />
    <tag k="type" v="lanelet" />
    <tag k="subtype" v="road" />
    <tag k="speed_limit" v="10" />
    <tag k="location" v="urban" />
    <tag k="one_way" v="yes" />
    <tag k="turn_direction" v="straight" />
  </relation>
  <relation id="483">
    <member type="way" role="left" ref="1105" />
    <member type="way" role="right" ref="1106" />
    <tag k="type" v="lanelet" />
    <tag k="subtype" v="road" />
    <tag k="speed_limit" v="10" />
    <tag k="location" v="urban" />
    <tag k="one_way" v="yes" />
    <tag k="turn_direction" v="straight" />
  </relation>
  <relation id="507">
    <member type="way" role="left" ref="505" />
    <member type="way" role="right" ref="506" />
    <tag k="type" v="lanelet" />
    <tag k="subtype" v="road" />
    <tag k="speed_limit" v="10" />
    <tag k="location" v="urban" />
    <tag k="one_way" v="yes" />
    <tag k="turn_direction" v="straight" />
  </relation>
  <relation id="547">
    <member type="way" role="left" ref="548" />
    <member type="way" role="right" ref="550" />
    <tag k="type" v="lanelet" />
    <tag k="subtype" v="road" />
    <tag k="speed_limit" v="10" />
    <tag k="location" v="urban" />
    <tag k="one_way" v="yes" />
    <tag k="turn_direction" v="straight" />
  </relation>
  <relation id="552">
    <member type="way" role="left" ref="549" />
    <member type="way" role="right" ref="551" />
    <tag k="type" v="lanelet" />
    <tag k="subtype" v="road" />
    <tag k="speed_limit" v="10" />
    <tag k="location" v="urban" />
    <tag k="one_way" v="yes" />
    <tag k="turn_direction" v="straight" />
  </relation>
  <relation id="575">
    <member type="way" role="left" ref="1088" />
    <member type="way" role="right" ref="1089" />
    <tag k="type" v="lanelet" />
    <tag k="subtype" v="road" />
    <tag k="speed_limit" v="10" />
    <tag k="location" v="urban" />
    <tag k="one_way" v="yes" />
    <tag k="turn_direction" v="straight" />
  </relation>
  <relation id="605">
    <member type="way" role="left" ref="1090" />
    <member type="way" role="right" ref="1091" />
    <tag k="type" v="lanelet" />
    <tag k="subtype" v="road" />
    <tag k="speed_limit" v="10" />
    <tag k="location" v="urban" />
    <tag k="one_way" v="yes" />
    <tag k="turn_direction" v="straight" />
  </relation>
  <relation id="629">
    <member type="way" role="left" ref="627" />
    <member type="way" role="right" ref="628" />
    <tag k="type" v="lanelet" />
    <tag k="subtype" v="road" />
    <tag k="speed_limit" v="10" />
    <tag k="location" v="urban" />
    <tag k="one_way" v="yes" />
    <tag k="turn_direction" v="right" />
  </relation>
  <relation id="659">
    <member type="way" role="left" ref="839" />
    <member type="way" role="right" ref="840" />
    <tag k="type" v="lanelet" />
    <tag k="subtype" v="road" />
    <tag k="speed_limit" v="10" />
    <tag k="location" v="urban" />
    <tag k="one_way" v="yes" />
    <tag k="turn_direction" v="straight" />
  </relation>
  <relation id="686">
    <member type="way" role="left" ref="884" />
    <member type="way" role="right" ref="886" />
    <tag k="type" v="lanelet" />
    <tag k="subtype" v="road" />
    <tag k="speed_limit" v="10" />
    <tag k="location" v="urban" />
    <tag k="one_way" v="yes" />
    <tag k="turn_direction" v="straight" />
  </relation>
  <relation id="713">
    <member type="way" role="left" ref="711" />
    <member type="way" role="right" ref="712" />
    <tag k="type" v="lanelet" />
    <tag k="subtype" v="road" />
    <tag k="speed_limit" v="10" />
    <tag k="location" v="urban" />
    <tag k="one_way" v="yes" />
    <tag k="turn_direction" v="straight" />
  </relation>
  <relation id="751">
    <member type="way" role="left" ref="749" />
    <member type="way" role="right" ref="750" />
    <tag k="type" v="lanelet" />
    <tag k="subtype" v="road" />
    <tag k="speed_limit" v="10" />
    <tag k="location" v="urban" />
    <tag k="one_way" v="yes" />
    <tag k="turn_direction" v="straight" />
  </relation>
  <relation id="754">
    <member type="way" role="left" ref="1103" />
    <member type="way" role="right" ref="1104" />
    <tag k="type" v="lanelet" />
    <tag k="subtype" v="road" />
    <tag k="speed_limit" v="10" />
    <tag k="location" v="urban" />
    <tag k="one_way" v="yes" />
    <tag k="turn_direction" v="straight" />
  </relation>
  <relation id="782">
    <member type="way" role="left" ref="780" />
    <member type="way" role="right" ref="781" />
    <tag k="type" v="lanelet" />
    <tag k="subtype" v="road" />
    <tag k="speed_limit" v="10" />
    <tag k="location" v="urban" />
    <tag k="one_way" v="yes" />
    <tag k="turn_direction" v="right" />
  </relation>
  <relation id="806">
    <member type="way" role="left" ref="803" />
    <member type="way" role="right" ref="805" />
    <tag k="type" v="lanelet" />
    <tag k="subtype" v="road" />
    <tag k="speed_limit" v="10" />
    <tag k="location" v="urban" />
    <tag k="one_way" v="yes" />
    <tag k="turn_direction" v="straight" />
  </relation>
  <relation id="855">
    <member type="way" role="left" ref="852" />
    <member type="way" role="right" ref="854" />
    <tag k="type" v="lanelet" />
    <tag k="subtype" v="road" />
    <tag k="speed_limit" v="10" />
    <tag k="location" v="urban" />
    <tag k="one_way" v="yes" />
    <tag k="turn_direction" v="straight" />
  </relation>
  <relation id="888">
    <member type="way" role="left" ref="885" />
    <member type="way" role="right" ref="887" />
    <tag k="type" v="lanelet" />
    <tag k="subtype" v="road" />
    <tag k="speed_limit" v="10" />
    <tag k="location" v="urban" />
    <tag k="one_way" v="yes" />
    <tag k="turn_direction" v="straight" />
  </relation>
  <relation id="903">
    <member type="way" role="left" ref="935" />
    <member type="way" role="right" ref="936" />
    <tag k="type" v="lanelet" />
    <tag k="subtype" v="road" />
    <tag k="speed_limit" v="10" />
    <tag k="location" v="urban" />
    <tag k="one_way" v="yes" />
    <tag k="turn_direction" v="straight" />
  </relation>
  <relation id="921">
    <member type="way" role="left" ref="954" />
    <member type="way" role="right" ref="955" />
    <tag k="type" v="lanelet" />
    <tag k="subtype" v="road" />
    <tag k="speed_limit" v="10" />
    <tag k="location" v="urban" />
    <tag k="one_way" v="yes" />
    <tag k="turn_direction" v="straight" />
  </relation>
  <relation id="953">
    <member type="way" role="left" ref="950" />
    <member type="way" role="right" ref="952" />
    <tag k="type" v="lanelet" />
    <tag k="subtype" v="road" />
    <tag k="speed_limit" v="10" />
    <tag k="location" v="urban" />
    <tag k="one_way" v="yes" />
    <tag k="turn_direction" v="straight" />
  </relation>
  <relation id="1100">
    <member type="way" role="left" ref="1101" />
    <member type="way" role="right" ref="1102" />
    <tag k="type" v="lanelet" />
    <tag k="subtype" v="road" />
    <tag k="speed_limit" v="10" />
    <tag k="location" v="urban" />
    <tag k="one_way" v="yes" />
    <tag k="turn_direction" v="straight" />
  </relation>
  <relation id="1413">
    <member type="way" role="left" ref="1412" />
    <member type="way" role="right" ref="1409" />
    <tag k="type" v="lanelet" />
    <tag k="subtype" v="crosswalk" />
    <tag k="speed_limit" v="10" />
    <tag k="location" v="urban" />
    <tag k="one_way" v="no" />
  </relation>
  <relation id="1219">
    <member type="way" role="outer" ref="1210" />
    <tag k="type" v="multipolygon" />
    <tag k="subtype" v="camping_site_13" />
  </relation>
  <relation id="1233">
    <member type="way" role="outer" ref="1232" />
    <tag k="type" v="multipolygon" />
    <tag k="subtype" v="camping_site_12" />
  </relation>
  <relation id="1245">
    <member type="way" role="outer" ref="1244" />
    <tag k="type" v="multipolygon" />
    <tag k="subtype" v="camping_site_10" />
  </relation>
  <relation id="1254">
    <member type="way" role="outer" ref="1253" />
    <tag k="type" v="multipolygon" />
    <tag k="subtype" v="camping_site_8" />
  </relation>
  <relation id="1263">
    <member type="way" role="outer" ref="1262" />
    <tag k="type" v="multipolygon" />
    <tag k="subtype" v="camping_site_6" />
  </relation>
  <relation id="1272">
    <member type="way" role="outer" ref="1271" />
    <tag k="type" v="multipolygon" />
    <tag k="subtype" v="camping_site_4" />
  </relation>
  <relation id="1281">
    <member type="way" role="outer" ref="1280" />
    <tag k="type" v="multipolygon" />
    <tag k="subtype" v="camping_site_2" />
  </relation>
  <relation id="1293">
    <member type="way" role="outer" ref="1292" />
    <tag k="type" v="multipolygon" />
    <tag k="subtype" v="camping_site_11" />
  </relation>
  <relation id="1305">
    <member type="way" role="outer" ref="1304" />
    <tag k="type" v="multipolygon" />
    <tag k="subtype" v="camping_site_9" />
  </relation>
  <relation id="1317">
    <member type="way" role="outer" ref="1316" />
    <tag k="type" v="multipolygon" />
    <tag k="subtype" v="camping_site_7" />
  </relation>
  <relation id="1329">
    <member type="way" role="outer" ref="1328" />
    <tag k="type" v="multipolygon" />
    <tag k="subtype" v="camping_site_5" />
  </relation>
  <relation id="1341">
    <member type="way" role="outer" ref="1340" />
    <tag k="type" v="multipolygon" />
    <tag k="subtype" v="camping_site_3" />
  </relation>
  <relation id="1353">
    <member type="way" role="outer" ref="1352" />
    <tag k="type" v="multipolygon" />
    <tag k="subtype" v="camping_site_1" />
  </relation>
</osm>