<?xml version='1.0' encoding='UTF-8'?>
<osm generator="VMB">
  <MetaInfo format_version="1" map_version="5" validation_version="1" />
  <node id="1" lat="36.84358138171" lon="128.09280249837">
    <tag k="local_x" v="21.2194" />
    <tag k="local_y" v="0.6507" />
    <tag k="ele" v="-2.3294" />
  </node>
  <node id="2" lat="36.84358239302" lon="128.09276500105">
    <tag k="local_x" v="17.8771" />
    <tag k="local_y" v="0.7947" />
    <tag k="ele" v="-2.0831" />
  </node>
  <node id="4" lat="36.84356880362" lon="128.09280196012">
    <tag k="local_x" v="21.1581" />
    <tag k="local_y" v="-0.7442" />
    <tag k="ele" v="-2.3294" />
  </node>
  <node id="5" lat="36.84356982182" lon="128.09276441275">
    <tag k="local_x" v="17.8115" />
    <tag k="local_y" v="-0.5994" />
    <tag k="ele" v="-2.0831" />
  </node>
  <node id="26" lat="36.84356950685" lon="128.09263757835">
    <tag k="local_x" v="6.5024" />
    <tag k="local_y" v="-0.5270" />
    <tag k="ele" v="-1.2394" />
  </node>
  <node id="27" lat="36.84357054146" lon="128.09261321363">
    <tag k="local_x" v="4.3311" />
    <tag k="local_y" v="-0.3916" />
    <tag k="ele" v="-1.0902" />
  </node>
  <node id="29" lat="36.84355692984" lon="128.09263675033">
    <tag k="local_x" v="6.4153" />
    <tag k="local_y" v="-1.9215" />
    <tag k="ele" v="-1.2394" />
  </node>
  <node id="30" lat="36.84355797048" lon="128.09261239167">
    <tag k="local_x" v="4.2446" />
    <tag k="local_y" v="-1.7854" />
    <tag k="ele" v="-1.0902" />
  </node>
  <node id="33" lat="36.84358079617" lon="128.09257596308">
    <tag k="local_x" v="1.0206" />
    <tag k="local_y" v="0.7776" />
    <tag k="ele" v="-0.9177" />
  </node>
  <node id="34" lat="36.84358034166" lon="128.09255327797">
    <tag k="local_x" v="-1.0025" />
    <tag k="local_y" v="0.7464" />
    <tag k="ele" v="-0.8576" />
  </node>
  <node id="36" lat="36.84356827546" lon="128.09257144498">
    <tag k="local_x" v="0.6046" />
    <tag k="local_y" v="-0.6076" />
    <tag k="ele" v="-0.8995" />
  </node>
  <node id="37" lat="36.84356773518" lon="128.09255345450">
    <tag k="local_x" v="-1.0000" />
    <tag k="local_y" v="-0.6523" />
    <tag k="ele" v="-0.8574" />
  </node>
  <node id="40" lat="36.84358020474" lon="128.09253554175">
    <tag k="local_x" v="-2.5840" />
    <tag k="local_y" v="0.7462" />
    <tag k="ele" v="-0.8224" />
  </node>
  <node id="41" lat="36.84356758687" lon="128.09253538600">
    <tag k="local_x" v="-2.6112" />
    <tag k="local_y" v="-0.6534" />
    <tag k="ele" v="-0.8227" />
  </node>
  <node id="42" lat="36.84358074591" lon="128.09251782599">
    <tag k="local_x" v="-4.1630" />
    <tag k="local_y" v="0.8212" />
    <tag k="ele" v="-0.799" />
  </node>
  <node id="43" lat="36.84356811780" lon="128.09251735265">
    <tag k="local_x" v="-4.2185" />
    <tag k="local_y" v="-0.5792" />
    <tag k="ele" v="-0.7996" />
  </node>
  <node id="44" lat="36.84358251763" lon="128.09250023070">
    <tag k="local_x" v="-5.7300" />
    <tag k="local_y" v="1.0327" />
    <tag k="ele" v="-0.7953" />
  </node>
  <node id="45" lat="36.84356986793" lon="128.09249943108">
    <tag k="local_x" v="-5.8146" />
    <tag k="local_y" v="-0.3699" />
    <tag k="ele" v="-0.7951" />
  </node>
  <node id="46" lat="36.84358462152" lon="128.09248269568">
    <tag k="local_x" v="-7.2912" />
    <tag k="local_y" v="1.2809" />
    <tag k="ele" v="-0.8023" />
  </node>
  <node id="47" lat="36.84357199438" lon="128.09248157189">
    <tag k="local_x" v="-7.4047" />
    <tag k="local_y" v="-0.1189" />
    <tag k="ele" v="-0.8015" />
  </node>
  <node id="48" lat="36.84359366384" lon="128.09241264875">
    <tag k="local_x" v="-13.5271" />
    <tag k="local_y" v="2.3434" />
    <tag k="ele" v="-0.8738" />
  </node>
  <node id="49" lat="36.84358120970" lon="128.09241023545">
    <tag k="local_x" v="-13.7554" />
    <tag k="local_y" v="0.9638" />
    <tag k="ele" v="-0.8738" />
  </node>
  <node id="50" lat="36.84360839097" lon="128.09219785374">
    <tag k="local_x" v="-32.6630" />
    <tag k="local_y" v="4.1590" />
    <tag k="ele" v="-1.0682" />
  </node>
  <node id="51" lat="36.84359577838" lon="128.09219825458">
    <tag k="local_x" v="-32.6405" />
    <tag k="local_y" v="2.7595" />
    <tag k="ele" v="-1.0682" />
  </node>
  <node id="52" lat="36.84361043146" lon="128.09215802965">
    <tag k="local_x" v="-36.2116" />
    <tag k="local_y" v="4.4191" />
    <tag k="ele" v="-1.1381" />
  </node>
  <node id="53" lat="36.84361152391" lon="128.09214026550">
    <tag k="local_x" v="-37.7943" />
    <tag k="local_y" v="4.5554" />
    <tag k="ele" v="-1.1467" />
  </node>
  <node id="55" lat="36.84359784456" lon="128.09215683807">
    <tag k="local_x" v="-36.3311" />
    <tag k="local_y" v="3.0238" />
    <tag k="ele" v="-1.1381" />
  </node>
  <node id="56" lat="36.84359893759" lon="128.09213896611">
    <tag k="local_x" v="-37.9234" />
    <tag k="local_y" v="3.1602" />
    <tag k="ele" v="-1.1467" />
  </node>
  <node id="59" lat="36.84361908315" lon="128.09208907761">
    <tag k="local_x" v="-42.3503" />
    <tag k="local_y" v="5.4373" />
    <tag k="ele" v="-1.1227" />
  </node>
  <node id="60" lat="36.84360686177" lon="128.09208502755">
    <tag k="local_x" v="-42.7243" />
    <tag k="local_y" v="4.0850" />
    <tag k="ele" v="-1.1227" />
  </node>
  <node id="61" lat="36.84364055559" lon="128.09207622736">
    <tag k="local_x" v="-43.4734" />
    <tag k="local_y" v="7.8303" />
    <tag k="ele" v="-1.1885" />
  </node>
  <node id="62" lat="36.84367102683" lon="128.09210629844">
    <tag k="local_x" v="-40.7601" />
    <tag k="local_y" v="11.1851" />
    <tag k="ele" v="-1.3915" />
  </node>
  <node id="64" lat="36.84364459141" lon="128.09206022928">
    <tag k="local_x" v="-44.8956" />
    <tag k="local_y" v="8.2915" />
    <tag k="ele" v="-1.1885" />
  </node>
  <node id="65" lat="36.84367668014" lon="128.09209104128">
    <tag k="local_x" v="-42.1145" />
    <tag k="local_y" v="11.8252" />
    <tag k="ele" v="-1.3915" />
  </node>
  <node id="68" lat="36.84373063996" lon="128.09214124885">
    <tag k="local_x" v="-37.5811" />
    <tag k="local_y" v="17.7686" />
    <tag k="ele" v="-1.6869" />
  </node>
  <node id="69" lat="36.84373667097" lon="128.09212619686">
    <tag k="local_x" v="-38.9167" />
    <tag k="local_y" v="18.4504" />
    <tag k="ele" v="-1.6869" />
  </node>
  <node id="70" lat="36.84376797976" lon="128.09216589636">
    <tag k="local_x" v="-35.3441" />
    <tag k="local_y" v="21.8900" />
    <tag k="ele" v="-1.9254" />
  </node>
  <node id="71" lat="36.84377434008" lon="128.09215104152">
    <tag k="local_x" v="-36.6619" />
    <tag k="local_y" v="22.6082" />
    <tag k="ele" v="-1.9254" />
  </node>
  <node id="79" lat="36.84381203064" lon="128.09220020586">
    <tag k="local_x" v="-32.2386" />
    <tag k="local_y" v="26.7477" />
    <tag k="ele" v="-2.162" />
  </node>
  <node id="80" lat="36.84383944601" lon="128.09221718409">
    <tag k="local_x" v="-30.6959" />
    <tag k="local_y" v="29.7746" />
    <tag k="ele" v="-2.348" />
  </node>
  <node id="82" lat="36.84381767095" lon="128.09218617800">
    <tag k="local_x" v="-33.4834" />
    <tag k="local_y" v="27.3853" />
    <tag k="ele" v="-2.162" />
  </node>
  <node id="83" lat="36.84384500364" lon="128.09220316702">
    <tag k="local_x" v="-31.9398" />
    <tag k="local_y" v="30.4030" />
    <tag k="ele" v="-2.348" />
  </node>
  <node id="88" lat="36.84385148820" lon="128.09222433441">
    <tag k="local_x" v="-30.0457" />
    <tag k="local_y" v="31.1044" />
    <tag k="ele" v="-2.5786" />
  </node>
  <node id="89" lat="36.84385713597" lon="128.09221049248">
    <tag k="local_x" v="-31.2739" />
    <tag k="local_y" v="31.7427" />
    <tag k="ele" v="-2.5786" />
  </node>
  <node id="90" lat="36.84385360025" lon="128.09222550143">
    <tag k="local_x" v="-29.9394" />
    <tag k="local_y" v="31.3377" />
    <tag k="ele" v="-2.6538" />
  </node>
  <node id="91" lat="36.84386191765" lon="128.09221388642">
    <tag k="local_x" v="-30.9662" />
    <tag k="local_y" v="32.2703" />
    <tag k="ele" v="-2.6538" />
  </node>
  <node id="92" lat="36.84385050940" lon="128.09226055676">
    <tag k="local_x" v="-26.8171" />
    <tag k="local_y" v="30.9652" />
    <tag k="ele" v="-2.9525" />
  </node>
  <node id="95" lat="36.84386187684" lon="128.09226710039">
    <tag k="local_x" v="-26.2217" />
    <tag k="local_y" v="32.2207" />
    <tag k="ele" v="-2.9525" />
  </node>
  <node id="99" lat="36.84382030944" lon="128.09231159087">
    <tag k="local_x" v="-22.2987" />
    <tag k="local_y" v="27.5717" />
    <tag k="ele" v="-3.1893" />
  </node>
  <node id="100" lat="36.84383018745" lon="128.09232136685">
    <tag k="local_x" v="-21.4166" />
    <tag k="local_y" v="28.6593" />
    <tag k="ele" v="-3.1893" />
  </node>
  <node id="110" lat="36.84375404952" lon="128.09244891254">
    <tag k="local_x" v="-10.1248" />
    <tag k="local_y" v="20.1049" />
    <tag k="ele" v="-2.7403" />
  </node>
  <node id="111" lat="36.84375267001" lon="128.09245573817">
    <tag k="local_x" v="-9.5177" />
    <tag k="local_y" v="19.9461" />
    <tag k="ele" v="-2.7098" />
  </node>
  <node id="113" lat="36.84376626048" lon="128.09245272483">
    <tag k="local_x" v="-9.7720" />
    <tag k="local_y" v="21.4563" />
    <tag k="ele" v="-2.7403" />
  </node>
  <node id="114" lat="36.84376490548" lon="128.09245949046">
    <tag k="local_x" v="-9.1702" />
    <tag k="local_y" v="21.3003" />
    <tag k="ele" v="-2.7098" />
  </node>
  <node id="117" lat="36.84374793490" lon="128.09248256324">
    <tag k="local_x" v="-7.1309" />
    <tag k="local_y" v="19.3981" />
    <tag k="ele" v="-2.6503" />
  </node>
  <node id="118" lat="36.84376031142" lon="128.09248560567">
    <tag k="local_x" v="-6.8466" />
    <tag k="local_y" v="20.7685" />
    <tag k="ele" v="-2.6503" />
  </node>
  <node id="126" lat="36.84380323860" lon="128.09233976063">
    <tag k="local_x" v="-19.8050" />
    <tag k="local_y" v="25.6541" />
    <tag k="ele" v="-3.3671" />
  </node>
  <node id="127" lat="36.84379043732" lon="128.09236203213">
    <tag k="local_x" v="-17.8328" />
    <tag k="local_y" v="24.2152" />
    <tag k="ele" v="-3.3667" />
  </node>
  <node id="129" lat="36.84381350466" lon="128.09234889314">
    <tag k="local_x" v="-18.9800" />
    <tag k="local_y" v="26.7852" />
    <tag k="ele" v="-3.3671" />
  </node>
  <node id="130" lat="36.84380068923" lon="128.09237117709">
    <tag k="local_x" v="-17.0066" />
    <tag k="local_y" v="25.3447" />
    <tag k="ele" v="-3.3667" />
  </node>
  <node id="133" lat="36.84378230709" lon="128.09237619892">
    <tag k="local_x" v="-16.5782" />
    <tag k="local_y" v="23.3012" />
    <tag k="ele" v="-3.2805" />
  </node>
  <node id="134" lat="36.84379279284" lon="128.09238482958">
    <tag k="local_x" v="-15.7977" />
    <tag k="local_y" v="24.4572" />
    <tag k="ele" v="-3.2805" />
  </node>
  <node id="135" lat="36.84377300240" lon="128.09239488063">
    <tag k="local_x" v="-14.9224" />
    <tag k="local_y" v="22.2532" />
    <tag k="ele" v="-3.0667" />
  </node>
  <node id="136" lat="36.84378366847" lon="128.09240309754">
    <tag k="local_x" v="-14.1785" />
    <tag k="local_y" v="23.4295" />
    <tag k="ele" v="-3.0667" />
  </node>
  <node id="137" lat="36.84374144571" lon="128.09251985488">
    <tag k="local_x" v="-3.8128" />
    <tag k="local_y" v="18.6466" />
    <tag k="ele" v="-2.7267" />
  </node>
  <node id="138" lat="36.84373916006" lon="128.09253310150">
    <tag k="local_x" v="-2.6341" />
    <tag k="local_y" v="18.3819" />
    <tag k="ele" v="-2.768" />
  </node>
  <node id="140" lat="36.84375201474" lon="128.09252266043">
    <tag k="local_x" v="-3.5515" />
    <tag k="local_y" v="19.8167" />
    <tag k="ele" v="-2.7267" />
  </node>
  <node id="141" lat="36.84374975576" lon="128.09253589665">
    <tag k="local_x" v="-2.3737" />
    <tag k="local_y" v="19.5549" />
    <tag k="ele" v="-2.768" />
  </node>
  <node id="144" lat="36.84373107673" lon="128.09258656333">
    <tag k="local_x" v="2.1241" />
    <tag k="local_y" v="17.4399" />
    <tag k="ele" v="-2.9862" />
  </node>
  <node id="145" lat="36.84374171735" lon="128.09258888651">
    <tag k="local_x" v="2.3424" />
    <tag k="local_y" v="18.6183" />
    <tag k="ele" v="-2.9862" />
  </node>
  <node id="169" lat="36.84358443409" lon="128.09238373348">
    <tag k="local_x" v="-16.1150" />
    <tag k="local_y" v="1.3440" />
    <tag k="ele" v="-0.8973" />
  </node>
  <node id="170" lat="36.84358764762" lon="128.09235719362">
    <tag k="local_x" v="-18.4779" />
    <tag k="local_y" v="1.7229" />
    <tag k="ele" v="-0.9187" />
  </node>
  <node id="171" lat="36.84359080875" lon="128.09233067353">
    <tag k="local_x" v="-20.8391" />
    <tag k="local_y" v="2.0961" />
    <tag k="ele" v="-0.9396" />
  </node>
  <node id="172" lat="36.84359381153" lon="128.09230421711">
    <tag k="local_x" v="-23.1948" />
    <tag k="local_y" v="2.4516" />
    <tag k="ele" v="-0.9603" />
  </node>
  <node id="173" lat="36.84359621512" lon="128.09227794264">
    <tag k="local_x" v="-25.5350" />
    <tag k="local_y" v="2.7405" />
    <tag k="ele" v="-0.9813" />
  </node>
  <node id="174" lat="36.84359707837" lon="128.09225170140">
    <tag k="local_x" v="-27.8738" />
    <tag k="local_y" v="2.8585" />
    <tag k="ele" v="-1.0035" />
  </node>
  <node id="175" lat="36.84359634121" lon="128.09222514070">
    <tag k="local_x" v="-30.2427" />
    <tag k="local_y" v="2.7992" />
    <tag k="ele" v="-1.0314" />
  </node>
  <node id="176" lat="36.84359691798" lon="128.09238607142">
    <tag k="local_x" v="-15.8934" />
    <tag k="local_y" v="2.7269" />
    <tag k="ele" v="-0.8973" />
  </node>
  <node id="177" lat="36.84360013539" lon="128.09235950713">
    <tag k="local_x" v="-18.2585" />
    <tag k="local_y" v="3.1063" />
    <tag k="ele" v="-0.9187" />
  </node>
  <node id="178" lat="36.84360329286" lon="128.09233291149">
    <tag k="local_x" v="-20.6264" />
    <tag k="local_y" v="3.4791" />
    <tag k="ele" v="-0.9396" />
  </node>
  <node id="179" lat="36.84360632048" lon="128.09230621645">
    <tag k="local_x" v="-23.0034" />
    <tag k="local_y" v="3.8376" />
    <tag k="ele" v="-0.9603" />
  </node>
  <node id="180" lat="36.84360879604" lon="128.09227914615">
    <tag k="local_x" v="-25.4144" />
    <tag k="local_y" v="4.1351" />
    <tag k="ele" v="-0.9813" />
  </node>
  <node id="181" lat="36.84360968167" lon="128.09225174480">
    <tag k="local_x" v="-27.8566" />
    <tag k="local_y" v="4.2566" />
    <tag k="ele" v="-1.0035" />
  </node>
  <node id="182" lat="36.84360893364" lon="128.09222465074">
    <tag k="local_x" v="-30.2731" />
    <tag k="local_y" v="4.1965" />
    <tag k="ele" v="-1.0314" />
  </node>
  <node id="183" lat="36.84358363846" lon="128.09272755571">
    <tag k="local_x" v="14.5398" />
    <tag k="local_y" v="0.9645" />
    <tag k="ele" v="-1.8413" />
  </node>
  <node id="184" lat="36.84358545554" lon="128.09269012864">
    <tag k="local_x" v="11.2047" />
    <tag k="local_y" v="1.1978" />
    <tag k="ele" v="-1.6103" />
  </node>
  <node id="185" lat="36.84357107340" lon="128.09272676112">
    <tag k="local_x" v="14.4557" />
    <tag k="local_y" v="-0.4287" />
    <tag k="ele" v="-1.8413" />
  </node>
  <node id="186" lat="36.84357287519" lon="128.09268919925">
    <tag k="local_x" v="11.1085" />
    <tag k="local_y" v="-0.1970" />
    <tag k="ele" v="-1.6103" />
  </node>
  <node id="187" lat="36.84361274937" lon="128.09212293467">
    <tag k="local_x" v="-39.3382" />
    <tag k="local_y" v="4.7060" />
    <tag k="ele" v="-1.153" />
  </node>
  <node id="188" lat="36.84361540037" lon="128.09210606891">
    <tag k="local_x" v="-40.8392" />
    <tag k="local_y" v="5.0144" />
    <tag k="ele" v="-1.1431" />
  </node>
  <node id="189" lat="36.84360025259" lon="128.09212069694">
    <tag k="local_x" v="-39.5509" />
    <tag k="local_y" v="3.3216" />
    <tag k="ele" v="-1.153" />
  </node>
  <node id="190" lat="36.84360313350" lon="128.09210254133">
    <tag k="local_x" v="-41.1667" />
    <tag k="local_y" v="3.6566" />
    <tag k="ele" v="-1.1431" />
  </node>
  <node id="218" lat="36.84386470458" lon="128.09221645899">
    <tag k="local_x" v="-30.7339" />
    <tag k="local_y" v="32.5773" />
    <tag k="ele" v="-2.6538" />
  </node>
  <node id="219" lat="36.84386717229" lon="128.09221946097">
    <tag k="local_x" v="-30.4637" />
    <tag k="local_y" v="32.8485" />
    <tag k="ele" v="-2.6538" />
  </node>
  <node id="220" lat="36.84386914540" lon="128.09222297278">
    <tag k="local_x" v="-30.1485" />
    <tag k="local_y" v="33.0644" />
    <tag k="ele" v="-2.6538" />
  </node>
  <node id="221" lat="36.84387057490" lon="128.09222690430">
    <tag k="local_x" v="-29.7964" />
    <tag k="local_y" v="33.2196" />
    <tag k="ele" v="-2.6542" />
  </node>
  <node id="222" lat="36.84385562198" lon="128.09222697418">
    <tag k="local_x" v="-29.8060" />
    <tag k="local_y" v="31.5608" />
    <tag k="ele" v="-2.6538" />
  </node>
  <node id="223" lat="36.84385732835" lon="128.09222892830">
    <tag k="local_x" v="-29.6299" />
    <tag k="local_y" v="31.7484" />
    <tag k="ele" v="-2.654" />
  </node>
  <node id="224" lat="36.84385856844" lon="128.09223138533">
    <tag k="local_x" v="-29.4096" />
    <tag k="local_y" v="31.8839" />
    <tag k="ele" v="-2.654" />
  </node>
  <node id="225" lat="36.84385923803" lon="128.09223418146">
    <tag k="local_x" v="-29.1595" />
    <tag k="local_y" v="31.9558" />
    <tag k="ele" v="-2.649" />
  </node>
  <node id="229" lat="36.84385928117" lon="128.09223706765">
    <tag k="local_x" v="-28.9022" />
    <tag k="local_y" v="31.9582" />
    <tag k="ele" v="-2.6518" />
  </node>
  <node id="230" lat="36.84385869464" lon="128.09223988300">
    <tag k="local_x" v="-28.6518" />
    <tag k="local_y" v="31.8907" />
    <tag k="ele" v="-2.6695" />
  </node>
  <node id="231" lat="36.84385784593" lon="128.09224257128">
    <tag k="local_x" v="-28.4130" />
    <tag k="local_y" v="31.7943" />
    <tag k="ele" v="-2.6983" />
  </node>
  <node id="232" lat="36.84385684355" lon="128.09224516742">
    <tag k="local_x" v="-28.1826" />
    <tag k="local_y" v="31.6809" />
    <tag k="ele" v="-2.7331" />
  </node>
  <node id="233" lat="36.84387148017" lon="128.09223105583">
    <tag k="local_x" v="-29.4253" />
    <tag k="local_y" v="33.3165" />
    <tag k="ele" v="-2.6521" />
  </node>
  <node id="234" lat="36.84387188147" lon="128.09223532325">
    <tag k="local_x" v="-29.0444" />
    <tag k="local_y" v="33.3574" />
    <tag k="ele" v="-2.6466" />
  </node>
  <node id="235" lat="36.84387134238" lon="128.09223956000">
    <tag k="local_x" v="-28.6672" />
    <tag k="local_y" v="33.2940" />
    <tag k="ele" v="-2.6651" />
  </node>
  <node id="236" lat="36.84387025873" lon="128.09224364451">
    <tag k="local_x" v="-28.3042" />
    <tag k="local_y" v="33.1704" />
    <tag k="ele" v="-2.6978" />
  </node>
  <node id="237" lat="36.84384273977" lon="128.09230176125">
    <tag k="local_x" v="-23.1515" />
    <tag k="local_y" v="30.0683" />
    <tag k="ele" v="-3.0877" />
  </node>
  <node id="238" lat="36.84383855526" lon="128.09230830504">
    <tag k="local_x" v="-22.5724" />
    <tag k="local_y" v="29.5986" />
    <tag k="ele" v="-3.1209" />
  </node>
  <node id="239" lat="36.84383438647" lon="128.09231484098">
    <tag k="local_x" v="-21.9941" />
    <tag k="local_y" v="29.1306" />
    <tag k="ele" v="-3.1549" />
  </node>
  <node id="240" lat="36.84383215190" lon="128.09229317031">
    <tag k="local_x" v="-23.9286" />
    <tag k="local_y" v="28.9011" />
    <tag k="ele" v="-3.0909" />
  </node>
  <node id="241" lat="36.84382820064" lon="128.09229928851">
    <tag k="local_x" v="-23.3873" />
    <tag k="local_y" v="28.4575" />
    <tag k="ele" v="-3.1243" />
  </node>
  <node id="242" lat="36.84382427537" lon="128.09230544904">
    <tag k="local_x" v="-22.8421" />
    <tag k="local_y" v="28.0169" />
    <tag k="ele" v="-3.157" />
  </node>
  <node id="327" lat="36.84385971075" lon="128.09227249544">
    <tag k="local_x" v="-25.7429" />
    <tag k="local_y" v="31.9758" />
    <tag k="ele" v="-2.9525" />
  </node>
  <node id="328" lat="36.84385731908" lon="128.09227775375">
    <tag k="local_x" v="-25.2766" />
    <tag k="local_y" v="31.7060" />
    <tag k="ele" v="-2.9525" />
  </node>
  <node id="329" lat="36.84385470084" lon="128.09228281905">
    <tag k="local_x" v="-24.8278" />
    <tag k="local_y" v="31.4113" />
    <tag k="ele" v="-2.9495" />
  </node>
  <node id="330" lat="36.84385180595" lon="128.09228766187">
    <tag k="local_x" v="-24.3990" />
    <tag k="local_y" v="31.0860" />
    <tag k="ele" v="-2.9714" />
  </node>
  <node id="331" lat="36.84384844265" lon="128.09226566584">
    <tag k="local_x" v="-26.3638" />
    <tag k="local_y" v="30.7316" />
    <tag k="ele" v="-2.9525" />
  </node>
  <node id="332" lat="36.84384609248" lon="128.09227058113">
    <tag k="local_x" v="-25.9280" />
    <tag k="local_y" v="30.4667" />
    <tag k="ele" v="-2.9525" />
  </node>
  <node id="333" lat="36.84384352167" lon="128.09227531173">
    <tag k="local_x" v="-25.5089" />
    <tag k="local_y" v="30.1775" />
    <tag k="ele" v="-2.9517" />
  </node>
  <node id="334" lat="36.84384072199" lon="128.09227980310">
    <tag k="local_x" v="-25.1114" />
    <tag k="local_y" v="29.8631" />
    <tag k="ele" v="-2.9796" />
  </node>
  <node id="338" lat="36.84383787885" lon="128.09228427781">
    <tag k="local_x" v="-24.7154" />
    <tag k="local_y" v="29.5439" />
    <tag k="ele" v="-3.016" />
  </node>
  <node id="339" lat="36.84383500548" lon="128.09228872334">
    <tag k="local_x" v="-24.3221" />
    <tag k="local_y" v="29.2214" />
    <tag k="ele" v="-3.0541" />
  </node>
  <node id="340" lat="36.84384879129" lon="128.09229236445">
    <tag k="local_x" v="-23.9829" />
    <tag k="local_y" v="30.7476" />
    <tag k="ele" v="-3.0088" />
  </node>
  <node id="341" lat="36.84384577270" lon="128.09229705439">
    <tag k="local_x" v="-23.5679" />
    <tag k="local_y" v="30.4088" />
    <tag k="ele" v="-3.0488" />
  </node>
  <node id="342" lat="36.84382749216" lon="128.09232559846">
    <tag k="local_x" v="-21.0422" />
    <tag k="local_y" v="28.3567" />
    <tag k="ele" v="-3.1893" />
  </node>
  <node id="343" lat="36.84382480646" lon="128.09232989481">
    <tag k="local_x" v="-20.6620" />
    <tag k="local_y" v="28.0551" />
    <tag k="ele" v="-3.1893" />
  </node>
  <node id="344" lat="36.84382216913" lon="128.09233418010">
    <tag k="local_x" v="-20.2827" />
    <tag k="local_y" v="27.7589" />
    <tag k="ele" v="-3.1893" />
  </node>
  <node id="345" lat="36.84381955403" lon="128.09233851085">
    <tag k="local_x" v="-19.8993" />
    <tag k="local_y" v="27.4651" />
    <tag k="ele" v="-3.1893" />
  </node>
  <node id="346" lat="36.84381697452" lon="128.09234289138">
    <tag k="local_x" v="-19.5114" />
    <tag k="local_y" v="27.1753" />
    <tag k="ele" v="-3.1893" />
  </node>
  <node id="347" lat="36.84381753623" lon="128.09231594262">
    <tag k="local_x" v="-21.9136" />
    <tag k="local_y" v="27.2604" />
    <tag k="ele" v="-3.1893" />
  </node>
  <node id="348" lat="36.84381482315" lon="128.09232030213">
    <tag k="local_x" v="-21.5278" />
    <tag k="local_y" v="26.9557" />
    <tag k="ele" v="-3.1893" />
  </node>
  <node id="349" lat="36.84381211282" lon="128.09232471803">
    <tag k="local_x" v="-21.1369" />
    <tag k="local_y" v="26.6513" />
    <tag k="ele" v="-3.1893" />
  </node>
  <node id="350" lat="36.84380943309" lon="128.09232915526">
    <tag k="local_x" v="-20.7441" />
    <tag k="local_y" v="26.3503" />
    <tag k="ele" v="-3.1893" />
  </node>
  <node id="351" lat="36.84380680920" lon="128.09233359546">
    <tag k="local_x" v="-20.3510" />
    <tag k="local_y" v="26.0554" />
    <tag k="ele" v="-3.1893" />
  </node>
  <node id="355" lat="36.84375135836" lon="128.09246244630">
    <tag k="local_x" v="-8.9209" />
    <tag k="local_y" v="19.7949" />
    <tag k="ele" v="-2.6837" />
  </node>
  <node id="356" lat="36.84375014212" lon="128.09246900862">
    <tag k="local_x" v="-8.3371" />
    <tag k="local_y" v="19.6544" />
    <tag k="ele" v="-2.6655" />
  </node>
  <node id="357" lat="36.84374903158" lon="128.09247568431">
    <tag k="local_x" v="-7.7431" />
    <tag k="local_y" v="19.5256" />
    <tag k="ele" v="-2.6554" />
  </node>
  <node id="358" lat="36.84376363482" lon="128.09246601958">
    <tag k="local_x" v="-8.5894" />
    <tag k="local_y" v="21.1538" />
    <tag k="ele" v="-2.6837" />
  </node>
  <node id="359" lat="36.84376247893" lon="128.09247235600">
    <tag k="local_x" v="-8.0257" />
    <tag k="local_y" v="21.0202" />
    <tag k="ele" v="-2.6655" />
  </node>
  <node id="360" lat="36.84376139635" lon="128.09247882250">
    <tag k="local_x" v="-7.4502" />
    <tag k="local_y" v="20.8946" />
    <tag k="ele" v="-2.6554" />
  </node>
  <node id="361" lat="36.84378003779" lon="128.09241051330">
    <tag k="local_x" v="-13.5211" />
    <tag k="local_y" v="23.0204" />
    <tag k="ele" v="-3.03" />
  </node>
  <node id="362" lat="36.84377800657" lon="128.09241504299">
    <tag k="local_x" v="-13.1194" />
    <tag k="local_y" v="22.7913" />
    <tag k="ele" v="-3.03" />
  </node>
  <node id="363" lat="36.84377613643" lon="128.09241954625">
    <tag k="local_x" v="-12.7198" />
    <tag k="local_y" v="22.5800" />
    <tag k="ele" v="-3.03" />
  </node>
  <node id="364" lat="36.84377437989" lon="128.09242411066">
    <tag k="local_x" v="-12.3147" />
    <tag k="local_y" v="22.3813" />
    <tag k="ele" v="-3.03" />
  </node>
  <node id="365" lat="36.84377272981" lon="128.09242875364">
    <tag k="local_x" v="-11.9025" />
    <tag k="local_y" v="22.1943" />
    <tag k="ele" v="-3.03" />
  </node>
  <node id="366" lat="36.84377120046" lon="128.09243344029">
    <tag k="local_x" v="-11.4862" />
    <tag k="local_y" v="22.0206" />
    <tag k="ele" v="-3.03" />
  </node>
  <node id="367" lat="36.84376978737" lon="128.09243818940">
    <tag k="local_x" v="-11.0643" />
    <tag k="local_y" v="21.8599" />
    <tag k="ele" v="-3.03" />
  </node>
  <node id="368" lat="36.84376850031" lon="128.09244298481">
    <tag k="local_x" v="-10.6381" />
    <tag k="local_y" v="21.7130" />
    <tag k="ele" v="-3.03" />
  </node>
  <node id="369" lat="36.84376730027" lon="128.09244796412">
    <tag k="local_x" v="-10.1954" />
    <tag k="local_y" v="21.5757" />
    <tag k="ele" v="-3.03" />
  </node>
  <node id="370" lat="36.84376908966" lon="128.09240291391">
    <tag k="local_x" v="-14.2102" />
    <tag k="local_y" v="21.8123" />
    <tag k="ele" v="-3.03" />
  </node>
  <node id="371" lat="36.84376695446" lon="128.09240763708">
    <tag k="local_x" v="-13.7913" />
    <tag k="local_y" v="21.5715" />
    <tag k="ele" v="-3.03" />
  </node>
  <node id="372" lat="36.84376490253" lon="128.09241256634">
    <tag k="local_x" v="-13.3540" />
    <tag k="local_y" v="21.3397" />
    <tag k="ele" v="-3.03" />
  </node>
  <node id="373" lat="36.84376295287" lon="128.09241756714">
    <tag k="local_x" v="-12.9102" />
    <tag k="local_y" v="21.1191" />
    <tag k="ele" v="-3.03" />
  </node>
  <node id="374" lat="36.84376115914" lon="128.09242263104">
    <tag k="local_x" v="-12.4606" />
    <tag k="local_y" v="20.9159" />
    <tag k="ele" v="-3.03" />
  </node>
  <node id="375" lat="36.84375946923" lon="128.09242777222">
    <tag k="local_x" v="-12.0040" />
    <tag k="local_y" v="20.7241" />
    <tag k="ele" v="-3.03" />
  </node>
  <node id="376" lat="36.84375791679" lon="128.09243298525">
    <tag k="local_x" v="-11.5408" />
    <tag k="local_y" v="20.5474" />
    <tag k="ele" v="-3.03" />
  </node>
  <node id="377" lat="36.84375650346" lon="128.09243823544">
    <tag k="local_x" v="-11.0742" />
    <tag k="local_y" v="20.3862" />
    <tag k="ele" v="-3.03" />
  </node>
  <node id="378" lat="36.84375523158" lon="128.09244341620">
    <tag k="local_x" v="-10.6136" />
    <tag k="local_y" v="20.2407" />
    <tag k="ele" v="-3.03" />
  </node>
  <node id="382" lat="36.84386894080" lon="128.09224758489">
    <tag k="local_x" v="-27.9543" />
    <tag k="local_y" v="33.0208" />
    <tag k="ele" v="-2.7381" />
  </node>
  <node id="383" lat="36.84386754749" lon="128.09225149616">
    <tag k="local_x" v="-27.6070" />
    <tag k="local_y" v="32.8629" />
    <tag k="ele" v="-2.7805" />
  </node>
  <node id="384" lat="36.84386611637" lon="128.09225540465">
    <tag k="local_x" v="-27.2600" />
    <tag k="local_y" v="32.7009" />
    <tag k="ele" v="-2.824" />
  </node>
  <node id="385" lat="36.84386467346" lon="128.09225927633">
    <tag k="local_x" v="-26.9163" />
    <tag k="local_y" v="32.5375" />
    <tag k="ele" v="-2.8678" />
  </node>
  <node id="386" lat="36.84386324653" lon="128.09226317278">
    <tag k="local_x" v="-26.5704" />
    <tag k="local_y" v="32.3759" />
    <tag k="ele" v="-2.9106" />
  </node>
  <node id="387" lat="36.84385580061" lon="128.09224774260">
    <tag k="local_x" v="-27.9540" />
    <tag k="local_y" v="31.5630" />
    <tag k="ele" v="-2.7691" />
  </node>
  <node id="388" lat="36.84385473650" lon="128.09225030725">
    <tag k="local_x" v="-27.7265" />
    <tag k="local_y" v="31.4428" />
    <tag k="ele" v="-2.8059" />
  </node>
  <node id="389" lat="36.84385366398" lon="128.09225287803">
    <tag k="local_x" v="-27.4984" />
    <tag k="local_y" v="31.3216" />
    <tag k="ele" v="-2.8431" />
  </node>
  <node id="390" lat="36.84385258695" lon="128.09225541026">
    <tag k="local_x" v="-27.2738" />
    <tag k="local_y" v="31.2000" />
    <tag k="ele" v="-2.8804" />
  </node>
  <node id="391" lat="36.84385153518" lon="128.09225798144">
    <tag k="local_x" v="-27.0456" />
    <tag k="local_y" v="31.0811" />
    <tag k="ele" v="-2.9168" />
  </node>
  <node id="398" lat="36.84375824301" lon="128.09249487175">
    <tag k="local_x" v="-6.0226" />
    <tag k="local_y" v="20.5312" />
    <tag k="ele" v="-2.6694" />
  </node>
  <node id="399" lat="36.84375617179" lon="128.09250412077">
    <tag k="local_x" v="-5.2001" />
    <tag k="local_y" v="20.2936" />
    <tag k="ele" v="-2.6885" />
  </node>
  <node id="400" lat="36.84375410894" lon="128.09251338388">
    <tag k="local_x" v="-4.3764" />
    <tag k="local_y" v="20.0569" />
    <tag k="ele" v="-2.7076" />
  </node>
  <node id="401" lat="36.84374631851" lon="128.09249187590">
    <tag k="local_x" v="-6.3023" />
    <tag k="local_y" v="19.2109" />
    <tag k="ele" v="-2.6694" />
  </node>
  <node id="402" lat="36.84374468639" lon="128.09250121551">
    <tag k="local_x" v="-5.4713" />
    <tag k="local_y" v="19.0219" />
    <tag k="ele" v="-2.6885" />
  </node>
  <node id="403" lat="36.84374306232" lon="128.09251053772">
    <tag k="local_x" v="-4.6418" />
    <tag k="local_y" v="18.8339" />
    <tag k="ele" v="-2.7076" />
  </node>
  <node id="404" lat="36.84371828481" lon="128.09265512453">
    <tag k="local_x" v="8.2236" />
    <tag k="local_y" v="15.9628" />
    <tag k="ele" v="-3.3425" />
  </node>
  <node id="405" lat="36.84371641277" lon="128.09267119460">
    <tag k="local_x" v="9.6544" />
    <tag k="local_y" v="15.7415" />
    <tag k="ele" v="-3.4449" />
  </node>
  <node id="407" lat="36.84373080609" lon="128.09265714955">
    <tag k="local_x" v="8.4173" />
    <tag k="local_y" v="17.3501" />
    <tag k="ele" v="-3.3425" />
  </node>
  <node id="408" lat="36.84372894819" lon="128.09267305436">
    <tag k="local_x" v="9.8335" />
    <tag k="local_y" v="17.1305" />
    <tag k="ele" v="-3.4441" />
  </node>
  <node id="411" lat="36.84371438630" lon="128.09268722637">
    <tag k="local_x" v="11.0817" />
    <tag k="local_y" v="15.5031" />
    <tag k="ele" v="-3.54" />
  </node>
  <node id="412" lat="36.84372696381" lon="128.09268892182">
    <tag k="local_x" v="11.2461" />
    <tag k="local_y" v="16.8969" />
    <tag k="ele" v="-3.5381" />
  </node>
  <node id="413" lat="36.84370927485" lon="128.09273545778">
    <tag k="local_x" v="15.3767" />
    <tag k="local_y" v="14.8952" />
    <tag k="ele" v="-3.8142" />
  </node>
  <node id="414" lat="36.84372185423" lon="128.09273663654">
    <tag k="local_x" v="15.4950" />
    <tag k="local_y" v="16.2897" />
    <tag k="ele" v="-3.8142" />
  </node>
  <node id="415" lat="36.84370777039" lon="128.09274998067">
    <tag k="local_x" v="16.6700" />
    <tag k="local_y" v="14.7160" />
    <tag k="ele" v="-3.8748" />
  </node>
  <node id="416" lat="36.84372035734" lon="128.09275141953">
    <tag k="local_x" v="16.8115" />
    <tag k="local_y" v="16.1111" />
    <tag k="ele" v="-3.8726" />
  </node>
  <node id="417" lat="36.84370543775" lon="128.09276433392">
    <tag k="local_x" v="17.9473" />
    <tag k="local_y" v="14.4451" />
    <tag k="ele" v="-3.946" />
  </node>
  <node id="418" lat="36.84371802998" lon="128.09276606192">
    <tag k="local_x" v="18.1146" />
    <tag k="local_y" v="15.8406" />
    <tag k="ele" v="-3.9407" />
  </node>
  <node id="419" lat="36.84369933467" lon="128.09280754794">
    <tag k="local_x" v="21.7939" />
    <tag k="local_y" v="13.7315" />
    <tag k="ele" v="-4.2103" />
  </node>
  <node id="420" lat="36.84371180945" lon="128.09281002124">
    <tag k="local_x" v="22.0275" />
    <tag k="local_y" v="15.1133" />
    <tag k="ele" v="-4.2103" />
  </node>
  <node id="421" lat="36.84369828908" lon="128.09282496837">
    <tag k="local_x" v="23.3460" />
    <tag k="local_y" v="13.6007" />
    <tag k="ele" v="-4.3044" />
  </node>
  <node id="422" lat="36.84371084778" lon="128.09282620293">
    <tag k="local_x" v="23.4693" />
    <tag k="local_y" v="14.9929" />
    <tag k="ele" v="-4.3009" />
  </node>
  <node id="423" lat="36.84369744985" lon="128.09284243649">
    <tag k="local_x" v="24.9026" />
    <tag k="local_y" v="13.4929" />
    <tag k="ele" v="-4.3946" />
  </node>
  <node id="424" lat="36.84371005999" lon="128.09284239286">
    <tag k="local_x" v="24.9120" />
    <tag k="local_y" v="14.8918" />
    <tag k="ele" v="-4.3886" />
  </node>
  <node id="425" lat="36.84370310376" lon="128.09289416987">
    <tag k="local_x" v="29.5211" />
    <tag k="local_y" v="14.0763" />
    <tag k="ele" v="-4.5742" />
  </node>
  <node id="426" lat="36.84371535452" lon="128.09289034727">
    <tag k="local_x" v="29.1932" />
    <tag k="local_y" v="15.4385" />
    <tag k="ele" v="-4.5742" />
  </node>
  <node id="434" lat="36.84370671144" lon="128.09291918593">
    <tag k="local_x" v="31.7554" />
    <tag k="local_y" v="14.4553" />
    <tag k="ele" v="-4.6994" />
  </node>
  <node id="435" lat="36.84370769731" lon="128.09293680460">
    <tag k="local_x" v="33.3273" />
    <tag k="local_y" v="14.5498" />
    <tag k="ele" v="-4.7104" />
  </node>
  <node id="437" lat="36.84371930225" lon="128.09291808138">
    <tag k="local_x" v="31.6702" />
    <tag k="local_y" v="15.8530" />
    <tag k="ele" v="-4.6994" />
  </node>
  <node id="438" lat="36.84372028404" lon="128.09293570988">
    <tag k="local_x" v="33.2430" />
    <tag k="local_y" v="15.9470" />
    <tag k="ele" v="-4.7104" />
  </node>
  <node id="477" lat="36.84370690991" lon="128.09299645680">
    <tag k="local_x" v="38.6451" />
    <tag k="local_y" v="14.4119" />
    <tag k="ele" v="-4.0532" />
  </node>
  <node id="478" lat="36.84369777301" lon="128.09299880533">
    <tag k="local_x" v="38.8449" />
    <tag k="local_y" v="13.3963" />
    <tag k="ele" v="-4.0154" />
  </node>
  <node id="480" lat="36.84370912640" lon="128.09301192303">
    <tag k="local_x" v="40.0265" />
    <tag k="local_y" v="14.6447" />
    <tag k="ele" v="-4.0532" />
  </node>
  <node id="481" lat="36.84369874466" lon="128.09301456799">
    <tag k="local_x" v="40.2514" />
    <tag k="local_y" v="13.4908" />
    <tag k="ele" v="-4.0091" />
  </node>
  <node id="484" lat="36.84368855085" lon="128.09300057009">
    <tag k="local_x" v="38.9926" />
    <tag k="local_y" v="12.3718" />
    <tag k="ele" v="-3.9742" />
  </node>
  <node id="485" lat="36.84368825627" lon="128.09301618382">
    <tag k="local_x" v="40.3844" />
    <tag k="local_y" v="12.3259" />
    <tag k="ele" v="-3.9628" />
  </node>
  <node id="486" lat="36.84367926686" lon="128.09300016863">
    <tag k="local_x" v="38.9470" />
    <tag k="local_y" v="11.3422" />
    <tag k="ele" v="-3.9218" />
  </node>
  <node id="487" lat="36.84367768938" lon="128.09301564230">
    <tag k="local_x" v="40.3250" />
    <tag k="local_y" v="11.1541" />
    <tag k="ele" v="-3.9132" />
  </node>
  <node id="488" lat="36.84367007710" lon="128.09299821458">
    <tag k="local_x" v="38.7631" />
    <tag k="local_y" v="10.3244" />
    <tag k="ele" v="-3.8605" />
  </node>
  <node id="489" lat="36.84366723717" lon="128.09301345982">
    <tag k="local_x" v="40.1194" />
    <tag k="local_y" v="9.9965" />
    <tag k="ele" v="-3.8525" />
  </node>
  <node id="490" lat="36.84366108129" lon="128.09299529164">
    <tag k="local_x" v="38.4930" />
    <tag k="local_y" v="9.3289" />
    <tag k="ele" v="-3.7917" />
  </node>
  <node id="491" lat="36.84365700658" lon="128.09301012396">
    <tag k="local_x" v="39.8112" />
    <tag k="local_y" v="8.8644" />
    <tag k="ele" v="-3.7802" />
  </node>
  <node id="492" lat="36.84365222060" lon="128.09299174603">
    <tag k="local_x" v="38.1675" />
    <tag k="local_y" v="8.3490" />
    <tag k="ele" v="-3.7026" />
  </node>
  <node id="493" lat="36.84364696243" lon="128.09300609280">
    <tag k="local_x" v="39.4412" />
    <tag k="local_y" v="7.7535" />
    <tag k="ele" v="-3.6841" />
  </node>
  <node id="494" lat="36.84361107275" lon="128.09293359139">
    <tag k="local_x" v="32.9391" />
    <tag k="local_y" v="3.8335" />
    <tag k="ele" v="-2.9435" />
  </node>
  <node id="495" lat="36.84359957087" lon="128.09294002267">
    <tag k="local_x" v="33.5004" />
    <tag k="local_y" v="2.5521" />
    <tag k="ele" v="-2.9435" />
  </node>
  <node id="508" lat="36.84373692500" lon="128.09254644283">
    <tag k="local_x" v="-1.4469" />
    <tag k="local_y" v="18.1226" />
    <tag k="ele" v="-2.8117" />
  </node>
  <node id="509" lat="36.84373486367" lon="128.09255983398">
    <tag k="local_x" v="-0.2551" />
    <tag k="local_y" v="17.8826" />
    <tag k="ele" v="-2.8645" />
  </node>
  <node id="510" lat="36.84373294130" lon="128.09257322743">
    <tag k="local_x" v="0.9370" />
    <tag k="local_y" v="17.6580" />
    <tag k="ele" v="-2.9247" />
  </node>
  <node id="511" lat="36.84374751356" lon="128.09254908354">
    <tag k="local_x" v="-1.2003" />
    <tag k="local_y" v="19.2950" />
    <tag k="ele" v="-2.8117" />
  </node>
  <node id="512" lat="36.84374548522" lon="128.09256227373">
    <tag k="local_x" v="-0.0264" />
    <tag k="local_y" v="19.0588" />
    <tag k="ele" v="-2.8645" />
  </node>
  <node id="513" lat="36.84374359012" lon="128.09257556807">
    <tag k="local_x" v="1.1569" />
    <tag k="local_y" v="18.8373" />
    <tag k="ele" v="-2.9247" />
  </node>
  <node id="537" lat="36.84373899121" lon="128.09260596475">
    <tag k="local_x" v="3.8623" />
    <tag k="local_y" v="18.3014" />
    <tag k="ele" v="-3.0753" />
  </node>
  <node id="538" lat="36.84373626369" lon="128.09262303391">
    <tag k="local_x" v="5.3813" />
    <tag k="local_y" v="17.9844" />
    <tag k="ele" v="-3.1643" />
  </node>
  <node id="539" lat="36.84373352955" lon="128.09264009021">
    <tag k="local_x" v="6.8992" />
    <tag k="local_y" v="17.6667" />
    <tag k="ele" v="-3.2534" />
  </node>
  <node id="540" lat="36.84372787596" lon="128.09260369107">
    <tag k="local_x" v="3.6478" />
    <tag k="local_y" v="17.0703" />
    <tag k="ele" v="-3.0753" />
  </node>
  <node id="541" lat="36.84372466603" lon="128.09262084061">
    <tag k="local_x" v="5.1735" />
    <tag k="local_y" v="16.6997" />
    <tag k="ele" v="-3.1643" />
  </node>
  <node id="542" lat="36.84372147696" lon="128.09263796919">
    <tag k="local_x" v="6.6974" />
    <tag k="local_y" v="16.3314" />
    <tag k="ele" v="-3.2534" />
  </node>
  <node id="553" lat="36.84372452177" lon="128.09270470969">
    <tag k="local_x" v="12.6512" />
    <tag k="local_y" v="16.6127" />
    <tag k="ele" v="-3.6109" />
  </node>
  <node id="554" lat="36.84372267656" lon="128.09272061318">
    <tag k="local_x" v="14.0673" />
    <tag k="local_y" v="16.3945" />
    <tag k="ele" v="-3.6983" />
  </node>
  <node id="555" lat="36.84371192228" lon="128.09270319240">
    <tag k="local_x" v="12.5027" />
    <tag k="local_y" v="15.2162" />
    <tag k="ele" v="-3.6164" />
  </node>
  <node id="556" lat="36.84371013964" lon="128.09271926226">
    <tag k="local_x" v="13.9336" />
    <tag k="local_y" v="15.0049" />
    <tag k="ele" v="-3.7057" />
  </node>
  <node id="557" lat="36.84371556167" lon="128.09278061082">
    <tag k="local_x" v="19.4092" />
    <tag k="local_y" v="15.5544" />
    <tag k="ele" v="-4.0184" />
  </node>
  <node id="558" lat="36.84371360422" lon="128.09279529827">
    <tag k="local_x" v="20.7167" />
    <tag k="local_y" v="15.3248" />
    <tag k="ele" v="-4.1117" />
  </node>
  <node id="559" lat="36.84370302826" lon="128.09277865119">
    <tag k="local_x" v="19.2213" />
    <tag k="local_y" v="14.1657" />
    <tag k="ele" v="-4.0258" />
  </node>
  <node id="560" lat="36.84370112260" lon="128.09279308402">
    <tag k="local_x" v="20.5061" />
    <tag k="local_y" v="13.9421" />
    <tag k="ele" v="-4.1165" />
  </node>
  <node id="561" lat="36.84369755773" lon="128.09285992681">
    <tag k="local_x" v="26.4621" />
    <tag k="local_y" v="13.4900" />
    <tag k="ele" v="-4.462" />
  </node>
  <node id="562" lat="36.84369947413" lon="128.09287725075">
    <tag k="local_x" v="28.0088" />
    <tag k="local_y" v="13.6879" />
    <tag k="ele" v="-4.5188" />
  </node>
  <node id="563" lat="36.84371013691" lon="128.09285861017">
    <tag k="local_x" v="26.3580" />
    <tag k="local_y" v="14.8866" />
    <tag k="ele" v="-4.457" />
  </node>
  <node id="564" lat="36.84371183553" lon="128.09287469687">
    <tag k="local_x" v="27.7941" />
    <tag k="local_y" v="15.0614" />
    <tag k="ele" v="-4.5152" />
  </node>
  <node id="565" lat="36.84371684389" lon="128.09289759315">
    <tag k="local_x" v="29.8408" />
    <tag k="local_y" v="15.5976" />
    <tag k="ele" v="-4.5819" />
  </node>
  <node id="566" lat="36.84371768197" lon="128.09290255322">
    <tag k="local_x" v="30.2839" />
    <tag k="local_y" v="15.6864" />
    <tag k="ele" v="-4.5819" />
  </node>
  <node id="567" lat="36.84371838632" lon="128.09290770573">
    <tag k="local_x" v="30.7441" />
    <tag k="local_y" v="15.7602" />
    <tag k="ele" v="-4.5819" />
  </node>
  <node id="568" lat="36.84371890970" lon="128.09291271352">
    <tag k="local_x" v="31.1911" />
    <tag k="local_y" v="15.8140" />
    <tag k="ele" v="-4.5819" />
  </node>
  <node id="569" lat="36.84370449426" lon="128.09290081415">
    <tag k="local_x" v="30.1150" />
    <tag k="local_y" v="14.2249" />
    <tag k="ele" v="-4.5819" />
  </node>
  <node id="570" lat="36.84370528646" lon="128.09290548435">
    <tag k="local_x" v="30.5322" />
    <tag k="local_y" v="14.3088" />
    <tag k="ele" v="-4.5819" />
  </node>
  <node id="571" lat="36.84370589657" lon="128.09291001426">
    <tag k="local_x" v="30.9368" />
    <tag k="local_y" v="14.3727" />
    <tag k="ele" v="-4.5819" />
  </node>
  <node id="572" lat="36.84370638888" lon="128.09291474338">
    <tag k="local_x" v="31.3589" />
    <tag k="local_y" v="14.4233" />
    <tag k="ele" v="-4.5819" />
  </node>
  <node id="590" lat="36.84370985365" lon="128.09296169075">
    <tag k="local_x" v="35.5485" />
    <tag k="local_y" v="14.7679" />
    <tag k="ele" v="-4.6113" />
  </node>
  <node id="591" lat="36.84371130671" lon="128.09296985642">
    <tag k="local_x" v="36.2781" />
    <tag k="local_y" v="14.9222" />
    <tag k="ele" v="-4.5568" />
  </node>
  <node id="593" lat="36.84372219787" lon="128.09295833566">
    <tag k="local_x" v="35.2623" />
    <tag k="local_y" v="16.1402" />
    <tag k="ele" v="-4.6113" />
  </node>
  <node id="594" lat="36.84372362516" lon="128.09296649269">
    <tag k="local_x" v="35.9911" />
    <tag k="local_y" v="16.2916" />
    <tag k="ele" v="-4.5568" />
  </node>
  <node id="597" lat="36.84371298437" lon="128.09298268328">
    <tag k="local_x" v="37.4235" />
    <tag k="local_y" v="15.0975" />
    <tag k="ele" v="-4.4216" />
  </node>
  <node id="598" lat="36.84372542978" lon="128.09298014792">
    <tag k="local_x" v="37.2105" />
    <tag k="local_y" v="16.4802" />
    <tag k="ele" v="-4.4216" />
  </node>
  <node id="599" lat="36.84372121029" lon="128.09295101979">
    <tag k="local_x" v="34.6090" />
    <tag k="local_y" v="16.0368" />
    <tag k="ele" v="-4.7178" />
  </node>
  <node id="600" lat="36.84372165839" lon="128.09295498504">
    <tag k="local_x" v="34.9630" />
    <tag k="local_y" v="16.0831" />
    <tag k="ele" v="-4.7178" />
  </node>
  <node id="601" lat="36.84370872293" lon="128.09295325883">
    <tag k="local_x" v="34.7955" />
    <tag k="local_y" v="14.6496" />
    <tag k="ele" v="-4.7178" />
  </node>
  <node id="602" lat="36.84370918139" lon="128.09295721472">
    <tag k="local_x" v="35.1487" />
    <tag k="local_y" v="14.6971" />
    <tag k="ele" v="-4.7178" />
  </node>
  <node id="606" lat="36.84370720989" lon="128.09292798387">
    <tag k="local_x" v="32.5403" />
    <tag k="local_y" v="14.5032" />
    <tag k="ele" v="-4.7049" />
  </node>
  <node id="607" lat="36.84371979292" lon="128.09292689112">
    <tag k="local_x" v="32.4562" />
    <tag k="local_y" v="15.9000" />
    <tag k="ele" v="-4.7049" />
  </node>
  <node id="619" lat="36.84372564368" lon="128.09298551282">
    <tag k="local_x" v="37.6891" />
    <tag k="local_y" v="16.4994" />
    <tag k="ele" v="-4.4088" />
  </node>
  <node id="620" lat="36.84372566140" lon="128.09299086333">
    <tag k="local_x" v="38.1662" />
    <tag k="local_y" v="16.4968" />
    <tag k="ele" v="-4.3975" />
  </node>
  <node id="621" lat="36.84372463146" lon="128.09299606407">
    <tag k="local_x" v="38.6288" />
    <tag k="local_y" v="16.3782" />
    <tag k="ele" v="-4.3958" />
  </node>
  <node id="622" lat="36.84372260454" lon="128.09300078841">
    <tag k="local_x" v="39.0479" />
    <tag k="local_y" v="16.1493" />
    <tag k="ele" v="-4.3964" />
  </node>
  <node id="623" lat="36.84371345851" lon="128.09298552576">
    <tag k="local_x" v="37.6774" />
    <tag k="local_y" v="15.1476" />
    <tag k="ele" v="-4.4032" />
  </node>
  <node id="624" lat="36.84371336194" lon="128.09298842531">
    <tag k="local_x" v="37.9358" />
    <tag k="local_y" v="15.1345" />
    <tag k="ele" v="-4.3946" />
  </node>
  <node id="625" lat="36.84371256539" lon="128.09299115561">
    <tag k="local_x" v="38.1784" />
    <tag k="local_y" v="15.0438" />
    <tag k="ele" v="-4.3964" />
  </node>
  <node id="626" lat="36.84371120558" lon="128.09299353791">
    <tag k="local_x" v="38.3894" />
    <tag k="local_y" v="14.8909" />
    <tag k="ele" v="-4.3964" />
  </node>
  <node id="630" lat="36.84371989849" lon="128.09300494168">
    <tag k="local_x" v="39.4153" />
    <tag k="local_y" v="15.8456" />
    <tag k="ele" v="-4.3972" />
  </node>
  <node id="631" lat="36.84371650828" lon="128.09300822914">
    <tag k="local_x" v="39.7049" />
    <tag k="local_y" v="15.4667" />
    <tag k="ele" v="-4.4079" />
  </node>
  <node id="632" lat="36.84371281696" lon="128.09301032268">
    <tag k="local_x" v="39.8877" />
    <tag k="local_y" v="15.0555" />
    <tag k="ele" v="-4.2569" />
  </node>
  <node id="633" lat="36.84370937677" lon="128.09299531622">
    <tag k="local_x" v="38.5460" />
    <tag k="local_y" v="14.6866" />
    <tag k="ele" v="-4.4215" />
  </node>
  <node id="634" lat="36.84370775631" lon="128.09299637499">
    <tag k="local_x" v="38.6387" />
    <tag k="local_y" v="14.5059" />
    <tag k="ele" v="-4.296" />
  </node>
  <node id="635" lat="36.84364364644" lon="128.09298733607">
    <tag k="local_x" v="37.7653" />
    <tag k="local_y" v="7.4016" />
    <tag k="ele" v="-3.5956" />
  </node>
  <node id="636" lat="36.84363578000" lon="128.09298127127">
    <tag k="local_x" v="37.2163" />
    <tag k="local_y" v="6.5340" />
    <tag k="ele" v="-3.4732" />
  </node>
  <node id="637" lat="36.84362862855" lon="128.09297398925">
    <tag k="local_x" v="36.5595" />
    <tag k="local_y" v="5.7469" />
    <tag k="ele" v="-3.3413" />
  </node>
  <node id="638" lat="36.84362276644" lon="128.09296510850">
    <tag k="local_x" v="35.7615" />
    <tag k="local_y" v="5.1041" />
    <tag k="ele" v="-3.2154" />
  </node>
  <node id="639" lat="36.84361868404" lon="128.09295474246">
    <tag k="local_x" v="34.8329" />
    <tag k="local_y" v="4.6600" />
    <tag k="ele" v="-3.1053" />
  </node>
  <node id="640" lat="36.84361478851" lon="128.09294422495">
    <tag k="local_x" v="33.8911" />
    <tag k="local_y" v="4.2367" />
    <tag k="ele" v="-3.0201" />
  </node>
  <node id="641" lat="36.84363730127" lon="128.09300079987">
    <tag k="local_x" v="38.9591" />
    <tag k="local_y" v="6.6863" />
    <tag k="ele" v="-3.5706" />
  </node>
  <node id="642" lat="36.84362840473" lon="128.09299377539">
    <tag k="local_x" v="38.3234" />
    <tag k="local_y" v="5.7053" />
    <tag k="ele" v="-3.4463" />
  </node>
  <node id="643" lat="36.84362025830" lon="128.09298547894">
    <tag k="local_x" v="37.5751" />
    <tag k="local_y" v="4.8086" />
    <tag k="ele" v="-3.319" />
  </node>
  <node id="644" lat="36.84361351141" lon="128.09297543005">
    <tag k="local_x" v="36.6720" />
    <tag k="local_y" v="4.0686" />
    <tag k="ele" v="-3.2079" />
  </node>
  <node id="645" lat="36.84360836484" lon="128.09296394677">
    <tag k="local_x" v="35.6427" />
    <tag k="local_y" v="3.5074" />
    <tag k="ele" v="-3.1141" />
  </node>
  <node id="646" lat="36.84360376426" lon="128.09295210800">
    <tag k="local_x" v="34.5823" />
    <tag k="local_y" v="3.0071" />
    <tag k="ele" v="-3.0266" />
  </node>
  <node id="653" lat="36.84360176700" lon="128.09291237238">
    <tag k="local_x" v="31.0374" />
    <tag k="local_y" v="2.8191" />
    <tag k="ele" v="-2.8328" />
  </node>
  <node id="654" lat="36.84359942312" lon="128.09290808962">
    <tag k="local_x" v="30.6530" />
    <tag k="local_y" v="2.5628" />
    <tag k="ele" v="-2.8153" />
  </node>
  <node id="656" lat="36.84359148776" lon="128.09292147626">
    <tag k="local_x" v="31.8382" />
    <tag k="local_y" v="1.6711" />
    <tag k="ele" v="-2.8328" />
  </node>
  <node id="657" lat="36.84358875521" lon="128.09291649539">
    <tag k="local_x" v="31.3913" />
    <tag k="local_y" v="1.3722" />
    <tag k="ele" v="-2.8131" />
  </node>
  <node id="660" lat="36.84359709768" lon="128.09293316763">
    <tag k="local_x" v="32.8866" />
    <tag k="local_y" v="2.2836" />
    <tag k="ele" v="-2.9232" />
  </node>
  <node id="661" lat="36.84359532758" lon="128.09292903026">
    <tag k="local_x" v="32.5158" />
    <tag k="local_y" v="2.0907" />
    <tag k="ele" v="-2.9232" />
  </node>
  <node id="662" lat="36.84359341586" lon="128.09292502297">
    <tag k="local_x" v="32.1565" />
    <tag k="local_y" v="1.8820" />
    <tag k="ele" v="-2.9232" />
  </node>
  <node id="663" lat="36.84360824763" lon="128.09292583420">
    <tag k="local_x" v="32.2445" />
    <tag k="local_y" v="3.5267" />
    <tag k="ele" v="-2.9232" />
  </node>
  <node id="664" lat="36.84360632789" lon="128.09292132859">
    <tag k="local_x" v="31.8407" />
    <tag k="local_y" v="3.3175" />
    <tag k="ele" v="-2.9232" />
  </node>
  <node id="665" lat="36.84360423255" lon="128.09291694606">
    <tag k="local_x" v="31.4477" />
    <tag k="local_y" v="3.0888" />
    <tag k="ele" v="-2.9232" />
  </node>
  <node id="680" lat="36.84357344249" lon="128.09287653715">
    <tag k="local_x" v="27.8124" />
    <tag k="local_y" v="-0.2927" />
    <tag k="ele" v="-2.6385" />
  </node>
  <node id="681" lat="36.84357300204" lon="128.09286960519">
    <tag k="local_x" v="27.1939" />
    <tag k="local_y" v="-0.3357" />
    <tag k="ele" v="-2.5919" />
  </node>
  <node id="683" lat="36.84356085167" lon="128.09287767990">
    <tag k="local_x" v="27.9010" />
    <tag k="local_y" v="-1.6904" />
    <tag k="ele" v="-2.6385" />
  </node>
  <node id="684" lat="36.84356035811" lon="128.09286988566">
    <tag k="local_x" v="27.2056" />
    <tag k="local_y" v="-1.7386" />
    <tag k="ele" v="-2.5859" />
  </node>
  <node id="687" lat="36.84357257143" lon="128.09286267506">
    <tag k="local_x" v="26.5755" />
    <tag k="local_y" v="-0.3776" />
    <tag k="ele" v="-2.5459" />
  </node>
  <node id="688" lat="36.84355990680" lon="128.09286211473">
    <tag k="local_x" v="26.5122" />
    <tag k="local_y" v="-1.7820" />
    <tag k="ele" v="-2.5351" />
  </node>
  <node id="689" lat="36.84359692943" lon="128.09290393858">
    <tag k="local_x" v="30.2803" />
    <tag k="local_y" v="2.2896" />
    <tag k="ele" v="-2.7977" />
  </node>
  <node id="691" lat="36.84358573902" lon="128.09291178362">
    <tag k="local_x" v="30.9680" />
    <tag k="local_y" v="1.0416" />
    <tag k="ele" v="-2.7908" />
  </node>
  <node id="694" lat="36.84359415454" lon="128.09290006243">
    <tag k="local_x" v="29.9318" />
    <tag k="local_y" v="1.9851" />
    <tag k="ele" v="-2.7798" />
  </node>
  <node id="695" lat="36.84358230588" lon="128.09290752445">
    <tag k="local_x" v="30.5846" />
    <tag k="local_y" v="0.6643" />
    <tag k="ele" v="-2.7649" />
  </node>
  <node id="696" lat="36.84357835843" lon="128.09290409608">
    <tag k="local_x" v="30.2748" />
    <tag k="local_y" v="0.2293" />
    <tag k="ele" v="-2.7403" />
  </node>
  <node id="697" lat="36.84357405279" lon="128.09290132909">
    <tag k="local_x" v="30.0235" />
    <tag k="local_y" v="-0.2460" />
    <tag k="ele" v="-2.719" />
  </node>
  <node id="698" lat="36.84357004584" lon="128.09289797503">
    <tag k="local_x" v="29.7203" />
    <tag k="local_y" v="-0.6876" />
    <tag k="ele" v="-2.711" />
  </node>
  <node id="699" lat="36.84359118112" lon="128.09289643128">
    <tag k="local_x" v="29.6049" />
    <tag k="local_y" v="1.6583" />
    <tag k="ele" v="-2.7623" />
  </node>
  <node id="700" lat="36.84358790055" lon="128.09289322256">
    <tag k="local_x" v="29.3153" />
    <tag k="local_y" v="1.2971" />
    <tag k="ele" v="-2.7465" />
  </node>
  <node id="701" lat="36.84358436073" lon="128.09289051167">
    <tag k="local_x" v="29.0699" />
    <tag k="local_y" v="0.9067" />
    <tag k="ele" v="-2.7324" />
  </node>
  <node id="733" lat="36.84368275093" lon="128.09209442512">
    <tag k="local_x" v="-41.8064" />
    <tag k="local_y" v="12.4957" />
    <tag k="ele" v="-1.4195" />
  </node>
  <node id="734" lat="36.84368883510" lon="128.09209781219">
    <tag k="local_x" v="-41.4980" />
    <tag k="local_y" v="13.1678" />
    <tag k="ele" v="-1.4484" />
  </node>
  <node id="735" lat="36.84369491800" lon="128.09210118795">
    <tag k="local_x" v="-41.1906" />
    <tag k="local_y" v="13.8398" />
    <tag k="ele" v="-1.4771" />
  </node>
  <node id="736" lat="36.84370099419" lon="128.09210459129">
    <tag k="local_x" v="-40.8807" />
    <tag k="local_y" v="14.5109" />
    <tag k="ele" v="-1.5042" />
  </node>
  <node id="737" lat="36.84370705100" lon="128.09210800333">
    <tag k="local_x" v="-40.5701" />
    <tag k="local_y" v="15.1799" />
    <tag k="ele" v="-1.5244" />
  </node>
  <node id="738" lat="36.84371309769" lon="128.09211149552">
    <tag k="local_x" v="-40.2524" />
    <tag k="local_y" v="15.8478" />
    <tag k="ele" v="-1.5231" />
  </node>
  <node id="739" lat="36.84371911008" lon="128.09211508295">
    <tag k="local_x" v="-39.9262" />
    <tag k="local_y" v="16.5117" />
    <tag k="ele" v="-1.5231" />
  </node>
  <node id="740" lat="36.84372506694" lon="128.09211875620">
    <tag k="local_x" v="-39.5924" />
    <tag k="local_y" v="17.1694" />
    <tag k="ele" v="-1.5231" />
  </node>
  <node id="741" lat="36.84367705886" lon="128.09210966148">
    <tag k="local_x" v="-40.4539" />
    <tag k="local_y" v="11.8514" />
    <tag k="ele" v="-1.4193" />
  </node>
  <node id="742" lat="36.84368309052" lon="128.09211303235">
    <tag k="local_x" v="-40.1470" />
    <tag k="local_y" v="12.5176" />
    <tag k="ele" v="-1.448" />
  </node>
  <node id="743" lat="36.84368912902" lon="128.09211639248">
    <tag k="local_x" v="-39.8410" />
    <tag k="local_y" v="13.1847" />
    <tag k="ele" v="-1.4765" />
  </node>
  <node id="744" lat="36.84369517196" lon="128.09211977318">
    <tag k="local_x" v="-39.5332" />
    <tag k="local_y" v="13.8522" />
    <tag k="ele" v="-1.5035" />
  </node>
  <node id="745" lat="36.84370120346" lon="128.09212314740">
    <tag k="local_x" v="-39.2260" />
    <tag k="local_y" v="14.5184" />
    <tag k="ele" v="-1.5241" />
  </node>
  <node id="746" lat="36.84370720649" lon="128.09212662741">
    <tag k="local_x" v="-38.9094" />
    <tag k="local_y" v="15.1814" />
    <tag k="ele" v="-1.5231" />
  </node>
  <node id="747" lat="36.84371317664" lon="128.09213019153">
    <tag k="local_x" v="-38.5853" />
    <tag k="local_y" v="15.8407" />
    <tag k="ele" v="-1.5231" />
  </node>
  <node id="748" lat="36.84371910924" lon="128.09213384278">
    <tag k="local_x" v="-38.2535" />
    <tag k="local_y" v="16.4957" />
    <tag k="ele" v="-1.5231" />
  </node>
  <node id="755" lat="36.84364967791" lon="128.09206374664">
    <tag k="local_x" v="-44.5766" />
    <tag k="local_y" v="8.8528" />
    <tag k="ele" v="-1.2345" />
  </node>
  <node id="756" lat="36.84365467948" lon="128.09206743642">
    <tag k="local_x" v="-44.2423" />
    <tag k="local_y" v="9.4045" />
    <tag k="ele" v="-1.2783" />
  </node>
  <node id="757" lat="36.84364545481" lon="128.09207950405">
    <tag k="local_x" v="-43.1761" />
    <tag k="local_y" v="8.3710" />
    <tag k="ele" v="-1.2355" />
  </node>
  <node id="761" lat="36.84365901555" lon="128.09207225158">
    <tag k="local_x" v="-43.8084" />
    <tag k="local_y" v="9.8815" />
    <tag k="ele" v="-1.3061" />
  </node>
  <node id="762" lat="36.84366312352" lon="128.09207736461">
    <tag k="local_x" v="-43.3482" />
    <tag k="local_y" v="10.3328" />
    <tag k="ele" v="-1.3288" />
  </node>
  <node id="764" lat="36.84364983541" lon="128.09208379776">
    <tag k="local_x" v="-42.7886" />
    <tag k="local_y" v="8.8533" />
    <tag k="ele" v="-1.2716" />
  </node>
  <node id="765" lat="36.84365389506" lon="128.09208855783">
    <tag k="local_x" v="-42.3599" />
    <tag k="local_y" v="9.2996" />
    <tag k="ele" v="-1.3025" />
  </node>
  <node id="766" lat="36.84361021296" lon="128.09207374654">
    <tag k="local_x" v="-43.7266" />
    <tag k="local_y" v="4.4663" />
    <tag k="ele" v="-1.1184" />
  </node>
  <node id="767" lat="36.84361314135" lon="128.09206836689">
    <tag k="local_x" v="-44.2031" />
    <tag k="local_y" v="4.7957" />
    <tag k="ele" v="-1.1184" />
  </node>
  <node id="768" lat="36.84361747922" lon="128.09206329608">
    <tag k="local_x" v="-44.6507" />
    <tag k="local_y" v="5.2812" />
    <tag k="ele" v="-1.1184" />
  </node>
  <node id="769" lat="36.84362265071" lon="128.09205955819">
    <tag k="local_x" v="-44.9785" />
    <tag k="local_y" v="5.8581" />
    <tag k="ele" v="-1.1184" />
  </node>
  <node id="770" lat="36.84362836464" lon="128.09205737231">
    <tag k="local_x" v="-45.1674" />
    <tag k="local_y" v="6.4938" />
    <tag k="ele" v="-1.1184" />
  </node>
  <node id="771" lat="36.84363434398" lon="128.09205684850">
    <tag k="local_x" v="-45.2078" />
    <tag k="local_y" v="7.1576" />
    <tag k="ele" v="-1.1184" />
  </node>
  <node id="772" lat="36.84363956502" lon="128.09205780841">
    <tag k="local_x" v="-45.1167" />
    <tag k="local_y" v="7.7360" />
    <tag k="ele" v="-1.1184" />
  </node>
  <node id="773" lat="36.84362062445" lon="128.09208263011">
    <tag k="local_x" v="-42.9235" />
    <tag k="local_y" v="5.6138" />
    <tag k="ele" v="-1.1184" />
  </node>
  <node id="774" lat="36.84362277639" lon="128.09207877441">
    <tag k="local_x" v="-43.2650" />
    <tag k="local_y" v="5.8558" />
    <tag k="ele" v="-1.1184" />
  </node>
  <node id="775" lat="36.84362506113" lon="128.09207629132">
    <tag k="local_x" v="-43.4840" />
    <tag k="local_y" v="6.1113" />
    <tag k="ele" v="-1.1184" />
  </node>
  <node id="776" lat="36.84362773436" lon="128.09207452989">
    <tag k="local_x" v="-43.6383" />
    <tag k="local_y" v="6.4094" />
    <tag k="ele" v="-1.1184" />
  </node>
  <node id="777" lat="36.84363063226" lon="128.09207355456">
    <tag k="local_x" v="-43.7222" />
    <tag k="local_y" v="6.7317" />
    <tag k="ele" v="-1.1184" />
  </node>
  <node id="778" lat="36.84363364406" lon="128.09207341674">
    <tag k="local_x" v="-43.7313" />
    <tag k="local_y" v="7.0659" />
    <tag k="ele" v="-1.1184" />
  </node>
  <node id="779" lat="36.84363729460" lon="128.09207434139">
    <tag k="local_x" v="-43.6450" />
    <tag k="local_y" v="7.4701" />
    <tag k="ele" v="-1.1184" />
  </node>
  <node id="783" lat="36.84365790712" lon="128.09209336948">
    <tag k="local_x" v="-41.9267" />
    <tag k="local_y" v="9.7406" />
    <tag k="ele" v="-1.3308" />
  </node>
  <node id="784" lat="36.84366211653" lon="128.09209792255">
    <tag k="local_x" v="-41.5163" />
    <tag k="local_y" v="10.2037" />
    <tag k="ele" v="-1.3548" />
  </node>
  <node id="785" lat="36.84366653038" lon="128.09210218163">
    <tag k="local_x" v="-41.1319" />
    <tag k="local_y" v="10.6898" />
    <tag k="ele" v="-1.3727" />
  </node>
  <node id="786" lat="36.84366735885" lon="128.09208236226">
    <tag k="local_x" v="-42.8982" />
    <tag k="local_y" v="10.7985" />
    <tag k="ele" v="-1.3504" />
  </node>
  <node id="787" lat="36.84367198419" lon="128.09208675142">
    <tag k="local_x" v="-42.5019" />
    <tag k="local_y" v="11.3078" />
    <tag k="ele" v="-1.371" />
  </node>
  <node id="788" lat="36.84372499966" lon="128.09213758419">
    <tag k="local_x" v="-37.9137" />
    <tag k="local_y" v="17.1460" />
    <tag k="ele" v="-1.5134" />
  </node>
  <node id="789" lat="36.84373100229" lon="128.09212252113">
    <tag k="local_x" v="-39.2505" />
    <tag k="local_y" v="17.8247" />
    <tag k="ele" v="-1.5141" />
  </node>
  <node id="790" lat="36.84374011766" lon="128.09214707991">
    <tag k="local_x" v="-37.0512" />
    <tag k="local_y" v="18.8151" />
    <tag k="ele" v="-1.7474" />
  </node>
  <node id="791" lat="36.84374622077" lon="128.09213208825">
    <tag k="local_x" v="-38.3814" />
    <tag k="local_y" v="19.5048" />
    <tag k="ele" v="-1.7474" />
  </node>
  <node id="792" lat="36.84377899537" lon="128.09217447479">
    <tag k="local_x" v="-34.5676" />
    <tag k="local_y" v="23.1047" />
    <tag k="ele" v="-1.9845" />
  </node>
  <node id="793" lat="36.84379001150" lon="128.09218304203">
    <tag k="local_x" v="-33.7922" />
    <tag k="local_y" v="24.3195" />
    <tag k="ele" v="-2.0437" />
  </node>
  <node id="794" lat="36.84380103292" lon="128.09219163098">
    <tag k="local_x" v="-33.0147" />
    <tag k="local_y" v="25.5349" />
    <tag k="ele" v="-2.1029" />
  </node>
  <node id="795" lat="36.84378515902" lon="128.09215984485">
    <tag k="local_x" v="-35.8655" />
    <tag k="local_y" v="23.8009" />
    <tag k="ele" v="-1.9845" />
  </node>
  <node id="796" lat="36.84379599861" lon="128.09216861262">
    <tag k="local_x" v="-35.0724" />
    <tag k="local_y" v="24.9959" />
    <tag k="ele" v="-2.0437" />
  </node>
  <node id="797" lat="36.84380682527" lon="128.09217738619">
    <tag k="local_x" v="-34.2787" />
    <tag k="local_y" v="26.1896" />
    <tag k="ele" v="-2.1029" />
  </node>
  <node id="798" lat="36.84375571095" lon="128.09213811347">
    <tag k="local_x" v="-37.8342" />
    <tag k="local_y" v="20.5525" />
    <tag k="ele" v="-1.8075" />
  </node>
  <node id="799" lat="36.84376503328" lon="128.09214451851">
    <tag k="local_x" v="-37.2533" />
    <tag k="local_y" v="21.5812" />
    <tag k="ele" v="-1.8666" />
  </node>
  <node id="800" lat="36.84374952830" lon="128.09215306896">
    <tag k="local_x" v="-36.5073" />
    <tag k="local_y" v="19.8540" />
    <tag k="ele" v="-1.8075" />
  </node>
  <node id="801" lat="36.84375878195" lon="128.09215943640">
    <tag k="local_x" v="-35.9298" />
    <tag k="local_y" v="20.8751" />
    <tag k="ele" v="-1.8666" />
  </node>
  <node id="807" lat="36.84358684075" lon="128.09246516575">
    <tag k="local_x" v="-8.8518" />
    <tag k="local_y" v="1.5420" />
    <tag k="ele" v="-0.8168" />
  </node>
  <node id="808" lat="36.84358917199" lon="128.09244767324">
    <tag k="local_x" v="-10.4090" />
    <tag k="local_y" v="1.8154" />
    <tag k="ele" v="-0.8354" />
  </node>
  <node id="809" lat="36.84359143705" lon="128.09243016689">
    <tag k="local_x" v="-11.9675" />
    <tag k="local_y" v="2.0815" />
    <tag k="ele" v="-0.8547" />
  </node>
  <node id="810" lat="36.84357425237" lon="128.09246371898">
    <tag k="local_x" v="-8.9941" />
    <tag k="local_y" v="0.1467" />
    <tag k="ele" v="-0.8158" />
  </node>
  <node id="811" lat="36.84357659871" lon="128.09244590736">
    <tag k="local_x" v="-10.5797" />
    <tag k="local_y" v="0.4221" />
    <tag k="ele" v="-0.8346" />
  </node>
  <node id="812" lat="36.84357892365" lon="128.09242808968">
    <tag k="local_x" v="-12.1659" />
    <tag k="local_y" v="0.6951" />
    <tag k="ele" v="-0.8543" />
  </node>
  <node id="816" lat="36.84357230700" lon="128.09285574475">
    <tag k="local_x" v="25.9573" />
    <tag k="local_y" v="-0.4010" />
    <tag k="ele" v="-2.5063" />
  </node>
  <node id="818" lat="36.84355967335" lon="128.09285430022">
    <tag k="local_x" v="25.8152" />
    <tag k="local_y" v="-1.8013" />
    <tag k="ele" v="-2.4952" />
  </node>
  <node id="821" lat="36.84357221750" lon="128.09284880030">
    <tag k="local_x" v="25.3381" />
    <tag k="local_y" v="-0.4051" />
    <tag k="ele" v="-2.4755" />
  </node>
  <node id="822" lat="36.84355960672" lon="128.09284651028">
    <tag k="local_x" v="25.1206" />
    <tag k="local_y" v="-1.8021" />
    <tag k="ele" v="-2.4629" />
  </node>
  <node id="841" lat="36.84358072609" lon="128.09288797248">
    <tag k="local_x" v="28.8397" />
    <tag k="local_y" v="0.5056" />
    <tag k="ele" v="-2.7196" />
  </node>
  <node id="842" lat="36.84357714218" lon="128.09288533477">
    <tag k="local_x" v="28.6007" />
    <tag k="local_y" v="0.1103" />
    <tag k="ele" v="-2.7104" />
  </node>
  <node id="843" lat="36.84357454139" lon="128.09288132868">
    <tag k="local_x" v="28.2408" />
    <tag k="local_y" v="-0.1748" />
    <tag k="ele" v="-2.7121" />
  </node>
  <node id="844" lat="36.84356636982" lon="128.09289403961">
    <tag k="local_x" v="29.3655" />
    <tag k="local_y" v="-1.0921" />
    <tag k="ele" v="-2.7097" />
  </node>
  <node id="845" lat="36.84356357596" lon="128.09288913290">
    <tag k="local_x" v="28.9251" />
    <tag k="local_y" v="-1.3979" />
    <tag k="ele" v="-2.7114" />
  </node>
  <node id="846" lat="36.84356179718" lon="128.09288355678">
    <tag k="local_x" v="28.4260" />
    <tag k="local_y" v="-1.5905" />
    <tag k="ele" v="-2.6989" />
  </node>
  <node id="863" lat="36.84357224941" lon="128.09284182878">
    <tag k="local_x" v="24.7165" />
    <tag k="local_y" v="-0.3956" />
    <tag k="ele" v="-2.4405" />
  </node>
  <node id="865" lat="36.84355963728" lon="128.09283870837">
    <tag k="local_x" v="24.4250" />
    <tag k="local_y" v="-1.7921" />
    <tag k="ele" v="-2.4167" />
  </node>
  <node id="868" lat="36.84357232693" lon="128.09283488533">
    <tag k="local_x" v="24.0975" />
    <tag k="local_y" v="-0.3812" />
    <tag k="ele" v="-2.381" />
  </node>
  <node id="869" lat="36.84355997248" lon="128.09283091865">
    <tag k="local_x" v="23.7308" />
    <tag k="local_y" v="-1.7483" />
    <tag k="ele" v="-2.3534" />
  </node>
  <node id="875" lat="36.84356072065" lon="128.09282659613">
    <tag k="local_x" v="23.3462" />
    <tag k="local_y" v="-1.6617" />
    <tag k="ele" v="-2.3403" />
  </node>
  <node id="876" lat="36.84356160121" lon="128.09282228104">
    <tag k="local_x" v="22.9624" />
    <tag k="local_y" v="-1.5603" />
    <tag k="ele" v="-2.3248" />
  </node>
  <node id="877" lat="36.84357291483" lon="128.09282998029">
    <tag k="local_x" v="23.6608" />
    <tag k="local_y" v="-0.3118" />
    <tag k="ele" v="-2.3489" />
  </node>
  <node id="878" lat="36.84357395406" lon="128.09282519371">
    <tag k="local_x" v="23.2351" />
    <tag k="local_y" v="-0.1925" />
    <tag k="ele" v="-2.3195" />
  </node>
  <node id="879" lat="36.84357556377" lon="128.09282066014">
    <tag k="local_x" v="22.8326" />
    <tag k="local_y" v="-0.0101" />
    <tag k="ele" v="-2.29" />
  </node>
  <node id="882" lat="36.84356272389" lon="128.09281805898">
    <tag k="local_x" v="22.5871" />
    <tag k="local_y" v="-1.4322" />
    <tag k="ele" v="-2.3055" />
  </node>
  <node id="883" lat="36.84357771690" lon="128.09281651244">
    <tag k="local_x" v="22.4650" />
    <tag k="local_y" v="0.2323" />
    <tag k="ele" v="-2.2541" />
  </node>
  <node id="894" lat="36.84356426365" lon="128.09281406858">
    <tag k="local_x" v="22.2330" />
    <tag k="local_y" v="-1.2580" />
    <tag k="ele" v="-2.2795" />
  </node>
  <node id="895" lat="36.84356617691" lon="128.09281033362">
    <tag k="local_x" v="21.9020" />
    <tag k="local_y" v="-1.0426" />
    <tag k="ele" v="-2.2505" />
  </node>
  <node id="896" lat="36.84356745109" lon="128.09280619232">
    <tag k="local_x" v="21.5341" />
    <tag k="local_y" v="-0.8978" />
    <tag k="ele" v="-2.2752" />
  </node>
  <node id="897" lat="36.84357932555" lon="128.09281194396">
    <tag k="local_x" v="22.0594" />
    <tag k="local_y" v="0.4146" />
    <tag k="ele" v="-2.2683" />
  </node>
  <node id="898" lat="36.84358063416" lon="128.09280726587">
    <tag k="local_x" v="21.6437" />
    <tag k="local_y" v="0.5638" />
    <tag k="ele" v="-2.2999" />
  </node>
  <node id="899" lat="36.84358544537" lon="128.09268372143">
    <tag k="local_x" v="10.6334" />
    <tag k="local_y" v="1.2021" />
    <tag k="ele" v="-1.4999" />
  </node>
  <node id="901" lat="36.84357284374" lon="128.09268282195">
    <tag k="local_x" v="10.5399" />
    <tag k="local_y" v="-0.1951" />
    <tag k="ele" v="-1.4882" />
  </node>
  <node id="904" lat="36.84358520149" lon="128.09267727239">
    <tag k="local_x" v="10.0581" />
    <tag k="local_y" v="1.1805" />
    <tag k="ele" v="-1.4162" />
  </node>
  <node id="905" lat="36.84357248081" lon="128.09267638890">
    <tag k="local_x" v="9.9659" />
    <tag k="local_y" v="-0.2299" />
    <tag k="ele" v="-1.4052" />
  </node>
  <node id="906" lat="36.84358447140" lon="128.09267083155">
    <tag k="local_x" v="9.4831" />
    <tag k="local_y" v="1.1050" />
    <tag k="ele" v="-1.3856" />
  </node>
  <node id="907" lat="36.84357099806" lon="128.09267022436">
    <tag k="local_x" v="9.4147" />
    <tag k="local_y" v="-0.3892" />
    <tag k="ele" v="-1.368" />
  </node>
  <node id="908" lat="36.84358255743" lon="128.09266477250">
    <tag k="local_x" v="8.9408" />
    <tag k="local_y" v="0.8978" />
    <tag k="ele" v="-1.3617" />
  </node>
  <node id="909" lat="36.84356754334" lon="128.09266533330">
    <tag k="local_x" v="8.9750" />
    <tag k="local_y" v="-0.7683" />
    <tag k="ele" v="-1.3293" />
  </node>
  <node id="910" lat="36.84357977582" lon="128.09265922517">
    <tag k="local_x" v="8.4433" />
    <tag k="local_y" v="0.5939" />
    <tag k="ele" v="-1.3426" />
  </node>
  <node id="911" lat="36.84356377279" lon="128.09266083819">
    <tag k="local_x" v="8.5703" />
    <tag k="local_y" v="-1.1828" />
    <tag k="ele" v="-1.304" />
  </node>
  <node id="912" lat="36.84357631696" lon="128.09265434503">
    <tag k="local_x" v="8.0045" />
    <tag k="local_y" v="0.2143" />
    <tag k="ele" v="-1.3214" />
  </node>
  <node id="913" lat="36.84356063883" lon="128.09265559986">
    <tag k="local_x" v="8.0999" />
    <tag k="local_y" v="-1.5260" />
    <tag k="ele" v="-1.297" />
  </node>
  <node id="917" lat="36.84357069723" lon="128.09260870052">
    <tag k="local_x" v="3.9289" />
    <tag k="local_y" v="-0.3705" />
    <tag k="ele" v="-1.0688" />
  </node>
  <node id="919" lat="36.84355810766" lon="128.09260790866">
    <tag k="local_x" v="3.8450" />
    <tag k="local_y" v="-1.7664" />
    <tag k="ele" v="-1.0684" />
  </node>
  <node id="922" lat="36.84357090200" lon="128.09260416291">
    <tag k="local_x" v="3.5245" />
    <tag k="local_y" v="-0.3439" />
    <tag k="ele" v="-1.0454" />
  </node>
  <node id="923" lat="36.84355829856" lon="128.09260343520">
    <tag k="local_x" v="3.4464" />
    <tag k="local_y" v="-1.7414" />
    <tag k="ele" v="-1.0455" />
  </node>
  <node id="924" lat="36.84357108852" lon="128.09259966778">
    <tag k="local_x" v="3.1239" />
    <tag k="local_y" v="-0.3194" />
    <tag k="ele" v="-1.0149" />
  </node>
  <node id="925" lat="36.84355852060" lon="128.09259895279">
    <tag k="local_x" v="3.0469" />
    <tag k="local_y" v="-1.7130" />
    <tag k="ele" v="-1.0166" />
  </node>
  <node id="927" lat="36.84355914542" lon="128.09259452684">
    <tag k="local_x" v="2.6530" />
    <tag k="local_y" v="-1.6399" />
    <tag k="ele" v="-0.9924" />
  </node>
  <node id="928" lat="36.84357294985" lon="128.09259577059">
    <tag k="local_x" v="2.7784" />
    <tag k="local_y" v="-0.1096" />
    <tag k="ele" v="-0.9824" />
  </node>
  <node id="929" lat="36.84356033538" lon="128.09259029510">
    <tag k="local_x" v="2.2769" />
    <tag k="local_y" v="-1.5044" />
    <tag k="ele" v="-0.9814" />
  </node>
  <node id="930" lat="36.84357523158" lon="128.09259224464">
    <tag k="local_x" v="2.4664" />
    <tag k="local_y" v="0.1465" />
    <tag k="ele" v="-0.9557" />
  </node>
  <node id="931" lat="36.84356216288" lon="128.09258642577">
    <tag k="local_x" v="1.9339" />
    <tag k="local_y" v="-1.2983" />
    <tag k="ele" v="-0.9722" />
  </node>
  <node id="937" lat="36.84357267591" lon="128.09264967065">
    <tag k="local_x" v="7.5839" />
    <tag k="local_y" v="-0.1856" />
    <tag k="ele" v="-1.3047" />
  </node>
  <node id="938" lat="36.84357021810" lon="128.09264401669">
    <tag k="local_x" v="7.0772" />
    <tag k="local_y" v="-0.4535" />
    <tag k="ele" v="-1.2879" />
  </node>
  <node id="939" lat="36.84355864767" lon="128.09264956886">
    <tag k="local_x" v="7.5601" />
    <tag k="local_y" v="-1.7418" />
    <tag k="ele" v="-1.2824" />
  </node>
  <node id="940" lat="36.84355746031" lon="128.09264323048">
    <tag k="local_x" v="6.9937" />
    <tag k="local_y" v="-1.8681" />
    <tag k="ele" v="-1.263" />
  </node>
  <node id="943" lat="36.84356471542" lon="128.09258326457">
    <tag k="local_x" v="1.6547" />
    <tag k="local_y" v="-1.0125" />
    <tag k="ele" v="-0.9628" />
  </node>
  <node id="944" lat="36.84356722652" lon="128.09258006327">
    <tag k="local_x" v="1.3719" />
    <tag k="local_y" v="-0.7312" />
    <tag k="ele" v="-0.9527" />
  </node>
  <node id="945" lat="36.84356845066" lon="128.09257587222">
    <tag k="local_x" v="0.9995" />
    <tag k="local_y" v="-0.5919" />
    <tag k="ele" v="-0.9328" />
  </node>
  <node id="946" lat="36.84357760383" lon="128.09258880958">
    <tag k="local_x" v="2.1627" />
    <tag k="local_y" v="0.4126" />
    <tag k="ele" v="-0.9468" />
  </node>
  <node id="947" lat="36.84357934533" lon="128.09258483057">
    <tag k="local_x" v="1.8097" />
    <tag k="local_y" v="0.6091" />
    <tag k="ele" v="-0.941" />
  </node>
  <node id="948" lat="36.84358029152" lon="128.09258044502">
    <tag k="local_x" v="1.4197" />
    <tag k="local_y" v="0.7178" />
    <tag k="ele" v="-0.9307" />
  </node>
  <node id="956" lat="36.84356813934" lon="128.09256693632">
    <tag k="local_x" v="0.2025" />
    <tag k="local_y" v="-0.6188" />
    <tag k="ele" v="-0.8845" />
  </node>
  <node id="957" lat="36.84356800956" lon="128.09256242702">
    <tag k="local_x" v="-0.1997" />
    <tag k="local_y" v="-0.6294" />
    <tag k="ele" v="-0.875" />
  </node>
  <node id="958" lat="36.84356786093" lon="128.09255795340">
    <tag k="local_x" v="-0.5988" />
    <tag k="local_y" v="-0.6421" />
    <tag k="ele" v="-0.8667" />
  </node>
  <node id="959" lat="36.84358089985" lon="128.09257142481">
    <tag k="local_x" v="0.6161" />
    <tag k="local_y" v="0.7929" />
    <tag k="ele" v="-0.9011" />
  </node>
  <node id="960" lat="36.84358081205" lon="128.09256688712">
    <tag k="local_x" v="0.2114" />
    <tag k="local_y" v="0.7870" />
    <tag k="ele" v="-0.889" />
  </node>
  <node id="961" lat="36.84358065554" lon="128.09256235113">
    <tag k="local_x" v="-0.1932" />
    <tag k="local_y" v="0.7735" />
    <tag k="ele" v="-0.8784" />
  </node>
  <node id="962" lat="36.84358049956" lon="128.09255782305">
    <tag k="local_x" v="-0.5971" />
    <tag k="local_y" v="0.7600" />
    <tag k="ele" v="-0.868" />
  </node>
  <node id="1126" lat="36.84365972366" lon="128.09210959959">
    <tag k="local_x" v="-40.4777" />
    <tag k="local_y" v="9.9284" />
    <tag k="ele" v="-1.4371" />
  </node>
  <node id="1127" lat="36.84367955786" lon="128.09212291923">
    <tag k="local_x" v="-39.2692" />
    <tag k="local_y" v="12.1174" />
    <tag k="ele" v="-1.5945" />
  </node>
  <node id="1129" lat="36.84369962845" lon="128.09213519332">
    <tag k="local_x" v="-38.1537" />
    <tag k="local_y" v="14.3335" />
    <tag k="ele" v="-1.6864" />
  </node>
  <node id="1130" lat="36.84371867211" lon="128.09214672706">
    <tag k="local_x" v="-37.1052" />
    <tag k="local_y" v="16.4363" />
    <tag k="ele" v="-1.7985" />
  </node>
  <node id="1131" lat="36.84372786759" lon="128.09215169029">
    <tag k="local_x" v="-36.6530" />
    <tag k="local_y" v="17.4522" />
    <tag k="ele" v="-1.8287" />
  </node>
  <node id="1132" lat="36.84373997054" lon="128.09215933154">
    <tag k="local_x" v="-35.9589" />
    <tag k="local_y" v="18.7884" />
    <tag k="ele" v="-1.8992" />
  </node>
  <node id="1133" lat="36.84375173279" lon="128.09216671077">
    <tag k="local_x" v="-35.2886" />
    <tag k="local_y" v="20.0870" />
    <tag k="ele" v="-1.9328" />
  </node>
  <node id="1134" lat="36.84377082297" lon="128.09217712775">
    <tag k="local_x" v="-34.3397" />
    <tag k="local_y" v="22.1959" />
    <tag k="ele" v="-2.026" />
  </node>
  <node id="1135" lat="36.84378829810" lon="128.09218810732">
    <tag k="local_x" v="-33.3423" />
    <tag k="local_y" v="24.1252" />
    <tag k="ele" v="-2.0964" />
  </node>
  <node id="1136" lat="36.84380363003" lon="128.09219865464">
    <tag k="local_x" v="-32.3858" />
    <tag k="local_y" v="25.8171" />
    <tag k="ele" v="-2.1894" />
  </node>
  <node id="1137" lat="36.84383288737" lon="128.09221697335">
    <tag k="local_x" v="-30.7216" />
    <tag k="local_y" v="29.0472" />
    <tag k="ele" v="-2.3268" />
  </node>
  <node id="1138" lat="36.84381462223" lon="128.09225593723">
    <tag k="local_x" v="-27.2668" />
    <tag k="local_y" v="26.9880" />
    <tag k="ele" v="-2.5189" />
  </node>
  <node id="1139" lat="36.84379922422" lon="128.09224882874">
    <tag k="local_x" v="-27.9168" />
    <tag k="local_y" v="25.2858" />
    <tag k="ele" v="-2.4612" />
  </node>
  <node id="1140" lat="36.84375493483" lon="128.09222305307">
    <tag k="local_x" v="-30.2617" />
    <tag k="local_y" v="20.3944" />
    <tag k="ele" v="-2.2804" />
  </node>
  <node id="1141" lat="36.84373533599" lon="128.09221019893">
    <tag k="local_x" v="-31.4284" />
    <tag k="local_y" v="18.2311" />
    <tag k="ele" v="-2.1786" />
  </node>
  <node id="1142" lat="36.84370752243" lon="128.09219455554">
    <tag k="local_x" v="-32.8525" />
    <tag k="local_y" v="15.1589" />
    <tag k="ele" v="-2.0408" />
  </node>
  <node id="1143" lat="36.84366117079" lon="128.09216772444">
    <tag k="local_x" v="-35.2937" />
    <tag k="local_y" v="10.0397" />
    <tag k="ele" v="-1.8241" />
  </node>
  <node id="1144" lat="36.84363979271" lon="128.09215630734">
    <tag k="local_x" v="-36.3342" />
    <tag k="local_y" v="7.6778" />
    <tag k="ele" v="-1.6634" />
  </node>
  <node id="1145" lat="36.84365970932" lon="128.09210963561">
    <tag k="local_x" v="-40.4745" />
    <tag k="local_y" v="9.9268" />
    <tag k="ele" v="-1.4737" />
  </node>
  <node id="1208" lat="36.84369357244" lon="128.09238781205">
    <tag k="local_x" v="-15.6363" />
    <tag k="local_y" v="13.4477" />
    <tag k="ele" v="-2.179" />
  </node>
  <node id="1209" lat="36.84371924263" lon="128.09239022039">
    <tag k="local_x" v="-15.3945" />
    <tag k="local_y" v="16.2933" />
    <tag k="ele" v="-2.2503" />
  </node>
  <node id="1211" lat="36.84374714682" lon="128.09239562710">
    <tag k="local_x" v="-14.8830" />
    <tag k="local_y" v="19.3843" />
    <tag k="ele" v="-2.3708" />
  </node>
  <node id="1212" lat="36.84375696947" lon="128.09240225982">
    <tag k="local_x" v="-14.2813" />
    <tag k="local_y" v="20.4683" />
    <tag k="ele" v="-2.4544" />
  </node>
  <node id="1213" lat="36.84374950371" lon="128.09245265243">
    <tag k="local_x" v="-9.7961" />
    <tag k="local_y" v="19.5975" />
    <tag k="ele" v="-2.7177" />
  </node>
  <node id="1214" lat="36.84373151084" lon="128.09244834022">
    <tag k="local_x" v="-10.1996" />
    <tag k="local_y" v="17.6051" />
    <tag k="ele" v="-2.5773" />
  </node>
  <node id="1215" lat="36.84371675295" lon="128.09244375376">
    <tag k="local_x" v="-10.6241" />
    <tag k="local_y" v="15.9718" />
    <tag k="ele" v="-2.4675" />
  </node>
  <node id="1216" lat="36.84368808696" lon="128.09244280565">
    <tag k="local_x" v="-10.7388" />
    <tag k="local_y" v="12.7926" />
    <tag k="ele" v="-2.4304" />
  </node>
  <node id="1217" lat="36.84368002200" lon="128.09244177560">
    <tag k="local_x" v="-10.8391" />
    <tag k="local_y" v="11.8988" />
    <tag k="ele" v="-2.4568" />
  </node>
  <node id="1218" lat="36.84369323754" lon="128.09238727518">
    <tag k="local_x" v="-15.6845" />
    <tag k="local_y" v="13.4110" />
    <tag k="ele" v="-2.1648" />
  </node>
  <node id="1222" lat="36.84368291906" lon="128.09245457828">
    <tag k="local_x" v="-9.6946" />
    <tag k="local_y" v="12.2093" />
    <tag k="ele" v="-2.179" />
  </node>
  <node id="1223" lat="36.84370858728" lon="128.09245697078">
    <tag k="local_x" v="-9.4542" />
    <tag k="local_y" v="15.0548" />
    <tag k="ele" v="-2.2503" />
  </node>
  <node id="1224" lat="36.84373649178" lon="128.09246238989">
    <tag k="local_x" v="-8.9416" />
    <tag k="local_y" v="18.1457" />
    <tag k="ele" v="-2.3708" />
  </node>
  <node id="1225" lat="36.84374630633" lon="128.09246904113">
    <tag k="local_x" v="-8.3383" />
    <tag k="local_y" v="19.2289" />
    <tag k="ele" v="-2.4544" />
  </node>
  <node id="1226" lat="36.84373885834" lon="128.09251940132">
    <tag k="local_x" v="-3.8559" />
    <tag k="local_y" v="18.3600" />
    <tag k="ele" v="-2.7177" />
  </node>
  <node id="1227" lat="36.84372084451" lon="128.09251509318">
    <tag k="local_x" v="-4.2590" />
    <tag k="local_y" v="16.3653" />
    <tag k="ele" v="-2.5773" />
  </node>
  <node id="1228" lat="36.84370609445" lon="128.09251051289">
    <tag k="local_x" v="-4.6830" />
    <tag k="local_y" v="14.7329" />
    <tag k="ele" v="-2.4675" />
  </node>
  <node id="1229" lat="36.84368263829" lon="128.09250591396">
    <tag k="local_x" v="-5.1177" />
    <tag k="local_y" v="12.1347" />
    <tag k="ele" v="-2.4304" />
  </node>
  <node id="1230" lat="36.84367458725" lon="128.09250487594">
    <tag k="local_x" v="-5.2188" />
    <tag k="local_y" v="11.2424" />
    <tag k="ele" v="-2.4568" />
  </node>
  <node id="1231" lat="36.84368256833" lon="128.09245403239">
    <tag k="local_x" v="-9.7436" />
    <tag k="local_y" v="12.1709" />
    <tag k="ele" v="-2.1648" />
  </node>
  <node id="1234" lat="36.84367139082" lon="128.09252246576">
    <tag k="local_x" v="-3.6538" />
    <tag k="local_y" v="10.8729" />
    <tag k="ele" v="-2.179" />
  </node>
  <node id="1237" lat="36.84373477988" lon="128.09253692880">
    <tag k="local_x" v="-2.2975" />
    <tag k="local_y" v="17.8927" />
    <tag k="ele" v="-2.4544" />
  </node>
  <node id="1238" lat="36.84372733842" lon="128.09258728384">
    <tag k="local_x" v="2.1844" />
    <tag k="local_y" v="17.0246" />
    <tag k="ele" v="-2.7177" />
  </node>
  <node id="1239" lat="36.84370932946" lon="128.09258298727">
    <tag k="local_x" v="1.7823" />
    <tag k="local_y" v="15.0304" />
    <tag k="ele" v="-2.5773" />
  </node>
  <node id="1241" lat="36.84367112892" lon="128.09257380282">
    <tag k="local_x" v="0.9232" />
    <tag k="local_y" v="10.8004" />
    <tag k="ele" v="-2.4304" />
  </node>
  <node id="1242" lat="36.84366307353" lon="128.09257276110">
    <tag k="local_x" v="0.8218" />
    <tag k="local_y" v="9.9077" />
    <tag k="ele" v="-2.4568" />
  </node>
  <node id="1243" lat="36.84367105125" lon="128.09252193192">
    <tag k="local_x" v="-3.7018" />
    <tag k="local_y" v="10.8357" />
    <tag k="ele" v="-2.1648" />
  </node>
  <node id="1246" lat="36.84365679256" lon="128.09259448771">
    <tag k="local_x" v="2.7524" />
    <tag k="local_y" v="9.1925" />
    <tag k="ele" v="-2.179" />
  </node>
  <node id="1247" lat="36.84372019591" lon="128.09260895410">
    <tag k="local_x" v="4.1090" />
    <tag k="local_y" v="16.2139" />
    <tag k="ele" v="-2.4544" />
  </node>
  <node id="1248" lat="36.84371274224" lon="128.09265931834">
    <tag k="local_x" v="8.5917" />
    <tag k="local_y" v="15.3443" />
    <tag k="ele" v="-2.7177" />
  </node>
  <node id="1249" lat="36.84369473419" lon="128.09265500272">
    <tag k="local_x" v="8.1879" />
    <tag k="local_y" v="13.3503" />
    <tag k="ele" v="-2.5773" />
  </node>
  <node id="1250" lat="36.84365652439" lon="128.09264582318">
    <tag k="local_x" v="7.3292" />
    <tag k="local_y" v="9.1193" />
    <tag k="ele" v="-2.4304" />
  </node>
  <node id="1251" lat="36.84364847303" lon="128.09264479186">
    <tag k="local_x" v="7.2288" />
    <tag k="local_y" v="8.2270" />
    <tag k="ele" v="-2.4568" />
  </node>
  <node id="1252" lat="36.84365644665" lon="128.09259395453">
    <tag k="local_x" v="2.7045" />
    <tag k="local_y" v="9.1546" />
    <tag k="ele" v="-2.1648" />
  </node>
  <node id="1255" lat="36.84364550398" lon="128.09267307203">
    <tag k="local_x" v="9.7471" />
    <tag k="local_y" v="7.8737" />
    <tag k="ele" v="-2.179" />
  </node>
  <node id="1256" lat="36.84370889148" lon="128.09268754856">
    <tag k="local_x" v="11.1047" />
    <tag k="local_y" v="14.8933" />
    <tag k="ele" v="-2.4544" />
  </node>
  <node id="1257" lat="36.84370144748" lon="128.09273791799">
    <tag k="local_x" v="15.5878" />
    <tag k="local_y" v="14.0248" />
    <tag k="ele" v="-2.7177" />
  </node>
  <node id="1258" lat="36.84368343540" lon="128.09273359195">
    <tag k="local_x" v="15.1831" />
    <tag k="local_y" v="12.0303" />
    <tag k="ele" v="-2.5773" />
  </node>
  <node id="1259" lat="36.84364522942" lon="128.09272442726">
    <tag k="local_x" v="14.3257" />
    <tag k="local_y" v="7.7997" />
    <tag k="ele" v="-2.4304" />
  </node>
  <node id="1260" lat="36.84363716493" lon="128.09272338710">
    <tag k="local_x" v="14.2245" />
    <tag k="local_y" v="6.9060" />
    <tag k="ele" v="-2.4568" />
  </node>
  <node id="1261" lat="36.84364514911" lon="128.09267253707">
    <tag k="local_x" v="9.6991" />
    <tag k="local_y" v="7.8348" />
    <tag k="ele" v="-2.1648" />
  </node>
  <node id="1264" lat="36.84363552495" lon="128.09273936179">
    <tag k="local_x" v="15.6471" />
    <tag k="local_y" v="6.7105" />
    <tag k="ele" v="-2.179" />
  </node>
  <node id="1265" lat="36.84369892347" lon="128.09275381558">
    <tag k="local_x" v="17.0026" />
    <tag k="local_y" v="13.7314" />
    <tag k="ele" v="-2.4544" />
  </node>
  <node id="1266" lat="36.84369148107" lon="128.09280418848">
    <tag k="local_x" v="21.4861" />
    <tag k="local_y" v="12.8631" />
    <tag k="ele" v="-2.7177" />
  </node>
  <node id="1267" lat="36.84367345979" lon="128.09279988535">
    <tag k="local_x" v="21.0834" />
    <tag k="local_y" v="10.8676" />
    <tag k="ele" v="-2.5773" />
  </node>
  <node id="1268" lat="36.84363525401" lon="128.09279071615">
    <tag k="local_x" v="20.2256" />
    <tag k="local_y" v="6.6370" />
    <tag k="ele" v="-2.4304" />
  </node>
  <node id="1269" lat="36.84362719868" lon="128.09278967328">
    <tag k="local_x" v="20.1242" />
    <tag k="local_y" v="5.7443" />
    <tag k="ele" v="-2.4568" />
  </node>
  <node id="1270" lat="36.84363518248" lon="128.09273881312">
    <tag k="local_x" v="15.5978" />
    <tag k="local_y" v="6.6730" />
    <tag k="ele" v="-2.1648" />
  </node>
  <node id="1273" lat="36.84362981176" lon="128.09280752237">
    <tag k="local_x" v="21.7183" />
    <tag k="local_y" v="6.0190" />
    <tag k="ele" v="-2.179" />
  </node>
  <node id="1274" lat="36.84369322113" lon="128.09282197588">
    <tag k="local_x" v="23.0738" />
    <tag k="local_y" v="13.0411" />
    <tag k="ele" v="-2.4544" />
  </node>
  <node id="1275" lat="36.84368576350" lon="128.09287234543">
    <tag k="local_x" v="27.5570" />
    <tag k="local_y" v="12.1711" />
    <tag k="ele" v="-2.7177" />
  </node>
  <node id="1276" lat="36.84366776081" lon="128.09286803128">
    <tag k="local_x" v="27.1534" />
    <tag k="local_y" v="10.1777" />
    <tag k="ele" v="-2.5773" />
  </node>
  <node id="1277" lat="36.84362955117" lon="128.09285886738">
    <tag k="local_x" v="26.2961" />
    <tag k="local_y" v="5.9467" />
    <tag k="ele" v="-2.4304" />
  </node>
  <node id="1278" lat="36.84362149579" lon="128.09285780652">
    <tag k="local_x" v="26.1930" />
    <tag k="local_y" v="5.0539" />
    <tag k="ele" v="-2.4568" />
  </node>
  <node id="1279" lat="36.84362947802" lon="128.09280697996">
    <tag k="local_x" v="21.6696" />
    <tag k="local_y" v="5.9825" />
    <tag k="ele" v="-2.1648" />
  </node>
  <node id="1282" lat="36.84382795756" lon="128.09251579000">
    <tag k="local_x" v="-4.0841" />
    <tag k="local_y" v="28.2472" />
    <tag k="ele" v="-2.179" />
  </node>
  <node id="1283" lat="36.84380269921" lon="128.09250962091">
    <tag k="local_x" v="-4.6607" />
    <tag k="local_y" v="25.4504" />
    <tag k="ele" v="-2.2503" />
  </node>
  <node id="1284" lat="36.84377551654" lon="128.09250013011">
    <tag k="local_x" v="-5.5356" />
    <tag k="local_y" v="22.4430" />
    <tag k="ele" v="-2.3708" />
  </node>
  <node id="1285" lat="36.84376638053" lon="128.09249209717">
    <tag k="local_x" v="-6.2614" />
    <tag k="local_y" v="21.4363" />
    <tag k="ele" v="-2.4544" />
  </node>
  <node id="1286" lat="36.84377855210" lon="128.09244317167">
    <tag k="local_x" v="-10.6108" />
    <tag k="local_y" v="22.8280" />
    <tag k="ele" v="-2.7177" />
  </node>
  <node id="1287" lat="36.84379603869" lon="128.09245009163">
    <tag k="local_x" v="-9.9754" />
    <tag k="local_y" v="24.7620" />
    <tag k="ele" v="-2.5773" />
  </node>
  <node id="1288" lat="36.84381026131" lon="128.09245681072">
    <tag k="local_x" v="-9.3613" />
    <tag k="local_y" v="26.3340" />
    <tag k="ele" v="-2.4675" />
  </node>
  <node id="1289" lat="36.84383311324" lon="128.09246484725">
    <tag k="local_x" v="-8.6207" />
    <tag k="local_y" v="28.8623" />
    <tag k="ele" v="-2.4304" />
  </node>
  <node id="1290" lat="36.84384102194" lon="128.09246704222">
    <tag k="local_x" v="-8.4167" />
    <tag k="local_y" v="29.7378" />
    <tag k="ele" v="-2.4568" />
  </node>
  <node id="1291" lat="36.84382821168" lon="128.09251637376">
    <tag k="local_x" v="-4.0317" />
    <tag k="local_y" v="28.2749" />
    <tag k="ele" v="-2.1648" />
  </node>
  <node id="1294" lat="36.84381194532" lon="128.09258590073">
    <tag k="local_x" v="2.1502" />
    <tag k="local_y" v="26.4115" />
    <tag k="ele" v="-2.179" />
  </node>
  <node id="1295" lat="36.84378672418" lon="128.09257974671">
    <tag k="local_x" v="1.5749" />
    <tag k="local_y" v="23.6189" />
    <tag k="ele" v="-2.2503" />
  </node>
  <node id="1296" lat="36.84375950589" lon="128.09257026451">
    <tag k="local_x" v="0.7008" />
    <tag k="local_y" v="20.6074" />
    <tag k="ele" v="-2.3708" />
  </node>
  <node id="1297" lat="36.84375038381" lon="128.09256222359">
    <tag k="local_x" v="-0.0257" />
    <tag k="local_y" v="19.6023" />
    <tag k="ele" v="-2.4544" />
  </node>
  <node id="1298" lat="36.84376256053" lon="128.09251328501">
    <tag k="local_x" v="-4.3763" />
    <tag k="local_y" v="20.9946" />
    <tag k="ele" v="-2.7177" />
  </node>
  <node id="1299" lat="36.84378004210" lon="128.09252023495">
    <tag k="local_x" v="-3.7382" />
    <tag k="local_y" v="22.9280" />
    <tag k="ele" v="-2.5773" />
  </node>
  <node id="1300" lat="36.84379427213" lon="128.09252693100">
    <tag k="local_x" v="-3.1262" />
    <tag k="local_y" v="24.5009" />
    <tag k="ele" v="-2.4675" />
  </node>
  <node id="1301" lat="36.84381712002" lon="128.09253497624">
    <tag k="local_x" v="-2.3848" />
    <tag k="local_y" v="27.0287" />
    <tag k="ele" v="-2.4304" />
  </node>
  <node id="1302" lat="36.84382501004" lon="128.09253716536">
    <tag k="local_x" v="-2.1813" />
    <tag k="local_y" v="27.9021" />
    <tag k="ele" v="-2.4568" />
  </node>
  <node id="1303" lat="36.84381222638" lon="128.09258650670">
    <tag k="local_x" v="2.2045" />
    <tag k="local_y" v="26.4422" />
    <tag k="ele" v="-2.1648" />
  </node>
  <node id="1306" lat="36.84380191434" lon="128.09264752635">
    <tag k="local_x" v="7.6342" />
    <tag k="local_y" v="25.2466" />
    <tag k="ele" v="-2.179" />
  </node>
  <node id="1307" lat="36.84377638973" lon="128.09264356796">
    <tag k="local_x" v="7.2544" />
    <tag k="local_y" v="22.4184" />
    <tag k="ele" v="-2.2503" />
  </node>
  <node id="1308" lat="36.84374873337" lon="128.09263647377">
    <tag k="local_x" v="6.5928" />
    <tag k="local_y" v="19.3563" />
    <tag k="ele" v="-2.3708" />
  </node>
  <node id="1309" lat="36.84373916411" lon="128.09262923825">
    <tag k="local_x" v="5.9375" />
    <tag k="local_y" v="18.3009" />
    <tag k="ele" v="-2.4544" />
  </node>
  <node id="1310" lat="36.84374858574" lon="128.09257936420">
    <tag k="local_x" v="1.5007" />
    <tag k="local_y" v="19.3883" />
    <tag k="ele" v="-2.7177" />
  </node>
  <node id="1311" lat="36.84376641838" lon="128.09258475342">
    <tag k="local_x" v="1.9999" />
    <tag k="local_y" v="21.3620" />
    <tag k="ele" v="-2.5773" />
  </node>
  <node id="1312" lat="36.84378098105" lon="128.09259022109">
    <tag k="local_x" v="2.5028" />
    <tag k="local_y" v="22.9729" />
    <tag k="ele" v="-2.4675" />
  </node>
  <node id="1313" lat="36.84380421975" lon="128.09259626697">
    <tag k="local_x" v="3.0663" />
    <tag k="local_y" v="25.5457" />
    <tag k="ele" v="-2.4304" />
  </node>
  <node id="1314" lat="36.84381222450" lon="128.09259778700">
    <tag k="local_x" v="3.2103" />
    <tag k="local_y" v="26.4324" />
    <tag k="ele" v="-2.4568" />
  </node>
  <node id="1315" lat="36.84380223204" lon="128.09264810241">
    <tag k="local_x" v="7.6859" />
    <tag k="local_y" v="25.2813" />
    <tag k="ele" v="-2.1648" />
  </node>
  <node id="1318" lat="36.84379051643" lon="128.09272053898">
    <tag k="local_x" v="14.1321" />
    <tag k="local_y" v="23.9203" />
    <tag k="ele" v="-2.179" />
  </node>
  <node id="1319" lat="36.84376499024" lon="128.09271657596">
    <tag k="local_x" v="13.7519" />
    <tag k="local_y" v="21.0920" />
    <tag k="ele" v="-2.2503" />
  </node>
  <node id="1320" lat="36.84373734382" lon="128.09270948135">
    <tag k="local_x" v="13.0902" />
    <tag k="local_y" v="18.0310" />
    <tag k="ele" v="-2.3708" />
  </node>
  <node id="1321" lat="36.84372776922" lon="128.09270224431">
    <tag k="local_x" v="12.4348" />
    <tag k="local_y" v="16.9750" />
    <tag k="ele" v="-2.4544" />
  </node>
  <node id="1322" lat="36.84373719485" lon="128.09265238180">
    <tag k="local_x" v="7.9990" />
    <tag k="local_y" v="18.0629" />
    <tag k="ele" v="-2.7177" />
  </node>
  <node id="1323" lat="36.84375502135" lon="128.09265776722">
    <tag k="local_x" v="8.4979" />
    <tag k="local_y" v="20.0359" />
    <tag k="ele" v="-2.5773" />
  </node>
  <node id="1324" lat="36.84376957243" lon="128.09266323180">
    <tag k="local_x" v="9.0005" />
    <tag k="local_y" v="21.6454" />
    <tag k="ele" v="-2.4675" />
  </node>
  <node id="1325" lat="36.84379282065" lon="128.09266928627">
    <tag k="local_x" v="9.5648" />
    <tag k="local_y" v="24.2193" />
    <tag k="ele" v="-2.4304" />
  </node>
  <node id="1326" lat="36.84380081688" lon="128.09267079556">
    <tag k="local_x" v="9.7078" />
    <tag k="local_y" v="25.1051" />
    <tag k="ele" v="-2.4568" />
  </node>
  <node id="1327" lat="36.84379082841" lon="128.09272110227">
    <tag k="local_x" v="14.1827" />
    <tag k="local_y" v="23.9545" />
    <tag k="ele" v="-2.1648" />
  </node>
  <node id="1330" lat="36.84378389669" lon="128.09278062575">
    <tag k="local_x" v="19.4825" />
    <tag k="local_y" v="23.1351" />
    <tag k="ele" v="-2.179" />
  </node>
  <node id="1331" lat="36.84375838167" lon="128.09277667477">
    <tag k="local_x" v="19.1034" />
    <tag k="local_y" v="20.3080" />
    <tag k="ele" v="-2.2503" />
  </node>
  <node id="1332" lat="36.84373071700" lon="128.09276956532">
    <tag k="local_x" v="18.4403" />
    <tag k="local_y" v="17.2450" />
    <tag k="ele" v="-2.3708" />
  </node>
  <node id="1333" lat="36.84372115971" lon="128.09276232504">
    <tag k="local_x" v="17.7847" />
    <tag k="local_y" v="16.1909" />
    <tag k="ele" v="-2.4544" />
  </node>
  <node id="1334" lat="36.84373057653" lon="128.09271245853">
    <tag k="local_x" v="13.3485" />
    <tag k="local_y" v="17.2778" />
    <tag k="ele" v="-2.7177" />
  </node>
  <node id="1335" lat="36.84374840202" lon="128.09271786524">
    <tag k="local_x" v="13.8493" />
    <tag k="local_y" v="19.2507" />
    <tag k="ele" v="-2.5773" />
  </node>
  <node id="1336" lat="36.84376296733" lon="128.09272333424">
    <tag k="local_x" v="14.3523" />
    <tag k="local_y" v="20.8618" />
    <tag k="ele" v="-2.4675" />
  </node>
  <node id="1337" lat="36.84378620506" lon="128.09272936212">
    <tag k="local_x" v="14.9142" />
    <tag k="local_y" v="23.4346" />
    <tag k="ele" v="-2.4304" />
  </node>
  <node id="1338" lat="36.84379420410" lon="128.09273086938">
    <tag k="local_x" v="15.0571" />
    <tag k="local_y" v="24.3207" />
    <tag k="ele" v="-2.4568" />
  </node>
  <node id="1339" lat="36.84378421926" lon="128.09278119431">
    <tag k="local_x" v="19.5336" />
    <tag k="local_y" v="23.1704" />
    <tag k="ele" v="-2.1648" />
  </node>
  <node id="1342" lat="36.84377586606" lon="128.09284207428">
    <tag k="local_x" v="24.9529" />
    <tag k="local_y" v="22.1922" />
    <tag k="ele" v="-2.179" />
  </node>
  <node id="1343" lat="36.84375033130" lon="128.09283812071">
    <tag k="local_x" v="24.5735" />
    <tag k="local_y" v="19.3629" />
    <tag k="ele" v="-2.2503" />
  </node>
  <node id="1344" lat="36.84372267399" lon="128.09283100840">
    <tag k="local_x" v="23.9102" />
    <tag k="local_y" v="16.3008" />
    <tag k="ele" v="-2.3708" />
  </node>
  <node id="1345" lat="36.84371311115" lon="128.09282377109">
    <tag k="local_x" v="23.2548" />
    <tag k="local_y" v="15.2460" />
    <tag k="ele" v="-2.4544" />
  </node>
  <node id="1346" lat="36.84372254060" lon="128.09277390550">
    <tag k="local_x" v="18.8187" />
    <tag k="local_y" v="16.3343" />
    <tag k="ele" v="-2.7177" />
  </node>
  <node id="1347" lat="36.84374036343" lon="128.09277931090">
    <tag k="local_x" v="19.3194" />
    <tag k="local_y" v="18.3069" />
    <tag k="ele" v="-2.5773" />
  </node>
  <node id="1348" lat="36.84375492265" lon="128.09278479408">
    <tag k="local_x" v="19.8237" />
    <tag k="local_y" v="19.9174" />
    <tag k="ele" v="-2.4675" />
  </node>
  <node id="1349" lat="36.84377816404" lon="128.09279082112">
    <tag k="local_x" v="20.3855" />
    <tag k="local_y" v="22.4905" />
    <tag k="ele" v="-2.4304" />
  </node>
  <node id="1350" lat="36.84378616186" lon="128.09279231594">
    <tag k="local_x" v="20.5272" />
    <tag k="local_y" v="23.3765" />
    <tag k="ele" v="-2.4568" />
  </node>
  <node id="1351" lat="36.84377618127" lon="128.09284264567">
    <tag k="local_x" v="25.0041" />
    <tag k="local_y" v="22.2267" />
    <tag k="ele" v="-2.1648" />
  </node>
  <node id="1354" lat="36.84385108479" lon="128.09215153702">
    <tag k="local_x" v="-36.5368" />
    <tag k="local_y" v="31.1213" />
    <tag k="ele" v="-1.9407" />
  </node>
  <node id="1355" lat="36.84382973518" lon="128.09213850633">
    <tag k="local_x" v="-37.7211" />
    <tag k="local_y" v="28.7640" />
    <tag k="ele" v="-1.8215" />
  </node>
  <node id="1357" lat="36.84381021909" lon="128.09212646047">
    <tag k="local_x" v="-38.8157" />
    <tag k="local_y" v="26.6092" />
    <tag k="ele" v="-1.7509" />
  </node>
  <node id="1358" lat="36.84378907008" lon="128.09211440062">
    <tag k="local_x" v="-39.9133" />
    <tag k="local_y" v="24.2733" />
    <tag k="ele" v="-1.6659" />
  </node>
  <node id="1359" lat="36.84376894740" lon="128.09210229236">
    <tag k="local_x" v="-41.0141" />
    <tag k="local_y" v="22.0512" />
    <tag k="ele" v="-1.5762" />
  </node>
  <node id="1360" lat="36.84374817604" lon="128.09209009502">
    <tag k="local_x" v="-42.1235" />
    <tag k="local_y" v="19.7573" />
    <tag k="ele" v="-1.4917" />
  </node>
  <node id="1361" lat="36.84372842348" lon="128.09207787457">
    <tag k="local_x" v="-43.2339" />
    <tag k="local_y" v="17.5764" />
    <tag k="ele" v="-1.3794" />
  </node>
  <node id="1362" lat="36.84370779447" lon="128.09206537870">
    <tag k="local_x" v="-44.3698" />
    <tag k="local_y" v="15.2985" />
    <tag k="ele" v="-1.2801" />
  </node>
  <node id="1363" lat="36.84368813675" lon="128.09205363484">
    <tag k="local_x" v="-45.4376" />
    <tag k="local_y" v="13.1278" />
    <tag k="ele" v="-1.1846" />
  </node>
  <node id="1364" lat="36.84366785763" lon="128.09204181739">
    <tag k="local_x" v="-46.5126" />
    <tag k="local_y" v="10.8881" />
    <tag k="ele" v="-1.1065" />
  </node>
  <node id="1365" lat="36.84364796261" lon="128.09202987864">
    <tag k="local_x" v="-47.5981" />
    <tag k="local_y" v="8.6912" />
    <tag k="ele" v="-1.0184" />
  </node>
  <node id="1366" lat="36.84366203400" lon="128.09199003689">
    <tag k="local_x" v="-51.1356" />
    <tag k="local_y" v="10.2860" />
    <tag k="ele" v="-0.8675" />
  </node>
  <node id="1367" lat="36.84368488871" lon="128.09200135535">
    <tag k="local_x" v="-50.1023" />
    <tag k="local_y" v="12.8118" />
    <tag k="ele" v="-0.9634" />
  </node>
  <node id="1368" lat="36.84370415612" lon="128.09201321779">
    <tag k="local_x" v="-49.0244" />
    <tag k="local_y" v="14.9391" />
    <tag k="ele" v="-1.03" />
  </node>
  <node id="1369" lat="36.84372472758" lon="128.09202442971">
    <tag k="local_x" v="-48.0030" />
    <tag k="local_y" v="17.2117" />
    <tag k="ele" v="-1.108" />
  </node>
  <node id="1370" lat="36.84374341283" lon="128.09203748880">
    <tag k="local_x" v="-46.8189" />
    <tag k="local_y" v="19.2735" />
    <tag k="ele" v="-1.1521" />
  </node>
  <node id="1371" lat="36.84376369582" lon="128.09204930092">
    <tag k="local_x" v="-45.7444" />
    <tag k="local_y" v="21.5135" />
    <tag k="ele" v="-1.258" />
  </node>
  <node id="1372" lat="36.84378437509" lon="128.09206100164">
    <tag k="local_x" v="-44.6793" />
    <tag k="local_y" v="23.7977" />
    <tag k="ele" v="-1.3438" />
  </node>
  <node id="1373" lat="36.84380577470" lon="128.09207326183">
    <tag k="local_x" v="-43.5636" />
    <tag k="local_y" v="26.1612" />
    <tag k="ele" v="-1.4182" />
  </node>
  <node id="1374" lat="36.84382427061" lon="128.09208534083">
    <tag k="local_x" v="-42.4672" />
    <tag k="local_y" v="28.2028" />
    <tag k="ele" v="-1.4134" />
  </node>
  <node id="1375" lat="36.84384628427" lon="128.09209767747">
    <tag k="local_x" v="-41.3440" />
    <tag k="local_y" v="30.6344" />
    <tag k="ele" v="-1.5491" />
  </node>
  <node id="1376" lat="36.84386951303" lon="128.09211422093">
    <tag k="local_x" v="-39.8445" />
    <tag k="local_y" v="33.1973" />
    <tag k="ele" v="-1.5932" />
  </node>
  <node id="1377" lat="36.84385060705" lon="128.09215117508">
    <tag k="local_x" v="-36.5696" />
    <tag k="local_y" v="31.0687" />
    <tag k="ele" v="-1.9355" />
  </node>
  <node id="1407" lat="36.84364968209" lon="128.09300697628">
    <tag k="local_x" v="39.5228" />
    <tag k="local_y" v="8.0545" />
    <tag k="ele" v="-3.9742" />
  </node>
  <node id="1408" lat="36.84364684328" lon="128.09312982266">
    <tag k="local_x" v="50.4729" />
    <tag k="local_y" v="7.6356" />
    <tag k="ele" v="-4.7887" />
  </node>
  <node id="1410" lat="36.84368010462" lon="128.09301595518">
    <tag k="local_x" v="40.3554" />
    <tag k="local_y" v="11.4218" />
    <tag k="ele" v="-3.9742" />
  </node>
  <node id="1411" lat="36.84367762763" lon="128.09312697694">
    <tag k="local_x" v="50.2516" />
    <tag k="local_y" v="11.0531" />
    <tag k="ele" v="-4.7887" />
  </node>
  <node id="1585" lat="36.84360980549" lon="128.09278022650">
    <tag k="local_x" v="19.2635" />
    <tag k="local_y" v="3.8228" />
    <tag k="ele" v="-1.8194" />
  </node>
  <node id="1586" lat="36.84360876018" lon="128.09280264109">
    <tag k="local_x" v="21.2610" />
    <tag k="local_y" v="3.6878" />
    <tag k="ele" v="-2.0997" />
  </node>
  <node id="1587" lat="36.84361084602" lon="128.09275798907">
    <tag k="local_x" v="17.2819" />
    <tag k="local_y" v="3.9570" />
    <tag k="ele" v="-1.5391" />
  </node>
  <node id="1588" lat="36.84361192845" lon="128.09273520979">
    <tag k="local_x" v="15.2520" />
    <tag k="local_y" v="4.0964" />
    <tag k="ele" v="-1.399" />
  </node>
  <node id="1589" lat="36.84361296049" lon="128.09271326612">
    <tag k="local_x" v="13.2966" />
    <tag k="local_y" v="4.2295" />
    <tag k="ele" v="-1.3289" />
  </node>
  <node id="1590" lat="36.84361409042" lon="128.09268938700">
    <tag k="local_x" v="11.1687" />
    <tag k="local_y" v="4.3750" />
    <tag k="ele" v="-1.2939" />
  </node>
  <node id="1598" lat="36.84360773846" lon="128.09282409903">
    <tag k="local_x" v="23.1731" />
    <tag k="local_y" v="3.5563" />
    <tag k="ele" v="-2.2398" />
  </node>
  <node id="1605" lat="36.84355163650" lon="128.09283212367">
    <tag k="local_x" v="23.8295" />
    <tag k="local_y" v="-2.6741" />
    <tag k="ele" v="-2.3656" />
  </node>
  <node id="1606" lat="36.84355697507" lon="128.09254609919">
    <tag k="local_x" v="-1.6672" />
    <tag k="local_y" v="-1.8397" />
    <tag k="ele" v="-0.824" />
  </node>
  <node id="1609" lat="36.84359166135" lon="128.09222243847">
    <tag k="local_x" v="-30.4886" />
    <tag k="local_y" v="2.2823" />
    <tag k="ele" v="-1.074" />
  </node>
  <node id="1610" lat="36.84366896744" lon="128.09224196875">
    <tag k="local_x" v="-28.6658" />
    <tag k="local_y" v="10.8417" />
    <tag k="ele" v="-1.0045" />
  </node>
  <node id="1611" lat="36.84361457995" lon="128.09252669392">
    <tag k="local_x" v="-3.3367" />
    <tag k="local_y" v="4.5671" />
    <tag k="ele" v="-0.8886" />
  </node>
  <node id="1612" lat="36.84361899079" lon="128.09265229588">
    <tag k="local_x" v="7.8668" />
    <tag k="local_y" v="4.9500" />
    <tag k="ele" v="-1.2866" />
  </node>
  <node id="1613" lat="36.84361215052" lon="128.09283396788">
    <tag k="local_x" v="24.0577" />
    <tag k="local_y" v="4.0374" />
    <tag k="ele" v="-2.3525" />
  </node>
  <node id="1614" lat="36.84355155386" lon="128.09283226704">
    <tag k="local_x" v="23.8422" />
    <tag k="local_y" v="-2.6834" />
    <tag k="ele" v="-2.3656" />
  </node>
  <node id="1625" lat="36.84360825484" lon="128.09281312946">
    <tag k="local_x" v="22.1956" />
    <tag k="local_y" v="3.6229" />
    <tag k="ele" v="-2.1697" />
  </node>
  <node id="1627" lat="36.84360928371" lon="128.09279150127">
    <tag k="local_x" v="20.2683" />
    <tag k="local_y" v="3.7553" />
    <tag k="ele" v="-1.9595" />
  </node>
  <node id="1628" lat="36.84361033754" lon="128.09276875361">
    <tag k="local_x" v="18.2412" />
    <tag k="local_y" v="3.8915" />
    <tag k="ele" v="-1.6792" />
  </node>
  <node id="1629" lat="36.84361141859" lon="128.09274619444">
    <tag k="local_x" v="16.2309" />
    <tag k="local_y" v="4.0305" />
    <tag k="ele" v="-1.469" />
  </node>
  <node id="1630" lat="36.84361247054" lon="128.09272396347">
    <tag k="local_x" v="14.2499" />
    <tag k="local_y" v="4.1660" />
    <tag k="ele" v="-1.3639" />
  </node>
  <node id="1632" lat="36.84361352219" lon="128.09270151002">
    <tag k="local_x" v="12.2490" />
    <tag k="local_y" v="4.3017" />
    <tag k="ele" v="-1.3114" />
  </node>
  <node id="1633" lat="36.84361460297" lon="128.09267865085">
    <tag k="local_x" v="10.2120" />
    <tag k="local_y" v="4.4410" />
    <tag k="ele" v="-1.2851" />
  </node>
  <node id="1672" lat="36.84358499752" lon="128.09282346908">
    <tag k="local_x" v="23.0930" />
    <tag k="local_y" v="1.0341" />
    <tag k="ele" v="-2.2398" />
  </node>
  <node id="1673" lat="36.84358550998" lon="128.09281250598">
    <tag k="local_x" v="22.1160" />
    <tag k="local_y" v="1.1002" />
    <tag k="ele" v="-2.1697" />
  </node>
  <node id="1674" lat="36.84358600828" lon="128.09280201372">
    <tag k="local_x" v="21.1811" />
    <tag k="local_y" v="1.1644" />
    <tag k="ele" v="-2.0997" />
  </node>
  <node id="1675" lat="36.84358654588" lon="128.09279090077">
    <tag k="local_x" v="20.1908" />
    <tag k="local_y" v="1.2334" />
    <tag k="ele" v="-1.9595" />
  </node>
  <node id="1676" lat="36.84358707418" lon="128.09277960289">
    <tag k="local_x" v="19.1840" />
    <tag k="local_y" v="1.3016" />
    <tag k="ele" v="-1.8194" />
  </node>
  <node id="1677" lat="36.84358760910" lon="128.09276812684">
    <tag k="local_x" v="18.1613" />
    <tag k="local_y" v="1.3707" />
    <tag k="ele" v="-1.6792" />
  </node>
  <node id="1678" lat="36.84358810550" lon="128.09275736929">
    <tag k="local_x" v="17.2027" />
    <tag k="local_y" v="1.4348" />
    <tag k="ele" v="-1.5391" />
  </node>
  <node id="1679" lat="36.84358867098" lon="128.09274557190">
    <tag k="local_x" v="16.1514" />
    <tag k="local_y" v="1.5076" />
    <tag k="ele" v="-1.469" />
  </node>
  <node id="1680" lat="36.84358918978" lon="128.09273458903">
    <tag k="local_x" v="15.1727" />
    <tag k="local_y" v="1.5744" />
    <tag k="ele" v="-1.399" />
  </node>
  <node id="1681" lat="36.84358972621" lon="128.09272334792">
    <tag k="local_x" v="14.1710" />
    <tag k="local_y" v="1.6434" />
    <tag k="ele" v="-1.3639" />
  </node>
  <node id="1682" lat="36.84359022388" lon="128.09271265899">
    <tag k="local_x" v="13.2185" />
    <tag k="local_y" v="1.7077" />
    <tag k="ele" v="-1.3289" />
  </node>
  <node id="1683" lat="36.84359076569" lon="128.09270090368">
    <tag k="local_x" v="12.1710" />
    <tag k="local_y" v="1.7778" />
    <tag k="ele" v="-1.3114" />
  </node>
  <node id="1684" lat="36.84359134398" lon="128.09268877804">
    <tag k="local_x" v="11.0904" />
    <tag k="local_y" v="1.8522" />
    <tag k="ele" v="-1.2939" />
  </node>
  <node id="1685" lat="36.84359186044" lon="128.09267803544">
    <tag k="local_x" v="10.1332" />
    <tag k="local_y" v="1.9186" />
    <tag k="ele" v="-1.2851" />
  </node>
  <node id="1719" lat="36.84364702981" lon="128.09312185465">
    <tag k="local_x" v="49.7627" />
    <tag k="local_y" v="7.6630" />
    <tag k="ele" v="-4.3814" />
  </node>
  <node id="1720" lat="36.84364718323" lon="128.09311452911">
    <tag k="local_x" v="49.1097" />
    <tag k="local_y" v="7.6863" />
    <tag k="ele" v="-4.1778" />
  </node>
  <node id="1721" lat="36.84364730154" lon="128.09310956721">
    <tag k="local_x" v="48.6674" />
    <tag k="local_y" v="7.7036" />
    <tag k="ele" v="-4.076" />
  </node>
  <node id="1722" lat="36.84364747825" lon="128.09310232203">
    <tag k="local_x" v="48.0216" />
    <tag k="local_y" v="7.7293" />
    <tag k="ele" v="-4.0251" />
  </node>
  <node id="1723" lat="36.84364755617" lon="128.09309863352">
    <tag k="local_x" v="47.6928" />
    <tag k="local_y" v="7.7411" />
    <tag k="ele" v="-3.9996" />
  </node>
  <node id="1724" lat="36.84364773542" lon="128.09309131550">
    <tag k="local_x" v="47.0405" />
    <tag k="local_y" v="7.7672" />
    <tag k="ele" v="-3.9869" />
  </node>
  <node id="1725" lat="36.84364781627" lon="128.09308731709">
    <tag k="local_x" v="46.6841" />
    <tag k="local_y" v="7.7795" />
    <tag k="ele" v="-3.9805" />
  </node>
  <node id="1726" lat="36.84364798693" lon="128.09308039056">
    <tag k="local_x" v="46.0667" />
    <tag k="local_y" v="7.8043" />
    <tag k="ele" v="-3.9774" />
  </node>
  <node id="1727" lat="36.84364809269" lon="128.09307586591">
    <tag k="local_x" v="45.6634" />
    <tag k="local_y" v="7.8199" />
    <tag k="ele" v="-3.9758" />
  </node>
  <node id="1728" lat="36.84364825509" lon="128.09306875114">
    <tag k="local_x" v="45.0292" />
    <tag k="local_y" v="7.8439" />
    <tag k="ele" v="-3.975" />
  </node>
  <node id="1729" lat="36.84364833974" lon="128.09306505413">
    <tag k="local_x" v="44.6997" />
    <tag k="local_y" v="7.8564" />
    <tag k="ele" v="-3.9746" />
  </node>
  <node id="1730" lat="36.84364850945" lon="128.09305788035">
    <tag k="local_x" v="44.0602" />
    <tag k="local_y" v="7.8813" />
    <tag k="ele" v="-3.9744" />
  </node>
  <node id="1731" lat="36.84364860422" lon="128.09305387398">
    <tag k="local_x" v="43.7031" />
    <tag k="local_y" v="7.8952" />
    <tag k="ele" v="-3.9743" />
  </node>
  <node id="1732" lat="36.84364877134" lon="128.09304662136">
    <tag k="local_x" v="43.0566" />
    <tag k="local_y" v="7.9199" />
    <tag k="ele" v="-3.9742" />
  </node>
  <node id="1733" lat="36.84364884538" lon="128.09304326288">
    <tag k="local_x" v="42.7573" />
    <tag k="local_y" v="7.9310" />
    <tag k="ele" v="-3.9742" />
  </node>
  <node id="1734" lat="36.84364901440" lon="128.09303602726">
    <tag k="local_x" v="42.1123" />
    <tag k="local_y" v="7.9558" />
    <tag k="ele" v="-3.9742" />
  </node>
  <node id="1736" lat="36.84364909842" lon="128.09303232458">
    <tag k="local_x" v="41.7823" />
    <tag k="local_y" v="7.9683" />
    <tag k="ele" v="-3.9742" />
  </node>
  <node id="1737" lat="36.84364926727" lon="128.09302520692">
    <tag k="local_x" v="41.1478" />
    <tag k="local_y" v="7.9930" />
    <tag k="ele" v="-3.9742" />
  </node>
  <node id="1738" lat="36.84364936491" lon="128.09302119739">
    <tag k="local_x" v="40.7904" />
    <tag k="local_y" v="8.0073" />
    <tag k="ele" v="-3.9742" />
  </node>
  <node id="1739" lat="36.84364952244" lon="128.09301409012">
    <tag k="local_x" v="40.1569" />
    <tag k="local_y" v="8.0308" />
    <tag k="ele" v="-3.9742" />
  </node>
  <node id="1740" lat="36.84367995149" lon="128.09302279761">
    <tag k="local_x" v="40.9653" />
    <tag k="local_y" v="11.3990" />
    <tag k="ele" v="-4.3814" />
  </node>
  <node id="1741" lat="36.84367985639" lon="128.09302725001">
    <tag k="local_x" v="41.3622" />
    <tag k="local_y" v="11.3847" />
    <tag k="ele" v="-4.5851" />
  </node>
  <node id="1742" lat="36.84367970173" lon="128.09303397210">
    <tag k="local_x" v="41.9614" />
    <tag k="local_y" v="11.3619" />
    <tag k="ele" v="-4.6869" />
  </node>
  <node id="1743" lat="36.84367960553" lon="128.09303812331">
    <tag k="local_x" v="42.3314" />
    <tag k="local_y" v="11.3477" />
    <tag k="ele" v="-4.7378" />
  </node>
  <node id="1744" lat="36.84367945309" lon="128.09304476018">
    <tag k="local_x" v="42.9230" />
    <tag k="local_y" v="11.3251" />
    <tag k="ele" v="-4.7632" />
  </node>
  <node id="1745" lat="36.84367937378" lon="128.09304887892">
    <tag k="local_x" v="43.2902" />
    <tag k="local_y" v="11.3129" />
    <tag k="ele" v="-4.7759" />
  </node>
  <node id="1746" lat="36.84367921981" lon="128.09305554825">
    <tag k="local_x" v="43.8846" />
    <tag k="local_y" v="11.2901" />
    <tag k="ele" v="-4.7823" />
  </node>
  <node id="1747" lat="36.84367911909" lon="128.09306008114">
    <tag k="local_x" v="44.2887" />
    <tag k="local_y" v="11.2751" />
    <tag k="ele" v="-4.7855" />
  </node>
  <node id="1748" lat="36.84367897519" lon="128.09306663324">
    <tag k="local_x" v="44.8727" />
    <tag k="local_y" v="11.2536" />
    <tag k="ele" v="-4.7871" />
  </node>
  <node id="1749" lat="36.84367888502" lon="128.09307079051">
    <tag k="local_x" v="45.2433" />
    <tag k="local_y" v="11.2401" />
    <tag k="ele" v="-4.7879" />
  </node>
  <node id="1750" lat="36.84367872538" lon="128.09307740775">
    <tag k="local_x" v="45.8331" />
    <tag k="local_y" v="11.2168" />
    <tag k="ele" v="-4.7883" />
  </node>
  <node id="1751" lat="36.84367861309" lon="128.09308245212">
    <tag k="local_x" v="46.2828" />
    <tag k="local_y" v="11.2001" />
    <tag k="ele" v="-4.7885" />
  </node>
  <node id="1753" lat="36.84367847369" lon="128.09308913826">
    <tag k="local_x" v="46.8788" />
    <tag k="local_y" v="11.1789" />
    <tag k="ele" v="-4.7886" />
  </node>
  <node id="1754" lat="36.84367836211" lon="128.09309365237">
    <tag k="local_x" v="47.2811" />
    <tag k="local_y" v="11.1627" />
    <tag k="ele" v="-4.7887" />
  </node>
  <node id="1755" lat="36.84367821487" lon="128.09310029410">
    <tag k="local_x" v="47.8732" />
    <tag k="local_y" v="11.1408" />
    <tag k="ele" v="-4.7887" />
  </node>
  <node id="1757" lat="36.84367811834" lon="128.09310441383">
    <tag k="local_x" v="48.2404" />
    <tag k="local_y" v="11.1266" />
    <tag k="ele" v="-4.7887" />
  </node>
  <node id="1758" lat="36.84367798190" lon="128.09311105637">
    <tag k="local_x" v="48.8325" />
    <tag k="local_y" v="11.1058" />
    <tag k="ele" v="-4.7887" />
  </node>
  <node id="1761" lat="36.84367771004" lon="128.09312340334">
    <tag k="local_x" v="49.9331" />
    <tag k="local_y" v="11.0652" />
    <tag k="ele" v="-4.7887" />
  </node>
  <node id="1764" lat="36.84367785428" lon="128.09311680633">
    <tag k="local_x" v="49.3450" />
    <tag k="local_y" v="11.0868" />
    <tag k="ele" v="-4.7887" />
  </node>
  <node id="1843" lat="36.84364110843" lon="128.09235987021">
    <tag k="local_x" v="-18.1829" />
    <tag k="local_y" v="7.6513" />
    <tag k="ele" v="-0.9465" />
  </node>
  <node id="1844" lat="36.84364896238" lon="128.09236119939">
    <tag k="local_x" v="-18.0561" />
    <tag k="local_y" v="8.5214" />
    <tag k="ele" v="-0.9755" />
  </node>
  <node id="1845" lat="36.84361873325" lon="128.09256287188">
    <tag k="local_x" v="-0.1066" />
    <tag k="local_y" v="4.9972" />
    <tag k="ele" v="-1.0876" />
  </node>
  <node id="1848" lat="36.84361281565" lon="128.09264586964">
    <tag k="local_x" v="7.2873" />
    <tag k="local_y" v="4.2704" />
    <tag k="ele" v="-1.2524" />
  </node>
  <node id="1851" lat="36.84359306345" lon="128.09264568452">
    <tag k="local_x" v="7.2500" />
    <tag k="local_y" v="2.0794" />
    <tag k="ele" v="-1.2441" />
  </node>
  <node id="1855" lat="36.84361352222" lon="128.09265673891">
    <tag k="local_x" v="8.2572" />
    <tag k="local_y" v="4.3396" />
    <tag k="ele" v="-1.2644" />
  </node>
  <node id="1856" lat="36.84359271837" lon="128.09265606890">
    <tag k="local_x" v="8.1755" />
    <tag k="local_y" v="2.0323" />
    <tag k="ele" v="-1.2603" />
  </node>
  <node id="1866" lat="36.84359231763" lon="128.09266814464">
    <tag k="local_x" v="9.2518" />
    <tag k="local_y" v="1.9777" />
    <tag k="ele" v="-1.2807" />
  </node>
  <node id="1868" lat="36.84361431895" lon="128.09266873721">
    <tag k="local_x" v="9.3278" />
    <tag k="local_y" v="4.4179" />
    <tag k="ele" v="-1.2807" />
  </node>
  <node id="1873" lat="36.84358477438" lon="128.09264538294">
    <tag k="local_x" v="7.2144" />
    <tag k="local_y" v="1.1601" />
    <tag k="ele" v="-1.2358" />
  </node>
  <node id="1874" lat="36.84358613230" lon="128.09261750610">
    <tag k="local_x" v="4.7303" />
    <tag k="local_y" v="1.3344" />
    <tag k="ele" v="-1.0904" />
  </node>
  <node id="1876" lat="36.84358754059" lon="128.09258927116">
    <tag k="local_x" v="2.2143" />
    <tag k="local_y" v="1.5145" />
    <tag k="ele" v="-0.9791" />
  </node>
  <node id="1878" lat="36.84358752958" lon="128.09255982782">
    <tag k="local_x" v="-0.4109" />
    <tag k="local_y" v="1.5382" />
    <tag k="ele" v="-0.8846" />
  </node>
  <node id="1883" lat="36.84361299697" lon="128.09261927060">
    <tag k="local_x" v="4.9159" />
    <tag k="local_y" v="4.3131" />
    <tag k="ele" v="-1.0904" />
  </node>
  <node id="1884" lat="36.84361438385" lon="128.09259102959">
    <tag k="local_x" v="2.3994" />
    <tag k="local_y" v="4.4909" />
    <tag k="ele" v="-0.9791" />
  </node>
  <node id="1885" lat="36.84361359619" lon="128.09256269446">
    <tag k="local_x" v="-0.1279" />
    <tag k="local_y" v="4.4275" />
    <tag k="ele" v="-0.8846" />
  </node>
  <node id="1892" lat="36.84361289955" lon="128.09263281792">
    <tag k="local_x" v="6.1237" />
    <tag k="local_y" v="4.2908" />
    <tag k="ele" v="-1.1714" />
  </node>
  <node id="1893" lat="36.84358547711" lon="128.09263087550">
    <tag k="local_x" v="5.9216" />
    <tag k="local_y" v="1.2504" />
    <tag k="ele" v="-1.1631" />
  </node>
  <node id="1894" lat="36.84361371705" lon="128.09260473970">
    <tag k="local_x" v="3.6211" />
    <tag k="local_y" v="4.4053" />
    <tag k="ele" v="-1.0347" />
  </node>
  <node id="1895" lat="36.84358686251" lon="128.09260278045">
    <tag k="local_x" v="3.4181" />
    <tag k="local_y" v="1.4278" />
    <tag k="ele" v="-1.0347" />
  </node>
  <node id="1896" lat="36.84361398583" lon="128.09257663588">
    <tag k="local_x" v="1.1156" />
    <tag k="local_y" v="4.4589" />
    <tag k="ele" v="-0.9318" />
  </node>
  <node id="1897" lat="36.84358751562" lon="128.09257393966">
    <tag k="local_x" v="0.8473" />
    <tag k="local_y" v="1.5247" />
    <tag k="ele" v="-0.9318" />
  </node>
  <node id="1901" lat="36.84358528316" lon="128.09254054612">
    <tag k="local_x" v="-2.1325" />
    <tag k="local_y" v="1.3053" />
    <tag k="ele" v="-0.8433" />
  </node>
  <node id="1904" lat="36.84358776328" lon="128.09251719736">
    <tag k="local_x" v="-4.2117" />
    <tag k="local_y" v="1.6002" />
    <tag k="ele" v="-0.9159" />
  </node>
  <node id="1905" lat="36.84359013876" lon="128.09249485773">
    <tag k="local_x" v="-6.2010" />
    <tag k="local_y" v="1.8827" />
    <tag k="ele" v="-0.9522" />
  </node>
  <node id="1906" lat="36.84359260849" lon="128.09247195762">
    <tag k="local_x" v="-8.2402" />
    <tag k="local_y" v="2.1761" />
    <tag k="ele" v="-0.9703" />
  </node>
  <node id="1907" lat="36.84359490845" lon="128.09245018322">
    <tag k="local_x" v="-10.1792" />
    <tag k="local_y" v="2.4496" />
    <tag k="ele" v="-0.9794" />
  </node>
  <node id="1908" lat="36.84359728375" lon="128.09242798066">
    <tag k="local_x" v="-12.1563" />
    <tag k="local_y" v="2.7319" />
    <tag k="ele" v="-0.984" />
  </node>
  <node id="1909" lat="36.84360009000" lon="128.09240151771">
    <tag k="local_x" v="-14.5128" />
    <tag k="local_y" v="3.0657" />
    <tag k="ele" v="-0.9862" />
  </node>
  <node id="1910" lat="36.84360388506" lon="128.09237312727">
    <tag k="local_x" v="-17.0401" />
    <tag k="local_y" v="3.5107" />
    <tag k="ele" v="-0.9873" />
  </node>
  <node id="1911" lat="36.84360712725" lon="128.09234626818">
    <tag k="local_x" v="-19.4315" />
    <tag k="local_y" v="3.8931" />
    <tag k="ele" v="-0.9879" />
  </node>
  <node id="1912" lat="36.84361011013" lon="128.09231830475">
    <tag k="local_x" v="-21.9216" />
    <tag k="local_y" v="4.2477" />
    <tag k="ele" v="-0.9882" />
  </node>
  <node id="1913" lat="36.84361310355" lon="128.09229029040">
    <tag k="local_x" v="-24.4162" />
    <tag k="local_y" v="4.6035" />
    <tag k="ele" v="-0.9883" />
  </node>
  <node id="1914" lat="36.84361677339" lon="128.09226189304">
    <tag k="local_x" v="-26.9443" />
    <tag k="local_y" v="5.0347" />
    <tag k="ele" v="-0.9884" />
  </node>
  <node id="1915" lat="36.84358657703" lon="128.09252839311">
    <tag k="local_x" v="-3.2147" />
    <tag k="local_y" v="1.4592" />
    <tag k="ele" v="-0.8796" />
  </node>
  <node id="1916" lat="36.84358902563" lon="128.09250542404">
    <tag k="local_x" v="-5.2600" />
    <tag k="local_y" v="1.7503" />
    <tag k="ele" v="-0.934" />
  </node>
  <node id="1917" lat="36.84359139714" lon="128.09248326390">
    <tag k="local_x" v="-7.2334" />
    <tag k="local_y" v="2.0321" />
    <tag k="ele" v="-0.9612" />
  </node>
  <node id="1918" lat="36.84359382429" lon="128.09246040449">
    <tag k="local_x" v="-9.2690" />
    <tag k="local_y" v="2.3207" />
    <tag k="ele" v="-0.9748" />
  </node>
  <node id="1919" lat="36.84359611053" lon="128.09243888188">
    <tag k="local_x" v="-11.1856" />
    <tag k="local_y" v="2.5926" />
    <tag k="ele" v="-0.9817" />
  </node>
  <node id="1920" lat="36.84359861748" lon="128.09241542385">
    <tag k="local_x" v="-13.2745" />
    <tag k="local_y" v="2.8905" />
    <tag k="ele" v="-0.9851" />
  </node>
  <node id="1921" lat="36.84360208790" lon="128.09238673774">
    <tag k="local_x" v="-15.8285" />
    <tag k="local_y" v="3.2998" />
    <tag k="ele" v="-0.9867" />
  </node>
  <node id="1922" lat="36.84360565034" lon="128.09235854936">
    <tag k="local_x" v="-18.3380" />
    <tag k="local_y" v="3.7189" />
    <tag k="ele" v="-0.9876" />
  </node>
  <node id="1923" lat="36.84360863906" lon="128.09233197055">
    <tag k="local_x" v="-20.7047" />
    <tag k="local_y" v="4.0730" />
    <tag k="ele" v="-0.988" />
  </node>
  <node id="1924" lat="36.84361169745" lon="128.09230332729">
    <tag k="local_x" v="-23.2553" />
    <tag k="local_y" v="4.4365" />
    <tag k="ele" v="-0.9882" />
  </node>
  <node id="1925" lat="36.84361493446" lon="128.09227598581">
    <tag k="local_x" v="-25.6897" />
    <tag k="local_y" v="4.8188" />
    <tag k="ele" v="-0.9883" />
  </node>
  <node id="1979" lat="36.84361261801" lon="128.09254607633">
    <tag k="local_x" v="-1.6106" />
    <tag k="local_y" v="4.3330" />
    <tag k="ele" v="-0.8611" />
  </node>
  <node id="1986" lat="36.84361061421" lon="128.09252086547">
    <tag k="local_x" v="-3.8605" />
    <tag k="local_y" v="4.1321" />
    <tag k="ele" v="-0.847" />
  </node>
  <node id="1988" lat="36.84361374133" lon="128.09249857640">
    <tag k="local_x" v="-5.8446" />
    <tag k="local_y" v="4.4979" />
    <tag k="ele" v="-0.8591" />
  </node>
  <node id="1989" lat="36.84361624841" lon="128.09247597451">
    <tag k="local_x" v="-7.8571" />
    <tag k="local_y" v="4.7951" />
    <tag k="ele" v="-0.8877" />
  </node>
  <node id="1990" lat="36.84362237283" lon="128.09245425442">
    <tag k="local_x" v="-9.7873" />
    <tag k="local_y" v="5.4929" />
    <tag k="ele" v="-0.9" />
  </node>
  <node id="1991" lat="36.84363856366" lon="128.09235231335">
    <tag k="local_x" v="-18.8594" />
    <tag k="local_y" v="7.3754" />
    <tag k="ele" v="-1.0017" />
  </node>
  <node id="1992" lat="36.84364787603" lon="128.09235421450">
    <tag k="local_x" v="-18.6800" />
    <tag k="local_y" v="8.4068" />
    <tag k="ele" v="-1.0345" />
  </node>
  <node id="1993" lat="36.84366628044" lon="128.09224407857">
    <tag k="local_x" v="-28.4805" />
    <tag k="local_y" v="10.5418" />
    <tag k="ele" v="-1.069" />
  </node>
  <node id="1994" lat="36.84361893061" lon="128.09223109171">
    <tag k="local_x" v="-29.6883" />
    <tag k="local_y" v="5.3001" />
    <tag k="ele" v="-0.989" />
  </node>
  <node id="1996" lat="36.84361787778" lon="128.09224652965">
    <tag k="local_x" v="-28.3130" />
    <tag k="local_y" v="5.1702" />
    <tag k="ele" v="-0.9887" />
  </node>
  <node id="1999" lat="36.84366145547" lon="128.09227297560">
    <tag k="local_x" v="-25.9091" />
    <tag k="local_y" v="9.9821" />
    <tag k="ele" v="-1.0517" />
  </node>
  <node id="2000" lat="36.84365680390" lon="128.09230078424">
    <tag k="local_x" v="-23.4345" />
    <tag k="local_y" v="9.4425" />
    <tag k="ele" v="-1.0431" />
  </node>
  <node id="2001" lat="36.84365230153" lon="128.09232769149">
    <tag k="local_x" v="-21.0402" />
    <tag k="local_y" v="8.9202" />
    <tag k="ele" v="-1.0388" />
  </node>
  <node id="2002" lat="36.84363402481" lon="128.09238081223">
    <tag k="local_x" v="-16.3232" />
    <tag k="local_y" v="6.8477" />
    <tag k="ele" v="-0.9508" />
  </node>
  <node id="2003" lat="36.84362978355" lon="128.09240758242">
    <tag k="local_x" v="-13.9408" />
    <tag k="local_y" v="6.3546" />
    <tag k="ele" v="-0.9254" />
  </node>
  <node id="2004" lat="36.84362598791" lon="128.09243321789">
    <tag k="local_x" v="-11.6591" />
    <tag k="local_y" v="5.9118" />
    <tag k="ele" v="-0.9127" />
  </node>
  <node id="2017" lat="36.84361157648" lon="128.09253308711">
    <tag k="local_x" v="-2.7698" />
    <tag k="local_y" v="4.2285" />
    <tag k="ele" v="-0.854" />
  </node>
  <node id="2018" lat="36.84361217647" lon="128.09250970062">
    <tag k="local_x" v="-4.8544" />
    <tag k="local_y" v="4.3149" />
    <tag k="ele" v="-0.853" />
  </node>
  <node id="2019" lat="36.84361505619" lon="128.09248666650">
    <tag k="local_x" v="-6.9051" />
    <tag k="local_y" v="4.6538" />
    <tag k="ele" v="-0.8734" />
  </node>
  <node id="2020" lat="36.84361955710" lon="128.09246429492">
    <tag k="local_x" v="-8.8950" />
    <tag k="local_y" v="5.1721" />
    <tag k="ele" v="-0.8938" />
  </node>
  <node id="2021" lat="36.84362431766" lon="128.09244300073">
    <tag k="local_x" v="-10.7886" />
    <tag k="local_y" v="5.7182" />
    <tag k="ele" v="-0.9063" />
  </node>
  <node id="2022" lat="36.84362797760" lon="128.09241975635">
    <tag k="local_x" v="-12.8572" />
    <tag k="local_y" v="6.1439" />
    <tag k="ele" v="-0.919" />
  </node>
  <node id="2023" lat="36.84363204197" lon="128.09239334622">
    <tag k="local_x" v="-15.2077" />
    <tag k="local_y" v="6.6172" />
    <tag k="ele" v="-0.9381" />
  </node>
  <node id="2024" lat="36.84363621259" lon="128.09236709555">
    <tag k="local_x" v="-17.5439" />
    <tag k="local_y" v="7.1021" />
    <tag k="ele" v="-0.9762" />
  </node>
  <node id="2025" lat="36.84365018938" lon="128.09234038230">
    <tag k="local_x" v="-19.9109" />
    <tag k="local_y" v="8.6752" />
    <tag k="ele" v="-1.0366" />
  </node>
  <node id="2026" lat="36.84365468735" lon="128.09231354889">
    <tag k="local_x" v="-22.2987" />
    <tag k="local_y" v="9.1969" />
    <tag k="ele" v="-1.0409" />
  </node>
  <node id="2028" lat="36.84365913773" lon="128.09228688164">
    <tag k="local_x" v="-24.6716" />
    <tag k="local_y" v="9.7132" />
    <tag k="ele" v="-1.0474" />
  </node>
  <node id="2029" lat="36.84366381561" lon="128.09225878392">
    <tag k="local_x" v="-27.1719" />
    <tag k="local_y" v="10.2559" />
    <tag k="ele" v="-1.0604" />
  </node>
  <node id="2042" lat="36.84358212608" lon="128.09282697656">
    <tag k="local_x" v="23.4027" />
    <tag k="local_y" v="0.7126" />
    <tag k="ele" v="-2.3119" />
  </node>
  <node id="2043" lat="36.84358445171" lon="128.09277386046">
    <tag k="local_x" v="18.6692" />
    <tag k="local_y" v="1.0155" />
    <tag k="ele" v="-2.0102" />
  </node>
  <node id="2045" lat="36.84361219806" lon="128.09277443460">
    <tag k="local_x" v="18.7497" />
    <tag k="local_y" v="4.0931" />
    <tag k="ele" v="-1.9666" />
  </node>
  <node id="2046" lat="36.84360988838" lon="128.09282856869">
    <tag k="local_x" v="23.5739" />
    <tag k="local_y" v="3.7910" />
    <tag k="ele" v="-2.2982" />
  </node>
  <node id="2047" lat="36.84358233061" lon="128.09282732973">
    <tag k="local_x" v="23.4344" />
    <tag k="local_y" v="0.7350" />
    <tag k="ele" v="-2.3087" />
  </node>
  <node id="2049" lat="36.84366090248" lon="128.09210716805">
    <tag k="local_x" v="-40.6932" />
    <tag k="local_y" v="10.0612" />
    <tag k="ele" v="-2.3119" />
  </node>
  <node id="2050" lat="36.84369956126" lon="128.09212991447">
    <tag k="local_x" v="-38.6244" />
    <tag k="local_y" v="14.3305" />
    <tag k="ele" v="-2.0102" />
  </node>
  <node id="2051" lat="36.84368089386" lon="128.09217978545">
    <tag k="local_x" v="-34.1975" />
    <tag k="local_y" v="12.2174" />
    <tag k="ele" v="-1.9666" />
  </node>
  <node id="2052" lat="36.84364147727" lon="128.09215668015">
    <tag k="local_x" v="-36.2992" />
    <tag k="local_y" v="7.8643" />
    <tag k="ele" v="-2.2982" />
  </node>
  <node id="2053" lat="36.84366055654" lon="128.09210728428">
    <tag k="local_x" v="-40.6832" />
    <tag k="local_y" v="10.0227" />
    <tag k="ele" v="-2.3087" />
  </node>
  <way id="28">
    <nd ref="26" />
    <nd ref="27" />
    <tag k="type" v="line_thin" />
    <tag k="subtype" v="solid" />
  </way>
  <way id="31">
    <nd ref="29" />
    <nd ref="30" />
    <tag k="type" v="line_thin" />
    <tag k="subtype" v="solid" />
  </way>
  <way id="54">
    <nd ref="52" />
    <nd ref="53" />
    <nd ref="187" />
    <nd ref="188" />
    <nd ref="59" />
    <tag k="type" v="line_thin" />
    <tag k="subtype" v="solid" />
  </way>
  <way id="57">
    <nd ref="55" />
    <nd ref="56" />
    <nd ref="189" />
    <nd ref="190" />
    <nd ref="60" />
    <tag k="type" v="line_thin" />
    <tag k="subtype" v="solid" />
  </way>
  <way id="128">
    <nd ref="126" />
    <nd ref="127" />
    <nd ref="133" />
    <nd ref="135" />
    <tag k="type" v="line_thin" />
    <tag k="subtype" v="solid" />
  </way>
  <way id="131">
    <nd ref="129" />
    <nd ref="130" />
    <nd ref="134" />
    <nd ref="136" />
    <tag k="type" v="line_thin" />
    <tag k="subtype" v="solid" />
  </way>
  <way id="139">
    <nd ref="137" />
    <nd ref="138" />
    <nd ref="508" />
    <nd ref="509" />
    <nd ref="510" />
    <nd ref="144" />
    <tag k="type" v="line_thin" />
    <tag k="subtype" v="solid" />
  </way>
  <way id="142">
    <nd ref="140" />
    <nd ref="141" />
    <nd ref="511" />
    <nd ref="512" />
    <nd ref="513" />
    <nd ref="145" />
    <tag k="type" v="line_thin" />
    <tag k="subtype" v="solid" />
  </way>
  <way id="160">
    <nd ref="69" />
    <nd ref="791" />
    <nd ref="798" />
    <nd ref="799" />
    <nd ref="71" />
    <tag k="type" v="line_thin" />
    <tag k="subtype" v="solid" />
  </way>
  <way id="162">
    <nd ref="68" />
    <nd ref="790" />
    <nd ref="800" />
    <nd ref="801" />
    <nd ref="70" />
    <tag k="type" v="line_thin" />
    <tag k="subtype" v="solid" />
  </way>
  <way id="164">
    <nd ref="64" />
    <nd ref="755" />
    <nd ref="756" />
    <nd ref="761" />
    <nd ref="762" />
    <nd ref="786" />
    <nd ref="787" />
    <nd ref="65" />
    <tag k="type" v="line_thin" />
    <tag k="subtype" v="solid" />
  </way>
  <way id="166">
    <nd ref="61" />
    <nd ref="757" />
    <nd ref="764" />
    <nd ref="765" />
    <nd ref="783" />
    <nd ref="784" />
    <nd ref="785" />
    <nd ref="62" />
    <tag k="type" v="line_thin" />
    <tag k="subtype" v="solid" />
  </way>
  <way id="335">
    <nd ref="95" />
    <nd ref="327" />
    <nd ref="328" />
    <nd ref="329" />
    <nd ref="330" />
    <nd ref="340" />
    <nd ref="341" />
    <nd ref="237" />
    <tag k="type" v="line_thin" />
    <tag k="subtype" v="solid" />
  </way>
  <way id="336">
    <nd ref="92" />
    <nd ref="331" />
    <nd ref="332" />
    <nd ref="333" />
    <nd ref="334" />
    <nd ref="338" />
    <nd ref="339" />
    <nd ref="240" />
    <tag k="type" v="line_thin" />
    <tag k="subtype" v="solid" />
  </way>
  <way id="379">
    <nd ref="136" />
    <nd ref="361" />
    <nd ref="362" />
    <nd ref="363" />
    <nd ref="364" />
    <nd ref="365" />
    <nd ref="366" />
    <nd ref="367" />
    <nd ref="368" />
    <nd ref="369" />
    <nd ref="113" />
    <tag k="type" v="line_thin" />
    <tag k="subtype" v="solid" />
  </way>
  <way id="380">
    <nd ref="135" />
    <nd ref="370" />
    <nd ref="371" />
    <nd ref="372" />
    <nd ref="373" />
    <nd ref="374" />
    <nd ref="375" />
    <nd ref="376" />
    <nd ref="377" />
    <nd ref="378" />
    <nd ref="110" />
    <tag k="type" v="line_thin" />
    <tag k="subtype" v="solid" />
  </way>
  <way id="505">
    <nd ref="145" />
    <nd ref="537" />
    <nd ref="538" />
    <nd ref="539" />
    <nd ref="407" />
    <tag k="type" v="line_thin" />
    <tag k="subtype" v="solid" />
  </way>
  <way id="506">
    <nd ref="144" />
    <nd ref="540" />
    <nd ref="541" />
    <nd ref="542" />
    <nd ref="404" />
    <tag k="type" v="line_thin" />
    <tag k="subtype" v="solid" />
  </way>
  <way id="543">
    <nd ref="407" />
    <nd ref="408" />
    <nd ref="412" />
    <nd ref="553" />
    <nd ref="554" />
    <nd ref="414" />
    <tag k="type" v="line_thin" />
    <tag k="subtype" v="solid" />
  </way>
  <way id="545">
    <nd ref="404" />
    <nd ref="405" />
    <nd ref="411" />
    <nd ref="555" />
    <nd ref="556" />
    <nd ref="413" />
    <tag k="type" v="line_thin" />
    <tag k="subtype" v="solid" />
  </way>
  <way id="548">
    <nd ref="414" />
    <nd ref="416" />
    <nd ref="418" />
    <nd ref="557" />
    <nd ref="558" />
    <nd ref="420" />
    <tag k="type" v="line_thin" />
    <tag k="subtype" v="solid" />
  </way>
  <way id="549">
    <nd ref="420" />
    <nd ref="422" />
    <nd ref="424" />
    <nd ref="563" />
    <nd ref="564" />
    <nd ref="426" />
    <tag k="type" v="line_thin" />
    <tag k="subtype" v="solid" />
  </way>
  <way id="550">
    <nd ref="413" />
    <nd ref="415" />
    <nd ref="417" />
    <nd ref="559" />
    <nd ref="560" />
    <nd ref="419" />
    <tag k="type" v="line_thin" />
    <tag k="subtype" v="solid" />
  </way>
  <way id="551">
    <nd ref="419" />
    <nd ref="421" />
    <nd ref="423" />
    <nd ref="561" />
    <nd ref="562" />
    <nd ref="425" />
    <tag k="type" v="line_thin" />
    <tag k="subtype" v="solid" />
  </way>
  <way id="627">
    <nd ref="598" />
    <nd ref="619" />
    <nd ref="620" />
    <nd ref="621" />
    <nd ref="622" />
    <nd ref="630" />
    <nd ref="631" />
    <nd ref="632" />
    <nd ref="480" />
    <tag k="type" v="line_thin" />
    <tag k="subtype" v="solid" />
  </way>
  <way id="628">
    <nd ref="597" />
    <nd ref="623" />
    <nd ref="624" />
    <nd ref="625" />
    <nd ref="626" />
    <nd ref="633" />
    <nd ref="634" />
    <nd ref="477" />
    <tag k="type" v="line_thin" />
    <tag k="subtype" v="solid" />
  </way>
  <way id="711">
    <nd ref="51" />
    <nd ref="55" />
    <tag k="type" v="line_thin" />
    <tag k="subtype" v="solid" />
  </way>
  <way id="712">
    <nd ref="50" />
    <nd ref="52" />
    <tag k="type" v="line_thin" />
    <tag k="subtype" v="solid" />
  </way>
  <way id="749">
    <nd ref="65" />
    <nd ref="733" />
    <nd ref="734" />
    <nd ref="735" />
    <nd ref="736" />
    <nd ref="737" />
    <nd ref="738" />
    <nd ref="739" />
    <nd ref="740" />
    <nd ref="789" />
    <nd ref="69" />
    <tag k="type" v="line_thin" />
    <tag k="subtype" v="solid" />
  </way>
  <way id="750">
    <nd ref="62" />
    <nd ref="741" />
    <nd ref="742" />
    <nd ref="743" />
    <nd ref="744" />
    <nd ref="745" />
    <nd ref="746" />
    <nd ref="747" />
    <nd ref="748" />
    <nd ref="788" />
    <nd ref="68" />
    <tag k="type" v="line_thin" />
    <tag k="subtype" v="solid" />
  </way>
  <way id="780">
    <nd ref="60" />
    <nd ref="766" />
    <nd ref="767" />
    <nd ref="768" />
    <nd ref="769" />
    <nd ref="770" />
    <nd ref="771" />
    <nd ref="772" />
    <nd ref="64" />
    <tag k="type" v="line_thin" />
    <tag k="subtype" v="solid" />
  </way>
  <way id="781">
    <nd ref="59" />
    <nd ref="773" />
    <nd ref="774" />
    <nd ref="775" />
    <nd ref="776" />
    <nd ref="777" />
    <nd ref="778" />
    <nd ref="779" />
    <nd ref="61" />
    <tag k="type" v="line_thin" />
    <tag k="subtype" v="solid" />
  </way>
  <way id="803">
    <nd ref="49" />
    <nd ref="169" />
    <nd ref="170" />
    <nd ref="171" />
    <nd ref="172" />
    <nd ref="173" />
    <nd ref="174" />
    <nd ref="175" />
    <nd ref="51" />
    <tag k="type" v="line_thin" />
    <tag k="subtype" v="solid" />
  </way>
  <way id="805">
    <nd ref="48" />
    <nd ref="176" />
    <nd ref="177" />
    <nd ref="178" />
    <nd ref="179" />
    <nd ref="180" />
    <nd ref="181" />
    <nd ref="182" />
    <nd ref="50" />
    <tag k="type" v="line_thin" />
    <tag k="subtype" v="solid" />
  </way>
  <way id="839">
    <nd ref="656" />
    <nd ref="657" />
    <nd ref="691" />
    <nd ref="695" />
    <nd ref="696" />
    <nd ref="697" />
    <nd ref="698" />
    <nd ref="844" />
    <nd ref="845" />
    <nd ref="846" />
    <nd ref="683" />
    <tag k="type" v="line_thin" />
    <tag k="subtype" v="solid" />
  </way>
  <way id="840">
    <nd ref="653" />
    <nd ref="654" />
    <nd ref="689" />
    <nd ref="694" />
    <nd ref="699" />
    <nd ref="700" />
    <nd ref="701" />
    <nd ref="841" />
    <nd ref="842" />
    <nd ref="843" />
    <nd ref="680" />
    <tag k="type" v="line_thin" />
    <tag k="subtype" v="solid" />
  </way>
  <way id="852">
    <nd ref="4" />
    <nd ref="5" />
    <nd ref="185" />
    <nd ref="186" />
    <tag k="type" v="line_thin" />
    <tag k="subtype" v="solid" />
  </way>
  <way id="854">
    <nd ref="1" />
    <nd ref="2" />
    <nd ref="183" />
    <nd ref="184" />
    <tag k="type" v="line_thin" />
    <tag k="subtype" v="solid" />
  </way>
  <way id="884">
    <nd ref="683" />
    <nd ref="684" />
    <nd ref="688" />
    <nd ref="818" />
    <nd ref="822" />
    <nd ref="865" />
    <nd ref="869" />
    <tag k="type" v="line_thin" />
    <tag k="subtype" v="solid" />
  </way>
  <way id="885">
    <nd ref="869" />
    <nd ref="875" />
    <nd ref="876" />
    <nd ref="882" />
    <nd ref="894" />
    <nd ref="895" />
    <nd ref="896" />
    <nd ref="4" />
    <tag k="type" v="line_thin" />
    <tag k="subtype" v="solid" />
  </way>
  <way id="886">
    <nd ref="680" />
    <nd ref="681" />
    <nd ref="687" />
    <nd ref="816" />
    <nd ref="821" />
    <nd ref="863" />
    <nd ref="868" />
    <tag k="type" v="line_thin" />
    <tag k="subtype" v="solid" />
  </way>
  <way id="887">
    <nd ref="868" />
    <nd ref="877" />
    <nd ref="878" />
    <nd ref="879" />
    <nd ref="883" />
    <nd ref="897" />
    <nd ref="898" />
    <nd ref="1" />
    <tag k="type" v="line_thin" />
    <tag k="subtype" v="solid" />
  </way>
  <way id="935">
    <nd ref="186" />
    <nd ref="901" />
    <nd ref="905" />
    <nd ref="907" />
    <nd ref="909" />
    <nd ref="911" />
    <nd ref="913" />
    <nd ref="939" />
    <nd ref="940" />
    <nd ref="29" />
    <tag k="type" v="line_thin" />
    <tag k="subtype" v="solid" />
  </way>
  <way id="936">
    <nd ref="184" />
    <nd ref="899" />
    <nd ref="904" />
    <nd ref="906" />
    <nd ref="908" />
    <nd ref="910" />
    <nd ref="912" />
    <nd ref="937" />
    <nd ref="938" />
    <nd ref="26" />
    <tag k="type" v="line_thin" />
    <tag k="subtype" v="solid" />
  </way>
  <way id="950">
    <nd ref="37" />
    <nd ref="41" />
    <nd ref="43" />
    <nd ref="45" />
    <nd ref="47" />
    <nd ref="810" />
    <nd ref="811" />
    <nd ref="812" />
    <nd ref="49" />
    <tag k="type" v="line_thin" />
    <tag k="subtype" v="solid" />
  </way>
  <way id="952">
    <nd ref="34" />
    <nd ref="40" />
    <nd ref="42" />
    <nd ref="44" />
    <nd ref="46" />
    <nd ref="807" />
    <nd ref="808" />
    <nd ref="809" />
    <nd ref="48" />
    <tag k="type" v="line_thin" />
    <tag k="subtype" v="solid" />
  </way>
  <way id="954">
    <nd ref="30" />
    <nd ref="919" />
    <nd ref="923" />
    <nd ref="925" />
    <nd ref="927" />
    <nd ref="929" />
    <nd ref="931" />
    <nd ref="943" />
    <nd ref="944" />
    <nd ref="945" />
    <nd ref="36" />
    <nd ref="956" />
    <nd ref="957" />
    <nd ref="958" />
    <nd ref="37" />
    <tag k="type" v="line_thin" />
    <tag k="subtype" v="solid" />
  </way>
  <way id="955">
    <nd ref="27" />
    <nd ref="917" />
    <nd ref="922" />
    <nd ref="924" />
    <nd ref="928" />
    <nd ref="930" />
    <nd ref="946" />
    <nd ref="947" />
    <nd ref="948" />
    <nd ref="33" />
    <nd ref="959" />
    <nd ref="960" />
    <nd ref="961" />
    <nd ref="962" />
    <nd ref="34" />
    <tag k="type" v="line_thin" />
    <tag k="subtype" v="solid" />
  </way>
  <way id="1088">
    <nd ref="426" />
    <nd ref="565" />
    <nd ref="566" />
    <nd ref="567" />
    <nd ref="568" />
    <nd ref="437" />
    <nd ref="607" />
    <nd ref="438" />
    <tag k="type" v="line_thin" />
    <tag k="subtype" v="solid" />
  </way>
  <way id="1089">
    <nd ref="425" />
    <nd ref="569" />
    <nd ref="570" />
    <nd ref="571" />
    <nd ref="572" />
    <nd ref="434" />
    <nd ref="606" />
    <nd ref="435" />
    <tag k="type" v="line_thin" />
    <tag k="subtype" v="solid" />
  </way>
  <way id="1090">
    <nd ref="438" />
    <nd ref="599" />
    <nd ref="600" />
    <nd ref="593" />
    <nd ref="594" />
    <nd ref="598" />
    <tag k="type" v="line_thin" />
    <tag k="subtype" v="solid" />
  </way>
  <way id="1091">
    <nd ref="435" />
    <nd ref="601" />
    <nd ref="602" />
    <nd ref="590" />
    <nd ref="591" />
    <nd ref="597" />
    <tag k="type" v="line_thin" />
    <tag k="subtype" v="solid" />
  </way>
  <way id="1092">
    <nd ref="113" />
    <nd ref="114" />
    <nd ref="358" />
    <nd ref="359" />
    <nd ref="360" />
    <nd ref="118" />
    <nd ref="398" />
    <nd ref="399" />
    <nd ref="400" />
    <nd ref="140" />
    <tag k="type" v="line_thin" />
    <tag k="subtype" v="solid" />
  </way>
  <way id="1093">
    <nd ref="110" />
    <nd ref="111" />
    <nd ref="355" />
    <nd ref="356" />
    <nd ref="357" />
    <nd ref="117" />
    <nd ref="401" />
    <nd ref="402" />
    <nd ref="403" />
    <nd ref="137" />
    <tag k="type" v="line_thin" />
    <tag k="subtype" v="solid" />
  </way>
  <way id="1094">
    <nd ref="237" />
    <nd ref="238" />
    <nd ref="239" />
    <nd ref="100" />
    <nd ref="342" />
    <nd ref="343" />
    <nd ref="344" />
    <nd ref="345" />
    <nd ref="346" />
    <nd ref="129" />
    <tag k="type" v="line_thin" />
    <tag k="subtype" v="solid" />
  </way>
  <way id="1095">
    <nd ref="240" />
    <nd ref="241" />
    <nd ref="242" />
    <nd ref="99" />
    <nd ref="347" />
    <nd ref="348" />
    <nd ref="349" />
    <nd ref="350" />
    <nd ref="351" />
    <nd ref="126" />
    <tag k="type" v="line_thin" />
    <tag k="subtype" v="solid" />
  </way>
  <way id="1101">
    <nd ref="83" />
    <nd ref="89" />
    <nd ref="91" />
    <nd ref="218" />
    <nd ref="219" />
    <nd ref="220" />
    <nd ref="221" />
    <nd ref="233" />
    <nd ref="234" />
    <nd ref="235" />
    <nd ref="236" />
    <nd ref="382" />
    <nd ref="383" />
    <nd ref="384" />
    <nd ref="385" />
    <nd ref="386" />
    <nd ref="95" />
    <tag k="type" v="line_thin" />
    <tag k="subtype" v="solid" />
  </way>
  <way id="1102">
    <nd ref="80" />
    <nd ref="88" />
    <nd ref="90" />
    <nd ref="222" />
    <nd ref="223" />
    <nd ref="224" />
    <nd ref="225" />
    <nd ref="229" />
    <nd ref="230" />
    <nd ref="231" />
    <nd ref="232" />
    <nd ref="387" />
    <nd ref="388" />
    <nd ref="389" />
    <nd ref="390" />
    <nd ref="391" />
    <nd ref="92" />
    <tag k="type" v="line_thin" />
    <tag k="subtype" v="solid" />
  </way>
  <way id="1103">
    <nd ref="71" />
    <nd ref="795" />
    <nd ref="796" />
    <nd ref="797" />
    <nd ref="82" />
    <nd ref="83" />
    <tag k="type" v="line_thin" />
    <tag k="subtype" v="solid" />
  </way>
  <way id="1104">
    <nd ref="70" />
    <nd ref="792" />
    <nd ref="793" />
    <nd ref="794" />
    <nd ref="79" />
    <nd ref="80" />
    <tag k="type" v="line_thin" />
    <tag k="subtype" v="solid" />
  </way>
  <way id="1105">
    <nd ref="480" />
    <nd ref="481" />
    <nd ref="485" />
    <nd ref="487" />
    <nd ref="489" />
    <nd ref="491" />
    <nd ref="493" />
    <nd ref="641" />
    <nd ref="642" />
    <nd ref="643" />
    <nd ref="644" />
    <nd ref="645" />
    <nd ref="646" />
    <nd ref="495" />
    <nd ref="660" />
    <nd ref="661" />
    <nd ref="662" />
    <nd ref="656" />
    <tag k="type" v="line_thin" />
    <tag k="subtype" v="solid" />
  </way>
  <way id="1106">
    <nd ref="477" />
    <nd ref="478" />
    <nd ref="484" />
    <nd ref="486" />
    <nd ref="488" />
    <nd ref="490" />
    <nd ref="492" />
    <nd ref="635" />
    <nd ref="636" />
    <nd ref="637" />
    <nd ref="638" />
    <nd ref="639" />
    <nd ref="640" />
    <nd ref="494" />
    <nd ref="663" />
    <nd ref="664" />
    <nd ref="665" />
    <nd ref="653" />
    <tag k="type" v="line_thin" />
    <tag k="subtype" v="solid" />
  </way>
  <way id="1210">
    <nd ref="1208" />
    <nd ref="1209" />
    <nd ref="1211" />
    <nd ref="1212" />
    <nd ref="1213" />
    <nd ref="1214" />
    <nd ref="1215" />
    <nd ref="1216" />
    <nd ref="1217" />
    <nd ref="1218" />
    <nd ref="1208" />
    <tag k="type" v="line_thin" />
    <tag k="subtype" v="solid" />
  </way>
  <way id="1232">
    <nd ref="1222" />
    <nd ref="1223" />
    <nd ref="1224" />
    <nd ref="1225" />
    <nd ref="1226" />
    <nd ref="1227" />
    <nd ref="1228" />
    <nd ref="1229" />
    <nd ref="1230" />
    <nd ref="1231" />
    <nd ref="1222" />
    <tag k="type" v="line_thin" />
    <tag k="subtype" v="solid" />
  </way>
  <way id="1244">
    <nd ref="1234" />
    <nd ref="1237" />
    <nd ref="1238" />
    <nd ref="1239" />
    <nd ref="1241" />
    <nd ref="1242" />
    <nd ref="1243" />
    <nd ref="1234" />
    <tag k="type" v="line_thin" />
    <tag k="subtype" v="solid" />
  </way>
  <way id="1253">
    <nd ref="1246" />
    <nd ref="1247" />
    <nd ref="1248" />
    <nd ref="1249" />
    <nd ref="1250" />
    <nd ref="1251" />
    <nd ref="1252" />
    <nd ref="1246" />
    <tag k="type" v="line_thin" />
    <tag k="subtype" v="solid" />
  </way>
  <way id="1262">
    <nd ref="1255" />
    <nd ref="1256" />
    <nd ref="1257" />
    <nd ref="1258" />
    <nd ref="1259" />
    <nd ref="1260" />
    <nd ref="1261" />
    <nd ref="1255" />
    <tag k="type" v="line_thin" />
    <tag k="subtype" v="solid" />
  </way>
  <way id="1271">
    <nd ref="1264" />
    <nd ref="1265" />
    <nd ref="1266" />
    <nd ref="1267" />
    <nd ref="1268" />
    <nd ref="1269" />
    <nd ref="1270" />
    <nd ref="1264" />
    <tag k="type" v="line_thin" />
    <tag k="subtype" v="solid" />
  </way>
  <way id="1280">
    <nd ref="1273" />
    <nd ref="1274" />
    <nd ref="1275" />
    <nd ref="1276" />
    <nd ref="1277" />
    <nd ref="1278" />
    <nd ref="1279" />
    <nd ref="1273" />
    <tag k="type" v="line_thin" />
    <tag k="subtype" v="solid" />
  </way>
  <way id="1292">
    <nd ref="1282" />
    <nd ref="1283" />
    <nd ref="1284" />
    <nd ref="1285" />
    <nd ref="1286" />
    <nd ref="1287" />
    <nd ref="1288" />
    <nd ref="1289" />
    <nd ref="1290" />
    <nd ref="1291" />
    <nd ref="1282" />
    <tag k="type" v="line_thin" />
    <tag k="subtype" v="solid" />
  </way>
  <way id="1304">
    <nd ref="1294" />
    <nd ref="1295" />
    <nd ref="1296" />
    <nd ref="1297" />
    <nd ref="1298" />
    <nd ref="1299" />
    <nd ref="1300" />
    <nd ref="1301" />
    <nd ref="1302" />
    <nd ref="1303" />
    <nd ref="1294" />
    <tag k="type" v="line_thin" />
    <tag k="subtype" v="solid" />
  </way>
  <way id="1316">
    <nd ref="1306" />
    <nd ref="1307" />
    <nd ref="1308" />
    <nd ref="1309" />
    <nd ref="1310" />
    <nd ref="1311" />
    <nd ref="1312" />
    <nd ref="1313" />
    <nd ref="1314" />
    <nd ref="1315" />
    <nd ref="1306" />
    <tag k="type" v="line_thin" />
    <tag k="subtype" v="solid" />
  </way>
  <way id="1328">
    <nd ref="1318" />
    <nd ref="1319" />
    <nd ref="1320" />
    <nd ref="1321" />
    <nd ref="1322" />
    <nd ref="1323" />
    <nd ref="1324" />
    <nd ref="1325" />
    <nd ref="1326" />
    <nd ref="1327" />
    <nd ref="1318" />
    <tag k="type" v="line_thin" />
    <tag k="subtype" v="solid" />
  </way>
  <way id="1340">
    <nd ref="1330" />
    <nd ref="1331" />
    <nd ref="1332" />
    <nd ref="1333" />
    <nd ref="1334" />
    <nd ref="1335" />
    <nd ref="1336" />
    <nd ref="1337" />
    <nd ref="1338" />
    <nd ref="1339" />
    <nd ref="1330" />
    <tag k="type" v="line_thin" />
    <tag k="subtype" v="solid" />
  </way>
  <way id="1352">
    <nd ref="1342" />
    <nd ref="1343" />
    <nd ref="1344" />
    <nd ref="1345" />
    <nd ref="1346" />
    <nd ref="1347" />
    <nd ref="1348" />
    <nd ref="1349" />
    <nd ref="1350" />
    <nd ref="1351" />
    <nd ref="1342" />
    <tag k="type" v="line_thin" />
    <tag k="subtype" v="solid" />
  </way>
  <way id="1409">
    <nd ref="1407" />
    <nd ref="1739" />
    <nd ref="1738" />
    <nd ref="1737" />
    <nd ref="1736" />
    <nd ref="1734" />
    <nd ref="1733" />
    <nd ref="1732" />
    <nd ref="1731" />
    <nd ref="1730" />
    <nd ref="1729" />
    <nd ref="1728" />
    <nd ref="1727" />
    <nd ref="1726" />
    <nd ref="1725" />
    <nd ref="1724" />
    <nd ref="1723" />
    <nd ref="1722" />
    <nd ref="1721" />
    <nd ref="1720" />
    <nd ref="1719" />
    <nd ref="1408" />
    <tag k="type" v="line_thin" />
    <tag k="subtype" v="solid" />
  </way>
  <way id="1412">
    <nd ref="1410" />
    <nd ref="1740" />
    <nd ref="1741" />
    <nd ref="1742" />
    <nd ref="1743" />
    <nd ref="1744" />
    <nd ref="1745" />
    <nd ref="1746" />
    <nd ref="1747" />
    <nd ref="1748" />
    <nd ref="1749" />
    <nd ref="1750" />
    <nd ref="1751" />
    <nd ref="1753" />
    <nd ref="1754" />
    <nd ref="1755" />
    <nd ref="1757" />
    <nd ref="1758" />
    <nd ref="1764" />
    <nd ref="1761" />
    <nd ref="1411" />
    <tag k="type" v="line_thin" />
    <tag k="subtype" v="solid" />
  </way>
  <way id="1689">
    <nd ref="1586" />
    <nd ref="1674" />
    <tag k="type" v="line_thin" />
    <tag k="subtype" v="solid" />
  </way>
  <way id="1690">
    <nd ref="1585" />
    <nd ref="1676" />
    <tag k="type" v="line_thin" />
    <tag k="subtype" v="solid" />
  </way>
  <way id="1691">
    <nd ref="1587" />
    <nd ref="1678" />
    <tag k="type" v="line_thin" />
    <tag k="subtype" v="solid" />
  </way>
  <way id="1692">
    <nd ref="1588" />
    <nd ref="1680" />
    <tag k="type" v="line_thin" />
    <tag k="subtype" v="solid" />
  </way>
  <way id="1693">
    <nd ref="1589" />
    <nd ref="1682" />
    <tag k="type" v="line_thin" />
    <tag k="subtype" v="solid" />
  </way>
  <way id="1694">
    <nd ref="1590" />
    <nd ref="1684" />
    <tag k="type" v="line_thin" />
    <tag k="subtype" v="solid" />
  </way>
  <way id="1776">
    <nd ref="1722" />
    <nd ref="1757" />
    <nd ref="1758" />
    <nd ref="1721" />
    <nd ref="1722" />
    <tag k="type" v="pedestrian_marking" />
    <tag k="subtype" v="solid" />
  </way>
  <way id="1780">
    <nd ref="1753" />
    <nd ref="1725" />
    <nd ref="1726" />
    <nd ref="1751" />
    <nd ref="1753" />
    <tag k="type" v="pedestrian_marking" />
    <tag k="subtype" v="solid" />
  </way>
  <way id="1783">
    <nd ref="1747" />
    <nd ref="1730" />
    <nd ref="1729" />
    <nd ref="1748" />
    <nd ref="1747" />
    <tag k="type" v="pedestrian_marking" />
    <tag k="subtype" v="solid" />
  </way>
  <way id="1787">
    <nd ref="1733" />
    <nd ref="1744" />
    <nd ref="1743" />
    <nd ref="1734" />
    <nd ref="1733" />
    <tag k="type" v="pedestrian_marking" />
    <tag k="subtype" v="solid" />
  </way>
  <way id="1803">
    <nd ref="1719" />
    <nd ref="1720" />
    <nd ref="1764" />
    <nd ref="1761" />
    <nd ref="1719" />
    <tag k="type" v="pedestrian_marking" />
    <tag k="subtype" v="solid" />
  </way>
  <way id="1810">
    <nd ref="1724" />
    <nd ref="1754" />
    <nd ref="1755" />
    <nd ref="1723" />
    <nd ref="1724" />
    <tag k="type" v="pedestrian_marking" />
    <tag k="subtype" v="solid" />
  </way>
  <way id="1826">
    <nd ref="1749" />
    <nd ref="1750" />
    <nd ref="1727" />
    <nd ref="1728" />
    <nd ref="1749" />
    <tag k="type" v="pedestrian_marking" />
    <tag k="subtype" v="solid" />
  </way>
  <way id="1830">
    <nd ref="1746" />
    <nd ref="1731" />
    <nd ref="1732" />
    <nd ref="1745" />
    <nd ref="1746" />
    <tag k="type" v="pedestrian_marking" />
    <tag k="subtype" v="solid" />
  </way>
  <way id="1834">
    <nd ref="1741" />
    <nd ref="1742" />
    <nd ref="1736" />
    <nd ref="1737" />
    <nd ref="1741" />
    <tag k="type" v="pedestrian_marking" />
    <tag k="subtype" v="solid" />
  </way>
  <way id="1835">
    <nd ref="1738" />
    <nd ref="1740" />
    <nd ref="1410" />
    <nd ref="1739" />
    <nd ref="1738" />
    <tag k="type" v="pedestrian_marking" />
    <tag k="subtype" v="solid" />
  </way>
  <way id="1836">
    <nd ref="1625" />
    <nd ref="1673" />
    <tag k="type" v="parking_space" />
    <tag k="subtype" v="dashed" />
    <tag k="widht" v="1.9" />
  </way>
  <way id="1837">
    <nd ref="1627" />
    <nd ref="1675" />
    <tag k="type" v="parking_space" />
    <tag k="subtype" v="dashed" />
    <tag k="width" v="1.9" />
  </way>
  <way id="1838">
    <nd ref="1628" />
    <nd ref="1677" />
    <tag k="type" v="parking_space" />
    <tag k="subtype" v="dashed" />
    <tag k="width" v="1.9" />
  </way>
  <way id="1839">
    <nd ref="1629" />
    <nd ref="1679" />
    <tag k="type" v="parking_space" />
    <tag k="subtype" v="dashed" />
    <tag k="width" v="1.9" />
  </way>
  <way id="1840">
    <nd ref="1630" />
    <nd ref="1681" />
    <tag k="type" v="parking_space" />
    <tag k="subtype" v="dashed" />
    <tag k="width" v="1.9" />
  </way>
  <way id="1841">
    <nd ref="1632" />
    <nd ref="1683" />
    <tag k="type" v="parking_space" />
    <tag k="subtype" v="dashed" />
    <tag k="width" v="1.9" />
  </way>
  <way id="1842">
    <nd ref="1633" />
    <nd ref="1685" />
    <tag k="type" v="parking_space" />
    <tag k="subtype" v="dashed" />
    <tag k="width" v="1.9" />
  </way>
  <way id="1846">
    <nd ref="1868" />
    <nd ref="1633" />
    <nd ref="1590" />
    <nd ref="1632" />
    <nd ref="1589" />
    <nd ref="1630" />
    <nd ref="1588" />
    <nd ref="1629" />
    <nd ref="1587" />
    <nd ref="1628" />
    <nd ref="1585" />
    <nd ref="1627" />
    <nd ref="1586" />
    <nd ref="1625" />
    <nd ref="1598" />
    <nd ref="1672" />
    <nd ref="1673" />
    <nd ref="1674" />
    <nd ref="1675" />
    <nd ref="1676" />
    <nd ref="1677" />
    <nd ref="1678" />
    <nd ref="1679" />
    <nd ref="1680" />
    <nd ref="1681" />
    <nd ref="1682" />
    <nd ref="1683" />
    <nd ref="1684" />
    <nd ref="1685" />
    <nd ref="1866" />
    <nd ref="1856" />
    <nd ref="1851" />
    <nd ref="1848" />
    <nd ref="1855" />
    <nd ref="1868" />
    <tag k="type" v="line_thin" />
    <tag k="subtype" v="solid" />
  </way>
  <way id="1857">
    <nd ref="1855" />
    <nd ref="1856" />
    <tag k="type" v="parking_space" />
    <tag k="subtype" v="dashed" />
    <tag k="width" v="1.9" />
  </way>
  <way id="1872">
    <nd ref="1866" />
    <nd ref="1868" />
    <tag k="type" v="line_thin" />
    <tag k="subtype" v="solid" />
  </way>
  <way id="1888">
    <nd ref="1876" />
    <nd ref="1884" />
    <tag k="type" v="line_thin" />
    <tag k="subtype" v="solid" />
  </way>
  <way id="1889">
    <nd ref="1883" />
    <nd ref="1874" />
    <tag k="type" v="line_thin" />
    <tag k="subtype" v="solid" />
  </way>
  <way id="1890">
    <nd ref="1851" />
    <nd ref="1873" />
    <nd ref="1893" />
    <nd ref="1874" />
    <nd ref="1895" />
    <nd ref="1876" />
    <nd ref="1897" />
    <nd ref="1878" />
    <nd ref="1885" />
    <nd ref="1896" />
    <nd ref="1884" />
    <nd ref="1894" />
    <nd ref="1883" />
    <nd ref="1892" />
    <nd ref="1848" />
    <tag k="type" v="line_thin" />
    <tag k="subtype" v="solid" />
  </way>
  <way id="1898">
    <nd ref="1892" />
    <nd ref="1893" />
    <tag k="type" v="parking_space" />
    <tag k="subtype" v="dashed" />
    <tag k="width" v="1.9" />
  </way>
  <way id="1899">
    <nd ref="1894" />
    <nd ref="1895" />
    <tag k="type" v="parking_space" />
    <tag k="subtype" v="dashed" />
    <tag k="width" v="1.9" />
  </way>
  <way id="1900">
    <nd ref="1896" />
    <nd ref="1897" />
    <tag k="type" v="parking_space" />
    <tag k="subtype" v="dashed" />
    <tag k="width" v="1.9" />
  </way>
  <way id="1995">
    <nd ref="1901" />
    <nd ref="1915" />
    <nd ref="1904" />
    <nd ref="1916" />
    <nd ref="1905" />
    <nd ref="1917" />
    <nd ref="1906" />
    <nd ref="1918" />
    <nd ref="1907" />
    <nd ref="1919" />
    <nd ref="1908" />
    <nd ref="1920" />
    <nd ref="1909" />
    <nd ref="1921" />
    <nd ref="1910" />
    <nd ref="1922" />
    <nd ref="1911" />
    <nd ref="1923" />
    <nd ref="1912" />
    <nd ref="1924" />
    <nd ref="1913" />
    <nd ref="1925" />
    <nd ref="1914" />
    <nd ref="1996" />
    <nd ref="1994" />
    <nd ref="1993" />
    <nd ref="2029" />
    <nd ref="1999" />
    <nd ref="2028" />
    <nd ref="2000" />
    <nd ref="2026" />
    <nd ref="2001" />
    <nd ref="2025" />
    <nd ref="1992" />
    <nd ref="1991" />
    <nd ref="2024" />
    <nd ref="2002" />
    <nd ref="2023" />
    <nd ref="2003" />
    <nd ref="2022" />
    <nd ref="2004" />
    <nd ref="2021" />
    <nd ref="1990" />
    <nd ref="2020" />
    <nd ref="1989" />
    <nd ref="2019" />
    <nd ref="1988" />
    <nd ref="2018" />
    <nd ref="1986" />
    <nd ref="2017" />
    <nd ref="1979" />
    <nd ref="1901" />
    <tag k="type" v="line_thin" />
    <tag k="subtype" v="solid" />
  </way>
  <way id="2006">
    <nd ref="1904" />
    <nd ref="1986" />
    <tag k="type" v="line_thin" />
    <tag k="subtype" v="solid" />
  </way>
  <way id="2007">
    <nd ref="1905" />
    <nd ref="1988" />
    <tag k="type" v="line_thin" />
    <tag k="subtype" v="solid" />
  </way>
  <way id="2008">
    <nd ref="1906" />
    <nd ref="1989" />
    <tag k="type" v="line_thin" />
    <tag k="subtype" v="solid" />
  </way>
  <way id="2009">
    <nd ref="1907" />
    <nd ref="1990" />
    <tag k="type" v="line_thin" />
    <tag k="subtype" v="solid" />
  </way>
  <way id="2010">
    <nd ref="1908" />
    <nd ref="2004" />
    <tag k="type" v="line_thin" />
    <tag k="subtype" v="solid" />
  </way>
  <way id="2011">
    <nd ref="1909" />
    <nd ref="2003" />
    <tag k="type" v="line_thin" />
    <tag k="subtype" v="solid" />
  </way>
  <way id="2012">
    <nd ref="1910" />
    <nd ref="2002" />
    <tag k="type" v="line_thin" />
    <tag k="subtype" v="solid" />
  </way>
  <way id="2013">
    <nd ref="1911" />
    <nd ref="1991" />
    <tag k="type" v="line_thin" />
    <tag k="subtype" v="solid" />
  </way>
  <way id="2014">
    <nd ref="1912" />
    <nd ref="2001" />
    <tag k="type" v="line_thin" />
    <tag k="subtype" v="solid" />
  </way>
  <way id="2015">
    <nd ref="1913" />
    <nd ref="2000" />
    <tag k="type" v="line_thin" />
    <tag k="subtype" v="solid" />
  </way>
  <way id="2016">
    <nd ref="1914" />
    <nd ref="1999" />
    <tag k="type" v="line_thin" />
    <tag k="subtype" v="solid" />
  </way>
  <way id="2030">
    <nd ref="1915" />
    <nd ref="2017" />
    <tag k="type" v="parking_space" />
    <tag k="subtype" v="dashed" />
    <tag k="width" v="1.9" />
  </way>
  <way id="2031">
    <nd ref="1916" />
    <nd ref="2018" />
    <tag k="type" v="parking_space" />
    <tag k="subtype" v="dashed" />
    <tag k="width" v="1.9" />
  </way>
  <way id="2032">
    <nd ref="1917" />
    <nd ref="2019" />
    <tag k="type" v="parking_space" />
    <tag k="subtype" v="dashed" />
    <tag k="width" v="1.9" />
  </way>
  <way id="2033">
    <nd ref="1918" />
    <nd ref="2020" />
    <tag k="type" v="parking_space" />
    <tag k="subtype" v="dashed" />
    <tag k="width" v="1.9" />
  </way>
  <way id="2034">
    <nd ref="1919" />
    <nd ref="2021" />
    <tag k="type" v="parking_space" />
    <tag k="subtype" v="dashed" />
    <tag k="width" v="1.9" />
  </way>
  <way id="2035">
    <nd ref="1921" />
    <nd ref="2023" />
    <tag k="type" v="parking_space" />
    <tag k="subtype" v="dashed" />
    <tag k="width" v="1.9" />
  </way>
  <way id="2036">
    <nd ref="1922" />
    <nd ref="2024" />
    <tag k="type" v="parking_space" />
    <tag k="subtype" v="dashed" />
    <tag k="width" v="1.9" />
  </way>
  <way id="2037">
    <nd ref="1923" />
    <nd ref="2025" />
    <tag k="type" v="parking_space" />
    <tag k="subtype" v="dashed" />
    <tag k="width" v="1.9" />
  </way>
  <way id="2038">
    <nd ref="1924" />
    <nd ref="2026" />
    <tag k="type" v="parking_space" />
    <tag k="subtype" v="dashed" />
    <tag k="width" v="1.9" />
  </way>
  <way id="2039">
    <nd ref="1925" />
    <nd ref="2028" />
    <tag k="type" v="parking_space" />
    <tag k="subtype" v="dashed" />
    <tag k="width" v="1.9" />
  </way>
  <way id="2040">
    <nd ref="1996" />
    <nd ref="2029" />
    <tag k="type" v="parking_space" />
    <tag k="subtype" v="dashed" />
    <tag k="width" v="1.9" />
  </way>
  <way id="2041">
    <nd ref="1920" />
    <nd ref="2022" />
    <tag k="type" v="parking_space" />
    <tag k="subtype" v="dashed" />
    <tag k="width" v="1.9" />
  </way>
  <way id="1146">
    <nd ref="1126" />
    <nd ref="1127" />
    <nd ref="1129" />
    <nd ref="1130" />
    <nd ref="1131" />
    <nd ref="1132" />
    <nd ref="1133" />
    <nd ref="1134" />
    <nd ref="1135" />
    <nd ref="1136" />
    <nd ref="1137" />
    <nd ref="1138" />
    <nd ref="1139" />
    <nd ref="1140" />
    <nd ref="1141" />
    <nd ref="1142" />
    <nd ref="1143" />
    <nd ref="1144" />
    <nd ref="1145" />
    <tag k="area" v="yes" />
  </way>
  <way id="1378">
    <nd ref="1354" />
    <nd ref="1355" />
    <nd ref="1357" />
    <nd ref="1358" />
    <nd ref="1359" />
    <nd ref="1360" />
    <nd ref="1361" />
    <nd ref="1362" />
    <nd ref="1363" />
    <nd ref="1364" />
    <nd ref="1365" />
    <nd ref="1366" />
    <nd ref="1367" />
    <nd ref="1368" />
    <nd ref="1369" />
    <nd ref="1370" />
    <nd ref="1371" />
    <nd ref="1372" />
    <nd ref="1373" />
    <nd ref="1374" />
    <nd ref="1375" />
    <nd ref="1376" />
    <nd ref="1377" />
    <tag k="area" v="yes" />
  </way>
  <way id="1615">
    <nd ref="1605" />
    <nd ref="1606" />
    <nd ref="1609" />
    <nd ref="1610" />
    <nd ref="1844" />
    <nd ref="1843" />
    <nd ref="1611" />
    <nd ref="1845" />
    <nd ref="1612" />
    <nd ref="1613" />
    <nd ref="1614" />
    <tag k="type" v="parking_lot" />
    <tag k="area" v="yes" />
  </way>
  <way id="2048">
    <nd ref="2042" />
    <nd ref="2043" />
    <nd ref="2045" />
    <nd ref="2046" />
    <nd ref="2047" />
    <tag k="type" v="drop_zone" />
    <tag k="area" v="yes" />
  </way>
  <way id="2054">
    <nd ref="2049" />
    <nd ref="2050" />
    <nd ref="2051" />
    <nd ref="2052" />
    <nd ref="2053" />
    <tag k="type" v="drop_zone" />
    <tag k="area" v="yes" />
  </way>
  <relation id="32">
    <member type="way" role="left" ref="31" />
    <member type="way" role="right" ref="28" />
    <tag k="type" v="lanelet" />
    <tag k="subtype" v="road" />
    <tag k="speed_limit" v="10" />
    <tag k="location" v="urban" />
    <tag k="one_way" v="yes" />
    <tag k="turn_direction" v="straight" />
  </relation>
  <relation id="58">
    <member type="way" role="left" ref="57" />
    <member type="way" role="right" ref="54" />
    <tag k="type" v="lanelet" />
    <tag k="subtype" v="road" />
    <tag k="speed_limit" v="10" />
    <tag k="location" v="urban" />
    <tag k="one_way" v="yes" />
    <tag k="turn_direction" v="straight" />
  </relation>
  <relation id="67">
    <member type="way" role="left" ref="164" />
    <member type="way" role="right" ref="166" />
    <tag k="type" v="lanelet" />
    <tag k="subtype" v="road" />
    <tag k="speed_limit" v="10" />
    <tag k="location" v="urban" />
    <tag k="one_way" v="yes" />
    <tag k="turn_direction" v="straight" />
  </relation>
  <relation id="116">
    <member type="way" role="left" ref="1092" />
    <member type="way" role="right" ref="1093" />
    <tag k="type" v="lanelet" />
    <tag k="subtype" v="road" />
    <tag k="speed_limit" v="10" />
    <tag k="location" v="urban" />
    <tag k="one_way" v="yes" />
    <tag k="turn_direction" v="straight" />
  </relation>
  <relation id="132">
    <member type="way" role="left" ref="131" />
    <member type="way" role="right" ref="128" />
    <tag k="type" v="lanelet" />
    <tag k="subtype" v="road" />
    <tag k="speed_limit" v="10" />
    <tag k="location" v="urban" />
    <tag k="one_way" v="yes" />
    <tag k="turn_direction" v="straight" />
  </relation>
  <relation id="143">
    <member type="way" role="left" ref="142" />
    <member type="way" role="right" ref="139" />
    <tag k="type" v="lanelet" />
    <tag k="subtype" v="road" />
    <tag k="speed_limit" v="10" />
    <tag k="location" v="urban" />
    <tag k="one_way" v="yes" />
    <tag k="turn_direction" v="straight" />
  </relation>
  <relation id="163">
    <member type="way" role="left" ref="160" />
    <member type="way" role="right" ref="162" />
    <tag k="type" v="lanelet" />
    <tag k="subtype" v="road" />
    <tag k="speed_limit" v="10" />
    <tag k="location" v="urban" />
    <tag k="one_way" v="yes" />
    <tag k="turn_direction" v="straight" />
  </relation>
  <relation id="326">
    <member type="way" role="left" ref="1094" />
    <member type="way" role="right" ref="1095" />
    <tag k="type" v="lanelet" />
    <tag k="subtype" v="road" />
    <tag k="speed_limit" v="10" />
    <tag k="location" v="urban" />
    <tag k="one_way" v="yes" />
    <tag k="turn_direction" v="straight" />
  </relation>
  <relation id="337">
    <member type="way" role="left" ref="335" />
    <member type="way" role="right" ref="336" />
    <tag k="type" v="lanelet" />
    <tag k="subtype" v="road" />
    <tag k="speed_limit" v="10" />
    <tag k="location" v="urban" />
    <tag k="one_way" v="yes" />
    <tag k="turn_direction" v="straight" />
  </relation>
  <relation id="381">
    <member type="way" role="left" ref="379" />
    <member type="way" role="right" ref="380" />
    <tag k="type" v="lanelet" />
    <tag k="subtype" v="road" />
    <tag k="speed_limit" v="10" />
    <tag k="location" v="urban" />
    <tag k="one_way" v="yes" />
    <tag k="turn_direction" v="straight" />
  </relation>
  <relation id="410">
    <member type="way" role="left" ref="543" />
    <member type="way" role="right" ref="545" />
    <tag k="type" v="lanelet" />
    <tag k="subtype" v="road" />
    <tag k="speed_limit" v="10" />
    <tag k="location" v="urban" />
    <tag k="one_way" v="yes" />
    <tag k="turn_direction" v="straight" />
  </relation>
  <relation id="483">
    <member type="way" role="left" ref="1105" />
    <member type="way" role="right" ref="1106" />
    <tag k="type" v="lanelet" />
    <tag k="subtype" v="road" />
    <tag k="speed_limit" v="10" />
    <tag k="location" v="urban" />
    <tag k="one_way" v="yes" />
    <tag k="turn_direction" v="straight" />
  </relation>
  <relation id="507">
    <member type="way" role="left" ref="505" />
    <member type="way" role="right" ref="506" />
    <tag k="type" v="lanelet" />
    <tag k="subtype" v="road" />
    <tag k="speed_limit" v="10" />
    <tag k="location" v="urban" />
    <tag k="one_way" v="yes" />
    <tag k="turn_direction" v="straight" />
  </relation>
  <relation id="547">
    <member type="way" role="left" ref="548" />
    <member type="way" role="right" ref="550" />
    <tag k="type" v="lanelet" />
    <tag k="subtype" v="road" />
    <tag k="speed_limit" v="10" />
    <tag k="location" v="urban" />
    <tag k="one_way" v="yes" />
    <tag k="turn_direction" v="straight" />
  </relation>
  <relation id="552">
    <member type="way" role="left" ref="549" />
    <member type="way" role="right" ref="551" />
    <tag k="type" v="lanelet" />
    <tag k="subtype" v="road" />
    <tag k="speed_limit" v="10" />
    <tag k="location" v="urban" />
    <tag k="one_way" v="yes" />
    <tag k="turn_direction" v="straight" />
  </relation>
  <relation id="575">
    <member type="way" role="left" ref="1088" />
    <member type="way" role="right" ref="1089" />
    <tag k="type" v="lanelet" />
    <tag k="subtype" v="road" />
    <tag k="speed_limit" v="10" />
    <tag k="location" v="urban" />
    <tag k="one_way" v="yes" />
    <tag k="turn_direction" v="straight" />
  </relation>
  <relation id="605">
    <member type="way" role="left" ref="1090" />
    <member type="way" role="right" ref="1091" />
    <tag k="type" v="lanelet" />
    <tag k="subtype" v="road" />
    <tag k="speed_limit" v="10" />
    <tag k="location" v="urban" />
    <tag k="one_way" v="yes" />
    <tag k="turn_direction" v="straight" />
  </relation>
  <relation id="629">
    <member type="way" role="left" ref="627" />
    <member type="way" role="right" ref="628" />
    <tag k="type" v="lanelet" />
    <tag k="subtype" v="road" />
    <tag k="speed_limit" v="10" />
    <tag k="location" v="urban" />
    <tag k="one_way" v="yes" />
    <tag k="turn_direction" v="right" />
  </relation>
  <relation id="659">
    <member type="way" role="left" ref="839" />
    <member type="way" role="right" ref="840" />
    <tag k="type" v="lanelet" />
    <tag k="subtype" v="road" />
    <tag k="speed_limit" v="10" />
    <tag k="location" v="urban" />
    <tag k="one_way" v="yes" />
    <tag k="turn_direction" v="straight" />
  </relation>
  <relation id="686">
    <member type="way" role="left" ref="884" />
    <member type="way" role="right" ref="886" />
    <tag k="type" v="lanelet" />
    <tag k="subtype" v="road" />
    <tag k="speed_limit" v="10" />
    <tag k="location" v="urban" />
    <tag k="one_way" v="yes" />
    <tag k="turn_direction" v="straight" />
  </relation>
  <relation id="713">
    <member type="way" role="left" ref="711" />
    <member type="way" role="right" ref="712" />
    <tag k="type" v="lanelet" />
    <tag k="subtype" v="road" />
    <tag k="speed_limit" v="10" />
    <tag k="location" v="urban" />
    <tag k="one_way" v="yes" />
    <tag k="turn_direction" v="straight" />
  </relation>
  <relation id="751">
    <member type="way" role="left" ref="749" />
    <member type="way" role="right" ref="750" />
    <tag k="type" v="lanelet" />
    <tag k="subtype" v="road" />
    <tag k="speed_limit" v="10" />
    <tag k="location" v="urban" />
    <tag k="one_way" v="yes" />
    <tag k="turn_direction" v="straight" />
  </relation>
  <relation id="754">
    <member type="way" role="left" ref="1103" />
    <member type="way" role="right" ref="1104" />
    <tag k="type" v="lanelet" />
    <tag k="subtype" v="road" />
    <tag k="speed_limit" v="10" />
    <tag k="location" v="urban" />
    <tag k="one_way" v="yes" />
    <tag k="turn_direction" v="straight" />
  </relation>
  <relation id="782">
    <member type="way" role="left" ref="780" />
    <member type="way" role="right" ref="781" />
    <tag k="type" v="lanelet" />
    <tag k="subtype" v="road" />
    <tag k="speed_limit" v="10" />
    <tag k="location" v="urban" />
    <tag k="one_way" v="yes" />
    <tag k="turn_direction" v="right" />
  </relation>
  <relation id="806">
    <member type="way" role="left" ref="803" />
    <member type="way" role="right" ref="805" />
    <tag k="type" v="lanelet" />
    <tag k="subtype" v="road" />
    <tag k="speed_limit" v="10" />
    <tag k="location" v="urban" />
    <tag k="one_way" v="yes" />
    <tag k="turn_direction" v="straight" />
  </relation>
  <relation id="855">
    <member type="way" role="left" ref="852" />
    <member type="way" role="right" ref="854" />
    <tag k="type" v="lanelet" />
    <tag k="subtype" v="road" />
    <tag k="speed_limit" v="10" />
    <tag k="location" v="urban" />
    <tag k="one_way" v="yes" />
    <tag k="turn_direction" v="straight" />
  </relation>
  <relation id="888">
    <member type="way" role="left" ref="885" />
    <member type="way" role="right" ref="887" />
    <tag k="type" v="lanelet" />
    <tag k="subtype" v="road" />
    <tag k="speed_limit" v="10" />
    <tag k="location" v="urban" />
    <tag k="one_way" v="yes" />
    <tag k="turn_direction" v="straight" />
  </relation>
  <relation id="903">
    <member type="way" role="left" ref="935" />
    <member type="way" role="right" ref="936" />
    <tag k="type" v="lanelet" />
    <tag k="subtype" v="road" />
    <tag k="speed_limit" v="10" />
    <tag k="location" v="urban" />
    <tag k="one_way" v="yes" />
    <tag k="turn_direction" v="straight" />
  </relation>
  <relation id="921">
    <member type="way" role="left" ref="954" />
    <member type="way" role="right" ref="955" />
    <tag k="type" v="lanelet" />
    <tag k="subtype" v="road" />
    <tag k="speed_limit" v="10" />
    <tag k="location" v="urban" />
    <tag k="one_way" v="yes" />
    <tag k="turn_direction" v="straight" />
  </relation>
  <relation id="953">
    <member type="way" role="left" ref="950" />
    <member type="way" role="right" ref="952" />
    <tag k="type" v="lanelet" />
    <tag k="subtype" v="road" />
    <tag k="speed_limit" v="10" />
    <tag k="location" v="urban" />
    <tag k="one_way" v="yes" />
    <tag k="turn_direction" v="straight" />
  </relation>
  <relation id="1100">
    <member type="way" role="left" ref="1101" />
    <member type="way" role="right" ref="1102" />
    <tag k="type" v="lanelet" />
    <tag k="subtype" v="road" />
    <tag k="speed_limit" v="10" />
    <tag k="location" v="urban" />
    <tag k="one_way" v="yes" />
    <tag k="turn_direction" v="straight" />
  </relation>
  <relation id="1413">
    <member type="way" role="left" ref="1412" />
    <member type="way" role="right" ref="1409" />
    <tag k="type" v="lanelet" />
    <tag k="subtype" v="crosswalk" />
    <tag k="speed_limit" v="10" />
    <tag k="location" v="urban" />
    <tag k="one_way" v="no" />
  </relation>
  <relation id="1219">
    <member type="way" role="outer" ref="1210" />
    <tag k="type" v="multipolygon" />
    <tag k="subtype" v="camping_site_13" />
  </relation>
  <relation id="1233">
    <member type="way" role="outer" ref="1232" />
    <tag k="type" v="multipolygon" />
    <tag k="subtype" v="camping_site_12" />
  </relation>
  <relation id="1245">
    <member type="way" role="outer" ref="1244" />
    <tag k="type" v="multipolygon" />
    <tag k="subtype" v="camping_site_10" />
  </relation>
  <relation id="1254">
    <member type="way" role="outer" ref="1253" />
    <tag k="type" v="multipolygon" />
    <tag k="subtype" v="camping_site_8" />
  </relation>
  <relation id="1263">
    <member type="way" role="outer" ref="1262" />
    <tag k="type" v="multipolygon" />
    <tag k="subtype" v="camping_site_6" />
  </relation>
  <relation id="1272">
    <member type="way" role="outer" ref="1271" />
    <tag k="type" v="multipolygon" />
    <tag k="subtype" v="camping_site_4" />
  </relation>
  <relation id="1281">
    <member type="way" role="outer" ref="1280" />
    <tag k="type" v="multipolygon" />
    <tag k="subtype" v="camping_site_2" />
  </relation>
  <relation id="1293">
    <member type="way" role="outer" ref="1292" />
    <tag k="type" v="multipolygon" />
    <tag k="subtype" v="camping_site_11" />
  </relation>
  <relation id="1305">
    <member type="way" role="outer" ref="1304" />
    <tag k="type" v="multipolygon" />
    <tag k="subtype" v="camping_site_9" />
  </relation>
  <relation id="1317">
    <member type="way" role="outer" ref="1316" />
    <tag k="type" v="multipolygon" />
    <tag k="subtype" v="camping_site_7" />
  </relation>
  <relation id="1329">
    <member type="way" role="outer" ref="1328" />
    <tag k="type" v="multipolygon" />
    <tag k="subtype" v="camping_site_5" />
  </relation>
  <relation id="1341">
    <member type="way" role="outer" ref="1340" />
    <tag k="type" v="multipolygon" />
    <tag k="subtype" v="camping_site_3" />
  </relation>
  <relation id="1353">
    <member type="way" role="outer" ref="1352" />
    <tag k="type" v="multipolygon" />
    <tag k="subtype" v="camping_site_1" />
  </relation>
</osm>