<?xml version='1.0' encoding='UTF-8'?>
<osm generator="VMB">
  <MetaInfo format_version="1" map_version="11" validation_version="1" />
  <!-- HH_260713 - Final Park translation aligned at Drop Zone center using 100/100 RTK Fixed samples: local TM dx=-10.849547 m, dy=+42.977675 m; UTM dE=-10.441732 m, dN=+43.082254 m. -->
  <node id="1" lat="36.84344411476" lon="128.09269408061">
    <tag k="local_x" v="11.5443" />
    <tag k="local_y" v="-14.3749" />
    <tag k="ele" v="3.3964" />
  </node>
  <node id="2" lat="36.84347001122" lon="128.09267485751">
    <tag k="local_x" v="9.8304" />
    <tag k="local_y" v="-11.5022" />
    <tag k="ele" v="3.2474" />
  </node>
  <node id="4" lat="36.84343768011" lon="128.09268063371">
    <tag k="local_x" v="10.3454" />
    <tag k="local_y" v="-15.0887" />
    <tag k="ele" v="3.3066" />
  </node>
  <node id="5" lat="36.84346361982" lon="128.09266138257">
    <tag k="local_x" v="8.6290" />
    <tag k="local_y" v="-12.2112" />
    <tag k="ele" v="3.2291" />
  </node>
  <node id="26" lat="36.84354918439" lon="128.09259246235">
    <tag k="local_x" v="2.4842" />
    <tag k="local_y" v="-2.7195" />
    <tag k="ele" v="3.1445" />
  </node>
  <node id="27" lat="36.84356621129" lon="128.09258036137">
    <tag k="local_x" v="1.4053" />
    <tag k="local_y" v="-0.8307" />
    <tag k="ele" v="3.0869" />
  </node>
  <node id="29" lat="36.84354293723" lon="128.09257884047">
    <tag k="local_x" v="1.2697" />
    <tag k="local_y" v="-3.4125" />
    <tag k="ele" v="3.1273" />
  </node>
  <node id="30" lat="36.84355997044" lon="128.09256675968">
    <tag k="local_x" v="0.1926" />
    <tag k="local_y" v="-1.5230" />
    <tag k="ele" v="3.063" />
  </node>
  <node id="33" lat="36.84359694860" lon="128.09257094327">
    <tag k="local_x" v="0.5656" />
    <tag k="local_y" v="2.5790" />
    <tag k="ele" v="3.1653" />
  </node>
  <node id="34" lat="36.84361204096" lon="128.09255819286">
    <tag k="local_x" v="-0.5712" />
    <tag k="local_y" v="4.2532" />
    <tag k="ele" v="3.0756" />
  </node>
  <node id="36" lat="36.84359321654" lon="128.09255539670">
    <tag k="local_x" v="-0.8205" />
    <tag k="local_y" v="2.1650" />
    <tag k="ele" v="3.1327" />
  </node>
  <node id="37" lat="36.84360509516" lon="128.09254510149">
    <tag k="local_x" v="-1.7384" />
    <tag k="local_y" v="3.4827" />
    <tag k="ele" v="3.0563" />
  </node>
  <node id="40" lat="36.84362394213" lon="128.09254845508">
    <tag k="local_x" v="-1.4394" />
    <tag k="local_y" v="5.5734" />
    <tag k="ele" v="2.9712" />
  </node>
  <node id="41" lat="36.84361722350" lon="128.09253518089">
    <tag k="local_x" v="-2.6229" />
    <tag k="local_y" v="4.8281" />
    <tag k="ele" v="2.9577" />
  </node>
  <node id="42" lat="36.84363621379" lon="128.09253944187">
    <tag k="local_x" v="-2.2430" />
    <tag k="local_y" v="6.9347" />
    <tag k="ele" v="2.8642" />
  </node>
  <node id="43" lat="36.84362970429" lon="128.09252597475">
    <tag k="local_x" v="-3.4437" />
    <tag k="local_y" v="6.2126" />
    <tag k="ele" v="2.8106" />
  </node>
  <node id="44" lat="36.84364907502" lon="128.09253179363">
    <tag k="local_x" v="-2.9249" />
    <tag k="local_y" v="8.3614" />
    <tag k="ele" v="2.7264" />
  </node>
  <node id="45" lat="36.84364276745" lon="128.09251812015">
    <tag k="local_x" v="-4.1440" />
    <tag k="local_y" v="7.6617" />
    <tag k="ele" v="2.7232" />
  </node>
  <node id="46" lat="36.84366206244" lon="128.09252450543">
    <tag k="local_x" v="-3.5747" />
    <tag k="local_y" v="9.8021" />
    <tag k="ele" v="2.5731" />
  </node>
  <node id="47" lat="36.84365599647" lon="128.09251068613">
    <tag k="local_x" v="-4.8068" />
    <tag k="local_y" v="9.1292" />
    <tag k="ele" v="2.555" />
  </node>
  <node id="48" lat="36.84371430424" lon="128.09249607268">
    <tag k="local_x" v="-6.1097" />
    <tag k="local_y" v="15.5973" />
    <tag k="ele" v="1.8675" />
  </node>
  <node id="49" lat="36.84370919561" lon="128.09248173520">
    <tag k="local_x" v="-7.3880" />
    <tag k="local_y" v="15.0306" />
    <tag k="ele" v="1.8526" />
  </node>
  <node id="50" lat="36.84386748046" lon="128.09239531508">
    <tag k="local_x" v="-15.0930" />
    <tag k="local_y" v="32.5892" />
    <tag k="ele" v="0.0134" />
  </node>
  <node id="51" lat="36.84386038319" lon="128.09238232126">
    <tag k="local_x" v="-16.2515" />
    <tag k="local_y" v="31.8019" />
    <tag k="ele" v="0.0507" />
  </node>
  <node id="52" lat="36.84389550162" lon="128.09237590109">
    <tag k="local_x" v="-16.8239" />
    <tag k="local_y" v="35.6976" />
    <tag k="ele" v="-0.2503" />
  </node>
  <node id="53" lat="36.84390810862" lon="128.09236743964">
    <tag k="local_x" v="-17.5783" />
    <tag k="local_y" v="37.0961" />
    <tag k="ele" v="-0.495" />
  </node>
  <node id="55" lat="36.84388949603" lon="128.09236208737">
    <tag k="local_x" v="-18.0555" />
    <tag k="local_y" v="35.0314" />
    <tag k="ele" v="-0.1854" />
  </node>
  <node id="56" lat="36.84390217154" lon="128.09235357433">
    <tag k="local_x" v="-18.8145" />
    <tag k="local_y" v="36.4375" />
    <tag k="ele" v="-0.3815" />
  </node>
  <node id="59" lat="36.84394679683" lon="128.09234766556">
    <tag k="local_x" v="-19.3413" />
    <tag k="local_y" v="41.3878" />
    <tag k="ele" v="-0.858" />
  </node>
  <node id="60" lat="36.84394292591" lon="128.09233268760">
    <tag k="local_x" v="-20.6767" />
    <tag k="local_y" v="40.9584" />
    <tag k="ele" v="-0.7909" />
  </node>
  <node id="61" lat="36.84396708888" lon="128.09236319195">
    <tag k="local_x" v="-17.9570" />
    <tag k="local_y" v="43.6388" />
    <tag k="ele" v="-1.1071" />
  </node>
  <node id="62" lat="36.84396324149" lon="128.09241133595">
    <tag k="local_x" v="-13.6646" />
    <tag k="local_y" v="43.2120" />
    <tag k="ele" v="-1.0918" />
  </node>
  <node id="64" lat="36.84398009884" lon="128.09235874585">
    <tag k="local_x" v="-18.3534" />
    <tag k="local_y" v="45.0820" />
    <tag k="ele" v="-1.1924" />
  </node>
  <node id="65" lat="36.84397661294" lon="128.09240900746">
    <tag k="local_x" v="-13.8722" />
    <tag k="local_y" v="44.6953" />
    <tag k="ele" v="-1.209" />
  </node>
  <node id="68" lat="36.84397186500" lon="128.09249262463">
    <tag k="local_x" v="-6.4171" />
    <tag k="local_y" v="44.1686" />
    <tag k="ele" v="-1.0395" />
  </node>
  <node id="69" lat="36.84398530677" lon="128.09249080088">
    <tag k="local_x" v="-6.5797" />
    <tag k="local_y" v="45.6597" />
    <tag k="ele" v="-1.1246" />
  </node>
  <node id="70" lat="36.84397539065" lon="128.09254503410">
    <tag k="local_x" v="-1.7444" />
    <tag k="local_y" v="44.5597" />
    <tag k="ele" v="-1.1453" />
  </node>
  <node id="71" lat="36.84398887930" lon="128.09254366573">
    <tag k="local_x" v="-1.8664" />
    <tag k="local_y" v="46.0560" />
    <tag k="ele" v="-1.1899" />
  </node>
  <node id="79" lat="36.84397602167" lon="128.09260970053">
    <tag k="local_x" v="4.0211" />
    <tag k="local_y" v="44.6297" />
    <tag k="ele" v="-0.9524" />
  </node>
  <node id="80" lat="36.84397901452" lon="128.09264756273">
    <tag k="local_x" v="7.3968" />
    <tag k="local_y" v="44.9617" />
    <tag k="ele" v="-0.9562" />
  </node>
  <node id="82" lat="36.84398855927" lon="128.09260801476">
    <tag k="local_x" v="3.8708" />
    <tag k="local_y" v="46.0205" />
    <tag k="ele" v="-1.0917" />
  </node>
  <node id="83" lat="36.84399149803" lon="128.09264580294">
    <tag k="local_x" v="7.2399" />
    <tag k="local_y" v="46.3465" />
    <tag k="ele" v="-0.9563" />
  </node>
  <node id="99" lat="36.84390525288" lon="128.09267959694">
    <tag k="local_x" v="10.2529" />
    <tag k="local_y" v="36.7793" />
    <tag k="ele" v="-1.1116" />
  </node>
  <node id="100" lat="36.84390396467" lon="128.09269404101">
    <tag k="local_x" v="11.5407" />
    <tag k="local_y" v="36.6364" />
    <tag k="ele" v="-1.195" />
  </node>
  <node id="126" lat="36.84387692970" lon="128.09267777203">
    <tag k="local_x" v="10.0902" />
    <tag k="local_y" v="33.6374" />
    <tag k="ele" v="-0.9665" />
  </node>
  <node id="127" lat="36.84386613914" lon="128.09267689603">
    <tag k="local_x" v="10.0121" />
    <tag k="local_y" v="32.4404" />
    <tag k="ele" v="-0.8984" />
  </node>
  <node id="129" lat="36.84387633743" lon="128.09269121451">
    <tag k="local_x" v="11.2887" />
    <tag k="local_y" v="33.5717" />
    <tag k="ele" v="-1.1578" />
  </node>
  <node id="130" lat="36.84386565685" lon="128.09269018261">
    <tag k="local_x" v="11.1967" />
    <tag k="local_y" v="32.3869" />
    <tag k="ele" v="-1.1739" />
  </node>
  <node id="133" lat="36.84385535309" lon="128.09267598079">
    <tag k="local_x" v="9.9305" />
    <tag k="local_y" v="31.2439" />
    <tag k="ele" v="-0.8243" />
  </node>
  <node id="134" lat="36.84385497717" lon="128.09268920232">
    <tag k="local_x" v="11.1093" />
    <tag k="local_y" v="31.2022" />
    <tag k="ele" v="-1.1486" />
  </node>
  <node id="135" lat="36.84382308599" lon="128.09267413907">
    <tag k="local_x" v="9.7663" />
    <tag k="local_y" v="27.6645" />
    <tag k="ele" v="-0.302" />
  </node>
  <node id="136" lat="36.84382352590" lon="128.09268778231">
    <tag k="local_x" v="10.9827" />
    <tag k="local_y" v="27.7133" />
    <tag k="ele" v="-0.4317" />
  </node>
  <node id="169" lat="36.84372885659" lon="128.09247077483">
    <tag k="local_x" v="-8.3652" />
    <tag k="local_y" v="17.2116" />
    <tag k="ele" v="1.5668" />
  </node>
  <node id="170" lat="36.84374853651" lon="128.09245979653">
    <tag k="local_x" v="-9.3440" />
    <tag k="local_y" v="19.3947" />
    <tag k="ele" v="1.3728" />
  </node>
  <node id="171" lat="36.84376817405" lon="128.09244874642">
    <tag k="local_x" v="-10.3292" />
    <tag k="local_y" v="21.5731" />
    <tag k="ele" v="1.119" />
  </node>
  <node id="172" lat="36.84378769079" lon="128.09243756621">
    <tag k="local_x" v="-11.3260" />
    <tag k="local_y" v="23.7381" />
    <tag k="ele" v="0.9133" />
  </node>
  <node id="173" lat="36.84380674147" lon="128.09242588127">
    <tag k="local_x" v="-12.3678" />
    <tag k="local_y" v="25.8514" />
    <tag k="ele" v="0.7367" />
  </node>
  <node id="174" lat="36.84382494839" lon="128.09241259804">
    <tag k="local_x" v="-13.5521" />
    <tag k="local_y" v="27.8711" />
    <tag k="ele" v="0.5504" />
  </node>
  <node id="175" lat="36.84384251344" lon="128.09239745853">
    <tag k="local_x" v="-14.9019" />
    <tag k="local_y" v="29.8196" />
    <tag k="ele" v="0.3265" />
  </node>
  <node id="176" lat="36.84373403734" lon="128.09248510223">
    <tag k="local_x" v="-7.0878" />
    <tag k="local_y" v="17.7863" />
    <tag k="ele" v="1.6097" />
  </node>
  <node id="177" lat="36.84375372626" lon="128.09247409813">
    <tag k="local_x" v="-8.0689" />
    <tag k="local_y" v="19.9704" />
    <tag k="ele" v="1.3493" />
  </node>
  <node id="178" lat="36.84377342150" lon="128.09246302896">
    <tag k="local_x" v="-9.0558" />
    <tag k="local_y" v="22.1552" />
    <tag k="ele" v="1.1893" />
  </node>
  <node id="179" lat="36.84379310592" lon="128.09245175565">
    <tag k="local_x" v="-10.0609" />
    <tag k="local_y" v="24.3388" />
    <tag k="ele" v="0.9539" />
  </node>
  <node id="180" lat="36.84381272362" lon="128.09243970619">
    <tag k="local_x" v="-11.1352" />
    <tag k="local_y" v="26.5150" />
    <tag k="ele" v="0.7616" />
  </node>
  <node id="181" lat="36.84383174005" lon="128.09242581617">
    <tag k="local_x" v="-12.3736" />
    <tag k="local_y" v="28.6245" />
    <tag k="ele" v="0.565" />
  </node>
  <node id="182" lat="36.84384966119" lon="128.09241035926">
    <tag k="local_x" v="-13.7517" />
    <tag k="local_y" v="30.6125" />
    <tag k="ele" v="0.3126" />
  </node>
  <node id="183" lat="36.84349599782" lon="128.09265590246">
    <tag k="local_x" v="8.1404" />
    <tag k="local_y" v="-8.6195" />
    <tag k="ele" v="3.1562" />
  </node>
  <node id="184" lat="36.84352228550" lon="128.09263757211">
    <tag k="local_x" v="6.5061" />
    <tag k="local_y" v="-5.7034" />
    <tag k="ele" v="3.1867" />
  </node>
  <node id="185" lat="36.84348974435" lon="128.09264233329">
    <tag k="local_x" v="6.9306" />
    <tag k="local_y" v="-9.3132" />
    <tag k="ele" v="3.2728" />
  </node>
  <node id="186" lat="36.84351610595" lon="128.09262390425">
    <tag k="local_x" v="5.2875" />
    <tag k="local_y" v="-6.3889" />
    <tag k="ele" v="3.2163" />
  </node>
  <node id="187" lat="36.84392048124" lon="128.09235934720">
    <tag k="local_x" v="-18.2998" />
    <tag k="local_y" v="38.4686" />
    <tag k="ele" v="-0.5881" />
  </node>
  <node id="188" lat="36.84393331451" lon="128.09235299772">
    <tag k="local_x" v="-18.8659" />
    <tag k="local_y" v="39.8922" />
    <tag k="ele" v="-0.7555" />
  </node>
  <node id="189" lat="36.84391523738" lon="128.09234506015">
    <tag k="local_x" v="-19.5736" />
    <tag k="local_y" v="37.8869" />
    <tag k="ele" v="-0.4485" />
  </node>
  <node id="190" lat="36.84392907037" lon="128.09233825419">
    <tag k="local_x" v="-20.1804" />
    <tag k="local_y" v="39.4214" />
    <tag k="ele" v="-0.6448" />
  </node>
  <node id="237" lat="36.84392399346" lon="128.09269676319">
    <tag k="local_x" v="11.7834" />
    <tag k="local_y" v="38.8582" />
    <tag k="ele" v="-1.1715" />
  </node>
  <node id="238" lat="36.84391729826" lon="128.09269585019">
    <tag k="local_x" v="11.7020" />
    <tag k="local_y" v="38.1155" />
    <tag k="ele" v="-1.1715" />
  </node>
  <node id="239" lat="36.84391062471" lon="128.09269497757">
    <tag k="local_x" v="11.6242" />
    <tag k="local_y" v="37.3752" />
    <tag k="ele" v="-1.1716" />
  </node>
  <node id="240" lat="36.84392412598" lon="128.09268150033">
    <tag k="local_x" v="10.4226" />
    <tag k="local_y" v="38.8729" />
    <tag k="ele" v="-1.1751" />
  </node>
  <node id="241" lat="36.84391786710" lon="128.09268083857">
    <tag k="local_x" v="10.3636" />
    <tag k="local_y" v="38.1786" />
    <tag k="ele" v="-1.1744" />
  </node>
  <node id="242" lat="36.84391155413" lon="128.09268024747">
    <tag k="local_x" v="10.3109" />
    <tag k="local_y" v="37.4783" />
    <tag k="ele" v="-1.1527" />
  </node>
  <node id="342" lat="36.84389965206" lon="128.09269347011">
    <tag k="local_x" v="11.4898" />
    <tag k="local_y" v="36.1580" />
    <tag k="ele" v="-1.1892" />
  </node>
  <node id="343" lat="36.84389528806" lon="128.09269294294">
    <tag k="local_x" v="11.4428" />
    <tag k="local_y" v="35.6739" />
    <tag k="ele" v="-1.1954" />
  </node>
  <node id="344" lat="36.84389096552" lon="128.09269247522">
    <tag k="local_x" v="11.4011" />
    <tag k="local_y" v="35.1944" />
    <tag k="ele" v="-1.2049" />
  </node>
  <node id="345" lat="36.84388662857" lon="128.09269202770">
    <tag k="local_x" v="11.3612" />
    <tag k="local_y" v="34.7133" />
    <tag k="ele" v="-1.2395" />
  </node>
  <node id="346" lat="36.84388227449" lon="128.09269163849">
    <tag k="local_x" v="11.3265" />
    <tag k="local_y" v="34.2303" />
    <tag k="ele" v="-1.2395" />
  </node>
  <node id="347" lat="36.84390079963" lon="128.09267917408">
    <tag k="local_x" v="10.2152" />
    <tag k="local_y" v="36.2853" />
    <tag k="ele" v="-1.0762" />
  </node>
  <node id="348" lat="36.84389637884" lon="128.09267880394">
    <tag k="local_x" v="10.1822" />
    <tag k="local_y" v="35.7949" />
    <tag k="ele" v="-1.0749" />
  </node>
  <node id="349" lat="36.84389190576" lon="128.09267849885">
    <tag k="local_x" v="10.1550" />
    <tag k="local_y" v="35.2987" />
    <tag k="ele" v="-1.0385" />
  </node>
  <node id="350" lat="36.84388745252" lon="128.09267821396">
    <tag k="local_x" v="10.1296" />
    <tag k="local_y" v="34.8047" />
    <tag k="ele" v="-0.9567" />
  </node>
  <node id="351" lat="36.84388303353" lon="128.09267800197">
    <tag k="local_x" v="10.1107" />
    <tag k="local_y" v="34.3145" />
    <tag k="ele" v="-0.9629" />
  </node>
  <node id="425" lat="36.84344797542" lon="128.09287105603">
    <tag k="local_x" v="27.3231" />
    <tag k="local_y" v="-13.9466" />
    <tag k="ele" v="1.776" />
  </node>
  <node id="426" lat="36.84345626348" lon="128.09288047080">
    <tag k="local_x" v="28.1625" />
    <tag k="local_y" v="-13.0272" />
    <tag k="ele" v="1.7663" />
  </node>
  <node id="434" lat="36.84343326163" lon="128.09288869541">
    <tag k="local_x" v="28.8958" />
    <tag k="local_y" v="-15.5788" />
    <tag k="ele" v="1.9036" />
  </node>
  <node id="435" lat="36.84342282892" lon="128.09290069091">
    <tag k="local_x" v="29.9653" />
    <tag k="local_y" v="-16.7361" />
    <tag k="ele" v="2.0022" />
  </node>
  <node id="437" lat="36.84343998474" lon="128.09290007186">
    <tag k="local_x" v="29.9101" />
    <tag k="local_y" v="-14.8330" />
    <tag k="ele" v="1.7973" />
  </node>
  <node id="438" lat="36.84342968995" lon="128.09291223782">
    <tag k="local_x" v="30.9948" />
    <tag k="local_y" v="-15.9750" />
    <tag k="ele" v="1.9796" />
  </node>
  <node id="565" lat="36.84345215908" lon="128.09288593748">
    <tag k="local_x" v="28.6499" />
    <tag k="local_y" v="-13.4825" />
    <tag k="ele" v="1.7441" />
  </node>
  <node id="566" lat="36.84344926717" lon="128.09288950640">
    <tag k="local_x" v="28.9681" />
    <tag k="local_y" v="-13.8033" />
    <tag k="ele" v="1.7528" />
  </node>
  <node id="567" lat="36.84344616521" lon="128.09289303046">
    <tag k="local_x" v="29.2823" />
    <tag k="local_y" v="-14.1474" />
    <tag k="ele" v="1.7831" />
  </node>
  <node id="568" lat="36.84344306416" lon="128.09289628085">
    <tag k="local_x" v="29.5721" />
    <tag k="local_y" v="-14.4914" />
    <tag k="ele" v="1.7786" />
  </node>
  <node id="569" lat="36.84344424334" lon="128.09287609762">
    <tag k="local_x" v="27.7726" />
    <tag k="local_y" v="-14.3606" />
    <tag k="ele" v="1.8101" />
  </node>
  <node id="570" lat="36.84344150737" lon="128.09287945120">
    <tag k="local_x" v="28.0716" />
    <tag k="local_y" v="-14.6641" />
    <tag k="ele" v="1.8283" />
  </node>
  <node id="571" lat="36.84343877772" lon="128.09288255018">
    <tag k="local_x" v="28.3479" />
    <tag k="local_y" v="-14.9669" />
    <tag k="ele" v="1.8552" />
  </node>
  <node id="572" lat="36.84343585426" lon="128.09288561214">
    <tag k="local_x" v="28.6209" />
    <tag k="local_y" v="-15.2912" />
    <tag k="ele" v="1.8731" />
  </node>
  <node id="606" lat="36.84342805294" lon="128.09289468699">
    <tag k="local_x" v="29.4300" />
    <tag k="local_y" v="-16.1566" />
    <tag k="ele" v="1.9582" />
  </node>
  <node id="607" lat="36.84343484546" lon="128.09290616213">
    <tag k="local_x" v="30.4531" />
    <tag k="local_y" v="-15.4031" />
    <tag k="ele" v="1.8954" />
  </node>
  <node id="653" lat="36.84338086954" lon="128.09277484815">
    <tag k="local_x" v="18.7454" />
    <tag k="local_y" v="-21.3907" />
    <tag k="ele" v="3.7687" />
  </node>
  <node id="654" lat="36.84338249128" lon="128.09277008135">
    <tag k="local_x" v="18.3204" />
    <tag k="local_y" v="-21.2108" />
    <tag k="ele" v="3.7447" />
  </node>
  <node id="656" lat="36.84336915589" lon="128.09276900234">
    <tag k="local_x" v="18.2242" />
    <tag k="local_y" v="-22.6901" />
    <tag k="ele" v="3.7477" />
  </node>
  <node id="657" lat="36.84337103906" lon="128.09276345042">
    <tag k="local_x" v="17.7292" />
    <tag k="local_y" v="-22.4812" />
    <tag k="ele" v="3.7078" />
  </node>
  <node id="680" lat="36.84338976439" lon="128.09272582522">
    <tag k="local_x" v="14.3746" />
    <tag k="local_y" v="-20.4040" />
    <tag k="ele" v="3.623" />
  </node>
  <node id="681" lat="36.84339421944" lon="128.09272161249">
    <tag k="local_x" v="13.9990" />
    <tag k="local_y" v="-19.9098" />
    <tag k="ele" v="3.6688" />
  </node>
  <node id="683" lat="36.84338218667" lon="128.09271325654">
    <tag k="local_x" v="13.2540" />
    <tag k="local_y" v="-21.2446" />
    <tag k="ele" v="3.5654" />
  </node>
  <node id="684" lat="36.84338718892" lon="128.09270853796">
    <tag k="local_x" v="12.8333" />
    <tag k="local_y" v="-20.6897" />
    <tag k="ele" v="3.5566" />
  </node>
  <node id="687" lat="36.84339867180" lon="128.09271740537">
    <tag k="local_x" v="13.6239" />
    <tag k="local_y" v="-19.4159" />
    <tag k="ele" v="3.6576" />
  </node>
  <node id="688" lat="36.84339220018" lon="128.09270386201">
    <tag k="local_x" v="12.4164" />
    <tag k="local_y" v="-20.1338" />
    <tag k="ele" v="3.5543" />
  </node>
  <node id="689" lat="36.84338393995" lon="128.09276521360">
    <tag k="local_x" v="17.8864" />
    <tag k="local_y" v="-21.0501" />
    <tag k="ele" v="3.7319" />
  </node>
  <node id="691" lat="36.84337258869" lon="128.09275775380">
    <tag k="local_x" v="17.2213" />
    <tag k="local_y" v="-22.3093" />
    <tag k="ele" v="3.6888" />
  </node>
  <node id="694" lat="36.84338506769" lon="128.09276022473">
    <tag k="local_x" v="17.4416" />
    <tag k="local_y" v="-20.9250" />
    <tag k="ele" v="3.7004" />
  </node>
  <node id="695" lat="36.84337362088" lon="128.09275185418">
    <tag k="local_x" v="16.6953" />
    <tag k="local_y" v="-22.1948" />
    <tag k="ele" v="3.6365" />
  </node>
  <node id="696" lat="36.84337380389" lon="128.09274585810">
    <tag k="local_x" v="16.1607" />
    <tag k="local_y" v="-22.1745" />
    <tag k="ele" v="3.6248" />
  </node>
  <node id="697" lat="36.84337333604" lon="128.09273987660">
    <tag k="local_x" v="15.6274" />
    <tag k="local_y" v="-22.2264" />
    <tag k="ele" v="3.6547" />
  </node>
  <node id="698" lat="36.84337343791" lon="128.09273387379">
    <tag k="local_x" v="15.0922" />
    <tag k="local_y" v="-22.2151" />
    <tag k="ele" v="3.6366" />
  </node>
  <node id="699" lat="36.84338591237" lon="128.09275513826">
    <tag k="local_x" v="16.9881" />
    <tag k="local_y" v="-20.8313" />
    <tag k="ele" v="3.6704" />
  </node>
  <node id="700" lat="36.84338630182" lon="128.09274997328">
    <tag k="local_x" v="16.5276" />
    <tag k="local_y" v="-20.7881" />
    <tag k="ele" v="3.6499" />
  </node>
  <node id="701" lat="36.84338623421" lon="128.09274480495">
    <tag k="local_x" v="16.0668" />
    <tag k="local_y" v="-20.7956" />
    <tag k="ele" v="3.6394" />
  </node>
  <node id="733" lat="36.84397761809" lon="128.09241718063">
    <tag k="local_x" v="-13.1435" />
    <tag k="local_y" v="44.8068" />
    <tag k="ele" v="-1.2056" />
  </node>
  <node id="734" lat="36.84397862143" lon="128.09242538184">
    <tag k="local_x" v="-12.4123" />
    <tag k="local_y" v="44.9181" />
    <tag k="ele" v="-1.1752" />
  </node>
  <node id="735" lat="36.84397961666" lon="128.09243358642">
    <tag k="local_x" v="-11.6808" />
    <tag k="local_y" v="45.0285" />
    <tag k="ele" v="-1.1814" />
  </node>
  <node id="736" lat="36.84398060828" lon="128.09244178203">
    <tag k="local_x" v="-10.9501" />
    <tag k="local_y" v="45.1385" />
    <tag k="ele" v="-1.1742" />
  </node>
  <node id="737" lat="36.84398158818" lon="128.09244996417">
    <tag k="local_x" v="-10.2206" />
    <tag k="local_y" v="45.2472" />
    <tag k="ele" v="-1.1498" />
  </node>
  <node id="738" lat="36.84398249146" lon="128.09245818109">
    <tag k="local_x" v="-9.4880" />
    <tag k="local_y" v="45.3474" />
    <tag k="ele" v="-1.1548" />
  </node>
  <node id="739" lat="36.84398331000" lon="128.09246640249">
    <tag k="local_x" v="-8.7550" />
    <tag k="local_y" v="45.4382" />
    <tag k="ele" v="-1.1544" />
  </node>
  <node id="740" lat="36.84398405281" lon="128.09247462501">
    <tag k="local_x" v="-8.0219" />
    <tag k="local_y" v="45.5206" />
    <tag k="ele" v="-1.1182" />
  </node>
  <node id="741" lat="36.84396423221" lon="128.09241947435">
    <tag k="local_x" v="-12.9390" />
    <tag k="local_y" v="43.3219" />
    <tag k="ele" v="-1.0918" />
  </node>
  <node id="742" lat="36.84396522023" lon="128.09242760938">
    <tag k="local_x" v="-12.2137" />
    <tag k="local_y" v="43.4315" />
    <tag k="ele" v="-1.0799" />
  </node>
  <node id="743" lat="36.84396622267" lon="128.09243574666">
    <tag k="local_x" v="-11.4882" />
    <tag k="local_y" v="43.5427" />
    <tag k="ele" v="-1.0673" />
  </node>
  <node id="744" lat="36.84396719626" lon="128.09244389965">
    <tag k="local_x" v="-10.7613" />
    <tag k="local_y" v="43.6507" />
    <tag k="ele" v="-1.0609" />
  </node>
  <node id="745" lat="36.84396818067" lon="128.09245202907">
    <tag k="local_x" v="-10.0365" />
    <tag k="local_y" v="43.7599" />
    <tag k="ele" v="-1.0689" />
  </node>
  <node id="746" lat="36.84396907132" lon="128.09246020225">
    <tag k="local_x" v="-9.3078" />
    <tag k="local_y" v="43.8587" />
    <tag k="ele" v="-1.0627" />
  </node>
  <node id="747" lat="36.84396988986" lon="128.09246837542">
    <tag k="local_x" v="-8.5791" />
    <tag k="local_y" v="43.9495" />
    <tag k="ele" v="-1.0672" />
  </node>
  <node id="748" lat="36.84397063899" lon="128.09247654859">
    <tag k="local_x" v="-7.8504" />
    <tag k="local_y" v="44.0326" />
    <tag k="ele" v="-1.0468" />
  </node>
  <node id="755" lat="36.84398046304" lon="128.09236598135">
    <tag k="local_x" v="-17.7083" />
    <tag k="local_y" v="45.1224" />
    <tag k="ele" v="-1.2093" />
  </node>
  <node id="756" lat="36.84398068392" lon="128.09237321462">
    <tag k="local_x" v="-17.0634" />
    <tag k="local_y" v="45.1469" />
    <tag k="ele" v="-1.2546" />
  </node>
  <node id="757" lat="36.84396752790" lon="128.09237008761">
    <tag k="local_x" v="-17.3422" />
    <tag k="local_y" v="43.6875" />
    <tag k="ele" v="-1.2038" />
  </node>
  <node id="761" lat="36.84397976352" lon="128.09238035143">
    <tag k="local_x" v="-16.4271" />
    <tag k="local_y" v="45.0448" />
    <tag k="ele" v="-1.2546" />
  </node>
  <node id="762" lat="36.84397853484" lon="128.09238741534">
    <tag k="local_x" v="-15.7973" />
    <tag k="local_y" v="44.9085" />
    <tag k="ele" v="-1.2377" />
  </node>
  <node id="764" lat="36.84396700055" lon="128.09237700233">
    <tag k="local_x" v="-16.7257" />
    <tag k="local_y" v="43.6290" />
    <tag k="ele" v="-1.1715" />
  </node>
  <node id="765" lat="36.84396597740" lon="128.09238381500">
    <tag k="local_x" v="-16.1183" />
    <tag k="local_y" v="43.5155" />
    <tag k="ele" v="-1.1662" />
  </node>
  <node id="766" lat="36.84395236065" lon="128.09233009777">
    <tag k="local_x" v="-20.9076" />
    <tag k="local_y" v="42.0050" />
    <tag k="ele" v="-0.8251" />
  </node>
  <node id="767" lat="36.84395757924" lon="128.09233025366">
    <tag k="local_x" v="-20.8937" />
    <tag k="local_y" v="42.5839" />
    <tag k="ele" v="-0.834" />
  </node>
  <node id="768" lat="36.84396335224" lon="128.09233203700">
    <tag k="local_x" v="-20.7347" />
    <tag k="local_y" v="43.2243" />
    <tag k="ele" v="-0.8704" />
  </node>
  <node id="769" lat="36.84396868983" lon="128.09233542425">
    <tag k="local_x" v="-20.4327" />
    <tag k="local_y" v="43.8164" />
    <tag k="ele" v="-0.9281" />
  </node>
  <node id="770" lat="36.84397324765" lon="128.09234023033">
    <tag k="local_x" v="-20.0042" />
    <tag k="local_y" v="44.3220" />
    <tag k="ele" v="-0.9599" />
  </node>
  <node id="771" lat="36.84397684542" lon="128.09234621299">
    <tag k="local_x" v="-19.4708" />
    <tag k="local_y" v="44.7211" />
    <tag k="ele" v="-1.007" />
  </node>
  <node id="772" lat="36.84397901436" lon="128.09235219790">
    <tag k="local_x" v="-18.9372" />
    <tag k="local_y" v="44.9617" />
    <tag k="ele" v="-1.0477" />
  </node>
  <node id="773" lat="36.84395199198" lon="128.09234578348">
    <tag k="local_x" v="-19.5091" />
    <tag k="local_y" v="41.9641" />
    <tag k="ele" v="-0.8897" />
  </node>
  <node id="774" lat="36.84395575831" lon="128.09234596068">
    <tag k="local_x" v="-19.4933" />
    <tag k="local_y" v="42.3819" />
    <tag k="ele" v="-0.8861" />
  </node>
  <node id="775" lat="36.84395866735" lon="128.09234701050">
    <tag k="local_x" v="-19.3997" />
    <tag k="local_y" v="42.7046" />
    <tag k="ele" v="-0.8806" />
  </node>
  <node id="776" lat="36.84396131135" lon="128.09234884994">
    <tag k="local_x" v="-19.2357" />
    <tag k="local_y" v="42.9979" />
    <tag k="ele" v="-0.8953" />
  </node>
  <node id="777" lat="36.84396353076" lon="128.09235134439">
    <tag k="local_x" v="-19.0133" />
    <tag k="local_y" v="43.2441" />
    <tag k="ele" v="-0.9701" />
  </node>
  <node id="778" lat="36.84396525979" lon="128.09235443554">
    <tag k="local_x" v="-18.7377" />
    <tag k="local_y" v="43.4359" />
    <tag k="ele" v="-1.0866" />
  </node>
  <node id="779" lat="36.84396660388" lon="128.09235876047">
    <tag k="local_x" v="-18.3521" />
    <tag k="local_y" v="43.5850" />
    <tag k="ele" v="-1.1031" />
  </node>
  <node id="783" lat="36.84396488573" lon="128.09239061980">
    <tag k="local_x" v="-15.5116" />
    <tag k="local_y" v="43.3944" />
    <tag k="ele" v="-1.1422" />
  </node>
  <node id="784" lat="36.84396408704" lon="128.09239748743">
    <tag k="local_x" v="-14.8993" />
    <tag k="local_y" v="43.3058" />
    <tag k="ele" v="-1.1152" />
  </node>
  <node id="785" lat="36.84396359666" lon="128.09240440440">
    <tag k="local_x" v="-14.2826" />
    <tag k="local_y" v="43.2514" />
    <tag k="ele" v="-1.1025" />
  </node>
  <node id="786" lat="36.84397744678" lon="128.09239455999">
    <tag k="local_x" v="-15.1603" />
    <tag k="local_y" v="44.7878" />
    <tag k="ele" v="-1.2392" />
  </node>
  <node id="787" lat="36.84397697172" lon="128.09240176298">
    <tag k="local_x" v="-14.5181" />
    <tag k="local_y" v="44.7351" />
    <tag k="ele" v="-1.2201" />
  </node>
  <node id="788" lat="36.84397129436" lon="128.09248474756">
    <tag k="local_x" v="-7.1194" />
    <tag k="local_y" v="44.1053" />
    <tag k="ele" v="-1.0461" />
  </node>
  <node id="789" lat="36.84398471630" lon="128.09248288455">
    <tag k="local_x" v="-7.2855" />
    <tag k="local_y" v="45.5942" />
    <tag k="ele" v="-1.1057" />
  </node>
  <node id="790" lat="36.84397304502" lon="128.09250570484">
    <tag k="local_x" v="-5.2509" />
    <tag k="local_y" v="44.2995" />
    <tag k="ele" v="-1.07" />
  </node>
  <node id="791" lat="36.84398648319" lon="128.09250397979">
    <tag k="local_x" v="-5.4047" />
    <tag k="local_y" v="45.7902" />
    <tag k="ele" v="-1.1525" />
  </node>
  <node id="792" lat="36.84397555112" lon="128.09256119875">
    <tag k="local_x" v="-0.3032" />
    <tag k="local_y" v="44.5775" />
    <tag k="ele" v="-1.1399" />
  </node>
  <node id="793" lat="36.84397571698" lon="128.09257737461">
    <tag k="local_x" v="1.1390" />
    <tag k="local_y" v="44.5959" />
    <tag k="ele" v="-1.1309" />
  </node>
  <node id="794" lat="36.84397587744" lon="128.09259355495">
    <tag k="local_x" v="2.5816" />
    <tag k="local_y" v="44.6137" />
    <tag k="ele" v="-1.1407" />
  </node>
  <node id="795" lat="36.84398878375" lon="128.09255974514">
    <tag k="local_x" v="-0.4328" />
    <tag k="local_y" v="46.0454" />
    <tag k="ele" v="-1.1632" />
  </node>
  <node id="796" lat="36.84398871703" lon="128.09257583127">
    <tag k="local_x" v="1.0014" />
    <tag k="local_y" v="46.0380" />
    <tag k="ele" v="-1.1424" />
  </node>
  <node id="797" lat="36.84398864582" lon="128.09259190507">
    <tag k="local_x" v="2.4345" />
    <tag k="local_y" v="46.0301" />
    <tag k="ele" v="-1.0729" />
  </node>
  <node id="798" lat="36.84398754151" lon="128.09251716545">
    <tag k="local_x" v="-4.2291" />
    <tag k="local_y" v="45.9076" />
    <tag k="ele" v="-1.1608" />
  </node>
  <node id="799" lat="36.84398825458" lon="128.09253038362">
    <tag k="local_x" v="-3.0506" />
    <tag k="local_y" v="45.9867" />
    <tag k="ele" v="-1.1765" />
  </node>
  <node id="800" lat="36.84397409523" lon="128.09251878955">
    <tag k="local_x" v="-4.0843" />
    <tag k="local_y" v="44.4160" />
    <tag k="ele" v="-1.0869" />
  </node>
  <node id="801" lat="36.84397479298" lon="128.09253192584">
    <tag k="local_x" v="-2.9131" />
    <tag k="local_y" v="44.4934" />
    <tag k="ele" v="-1.1317" />
  </node>
  <node id="807" lat="36.84367510937" lon="128.09251734509">
    <tag k="local_x" v="-4.2131" />
    <tag k="local_y" v="11.2494" />
    <tag k="ele" v="2.4068" />
  </node>
  <node id="808" lat="36.84368819236" lon="128.09251030701">
    <tag k="local_x" v="-4.8406" />
    <tag k="local_y" v="12.7007" />
    <tag k="ele" v="2.2359" />
  </node>
  <node id="809" lat="36.84370125912" lon="128.09250322742">
    <tag k="local_x" v="-5.4718" />
    <tag k="local_y" v="14.1502" />
    <tag k="ele" v="2.0543" />
  </node>
  <node id="810" lat="36.84366927237" lon="128.09250338223">
    <tag k="local_x" v="-5.4580" />
    <tag k="local_y" v="10.6019" />
    <tag k="ele" v="2.3768" />
  </node>
  <node id="811" lat="36.84368258793" lon="128.09249620618">
    <tag k="local_x" v="-6.0978" />
    <tag k="local_y" v="12.0790" />
    <tag k="ele" v="2.1971" />
  </node>
  <node id="812" lat="36.84369588636" lon="128.09248899537">
    <tag k="local_x" v="-6.7407" />
    <tag k="local_y" v="13.5542" />
    <tag k="ele" v="2.0216" />
  </node>
  <node id="816" lat="36.84340321339" lon="128.09271337995">
    <tag k="local_x" v="13.2650" />
    <tag k="local_y" v="-18.9121" />
    <tag k="ele" v="3.7007" />
  </node>
  <node id="818" lat="36.84339734846" lon="128.09269939244">
    <tag k="local_x" v="12.0179" />
    <tag k="local_y" v="-19.5627" />
    <tag k="ele" v="3.5116" />
  </node>
  <node id="821" lat="36.84340786046" lon="128.09270953960">
    <tag k="local_x" v="12.9226" />
    <tag k="local_y" v="-18.3966" />
    <tag k="ele" v="3.6381" />
  </node>
  <node id="822" lat="36.84340258238" lon="128.09269511690">
    <tag k="local_x" v="11.6367" />
    <tag k="local_y" v="-18.9821" />
    <tag k="ele" v="3.4245" />
  </node>
  <node id="841" lat="36.84338598362" lon="128.09273962539">
    <tag k="local_x" v="15.6050" />
    <tag k="local_y" v="-20.8234" />
    <tag k="ele" v="3.6222" />
  </node>
  <node id="842" lat="36.84338582857" lon="128.09273444584">
    <tag k="local_x" v="15.1432" />
    <tag k="local_y" v="-20.8406" />
    <tag k="ele" v="3.6195" />
  </node>
  <node id="843" lat="36.84338711948" lon="128.09272955341">
    <tag k="local_x" v="14.7070" />
    <tag k="local_y" v="-20.6974" />
    <tag k="ele" v="3.5983" />
  </node>
  <node id="844" lat="36.84337411582" lon="128.09272789117">
    <tag k="local_x" v="14.5588" />
    <tag k="local_y" v="-22.1399" />
    <tag k="ele" v="3.5586" />
  </node>
  <node id="845" lat="36.84337592237" lon="128.09272231121">
    <tag k="local_x" v="14.0613" />
    <tag k="local_y" v="-21.9395" />
    <tag k="ele" v="3.5729" />
  </node>
  <node id="846" lat="36.84337872594" lon="128.09271742215">
    <tag k="local_x" v="13.6254" />
    <tag k="local_y" v="-21.6285" />
    <tag k="ele" v="3.5666" />
  </node>
  <node id="863" lat="36.84341258234" lon="128.09270578672">
    <tag k="local_x" v="12.5880" />
    <tag k="local_y" v="-17.8728" />
    <tag k="ele" v="3.6076" />
  </node>
  <node id="865" lat="36.84340787670" lon="128.09269089745">
    <tag k="local_x" v="11.2605" />
    <tag k="local_y" v="-18.3948" />
    <tag k="ele" v="3.3875" />
  </node>
  <node id="868" lat="36.84341732045" lon="128.09270212021">
    <tag k="local_x" v="12.2611" />
    <tag k="local_y" v="-17.3472" />
    <tag k="ele" v="3.592" />
  </node>
  <node id="869" lat="36.84341332607" lon="128.09268704475">
    <tag k="local_x" v="10.9170" />
    <tag k="local_y" v="-17.7903" />
    <tag k="ele" v="3.3486" />
  </node>
  <node id="875" lat="36.84341664167" lon="128.09268548461">
    <tag k="local_x" v="10.7779" />
    <tag k="local_y" v="-17.4225" />
    <tag k="ele" v="3.3247" />
  </node>
  <node id="876" lat="36.84342003840" lon="128.09268408486">
    <tag k="local_x" v="10.6531" />
    <tag k="local_y" v="-17.0457" />
    <tag k="ele" v="3.3092" />
  </node>
  <node id="877" lat="36.84342095698" lon="128.09270008788">
    <tag k="local_x" v="12.0799" />
    <tag k="local_y" v="-16.9438" />
    <tag k="ele" v="3.5629" />
  </node>
  <node id="878" lat="36.84342476478" lon="128.09269858045">
    <tag k="local_x" v="11.9455" />
    <tag k="local_y" v="-16.5214" />
    <tag k="ele" v="3.5227" />
  </node>
  <node id="879" lat="36.84342869246" lon="128.09269781889">
    <tag k="local_x" v="11.8776" />
    <tag k="local_y" v="-16.0857" />
    <tag k="ele" v="3.4826" />
  </node>
  <node id="882" lat="36.84342349913" lon="128.09268297784">
    <tag k="local_x" v="10.5544" />
    <tag k="local_y" v="-16.6618" />
    <tag k="ele" v="3.2853" />
  </node>
  <node id="883" lat="36.84343266252" lon="128.09269783011">
    <tag k="local_x" v="11.8786" />
    <tag k="local_y" v="-15.6453" />
    <tag k="ele" v="3.4342" />
  </node>
  <node id="894" lat="36.84342703198" lon="128.09268242153">
    <tag k="local_x" v="10.5048" />
    <tag k="local_y" v="-16.2699" />
    <tag k="ele" v="3.2695" />
  </node>
  <node id="895" lat="36.84343059277" lon="128.09268241256">
    <tag k="local_x" v="10.5040" />
    <tag k="local_y" v="-15.8749" />
    <tag k="ele" v="3.2976" />
  </node>
  <node id="896" lat="36.84343409227" lon="128.09268149285">
    <tag k="local_x" v="10.4220" />
    <tag k="local_y" v="-15.4867" />
    <tag k="ele" v="3.2726" />
  </node>
  <node id="897" lat="36.84343661906" lon="128.09269703491">
    <tag k="local_x" v="11.8077" />
    <tag k="local_y" v="-15.2064" />
    <tag k="ele" v="3.3839" />
  </node>
  <node id="898" lat="36.84344048004" lon="128.09269587292">
    <tag k="local_x" v="11.7041" />
    <tag k="local_y" v="-14.7781" />
    <tag k="ele" v="3.376" />
  </node>
  <node id="899" lat="36.84352660623" lon="128.09263408281">
    <tag k="local_x" v="6.1950" />
    <tag k="local_y" v="-5.2241" />
    <tag k="ele" v="3.1867" />
  </node>
  <node id="901" lat="36.84352039333" lon="128.09262041607">
    <tag k="local_x" v="4.9765" />
    <tag k="local_y" v="-5.9133" />
    <tag k="ele" v="3.1988" />
  </node>
  <node id="904" lat="36.84353083952" lon="128.09263034563">
    <tag k="local_x" v="5.8618" />
    <tag k="local_y" v="-4.7545" />
    <tag k="ele" v="3.2586" />
  </node>
  <node id="905" lat="36.84352455089" lon="128.09261655327">
    <tag k="local_x" v="4.6321" />
    <tag k="local_y" v="-5.4521" />
    <tag k="ele" v="3.2871" />
  </node>
  <node id="906" lat="36.84353479245" lon="128.09262610148">
    <tag k="local_x" v="5.4834" />
    <tag k="local_y" v="-4.3160" />
    <tag k="ele" v="3.2157" />
  </node>
  <node id="907" lat="36.84352791878" lon="128.09261167990">
    <tag k="local_x" v="4.1976" />
    <tag k="local_y" v="-5.0785" />
    <tag k="ele" v="3.2499" />
  </node>
  <node id="908" lat="36.84353786286" lon="128.09262082434">
    <tag k="local_x" v="5.0129" />
    <tag k="local_y" v="-3.9754" />
    <tag k="ele" v="3.2191" />
  </node>
  <node id="909" lat="36.84352935842" lon="128.09260540005">
    <tag k="local_x" v="3.6377" />
    <tag k="local_y" v="-4.9188" />
    <tag k="ele" v="3.2365" />
  </node>
  <node id="910" lat="36.84354010210" lon="128.09261489891">
    <tag k="local_x" v="4.4846" />
    <tag k="local_y" v="-3.7270" />
    <tag k="ele" v="3.2232" />
  </node>
  <node id="911" lat="36.84353035275" lon="128.09259902933">
    <tag k="local_x" v="3.0697" />
    <tag k="local_y" v="-4.8085" />
    <tag k="ele" v="3.194" />
  </node>
  <node id="912" lat="36.84354152912" lon="128.09260864485">
    <tag k="local_x" v="3.9270" />
    <tag k="local_y" v="-3.5687" />
    <tag k="ele" v="3.208" />
  </node>
  <node id="913" lat="36.84353219625" lon="128.09259291323">
    <tag k="local_x" v="2.5244" />
    <tag k="local_y" v="-4.6040" />
    <tag k="ele" v="3.1887" />
  </node>
  <node id="917" lat="36.84356934209" lon="128.09257808003">
    <tag k="local_x" v="1.2019" />
    <tag k="local_y" v="-0.4834" />
    <tag k="ele" v="3.0655" />
  </node>
  <node id="919" lat="36.84356307059" lon="128.09256448619">
    <tag k="local_x" v="-0.0101" />
    <tag k="local_y" v="-1.1791" />
    <tag k="ele" v="3.0334" />
  </node>
  <node id="922" lat="36.84357252517" lon="128.09257583233">
    <tag k="local_x" v="1.0015" />
    <tag k="local_y" v="-0.1303" />
    <tag k="ele" v="3.0496" />
  </node>
  <node id="923" lat="36.84356620950" lon="128.09256225868">
    <tag k="local_x" v="-0.2087" />
    <tag k="local_y" v="-0.8309" />
    <tag k="ele" v="3.0126" />
  </node>
  <node id="924" lat="36.84357566498" lon="128.09257361492">
    <tag k="local_x" v="0.8038" />
    <tag k="local_y" v="0.2180" />
    <tag k="ele" v="3.0256" />
  </node>
  <node id="925" lat="36.84356935110" lon="128.09256006034">
    <tag k="local_x" v="-0.4047" />
    <tag k="local_y" v="-0.4824" />
    <tag k="ele" v="2.9982" />
  </node>
  <node id="927" lat="36.84357267571" lon="128.09255830951">
    <tag k="local_x" v="-0.5608" />
    <tag k="local_y" v="-0.1136" />
    <tag k="ele" v="2.9817" />
  </node>
  <node id="928" lat="36.84357930781" lon="128.09257344332">
    <tag k="local_x" v="0.7885" />
    <tag k="local_y" v="0.6221" />
    <tag k="ele" v="3.2338" />
  </node>
  <node id="929" lat="36.84357618422" lon="128.09255728436">
    <tag k="local_x" v="-0.6522" />
    <tag k="local_y" v="0.2756" />
    <tag k="ele" v="2.9561" />
  </node>
  <node id="930" lat="36.84358293351" lon="128.09257392224">
    <tag k="local_x" v="0.8312" />
    <tag k="local_y" v="1.0243" />
    <tag k="ele" v="2.9869" />
  </node>
  <node id="931" lat="36.84357978919" lon="128.09255709369">
    <tag k="local_x" v="-0.6692" />
    <tag k="local_y" v="0.6755" />
    <tag k="ele" v="2.9277" />
  </node>
  <node id="937" lat="36.84354271997" lon="128.09260230218">
    <tag k="local_x" v="3.3615" />
    <tag k="local_y" v="-3.4366" />
    <tag k="ele" v="3.208" />
  </node>
  <node id="938" lat="36.84354521883" lon="128.09259668407">
    <tag k="local_x" v="2.8606" />
    <tag k="local_y" v="-3.1594" />
    <tag k="ele" v="3.1781" />
  </node>
  <node id="939" lat="36.84353520173" lon="128.09258757889">
    <tag k="local_x" v="2.0488" />
    <tag k="local_y" v="-4.2706" />
    <tag k="ele" v="3.1608" />
  </node>
  <node id="940" lat="36.84353884907" lon="128.09258290180">
    <tag k="local_x" v="1.6318" />
    <tag k="local_y" v="-3.8660" />
    <tag k="ele" v="3.1465" />
  </node>
  <node id="943" lat="36.84358329769" lon="128.09255805154">
    <tag k="local_x" v="-0.5838" />
    <tag k="local_y" v="1.0647" />
    <tag k="ele" v="2.9124" />
  </node>
  <node id="944" lat="36.84358682604" lon="128.09255895331">
    <tag k="local_x" v="-0.5034" />
    <tag k="local_y" v="1.4561" />
    <tag k="ele" v="2.9174" />
  </node>
  <node id="945" lat="36.84359031922" lon="128.09255797527">
    <tag k="local_x" v="-0.5906" />
    <tag k="local_y" v="1.8436" />
    <tag k="ele" v="3.1498" />
  </node>
  <node id="946" lat="36.84358652765" lon="128.09257454473">
    <tag k="local_x" v="0.8867" />
    <tag k="local_y" v="1.4230" />
    <tag k="ele" v="2.9766" />
  </node>
  <node id="947" lat="36.84359016237" lon="128.09257422171">
    <tag k="local_x" v="0.8579" />
    <tag k="local_y" v="1.8262" />
    <tag k="ele" v="3.1984" />
  </node>
  <node id="948" lat="36.84359363842" lon="128.09257282756">
    <tag k="local_x" v="0.7336" />
    <tag k="local_y" v="2.2118" />
    <tag k="ele" v="3.189" />
  </node>
  <node id="956" lat="36.84359619858" lon="128.09255280916">
    <tag k="local_x" v="-1.0512" />
    <tag k="local_y" v="2.4958" />
    <tag k="ele" v="3.1213" />
  </node>
  <node id="957" lat="36.84359917342" lon="128.09255022723">
    <tag k="local_x" v="-1.2814" />
    <tag k="local_y" v="2.8258" />
    <tag k="ele" v="3.1048" />
  </node>
  <node id="958" lat="36.84360212032" lon="128.09254766772">
    <tag k="local_x" v="-1.5096" />
    <tag k="local_y" v="3.1527" />
    <tag k="ele" v="3.0762" />
  </node>
  <node id="959" lat="36.84360005506" lon="128.09256860808">
    <tag k="local_x" v="0.3574" />
    <tag k="local_y" v="2.9236" />
    <tag k="ele" v="3.1348" />
  </node>
  <node id="960" lat="36.84360308760" lon="128.09256604970">
    <tag k="local_x" v="0.1293" />
    <tag k="local_y" v="3.2600" />
    <tag k="ele" v="3.1286" />
  </node>
  <node id="961" lat="36.84360606695" lon="128.09256343525">
    <tag k="local_x" v="-0.1038" />
    <tag k="local_y" v="3.5905" />
    <tag k="ele" v="3.104" />
  </node>
  <node id="962" lat="36.84360904449" lon="128.09256082527">
    <tag k="local_x" v="-0.3365" />
    <tag k="local_y" v="3.9208" />
    <tag k="ele" v="3.0856" />
  </node>
  <node id="1126" lat="36.84395490562" lon="128.09240129082">
    <tag k="local_x" v="-14.5602" />
    <tag k="local_y" v="42.2873" />
    <tag k="ele" v="-1.0565" />
  </node>
  <node id="1127" lat="36.84395663106" lon="128.09242925480">
    <tag k="local_x" v="-12.0670" />
    <tag k="local_y" v="42.4787" />
    <tag k="ele" v="-1.0227" />
  </node>
  <node id="1129" lat="36.84395918764" lon="128.09245689912">
    <tag k="local_x" v="-9.6023" />
    <tag k="local_y" v="42.7623" />
    <tag k="ele" v="-1.0511" />
  </node>
  <node id="1130" lat="36.84396169554" lon="128.09248306852">
    <tag k="local_x" v="-7.2691" />
    <tag k="local_y" v="43.0405" />
    <tag k="ele" v="-1.0165" />
  </node>
  <node id="1131" lat="36.84396330377" lon="128.09249538155">
    <tag k="local_x" v="-6.1713" />
    <tag k="local_y" v="43.2189" />
    <tag k="ele" v="-1.0433" />
  </node>
  <node id="1132" lat="36.84396468933" lon="128.09251217093">
    <tag k="local_x" v="-4.6744" />
    <tag k="local_y" v="43.3726" />
    <tag k="ele" v="-1.0959" />
  </node>
  <node id="1133" lat="36.84396606137" lon="128.09252847017">
    <tag k="local_x" v="-3.2212" />
    <tag k="local_y" v="43.5248" />
    <tag k="ele" v="-1.1176" />
  </node>
  <node id="1134" lat="36.84396933820" lon="128.09255408774">
    <tag k="local_x" v="-0.9372" />
    <tag k="local_y" v="43.8883" />
    <tag k="ele" v="-1.1517" />
  </node>
  <node id="1135" lat="36.84397136741" lon="128.09257831339">
    <tag k="local_x" v="1.2227" />
    <tag k="local_y" v="44.1134" />
    <tag k="ele" v="-1.1384" />
  </node>
  <node id="1136" lat="36.84397254021" lon="128.09260006590">
    <tag k="local_x" v="3.1621" />
    <tag k="local_y" v="44.2435" />
    <tag k="ele" v="-1.0759" />
  </node>
  <node id="1137" lat="36.84397597658" lon="128.09264059305">
    <tag k="local_x" v="6.7754" />
    <tag k="local_y" v="44.6247" />
    <tag k="ele" v="-0.9427" />
  </node>
  <node id="1138" lat="36.84393974753" lon="128.09264254237">
    <tag k="local_x" v="6.9492" />
    <tag k="local_y" v="40.6058" />
    <tag k="ele" v="-1.2727" />
  </node>
  <node id="1139" lat="36.84393623092" lon="128.09262258893">
    <tag k="local_x" v="5.1702" />
    <tag k="local_y" v="40.2157" />
    <tag k="ele" v="-1.3751" />
  </node>
  <node id="1140" lat="36.84392970702" lon="128.09256229793">
    <tag k="local_x" v="-0.2052" />
    <tag k="local_y" v="39.4920" />
    <tag k="ele" v="-1.1845" />
  </node>
  <node id="1141" lat="36.84392779230" lon="128.09253484205">
    <tag k="local_x" v="-2.6531" />
    <tag k="local_y" v="39.2796" />
    <tag k="ele" v="-1.17" />
  </node>
  <node id="1142" lat="36.84392332282" lon="128.09249727599">
    <tag k="local_x" v="-6.0024" />
    <tag k="local_y" v="38.7838" />
    <tag k="ele" v="-1.0178" />
  </node>
  <node id="1143" lat="36.84391640040" lon="128.09243424940">
    <tag k="local_x" v="-11.6217" />
    <tag k="local_y" v="38.0159" />
    <tag k="ele" v="-0.7806" />
  </node>
  <node id="1144" lat="36.84391254660" lon="128.09240570332">
    <tag k="local_x" v="-14.1668" />
    <tag k="local_y" v="37.5884" />
    <tag k="ele" v="-0.814" />
  </node>
  <node id="1145" lat="36.84395487226" lon="128.09240129194">
    <tag k="local_x" v="-14.5601" />
    <tag k="local_y" v="42.2836" />
    <tag k="ele" v="-1.0565" />
  </node>
  <node id="1208" lat="36.84385736702" lon="128.09253748795">
    <tag k="local_x" v="-2.4172" />
    <tag k="local_y" v="31.4673" />
    <tag k="ele" v="0.3245" />
  </node>
  <node id="1212" lat="36.84386965312" lon="128.09258233883">
    <tag k="local_x" v="1.5816" />
    <tag k="local_y" v="32.8302" />
    <tag k="ele" v="0.0601" />
  </node>
  <node id="1213" lat="36.84379982729" lon="128.09261413302">
    <tag k="local_x" v="4.4163" />
    <tag k="local_y" v="25.0844" />
    <tag k="ele" v="0.4409" />
  </node>
  <node id="1217" lat="36.84378570403" lon="128.09257094665">
    <tag k="local_x" v="0.5659" />
    <tag k="local_y" v="23.5177" />
    <tag k="ele" v="0.5123" />
  </node>
  <node id="1218" lat="36.84385755543" lon="128.09253685087">
    <tag k="local_x" v="-2.4740" />
    <tag k="local_y" v="31.4882" />
    <tag k="ele" v="0.3434" />
  </node>
  <node id="1222" lat="36.84379361529" lon="128.09261209057">
    <tag k="local_x" v="4.2342" />
    <tag k="local_y" v="24.3953" />
    <tag k="ele" v="0.5367" />
  </node>
  <node id="1225" lat="36.84381078369" lon="128.09265971742">
    <tag k="local_x" v="8.4805" />
    <tag k="local_y" v="26.2998" />
    <tag k="ele" v="0.4021" />
  </node>
  <node id="1226" lat="36.84376860675" lon="128.09267953728">
    <tag k="local_x" v="10.2476" />
    <tag k="local_y" v="21.6211" />
    <tag k="ele" v="0.478" />
  </node>
  <node id="1230" lat="36.84375276712" lon="128.09263283354">
    <tag k="local_x" v="6.0836" />
    <tag k="local_y" v="19.8640" />
    <tag k="ele" v="0.5932" />
  </node>
  <node id="1231" lat="36.84379377935" lon="128.09261141649">
    <tag k="local_x" v="4.1741" />
    <tag k="local_y" v="24.4135" />
    <tag k="ele" v="0.5263" />
  </node>
  <node id="1234" lat="36.84374514161" lon="128.09263614228">
    <tag k="local_x" v="6.3786" />
    <tag k="local_y" v="19.0181" />
    <tag k="ele" v="0.7272" />
  </node>
  <node id="1237" lat="36.84376009510" lon="128.09268226726">
    <tag k="local_x" v="10.4910" />
    <tag k="local_y" v="20.6769" />
    <tag k="ele" v="0.1491" />
  </node>
  <node id="1238" lat="36.84371403193" lon="128.09270515133">
    <tag k="local_x" v="12.5313" />
    <tag k="local_y" v="15.5671" />
    <tag k="ele" v="1.0084" />
  </node>
  <node id="1242" lat="36.84369864845" lon="128.09265808646">
    <tag k="local_x" v="8.3351" />
    <tag k="local_y" v="13.8606" />
    <tag k="ele" v="1.0131" />
  </node>
  <node id="1243" lat="36.84374531559" lon="128.09263550297">
    <tag k="local_x" v="6.3216" />
    <tag k="local_y" v="19.0374" />
    <tag k="ele" v="0.7192" />
  </node>
  <node id="1246" lat="36.84369156652" lon="128.09266253698">
    <tag k="local_x" v="8.7319" />
    <tag k="local_y" v="13.0750" />
    <tag k="ele" v="0.9977" />
  </node>
  <node id="1247" lat="36.84370661466" lon="128.09270921489">
    <tag k="local_x" v="12.8936" />
    <tag k="local_y" v="14.7443" />
    <tag k="ele" v="0.9624" />
  </node>
  <node id="1248" lat="36.84366057401" lon="128.09273208771">
    <tag k="local_x" v="14.9329" />
    <tag k="local_y" v="9.6370" />
    <tag k="ele" v="1.1432" />
  </node>
  <node id="1251" lat="36.84364509679" lon="128.09268446879">
    <tag k="local_x" v="10.6873" />
    <tag k="local_y" v="7.9201" />
    <tag k="ele" v="1.1036" />
  </node>
  <node id="1252" lat="36.84369174230" lon="128.09266188870">
    <tag k="local_x" v="8.6741" />
    <tag k="local_y" v="13.0945" />
    <tag k="ele" v="0.9967" />
  </node>
  <node id="1255" lat="36.84363504002" lon="128.09269007344">
    <tag k="local_x" v="11.1870" />
    <tag k="local_y" v="6.8045" />
    <tag k="ele" v="1.0768" />
  </node>
  <node id="1256" lat="36.84364962569" lon="128.09273766319">
    <tag k="local_x" v="15.4300" />
    <tag k="local_y" v="8.4225" />
    <tag k="ele" v="1.1355" />
  </node>
  <node id="1257" lat="36.84360534020" lon="128.09276132894">
    <tag k="local_x" v="17.5400" />
    <tag k="local_y" v="3.5099" />
    <tag k="ele" v="1.1926" />
  </node>
  <node id="1260" lat="36.84358952674" lon="128.09271385587">
    <tag k="local_x" v="13.3074" />
    <tag k="local_y" v="1.7557" />
    <tag k="ele" v="1.0939" />
  </node>
  <node id="1261" lat="36.84363521851" lon="128.09268941730">
    <tag k="local_x" v="11.1285" />
    <tag k="local_y" v="6.8243" />
    <tag k="ele" v="1.077" />
  </node>
  <node id="1264" lat="36.84358539441" lon="128.09271685503">
    <tag k="local_x" v="13.5748" />
    <tag k="local_y" v="1.2973" />
    <tag k="ele" v="1.1047" />
  </node>
  <node id="1265" lat="36.84360134850" lon="128.09276369552">
    <tag k="local_x" v="17.7510" />
    <tag k="local_y" v="3.0671" />
    <tag k="ele" v="1.1844" />
  </node>
  <node id="1266" lat="36.84354904986" lon="128.09279010131">
    <tag k="local_x" v="20.1053" />
    <tag k="local_y" v="-2.7344" />
    <tag k="ele" v="1.4436" />
  </node>
  <node id="1269" lat="36.84353342661" lon="128.09274283014">
    <tag k="local_x" v="15.8907" />
    <tag k="local_y" v="-4.4675" />
    <tag k="ele" v="1.0483" />
  </node>
  <node id="1270" lat="36.84358558281" lon="128.09271618992">
    <tag k="local_x" v="13.5155" />
    <tag k="local_y" v="1.3182" />
    <tag k="ele" v="1.1105" />
  </node>
  <node id="1273" lat="36.84352405316" lon="128.09274869163">
    <tag k="local_x" v="16.4133" />
    <tag k="local_y" v="-5.5073" />
    <tag k="ele" v="1.1715" />
  </node>
  <node id="1274" lat="36.84353999642" lon="128.09279483109">
    <tag k="local_x" v="20.5270" />
    <tag k="local_y" v="-3.7387" />
    <tag k="ele" v="1.4124" />
  </node>
  <node id="1275" lat="36.84347961971" lon="128.09282802923">
    <tag k="local_x" v="23.4869" />
    <tag k="local_y" v="-10.4363" />
    <tag k="ele" v="1.5997" />
  </node>
  <node id="1278" lat="36.84346496466" lon="128.09278303609">
    <tag k="local_x" v="19.4754" />
    <tag k="local_y" v="-12.0620" />
    <tag k="ele" v="1.3454" />
  </node>
  <node id="1279" lat="36.84352422534" lon="128.09274806690">
    <tag k="local_x" v="16.3576" />
    <tag k="local_y" v="-5.4882" />
    <tag k="ele" v="1.1954" />
  </node>
  <node id="1282" lat="36.84376375854" lon="128.09277326661">
    <tag k="local_x" v="18.6043" />
    <tag k="local_y" v="21.0833" />
    <tag k="ele" v="1.0592" />
  </node>
  <node id="1285" lat="36.84375577524" lon="128.09271107236">
    <tag k="local_x" v="13.0592" />
    <tag k="local_y" v="20.1977" />
    <tag k="ele" v="0.8794" />
  </node>
  <node id="1286" lat="36.84379408309" lon="128.09269661043">
    <tag k="local_x" v="11.7698" />
    <tag k="local_y" v="24.4472" />
    <tag k="ele" v="0.2702" />
  </node>
  <node id="1290" lat="36.84379945033" lon="128.09276370501">
    <tag k="local_x" v="17.7518" />
    <tag k="local_y" v="25.0426" />
    <tag k="ele" v="0.9529" />
  </node>
  <node id="1291" lat="36.84376343130" lon="128.09277379265">
    <tag k="local_x" v="18.6512" />
    <tag k="local_y" v="21.0470" />
    <tag k="ele" v="1.0616" />
  </node>
  <node id="1294" lat="36.84371712652" lon="128.09279309873">
    <tag k="local_x" v="20.3725" />
    <tag k="local_y" v="15.9104" />
    <tag k="ele" v="1.307" />
  </node>
  <node id="1297" lat="36.84370809123" lon="128.09273066225">
    <tag k="local_x" v="14.8058" />
    <tag k="local_y" v="14.9081" />
    <tag k="ele" v="1.1629" />
  </node>
  <node id="1298" lat="36.84375083881" lon="128.09271250128">
    <tag k="local_x" v="13.1866" />
    <tag k="local_y" v="19.6501" />
    <tag k="ele" v="0.8816" />
  </node>
  <node id="1302" lat="36.84375968030" lon="128.09277453178">
    <tag k="local_x" v="18.7171" />
    <tag k="local_y" v="20.6309" />
    <tag k="ele" v="1.1019" />
  </node>
  <node id="1303" lat="36.84371689665" lon="128.09279373244">
    <tag k="local_x" v="20.4290" />
    <tag k="local_y" v="15.8849" />
    <tag k="ele" v="1.3209" />
  </node>
  <node id="1306" lat="36.84366703647" lon="128.09281869587">
    <tag k="local_x" v="22.6547" />
    <tag k="local_y" v="10.3539" />
    <tag k="ele" v="1.4709" />
  </node>
  <node id="1309" lat="36.84364912534" lon="128.09276098248">
    <tag k="local_x" v="17.5091" />
    <tag k="local_y" v="8.3670" />
    <tag k="ele" v="1.1968" />
  </node>
  <node id="1310" lat="36.84369335314" lon="128.09273725726">
    <tag k="local_x" v="15.3938" />
    <tag k="local_y" v="13.2732" />
    <tag k="ele" v="1.1753" />
  </node>
  <node id="1314" lat="36.84371122462" lon="128.09279647811">
    <tag k="local_x" v="20.6738" />
    <tag k="local_y" v="15.2557" />
    <tag k="ele" v="1.3453" />
  </node>
  <node id="1315" lat="36.84366684266" lon="128.09281933967">
    <tag k="local_x" v="22.7121" />
    <tag k="local_y" v="10.3324" />
    <tag k="ele" v="1.4732" />
  </node>
  <node id="1318" lat="36.84362107964" lon="128.09284367274">
    <tag k="local_x" v="24.8816" />
    <tag k="local_y" v="5.2559" />
    <tag k="ele" v="1.4882" />
  </node>
  <node id="1321" lat="36.84360215977" lon="128.09278699798">
    <tag k="local_x" v="19.8286" />
    <tag k="local_y" v="3.1571" />
    <tag k="ele" v="1.1813" />
  </node>
  <node id="1322" lat="36.84364355878" lon="128.09276442019">
    <tag k="local_x" v="17.8156" />
    <tag k="local_y" v="7.7495" />
    <tag k="ele" v="1.1916" />
  </node>
  <node id="1326" lat="36.84366222174" lon="128.09282210329">
    <tag k="local_x" v="22.9585" />
    <tag k="local_y" v="9.8198" />
    <tag k="ele" v="1.4586" />
  </node>
  <node id="1327" lat="36.84362090566" lon="128.09284430981">
    <tag k="local_x" v="24.9384" />
    <tag k="local_y" v="5.2366" />
    <tag k="ele" v="1.4872" />
  </node>
  <node id="1330" lat="36.84357025578" lon="128.09287133692">
    <tag k="local_x" v="27.3481" />
    <tag k="local_y" v="-0.3820" />
    <tag k="ele" v="1.738" />
  </node>
  <node id="1333" lat="36.84355072474" lon="128.09281521739">
    <tag k="local_x" v="22.3446" />
    <tag k="local_y" v="-2.5486" />
    <tag k="ele" v="1.3985" />
  </node>
  <node id="1334" lat="36.84359656527" lon="128.09279097293">
    <tag k="local_x" v="20.1830" />
    <tag k="local_y" v="2.5365" />
    <tag k="ele" v="1.1676" />
  </node>
  <node id="1338" lat="36.84361579073" lon="128.09284701286">
    <tag k="local_x" v="25.1794" />
    <tag k="local_y" v="4.6692" />
    <tag k="ele" v="1.3459" />
  </node>
  <node id="1339" lat="36.84357009622" lon="128.09287200428">
    <tag k="local_x" v="27.4076" />
    <tag k="local_y" v="-0.3997" />
    <tag k="ele" v="1.7251" />
  </node>
  <node id="1342" lat="36.84352210836" lon="128.09289954618">
    <tag k="local_x" v="29.8632" />
    <tag k="local_y" v="-5.7230" />
    <tag k="ele" v="1.6962" />
  </node>
  <node id="1345" lat="36.84350118817" lon="128.09284461669">
    <tag k="local_x" v="24.9658" />
    <tag k="local_y" v="-8.0437" />
    <tag k="ele" v="1.4764" />
  </node>
  <node id="1346" lat="36.84354484356" lon="128.09281877510">
    <tag k="local_x" v="22.6618" />
    <tag k="local_y" v="-3.2010" />
    <tag k="ele" v="1.4338" />
  </node>
  <node id="1350" lat="36.84356460809" lon="128.09287467591">
    <tag k="local_x" v="27.6458" />
    <tag k="local_y" v="-1.0085" />
    <tag k="ele" v="1.4663" />
  </node>
  <node id="1351" lat="36.84352193167" lon="128.09290019896">
    <tag k="local_x" v="29.9214" />
    <tag k="local_y" v="-5.7426" />
    <tag k="ele" v="1.6949" />
  </node>
  <node id="1354" lat="36.84403005288" lon="128.09262424674">
    <tag k="local_x" v="5.3180" />
    <tag k="local_y" v="50.6234" />
    <tag k="ele" v="-1.1969" />
  </node>
  <node id="1355" lat="36.84402731603" lon="128.09259484371">
    <tag k="local_x" v="2.6965" />
    <tag k="local_y" v="50.3198" />
    <tag k="ele" v="-1.2366" />
  </node>
  <node id="1357" lat="36.84402489830" lon="128.09256791719">
    <tag k="local_x" v="0.2958" />
    <tag k="local_y" v="50.0516" />
    <tag k="ele" v="-1.2484" />
  </node>
  <node id="1358" lat="36.84402161426" lon="128.09253926003">
    <tag k="local_x" v="-2.2592" />
    <tag k="local_y" v="49.6873" />
    <tag k="ele" v="-1.2913" />
  </node>
  <node id="1359" lat="36.84401892338" lon="128.09251164598">
    <tag k="local_x" v="-4.7212" />
    <tag k="local_y" v="49.3888" />
    <tag k="ele" v="-1.2899" />
  </node>
  <node id="1360" lat="36.84401593139" lon="128.09248331297">
    <tag k="local_x" v="-7.2473" />
    <tag k="local_y" v="49.0569" />
    <tag k="ele" v="-1.3395" />
  </node>
  <node id="1361" lat="36.84401350642" lon="128.09245601858">
    <tag k="local_x" v="-9.6808" />
    <tag k="local_y" v="48.7879" />
    <tag k="ele" v="-1.3139" />
  </node>
  <node id="1362" lat="36.84401079117" lon="128.09242768333">
    <tag k="local_x" v="-12.2071" />
    <tag k="local_y" v="48.4867" />
    <tag k="ele" v="-1.4004" />
  </node>
  <node id="1363" lat="36.84400810296" lon="128.09240074786">
    <tag k="local_x" v="-14.6086" />
    <tag k="local_y" v="48.1885" />
    <tag k="ele" v="-1.4634" />
  </node>
  <node id="1364" lat="36.84400512538" lon="128.09237315175">
    <tag k="local_x" v="-17.0690" />
    <tag k="local_y" v="47.8582" />
    <tag k="ele" v="-1.393" />
  </node>
  <node id="1365" lat="36.84400243356" lon="128.09234587980">
    <tag k="local_x" v="-19.5005" />
    <tag k="local_y" v="47.5596" />
    <tag k="ele" v="-1.1275" />
  </node>
  <node id="1366" lat="36.84403698135" lon="128.09233904909">
    <tag k="local_x" v="-20.1095" />
    <tag k="local_y" v="51.3920" />
    <tag k="ele" v="-1.2597" />
  </node>
  <node id="1367" lat="36.84404168255" lon="128.09236908470">
    <tag k="local_x" v="-17.4316" />
    <tag k="local_y" v="51.9135" />
    <tag k="ele" v="-1.2199" />
  </node>
  <node id="1368" lat="36.84404409401" lon="128.09239566687">
    <tag k="local_x" v="-15.0616" />
    <tag k="local_y" v="52.1810" />
    <tag k="ele" v="-1.729" />
  </node>
  <node id="1369" lat="36.84404763952" lon="128.09242326300">
    <tag k="local_x" v="-12.6012" />
    <tag k="local_y" v="52.5743" />
    <tag k="ele" v="-1.6969" />
  </node>
  <node id="1370" lat="36.84404891332" lon="128.09244988107">
    <tag k="local_x" v="-10.2280" />
    <tag k="local_y" v="52.7156" />
    <tag k="ele" v="-1.2522" />
  </node>
  <node id="1371" lat="36.84405189269" lon="128.09247750860">
    <tag k="local_x" v="-7.7648" />
    <tag k="local_y" v="53.0461" />
    <tag k="ele" v="-1.5289" />
  </node>
  <node id="1372" lat="36.84405517405" lon="128.09250545914">
    <tag k="local_x" v="-5.2728" />
    <tag k="local_y" v="53.4101" />
    <tag k="ele" v="-1.3438" />
  </node>
  <node id="1373" lat="36.84405846442" lon="128.09253448083">
    <tag k="local_x" v="-2.6853" />
    <tag k="local_y" v="53.7751" />
    <tag k="ele" v="-1.4182" />
  </node>
  <node id="1374" lat="36.84406029710" lon="128.09256038557">
    <tag k="local_x" v="-0.3757" />
    <tag k="local_y" v="53.9784" />
    <tag k="ele" v="-1.4134" />
  </node>
  <node id="1375" lat="36.84406386149" lon="128.09259009481">
    <tag k="local_x" v="2.2731" />
    <tag k="local_y" v="54.3738" />
    <tag k="ele" v="-1.5491" />
  </node>
  <node id="1376" lat="36.84406523893" lon="128.09262334050">
    <tag k="local_x" v="5.2372" />
    <tag k="local_y" v="54.5266" />
    <tag k="ele" v="-1.5932" />
  </node>
  <node id="1377" lat="36.84403004206" lon="128.09262355022">
    <tag k="local_x" v="5.2559" />
    <tag k="local_y" v="50.6222" />
    <tag k="ele" v="-1.2024" />
  </node>
  <node id="1407" lat="36.84333401915" lon="128.09289047273">
    <tag k="local_x" v="29.0543" />
    <tag k="local_y" v="-26.5878" />
    <tag k="ele" v="3.3474" />
  </node>
  <node id="1408" lat="36.84325187097" lon="128.09295867012">
    <tag k="local_x" v="35.1347" />
    <tag k="local_y" v="-35.7005" />
    <tag k="ele" v="2.9558" />
  </node>
  <node id="1410" lat="36.84334576515" lon="128.09292654123">
    <tag k="local_x" v="32.2701" />
    <tag k="local_y" v="-25.2848" />
    <tag k="ele" v="3.257" />
  </node>
  <node id="1411" lat="36.84327152555" lon="128.09298826476">
    <tag k="local_x" v="37.7733" />
    <tag k="local_y" v="-33.5202" />
    <tag k="ele" v="2.8609" />
  </node>
  <node id="1585" lat="36.84347454915" lon="128.09271176946">
    <tag k="local_x" v="13.1214" />
    <tag k="local_y" v="-10.9988" />
    <tag k="ele" v="3.2911" />
  </node>
  <node id="1586" lat="36.84345882937" lon="128.09272280712">
    <tag k="local_x" v="14.1055" />
    <tag k="local_y" v="-12.7426" />
    <tag k="ele" v="3.3221" />
  </node>
  <node id="1587" lat="36.84349014184" lon="128.09270084957">
    <tag k="local_x" v="12.1478" />
    <tag k="local_y" v="-9.2691" />
    <tag k="ele" v="3.24" />
  </node>
  <node id="1588" lat="36.84350612666" lon="128.09268964254">
    <tag k="local_x" v="11.1486" />
    <tag k="local_y" v="-7.4959" />
    <tag k="ele" v="3.1429" />
  </node>
  <node id="1589" lat="36.84352150750" lon="128.09267886171">
    <tag k="local_x" v="10.1874" />
    <tag k="local_y" v="-5.7897" />
    <tag k="ele" v="3.0219" />
  </node>
  <node id="1590" lat="36.84353827570" lon="128.09266713087">
    <tag k="local_x" v="9.1415" />
    <tag k="local_y" v="-3.9296" />
    <tag k="ele" v="3.118" />
  </node>
  <node id="1598" lat="36.84344377666" lon="128.09273334006">
    <tag k="local_x" v="15.0446" />
    <tag k="local_y" v="-14.4124" />
    <tag k="ele" v="3.3826" />
  </node>
  <node id="1605" lat="36.84340799932" lon="128.09267897482">
    <tag k="local_x" v="10.1975" />
    <tag k="local_y" v="-18.3812" />
    <tag k="ele" v="3.3466" />
  </node>
  <node id="1606" lat="36.84360424147" lon="128.09252985103">
    <tag k="local_x" v="-3.0981" />
    <tag k="local_y" v="3.3880" />
    <tag k="ele" v="2.9939" />
  </node>
  <node id="1609" lat="36.84384181389" lon="128.09239110125">
    <tag k="local_x" v="-15.4687" />
    <tag k="local_y" v="29.7420" />
    <tag k="ele" v="0.2814" />
  </node>
  <node id="1610" lat="36.84387041482" lon="128.09248256165">
    <tag k="local_x" v="-7.3143" />
    <tag k="local_y" v="32.9147" />
    <tag k="ele" v="0.4433" />
  </node>
  <node id="1611" lat="36.84364852062" lon="128.09257965029">
    <tag k="local_x" v="1.3419" />
    <tag k="local_y" v="8.2999" />
    <tag k="ele" v="2.864" />
  </node>
  <node id="1612" lat="36.84356599942" lon="128.09265220797">
    <tag k="local_x" v="7.8110" />
    <tag k="local_y" v="-0.8542" />
    <tag k="ele" v="2.9954" />
  </node>
  <node id="1613" lat="36.84343948296" lon="128.09274330549">
    <tag k="local_x" v="15.9331" />
    <tag k="local_y" v="-14.8887" />
    <tag k="ele" v="3.6345" />
  </node>
  <node id="1614" lat="36.84340785598" lon="128.09267895799">
    <tag k="local_x" v="10.1960" />
    <tag k="local_y" v="-18.3971" />
    <tag k="ele" v="3.3518" />
  </node>
  <node id="1625" lat="36.84345145536" lon="128.09272795639">
    <tag k="local_x" v="14.5646" />
    <tag k="local_y" v="-13.5606" />
    <tag k="ele" v="3.2961" />
  </node>
  <node id="1627" lat="36.84346664058" lon="128.09271731802">
    <tag k="local_x" v="13.6161" />
    <tag k="local_y" v="-11.8761" />
    <tag k="ele" v="3.3344" />
  </node>
  <node id="1628" lat="36.84348258935" lon="128.09270612445">
    <tag k="local_x" v="12.6181" />
    <tag k="local_y" v="-10.1069" />
    <tag k="ele" v="3.3202" />
  </node>
  <node id="1629" lat="36.84349842363" lon="128.09269506547">
    <tag k="local_x" v="11.6321" />
    <tag k="local_y" v="-8.3504" />
    <tag k="ele" v="3.1691" />
  </node>
  <node id="1630" lat="36.84351402171" lon="128.09268413548">
    <tag k="local_x" v="10.6576" />
    <tag k="local_y" v="-6.6201" />
    <tag k="ele" v="3.2415" />
  </node>
  <node id="1632" lat="36.84352977666" lon="128.09267309892">
    <tag k="local_x" v="9.6736" />
    <tag k="local_y" v="-4.8724" />
    <tag k="ele" v="3.1978" />
  </node>
  <node id="1633" lat="36.84354581287" lon="128.09266186833">
    <tag k="local_x" v="8.6723" />
    <tag k="local_y" v="-3.0935" />
    <tag k="ele" v="3.1697" />
  </node>
  <node id="1672" lat="36.84343188725" lon="128.09270920765">
    <tag k="local_x" v="12.8930" />
    <tag k="local_y" v="-15.7313" />
    <tag k="ele" v="3.4742" />
  </node>
  <node id="1673" lat="36.84343957406" lon="128.09270381836">
    <tag k="local_x" v="12.4125" />
    <tag k="local_y" v="-14.8786" />
    <tag k="ele" v="3.3524" />
  </node>
  <node id="1674" lat="36.84344694536" lon="128.09269865564">
    <tag k="local_x" v="11.9522" />
    <tag k="local_y" v="-14.0609" />
    <tag k="ele" v="3.3443" />
  </node>
  <node id="1675" lat="36.84345474486" lon="128.09269320578">
    <tag k="local_x" v="11.4663" />
    <tag k="local_y" v="-13.1957" />
    <tag k="ele" v="3.2608" />
  </node>
  <node id="1676" lat="36.84346267326" lon="128.09268766508">
    <tag k="local_x" v="10.9723" />
    <tag k="local_y" v="-12.3162" />
    <tag k="ele" v="3.2632" />
  </node>
  <node id="1677" lat="36.84347072607" lon="128.09268200549">
    <tag k="local_x" v="10.4677" />
    <tag k="local_y" v="-11.4229" />
    <tag k="ele" v="3.2421" />
  </node>
  <node id="1678" lat="36.84347826324" lon="128.09267670592">
    <tag k="local_x" v="9.9952" />
    <tag k="local_y" v="-10.5868" />
    <tag k="ele" v="3.2604" />
  </node>
  <node id="1679" lat="36.84348654502" lon="128.09267091398">
    <tag k="local_x" v="9.4788" />
    <tag k="local_y" v="-9.6681" />
    <tag k="ele" v="3.2207" />
  </node>
  <node id="1680" lat="36.84349424536" lon="128.09266552581">
    <tag k="local_x" v="8.9984" />
    <tag k="local_y" v="-8.8139" />
    <tag k="ele" v="3.1716" />
  </node>
  <node id="1681" lat="36.84350213049" lon="128.09265999631">
    <tag k="local_x" v="8.5054" />
    <tag k="local_y" v="-7.9392" />
    <tag k="ele" v="3.1562" />
  </node>
  <node id="1682" lat="36.84350963700" lon="128.09265473600">
    <tag k="local_x" v="8.0364" />
    <tag k="local_y" v="-7.1065" />
    <tag k="ele" v="3.0955" />
  </node>
  <node id="1683" lat="36.84351786560" lon="128.09264896088">
    <tag k="local_x" v="7.5215" />
    <tag k="local_y" v="-6.1937" />
    <tag k="ele" v="3.2214" />
  </node>
  <node id="1684" lat="36.84352637906" lon="128.09264299731">
    <tag k="local_x" v="6.9898" />
    <tag k="local_y" v="-5.2493" />
    <tag k="ele" v="3.1688" />
  </node>
  <node id="1685" lat="36.84353392524" lon="128.09263772466">
    <tag k="local_x" v="6.5197" />
    <tag k="local_y" v="-4.4122" />
    <tag k="ele" v="3.1575" />
  </node>
  <node id="1719" lat="36.84325722120" lon="128.09295423086">
    <tag k="local_x" v="34.7389" />
    <tag k="local_y" v="-35.1070" />
    <tag k="ele" v="2.9836" />
  </node>
  <node id="1720" lat="36.84326207019" lon="128.09295016172">
    <tag k="local_x" v="34.3761" />
    <tag k="local_y" v="-34.5691" />
    <tag k="ele" v="3.0296" />
  </node>
  <node id="1721" lat="36.84326540383" lon="128.09294739251">
    <tag k="local_x" v="34.1292" />
    <tag k="local_y" v="-34.1993" />
    <tag k="ele" v="3.0369" />
  </node>
  <node id="1722" lat="36.84327026185" lon="128.09294341533">
    <tag k="local_x" v="33.7746" />
    <tag k="local_y" v="-33.6604" />
    <tag k="ele" v="3.0597" />
  </node>
  <node id="1723" lat="36.84327273187" lon="128.09294135722">
    <tag k="local_x" v="33.5911" />
    <tag k="local_y" v="-33.3864" />
    <tag k="ele" v="3.0753" />
  </node>
  <node id="1724" lat="36.84327762505" lon="128.09293725330">
    <tag k="local_x" v="33.2252" />
    <tag k="local_y" v="-32.8436" />
    <tag k="ele" v="3.1053" />
  </node>
  <node id="1725" lat="36.84328029250" lon="128.09293506957">
    <tag k="local_x" v="33.0305" />
    <tag k="local_y" v="-32.5477" />
    <tag k="ele" v="3.1293" />
  </node>
  <node id="1726" lat="36.84328494858" lon="128.09293123259">
    <tag k="local_x" v="32.6884" />
    <tag k="local_y" v="-32.0312" />
    <tag k="ele" v="3.1594" />
  </node>
  <node id="1727" lat="36.84328798473" lon="128.09292868321">
    <tag k="local_x" v="32.4611" />
    <tag k="local_y" v="-31.6944" />
    <tag k="ele" v="3.1751" />
  </node>
  <node id="1728" lat="36.84329271655" lon="128.09292476772">
    <tag k="local_x" v="32.1120" />
    <tag k="local_y" v="-31.1695" />
    <tag k="ele" v="3.1969" />
  </node>
  <node id="1729" lat="36.84329518837" lon="128.09292273091">
    <tag k="local_x" v="31.9304" />
    <tag k="local_y" v="-30.8953" />
    <tag k="ele" v="3.2141" />
  </node>
  <node id="1730" lat="36.84330000132" lon="128.09291869653">
    <tag k="local_x" v="31.5707" />
    <tag k="local_y" v="-30.3614" />
    <tag k="ele" v="3.2278" />
  </node>
  <node id="1731" lat="36.84330267778" lon="128.09291652626">
    <tag k="local_x" v="31.3772" />
    <tag k="local_y" v="-30.0645" />
    <tag k="ele" v="3.2305" />
  </node>
  <node id="1732" lat="36.84330751686" lon="128.09291250309">
    <tag k="local_x" v="31.0185" />
    <tag k="local_y" v="-29.5277" />
    <tag k="ele" v="3.2507" />
  </node>
  <node id="1733" lat="36.84330978406" lon="128.09291059863">
    <tag k="local_x" v="30.8487" />
    <tag k="local_y" v="-29.2762" />
    <tag k="ele" v="3.2594" />
  </node>
  <node id="1734" lat="36.84331461503" lon="128.09290656313">
    <tag k="local_x" v="30.4889" />
    <tag k="local_y" v="-28.7403" />
    <tag k="ele" v="3.2754" />
  </node>
  <node id="1736" lat="36.84331712381" lon="128.09290454313">
    <tag k="local_x" v="30.3088" />
    <tag k="local_y" v="-28.4620" />
    <tag k="ele" v="3.3209" />
  </node>
  <node id="1737" lat="36.84332183129" lon="128.09290056485">
    <tag k="local_x" v="29.9541" />
    <tag k="local_y" v="-27.9398" />
    <tag k="ele" v="3.3073" />
  </node>
  <node id="1738" lat="36.84332453119" lon="128.09289835754">
    <tag k="local_x" v="29.7573" />
    <tag k="local_y" v="-27.6403" />
    <tag k="ele" v="3.3161" />
  </node>
  <node id="1739" lat="36.84332930356" lon="128.09289444542">
    <tag k="local_x" v="29.4085" />
    <tag k="local_y" v="-27.1109" />
    <tag k="ele" v="3.3611" />
  </node>
  <node id="1740" lat="36.84334116766" lon="128.09293032325">
    <tag k="local_x" v="32.6073" />
    <tag k="local_y" v="-25.7948" />
    <tag k="ele" v="3.2472" />
  </node>
  <node id="1741" lat="36.84333820273" lon="128.09293283785">
    <tag k="local_x" v="32.8315" />
    <tag k="local_y" v="-26.1237" />
    <tag k="ele" v="3.2392" />
  </node>
  <node id="1742" lat="36.84333372242" lon="128.09293657277">
    <tag k="local_x" v="33.1645" />
    <tag k="local_y" v="-26.6207" />
    <tag k="ele" v="3.2225" />
  </node>
  <node id="1743" lat="36.84333095312" lon="128.09293886194">
    <tag k="local_x" v="33.3686" />
    <tag k="local_y" v="-26.9279" />
    <tag k="ele" v="3.2035" />
  </node>
  <node id="1744" lat="36.84332649264" lon="128.09294255310">
    <tag k="local_x" v="33.6977" />
    <tag k="local_y" v="-27.4227" />
    <tag k="ele" v="3.1657" />
  </node>
  <node id="1745" lat="36.84332377111" lon="128.09294487593">
    <tag k="local_x" v="33.9048" />
    <tag k="local_y" v="-27.7246" />
    <tag k="ele" v="3.1652" />
  </node>
  <node id="1746" lat="36.84331930523" lon="128.09294852896">
    <tag k="local_x" v="34.2305" />
    <tag k="local_y" v="-28.2200" />
    <tag k="ele" v="3.1342" />
  </node>
  <node id="1747" lat="36.84331625826" lon="128.09295107946">
    <tag k="local_x" v="34.4579" />
    <tag k="local_y" v="-28.5580" />
    <tag k="ele" v="3.1261" />
  </node>
  <node id="1748" lat="36.84331186720" lon="128.09295468314">
    <tag k="local_x" v="34.7792" />
    <tag k="local_y" v="-29.0451" />
    <tag k="ele" v="3.1045" />
  </node>
  <node id="1749" lat="36.84330912043" lon="128.09295702279">
    <tag k="local_x" v="34.9878" />
    <tag k="local_y" v="-29.3498" />
    <tag k="ele" v="3.0923" />
  </node>
  <node id="1750" lat="36.84330466717" lon="128.09296070050">
    <tag k="local_x" v="35.3157" />
    <tag k="local_y" v="-29.8438" />
    <tag k="ele" v="3.0473" />
  </node>
  <node id="1751" lat="36.84330129477" lon="128.09296349551">
    <tag k="local_x" v="35.5649" />
    <tag k="local_y" v="-30.2179" />
    <tag k="ele" v="3.0279" />
  </node>
  <node id="1753" lat="36.84329681988" lon="128.09296721022">
    <tag k="local_x" v="35.8961" />
    <tag k="local_y" v="-30.7143" />
    <tag k="ele" v="3.0056" />
  </node>
  <node id="1754" lat="36.84329381528" lon="128.09296973380">
    <tag k="local_x" v="36.1211" />
    <tag k="local_y" v="-31.0476" />
    <tag k="ele" v="2.9811" />
  </node>
  <node id="1755" lat="36.84328937375" lon="128.09297341600">
    <tag k="local_x" v="36.4494" />
    <tag k="local_y" v="-31.5403" />
    <tag k="ele" v="2.9392" />
  </node>
  <node id="1757" lat="36.84328661165" lon="128.09297568385">
    <tag k="local_x" v="36.6516" />
    <tag k="local_y" v="-31.8467" />
    <tag k="ele" v="2.926" />
  </node>
  <node id="1758" lat="36.84328216559" lon="128.09297942549">
    <tag k="local_x" v="36.9852" />
    <tag k="local_y" v="-32.3399" />
    <tag k="ele" v="2.9336" />
  </node>
  <node id="1761" lat="36.84327392436" lon="128.09298625038">
    <tag k="local_x" v="37.5937" />
    <tag k="local_y" v="-33.2541" />
    <tag k="ele" v="2.865" />
  </node>
  <node id="1764" lat="36.84327834427" lon="128.09298259735">
    <tag k="local_x" v="37.2680" />
    <tag k="local_y" v="-32.7638" />
    <tag k="ele" v="2.9086" />
  </node>
  <node id="1843" lat="36.84377564275" lon="128.09251718800">
    <tag k="local_x" v="-4.2271" />
    <tag k="local_y" v="22.4016" />
    <tag k="ele" v="1.3839" />
  </node>
  <node id="1844" lat="36.84377899169" lon="128.09252611039">
    <tag k="local_x" v="-3.4316" />
    <tag k="local_y" v="22.7731" />
    <tag k="ele" v="1.3157" />
  </node>
  <node id="1845" lat="36.84362630486" lon="128.09260355955">
    <tag k="local_x" v="3.4736" />
    <tag k="local_y" v="5.8355" />
    <tag k="ele" v="2.713" />
  </node>
  <node id="1848" lat="36.84356700456" lon="128.09264226046">
    <tag k="local_x" v="6.9241" />
    <tag k="local_y" v="-0.7427" />
    <tag k="ele" v="3.0222" />
  </node>
  <node id="1851" lat="36.84355644119" lon="128.09262149620">
    <tag k="local_x" v="5.0728" />
    <tag k="local_y" v="-1.9145" />
    <tag k="ele" v="3.1263" />
  </node>
  <node id="1855" lat="36.84356003711" lon="128.09264887792">
    <tag k="local_x" v="7.5141" />
    <tag k="local_y" v="-1.5156" />
    <tag k="ele" v="3.1347" />
  </node>
  <node id="1856" lat="36.84354923756" lon="128.09262674305">
    <tag k="local_x" v="5.5406" />
    <tag k="local_y" v="-2.7136" />
    <tag k="ele" v="3.1878" />
  </node>
  <node id="1866" lat="36.84354086293" lon="128.09263286252">
    <tag k="local_x" v="6.0862" />
    <tag k="local_y" v="-3.6426" />
    <tag k="ele" v="3.1965" />
  </node>
  <node id="1868" lat="36.84355236833" lon="128.09265620984">
    <tag k="local_x" v="8.1678" />
    <tag k="local_y" v="-2.3663" />
    <tag k="ele" v="3.0432" />
  </node>
  <node id="1873" lat="36.84355216373" lon="128.09261264674">
    <tag k="local_x" v="4.2838" />
    <tag k="local_y" v="-2.3890" />
    <tag k="ele" v="3.1341" />
  </node>
  <node id="1874" lat="36.84357174539" lon="128.09259899795">
    <tag k="local_x" v="3.0669" />
    <tag k="local_y" v="-0.2168" />
    <tag k="ele" v="3.0637" />
  </node>
  <node id="1876" lat="36.84359159299" lon="128.09258519774">
    <tag k="local_x" v="1.8365" />
    <tag k="local_y" v="1.9849" />
    <tag k="ele" v="2.9385" />
  </node>
  <node id="1878" lat="36.84361148927" lon="128.09256925638">
    <tag k="local_x" v="0.4152" />
    <tag k="local_y" v="4.1920" />
    <tag k="ele" v="3.0878" />
  </node>
  <node id="1883" lat="36.84358507988" lon="128.09262805760">
    <tag k="local_x" v="5.6578" />
    <tag k="local_y" v="1.2624" />
    <tag k="ele" v="2.9333" />
  </node>
  <node id="1884" lat="36.84360492117" lon="128.09261423945">
    <tag k="local_x" v="4.4258" />
    <tag k="local_y" v="3.4634" />
    <tag k="ele" v="2.8758" />
  </node>
  <node id="1885" lat="36.84362364644" lon="128.09259809396">
    <tag k="local_x" v="2.9863" />
    <tag k="local_y" v="5.5406" />
    <tag k="ele" v="2.7243" />
  </node>
  <node id="1892" lat="36.84357587139" lon="128.09263528970">
    <tag k="local_x" v="6.3026" />
    <tag k="local_y" v="0.2409" />
    <tag k="ele" v="3.0725" />
  </node>
  <node id="1893" lat="36.84356234580" lon="128.09260555372">
    <tag k="local_x" v="3.6514" />
    <tag k="local_y" v="-1.2595" />
    <tag k="ele" v="3.1364" />
  </node>
  <node id="1894" lat="36.84359529981" lon="128.09262096683">
    <tag k="local_x" v="5.0256" />
    <tag k="local_y" v="2.3961" />
    <tag k="ele" v="2.8946" />
  </node>
  <node id="1895" lat="36.84358209604" lon="128.09259179165">
    <tag k="local_x" v="2.4244" />
    <tag k="local_y" v="0.9314" />
    <tag k="ele" v="3.026" />
  </node>
  <node id="1896" lat="36.84361443075" lon="128.09260603492">
    <tag k="local_x" v="3.6943" />
    <tag k="local_y" v="4.5183" />
    <tag k="ele" v="2.815" />
  </node>
  <node id="1897" lat="36.84360194724" lon="128.09257688328">
    <tag k="local_x" v="1.0952" />
    <tag k="local_y" v="3.1335" />
    <tag k="ele" v="3.14" />
  </node>
  <node id="1901" lat="36.84362331381" lon="128.09255647792">
    <tag k="local_x" v="-0.7241" />
    <tag k="local_y" v="5.5037" />
    <tag k="ele" v="2.9809" />
  </node>
  <node id="1904" lat="36.84364043896" lon="128.09254645077">
    <tag k="local_x" v="-1.6181" />
    <tag k="local_y" v="7.4034" />
    <tag k="ele" v="2.8476" />
  </node>
  <node id="1905" lat="36.84365683574" lon="128.09253684982">
    <tag k="local_x" v="-2.4741" />
    <tag k="local_y" v="9.2223" />
    <tag k="ele" v="2.6832" />
  </node>
  <node id="1906" lat="36.84367363998" lon="128.09252704922">
    <tag k="local_x" v="-3.3479" />
    <tag k="local_y" v="11.0864" />
    <tag k="ele" v="2.4635" />
  </node>
  <node id="1907" lat="36.84368960315" lon="128.09251767708">
    <tag k="local_x" v="-4.1835" />
    <tag k="local_y" v="12.8572" />
    <tag k="ele" v="2.2589" />
  </node>
  <node id="1908" lat="36.84370588905" lon="128.09250816024">
    <tag k="local_x" v="-5.0320" />
    <tag k="local_y" v="14.6638" />
    <tag k="ele" v="2.0434" />
  </node>
  <node id="1909" lat="36.84372530483" lon="128.09249677816">
    <tag k="local_x" v="-6.0468" />
    <tag k="local_y" v="16.8176" />
    <tag k="ele" v="1.7547" />
  </node>
  <node id="1910" lat="36.84374656232" lon="128.09248539384">
    <tag k="local_x" v="-7.0618" />
    <tag k="local_y" v="19.1757" />
    <tag k="ele" v="1.4511" />
  </node>
  <node id="1911" lat="36.84376645587" lon="128.09247425962">
    <tag k="local_x" v="-8.0545" />
    <tag k="local_y" v="21.3825" />
    <tag k="ele" v="1.2822" />
  </node>
  <node id="1912" lat="36.84378697775" lon="128.09246226177">
    <tag k="local_x" v="-9.1242" />
    <tag k="local_y" v="23.6590" />
    <tag k="ele" v="1.0668" />
  </node>
  <node id="1913" lat="36.84380752939" lon="128.09245023137">
    <tag k="local_x" v="-10.1968" />
    <tag k="local_y" v="25.9388" />
    <tag k="ele" v="0.849" />
  </node>
  <node id="1914" lat="36.84382871834" lon="128.09243872140">
    <tag k="local_x" v="-11.2230" />
    <tag k="local_y" v="28.2893" />
    <tag k="ele" v="0.6581" />
  </node>
  <node id="1915" lat="36.84363223021" lon="128.09255126694">
    <tag k="local_x" v="-1.1887" />
    <tag k="local_y" v="6.4928" />
    <tag k="ele" v="2.9191" />
  </node>
  <node id="1916" lat="36.84364907863" lon="128.09254140467">
    <tag k="local_x" v="-2.0680" />
    <tag k="local_y" v="8.3618" />
    <tag k="ele" v="2.755" />
  </node>
  <node id="1917" lat="36.84366534379" lon="128.09253189905">
    <tag k="local_x" v="-2.9155" />
    <tag k="local_y" v="10.1661" />
    <tag k="ele" v="2.5609" />
  </node>
  <node id="1918" lat="36.84368210656" lon="128.09252207827">
    <tag k="local_x" v="-3.7911" />
    <tag k="local_y" v="12.0256" />
    <tag k="ele" v="2.3494" />
  </node>
  <node id="1919" lat="36.84369789124" lon="128.09251283510">
    <tag k="local_x" v="-4.6152" />
    <tag k="local_y" v="13.7766" />
    <tag k="ele" v="2.1523" />
  </node>
  <node id="1920" lat="36.84371510925" lon="128.09250275185">
    <tag k="local_x" v="-5.5142" />
    <tag k="local_y" v="15.6866" />
    <tag k="ele" v="1.9014" />
  </node>
  <node id="1921" lat="36.84373636763" lon="128.09249087738">
    <tag k="local_x" v="-6.5729" />
    <tag k="local_y" v="18.0448" />
    <tag k="ele" v="1.6026" />
  </node>
  <node id="1922" lat="36.84375736369" lon="128.09247935958">
    <tag k="local_x" v="-7.5998" />
    <tag k="local_y" v="20.3739" />
    <tag k="ele" v="1.3532" />
  </node>
  <node id="1923" lat="36.84377694624" lon="128.09246810871">
    <tag k="local_x" v="-8.6029" />
    <tag k="local_y" v="22.5462" />
    <tag k="ele" v="1.1814" />
  </node>
  <node id="1924" lat="36.84379796032" lon="128.09245582036">
    <tag k="local_x" v="-9.6985" />
    <tag k="local_y" v="24.8773" />
    <tag k="ele" v="0.9473" />
  </node>
  <node id="1925" lat="36.84381819463" lon="128.09244442031">
    <tag k="local_x" v="-10.7149" />
    <tag k="local_y" v="27.1219" />
    <tag k="ele" v="0.7644" />
  </node>
  <node id="1979" lat="36.84363435497" lon="128.09258807129">
    <tag k="local_x" v="2.0927" />
    <tag k="local_y" v="6.7285" />
    <tag k="ele" v="2.9901" />
  </node>
  <node id="1986" lat="36.84365031814" lon="128.09257233742">
    <tag k="local_x" v="0.6899" />
    <tag k="local_y" v="8.4993" />
    <tag k="ele" v="2.8438" />
  </node>
  <node id="1988" lat="36.84366707371" lon="128.09256356423">
    <tag k="local_x" v="-0.0923" />
    <tag k="local_y" v="10.3580" />
    <tag k="ele" v="2.7406" />
  </node>
  <node id="1989" lat="36.84368370306" lon="128.09255395318">
    <tag k="local_x" v="-0.9492" />
    <tag k="local_y" v="12.2027" />
    <tag k="ele" v="2.5994" />
  </node>
  <node id="1990" lat="36.84370171076" lon="128.09254862443">
    <tag k="local_x" v="-1.4243" />
    <tag k="local_y" v="14.2003" />
    <tag k="ele" v="2.3312" />
  </node>
  <node id="1991" lat="36.84377937391" lon="128.09251042135">
    <tag k="local_x" v="-4.8304" />
    <tag k="local_y" v="22.8155" />
    <tag k="ele" v="1.3099" />
  </node>
  <node id="1992" lat="36.84378312312" lon="128.09252119550">
    <tag k="local_x" v="-3.8698" />
    <tag k="local_y" v="23.2314" />
    <tag k="ele" v="1.2981" />
  </node>
  <node id="1993" lat="36.84386754095" lon="128.09248089157">
    <tag k="local_x" v="-7.4632" />
    <tag k="local_y" v="32.5959" />
    <tag k="ele" v="0.3903" />
  </node>
  <node id="1994" lat="36.84385071142" lon="128.09242431654">
    <tag k="local_x" v="-12.5073" />
    <tag k="local_y" v="30.7290" />
    <tag k="ele" v="0.4041" />
  </node>
  <node id="1996" lat="36.84383970361" lon="128.09243155655">
    <tag k="local_x" v="-11.8618" />
    <tag k="local_y" v="29.5079" />
    <tag k="ele" v="0.5438" />
  </node>
  <node id="1999" lat="36.84384538832" lon="128.09249148855">
    <tag k="local_x" v="-6.5184" />
    <tag k="local_y" v="30.1385" />
    <tag k="ele" v="0.4947" />
  </node>
  <node id="2000" lat="36.84382407314" lon="128.09250165483">
    <tag k="local_x" v="-5.6120" />
    <tag k="local_y" v="27.7740" />
    <tag k="ele" v="0.8177" />
  </node>
  <node id="2001" lat="36.84380344939" lon="128.09251148237">
    <tag k="local_x" v="-4.7358" />
    <tag k="local_y" v="25.4862" />
    <tag k="ele" v="1.0728" />
  </node>
  <node id="2002" lat="36.84375764857" lon="128.09252109009">
    <tag k="local_x" v="-3.8792" />
    <tag k="local_y" v="20.4055" />
    <tag k="ele" v="1.6822" />
  </node>
  <node id="2003" lat="36.84373726731" lon="128.09253114081">
    <tag k="local_x" v="-2.9831" />
    <tag k="local_y" v="18.1446" />
    <tag k="ele" v="1.9031" />
  </node>
  <node id="2004" lat="36.84371788577" lon="128.09254103227">
    <tag k="local_x" v="-2.1012" />
    <tag k="local_y" v="15.9946" />
    <tag k="ele" v="2.1449" />
  </node>
  <node id="2017" lat="36.84364257725" lon="128.09257996097">
    <tag k="local_x" v="1.3696" />
    <tag k="local_y" v="7.6406" />
    <tag k="ele" v="2.8992" />
  </node>
  <node id="2018" lat="36.84365871170" lon="128.09256794633">
    <tag k="local_x" v="0.2984" />
    <tag k="local_y" v="9.4304" />
    <tag k="ele" v="2.5624" />
  </node>
  <node id="2019" lat="36.84367583776" lon="128.09255849569">
    <tag k="local_x" v="-0.5442" />
    <tag k="local_y" v="11.3302" />
    <tag k="ele" v="2.6952" />
  </node>
  <node id="2020" lat="36.84369339564" lon="128.09255110766">
    <tag k="local_x" v="-1.2029" />
    <tag k="local_y" v="13.2779" />
    <tag k="ele" v="2.4023" />
  </node>
  <node id="2021" lat="36.84371036935" lon="128.09254457094">
    <tag k="local_x" v="-1.7857" />
    <tag k="local_y" v="15.1608" />
    <tag k="ele" v="2.2556" />
  </node>
  <node id="2022" lat="36.84372806154" lon="128.09253583811">
    <tag k="local_x" v="-2.5643" />
    <tag k="local_y" v="17.1234" />
    <tag k="ele" v="2.0833" />
  </node>
  <node id="2023" lat="36.84374583305" lon="128.09252684955">
    <tag k="local_x" v="-3.3657" />
    <tag k="local_y" v="19.0948" />
    <tag k="ele" v="1.8834" />
  </node>
  <node id="2024" lat="36.84376811460" lon="128.09251595985">
    <tag k="local_x" v="-4.3366" />
    <tag k="local_y" v="21.5665" />
    <tag k="ele" v="1.4436" />
  </node>
  <node id="2025" lat="36.84379373698" lon="128.09251614378">
    <tag k="local_x" v="-4.3202" />
    <tag k="local_y" v="24.4088" />
    <tag k="ele" v="1.1458" />
  </node>
  <node id="2026" lat="36.84381429583" lon="128.09250632185">
    <tag k="local_x" v="-5.1959" />
    <tag k="local_y" v="26.6894" />
    <tag k="ele" v="0.9282" />
  </node>
  <node id="2028" lat="36.84383473839" lon="128.09249656048">
    <tag k="local_x" v="-6.0662" />
    <tag k="local_y" v="28.9571" />
    <tag k="ele" v="0.6949" />
  </node>
  <node id="2029" lat="36.84385626090" lon="128.09248626634">
    <tag k="local_x" v="-6.9840" />
    <tag k="local_y" v="31.3446" />
    <tag k="ele" v="0.4067" />
  </node>
  <node id="2042" lat="36.84342796677" lon="128.09270810398">
    <tag k="local_x" v="12.7946" />
    <tag k="local_y" v="-16.1662" />
    <tag k="ele" v="3.5439" />
  </node>
  <node id="2043" lat="36.84346514599" lon="128.09268181369">
    <tag k="local_x" v="10.4506" />
    <tag k="local_y" v="-12.0419" />
    <tag k="ele" v="3.2428" />
  </node>
  <node id="2045" lat="36.84347975783" lon="128.09271114586">
    <tag k="local_x" v="13.0658" />
    <tag k="local_y" v="-10.4210" />
    <tag k="ele" v="3.3174" />
  </node>
  <node id="2046" lat="36.84344191061" lon="128.09273800481">
    <tag k="local_x" v="15.4605" />
    <tag k="local_y" v="-14.6194" />
    <tag k="ele" v="3.5157" />
  </node>
  <node id="2047" lat="36.84342785048" lon="128.09270850439">
    <tag k="local_x" v="12.8303" />
    <tag k="local_y" v="-16.1791" />
    <tag k="ele" v="3.5447" />
  </node>
  <node id="2049" lat="36.84395717461" lon="128.09240121231">
    <tag k="local_x" v="-14.5672" />
    <tag k="local_y" v="42.5390" />
    <tag k="ele" v="-1.0678" />
  </node>
  <node id="2050" lat="36.84396271598" lon="128.09245396274">
    <tag k="local_x" v="-9.8641" />
    <tag k="local_y" v="43.1537" />
    <tag k="ele" v="-1.0419" />
  </node>
  <node id="2051" lat="36.84391890741" lon="128.09246141701">
    <tag k="local_x" v="-9.1995" />
    <tag k="local_y" v="38.2940" />
    <tag k="ele" v="-0.9135" />
  </node>
  <node id="2052" lat="36.84391321189" lon="128.09240766278">
    <tag k="local_x" v="-13.9921" />
    <tag k="local_y" v="37.6622" />
    <tag k="ele" v="-0.8277" />
  </node>
  <node id="2053" lat="36.84395691768" lon="128.09240090948">
    <tag k="local_x" v="-14.5942" />
    <tag k="local_y" v="42.5105" />
    <tag k="ele" v="-1.0678" />
  </node>
  <node id="2055" lat="36.84384446517" lon="128.09268839474">
    <tag k="local_x" v="11.0373" />
    <tag k="local_y" v="30.0361" />
    <tag k="ele" v="-0.9358" />
  </node>
  <node id="2056" lat="36.84383399374" lon="128.09268772400">
    <tag k="local_x" v="10.9775" />
    <tag k="local_y" v="28.8745" />
    <tag k="ele" v="-0.6844" />
  </node>
  <node id="2057" lat="36.84384459229" lon="128.09267481206">
    <tag k="local_x" v="9.8263" />
    <tag k="local_y" v="30.0502" />
    <tag k="ele" v="-0.7367" />
  </node>
  <node id="2058" lat="36.84383390991" lon="128.09267427143">
    <tag k="local_x" v="9.7781" />
    <tag k="local_y" v="28.8652" />
    <tag k="ele" v="-0.5486" />
  </node>
  <node id="2060" lat="36.84397953466" lon="128.09265452681">
    <tag k="local_x" v="8.0177" />
    <tag k="local_y" v="45.0194" />
    <tag k="ele" v="-1.0955" />
  </node>
  <node id="2062" lat="36.84397980239" lon="128.09266068557">
    <tag k="local_x" v="8.5668" />
    <tag k="local_y" v="45.0491" />
    <tag k="ele" v="-1.1937" />
  </node>
  <node id="2063" lat="36.84397918399" lon="128.09266685330">
    <tag k="local_x" v="9.1167" />
    <tag k="local_y" v="44.9805" />
    <tag k="ele" v="-1.2443" />
  </node>
  <node id="2064" lat="36.84397751716" lon="128.09267275186">
    <tag k="local_x" v="9.6426" />
    <tag k="local_y" v="44.7956" />
    <tag k="ele" v="-1.2636" />
  </node>
  <node id="2065" lat="36.84397436203" lon="128.09267758711">
    <tag k="local_x" v="10.0737" />
    <tag k="local_y" v="44.4456" />
    <tag k="ele" v="-1.2751" />
  </node>
  <node id="2066" lat="36.84397024592" lon="128.09268115719">
    <tag k="local_x" v="10.3920" />
    <tag k="local_y" v="43.9890" />
    <tag k="ele" v="-1.2799" />
  </node>
  <node id="2067" lat="36.84396566106" lon="128.09268373913">
    <tag k="local_x" v="10.6222" />
    <tag k="local_y" v="43.4804" />
    <tag k="ele" v="-1.2745" />
  </node>
  <node id="2068" lat="36.84396070751" lon="128.09268459603">
    <tag k="local_x" v="10.6986" />
    <tag k="local_y" v="42.9309" />
    <tag k="ele" v="-1.2517" />
  </node>
  <node id="2069" lat="36.84395568544" lon="128.09268442217">
    <tag k="local_x" v="10.6831" />
    <tag k="local_y" v="42.3738" />
    <tag k="ele" v="-1.2298" />
  </node>
  <node id="2070" lat="36.84393061474" lon="128.09268184019">
    <tag k="local_x" v="10.4529" />
    <tag k="local_y" v="39.5927" />
    <tag k="ele" v="-1.1887" />
  </node>
  <node id="2071" lat="36.84395067417" lon="128.09268383332">
    <tag k="local_x" v="10.6306" />
    <tag k="local_y" v="41.8179" />
    <tag k="ele" v="-1.2137" />
  </node>
  <node id="2072" lat="36.84394565301" lon="128.09268337794">
    <tag k="local_x" v="10.5900" />
    <tag k="local_y" v="41.2609" />
    <tag k="ele" v="-1.2012" />
  </node>
  <node id="2073" lat="36.84394064175" lon="128.09268280255">
    <tag k="local_x" v="10.5387" />
    <tag k="local_y" v="40.7050" />
    <tag k="ele" v="-1.1915" />
  </node>
  <node id="2074" lat="36.84393563051" lon="128.09268222715">
    <tag k="local_x" v="10.4874" />
    <tag k="local_y" v="40.1491" />
    <tag k="ele" v="-1.1859" />
  </node>
  <node id="2075" lat="36.84399186763" lon="128.09265348934">
    <tag k="local_x" v="7.9252" />
    <tag k="local_y" v="46.3875" />
    <tag k="ele" v="-1.0568" />
  </node>
  <node id="2077" lat="36.84399220657" lon="128.09266117686">
    <tag k="local_x" v="8.6106" />
    <tag k="local_y" v="46.4251" />
    <tag k="ele" v="-1.1642" />
  </node>
  <node id="2078" lat="36.84399148630" lon="128.09266882400">
    <tag k="local_x" v="9.2924" />
    <tag k="local_y" v="46.3452" />
    <tag k="ele" v="-1.2644" />
  </node>
  <node id="2079" lat="36.84399002140" lon="128.09267637692">
    <tag k="local_x" v="9.9658" />
    <tag k="local_y" v="46.1827" />
    <tag k="ele" v="-1.312" />
  </node>
  <node id="2080" lat="36.84398701320" lon="128.09268314247">
    <tag k="local_x" v="10.5690" />
    <tag k="local_y" v="45.8490" />
    <tag k="ele" v="-1.3331" />
  </node>
  <node id="2081" lat="36.84398297553" lon="128.09268909148">
    <tag k="local_x" v="11.0994" />
    <tag k="local_y" v="45.4011" />
    <tag k="ele" v="-1.3414" />
  </node>
  <node id="2082" lat="36.84397799672" lon="128.09269380447">
    <tag k="local_x" v="11.5196" />
    <tag k="local_y" v="44.8488" />
    <tag k="ele" v="-1.3356" />
  </node>
  <node id="2083" lat="36.84397255907" lon="128.09269766729">
    <tag k="local_x" v="11.8640" />
    <tag k="local_y" v="44.2456" />
    <tag k="ele" v="-1.3439" />
  </node>
  <node id="2084" lat="36.84396665807" lon="128.09270023240">
    <tag k="local_x" v="12.0927" />
    <tag k="local_y" v="43.5910" />
    <tag k="ele" v="-1.3398" />
  </node>
  <node id="2087" lat="36.84396052449" lon="128.09270117791">
    <tag k="local_x" v="12.1770" />
    <tag k="local_y" v="42.9106" />
    <tag k="ele" v="-1.3026" />
  </node>
  <node id="2088" lat="36.84395437288" lon="128.09270069786">
    <tag k="local_x" v="12.1342" />
    <tag k="local_y" v="42.2282" />
    <tag k="ele" v="-1.2837" />
  </node>
  <node id="2089" lat="36.84394840787" lon="128.09270004955">
    <tag k="local_x" v="12.0764" />
    <tag k="local_y" v="41.5665" />
    <tag k="ele" v="-1.2703" />
  </node>
  <node id="2090" lat="36.84392975563" lon="128.09269769863">
    <tag k="local_x" v="11.8668" />
    <tag k="local_y" v="39.4974" />
    <tag k="ele" v="-1.1618" />
  </node>
  <node id="2091" lat="36.84394216071" lon="128.09269942705">
    <tag k="local_x" v="12.0209" />
    <tag k="local_y" v="40.8735" />
    <tag k="ele" v="-1.2507" />
  </node>
  <node id="2092" lat="36.84393594420" lon="128.09269863069">
    <tag k="local_x" v="11.9499" />
    <tag k="local_y" v="40.1839" />
    <tag k="ele" v="-1.2123" />
  </node>
  <node id="2094" lat="36.84381486011" lon="128.09267395735">
    <tag k="local_x" v="9.7501" />
    <tag k="local_y" v="26.7520" />
    <tag k="ele" v="-0.1836" />
  </node>
  <node id="2096" lat="36.84380667930" lon="128.09267437458">
    <tag k="local_x" v="9.7873" />
    <tag k="local_y" v="25.8445" />
    <tag k="ele" v="-0.035" />
  </node>
  <node id="2098" lat="36.84379855979" lon="128.09267562180">
    <tag k="local_x" v="9.8985" />
    <tag k="local_y" v="24.9438" />
    <tag k="ele" v="0.1173" />
  </node>
  <node id="2099" lat="36.84379047634" lon="128.09267748814">
    <tag k="local_x" v="10.0649" />
    <tag k="local_y" v="24.0471" />
    <tag k="ele" v="0.2414" />
  </node>
  <node id="2100" lat="36.84378239559" lon="128.09267964161">
    <tag k="local_x" v="10.2569" />
    <tag k="local_y" v="23.1507" />
    <tag k="ele" v="0.3235" />
  </node>
  <node id="2101" lat="36.84377441851" lon="128.09268236935">
    <tag k="local_x" v="10.5001" />
    <tag k="local_y" v="22.2658" />
    <tag k="ele" v="0.3946" />
  </node>
  <node id="2102" lat="36.84376652256" lon="128.09268544815">
    <tag k="local_x" v="10.7746" />
    <tag k="local_y" v="21.3899" />
    <tag k="ele" v="0.4654" />
  </node>
  <node id="2103" lat="36.84372023672" lon="128.09270759644">
    <tag k="local_x" v="12.7493" />
    <tag k="local_y" v="16.2554" />
    <tag k="ele" v="0.7658" />
  </node>
  <node id="2108" lat="36.84370844192" lon="128.09271276478">
    <tag k="local_x" v="13.2101" />
    <tag k="local_y" v="14.9470" />
    <tag k="ele" v="0.8705" />
  </node>
  <node id="2111" lat="36.84367261220" lon="128.09272976601">
    <tag k="local_x" v="14.7259" />
    <tag k="local_y" v="10.9724" />
    <tag k="ele" v="1.1083" />
  </node>
  <node id="2123" lat="36.84381541270" lon="128.09268741553">
    <tag k="local_x" v="10.9500" />
    <tag k="local_y" v="26.8133" />
    <tag k="ele" v="-0.2167" />
  </node>
  <node id="2124" lat="36.84380722288" lon="128.09268764880">
    <tag k="local_x" v="10.9708" />
    <tag k="local_y" v="25.9048" />
    <tag k="ele" v="-0.0396" />
  </node>
  <node id="2125" lat="36.84379903034" lon="128.09268873114">
    <tag k="local_x" v="11.0673" />
    <tag k="local_y" v="24.9960" />
    <tag k="ele" v="0.1085" />
  </node>
  <node id="2126" lat="36.84379088108" lon="128.09269047299">
    <tag k="local_x" v="11.2226" />
    <tag k="local_y" v="24.0920" />
    <tag k="ele" v="0.2359" />
  </node>
  <node id="2127" lat="36.84378272911" lon="128.09269250645">
    <tag k="local_x" v="11.4039" />
    <tag k="local_y" v="23.1877" />
    <tag k="ele" v="0.3196" />
  </node>
  <node id="2128" lat="36.84377467631" lon="128.09269512426">
    <tag k="local_x" v="11.6373" />
    <tag k="local_y" v="22.2944" />
    <tag k="ele" v="0.3916" />
  </node>
  <node id="2129" lat="36.84376670283" lon="128.09269810100">
    <tag k="local_x" v="11.9027" />
    <tag k="local_y" v="21.4099" />
    <tag k="ele" v="0.4625" />
  </node>
  <node id="2130" lat="36.84371993111" lon="128.09271971315">
    <tag k="local_x" v="13.8296" />
    <tag k="local_y" v="16.2215" />
    <tag k="ele" v="0.7285" />
  </node>
  <node id="2137" lat="36.84375883483" lon="128.09270144562">
    <tag k="local_x" v="12.2009" />
    <tag k="local_y" v="20.5371" />
    <tag k="ele" v="0.5459" />
  </node>
  <node id="2138" lat="36.84375101911" lon="128.09270500222">
    <tag k="local_x" v="12.5180" />
    <tag k="local_y" v="19.6701" />
    <tag k="ele" v="0.6203" />
  </node>
  <node id="2139" lat="36.84374324305" lon="128.09270869678">
    <tag k="local_x" v="12.8474" />
    <tag k="local_y" v="18.8075" />
    <tag k="ele" v="0.6925" />
  </node>
  <node id="2140" lat="36.84373546429" lon="128.09271244517">
    <tag k="local_x" v="13.1816" />
    <tag k="local_y" v="17.9446" />
    <tag k="ele" v="0.733" />
  </node>
  <node id="2141" lat="36.84372767831" lon="128.09271610720">
    <tag k="local_x" v="13.5081" />
    <tag k="local_y" v="17.0809" />
    <tag k="ele" v="0.6727" />
  </node>
  <node id="2142" lat="36.84375873478" lon="128.09268889035">
    <tag k="local_x" v="11.0815" />
    <tag k="local_y" v="20.5260" />
    <tag k="ele" v="0.5485" />
  </node>
  <node id="2143" lat="36.84375100019" lon="128.09269253444">
    <tag k="local_x" v="11.4064" />
    <tag k="local_y" v="19.6680" />
    <tag k="ele" v="0.6221" />
  </node>
  <node id="2144" lat="36.84374330436" lon="128.09269631873">
    <tag k="local_x" v="11.7438" />
    <tag k="local_y" v="18.8143" />
    <tag k="ele" v="0.6937" />
  </node>
  <node id="2145" lat="36.84373560764" lon="128.09270015236">
    <tag k="local_x" v="12.0856" />
    <tag k="local_y" v="17.9605" />
    <tag k="ele" v="0.733" />
  </node>
  <node id="2146" lat="36.84372790280" lon="128.09270390076">
    <tag k="local_x" v="12.4198" />
    <tag k="local_y" v="17.1058" />
    <tag k="ele" v="0.672" />
  </node>
  <node id="2147" lat="36.84370901343" lon="128.09272511815">
    <tag k="local_x" v="14.3115" />
    <tag k="local_y" v="15.0104" />
    <tag k="ele" v="0.8299" />
  </node>
  <node id="2149" lat="36.84367568889" lon="128.09274132080">
    <tag k="local_x" v="15.7561" />
    <tag k="local_y" v="11.3137" />
    <tag k="ele" v="1.1464" />
  </node>
  <node id="2150" lat="36.84369805610" lon="128.09273053212">
    <tag k="local_x" v="14.7942" />
    <tag k="local_y" v="13.7949" />
    <tag k="ele" v="1.0906" />
  </node>
  <node id="2151" lat="36.84368690045" lon="128.09273595058">
    <tag k="local_x" v="15.2773" />
    <tag k="local_y" v="12.5574" />
    <tag k="ele" v="1.1884" />
  </node>
  <node id="2152" lat="36.84369653264" lon="128.09271817650">
    <tag k="local_x" v="13.6926" />
    <tag k="local_y" v="13.6259" />
    <tag k="ele" v="1.0861" />
  </node>
  <node id="2153" lat="36.84368456476" lon="128.09272394266">
    <tag k="local_x" v="14.2067" />
    <tag k="local_y" v="12.2983" />
    <tag k="ele" v="1.1152" />
  </node>
  <node id="2155" lat="36.84365939399" lon="128.09273648888">
    <tag k="local_x" v="15.3253" />
    <tag k="local_y" v="9.5061" />
    <tag k="ele" v="1.1121" />
  </node>
  <node id="2157" lat="36.84364631820" lon="128.09274362899">
    <tag k="local_x" v="15.9619" />
    <tag k="local_y" v="8.0556" />
    <tag k="ele" v="1.1152" />
  </node>
  <node id="2158" lat="36.84363345156" lon="128.09275133888">
    <tag k="local_x" v="16.6493" />
    <tag k="local_y" v="6.6283" />
    <tag k="ele" v="1.1173" />
  </node>
  <node id="2160" lat="36.84362030996" lon="128.09275829055">
    <tag k="local_x" v="17.2691" />
    <tag k="local_y" v="5.1705" />
    <tag k="ele" v="1.1249" />
  </node>
  <node id="2161" lat="36.84356804918" lon="128.09278694965">
    <tag k="local_x" v="19.8243" />
    <tag k="local_y" v="-0.6268" />
    <tag k="ele" v="1.1242" />
  </node>
  <node id="2166" lat="36.84355275487" lon="128.09279443855">
    <tag k="local_x" v="20.4920" />
    <tag k="local_y" v="-2.3234" />
    <tag k="ele" v="1.2845" />
  </node>
  <node id="2170" lat="36.84353755973" lon="128.09280230657">
    <tag k="local_x" v="21.1935" />
    <tag k="local_y" v="-4.0090" />
    <tag k="ele" v="1.4122" />
  </node>
  <node id="2171" lat="36.84350735966" lon="128.09281879628">
    <tag k="local_x" v="22.6637" />
    <tag k="local_y" v="-7.3591" />
    <tag k="ele" v="1.4302" />
  </node>
  <node id="2172" lat="36.84366346770" lon="128.09274819397">
    <tag k="local_x" v="16.3689" />
    <tag k="local_y" v="9.9580" />
    <tag k="ele" v="1.1518" />
  </node>
  <node id="2174" lat="36.84365125101" lon="128.09275508284">
    <tag k="local_x" v="16.9831" />
    <tag k="local_y" v="8.6028" />
    <tag k="ele" v="1.1565" />
  </node>
  <node id="2175" lat="36.84363909562" lon="128.09276213659">
    <tag k="local_x" v="17.6120" />
    <tag k="local_y" v="7.2544" />
    <tag k="ele" v="1.1559" />
  </node>
  <node id="2176" lat="36.84357782015" lon="128.09279592924">
    <tag k="local_x" v="20.6249" />
    <tag k="local_y" v="0.4571" />
    <tag k="ele" v="1.238" />
  </node>
  <node id="2177" lat="36.84356159734" lon="128.09280408775">
    <tag k="local_x" v="21.3523" />
    <tag k="local_y" v="-1.3425" />
    <tag k="ele" v="1.2442" />
  </node>
  <node id="2179" lat="36.84354551065" lon="128.09281264778">
    <tag k="local_x" v="22.1155" />
    <tag k="local_y" v="-3.1270" />
    <tag k="ele" v="1.2761" />
  </node>
  <node id="2180" lat="36.84351365548" lon="128.09283065277">
    <tag k="local_x" v="23.7208" />
    <tag k="local_y" v="-6.6607" />
    <tag k="ele" v="1.3589" />
  </node>
  <node id="2182" lat="36.84362702767" lon="128.09276941801">
    <tag k="local_x" v="18.2612" />
    <tag k="local_y" v="5.9157" />
    <tag k="ele" v="1.1488" />
  </node>
  <node id="2183" lat="36.84361480197" lon="128.09277627771">
    <tag k="local_x" v="18.8728" />
    <tag k="local_y" v="4.5595" />
    <tag k="ele" v="1.1412" />
  </node>
  <node id="2184" lat="36.84360236352" lon="128.09278251718">
    <tag k="local_x" v="19.4291" />
    <tag k="local_y" v="3.1797" />
    <tag k="ele" v="1.1346" />
  </node>
  <node id="2185" lat="36.84359005668" lon="128.09278913573">
    <tag k="local_x" v="20.0192" />
    <tag k="local_y" v="1.8145" />
    <tag k="ele" v="1.1743" />
  </node>
  <node id="2186" lat="36.84360721704" lon="128.09276538467">
    <tag k="local_x" v="17.9016" />
    <tag k="local_y" v="3.7181" />
    <tag k="ele" v="1.1189" />
  </node>
  <node id="2187" lat="36.84359428189" lon="128.09277291173">
    <tag k="local_x" v="18.5727" />
    <tag k="local_y" v="2.2832" />
    <tag k="ele" v="1.0923" />
  </node>
  <node id="2188" lat="36.84358121602" lon="128.09278007987">
    <tag k="local_x" v="19.2118" />
    <tag k="local_y" v="0.8338" />
    <tag k="ele" v="1.096" />
  </node>
  <node id="2190" lat="36.84352956639" lon="128.09282159925">
    <tag k="local_x" v="22.9136" />
    <tag k="local_y" v="-4.8957" />
    <tag k="ele" v="1.3306" />
  </node>
  <node id="2191" lat="36.84352257013" lon="128.09281085874">
    <tag k="local_x" v="21.9560" />
    <tag k="local_y" v="-5.6718" />
    <tag k="ele" v="1.4699" />
  </node>
  <node id="2194" lat="36.84349963859" lon="128.09282414406">
    <tag k="local_x" v="23.1405" />
    <tag k="local_y" v="-8.2156" />
    <tag k="ele" v="1.457" />
  </node>
  <node id="2196" lat="36.84349197611" lon="128.09282969485">
    <tag k="local_x" v="23.6354" />
    <tag k="local_y" v="-9.0656" />
    <tag k="ele" v="1.4696" />
  </node>
  <node id="2197" lat="36.84348443352" lon="128.09283549463">
    <tag k="local_x" v="24.1525" />
    <tag k="local_y" v="-9.9023" />
    <tag k="ele" v="1.459" />
  </node>
  <node id="2202" lat="36.84347691348" lon="128.09284133255">
    <tag k="local_x" v="24.6730" />
    <tag k="local_y" v="-10.7365" />
    <tag k="ele" v="1.4498" />
  </node>
  <node id="2204" lat="36.84346989194" lon="128.09284800494">
    <tag k="local_x" v="25.2679" />
    <tag k="local_y" v="-11.5154" />
    <tag k="ele" v="1.5326" />
  </node>
  <node id="2206" lat="36.84346289924" lon="128.09285474799">
    <tag k="local_x" v="25.8691" />
    <tag k="local_y" v="-12.2911" />
    <tag k="ele" v="1.5972" />
  </node>
  <node id="2207" lat="36.84344939614" lon="128.09286869394">
    <tag k="local_x" v="27.1125" />
    <tag k="local_y" v="-13.7890" />
    <tag k="ele" v="1.7712" />
  </node>
  <node id="2208" lat="36.84350629139" lon="128.09283565959">
    <tag k="local_x" v="24.1672" />
    <tag k="local_y" v="-7.4776" />
    <tag k="ele" v="1.4611" />
  </node>
  <node id="2211" lat="36.84349892009" lon="128.09284065293">
    <tag k="local_x" v="24.6124" />
    <tag k="local_y" v="-8.2953" />
    <tag k="ele" v="1.5649" />
  </node>
  <node id="2212" lat="36.84349166867" lon="128.09284597604">
    <tag k="local_x" v="25.0870" />
    <tag k="local_y" v="-9.0997" />
    <tag k="ele" v="1.6337" />
  </node>
  <node id="2213" lat="36.84345840537" lon="128.09287803918">
    <tag k="local_x" v="27.9457" />
    <tag k="local_y" v="-12.7896" />
    <tag k="ele" v="1.7788" />
  </node>
  <node id="2214" lat="36.84348475982" lon="128.09285199678">
    <tag k="local_x" v="25.6238" />
    <tag k="local_y" v="-9.8661" />
    <tag k="ele" v="1.6098" />
  </node>
  <node id="2215" lat="36.84347807993" lon="128.09285839438">
    <tag k="local_x" v="26.1942" />
    <tag k="local_y" v="-10.6071" />
    <tag k="ele" v="1.5564" />
  </node>
  <node id="2216" lat="36.84347130810" lon="128.09286463719">
    <tag k="local_x" v="26.7508" />
    <tag k="local_y" v="-11.3583" />
    <tag k="ele" v="1.6073" />
  </node>
  <node id="2217" lat="36.84346470214" lon="128.09287110769">
    <tag k="local_x" v="27.3277" />
    <tag k="local_y" v="-12.0911" />
    <tag k="ele" v="1.6943" />
  </node>
  <node id="2218" lat="36.84345592728" lon="128.09286139122">
    <tag k="local_x" v="26.4614" />
    <tag k="local_y" v="-13.0645" />
    <tag k="ele" v="1.7277" />
  </node>
  <node id="2225" lat="36.84341118915" lon="128.09291280752">
    <tag k="local_x" v="31.0456" />
    <tag k="local_y" v="-18.0273" />
    <tag k="ele" v="2.1455" />
  </node>
  <node id="2229" lat="36.84339850546" lon="128.09292788291">
    <tag k="local_x" v="32.3897" />
    <tag k="local_y" v="-19.4343" />
    <tag k="ele" v="2.5028" />
  </node>
  <node id="2230" lat="36.84339223484" lon="128.09293602570">
    <tag k="local_x" v="33.1157" />
    <tag k="local_y" v="-20.1299" />
    <tag k="ele" v="2.7539" />
  </node>
  <node id="2231" lat="36.84338708475" lon="128.09294110093">
    <tag k="local_x" v="33.5682" />
    <tag k="local_y" v="-20.7012" />
    <tag k="ele" v="2.8988" />
  </node>
  <node id="2244" lat="36.84334945222" lon="128.09290358544">
    <tag k="local_x" v="30.2234" />
    <tag k="local_y" v="-24.8758" />
    <tag k="ele" v="3.2626" />
  </node>
  <node id="2245" lat="36.84334620067" lon="128.09289165719">
    <tag k="local_x" v="29.1599" />
    <tag k="local_y" v="-25.2365" />
    <tag k="ele" v="3.3071" />
  </node>
  <node id="2246" lat="36.84334335567" lon="128.09287956857">
    <tag k="local_x" v="28.0821" />
    <tag k="local_y" v="-25.5521" />
    <tag k="ele" v="3.3494" />
  </node>
  <node id="2248" lat="36.84334169703" lon="128.09285460284">
    <tag k="local_x" v="25.8562" />
    <tag k="local_y" v="-25.7361" />
    <tag k="ele" v="3.4029" />
  </node>
  <node id="2249" lat="36.84334306909" lon="128.09284280809">
    <tag k="local_x" v="24.8046" />
    <tag k="local_y" v="-25.5839" />
    <tag k="ele" v="3.441" />
  </node>
  <node id="2250" lat="36.84334601421" lon="128.09283152368">
    <tag k="local_x" v="23.7985" />
    <tag k="local_y" v="-25.2572" />
    <tag k="ele" v="3.4928" />
  </node>
  <node id="2251" lat="36.84335159882" lon="128.09282185549">
    <tag k="local_x" v="22.9365" />
    <tag k="local_y" v="-24.6377" />
    <tag k="ele" v="3.5659" />
  </node>
  <node id="2252" lat="36.84335765399" lon="128.09281265951">
    <tag k="local_x" v="22.1166" />
    <tag k="local_y" v="-23.9660" />
    <tag k="ele" v="3.6708" />
  </node>
  <node id="2254" lat="36.84336396248" lon="128.09280372934">
    <tag k="local_x" v="21.3204" />
    <tag k="local_y" v="-23.2662" />
    <tag k="ele" v="3.7753" />
  </node>
  <node id="2255" lat="36.84341242591" lon="128.09292982447">
    <tag k="local_x" v="32.5628" />
    <tag k="local_y" v="-17.8901" />
    <tag k="ele" v="2.3464" />
  </node>
  <node id="2258" lat="36.84340174620" lon="128.09294227420">
    <tag k="local_x" v="33.6728" />
    <tag k="local_y" v="-19.0748" />
    <tag k="ele" v="2.7008" />
  </node>
  <node id="2260" lat="36.84339229248" lon="128.09295325127">
    <tag k="local_x" v="34.6515" />
    <tag k="local_y" v="-20.1235" />
    <tag k="ele" v="2.9456" />
  </node>
  <node id="2261" lat="36.84338436676" lon="128.09295755817">
    <tag k="local_x" v="35.0355" />
    <tag k="local_y" v="-21.0027" />
    <tag k="ele" v="3.0189" />
  </node>
  <node id="2262" lat="36.84337583077" lon="128.09295715099">
    <tag k="local_x" v="34.9992" />
    <tag k="local_y" v="-21.9496" />
    <tag k="ele" v="3.0712" />
  </node>
  <node id="2263" lat="36.84336791772" lon="128.09295272960">
    <tag k="local_x" v="34.6050" />
    <tag k="local_y" v="-22.8274" />
    <tag k="ele" v="3.0862" />
  </node>
  <node id="2264" lat="36.84336090072" lon="128.09294637457">
    <tag k="local_x" v="34.0384" />
    <tag k="local_y" v="-23.6058" />
    <tag k="ele" v="3.1183" />
  </node>
  <node id="2265" lat="36.84335460851" lon="128.09293892599">
    <tag k="local_x" v="33.3743" />
    <tag k="local_y" v="-24.3038" />
    <tag k="ele" v="3.1617" />
  </node>
  <node id="2266" lat="36.84334875801" lon="128.09293093119">
    <tag k="local_x" v="32.6615" />
    <tag k="local_y" v="-24.9528" />
    <tag k="ele" v="3.1943" />
  </node>
  <node id="2268" lat="36.84334004088" lon="128.09291230248">
    <tag k="local_x" v="31.0006" />
    <tag k="local_y" v="-25.9198" />
    <tag k="ele" v="3.2381" />
  </node>
  <node id="2271" lat="36.84333588426" lon="128.09289718889">
    <tag k="local_x" v="29.6531" />
    <tag k="local_y" v="-26.3809" />
    <tag k="ele" v="3.2839" />
  </node>
  <node id="2273" lat="36.84333205758" lon="128.09288194968">
    <tag k="local_x" v="28.2944" />
    <tag k="local_y" v="-26.8054" />
    <tag k="ele" v="3.3501" />
  </node>
  <node id="2274" lat="36.84332935506" lon="128.09285045287">
    <tag k="local_x" v="25.4862" />
    <tag k="local_y" v="-27.1052" />
    <tag k="ele" v="3.4485" />
  </node>
  <node id="2275" lat="36.84333194681" lon="128.09283881628">
    <tag k="local_x" v="24.4487" />
    <tag k="local_y" v="-26.8177" />
    <tag k="ele" v="3.4985" />
  </node>
  <node id="2276" lat="36.84333499018" lon="128.09282733783">
    <tag k="local_x" v="23.4253" />
    <tag k="local_y" v="-26.4801" />
    <tag k="ele" v="3.5651" />
  </node>
  <node id="2277" lat="36.84333917211" lon="128.09281649868">
    <tag k="local_x" v="22.4589" />
    <tag k="local_y" v="-26.0162" />
    <tag k="ele" v="3.6897" />
  </node>
  <node id="2279" lat="36.84334489103" lon="128.09280673069">
    <tag k="local_x" v="21.5880" />
    <tag k="local_y" v="-25.3818" />
    <tag k="ele" v="3.7348" />
  </node>
  <node id="2280" lat="36.84335138161" lon="128.09279769509">
    <tag k="local_x" v="20.7824" />
    <tag k="local_y" v="-24.6618" />
    <tag k="ele" v="3.7311" />
  </node>
  <node id="2296" lat="36.84338076366" lon="128.09294219558">
    <tag k="local_x" v="33.6658" />
    <tag k="local_y" v="-21.4024" />
    <tag k="ele" v="3.0273" />
  </node>
  <node id="2298" lat="36.84337455615" lon="128.09293979869">
    <tag k="local_x" v="33.4521" />
    <tag k="local_y" v="-22.0910" />
    <tag k="ele" v="3.0899" />
  </node>
  <node id="2299" lat="36.84336890848" lon="128.09293579567">
    <tag k="local_x" v="33.0952" />
    <tag k="local_y" v="-22.7175" />
    <tag k="ele" v="3.1683" />
  </node>
  <node id="2300" lat="36.84336397027" lon="128.09293050056">
    <tag k="local_x" v="32.6231" />
    <tag k="local_y" v="-23.2653" />
    <tag k="ele" v="3.22" />
  </node>
  <node id="2301" lat="36.84335962701" lon="128.09292441922">
    <tag k="local_x" v="32.0809" />
    <tag k="local_y" v="-23.7471" />
    <tag k="ele" v="3.2483" />
  </node>
  <node id="2302" lat="36.84335581924" lon="128.09291779839">
    <tag k="local_x" v="31.4906" />
    <tag k="local_y" v="-24.1695" />
    <tag k="ele" v="3.2566" />
  </node>
  <node id="2303" lat="36.84335253432" lon="128.09291075584">
    <tag k="local_x" v="30.8627" />
    <tag k="local_y" v="-24.5339" />
    <tag k="ele" v="3.2608" />
  </node>
  <node id="2304" lat="36.84334401091" lon="128.09292189106">
    <tag k="local_x" v="31.8555" />
    <tag k="local_y" v="-25.4794" />
    <tag k="ele" v="3.219" />
  </node>
  <node id="2306" lat="36.84332918734" lon="128.09286641774">
    <tag k="local_x" v="26.9096" />
    <tag k="local_y" v="-27.1238" />
    <tag k="ele" v="3.4227" />
  </node>
  <node id="2307" lat="36.84334151580" lon="128.09286719955">
    <tag k="local_x" v="26.9793" />
    <tag k="local_y" v="-25.7562" />
    <tag k="ele" v="3.3846" />
  </node>
  <node id="2308" lat="36.84337004559" lon="128.09279449072">
    <tag k="local_x" v="20.4967" />
    <tag k="local_y" v="-22.5914" />
    <tag k="ele" v="3.7971" />
  </node>
  <node id="2309" lat="36.84337588441" lon="128.09278500649">
    <tag k="local_x" v="19.6511" />
    <tag k="local_y" v="-21.9437" />
    <tag k="ele" v="3.7856" />
  </node>
  <node id="2310" lat="36.84335764502" lon="128.09278841946">
    <tag k="local_x" v="19.9554" />
    <tag k="local_y" v="-23.9670" />
    <tag k="ele" v="3.7414" />
  </node>
  <node id="2311" lat="36.84336376510" lon="128.09277899355">
    <tag k="local_x" v="19.1150" />
    <tag k="local_y" v="-23.2881" />
    <tag k="ele" v="3.7559" />
  </node>
  <way id="28">
    <nd ref="26" />
    <nd ref="27" />
    <tag k="type" v="line_thin" />
    <tag k="subtype" v="solid" />
  </way>
  <way id="31">
    <nd ref="29" />
    <nd ref="30" />
    <tag k="type" v="line_thin" />
    <tag k="subtype" v="solid" />
  </way>
  <way id="54">
    <nd ref="52" />
    <nd ref="53" />
    <nd ref="187" />
    <nd ref="188" />
    <nd ref="59" />
    <tag k="type" v="line_thin" />
    <tag k="subtype" v="solid" />
  </way>
  <way id="57">
    <nd ref="55" />
    <nd ref="56" />
    <nd ref="189" />
    <nd ref="190" />
    <nd ref="60" />
    <tag k="type" v="line_thin" />
    <tag k="subtype" v="solid" />
  </way>
  <way id="128">
    <nd ref="126" />
    <nd ref="127" />
    <nd ref="133" />
    <nd ref="2057" />
    <nd ref="2058" />
    <nd ref="135" />
    <tag k="type" v="line_thin" />
    <tag k="subtype" v="solid" />
  </way>
  <way id="131">
    <nd ref="129" />
    <nd ref="130" />
    <nd ref="134" />
    <nd ref="2055" />
    <nd ref="2056" />
    <nd ref="136" />
    <tag k="type" v="line_thin" />
    <tag k="subtype" v="solid" />
  </way>
  <way id="160">
    <nd ref="69" />
    <nd ref="791" />
    <nd ref="798" />
    <nd ref="799" />
    <nd ref="71" />
    <tag k="type" v="line_thin" />
    <tag k="subtype" v="solid" />
  </way>
  <way id="162">
    <nd ref="68" />
    <nd ref="790" />
    <nd ref="800" />
    <nd ref="801" />
    <nd ref="70" />
    <tag k="type" v="line_thin" />
    <tag k="subtype" v="solid" />
  </way>
  <way id="164">
    <nd ref="64" />
    <nd ref="755" />
    <nd ref="756" />
    <nd ref="761" />
    <nd ref="762" />
    <nd ref="786" />
    <nd ref="787" />
    <nd ref="65" />
    <tag k="type" v="line_thin" />
    <tag k="subtype" v="solid" />
  </way>
  <way id="166">
    <nd ref="61" />
    <nd ref="757" />
    <nd ref="764" />
    <nd ref="765" />
    <nd ref="783" />
    <nd ref="784" />
    <nd ref="785" />
    <nd ref="62" />
    <tag k="type" v="line_thin" />
    <tag k="subtype" v="solid" />
  </way>
  <way id="711">
    <nd ref="51" />
    <nd ref="55" />
    <tag k="type" v="line_thin" />
    <tag k="subtype" v="solid" />
  </way>
  <way id="712">
    <nd ref="50" />
    <nd ref="52" />
    <tag k="type" v="line_thin" />
    <tag k="subtype" v="solid" />
  </way>
  <way id="749">
    <nd ref="65" />
    <nd ref="733" />
    <nd ref="734" />
    <nd ref="735" />
    <nd ref="736" />
    <nd ref="737" />
    <nd ref="738" />
    <nd ref="739" />
    <nd ref="740" />
    <nd ref="789" />
    <nd ref="69" />
    <tag k="type" v="line_thin" />
    <tag k="subtype" v="solid" />
  </way>
  <way id="750">
    <nd ref="62" />
    <nd ref="741" />
    <nd ref="742" />
    <nd ref="743" />
    <nd ref="744" />
    <nd ref="745" />
    <nd ref="746" />
    <nd ref="747" />
    <nd ref="748" />
    <nd ref="788" />
    <nd ref="68" />
    <tag k="type" v="line_thin" />
    <tag k="subtype" v="solid" />
  </way>
  <way id="780">
    <nd ref="60" />
    <nd ref="766" />
    <nd ref="767" />
    <nd ref="768" />
    <nd ref="769" />
    <nd ref="770" />
    <nd ref="771" />
    <nd ref="772" />
    <nd ref="64" />
    <tag k="type" v="line_thin" />
    <tag k="subtype" v="solid" />
  </way>
  <way id="781">
    <nd ref="59" />
    <nd ref="773" />
    <nd ref="774" />
    <nd ref="775" />
    <nd ref="776" />
    <nd ref="777" />
    <nd ref="778" />
    <nd ref="779" />
    <nd ref="61" />
    <tag k="type" v="line_thin" />
    <tag k="subtype" v="solid" />
  </way>
  <way id="803">
    <nd ref="49" />
    <nd ref="169" />
    <nd ref="170" />
    <nd ref="171" />
    <nd ref="172" />
    <nd ref="173" />
    <nd ref="174" />
    <nd ref="175" />
    <nd ref="51" />
    <tag k="type" v="line_thin" />
    <tag k="subtype" v="solid" />
  </way>
  <way id="805">
    <nd ref="48" />
    <nd ref="176" />
    <nd ref="177" />
    <nd ref="178" />
    <nd ref="179" />
    <nd ref="180" />
    <nd ref="181" />
    <nd ref="182" />
    <nd ref="50" />
    <tag k="type" v="line_thin" />
    <tag k="subtype" v="solid" />
  </way>
  <way id="839">
    <nd ref="656" />
    <nd ref="657" />
    <nd ref="691" />
    <nd ref="695" />
    <nd ref="696" />
    <nd ref="697" />
    <nd ref="698" />
    <nd ref="844" />
    <nd ref="845" />
    <nd ref="846" />
    <nd ref="683" />
    <tag k="type" v="line_thin" />
    <tag k="subtype" v="solid" />
  </way>
  <way id="840">
    <nd ref="653" />
    <nd ref="654" />
    <nd ref="689" />
    <nd ref="694" />
    <nd ref="699" />
    <nd ref="700" />
    <nd ref="701" />
    <nd ref="841" />
    <nd ref="842" />
    <nd ref="843" />
    <nd ref="680" />
    <tag k="type" v="line_thin" />
    <tag k="subtype" v="solid" />
  </way>
  <way id="852">
    <nd ref="4" />
    <nd ref="5" />
    <nd ref="185" />
    <nd ref="186" />
    <tag k="type" v="line_thin" />
    <tag k="subtype" v="solid" />
  </way>
  <way id="854">
    <nd ref="1" />
    <nd ref="2" />
    <nd ref="183" />
    <nd ref="184" />
    <tag k="type" v="line_thin" />
    <tag k="subtype" v="solid" />
  </way>
  <way id="884">
    <nd ref="683" />
    <nd ref="684" />
    <nd ref="688" />
    <nd ref="818" />
    <nd ref="822" />
    <nd ref="865" />
    <nd ref="869" />
    <tag k="type" v="line_thin" />
    <tag k="subtype" v="solid" />
  </way>
  <way id="885">
    <nd ref="869" />
    <nd ref="875" />
    <nd ref="876" />
    <nd ref="882" />
    <nd ref="894" />
    <nd ref="895" />
    <nd ref="896" />
    <nd ref="4" />
    <tag k="type" v="line_thin" />
    <tag k="subtype" v="solid" />
  </way>
  <way id="886">
    <nd ref="680" />
    <nd ref="681" />
    <nd ref="687" />
    <nd ref="816" />
    <nd ref="821" />
    <nd ref="863" />
    <nd ref="868" />
    <tag k="type" v="line_thin" />
    <tag k="subtype" v="solid" />
  </way>
  <way id="887">
    <nd ref="868" />
    <nd ref="877" />
    <nd ref="878" />
    <nd ref="879" />
    <nd ref="883" />
    <nd ref="897" />
    <nd ref="898" />
    <nd ref="1" />
    <tag k="type" v="line_thin" />
    <tag k="subtype" v="solid" />
  </way>
  <way id="935">
    <nd ref="186" />
    <nd ref="901" />
    <nd ref="905" />
    <nd ref="907" />
    <nd ref="909" />
    <nd ref="911" />
    <nd ref="913" />
    <nd ref="939" />
    <nd ref="940" />
    <nd ref="29" />
    <tag k="type" v="line_thin" />
    <tag k="subtype" v="solid" />
  </way>
  <way id="936">
    <nd ref="184" />
    <nd ref="899" />
    <nd ref="904" />
    <nd ref="906" />
    <nd ref="908" />
    <nd ref="910" />
    <nd ref="912" />
    <nd ref="937" />
    <nd ref="938" />
    <nd ref="26" />
    <tag k="type" v="line_thin" />
    <tag k="subtype" v="solid" />
  </way>
  <way id="950">
    <nd ref="37" />
    <nd ref="41" />
    <nd ref="43" />
    <nd ref="45" />
    <nd ref="47" />
    <nd ref="810" />
    <nd ref="811" />
    <nd ref="812" />
    <nd ref="49" />
    <tag k="type" v="line_thin" />
    <tag k="subtype" v="solid" />
  </way>
  <way id="952">
    <nd ref="34" />
    <nd ref="40" />
    <nd ref="42" />
    <nd ref="44" />
    <nd ref="46" />
    <nd ref="807" />
    <nd ref="808" />
    <nd ref="809" />
    <nd ref="48" />
    <tag k="type" v="line_thin" />
    <tag k="subtype" v="solid" />
  </way>
  <way id="954">
    <nd ref="30" />
    <nd ref="919" />
    <nd ref="923" />
    <nd ref="925" />
    <nd ref="927" />
    <nd ref="929" />
    <nd ref="931" />
    <nd ref="943" />
    <nd ref="944" />
    <nd ref="945" />
    <nd ref="36" />
    <nd ref="956" />
    <nd ref="957" />
    <nd ref="958" />
    <nd ref="37" />
    <tag k="type" v="line_thin" />
    <tag k="subtype" v="solid" />
  </way>
  <way id="955">
    <nd ref="27" />
    <nd ref="917" />
    <nd ref="922" />
    <nd ref="924" />
    <nd ref="928" />
    <nd ref="930" />
    <nd ref="946" />
    <nd ref="947" />
    <nd ref="948" />
    <nd ref="33" />
    <nd ref="959" />
    <nd ref="960" />
    <nd ref="961" />
    <nd ref="962" />
    <nd ref="34" />
    <tag k="type" v="line_thin" />
    <tag k="subtype" v="solid" />
  </way>
  <way id="1088">
    <nd ref="426" />
    <nd ref="565" />
    <nd ref="566" />
    <nd ref="567" />
    <nd ref="568" />
    <nd ref="437" />
    <nd ref="607" />
    <nd ref="438" />
    <tag k="type" v="line_thin" />
    <tag k="subtype" v="solid" />
  </way>
  <way id="1089">
    <nd ref="425" />
    <nd ref="569" />
    <nd ref="570" />
    <nd ref="571" />
    <nd ref="572" />
    <nd ref="434" />
    <nd ref="606" />
    <nd ref="435" />
    <tag k="type" v="line_thin" />
    <tag k="subtype" v="solid" />
  </way>
  <way id="1094">
    <nd ref="237" />
    <nd ref="238" />
    <nd ref="239" />
    <nd ref="100" />
    <nd ref="342" />
    <nd ref="343" />
    <nd ref="344" />
    <nd ref="345" />
    <nd ref="346" />
    <nd ref="129" />
    <tag k="type" v="line_thin" />
    <tag k="subtype" v="solid" />
  </way>
  <way id="1095">
    <nd ref="240" />
    <nd ref="241" />
    <nd ref="242" />
    <nd ref="99" />
    <nd ref="347" />
    <nd ref="348" />
    <nd ref="349" />
    <nd ref="350" />
    <nd ref="351" />
    <nd ref="126" />
    <tag k="type" v="line_thin" />
    <tag k="subtype" v="solid" />
  </way>
  <way id="1103">
    <nd ref="71" />
    <nd ref="795" />
    <nd ref="796" />
    <nd ref="797" />
    <nd ref="82" />
    <nd ref="83" />
    <tag k="type" v="line_thin" />
    <tag k="subtype" v="solid" />
  </way>
  <way id="1104">
    <nd ref="70" />
    <nd ref="792" />
    <nd ref="793" />
    <nd ref="794" />
    <nd ref="79" />
    <nd ref="80" />
    <tag k="type" v="line_thin" />
    <tag k="subtype" v="solid" />
  </way>
  <way id="1210">
    <nd ref="1208" />
    <nd ref="1212" />
    <nd ref="1213" />
    <nd ref="1217" />
    <nd ref="1218" />
    <nd ref="1208" />
    <tag k="type" v="line_thin" />
    <tag k="subtype" v="solid" />
  </way>
  <way id="1232">
    <nd ref="1222" />
    <nd ref="1225" />
    <nd ref="1226" />
    <nd ref="1230" />
    <nd ref="1231" />
    <nd ref="1222" />
    <tag k="type" v="line_thin" />
    <tag k="subtype" v="solid" />
  </way>
  <way id="1244">
    <nd ref="1234" />
    <nd ref="1237" />
    <nd ref="1238" />
    <nd ref="1242" />
    <nd ref="1243" />
    <nd ref="1234" />
    <tag k="type" v="line_thin" />
    <tag k="subtype" v="solid" />
  </way>
  <way id="1253">
    <nd ref="1246" />
    <nd ref="1247" />
    <nd ref="1248" />
    <nd ref="1251" />
    <nd ref="1252" />
    <nd ref="1246" />
    <tag k="type" v="line_thin" />
    <tag k="subtype" v="solid" />
  </way>
  <way id="1262">
    <nd ref="1255" />
    <nd ref="1256" />
    <nd ref="1257" />
    <nd ref="1260" />
    <nd ref="1261" />
    <nd ref="1255" />
    <tag k="type" v="line_thin" />
    <tag k="subtype" v="solid" />
  </way>
  <way id="1271">
    <nd ref="1264" />
    <nd ref="1265" />
    <nd ref="1266" />
    <nd ref="1269" />
    <nd ref="1270" />
    <nd ref="1264" />
    <tag k="type" v="line_thin" />
    <tag k="subtype" v="solid" />
  </way>
  <way id="1280">
    <nd ref="1273" />
    <nd ref="1274" />
    <nd ref="1275" />
    <nd ref="1278" />
    <nd ref="1279" />
    <nd ref="1273" />
    <tag k="type" v="line_thin" />
    <tag k="subtype" v="solid" />
  </way>
  <way id="1292">
    <nd ref="1282" />
    <nd ref="1285" />
    <nd ref="1286" />
    <nd ref="1290" />
    <nd ref="1291" />
    <nd ref="1282" />
    <tag k="type" v="line_thin" />
    <tag k="subtype" v="solid" />
  </way>
  <way id="1304">
    <nd ref="1294" />
    <nd ref="1297" />
    <nd ref="1298" />
    <nd ref="1302" />
    <nd ref="1303" />
    <nd ref="1294" />
    <tag k="type" v="line_thin" />
    <tag k="subtype" v="solid" />
  </way>
  <way id="1316">
    <nd ref="1306" />
    <nd ref="1309" />
    <nd ref="1310" />
    <nd ref="1314" />
    <nd ref="1315" />
    <nd ref="1306" />
    <tag k="type" v="line_thin" />
    <tag k="subtype" v="solid" />
  </way>
  <way id="1328">
    <nd ref="1318" />
    <nd ref="1321" />
    <nd ref="1322" />
    <nd ref="1326" />
    <nd ref="1327" />
    <nd ref="1318" />
    <tag k="type" v="line_thin" />
    <tag k="subtype" v="solid" />
  </way>
  <way id="1340">
    <nd ref="1330" />
    <nd ref="1333" />
    <nd ref="1334" />
    <nd ref="1338" />
    <nd ref="1339" />
    <nd ref="1330" />
    <tag k="type" v="line_thin" />
    <tag k="subtype" v="solid" />
  </way>
  <way id="1352">
    <nd ref="1342" />
    <nd ref="1345" />
    <nd ref="1346" />
    <nd ref="1350" />
    <nd ref="1351" />
    <nd ref="1342" />
    <tag k="type" v="line_thin" />
    <tag k="subtype" v="solid" />
  </way>
  <way id="1409">
    <nd ref="1407" />
    <nd ref="1739" />
    <nd ref="1738" />
    <nd ref="1737" />
    <nd ref="1736" />
    <nd ref="1734" />
    <nd ref="1733" />
    <nd ref="1732" />
    <nd ref="1731" />
    <nd ref="1730" />
    <nd ref="1729" />
    <nd ref="1728" />
    <nd ref="1727" />
    <nd ref="1726" />
    <nd ref="1725" />
    <nd ref="1724" />
    <nd ref="1723" />
    <nd ref="1722" />
    <nd ref="1721" />
    <nd ref="1720" />
    <nd ref="1719" />
    <nd ref="1408" />
    <tag k="type" v="line_thin" />
    <tag k="subtype" v="solid" />
  </way>
  <way id="1412">
    <nd ref="1410" />
    <nd ref="1740" />
    <nd ref="1741" />
    <nd ref="1742" />
    <nd ref="1743" />
    <nd ref="1744" />
    <nd ref="1745" />
    <nd ref="1746" />
    <nd ref="1747" />
    <nd ref="1748" />
    <nd ref="1749" />
    <nd ref="1750" />
    <nd ref="1751" />
    <nd ref="1753" />
    <nd ref="1754" />
    <nd ref="1755" />
    <nd ref="1757" />
    <nd ref="1758" />
    <nd ref="1764" />
    <nd ref="1761" />
    <nd ref="1411" />
    <tag k="type" v="line_thin" />
    <tag k="subtype" v="solid" />
  </way>
  <way id="1689">
    <nd ref="1586" />
    <nd ref="1674" />
    <tag k="type" v="line_thin" />
    <tag k="subtype" v="solid" />
  </way>
  <way id="1690">
    <nd ref="1585" />
    <nd ref="1676" />
    <tag k="type" v="line_thin" />
    <tag k="subtype" v="solid" />
  </way>
  <way id="1691">
    <nd ref="1587" />
    <nd ref="1678" />
    <tag k="type" v="line_thin" />
    <tag k="subtype" v="solid" />
  </way>
  <way id="1692">
    <nd ref="1588" />
    <nd ref="1680" />
    <tag k="type" v="line_thin" />
    <tag k="subtype" v="solid" />
  </way>
  <way id="1693">
    <nd ref="1589" />
    <nd ref="1682" />
    <tag k="type" v="line_thin" />
    <tag k="subtype" v="solid" />
  </way>
  <way id="1694">
    <nd ref="1590" />
    <nd ref="1684" />
    <tag k="type" v="line_thin" />
    <tag k="subtype" v="solid" />
  </way>
  <way id="1776">
    <nd ref="1722" />
    <nd ref="1757" />
    <nd ref="1758" />
    <nd ref="1721" />
    <nd ref="1722" />
    <tag k="type" v="pedestrian_marking" />
    <tag k="subtype" v="solid" />
  </way>
  <way id="1780">
    <nd ref="1753" />
    <nd ref="1725" />
    <nd ref="1726" />
    <nd ref="1751" />
    <nd ref="1753" />
    <tag k="type" v="pedestrian_marking" />
    <tag k="subtype" v="solid" />
  </way>
  <way id="1783">
    <nd ref="1747" />
    <nd ref="1730" />
    <nd ref="1729" />
    <nd ref="1748" />
    <nd ref="1747" />
    <tag k="type" v="pedestrian_marking" />
    <tag k="subtype" v="solid" />
  </way>
  <way id="1787">
    <nd ref="1733" />
    <nd ref="1744" />
    <nd ref="1743" />
    <nd ref="1734" />
    <nd ref="1733" />
    <tag k="type" v="pedestrian_marking" />
    <tag k="subtype" v="solid" />
  </way>
  <way id="1803">
    <nd ref="1719" />
    <nd ref="1720" />
    <nd ref="1764" />
    <nd ref="1761" />
    <nd ref="1719" />
    <tag k="type" v="pedestrian_marking" />
    <tag k="subtype" v="solid" />
  </way>
  <way id="1810">
    <nd ref="1724" />
    <nd ref="1754" />
    <nd ref="1755" />
    <nd ref="1723" />
    <nd ref="1724" />
    <tag k="type" v="pedestrian_marking" />
    <tag k="subtype" v="solid" />
  </way>
  <way id="1826">
    <nd ref="1749" />
    <nd ref="1750" />
    <nd ref="1727" />
    <nd ref="1728" />
    <nd ref="1749" />
    <tag k="type" v="pedestrian_marking" />
    <tag k="subtype" v="solid" />
  </way>
  <way id="1830">
    <nd ref="1746" />
    <nd ref="1731" />
    <nd ref="1732" />
    <nd ref="1745" />
    <nd ref="1746" />
    <tag k="type" v="pedestrian_marking" />
    <tag k="subtype" v="solid" />
  </way>
  <way id="1834">
    <nd ref="1741" />
    <nd ref="1742" />
    <nd ref="1736" />
    <nd ref="1737" />
    <nd ref="1741" />
    <tag k="type" v="pedestrian_marking" />
    <tag k="subtype" v="solid" />
  </way>
  <way id="1835">
    <nd ref="1738" />
    <nd ref="1740" />
    <nd ref="1410" />
    <nd ref="1739" />
    <nd ref="1738" />
    <tag k="type" v="pedestrian_marking" />
    <tag k="subtype" v="solid" />
  </way>
  <way id="1836">
    <nd ref="1625" />
    <nd ref="1673" />
    <tag k="type" v="parking_space" />
    <tag k="subtype" v="dashed" />
    <tag k="widht" v="1.9" />
  </way>
  <way id="1837">
    <nd ref="1627" />
    <nd ref="1675" />
    <tag k="type" v="parking_space" />
    <tag k="subtype" v="dashed" />
    <tag k="width" v="1.9" />
  </way>
  <way id="1838">
    <nd ref="1628" />
    <nd ref="1677" />
    <tag k="type" v="parking_space" />
    <tag k="subtype" v="dashed" />
    <tag k="width" v="1.9" />
  </way>
  <way id="1839">
    <nd ref="1629" />
    <nd ref="1679" />
    <tag k="type" v="parking_space" />
    <tag k="subtype" v="dashed" />
    <tag k="width" v="1.9" />
  </way>
  <way id="1840">
    <nd ref="1630" />
    <nd ref="1681" />
    <tag k="type" v="parking_space" />
    <tag k="subtype" v="dashed" />
    <tag k="width" v="1.9" />
  </way>
  <way id="1841">
    <nd ref="1632" />
    <nd ref="1683" />
    <tag k="type" v="parking_space" />
    <tag k="subtype" v="dashed" />
    <tag k="width" v="1.9" />
  </way>
  <way id="1842">
    <nd ref="1633" />
    <nd ref="1685" />
    <tag k="type" v="parking_space" />
    <tag k="subtype" v="dashed" />
    <tag k="width" v="1.9" />
  </way>
  <way id="1846">
    <nd ref="1868" />
    <nd ref="1633" />
    <nd ref="1590" />
    <nd ref="1632" />
    <nd ref="1589" />
    <nd ref="1630" />
    <nd ref="1588" />
    <nd ref="1629" />
    <nd ref="1587" />
    <nd ref="1628" />
    <nd ref="1585" />
    <nd ref="1627" />
    <nd ref="1586" />
    <nd ref="1625" />
    <nd ref="1598" />
    <nd ref="1672" />
    <nd ref="1673" />
    <nd ref="1674" />
    <nd ref="1675" />
    <nd ref="1676" />
    <nd ref="1677" />
    <nd ref="1678" />
    <nd ref="1679" />
    <nd ref="1680" />
    <nd ref="1681" />
    <nd ref="1682" />
    <nd ref="1683" />
    <nd ref="1684" />
    <nd ref="1685" />
    <nd ref="1866" />
    <nd ref="1856" />
    <nd ref="1851" />
    <nd ref="1848" />
    <nd ref="1855" />
    <nd ref="1868" />
    <tag k="type" v="line_thin" />
    <tag k="subtype" v="solid" />
  </way>
  <way id="1857">
    <nd ref="1855" />
    <nd ref="1856" />
    <tag k="type" v="parking_space" />
    <tag k="subtype" v="dashed" />
    <tag k="width" v="1.9" />
  </way>
  <way id="1872">
    <nd ref="1866" />
    <nd ref="1868" />
    <tag k="type" v="line_thin" />
    <tag k="subtype" v="solid" />
  </way>
  <way id="1888">
    <nd ref="1876" />
    <nd ref="1884" />
    <tag k="type" v="line_thin" />
    <tag k="subtype" v="solid" />
  </way>
  <way id="1889">
    <nd ref="1883" />
    <nd ref="1874" />
    <tag k="type" v="line_thin" />
    <tag k="subtype" v="solid" />
  </way>
  <way id="1890">
    <nd ref="1851" />
    <nd ref="1873" />
    <nd ref="1893" />
    <nd ref="1874" />
    <nd ref="1895" />
    <nd ref="1876" />
    <nd ref="1897" />
    <nd ref="1878" />
    <nd ref="1885" />
    <nd ref="1896" />
    <nd ref="1884" />
    <nd ref="1894" />
    <nd ref="1883" />
    <nd ref="1892" />
    <nd ref="1848" />
    <tag k="type" v="line_thin" />
    <tag k="subtype" v="solid" />
  </way>
  <way id="1898">
    <nd ref="1892" />
    <nd ref="1893" />
    <tag k="type" v="parking_space" />
    <tag k="subtype" v="dashed" />
    <tag k="width" v="1.9" />
  </way>
  <way id="1899">
    <nd ref="1894" />
    <nd ref="1895" />
    <tag k="type" v="parking_space" />
    <tag k="subtype" v="dashed" />
    <tag k="width" v="1.9" />
  </way>
  <way id="1900">
    <nd ref="1896" />
    <nd ref="1897" />
    <tag k="type" v="parking_space" />
    <tag k="subtype" v="dashed" />
    <tag k="width" v="1.9" />
  </way>
  <way id="1995">
    <nd ref="1901" />
    <nd ref="1915" />
    <nd ref="1904" />
    <nd ref="1916" />
    <nd ref="1905" />
    <nd ref="1917" />
    <nd ref="1906" />
    <nd ref="1918" />
    <nd ref="1907" />
    <nd ref="1919" />
    <nd ref="1908" />
    <nd ref="1920" />
    <nd ref="1909" />
    <nd ref="1921" />
    <nd ref="1910" />
    <nd ref="1922" />
    <nd ref="1911" />
    <nd ref="1923" />
    <nd ref="1912" />
    <nd ref="1924" />
    <nd ref="1913" />
    <nd ref="1925" />
    <nd ref="1914" />
    <nd ref="1996" />
    <nd ref="1994" />
    <nd ref="1993" />
    <nd ref="2029" />
    <nd ref="1999" />
    <nd ref="2028" />
    <nd ref="2000" />
    <nd ref="2026" />
    <nd ref="2001" />
    <nd ref="2025" />
    <nd ref="1992" />
    <nd ref="1991" />
    <nd ref="2024" />
    <nd ref="2002" />
    <nd ref="2023" />
    <nd ref="2003" />
    <nd ref="2022" />
    <nd ref="2004" />
    <nd ref="2021" />
    <nd ref="1990" />
    <nd ref="2020" />
    <nd ref="1989" />
    <nd ref="2019" />
    <nd ref="1988" />
    <nd ref="2018" />
    <nd ref="1986" />
    <nd ref="2017" />
    <nd ref="1979" />
    <nd ref="1901" />
    <tag k="type" v="line_thin" />
    <tag k="subtype" v="solid" />
  </way>
  <way id="2006">
    <nd ref="1904" />
    <nd ref="1986" />
    <tag k="type" v="line_thin" />
    <tag k="subtype" v="solid" />
  </way>
  <way id="2007">
    <nd ref="1905" />
    <nd ref="1988" />
    <tag k="type" v="line_thin" />
    <tag k="subtype" v="solid" />
  </way>
  <way id="2008">
    <nd ref="1906" />
    <nd ref="1989" />
    <tag k="type" v="line_thin" />
    <tag k="subtype" v="solid" />
  </way>
  <way id="2009">
    <nd ref="1907" />
    <nd ref="1990" />
    <tag k="type" v="line_thin" />
    <tag k="subtype" v="solid" />
  </way>
  <way id="2010">
    <nd ref="1908" />
    <nd ref="2004" />
    <tag k="type" v="line_thin" />
    <tag k="subtype" v="solid" />
  </way>
  <way id="2011">
    <nd ref="1909" />
    <nd ref="2003" />
    <tag k="type" v="line_thin" />
    <tag k="subtype" v="solid" />
  </way>
  <way id="2012">
    <nd ref="1910" />
    <nd ref="2002" />
    <tag k="type" v="line_thin" />
    <tag k="subtype" v="solid" />
  </way>
  <way id="2013">
    <nd ref="1911" />
    <nd ref="1991" />
    <tag k="type" v="line_thin" />
    <tag k="subtype" v="solid" />
  </way>
  <way id="2014">
    <nd ref="1912" />
    <nd ref="2001" />
    <tag k="type" v="line_thin" />
    <tag k="subtype" v="solid" />
  </way>
  <way id="2015">
    <nd ref="1913" />
    <nd ref="2000" />
    <tag k="type" v="line_thin" />
    <tag k="subtype" v="solid" />
  </way>
  <way id="2016">
    <nd ref="1914" />
    <nd ref="1999" />
    <tag k="type" v="line_thin" />
    <tag k="subtype" v="solid" />
  </way>
  <way id="2030">
    <nd ref="1915" />
    <nd ref="2017" />
    <tag k="type" v="parking_space" />
    <tag k="subtype" v="dashed" />
    <tag k="width" v="1.9" />
  </way>
  <way id="2031">
    <nd ref="1916" />
    <nd ref="2018" />
    <tag k="type" v="parking_space" />
    <tag k="subtype" v="dashed" />
    <tag k="width" v="1.9" />
  </way>
  <way id="2032">
    <nd ref="1917" />
    <nd ref="2019" />
    <tag k="type" v="parking_space" />
    <tag k="subtype" v="dashed" />
    <tag k="width" v="1.9" />
  </way>
  <way id="2033">
    <nd ref="1918" />
    <nd ref="2020" />
    <tag k="type" v="parking_space" />
    <tag k="subtype" v="dashed" />
    <tag k="width" v="1.9" />
  </way>
  <way id="2034">
    <nd ref="1919" />
    <nd ref="2021" />
    <tag k="type" v="parking_space" />
    <tag k="subtype" v="dashed" />
    <tag k="width" v="1.9" />
  </way>
  <way id="2035">
    <nd ref="1921" />
    <nd ref="2023" />
    <tag k="type" v="parking_space" />
    <tag k="subtype" v="dashed" />
    <tag k="width" v="1.9" />
  </way>
  <way id="2036">
    <nd ref="1922" />
    <nd ref="2024" />
    <tag k="type" v="parking_space" />
    <tag k="subtype" v="dashed" />
    <tag k="width" v="1.9" />
  </way>
  <way id="2037">
    <nd ref="1923" />
    <nd ref="2025" />
    <tag k="type" v="parking_space" />
    <tag k="subtype" v="dashed" />
    <tag k="width" v="1.9" />
  </way>
  <way id="2038">
    <nd ref="1924" />
    <nd ref="2026" />
    <tag k="type" v="parking_space" />
    <tag k="subtype" v="dashed" />
    <tag k="width" v="1.9" />
  </way>
  <way id="2039">
    <nd ref="1925" />
    <nd ref="2028" />
    <tag k="type" v="parking_space" />
    <tag k="subtype" v="dashed" />
    <tag k="width" v="1.9" />
  </way>
  <way id="2040">
    <nd ref="1996" />
    <nd ref="2029" />
    <tag k="type" v="parking_space" />
    <tag k="subtype" v="dashed" />
    <tag k="width" v="1.9" />
  </way>
  <way id="2041">
    <nd ref="1920" />
    <nd ref="2022" />
    <tag k="type" v="parking_space" />
    <tag k="subtype" v="dashed" />
    <tag k="width" v="1.9" />
  </way>
  <way id="2061">
    <nd ref="80" />
    <nd ref="2060" />
    <nd ref="2062" />
    <nd ref="2063" />
    <nd ref="2064" />
    <nd ref="2065" />
    <nd ref="2066" />
    <nd ref="2067" />
    <nd ref="2068" />
    <nd ref="2069" />
    <nd ref="2071" />
    <nd ref="2072" />
    <nd ref="2073" />
    <nd ref="2074" />
    <nd ref="2070" />
    <nd ref="240" />
    <tag k="type" v="line_thin" />
    <tag k="subtype" v="solid" />
  </way>
  <way id="2076">
    <nd ref="83" />
    <nd ref="2075" />
    <nd ref="2077" />
    <nd ref="2078" />
    <nd ref="2079" />
    <nd ref="2080" />
    <nd ref="2081" />
    <nd ref="2082" />
    <nd ref="2083" />
    <nd ref="2084" />
    <nd ref="2087" />
    <nd ref="2088" />
    <nd ref="2089" />
    <nd ref="2091" />
    <nd ref="2092" />
    <nd ref="2090" />
    <nd ref="237" />
    <tag k="type" v="line_thin" />
    <tag k="subtype" v="solid" />
  </way>
  <way id="2095">
    <nd ref="135" />
    <nd ref="2094" />
    <nd ref="2096" />
    <nd ref="2098" />
    <nd ref="2099" />
    <nd ref="2100" />
    <nd ref="2101" />
    <nd ref="2102" />
    <nd ref="2142" />
    <nd ref="2143" />
    <nd ref="2144" />
    <nd ref="2145" />
    <nd ref="2146" />
    <nd ref="2103" />
    <tag k="type" v="line_thin" />
    <tag k="subtype" v="solid" />
  </way>
  <way id="2109">
    <nd ref="2103" />
    <nd ref="2108" />
    <nd ref="2152" />
    <nd ref="2153" />
    <nd ref="2111" />
    <tag k="type" v="line_thin" />
    <tag k="subtype" v="solid" />
  </way>
  <way id="2131">
    <nd ref="136" />
    <nd ref="2123" />
    <nd ref="2124" />
    <nd ref="2125" />
    <nd ref="2126" />
    <nd ref="2127" />
    <nd ref="2128" />
    <nd ref="2129" />
    <nd ref="2137" />
    <nd ref="2138" />
    <nd ref="2139" />
    <nd ref="2140" />
    <nd ref="2141" />
    <nd ref="2130" />
    <tag k="type" v="line_thin" />
    <tag k="subtype" v="solid" />
  </way>
  <way id="2148">
    <nd ref="2130" />
    <nd ref="2147" />
    <nd ref="2150" />
    <nd ref="2151" />
    <nd ref="2149" />
    <tag k="type" v="line_thin" />
    <tag k="subtype" v="solid" />
  </way>
  <way id="2156">
    <nd ref="2111" />
    <nd ref="2155" />
    <nd ref="2157" />
    <nd ref="2158" />
    <nd ref="2160" />
    <nd ref="2186" />
    <nd ref="2187" />
    <nd ref="2188" />
    <nd ref="2161" />
    <tag k="type" v="line_thin" />
    <tag k="subtype" v="solid" />
  </way>
  <way id="2167">
    <nd ref="2161" />
    <nd ref="2166" />
    <nd ref="2170" />
    <nd ref="2191" />
    <nd ref="2171" />
    <tag k="type" v="line_thin" />
    <tag k="subtype" v="solid" />
  </way>
  <way id="2173">
    <nd ref="2149" />
    <nd ref="2172" />
    <nd ref="2174" />
    <nd ref="2175" />
    <nd ref="2182" />
    <nd ref="2183" />
    <nd ref="2184" />
    <nd ref="2185" />
    <nd ref="2176" />
    <tag k="type" v="line_thin" />
    <tag k="subtype" v="solid" />
  </way>
  <way id="2181">
    <nd ref="2176" />
    <nd ref="2177" />
    <nd ref="2179" />
    <nd ref="2190" />
    <nd ref="2180" />
    <tag k="type" v="line_thin" />
    <tag k="subtype" v="solid" />
  </way>
  <way id="2195">
    <nd ref="2171" />
    <nd ref="2194" />
    <nd ref="2196" />
    <nd ref="2197" />
    <nd ref="2202" />
    <nd ref="2204" />
    <nd ref="2206" />
    <nd ref="2218" />
    <nd ref="2207" />
    <nd ref="425" />
    <tag k="type" v="line_thin" />
    <tag k="subtype" v="solid" />
  </way>
  <way id="2209">
    <nd ref="2180" />
    <nd ref="2208" />
    <nd ref="2211" />
    <nd ref="2212" />
    <nd ref="2214" />
    <nd ref="2215" />
    <nd ref="2216" />
    <nd ref="2217" />
    <nd ref="2213" />
    <nd ref="426" />
    <tag k="type" v="line_thin" />
    <tag k="subtype" v="solid" />
  </way>
  <way id="2226">
    <nd ref="435" />
    <nd ref="2225" />
    <nd ref="2229" />
    <nd ref="2230" />
    <nd ref="2231" />
    <tag k="type" v="line_thin" />
    <tag k="subtype" v="solid" />
  </way>
  <way id="2256">
    <nd ref="438" />
    <nd ref="2255" />
    <nd ref="2258" />
    <nd ref="2260" />
    <tag k="type" v="line_thin" />
    <tag k="subtype" v="solid" />
  </way>
  <way id="2283">
    <nd ref="2248" />
    <nd ref="2249" />
    <nd ref="2250" />
    <nd ref="2251" />
    <nd ref="2252" />
    <nd ref="2254" />
    <nd ref="2308" />
    <nd ref="2309" />
    <nd ref="653" />
    <tag k="type" v="line_thin" />
    <tag k="subtype" v="solid" />
  </way>
  <way id="2284">
    <nd ref="2274" />
    <nd ref="2275" />
    <nd ref="2276" />
    <nd ref="2277" />
    <nd ref="2279" />
    <nd ref="2280" />
    <nd ref="2310" />
    <nd ref="2311" />
    <nd ref="656" />
    <tag k="type" v="line_thin" />
    <tag k="subtype" v="solid" />
  </way>
  <way id="2288">
    <nd ref="2260" />
    <nd ref="2261" />
    <nd ref="2262" />
    <nd ref="2263" />
    <nd ref="2264" />
    <nd ref="2265" />
    <nd ref="2266" />
    <nd ref="2304" />
    <nd ref="2268" />
    <tag k="type" v="line_thin" />
    <tag k="subtype" v="solid" />
  </way>
  <way id="2289">
    <nd ref="2268" />
    <nd ref="2271" />
    <nd ref="2273" />
    <nd ref="2306" />
    <nd ref="2274" />
    <tag k="type" v="line_thin" />
    <tag k="subtype" v="solid" />
  </way>
  <way id="2291">
    <nd ref="2244" />
    <nd ref="2245" />
    <nd ref="2246" />
    <nd ref="2307" />
    <nd ref="2248" />
    <tag k="type" v="line_thin" />
    <tag k="subtype" v="solid" />
  </way>
  <way id="2297">
    <nd ref="2231" />
    <nd ref="2296" />
    <nd ref="2298" />
    <nd ref="2299" />
    <nd ref="2300" />
    <nd ref="2301" />
    <nd ref="2302" />
    <nd ref="2303" />
    <nd ref="2244" />
    <tag k="type" v="line_thin" />
    <tag k="subtype" v="solid" />
  </way>
  <way id="1146">
    <nd ref="1126" />
    <nd ref="1127" />
    <nd ref="1129" />
    <nd ref="1130" />
    <nd ref="1131" />
    <nd ref="1132" />
    <nd ref="1133" />
    <nd ref="1134" />
    <nd ref="1135" />
    <nd ref="1136" />
    <nd ref="1137" />
    <nd ref="1138" />
    <nd ref="1139" />
    <nd ref="1140" />
    <nd ref="1141" />
    <nd ref="1142" />
    <nd ref="1143" />
    <nd ref="1144" />
    <nd ref="1145" />
    <tag k="area" v="yes" />
  </way>
  <way id="1378">
    <nd ref="1354" />
    <nd ref="1355" />
    <nd ref="1357" />
    <nd ref="1358" />
    <nd ref="1359" />
    <nd ref="1360" />
    <nd ref="1361" />
    <nd ref="1362" />
    <nd ref="1363" />
    <nd ref="1364" />
    <nd ref="1365" />
    <nd ref="1366" />
    <nd ref="1367" />
    <nd ref="1368" />
    <nd ref="1369" />
    <nd ref="1370" />
    <nd ref="1371" />
    <nd ref="1372" />
    <nd ref="1373" />
    <nd ref="1374" />
    <nd ref="1375" />
    <nd ref="1376" />
    <nd ref="1377" />
    <tag k="area" v="yes" />
  </way>
  <way id="1615">
    <nd ref="1605" />
    <nd ref="1606" />
    <nd ref="1609" />
    <nd ref="1610" />
    <nd ref="1844" />
    <nd ref="1843" />
    <nd ref="1611" />
    <nd ref="1845" />
    <nd ref="1612" />
    <nd ref="1613" />
    <nd ref="1614" />
    <tag k="type" v="parking_lot" />
    <tag k="area" v="yes" />
  </way>
  <way id="2048">
    <nd ref="2042" />
    <nd ref="2043" />
    <nd ref="2045" />
    <nd ref="2046" />
    <nd ref="2047" />
    <tag k="type" v="drop_zone" />
    <tag k="area" v="yes" />
  </way>
  <way id="2054">
    <nd ref="2049" />
    <nd ref="2050" />
    <nd ref="2051" />
    <nd ref="2052" />
    <nd ref="2053" />
    <tag k="type" v="drop_zone" />
    <tag k="area" v="yes" />
  </way>
  <relation id="32">
    <member type="way" role="left" ref="31" />
    <member type="way" role="right" ref="28" />
    <tag k="type" v="lanelet" />
    <tag k="subtype" v="road" />
    <tag k="speed_limit" v="10" />
    <tag k="location" v="urban" />
    <tag k="one_way" v="yes" />
    <tag k="turn_direction" v="straight" />
  </relation>
  <relation id="58">
    <member type="way" role="left" ref="57" />
    <member type="way" role="right" ref="54" />
    <tag k="type" v="lanelet" />
    <tag k="subtype" v="road" />
    <tag k="speed_limit" v="10" />
    <tag k="location" v="urban" />
    <tag k="one_way" v="yes" />
    <tag k="turn_direction" v="straight" />
  </relation>
  <relation id="67">
    <member type="way" role="left" ref="164" />
    <member type="way" role="right" ref="166" />
    <tag k="type" v="lanelet" />
    <tag k="subtype" v="road" />
    <tag k="speed_limit" v="10" />
    <tag k="location" v="urban" />
    <tag k="one_way" v="yes" />
    <tag k="turn_direction" v="straight" />
  </relation>
  <relation id="132">
    <member type="way" role="left" ref="131" />
    <member type="way" role="right" ref="128" />
    <tag k="type" v="lanelet" />
    <tag k="subtype" v="road" />
    <tag k="speed_limit" v="10" />
    <tag k="location" v="urban" />
    <tag k="one_way" v="yes" />
    <tag k="turn_direction" v="straight" />
  </relation>
  <relation id="163">
    <member type="way" role="left" ref="160" />
    <member type="way" role="right" ref="162" />
    <tag k="type" v="lanelet" />
    <tag k="subtype" v="road" />
    <tag k="speed_limit" v="10" />
    <tag k="location" v="urban" />
    <tag k="one_way" v="yes" />
    <tag k="turn_direction" v="straight" />
  </relation>
  <relation id="326">
    <member type="way" role="left" ref="1094" />
    <member type="way" role="right" ref="1095" />
    <tag k="type" v="lanelet" />
    <tag k="subtype" v="road" />
    <tag k="speed_limit" v="10" />
    <tag k="location" v="urban" />
    <tag k="one_way" v="yes" />
    <tag k="turn_direction" v="straight" />
  </relation>
  <relation id="575">
    <member type="way" role="left" ref="1088" />
    <member type="way" role="right" ref="1089" />
    <tag k="type" v="lanelet" />
    <tag k="subtype" v="road" />
    <tag k="speed_limit" v="10" />
    <tag k="location" v="urban" />
    <tag k="one_way" v="yes" />
    <tag k="turn_direction" v="straight" />
  </relation>
  <relation id="659">
    <member type="way" role="left" ref="839" />
    <member type="way" role="right" ref="840" />
    <tag k="type" v="lanelet" />
    <tag k="subtype" v="road" />
    <tag k="speed_limit" v="10" />
    <tag k="location" v="urban" />
    <tag k="one_way" v="yes" />
    <tag k="turn_direction" v="straight" />
  </relation>
  <relation id="686">
    <member type="way" role="left" ref="884" />
    <member type="way" role="right" ref="886" />
    <tag k="type" v="lanelet" />
    <tag k="subtype" v="road" />
    <tag k="speed_limit" v="10" />
    <tag k="location" v="urban" />
    <tag k="one_way" v="yes" />
    <tag k="turn_direction" v="straight" />
  </relation>
  <relation id="713">
    <member type="way" role="left" ref="711" />
    <member type="way" role="right" ref="712" />
    <tag k="type" v="lanelet" />
    <tag k="subtype" v="road" />
    <tag k="speed_limit" v="10" />
    <tag k="location" v="urban" />
    <tag k="one_way" v="yes" />
    <tag k="turn_direction" v="straight" />
  </relation>
  <relation id="751">
    <member type="way" role="left" ref="749" />
    <member type="way" role="right" ref="750" />
    <tag k="type" v="lanelet" />
    <tag k="subtype" v="road" />
    <tag k="speed_limit" v="10" />
    <tag k="location" v="urban" />
    <tag k="one_way" v="yes" />
    <tag k="turn_direction" v="straight" />
  </relation>
  <relation id="754">
    <member type="way" role="left" ref="1103" />
    <member type="way" role="right" ref="1104" />
    <tag k="type" v="lanelet" />
    <tag k="subtype" v="road" />
    <tag k="speed_limit" v="10" />
    <tag k="location" v="urban" />
    <tag k="one_way" v="yes" />
    <tag k="turn_direction" v="straight" />
  </relation>
  <relation id="782">
    <member type="way" role="left" ref="780" />
    <member type="way" role="right" ref="781" />
    <tag k="type" v="lanelet" />
    <tag k="subtype" v="road" />
    <tag k="speed_limit" v="10" />
    <tag k="location" v="urban" />
    <tag k="one_way" v="yes" />
    <tag k="turn_direction" v="right" />
  </relation>
  <relation id="806">
    <member type="way" role="left" ref="803" />
    <member type="way" role="right" ref="805" />
    <tag k="type" v="lanelet" />
    <tag k="subtype" v="road" />
    <tag k="speed_limit" v="10" />
    <tag k="location" v="urban" />
    <tag k="one_way" v="yes" />
    <tag k="turn_direction" v="straight" />
  </relation>
  <relation id="855">
    <member type="way" role="left" ref="852" />
    <member type="way" role="right" ref="854" />
    <tag k="type" v="lanelet" />
    <tag k="subtype" v="road" />
    <tag k="speed_limit" v="10" />
    <tag k="location" v="urban" />
    <tag k="one_way" v="yes" />
    <tag k="turn_direction" v="straight" />
  </relation>
  <relation id="888">
    <member type="way" role="left" ref="885" />
    <member type="way" role="right" ref="887" />
    <tag k="type" v="lanelet" />
    <tag k="subtype" v="road" />
    <tag k="speed_limit" v="10" />
    <tag k="location" v="urban" />
    <tag k="one_way" v="yes" />
    <tag k="turn_direction" v="straight" />
  </relation>
  <relation id="903">
    <member type="way" role="left" ref="935" />
    <member type="way" role="right" ref="936" />
    <tag k="type" v="lanelet" />
    <tag k="subtype" v="road" />
    <tag k="speed_limit" v="10" />
    <tag k="location" v="urban" />
    <tag k="one_way" v="yes" />
    <tag k="turn_direction" v="straight" />
  </relation>
  <relation id="921">
    <member type="way" role="left" ref="954" />
    <member type="way" role="right" ref="955" />
    <tag k="type" v="lanelet" />
    <tag k="subtype" v="road" />
    <tag k="speed_limit" v="10" />
    <tag k="location" v="urban" />
    <tag k="one_way" v="yes" />
    <tag k="turn_direction" v="straight" />
  </relation>
  <relation id="953">
    <member type="way" role="left" ref="950" />
    <member type="way" role="right" ref="952" />
    <tag k="type" v="lanelet" />
    <tag k="subtype" v="road" />
    <tag k="speed_limit" v="10" />
    <tag k="location" v="urban" />
    <tag k="one_way" v="yes" />
    <tag k="turn_direction" v="straight" />
  </relation>
  <relation id="1413">
    <member type="way" role="left" ref="1412" />
    <member type="way" role="right" ref="1409" />
    <tag k="type" v="lanelet" />
    <tag k="subtype" v="crosswalk" />
    <tag k="speed_limit" v="10" />
    <tag k="location" v="urban" />
    <tag k="one_way" v="no" />
  </relation>
  <relation id="2093">
    <member type="way" role="left" ref="2076" />
    <member type="way" role="right" ref="2061" />
    <tag k="type" v="lanelet" />
    <tag k="subtype" v="road" />
    <tag k="speed_limit" v="10" />
    <tag k="location" v="urban" />
    <tag k="one_way" v="yes" />
  </relation>
  <relation id="2136">
    <member type="way" role="left" ref="2131" />
    <member type="way" role="right" ref="2095" />
    <tag k="type" v="lanelet" />
    <tag k="subtype" v="road" />
    <tag k="speed_limit" v="10" />
    <tag k="location" v="urban" />
    <tag k="one_way" v="yes" />
    <tag k="turn_direction" v="straight" />
  </relation>
  <relation id="2154">
    <member type="way" role="left" ref="2148" />
    <member type="way" role="right" ref="2109" />
    <tag k="type" v="lanelet" />
    <tag k="subtype" v="road" />
    <tag k="speed_limit" v="10" />
    <tag k="location" v="urban" />
    <tag k="one_way" v="yes" />
    <tag k="turn_direction" v="straight" />
  </relation>
  <relation id="2192">
    <member type="way" role="left" ref="2173" />
    <member type="way" role="right" ref="2156" />
    <tag k="type" v="lanelet" />
    <tag k="subtype" v="road" />
    <tag k="speed_limit" v="10" />
    <tag k="location" v="urban" />
    <tag k="one_way" v="yes" />
    <tag k="turn_direction" v="straight" />
  </relation>
  <relation id="2193">
    <member type="way" role="left" ref="2181" />
    <member type="way" role="right" ref="2167" />
    <tag k="type" v="lanelet" />
    <tag k="subtype" v="road" />
    <tag k="speed_limit" v="10" />
    <tag k="location" v="urban" />
    <tag k="one_way" v="yes" />
    <tag k="turn_direction" v="straight" />
  </relation>
  <relation id="2219">
    <member type="way" role="left" ref="2209" />
    <member type="way" role="right" ref="2195" />
    <tag k="type" v="lanelet" />
    <tag k="subtype" v="road" />
    <tag k="speed_limit" v="10" />
    <tag k="location" v="urban" />
    <tag k="one_way" v="yes" />
    <tag k="turn_direction" v="straight" />
  </relation>
  <relation id="2285">
    <member type="way" role="left" ref="2256" />
    <member type="way" role="right" ref="2226" />
    <tag k="type" v="lanelet" />
    <tag k="subtype" v="road" />
    <tag k="speed_limit" v="10" />
    <tag k="location" v="urban" />
    <tag k="one_way" v="yes" />
    <tag k="turn_direction" v="right" />
  </relation>
  <relation id="2287">
    <member type="way" role="left" ref="2284" />
    <member type="way" role="right" ref="2283" />
    <tag k="type" v="lanelet" />
    <tag k="subtype" v="road" />
    <tag k="speed_limit" v="10" />
    <tag k="location" v="urban" />
    <tag k="one_way" v="yes" />
    <tag k="turn_direction" v="right" />
  </relation>
  <relation id="2292">
    <member type="way" role="left" ref="2289" />
    <member type="way" role="right" ref="2291" />
    <tag k="type" v="lanelet" />
    <tag k="subtype" v="road" />
    <tag k="speed_limit" v="10" />
    <tag k="location" v="urban" />
    <tag k="one_way" v="yes" />
    <tag k="turn_direction" v="straight" />
  </relation>
  <relation id="2305">
    <member type="way" role="left" ref="2288" />
    <member type="way" role="right" ref="2297" />
    <tag k="type" v="lanelet" />
    <tag k="subtype" v="road" />
    <tag k="speed_limit" v="10" />
    <tag k="location" v="urban" />
    <tag k="one_way" v="yes" />
    <tag k="turn_direction" v="right" />
  </relation>
  <relation id="1219">
    <member type="way" role="outer" ref="1210" />
    <tag k="type" v="multipolygon" />
    <tag k="subtype" v="camping_site_13" />
  </relation>
  <relation id="1233">
    <member type="way" role="outer" ref="1232" />
    <tag k="type" v="multipolygon" />
    <tag k="subtype" v="camping_site_12" />
  </relation>
  <relation id="1245">
    <member type="way" role="outer" ref="1244" />
    <tag k="type" v="multipolygon" />
    <tag k="subtype" v="camping_site_10" />
  </relation>
  <relation id="1254">
    <member type="way" role="outer" ref="1253" />
    <tag k="type" v="multipolygon" />
    <tag k="subtype" v="camping_site_8" />
  </relation>
  <relation id="1263">
    <member type="way" role="outer" ref="1262" />
    <tag k="type" v="multipolygon" />
    <tag k="subtype" v="camping_site_6" />
  </relation>
  <relation id="1272">
    <member type="way" role="outer" ref="1271" />
    <tag k="type" v="multipolygon" />
    <tag k="subtype" v="camping_site_4" />
  </relation>
  <relation id="1281">
    <member type="way" role="outer" ref="1280" />
    <tag k="type" v="multipolygon" />
    <tag k="subtype" v="camping_site_2" />
  </relation>
  <relation id="1293">
    <member type="way" role="outer" ref="1292" />
    <tag k="type" v="multipolygon" />
    <tag k="subtype" v="camping_site_11" />
  </relation>
  <relation id="1305">
    <member type="way" role="outer" ref="1304" />
    <tag k="type" v="multipolygon" />
    <tag k="subtype" v="camping_site_9" />
  </relation>
  <relation id="1317">
    <member type="way" role="outer" ref="1316" />
    <tag k="type" v="multipolygon" />
    <tag k="subtype" v="camping_site_7" />
  </relation>
  <relation id="1329">
    <member type="way" role="outer" ref="1328" />
    <tag k="type" v="multipolygon" />
    <tag k="subtype" v="camping_site_5" />
  </relation>
  <relation id="1341">
    <member type="way" role="outer" ref="1340" />
    <tag k="type" v="multipolygon" />
    <tag k="subtype" v="camping_site_3" />
  </relation>
  <relation id="1353">
    <member type="way" role="outer" ref="1352" />
    <tag k="type" v="multipolygon" />
    <tag k="subtype" v="camping_site_1" />
  </relation>
</osm>
