1772700810.078173 33.2864911340 -23.5080659161 -2.5001302041 0.05 0.05 0.10
1772700810.272677 33.2912483246 -23.5038116755 -2.4991302128 0.05 0.05 0.10
1772700810.467181 33.2961542022 -23.4993724608 -2.4991302213 0.05 0.05 0.10
1772700810.661685 33.3010600827 -23.4949332502 -2.4981302310 0.05 0.05 0.10
1772700810.856189 33.3064119492 -23.4899391329 -2.4981302409 0.05 0.05 0.10
1772700811.050693 33.3119125058 -23.4849450173 -2.4981302500 0.05 0.05 0.10
1772700811.245197 33.3178590569 -23.4793960028 -2.4971302609 0.05 0.05 0.10
1772700811.439701 33.2693948265 -23.5023320584 -2.4921300936 0.05 0.05 0.10
1772700811.634205 33.2743007035 -23.4978928438 -2.4921301020 0.05 0.05 0.10
1772700811.828709 33.2798012606 -23.4928987274 -2.4921301130 0.05 0.05 0.10
1772700812.023213 33.2858964184 -23.4873497126 -2.4911301242 0.05 0.05 0.10
1772700812.217717 33.2925862509 -23.4816157220 -2.4911301376 0.05 0.05 0.10
1772700812.412221 33.2994247810 -23.4756967741 -2.4901301521 0.05 0.05 0.10
1772700812.606725 33.3064119114 -23.4695928540 -2.4901301655 0.05 0.05 0.10
1772700812.801229 33.3133991332 -23.4634889358 -2.4891301791 0.05 0.05 0.10
1772700812.995733 33.3205349608 -23.4573850167 -2.4881301949 0.05 0.05 0.10
1772700813.190237 33.3275220898 -23.4514660558 -2.4881302082 0.05 0.05 0.10
1772700813.384741 33.0981349374 -23.6025845720 -2.4881295752 0.05 0.05 0.10
1772700813.579245 33.0963509797 -23.6046192065 -2.4881295725 0.05 0.05 0.10
1772700813.773749 33.0945670286 -23.6064688817 -2.4881295714 0.05 0.05 0.10
1772700813.968253 33.0929317676 -23.6081335859 -2.4881295689 0.05 0.05 0.10
1772700814.162757 33.0915937995 -23.6096133210 -2.4881295656 0.05 0.05 0.10
1772700814.357261 33.0902558363 -23.6110930644 -2.4881295651 0.05 0.05 0.10
1772700814.551765 33.0892151658 -23.6123878269 -2.4881295649 0.05 0.05 0.10
1772700814.746269 33.0883231892 -23.6133126702 -2.4881295641 0.05 0.05 0.10
1772700814.940773 33.0877285999 -23.6142375008 -2.4881295640 0.05 0.05 0.10
1772700815.135278 33.0874312141 -23.6147924011 -2.4881295657 0.05 0.05 0.10
1772700815.329782 32.7964976055 -23.7884770927 -2.4781287118 0.05 0.05 0.10
1772700815.524286 32.7856451727 -23.7975404927 -2.4791286883 0.05 0.05 0.10
1772700815.718790 32.7750901258 -23.8064189205 -2.4801286683 0.05 0.05 0.10
1772700815.913294 32.7645349877 -23.8151123786 -2.4811286475 0.05 0.05 0.10
1772700816.107798 32.7542772360 -23.8236208766 -2.4821286269 0.05 0.05 0.10
1772700816.302302 32.7438708859 -23.8321293677 -2.4821286046 0.05 0.05 0.10
1772700816.496806 32.7333157495 -23.8406378673 -2.4831285820 0.05 0.05 0.10
1772700816.691309 32.7226120084 -23.8495162957 -2.4841285611 0.05 0.05 0.10
1772700816.885813 32.7116109722 -23.8583947252 -2.4851285373 0.05 0.05 0.10
1772700817.080317 32.7003125477 -23.8674581259 -2.4861285138 0.05 0.05 0.10
1772700817.274822 32.4380708399 -24.0061840753 -2.4641276997 0.05 0.05 0.10
1772700817.469326 32.4168120483 -24.0232010621 -2.4661276555 0.05 0.05 0.10
1772700817.663830 32.3951072713 -24.0405879942 -2.4671276110 0.05 0.05 0.10
1772700817.858334 32.3732537994 -24.0581598820 -2.4691275652 0.05 0.05 0.10
1772700818.052838 32.3511029411 -24.0759167415 -2.4711275223 0.05 0.05 0.10
1772700818.247342 32.3288034828 -24.0938585756 -2.4721274773 0.05 0.05 0.10
1772700818.441846 32.3066527157 -24.1118003934 -2.4741274323 0.05 0.05 0.10
1772700818.636350 32.2843532595 -24.1297422274 -2.4751273867 0.05 0.05 0.10
1772700818.830854 32.2619051033 -24.1478690161 -2.4771273426 0.05 0.05 0.10
1772700819.025358 32.2391596569 -24.1663657509 -2.4781272986 0.05 0.05 0.10
1772700819.219862 32.0067992338 -24.2841903847 -2.4511265784 0.05 0.05 0.10
1772700819.414366 31.9761746720 -24.3087910267 -2.4531265191 0.05 0.05 0.10
1772700819.608870 31.9451041179 -24.3333916830 -2.4551264587 0.05 0.05 0.10
1772700819.803374 31.9138848725 -24.3581772975 -2.4571263965 0.05 0.05 0.10
1772700819.997878 31.8822196315 -24.3831478800 -2.4601263344 0.05 0.05 0.10
1772700820.192382 31.8502570066 -24.4079335079 -2.4621262698 0.05 0.05 0.10
1772700820.386886 31.8179971763 -24.4327191273 -2.4641262040 0.05 0.05 0.10
1772700820.581390 31.7855885637 -24.4576897151 -2.4661261378 0.05 0.05 0.10
1772700820.775894 31.7528827388 -24.4824753345 -2.4681260707 0.05 0.05 0.10
1772700820.970398 31.7203255179 -24.5072609610 -2.4711260051 0.05 0.05 0.10
1772700821.164902 31.6161128094 -24.5745892962 -2.4311257483 0.05 0.05 0.10
1772700821.359406 31.5805823579 -24.6014095648 -2.4331256766 0.05 0.05 0.10
1772700821.553910 31.5452005072 -24.6282298294 -2.4361256050 0.05 0.05 0.10
1772700821.748414 31.5098187452 -24.6548651263 -2.4381255336 0.05 0.05 0.10
1772700821.942918 31.4745855862 -24.6815004189 -2.4411254626 0.05 0.05 0.10
1772700822.137422 31.4395010340 -24.7081357141 -2.4431253944 0.05 0.05 0.10
1772700822.331926 31.4045652609 -24.7344010691 -2.4451253232 0.05 0.05 0.10
1772700822.526430 31.3699266931 -24.7606664299 -2.4481252553 0.05 0.05 0.10
1772700822.720934 31.3351395253 -24.7867468251 -2.4501251871 0.05 0.05 0.10
1772700822.915438 31.3006497435 -24.8124572886 -2.4521251173 0.05 0.05 0.10
1772700823.109942 31.2352380694 -24.8409425278 -2.4091249083 0.05 0.05 0.10
1772700823.304446 31.2000049094 -24.8670229242 -2.4111248379 0.05 0.05 0.10
1772700823.498950 31.1646231406 -24.8932882880 -2.4141247691 0.05 0.05 0.10
1772700823.693454 31.1292412887 -24.9195536544 -2.4161246990 0.05 0.05 0.10
1772700823.887958 31.0938594309 -24.9456340448 -2.4191246291 0.05 0.05 0.10
1772700824.082462 31.0583289723 -24.9720843707 -2.4211245594 0.05 0.05 0.10
1772700824.276966 31.0227985181 -24.9983497366 -2.4231244899 0.05 0.05 0.10
1772700824.471470 30.9871193605 -25.0244301302 -2.4261244196 0.05 0.05 0.10
1772700824.665974 30.9514402114 -25.0508804562 -2.4281243496 0.05 0.05 0.10
1772700824.860478 30.9157610537 -25.0771458182 -2.4311242818 0.05 0.05 0.10
1772700825.054982 30.8121429725 -25.1267173817 -2.3861239767 0.05 0.05 0.10
1772700825.249486 30.7734905853 -25.1552023534 -2.3891239026 0.05 0.05 0.10
1772700825.443990 30.7345408089 -25.1835023550 -2.3921238267 0.05 0.05 0.10
1772700825.638494 30.6952937370 -25.2121722866 -2.3951237517 0.05 0.05 0.10
1772700825.832998 30.6554519872 -25.2410271932 -2.3971236749 0.05 0.05 0.10
1772700826.027502 30.6154616285 -25.2700670679 -2.4001235981 0.05 0.05 0.10
1772700826.222006 30.5753225779 -25.2992919014 -2.4031235226 0.05 0.05 0.10
1772700826.416510 30.5348862274 -25.3283317769 -2.4061234439 0.05 0.05 0.10
1772700826.611014 30.4943011812 -25.3571866830 -2.4091233648 0.05 0.05 0.10
1772700826.805518 30.4535674472 -25.3862265582 -2.4121232873 0.05 0.05 0.10
1772700827.000022 30.2799289777 -25.4716818745 -2.3671228022 0.05 0.05 0.10
1772700827.194526 30.2326540907 -25.5055308971 -2.3701227151 0.05 0.05 0.10
1772700827.389030 30.1847846057 -25.5393799183 -2.3741226238 0.05 0.05 0.10
1772700827.583534 30.1366177403 -25.5734139032 -2.3771225333 0.05 0.05 0.10
1772700827.778038 30.0883021767 -25.6074478959 -2.3811224428 0.05 0.05 0.10
1772700827.972542 30.0396893153 -25.6416668465 -2.3851223510 0.05 0.05 0.10
1772700828.167046 29.9904817750 -25.6760707756 -2.3881222603 0.05 0.05 0.10
1772700828.361550 29.9403823410 -25.7108446420 -2.3921221650 0.05 0.05 0.10
1772700828.556054 29.8896881334 -25.7459884294 -2.3961220693 0.05 0.05 0.10
1772700828.750558 29.8381020329 -25.7816871307 -2.4001219720 0.05 0.05 0.10
1772700828.945062 29.7063863420 -25.8408768542 -2.4021215987 0.05 0.05 0.10
1772700829.139566 29.6500430483 -25.8791650966 -2.4061214918 0.05 0.05 0.10
1772700829.334070 29.5925103919 -25.9178232843 -2.4101213840 0.05 0.05 0.10
1772700829.528574 29.5342343533 -25.9570363570 -2.4151212754 0.05 0.05 0.10
1772700829.723078 29.4746204373 -25.9968043384 -2.4191211607 0.05 0.05 0.10
1772700829.917582 29.4142631413 -26.0369422588 -2.4241210462 0.05 0.05 0.10
1772700830.112086 29.3525679650 -26.0774501104 -2.4291209285 0.05 0.05 0.10
1772700830.306590 29.2898320235 -26.1185128666 -2.4341208091 0.05 0.05 0.10
1772700830.501094 29.2262041953 -26.1597605946 -2.4391206878 0.05 0.05 0.10
1772700830.695598 29.1615356907 -26.2015632127 -2.4441205645 0.05 0.05 0.10
1772700830.890102 29.0760543964 -26.2004538843 -2.4011201686 0.05 0.05 0.10
1772700831.084606 29.0110885042 -26.2413316861 -2.4061200428 0.05 0.05 0.10
1772700831.279110 28.9452307155 -26.2823944492 -2.4111199134 0.05 0.05 0.10
1772700831.473614 28.8786295525 -26.3236421741 -2.4161197829 0.05 0.05 0.10
1772700831.668118 28.8112850994 -26.3648899111 -2.4211196503 0.05 0.05 0.10
1772700831.862622 28.7431973556 -26.4063226054 -2.4271195142 0.05 0.05 0.10
1772700832.057127 28.6745149324 -26.4479402756 -2.4321193791 0.05 0.05 0.10
1772700832.251631 28.6050892160 -26.4895579427 -2.4381192412 0.05 0.05 0.10
1772700832.446135 28.5352174190 -26.5311756126 -2.4441191011 0.05 0.05 0.10
1772700832.640639 28.4647510333 -26.5727932871 -2.4491189610 0.05 0.05 0.10
1772700832.835143 28.4773874423 -26.4951075447 -2.3951186921 0.05 0.05 0.10
1772700833.029647 28.4104889689 -26.5333958096 -2.4001185532 0.05 0.05 0.10
1772700833.224151 28.3428471998 -26.5720540140 -2.4061184150 0.05 0.05 0.10
1772700833.418655 28.2743133699 -26.6107122121 -2.4111182726 0.05 0.05 0.10
1772700833.613159 28.2045903456 -26.6497403510 -2.4171181287 0.05 0.05 0.10
1772700833.807662 28.1338265553 -26.6891384209 -2.4231179802 0.05 0.05 0.10
1772700834.002167 28.0620221900 -26.7287214582 -2.4281178309 0.05 0.05 0.10
1772700834.196671 27.9888798445 -26.7688594044 -2.4341176797 0.05 0.05 0.10
1772700834.391175 27.9146969143 -26.8091823134 -2.4401175246 0.05 0.05 0.10
1772700834.585679 27.8393246161 -26.8496901901 -2.4471173653 0.05 0.05 0.10
1772700834.780183 27.9206433703 -26.7152195944 -2.3761171564 0.05 0.05 0.10
1772700834.974687 27.8527042926 -26.7507333563 -2.3821170081 0.05 0.05 0.10
1772700835.169191 27.7835758515 -26.7862471281 -2.3871168573 0.05 0.05 0.10
1772700835.363695 27.7137040314 -26.8219458539 -2.3931167035 0.05 0.05 0.10
1772700835.558199 27.6427916247 -26.8578295658 -2.3991165489 0.05 0.05 0.10
1772700835.752703 27.5709872395 -26.8938982417 -2.4041163893 0.05 0.05 0.10
1772700835.947207 27.4984395630 -26.9297819459 -2.4101162293 0.05 0.05 0.10
1772700836.141711 27.4251485101 -26.9658506214 -2.4161160673 0.05 0.05 0.10
1772700836.336215 27.3511141668 -27.0021042688 -2.4221159024 0.05 0.05 0.10
1772700836.530719 27.2763365370 -27.0381729486 -2.4281157355 0.05 0.05 0.10
1772700836.725223 27.3973484825 -26.8818761801 -2.3551155914 0.05 0.05 0.10
1772700836.919727 27.3332745215 -26.9118409356 -2.3601154424 0.05 0.05 0.10
1772700837.114231 27.2684573618 -26.9416207342 -2.3651152926 0.05 0.05 0.10
1772700837.308735 27.2030454245 -26.9712155525 -2.3701151398 0.05 0.05 0.10
1772700837.503239 27.1370388962 -27.0009953546 -2.3751149847 0.05 0.05 0.10
1772700837.697743 27.0704377741 -27.0305901752 -2.3801148265 0.05 0.05 0.10
1772700837.892247 27.0035392575 -27.0601850039 -2.3861146702 0.05 0.05 0.10
1772700838.086751 26.9358973679 -27.0895948670 -2.3911145098 0.05 0.05 0.10
1772700838.281255 26.8676608776 -27.1190047300 -2.3971143481 0.05 0.05 0.10
1772700838.475759 26.7989784025 -27.1484145960 -2.4021141846 0.05 0.05 0.10
1772700838.670263 26.8811892391 -27.0237472044 -2.3371139979 0.05 0.05 0.10
1772700838.864767 26.8202372885 -27.0489028133 -2.3411138502 0.05 0.05 0.10
1772700839.059271 26.7588392513 -27.0740584322 -2.3461137003 0.05 0.05 0.10
1772700839.253775 26.6972926149 -27.0993990090 -2.3511135490 0.05 0.05 0.10
1772700839.448279 26.6352999813 -27.1245546286 -2.3561133974 0.05 0.05 0.10
1772700839.642783 26.5728613603 -27.1495252780 -2.3611132433 0.05 0.05 0.10
1772700839.837287 26.5101254407 -27.1746808974 -2.3661130903 0.05 0.05 0.10
1772700840.031791 26.4467948363 -27.1996515488 -2.3711129360 0.05 0.05 0.10
1772700840.226295 26.3831669347 -27.2246222006 -2.3761127796 0.05 0.05 0.10
1772700840.420799 26.3190929484 -27.2494078780 -2.3821126209 0.05 0.05 0.10
1772700840.615303 26.4146835270 -27.1291796549 -2.3151125009 0.05 0.05 0.10
1772700840.809807 26.3595294384 -27.1498960485 -2.3191123626 0.05 0.05 0.10
1772700841.004311 26.3040779622 -27.1704274835 -2.3231122202 0.05 0.05 0.10
1772700841.198815 26.2486264805 -27.1907739545 -2.3281120791 0.05 0.05 0.10
1772700841.393319 26.1930263983 -27.2109354484 -2.3321119375 0.05 0.05 0.10
1772700841.587823 26.1369803207 -27.2312819199 -2.3371117941 0.05 0.05 0.10
1772700841.782327 26.0807855510 -27.2512584553 -2.3411116514 0.05 0.05 0.10
1772700841.976831 26.0244420915 -27.2714199505 -2.3451115074 0.05 0.05 0.10
1772700842.171335 25.9679500230 -27.2913964818 -2.3501113619 0.05 0.05 0.10
1772700842.365839 25.9113092609 -27.3111880586 -2.3541112176 0.05 0.05 0.10
1772700842.560343 25.9306354732 -27.2368317250 -2.2951109772 0.05 0.05 0.10
1772700842.754847 25.8787520018 -27.2544036774 -2.2991108425 0.05 0.05 0.10
1772700842.949351 25.8268684357 -27.2716057013 -2.3031107050 0.05 0.05 0.10
1772700843.143855 25.7748362689 -27.2889926959 -2.3071105707 0.05 0.05 0.10
1772700843.338359 25.7223580248 -27.3061947257 -2.3101104328 0.05 0.05 0.10
1772700843.532863 25.6697311713 -27.3235817087 -2.3141102961 0.05 0.05 0.10
1772700843.727367 25.6166583309 -27.3409687049 -2.3181101575 0.05 0.05 0.10
1772700843.921871 25.5634368807 -27.3583557012 -2.3221100193 0.05 0.05 0.10
1772700844.116375 25.5102153477 -27.3753727618 -2.3251098800 0.05 0.05 0.10
1772700844.310879 25.4571425034 -27.3925747866 -2.3291097419 0.05 0.05 0.10
1772700844.505383 25.3921767123 -27.3496630395 -2.2621092994 0.05 0.05 0.10
1772700844.699887 25.3386578741 -27.3663101649 -2.2661091577 0.05 0.05 0.10
1772700844.894391 25.2849903471 -27.3827723381 -2.2691090143 0.05 0.05 0.10
1772700845.088895 25.2314715109 -27.3992344928 -2.2731088761 0.05 0.05 0.10
1772700845.283399 25.1776553792 -27.4155116938 -2.2761087329 0.05 0.05 0.10
1772700845.477903 25.1238391540 -27.4316039200 -2.2801085904 0.05 0.05 0.10
1772700845.672407 25.0697257231 -27.4473262102 -2.2831084448 0.05 0.05 0.10
1772700845.866911 25.0156121981 -27.4632334790 -2.2871083014 0.05 0.05 0.10
1772700846.061415 24.9612013793 -27.4787708100 -2.2901081564 0.05 0.05 0.10
1772700846.255919 24.9066418695 -27.4943081417 -2.2931080090 0.05 0.05 0.10
1772700846.450423 24.7988610504 -27.4752572018 -2.2241075081 0.05 0.05 0.10
1772700846.644927 24.7428149633 -27.4904246067 -2.2271073563 0.05 0.05 0.10
1772700846.839431 24.6866201802 -27.5055920019 -2.2301072042 0.05 0.05 0.10
1772700847.033935 24.6302766981 -27.5203894746 -2.2341070515 0.05 0.05 0.10
1772700847.228439 24.5739332256 -27.5351869441 -2.2361068980 0.05 0.05 0.10
1772700847.422943 24.5168464582 -27.5497994538 -2.2391067423 0.05 0.05 0.10
1772700847.617447 24.4593137036 -27.5644119505 -2.2421065845 0.05 0.05 0.10
1772700847.811951 24.4011863504 -27.5788394909 -2.2451064253 0.05 0.05 0.10
1772700848.006455 24.3424642244 -27.5930820732 -2.2481062621 0.05 0.05 0.10
1772700848.200959 24.2834448956 -27.6073246484 -2.2501061004 0.05 0.05 0.10
1772700848.395463 24.1722447270 -27.5891985256 -2.1871055986 0.05 0.05 0.10
1772700848.589967 24.1111440479 -27.6030711765 -2.1891054284 0.05 0.05 0.10
1772700848.784472 24.0497460643 -27.6163889252 -2.1921052538 0.05 0.05 0.10
1772700848.978976 23.9880506967 -27.6295217077 -2.1941050799 0.05 0.05 0.10
1772700849.173480 23.9262067225 -27.6420995904 -2.1961049012 0.05 0.05 0.10
1772700849.367984 23.8640653611 -27.6543075399 -2.1991047230 0.05 0.05 0.10
1772700849.562488 23.8016266989 -27.6663305352 -2.2011045410 0.05 0.05 0.10
1772700849.756992 23.7387420506 -27.6777986204 -2.2031043581 0.05 0.05 0.10
1772700849.951496 23.6754114075 -27.6890817478 -2.2051041715 0.05 0.05 0.10
1772700850.146000 23.6116347752 -27.7001799058 -2.2071039839 0.05 0.05 0.10
1772700850.340504 23.5010292696 -27.6728054543 -2.1411034573 0.05 0.05 0.10
1772700850.535008 23.4357659725 -27.6829787913 -2.1421032605 0.05 0.05 0.10
1772700850.729512 23.3700567677 -27.6927821825 -2.1441030626 0.05 0.05 0.10
1772700850.924016 23.3040501736 -27.7020306761 -2.1461028623 0.05 0.05 0.10
1772700851.118520 23.2380435842 -27.7109092436 -2.1471026605 0.05 0.05 0.10
1772700851.313024 23.1720369874 -27.7190479477 -2.1491024562 0.05 0.05 0.10
1772700851.507528 23.1061789988 -27.7268167143 -2.1501022514 0.05 0.05 0.10
1772700851.702032 23.0401724043 -27.7338456116 -2.1511020440 0.05 0.05 0.10
1772700851.896536 22.9741658054 -27.7405045754 -2.1531018343 0.05 0.05 0.10
1772700852.091040 22.9081592063 -27.7466086429 -2.1541016244 0.05 0.05 0.10
1772700852.285544 22.8565730505 -27.6831655536 -2.0891011626 0.05 0.05 0.10
1772700852.480048 22.7924991028 -27.6877898865 -2.0901009540 0.05 0.05 0.10
1772700852.674552 22.7287224574 -27.6922292535 -2.0901007461 0.05 0.05 0.10
1772700852.869056 22.6650944088 -27.6961137146 -2.0911005372 0.05 0.05 0.10
1772700853.063560 22.6019124418 -27.6996282447 -2.0921003288 0.05 0.05 0.10
1772700853.258064 22.5390277726 -27.7024029093 -2.0921001179 0.05 0.05 0.10
1772700853.452568 22.4765890921 -27.7053625259 -2.0930999107 0.05 0.05 0.10
1772700853.647072 22.4142991031 -27.7075822881 -2.0930997010 0.05 0.05 0.10
1772700853.841576 22.3523064076 -27.7090621851 -2.0940994904 0.05 0.05 0.10
1772700854.036080 22.2900163293 -27.7099871780 -2.0940992774 0.05 0.05 0.10
1772700854.230584 22.2431872381 -27.6210186071 -2.0490987269 0.05 0.05 0.10
1772700854.425088 22.1828298992 -27.6208338053 -2.0490985160 0.05 0.05 0.10
1772700854.619592 22.1227697668 -27.6200940875 -2.0500983045 0.05 0.05 0.10
1772700854.814096 22.0633044097 -27.6189844472 -2.0490980940 0.05 0.05 0.10
1772700855.008600 22.0045822514 -27.6176898299 -2.0490978856 0.05 0.05 0.10
1772700855.203104 21.9463061691 -27.6160252818 -2.0490976775 0.05 0.05 0.10
1772700855.397608 21.8886246800 -27.6141757727 -2.0490974716 0.05 0.05 0.10
1772700855.592112 21.8313892721 -27.6117713508 -2.0490972653 0.05 0.05 0.10
1772700855.786616 21.7750457573 -27.6084421019 -2.0480970580 0.05 0.05 0.10
1772700855.981120 21.7192969215 -27.6045579480 -2.0480968524 0.05 0.05 0.10
1772700856.175624 21.6085424810 -27.5102255279 -1.9990960674 0.05 0.05 0.10
1772700856.370128 21.5496717058 -27.5048616534 -1.9990958451 0.05 0.05 0.10
1772700856.564632 21.4915443087 -27.4989428633 -1.9990956243 0.05 0.05 0.10
1772700856.759136 21.4340115071 -27.4926541589 -1.9980954032 0.05 0.05 0.10
1772700856.953640 21.3770732944 -27.4859955078 -1.9980951834 0.05 0.05 0.10
1772700857.148144 21.3208784659 -27.4789669196 -1.9970949643 0.05 0.05 0.10
1772700857.342648 21.2654270047 -27.4715684046 -1.9970947488 0.05 0.05 0.10
1772700857.537152 21.2107187490 -27.4639849119 -1.9960945336 0.05 0.05 0.10
1772700857.731656 21.1569025600 -27.4560314943 -1.9960943217 0.05 0.05 0.10
1772700857.926160 21.1038296582 -27.4477081361 -1.9950941098 0.05 0.05 0.10
1772700858.120664 20.9391102445 -27.3346941245 -1.9670930811 0.05 0.05 0.10
1772700858.315168 20.8814288297 -27.3241511804 -1.9660928465 0.05 0.05 0.10
1772700858.509672 20.8244906108 -27.3134232698 -1.9660926143 0.05 0.05 0.10
1772700858.704176 20.7681471668 -27.3021404523 -1.9650923820 0.05 0.05 0.10
1772700858.898680 20.7125469154 -27.2903027272 -1.9650921509 0.05 0.05 0.10
1772700859.093184 20.6575414418 -27.2782800465 -1.9640919202 0.05 0.05 0.10
1772700859.287688 20.6031305578 -27.2658874188 -1.9640916921 0.05 0.05 0.10
1772700859.482192 20.5493142718 -27.2531248640 -1.9630914636 0.05 0.05 0.10
1772700859.676696 20.4963900548 -27.2401773481 -1.9620912377 0.05 0.05 0.10
1772700859.871200 20.4443578177 -27.2272298152 -1.9620910159 0.05 0.05 0.10
1772700860.065704 20.2604607848 -27.0992335638 -1.9330898849 0.05 0.05 0.10
1772700860.260208 20.2027792686 -27.0836965144 -1.9330896344 0.05 0.05 0.10
1772700860.454712 20.1459898246 -27.0681594663 -1.9320893898 0.05 0.05 0.10
1772700860.649216 20.0897949764 -27.0524374474 -1.9310891451 0.05 0.05 0.10
1772700860.843720 20.0341947229 -27.0365304677 -1.9300889023 0.05 0.05 0.10
1772700861.038224 19.9791892399 -27.0202535444 -1.9290886615 0.05 0.05 0.10
1772700861.232728 19.9247783528 -27.0036066911 -1.9280884204 0.05 0.05 0.10
1772700861.427232 19.8709620598 -26.9867748651 -1.9270881817 0.05 0.05 0.10
1772700861.621736 19.8178891410 -26.9699430492 -1.9260879461 0.05 0.05 0.10
1772700861.816240 19.7655596009 -26.9529262499 -1.9250877107 0.05 0.05 0.10
1772700862.010744 19.5210078251 -26.8014393922 -1.8910863177 0.05 0.05 0.10
1772700862.205248 19.4605017528 -26.7807232938 -1.8900860471 0.05 0.05 0.10
1772700862.399752 19.4005902767 -26.7596372539 -1.8890857748 0.05 0.05 0.10
1772700862.594256 19.3414221813 -26.7385512152 -1.8870855075 0.05 0.05 0.10
1772700862.788760 19.2826999830 -26.7172802014 -1.8860852406 0.05 0.05 0.10
1772700862.983264 19.2244238642 -26.6956392553 -1.8850849737 0.05 0.05 0.10
1772700863.177768 19.1662963522 -26.6738133436 -1.8830847072 0.05 0.05 0.10
1772700863.372272 19.1081689271 -26.6514325396 -1.8820844395 0.05 0.05 0.10
1772700863.566776 19.0497441150 -26.6286817991 -1.8800841685 0.05 0.05 0.10
1772700863.761280 18.9911706087 -26.6053761546 -1.8790838970 0.05 0.05 0.10
1772700863.955784 18.7076689617 -26.4150463659 -1.8510822673 0.05 0.05 0.10
1772700864.150288 18.6361617181 -26.3850819584 -1.8490819331 0.05 0.05 0.10
1772700864.344792 18.5642084812 -26.3545626458 -1.8480815976 0.05 0.05 0.10
1772700864.539296 18.4918093447 -26.3236733978 -1.8460812603 0.05 0.05 0.10
1772700864.733800 18.4192614265 -26.2922292612 -1.8440809199 0.05 0.05 0.10
1772700864.928304 18.3465649011 -26.2602302249 -1.8420805784 0.05 0.05 0.10
1772700865.122808 18.2740170699 -26.2280462178 -1.8400802369 0.05 0.05 0.10
1772700865.317312 18.2017665341 -26.1956772377 -1.8380798974 0.05 0.05 0.10
1772700865.511817 18.1296646981 -26.1631233040 -1.8350795580 0.05 0.05 0.10
1772700865.706321 18.0577114603 -26.1303843931 -1.8330792195 0.05 0.05 0.10
1772700865.900825 17.8192548893 -25.9457884141 -1.8090777931 0.05 0.05 0.10
1772700866.095329 17.7376385504 -25.9075005305 -1.8060774104 0.05 0.05 0.10
1772700866.289833 17.6564681974 -25.8690276817 -1.8040770290 0.05 0.05 0.10
1772700866.484337 17.5751491521 -25.8301848963 -1.8010766473 0.05 0.05 0.10
1772700866.678841 17.4941274946 -25.7913421052 -1.7990762665 0.05 0.05 0.10
1772700866.873345 17.4135517385 -25.7524993127 -1.7970758892 0.05 0.05 0.10
1772700867.067849 17.3329760737 -25.7134715520 -1.7940755120 0.05 0.05 0.10
1772700867.262353 17.2525490106 -25.6740738575 -1.7920751345 0.05 0.05 0.10
1772700867.456857 17.1716760469 -25.6344911976 -1.7890747573 0.05 0.05 0.10
1772700867.651361 17.0913976770 -25.5949085411 -1.7870743827 0.05 0.05 0.10
1772700867.845865 17.1050746006 -25.5349794062 -1.7770741780 0.05 0.05 0.10
1772700868.040369 17.0294048359 -25.4972464026 -1.7740738249 0.05 0.05 0.10
1772700868.234873 16.9538836726 -25.4593284236 -1.7720734725 0.05 0.05 0.10
1772700868.429377 16.8786599023 -25.4212254887 -1.7690731194 0.05 0.05 0.10
1772700868.623881 16.8034360385 -25.3829375788 -1.7670727697 0.05 0.05 0.10
1772700868.818385 16.7283609556 -25.3442797275 -1.7650724180 0.05 0.05 0.10
1772700869.012889 16.6531370949 -25.3054369204 -1.7620720662 0.05 0.05 0.10
1772700869.207393 16.5777646242 -25.2660392086 -1.7600717134 0.05 0.05 0.10
1772700869.401897 16.5019461698 -25.2262715733 -1.7570713600 0.05 0.05 0.10
1772700869.596401 16.4259791066 -25.1861339920 -1.7550710048 0.05 0.05 0.10
1772700869.790905 16.4316282173 -25.1733712213 -1.7730709682 0.05 0.05 0.10
1772700869.985409 16.3595263831 -25.1347133751 -1.7700706296 0.05 0.05 0.10
1772700870.179913 16.2872758528 -25.0958705550 -1.7680702922 0.05 0.05 0.10
1772700870.374417 16.2150253211 -25.0564728347 -1.7660699523 0.05 0.05 0.10
1772700870.568921 16.1427747922 -25.0168901474 -1.7630696146 0.05 0.05 0.10
1772700870.763425 16.0703755686 -24.9771224980 -1.7610692750 0.05 0.05 0.10
1772700870.957929 15.9978277407 -24.9367999466 -1.7590689342 0.05 0.05 0.10
1772700871.152433 15.9249825293 -24.8959224899 -1.7560685913 0.05 0.05 0.10
1772700871.346937 15.8518400169 -24.8544901404 -1.7540682478 0.05 0.05 0.10
1772700871.541441 15.7782515157 -24.8128728255 -1.7510679038 0.05 0.05 0.10
1772700871.735945 15.7021356837 -24.7653364758 -1.7770675309 0.05 0.05 0.10
1772700871.930449 15.6282497926 -24.7227943154 -1.7750671831 0.05 0.05 0.10
1772700872.124953 15.5542152999 -24.6798822397 -1.7720668361 0.05 0.05 0.10
1772700872.319457 15.4800322032 -24.6367851789 -1.7700664884 0.05 0.05 0.10
1772700872.513961 15.4057003260 -24.5933182004 -1.7680661410 0.05 0.05 0.10
1772700872.708465 15.3312198444 -24.5492963140 -1.7650657911 0.05 0.05 0.10
1772700872.902969 15.2565907540 -24.5049044936 -1.7630654427 0.05 0.05 0.10
1772700873.097473 15.1818128844 -24.4599577747 -1.7610650895 0.05 0.05 0.10
1772700873.291977 15.1067378097 -24.4146411281 -1.7580647375 0.05 0.05 0.10
1772700873.486481 15.0312166495 -24.3685846094 -1.7560643837 0.05 0.05 0.10
1772700873.680985 15.0224454675 -24.3530473729 -1.7730643041 0.05 0.05 0.10
1772700873.875489 14.9497489444 -24.3081006444 -1.7720639607 0.05 0.05 0.10
1772700874.069993 14.8769037354 -24.2625990220 -1.7690636161 0.05 0.05 0.10
1772700874.264497 14.8039099181 -24.2167274562 -1.7670632715 0.05 0.05 0.10
1772700874.459001 14.7309160100 -24.1704859709 -1.7650629268 0.05 0.05 0.10
1772700874.653505 14.6577735001 -24.1240595038 -1.7630625835 0.05 0.05 0.10
1772700874.848009 14.5846309931 -24.0770781483 -1.7610622374 0.05 0.05 0.10
1772700875.042513 14.5114884854 -24.0297268551 -1.7580618903 0.05 0.05 0.10
1772700875.237017 14.4381973691 -23.9818206696 -1.7560615443 0.05 0.05 0.10
1772700875.431521 14.3644601764 -23.9335445427 -1.7540611956 0.05 0.05 0.10
1772700875.626025 14.4020720451 -23.9557403624 -1.7800613651 0.05 0.05 0.10
1772700875.820529 14.3336867455 -23.9100537581 -1.7770610390 0.05 0.05 0.10
1772700876.015033 14.2650041435 -23.8639972207 -1.7750607118 0.05 0.05 0.10
1772700876.209537 14.1960242463 -23.8173857844 -1.7730603834 0.05 0.05 0.10
1772700876.404041 14.1267469616 -23.7700344763 -1.7710600525 0.05 0.05 0.10
1772700876.598545 14.0570236875 -23.7221282816 -1.7690597188 0.05 0.05 0.10
1772700876.793049 13.9870031146 -23.6736671768 -1.7670593857 0.05 0.05 0.10
1772700876.987553 13.9169825413 -23.6246511706 -1.7650590491 0.05 0.05 0.10
1772700877.182057 13.8469619683 -23.5754502044 -1.7630587167 0.05 0.05 0.10
1772700877.376561 13.7769413977 -23.5255093687 -1.7610583789 0.05 0.05 0.10
1772700877.571065 13.8243650496 -23.5504796626 -1.7900585745 0.05 0.05 0.10
1772700877.765569 13.7604396574 -23.5040531844 -1.7880582638 0.05 0.05 0.10
1772700877.960073 13.6968116503 -23.4570717935 -1.7860579540 0.05 0.05 0.10
1772700878.154577 13.6330349483 -23.4097204856 -1.7840576431 0.05 0.05 0.10
1772700878.349081 13.5694069402 -23.3618142649 -1.7820573317 0.05 0.05 0.10
1772700878.543585 13.5059275373 -23.3137230862 -1.7800570209 0.05 0.05 0.10
1772700878.738089 13.4425968280 -23.2650769945 -1.7780567075 0.05 0.05 0.10
1772700878.932593 13.3791174226 -23.2160609849 -1.7760563958 0.05 0.05 0.10
1772700879.127097 13.3163813954 -23.1664900630 -1.7740560844 0.05 0.05 0.10
1772700879.321601 13.2531993773 -23.1167341815 -1.7720557720 0.05 0.05 0.10
1772700879.516105 13.2872432145 -23.1248725616 -1.7970558734 0.05 0.05 0.10
1772700879.710609 13.2279264206 -23.0771513019 -1.7950555750 0.05 0.05 0.10
1772700879.905113 13.1684610243 -23.0288751425 -1.7930552767 0.05 0.05 0.10
1772700880.099617 13.1089955374 -22.9802290558 -1.7910549784 0.05 0.05 0.10
1772700880.294122 13.0495300501 -22.9308430962 -1.7890546792 0.05 0.05 0.10
1772700880.488626 12.9902132598 -22.8810871962 -1.7870543790 0.05 0.05 0.10
1772700880.683129 12.9311938497 -22.8307764075 -1.7850540795 0.05 0.05 0.10
1772700880.877633 12.8724716534 -22.7804656163 -1.7830537795 0.05 0.05 0.10
1772700881.072137 12.8143442285 -22.7297848852 -1.7810534810 0.05 0.05 0.10
1772700881.266641 12.7566627034 -22.6789191939 -1.7790531835 0.05 0.05 0.10
1772700881.461145 12.7976937567 -22.6807686785 -1.8100532722 0.05 0.05 0.10
1772700881.655649 12.7443235375 -22.6324925085 -1.8080529934 0.05 0.05 0.10
1772700881.850153 12.6911019221 -22.5838464069 -1.8060527142 0.05 0.05 0.10
1772700882.044657 12.6384749915 -22.5352003048 -1.8040524373 0.05 0.05 0.10
1772700882.239161 12.5862940492 -22.4861842616 -1.8020521611 0.05 0.05 0.10
1772700882.433666 12.5345590974 -22.4371682138 -1.8010518865 0.05 0.05 0.10
1772700882.628170 12.4834188309 -22.3877822389 -1.7990516124 0.05 0.05 0.10
1772700882.822674 12.4325758614 -22.3383962627 -1.7970513393 0.05 0.05 0.10
1772700883.017178 12.3823274876 -22.2888253267 -1.7950510677 0.05 0.05 0.10
1772700883.211682 12.3325251917 -22.2388844494 -1.7930507962 0.05 0.05 0.10
1772700883.406186 12.3680556659 -22.2359248285 -1.8220508544 0.05 0.05 0.10
1772700883.600690 12.3222672862 -22.1883885096 -1.8210506004 0.05 0.05 0.10
1772700883.795194 12.2769249001 -22.1406672243 -1.8190503471 0.05 0.05 0.10
1772700883.989698 12.2321771070 -22.0929459363 -1.8170500944 0.05 0.05 0.10
1772700884.184202 12.1878753055 -22.0450396789 -1.8150498435 0.05 0.05 0.10
1772700884.378706 12.1441681840 -21.9969484578 -1.8140495942 0.05 0.05 0.10
1772700884.573210 12.1010557504 -21.9488572257 -1.8120493455 0.05 0.05 0.10
1772700884.767714 12.0583893088 -21.9007660056 -1.8100490993 0.05 0.05 0.10
1772700884.962218 12.0164661534 -21.8526747843 -1.8080488555 0.05 0.05 0.10
1772700885.156722 11.9749889872 -21.8045835464 -1.8070486123 0.05 0.05 0.10
1772700885.351226 11.9677042511 -21.7024819467 -1.8360482488 0.05 0.05 0.10
1772700885.545730 11.9278623557 -21.6542057509 -1.8340480091 0.05 0.05 0.10
1772700885.740234 11.8887638354 -21.6061145214 -1.8330477734 0.05 0.05 0.10
1772700885.934738 11.8501113086 -21.5578383239 -1.8310475382 0.05 0.05 0.10
1772700886.129242 11.8122020674 -21.5099320558 -1.8290473048 0.05 0.05 0.10
1772700886.323746 11.7748874228 -21.4620257939 -1.8280470741 0.05 0.05 0.10
1772700886.518250 11.7381675501 -21.4141195222 -1.8260468448 0.05 0.05 0.10
1772700886.712754 11.7012988936 -21.3651034478 -1.8250466134 0.05 0.05 0.10
1772700886.907258 11.6647276242 -21.3160873882 -1.8230463816 0.05 0.05 0.10
1772700887.101762 11.6286023466 -21.2668863427 -1.8220461506 0.05 0.05 0.10
1772700887.296266 11.6055593728 -21.1645998467 -1.8390457668 0.05 0.05 0.10
1772700887.490770 11.5704747702 -21.1153988039 -1.8370455399 0.05 0.05 0.10
1772700887.685274 11.5355387684 -21.0661977684 -1.8360453149 0.05 0.05 0.10
1772700887.879778 11.5009001567 -21.0169967321 -1.8350450879 0.05 0.05 0.10
1772700888.074282 11.4667074454 -20.9681656272 -1.8330448653 0.05 0.05 0.10
1772700888.268786 11.4328121201 -20.9193345181 -1.8320446437 0.05 0.05 0.10
1772700888.463290 11.3995114808 -20.8705034114 -1.8300444242 0.05 0.05 0.10
1772700888.657794 11.3665081366 -20.8216723005 -1.8290442051 0.05 0.05 0.10
1772700888.852298 11.3339507850 -20.7726562239 -1.8270439875 0.05 0.05 0.10
1772700889.046802 11.3018394211 -20.7236401423 -1.8260437696 0.05 0.05 0.10
1772700889.241306 11.2089244282 -20.5149979519 -1.8550429294 0.05 0.05 0.10
1772700889.435810 11.1736911267 -20.4593230916 -1.8540426886 0.05 0.05 0.10
1772700889.630314 11.1389038177 -20.4036482208 -1.8520424492 0.05 0.05 0.10
1772700889.824818 11.1045624988 -20.3481583179 -1.8510422109 0.05 0.05 0.10
1772700890.019322 11.0708158639 -20.2926684160 -1.8490419749 0.05 0.05 0.10
1772700890.213826 11.0375152185 -20.2375484409 -1.8480417418 0.05 0.05 0.10
1772700890.408330 11.0048091677 -20.1827984038 -1.8470415124 0.05 0.05 0.10
1772700890.602834 10.9726978045 -20.1282333295 -1.8450412832 0.05 0.05 0.10
1772700890.797338 10.9405864383 -20.0734832916 -1.8440410556 0.05 0.05 0.10
1772700890.991842 10.8640244832 -19.8672456172 -1.8830402764 0.05 0.05 0.10
1772700891.186346 10.8299804586 -19.8071315462 -1.8820400333 0.05 0.05 0.10
1772700891.380850 10.7962338205 -19.7473874155 -1.8810397890 0.05 0.05 0.10
1772700891.575354 10.7632304717 -19.6876432740 -1.8790395481 0.05 0.05 0.10
1772700891.769858 10.7306731158 -19.6282690712 -1.8780393090 0.05 0.05 0.10
1772700891.964362 10.6985617487 -19.5690798402 -1.8760390740 0.05 0.05 0.10
1772700892.158866 10.6670449755 -19.5097056340 -1.8750388372 0.05 0.05 0.10
1772700892.353370 10.6358255889 -19.4503314314 -1.8730386040 0.05 0.05 0.10
1772700892.547874 10.6049035900 -19.3909572251 -1.8720383711 0.05 0.05 0.10
1772700892.742378 10.5744274921 -19.3313980494 -1.8700381401 0.05 0.05 0.10
1772700892.936882 10.5443973856 -19.2718388838 -1.8690379097 0.05 0.05 0.10
1772700893.131386 10.4659028461 -19.0839129373 -1.8910372127 0.05 0.05 0.10
1772700893.325890 10.4340888604 -19.0184348404 -1.8890369637 0.05 0.05 0.10
1772700893.520394 10.4024234783 -18.9525868098 -1.8880367174 0.05 0.05 0.10
1772700893.714898 10.3712040884 -18.8865538083 -1.8870364690 0.05 0.05 0.10
1772700893.909402 10.3399847001 -18.8203358407 -1.8850362215 0.05 0.05 0.10
1772700894.103906 10.3087653106 -18.7541178803 -1.8840359765 0.05 0.05 0.10
1772700894.298410 10.2778432202 -18.6882698395 -1.8820357320 0.05 0.05 0.10
1772700894.492914 10.2472185129 -18.6220518786 -1.8810354891 0.05 0.05 0.10
1772700894.687418 10.2168911060 -18.5556489382 -1.8790352467 0.05 0.05 0.10
1772700894.881922 10.1867123021 -18.4892460058 -1.8780350047 0.05 0.05 0.10
1772700895.076426 10.1192188695 -18.2439804549 -1.8940341883 0.05 0.05 0.10
1772700895.270930 10.0866615050 -18.1694389930 -1.8920339240 0.05 0.05 0.10
1772700895.465434 10.0542527400 -18.0941576717 -1.8910336581 0.05 0.05 0.10
1772700895.659938 10.0218440682 -18.0186913783 -1.8900333931 0.05 0.05 0.10
1772700895.854442 9.9897326926 -17.9428551586 -1.8880331282 0.05 0.05 0.10
1772700896.048946 9.9577700106 -17.8668339659 -1.8870328640 0.05 0.05 0.10
1772700896.243450 9.9259559320 -17.7904428324 -1.8860326001 0.05 0.05 0.10
1772700896.437954 9.8942905469 -17.7138667384 -1.8850323371 0.05 0.05 0.10
1772700896.632458 9.8630711542 -17.6369207172 -1.8830320748 0.05 0.05 0.10
1772700896.826962 9.8318517573 -17.5596047537 -1.8820318133 0.05 0.05 0.10
1772700897.021466 9.7884418123 -17.4055276425 -1.9060313216 0.05 0.05 0.10
1772700897.215971 9.7569251176 -17.3246973227 -1.9050310539 0.05 0.05 0.10
1772700897.410475 9.7254084222 -17.2433120913 -1.9040307848 0.05 0.05 0.10
1772700897.604979 9.6940403328 -17.1611870031 -1.9030305145 0.05 0.05 0.10
1772700897.799482 9.6628209336 -17.0785070130 -1.9020302444 0.05 0.05 0.10
1772700897.993986 9.6316015365 -16.9950871656 -1.9010299729 0.05 0.05 0.10
1772700898.188490 9.6005308317 -16.9112973759 -1.9000297029 0.05 0.05 0.10
1772700898.382994 9.5693114345 -16.8267677175 -1.8990294334 0.05 0.05 0.10
1772700898.577498 9.5382406407 -16.7414981996 -1.8980291614 0.05 0.05 0.10
1772700898.772002 9.5071699337 -16.6554888095 -1.8980288891 0.05 0.05 0.10
1772700898.966506 9.5187655584 -16.5926001026 -1.9280287418 0.05 0.05 0.10
1772700899.161011 9.4884381425 -16.5073305851 -1.9270284754 0.05 0.05 0.10
1772700899.355515 9.4584080244 -16.4215061562 -1.9260282082 0.05 0.05 0.10
1772700899.550019 9.4283779927 -16.3351268385 -1.9250279403 0.05 0.05 0.10
1772700899.744523 9.3984965655 -16.2487475187 -1.9240276752 0.05 0.05 0.10
1772700899.939027 9.3687637447 -16.1619982605 -1.9230274103 0.05 0.05 0.10
1772700900.133531 9.3393283093 -16.0750640418 -1.9220271486 0.05 0.05 0.10
1772700900.328035 9.3098928732 -15.9875749126 -1.9210268834 0.05 0.05 0.10
1772700900.522539 9.2803088338 -15.8995308952 -1.9200266198 0.05 0.05 0.10
1772700900.717043 9.2510220047 -15.8113019071 -1.9190263575 0.05 0.05 0.10
1772700900.911547 9.2594957842 -15.8122266748 -1.9400263717 0.05 0.05 0.10
1772700901.106051 9.2315470156 -15.7273270817 -1.9390261222 0.05 0.05 0.10
1772700901.300555 9.2035982484 -15.6424274897 -1.9380258722 0.05 0.05 0.10
1772700901.495059 9.1756493924 -15.5573429378 -1.9370256221 0.05 0.05 0.10
1772700901.689563 9.1477006255 -15.4722583740 -1.9360253749 0.05 0.05 0.10
1772700901.884067 9.1196031686 -15.3871738132 -1.9340251279 0.05 0.05 0.10
1772700902.078571 9.0918030087 -15.3020892614 -1.9330248832 0.05 0.05 0.10
1772700902.273075 9.0638542443 -15.2175595974 -1.9320246407 0.05 0.05 0.10
1772700902.467579 9.0363514710 -15.1332149034 -1.9310244007 0.05 0.05 0.10
1772700902.662083 9.0088486104 -15.0492401376 -1.9300241625 0.05 0.05 0.10
1772700902.856587 9.0336754964 -15.1372841027 -1.9600244070 0.05 0.05 0.10
1772700903.051091 9.0085512833 -15.0605230302 -1.9590241884 0.05 0.05 0.10
1772700903.245595 8.9834270711 -14.9841318968 -1.9580239726 0.05 0.05 0.10
1772700903.440099 8.9583029541 -14.9077407543 -1.9560237585 0.05 0.05 0.10
1772700903.634603 8.9330300502 -14.8311646507 -1.9550235433 0.05 0.05 0.10
1772700903.829107 8.9076085449 -14.7542186172 -1.9540233294 0.05 0.05 0.10
1772700904.023611 8.8820384356 -14.6769026441 -1.9530231141 0.05 0.05 0.10
1772700904.218115 8.8560222468 -14.5990317822 -1.9520228990 0.05 0.05 0.10
1772700904.412619 8.8298574536 -14.5206060130 -1.9500226835 0.05 0.05 0.10
1772700904.607123 8.8033952738 -14.4416253426 -1.9490224671 0.05 0.05 0.10
1772700904.801627 8.7776765443 -14.4734395428 -1.9790225038 0.05 0.05 0.10
1772700904.996131 8.7528496383 -14.4003778056 -1.9780223039 0.05 0.05 0.10
1772700905.190635 8.7278741268 -14.3269461300 -1.9760221039 0.05 0.05 0.10
1772700905.385139 8.7027500154 -14.2531445234 -1.9750219031 0.05 0.05 0.10
1772700905.579643 8.6776258129 -14.1789729867 -1.9740217030 0.05 0.05 0.10
1772700905.774147 8.6525016082 -14.1044315098 -1.9730215040 0.05 0.05 0.10
1772700905.968651 8.6276747948 -14.0298900356 -1.9710213050 0.05 0.05 0.10
1772700906.163155 8.6025505931 -13.9551635984 -1.9700211068 0.05 0.05 0.10
1772700906.357659 8.5774264799 -13.8806221222 -1.9690209090 0.05 0.05 0.10
1772700906.552163 8.5521535847 -13.8058956852 -1.9680207127 0.05 0.05 0.10
1772700906.746667 8.4797545432 -13.7663128620 -1.9960205317 0.05 0.05 0.10
1772700906.941171 8.4540356594 -13.6928811948 -1.9950203387 0.05 0.05 0.10
1772700907.135675 8.4283168686 -13.6190795883 -1.9940201455 0.05 0.05 0.10
1772700907.330179 8.4024493853 -13.5454629426 -1.9920199538 0.05 0.05 0.10
1772700907.524683 8.3765819012 -13.4720312762 -1.9910197644 0.05 0.05 0.10
1772700907.719187 8.3507144184 -13.3987845681 -1.9900195753 0.05 0.05 0.10
1772700907.913691 8.3246982426 -13.3255378602 -1.9890193876 0.05 0.05 0.10
1772700908.108195 8.2986821562 -13.2522911533 -1.9880192010 0.05 0.05 0.10
1772700908.302699 8.2725172875 -13.1790444445 -1.9870190153 0.05 0.05 0.10
1772700908.497203 8.2463525110 -13.1057977388 -1.9850188283 0.05 0.05 0.10
1772700908.691707 8.1766293492 -13.0656600523 -1.9940186575 0.05 0.05 0.10
1772700908.886211 8.1503158791 -12.9937081148 -1.9930184762 0.05 0.05 0.10
1772700909.080715 8.1238538060 -12.9217561653 -1.9920182960 0.05 0.05 0.10
1772700909.275219 8.0973916450 -12.8499891954 -1.9910181159 0.05 0.05 0.10
1772700909.469723 8.0707808832 -12.7785921452 -1.9900179388 0.05 0.05 0.10
1772700909.664227 8.0443187227 -12.7071951053 -1.9890177634 0.05 0.05 0.10
1772700909.858731 8.0177079584 -12.6357980684 -1.9870175870 0.05 0.05 0.10
1772700910.053235 7.9912457997 -12.5645859880 -1.9860174121 0.05 0.05 0.10
1772700910.247739 7.9646350397 -12.4937438479 -1.9850172399 0.05 0.05 0.10
1772700910.442243 7.9378755836 -12.4227167362 -1.9840170678 0.05 0.05 0.10
1772700910.636747 7.8402037083 -12.3237597220 -1.9950167538 0.05 0.05 0.10
1772700910.831251 7.8109169163 -12.2488483182 -1.9940165730 0.05 0.05 0.10
1772700911.025755 7.7813329186 -12.1735669857 -1.9920163933 0.05 0.05 0.10
1772700911.220259 7.7517488314 -12.0984706106 -1.9910162131 0.05 0.05 0.10
1772700911.414763 7.7220161403 -12.0230043056 -1.9900160342 0.05 0.05 0.10
1772700911.609267 7.6921347563 -11.9471680736 -1.9880158556 0.05 0.05 0.10
1772700911.803771 7.6619559892 -11.8707769296 -1.9870156756 0.05 0.05 0.10
1772700911.998275 7.6314800094 -11.7940158677 -1.9860154964 0.05 0.05 0.10
1772700912.192779 7.6005579562 -11.7168848671 -1.9840153169 0.05 0.05 0.10
1772700912.387283 7.5694872971 -11.6395688936 -1.9830151387 0.05 0.05 0.10
1772700912.581787 7.4590303505 -11.5626229076 -1.9950148679 0.05 0.05 0.10
1772700912.776291 7.4264730332 -11.4840121678 -1.9930146878 0.05 0.05 0.10
1772700912.970795 7.3939157125 -11.4052164678 -1.9920145085 0.05 0.05 0.10
1772700913.165299 7.3609124009 -11.3262358093 -1.9900143287 0.05 0.05 0.10
1772700913.359803 7.3279090953 -11.2472551397 -1.9890141507 0.05 0.05 0.10
1772700913.554307 7.2947571830 -11.1680895110 -1.9870139740 0.05 0.05 0.10
1772700913.748811 7.2614564868 -11.0889238710 -1.9860137953 0.05 0.05 0.10
1772700913.943316 7.2278585867 -11.0093883132 -1.9840136204 0.05 0.05 0.10
1772700914.137820 7.1942605973 -10.9298527454 -1.9820134455 0.05 0.05 0.10
1772700914.332324 7.1602166183 -10.8503171750 -1.9810132704 0.05 0.05 0.10
1772700914.526828 7.0485706204 -10.9398410078 -2.0110133004 0.05 0.05 0.10
1772700914.721332 7.0145266444 -10.8625250356 -2.0100131299 0.05 0.05 0.10
1772700914.915835 6.9803340637 -10.7848391355 -2.0080129599 0.05 0.05 0.10
1772700915.110339 6.9456954073 -10.7067833063 -2.0060127903 0.05 0.05 0.10
1772700915.304843 6.9109081457 -10.6285425062 -2.0050126217 0.05 0.05 0.10
1772700915.499347 6.8758235879 -10.5499317771 -2.0030124522 0.05 0.05 0.10
1772700915.693851 6.8402930425 -10.4707661366 -2.0020122828 0.05 0.05 0.10
1772700915.888355 6.8044651102 -10.3914155387 -2.0000121155 0.05 0.05 0.10
1772700916.082860 6.7683398814 -10.3115100405 -1.9980119464 0.05 0.05 0.10
1772700916.277364 6.7319173561 -10.2310496419 -1.9970117776 0.05 0.05 0.10
1772700916.471868 6.6559504212 -10.2780311576 -2.0240117744 0.05 0.05 0.10
1772700916.666372 6.6205684830 -10.2016400137 -2.0230116152 0.05 0.05 0.10
1772700916.860876 6.5850379402 -10.1250639118 -2.0210114558 0.05 0.05 0.10
1772700917.055380 6.5492100162 -10.0484878112 -2.0190112969 0.05 0.05 0.10
1772700917.249884 6.5132334881 -9.9717267500 -2.0170111391 0.05 0.05 0.10
1772700917.444388 6.4768109695 -9.8947807073 -2.0160109818 0.05 0.05 0.10
1772700917.638892 6.4400910651 -9.8176497051 -2.0140108253 0.05 0.05 0.10
1772700917.833396 6.4030738627 -9.7401487751 -2.0120106697 0.05 0.05 0.10
1772700918.027900 6.3660566637 -9.6622779045 -2.0100105126 0.05 0.05 0.10
1772700918.222404 6.3285934762 -9.5842220739 -2.0080103572 0.05 0.05 0.10
1772700918.416908 6.2899411171 -9.6750406281 -2.0240104578 0.05 0.05 0.10
1772700918.611412 6.2547078813 -9.6030886906 -2.0220103142 0.05 0.05 0.10
1772700918.805916 6.2193259536 -9.5309517836 -2.0200101697 0.05 0.05 0.10
1772700919.000420 6.1836467300 -9.4584449468 -2.0180100277 0.05 0.05 0.10
1772700919.194924 6.1478188120 -9.3859380993 -2.0160098854 0.05 0.05 0.10
1772700919.389428 6.1116935998 -9.3132462927 -2.0140097452 0.05 0.05 0.10
1772700919.583932 6.0754197819 -9.2401845543 -2.0130096028 0.05 0.05 0.10
1772700919.778436 6.0389971851 -9.1667528770 -2.0110094626 0.05 0.05 0.10
1772700919.972940 6.0024259827 -9.0929512710 -2.0090093220 0.05 0.05 0.10
1772700920.167444 5.9655574846 -9.0189647060 -2.0070091820 0.05 0.05 0.10
1772700920.361948 5.9322569953 -9.0955408422 -2.0200092598 0.05 0.05 0.10
1772700920.556452 5.8970237686 -9.0259934608 -2.0180091280 0.05 0.05 0.10
1772700920.750956 5.8616418463 -8.9562611181 -2.0170089960 0.05 0.05 0.10
1772700920.945460 5.8261113201 -8.8867137375 -2.0150088662 0.05 0.05 0.10
1772700921.139964 5.7904321051 -8.8169813962 -2.0130087383 0.05 0.05 0.10
1772700921.334468 5.7549014938 -8.7476189841 -2.0110086094 0.05 0.05 0.10
1772700921.528972 5.7192222794 -8.6784415307 -2.0090084819 0.05 0.05 0.10
1772700921.723476 5.6836917553 -8.6092640883 -2.0070083568 0.05 0.05 0.10
1772700921.917980 5.6483098387 -8.5406415456 -2.0050082333 0.05 0.05 0.10
1772700922.112484 5.6129280134 -8.4723889313 -2.0030081099 0.05 0.05 0.10
1772700922.306988 5.5701130507 -8.5717159375 -2.0290082066 0.05 0.05 0.10
1772700922.501492 5.5377043749 -8.5097521736 -2.0280080938 0.05 0.05 0.10
1772700922.695996 5.5051470953 -8.4483433218 -2.0260079831 0.05 0.05 0.10
1772700922.890500 5.4727385062 -8.3871194287 -2.0240078763 0.05 0.05 0.10
1772700923.085004 5.4404785259 -8.3260805062 -2.0220077682 0.05 0.05 0.10
1772700923.279508 5.4080699404 -8.2652265526 -2.0200076611 0.05 0.05 0.10
1772700923.474012 5.3756613552 -8.2043725999 -2.0180075552 0.05 0.05 0.10
1772700923.668516 5.3434013759 -8.1437036074 -2.0160074505 0.05 0.05 0.10
1772700923.863020 5.3109927898 -8.0832195825 -2.0140073452 0.05 0.05 0.10
1772700924.057524 5.2787328114 -8.0227355568 -2.0130072413 0.05 0.05 0.10
1772700924.252028 5.2412697132 -8.0906182702 -2.0290072976 0.05 0.05 0.10
1772700924.446532 5.2109423889 -8.0345734413 -2.0270072004 0.05 0.05 0.10
1772700924.641036 5.1806150639 -7.9785286110 -2.0250071050 0.05 0.05 0.10
1772700924.835540 5.1501390480 -7.9226687415 -2.0230070115 0.05 0.05 0.10
1772700925.030044 5.1196631172 -7.8668088790 -2.0220069181 0.05 0.05 0.10
1772700925.224548 5.0891871019 -7.8109490211 -2.0200068238 0.05 0.05 0.10
1772700925.419052 5.0584137886 -7.7550891495 -2.0180067323 0.05 0.05 0.10
1772700925.613556 5.0276404780 -7.6994142602 -2.0160066395 0.05 0.05 0.10
1772700925.808060 4.9967184729 -7.6437393582 -2.0150065491 0.05 0.05 0.10
1772700926.002564 4.9657965568 -7.5882494268 -2.0130064580 0.05 0.05 0.10
1772700926.197068 4.8595023037 -7.5473718639 -2.0390063272 0.05 0.05 0.10
1772700926.391572 4.8269450323 -7.4894773647 -2.0370062338 0.05 0.05 0.10
1772700926.586076 4.7942390704 -7.4315828654 -2.0360061417 0.05 0.05 0.10
1772700926.780580 4.7615331984 -7.3736883782 -2.0340060494 0.05 0.05 0.10
1772700926.975084 4.7288272382 -7.3159788504 -2.0320059593 0.05 0.05 0.10
1772700927.169588 4.6961212758 -7.2580843502 -2.0300058688 0.05 0.05 0.10
1772700927.364092 4.6635640087 -7.2001898507 -2.0280057791 0.05 0.05 0.10
1772700927.558596 4.6308581375 -7.1424803208 -2.0270056895 0.05 0.05 0.10
1772700927.753100 4.5983008715 -7.0845858328 -2.0250056007 0.05 0.05 0.10
1772700927.947604 4.5657436054 -7.0268763029 -2.0230055141 0.05 0.05 0.10
1772700928.142108 4.4998857340 -7.0091195343 -2.0410054484 0.05 0.05 0.10
1772700928.336612 4.4677744596 -6.9527047603 -2.0400053636 0.05 0.05 0.10
1772700928.531116 4.4358118791 -6.8964749705 -2.0380052803 0.05 0.05 0.10
1772700928.725620 4.4038492960 -6.8406150978 -2.0360051972 0.05 0.05 0.10
1772700928.920124 4.3718866270 -6.7851251644 -2.0350051160 0.05 0.05 0.10
1772700929.114628 4.3402213436 -6.7296352315 -2.0330050355 0.05 0.05 0.10
1772700929.309132 4.3087047545 -6.6743302680 -2.0320049549 0.05 0.05 0.10
1772700929.503636 4.2771881644 -6.6195802038 -2.0300048770 0.05 0.05 0.10
1772700929.698140 4.2458201786 -6.5648301295 -2.0280047995 0.05 0.05 0.10
1772700929.892644 4.2144521944 -6.5100800646 -2.0270047220 0.05 0.05 0.10
1772700930.087148 4.1102392906 -6.4503359027 -2.0620045933 0.05 0.05 0.10
1772700930.281652 4.0778307232 -6.3942910697 -2.0600045156 0.05 0.05 0.10
1772700930.476156 4.0454220676 -6.3382462362 -2.0590044402 0.05 0.05 0.10
1772700930.670660 4.0130135015 -6.2825713318 -2.0570043637 0.05 0.05 0.10
1772700930.865165 3.9806049378 -6.2267114677 -2.0560042880 0.05 0.05 0.10
1772700931.059669 3.9481962814 -6.1706666344 -2.0540042137 0.05 0.05 0.10
1772700931.254173 3.9156390232 -6.1144368294 -2.0530041385 0.05 0.05 0.10
1772700931.448677 3.8830817643 -6.0583919958 -2.0510040661 0.05 0.05 0.10
1772700931.643181 3.8502272115 -6.0019772312 -2.0500039930 0.05 0.05 0.10
1772700931.837685 3.8173726591 -5.9453774980 -2.0480039187 0.05 0.05 0.10
1772700932.032188 3.7393244607 -5.8950666100 -2.0770038264 0.05 0.05 0.10
1772700932.226692 3.7063212169 -5.8382819159 -2.0760037546 0.05 0.05 0.10
1772700932.421196 3.6730205843 -5.7814972120 -2.0750036844 0.05 0.05 0.10
1772700932.615700 3.6398687360 -5.7247125084 -2.0730036143 0.05 0.05 0.10
1772700932.810205 3.6064195053 -5.6679278144 -2.0720035432 0.05 0.05 0.10
1772700933.004709 3.5729702715 -5.6111431099 -2.0700034744 0.05 0.05 0.10
1772700933.199213 3.5392236532 -5.5543584049 -2.0680034061 0.05 0.05 0.10
1772700933.393717 3.5053284340 -5.4973887417 -2.0670033382 0.05 0.05 0.10
1772700933.588221 3.4711359143 -5.4400491373 -2.0650032695 0.05 0.05 0.10
1772700933.782725 3.4367947034 -5.3823396036 -2.0630032020 0.05 0.05 0.10
1772700933.977229 3.3233646308 -5.2782034781 -2.1020030548 0.05 0.05 0.10
1772700934.171733 3.2869421653 -5.2173495186 -2.1000029851 0.05 0.05 0.10
1772700934.366237 3.2503710103 -5.1561256188 -2.0980029174 0.05 0.05 0.10
1772700934.560741 3.2135025577 -5.0945317895 -2.0960028490 0.05 0.05 0.10
1772700934.755245 3.1764854106 -5.0325680286 -2.0950027811 0.05 0.05 0.10
1772700934.949749 3.1394682677 -4.9702343291 -2.0930027120 0.05 0.05 0.10
1772700935.144253 3.1021537378 -4.9079006291 -2.0910026475 0.05 0.05 0.10
1772700935.338757 3.0648392984 -4.8455669407 -2.0890025806 0.05 0.05 0.10
1772700935.533261 3.0273761649 -4.7828633102 -2.0880025144 0.05 0.05 0.10
1772700935.727765 2.9897643394 -4.7201596807 -2.0860024514 0.05 0.05 0.10
1772700935.922269 2.9267312022 -4.6889003368 -2.1170023988 0.05 0.05 0.10
1772700936.116773 2.8898626651 -4.6278614054 -2.1150023375 0.05 0.05 0.10
1772700936.311277 2.8529942175 -4.5670074434 -2.1130022767 0.05 0.05 0.10
1772700936.505781 2.8161257727 -4.5059685110 -2.1110022167 0.05 0.05 0.10
1772700936.700285 2.7792572370 -4.4449295801 -2.1090021579 0.05 0.05 0.10
1772700936.894789 2.7422400958 -4.3837056766 -2.1080020985 0.05 0.05 0.10
1772700937.089293 2.7052229582 -4.3224817725 -2.1060020419 0.05 0.05 0.10
1772700937.283797 2.6680572166 -4.2610729115 -2.1040019846 0.05 0.05 0.10
1772700937.478301 2.6305940894 -4.1998490087 -2.1020019280 0.05 0.05 0.10
1772700937.672805 2.5932795686 -4.1382551765 -2.1000018727 0.05 0.05 0.10
1772700937.867309 2.5534378927 -4.1217931578 -2.1230018455 0.05 0.05 0.10
1772700938.061813 2.5167180537 -4.0613091231 -2.1210017931 0.05 0.05 0.10
1772700938.256317 2.4799982166 -4.0008250896 -2.1190017389 0.05 0.05 0.10
1772700938.450821 2.4431297748 -3.9403410552 -2.1170016876 0.05 0.05 0.10
1772700938.645325 2.4062613326 -3.8796720507 -2.1160016355 0.05 0.05 0.10
1772700938.839829 2.3690955074 -3.8190030575 -2.1140015859 0.05 0.05 0.10
1772700939.034333 2.3317810781 -3.7579641233 -2.1120015362 0.05 0.05 0.10
1772700939.228837 2.2944665596 -3.6971101467 -2.1100014862 0.05 0.05 0.10
1772700939.423341 2.2571521319 -3.6358862534 -2.1080014379 0.05 0.05 0.10
1772700939.617845 2.2198377016 -3.5748473182 -2.1070013897 0.05 0.05 0.10
1772700939.812349 2.1783606801 -3.5556107930 -2.1290013653 0.05 0.05 0.10
1772700940.006853 2.1417895379 -3.4956816565 -2.1270013189 0.05 0.05 0.10
1772700940.201357 2.1050697036 -3.4359374905 -2.1260012746 0.05 0.05 0.10
1772700940.395861 2.0684985654 -3.3761933229 -2.1240012308 0.05 0.05 0.10
1772700940.590365 2.0319274246 -3.3168190867 -2.1220011876 0.05 0.05 0.10
1772700940.784869 1.9955049791 -3.2574448482 -2.1200011459 0.05 0.05 0.10
1772700940.979373 1.9589338396 -3.1982555696 -2.1180011040 0.05 0.05 0.10
1772700941.173877 1.9225113057 -3.1388813321 -2.1170010635 0.05 0.05 0.10
1772700941.368381 1.8860888621 -3.0796920641 -2.1150010232 0.05 0.05 0.10
1772700941.562885 1.8498150215 -3.0203178260 -2.1130009840 0.05 0.05 0.10
1772700941.757389 1.8162172102 -3.0180982237 -2.1370009744 0.05 0.05 0.10
1772700941.951893 1.7800920636 -2.9596488131 -2.1350009353 0.05 0.05 0.10
1772700942.146397 1.7441155206 -2.9015693442 -2.1330008987 0.05 0.05 0.10
1772700942.340901 1.7081390673 -2.8434898745 -2.1310008639 0.05 0.05 0.10
1772700942.535405 1.6720139235 -2.7857803332 -2.1300008276 0.05 0.05 0.10
1772700942.729909 1.6360374688 -2.7280707930 -2.1280007929 0.05 0.05 0.10
1772700942.924413 1.6000609304 -2.6705462109 -2.1260007604 0.05 0.05 0.10
1772700943.118917 1.5640844789 -2.6130216393 -2.1240007280 0.05 0.05 0.10
1772700943.313421 1.5281080297 -2.5547571985 -2.1220006942 0.05 0.05 0.10
1772700943.507925 1.4919828843 -2.4964927578 -2.1200006635 0.05 0.05 0.10
1772700943.702429 1.4524384325 -2.4506210717 -2.1300006365 0.05 0.05 0.10
1772700943.896933 1.4155700045 -2.3914317900 -2.1280006057 0.05 0.05 0.10
1772700944.091437 1.3787015767 -2.3320575502 -2.1270005753 0.05 0.05 0.10
1772700944.285941 1.3416844566 -2.2726833085 -2.1250005456 0.05 0.05 0.10
1772700944.480445 1.3046673381 -2.2131241095 -2.1230005174 0.05 0.05 0.10
1772700944.674949 1.2675015256 -2.1533799285 -2.1210004898 0.05 0.05 0.10
1772700944.869453 1.2303357174 -2.0936357578 -2.1190004626 0.05 0.05 0.10
1772700945.063957 1.1930213021 -2.0335216463 -2.1170004364 0.05 0.05 0.10
1772700945.258461 1.1560041831 -1.9735925052 -2.1150004108 0.05 0.05 0.10
1772700945.452965 1.1189870687 -1.9138483341 -2.1130003858 0.05 0.05 0.10
1772700945.647469 1.0865785366 -1.8953516782 -2.1340003738 0.05 0.05 0.10
1772700945.841973 1.0497100246 -1.8361624062 -2.1320003504 0.05 0.05 0.10
1772700946.036477 1.0126929122 -1.7769731341 -2.1300003278 0.05 0.05 0.10
1772700946.230981 0.9758244893 -1.7179688213 -2.1280003052 0.05 0.05 0.10
1772700946.425485 0.9391046720 -1.6589645083 -2.1250002850 0.05 0.05 0.10
1772700946.619989 0.9023849427 -1.5999602055 -2.1230002637 0.05 0.05 0.10
1772700946.814493 0.8656651254 -1.5409558921 -2.1210002459 0.05 0.05 0.10
1772700947.008997 0.8289453083 -1.4819515775 -2.1190002256 0.05 0.05 0.10
1772700947.203501 0.7922255803 -1.4227623042 -2.1170002070 0.05 0.05 0.10
1772700947.398005 0.7555057655 -1.3637579905 -2.1150001910 0.05 0.05 0.10
1772700947.592510 0.7507485759 -1.3850291375 -2.1380001944 0.05 0.05 0.10
1772700947.787014 0.7159614112 -1.3289842906 -2.1360001779 0.05 0.05 0.10
1772700947.981518 0.6813228510 -1.2733093729 -2.1340001626 0.05 0.05 0.10
1772700948.176022 0.6466843815 -1.2178194252 -2.1320001501 0.05 0.05 0.10
1772700948.370526 0.6121945139 -1.1625144479 -2.1300001357 0.05 0.05 0.10
1772700948.565030 0.5778533393 -1.1073944295 -2.1270001209 0.05 0.05 0.10
1772700948.759534 0.5438095510 -1.0522744216 -2.1250001093 0.05 0.05 0.10
1772700948.954038 0.5097656730 -0.9973393715 -2.1230000974 0.05 0.05 0.10
1772700949.148541 0.4760191839 -0.9424043226 -2.1210000869 0.05 0.05 0.10
1772700949.343045 0.4694779500 -0.9655251262 -2.1670000899 0.05 0.05 0.10
1772700949.537549 0.4369207323 -0.9126247049 -2.1650000805 0.05 0.05 0.10
1772700949.732054 0.4043635177 -0.8597242952 -2.1630000687 0.05 0.05 0.10
1772700949.926558 0.3718063041 -0.8068238731 -2.1600000609 0.05 0.05 0.10
1772700950.121062 0.3393977826 -0.7542933918 -2.1580000531 0.05 0.05 0.10
1772700950.315566 0.3071378651 -0.7019478699 -2.1560000449 0.05 0.05 0.10
1772700950.510070 0.2750266398 -0.6499722885 -2.1530000390 0.05 0.05 0.10
1772700950.704574 0.2429154176 -0.5981816647 -2.1510000316 0.05 0.05 0.10
1772700950.899078 0.2111015796 -0.5463910418 -2.1480000274 0.05 0.05 0.10
1772700951.093582 0.1795849497 -0.4949703589 -2.1460000203 0.05 0.05 0.10
1772700951.288086 0.1480684108 -0.4435496752 -2.1440000151 0.05 0.05 0.10
1772700951.482590 0.1043614668 -0.3830656281 -2.1790000107 0.05 0.05 0.10
1772700951.677094 0.0728449293 -0.3312750042 -2.1760000087 0.05 0.05 0.10
1772700951.871598 0.0416256846 -0.2796693510 -2.1740000055 0.05 0.05 0.10
1772700952.066102 0.0105550466 -0.2286185969 -2.1710000030 0.05 0.05 0.10
1772700952.260606 -0.0203668085 -0.1775678416 -2.1690000017 0.05 0.05 0.10
1772700952.455110 -0.0512887536 -0.1265170885 -2.1660000002 0.05 0.05 0.10
1772700952.649614 -0.0819133140 -0.0756513028 -2.1639999998 0.05 0.05 0.10
1772700952.844118 -0.1125379610 -0.0247855075 -2.1609999988 0.05 0.05 0.10
1772700953.038622 -0.1430138263 0.0262652481 -2.1580000014 0.05 0.05 0.10
1772700953.233126 -0.1734897827 0.0771310324 -2.1560000021 0.05 0.05 0.10
1772700953.427630 -0.2378609092 0.1740534766 -2.1940000060 0.05 0.05 0.10
1772700953.622134 -0.2692287511 0.2263990010 -2.1910000080 0.05 0.05 0.10
1772700953.816638 -0.3002993877 0.2785595547 -2.1890000127 0.05 0.05 0.10
1772700954.011142 -0.3312212389 0.3303501809 -2.1860000161 0.05 0.05 0.10
1772700954.205646 -0.3621431828 0.3819558361 -2.1830000216 0.05 0.05 0.10
1772700954.400150 -0.3929164296 0.4333765213 -2.1810000253 0.05 0.05 0.10
1772700954.594654 -0.4235409841 0.4847972064 -2.1780000311 0.05 0.05 0.10
1772700954.789158 -0.4538682449 0.5360329333 -2.1750000375 0.05 0.05 0.10
1772700954.983662 -0.4840468995 0.5868987196 -2.1720000446 0.05 0.05 0.10
1772700955.178166 -0.5140767708 0.6375795463 -2.1700000522 0.05 0.05 0.10
1772700955.372670 -0.5670008638 0.7428254817 -2.2020000672 0.05 0.05 0.10
1772700955.567174 -0.5983687020 0.7959108775 -2.1990000779 0.05 0.05 0.10
1772700955.761678 -0.6297366300 0.8488112919 -2.1960000870 0.05 0.05 0.10
1772700955.956182 -0.6609558640 0.9017117172 -2.1930000967 0.05 0.05 0.10
1772700956.150686 -0.6915804146 0.9540572448 -2.1910001085 0.05 0.05 0.10
1772700956.345190 -0.7222050584 1.0058478610 -2.1880001203 0.05 0.05 0.10
1772700956.539694 -0.7526809150 1.0574535175 -2.1850001315 0.05 0.05 0.10
1772700956.734198 -0.7831568637 1.1085042745 -2.1820001445 0.05 0.05 0.10
1772700956.928702 -0.8134841181 1.1597400026 -2.1790001571 0.05 0.05 0.10
1772700957.123206 -0.8983707186 1.2777486264 -2.2240001901 0.05 0.05 0.10
1772700957.317710 -0.9304819288 1.3326836816 -2.2210002065 0.05 0.05 0.10
1772700957.512214 -0.9624444462 1.3874337786 -2.2180002234 0.05 0.05 0.10
1772700957.706718 -0.9942583554 1.4418139328 -2.2150002405 0.05 0.05 0.10
1772700957.901222 -1.0257748824 1.4960091179 -2.2120002562 0.05 0.05 0.10
1772700958.095726 -1.0571428057 1.5500193450 -2.2090002765 0.05 0.05 0.10
1772700958.290230 -1.0883620341 1.6034746611 -2.2060002943 0.05 0.05 0.10
1772700958.484734 -1.1194325722 1.6569299881 -2.2020003133 0.05 0.05 0.10
1772700958.679238 -1.1505031079 1.7103853162 -2.1990003323 0.05 0.05 0.10
1772700958.873742 -1.1814250377 1.7636556735 -2.1960003539 0.05 0.05 0.10
1772700959.068246 -1.2124955724 1.8169260313 -2.1930003738 0.05 0.05 0.10
1772700959.262750 -1.2789479196 1.9347496823 -2.2320004215 0.05 0.05 0.10
1772700959.457254 -1.3120997941 1.9922742783 -2.2280004460 0.05 0.05 0.10
1772700959.651758 -1.3451029743 2.0497988629 -2.2250004709 0.05 0.05 0.10
1772700959.846262 -1.3782548482 2.1073234465 -2.2220004971 0.05 0.05 0.10
1772700960.040766 -1.4112580294 2.1650330017 -2.2180005230 0.05 0.05 0.10
1772700960.235270 -1.4442612106 2.2223726267 -2.2150005507 0.05 0.05 0.10
1772700960.429774 -1.4772643889 2.2797122522 -2.2120005790 0.05 0.05 0.10
1772700960.624278 -1.5104161729 2.3368669081 -2.2080006072 0.05 0.05 0.10
1772700960.818782 -1.5434193521 2.3940215646 -2.2050006371 0.05 0.05 0.10
1772700961.013286 -1.5762739265 2.4508062806 -2.2010006648 0.05 0.05 0.10
1772700961.207790 -1.6489701006 2.5852769250 -2.2500007382 0.05 0.05 0.10
1772700961.402294 -1.6836085389 2.6453910494 -2.2460007709 0.05 0.05 0.10
1772700961.596798 -1.7179496852 2.7055051627 -2.2430008059 0.05 0.05 0.10
1772700961.791302 -1.7524395187 2.7656192883 -2.2390008417 0.05 0.05 0.10
1772700961.985806 -1.7867806604 2.8257334135 -2.2350008754 0.05 0.05 0.10
1772700962.180310 -1.8211218030 2.8858475270 -2.2310009135 0.05 0.05 0.10
1772700962.374814 -1.8554629460 2.9461466247 -2.2270009517 0.05 0.05 0.10
1772700962.569318 -1.8895066989 3.0062607372 -2.2240009895 0.05 0.05 0.10
1772700962.763822 -1.9235505453 3.0661898927 -2.2200010279 0.05 0.05 0.10
1772700962.958326 -1.9575943886 3.1261190501 -2.2160010671 0.05 0.05 0.10
1772700963.152830 -2.0057611629 3.2141630969 -2.2670011266 0.05 0.05 0.10
1772700963.347334 -2.0403995980 3.2752020512 -2.2630011684 0.05 0.05 0.10
1772700963.541838 -2.0750380305 3.3366109365 -2.2590012115 0.05 0.05 0.10
1772700963.736342 -2.1096765554 3.3978348616 -2.2550012556 0.05 0.05 0.10
1772700963.930846 -2.1444636812 3.4594287185 -2.2510013005 0.05 0.05 0.10
1772700964.125350 -2.1792508093 3.5210225732 -2.2470013463 0.05 0.05 0.10
1772700964.319854 -2.2137405475 3.5824314597 -2.2430013918 0.05 0.05 0.10
1772700964.514359 -2.2480816820 3.6438403454 -2.2390014392 0.05 0.05 0.10
1772700964.708863 -2.2824228187 3.7050642718 -2.2350014866 0.05 0.05 0.10
1772700964.903367 -2.3166153510 3.7662881992 -2.2310015346 0.05 0.05 0.10
1772700965.097871 -2.3673093524 3.8569217562 -2.2880016061 0.05 0.05 0.10
1772700965.292375 -2.4017991785 3.9192554827 -2.2840016588 0.05 0.05 0.10
1772700965.486879 -2.4362889135 3.9817741677 -2.2800017115 0.05 0.05 0.10
1772700965.681383 -2.4707787387 4.0444778243 -2.2760017634 0.05 0.05 0.10
1772700965.875887 -2.5052685638 4.1071814803 -2.2710018174 0.05 0.05 0.10
1772700966.070391 -2.5393123092 4.1704400364 -2.2670018720 0.05 0.05 0.10
1772700966.264894 -2.5733561436 4.2336985927 -2.2630019270 0.05 0.05 0.10
1772700966.459399 -2.6075485825 4.2971421179 -2.2590019832 0.05 0.05 0.10
1772700966.653903 -2.6417411074 4.3607706038 -2.2550020412 0.05 0.05 0.10
1772700966.848407 -2.6760822359 4.4243991013 -2.2500020991 0.05 0.05 0.10
1772700967.042911 -2.7346553272 4.5374136026 -2.3130022034 0.05 0.05 0.10
1772700967.237415 -2.7694424432 4.6023368587 -2.3080022656 0.05 0.05 0.10
1772700967.431919 -2.8043782526 4.6670751448 -2.3040023276 0.05 0.05 0.10
1772700967.626423 -2.8390166734 4.7318134410 -2.2990023898 0.05 0.05 0.10
1772700967.820927 -2.8735064921 4.7963667580 -2.2950024556 0.05 0.05 0.10
1772700968.015431 -2.9076989247 4.8609200848 -2.2900025190 0.05 0.05 0.10
1772700968.209935 -2.9417427547 4.9252884413 -2.2860025847 0.05 0.05 0.10
1772700968.404439 -2.9756378892 4.9894718278 -2.2810026491 0.05 0.05 0.10
1772700968.598943 -3.0093843324 5.0534702554 -2.2770027158 0.05 0.05 0.10
1772700968.793447 -3.0426848743 5.1172837143 -2.2720027835 0.05 0.05 0.10
1772700968.987951 -3.0765799703 5.2092120278 -2.3270028733 0.05 0.05 0.10
1772700969.182455 -3.1103264120 5.2737653566 -2.3220029447 0.05 0.05 0.10
1772700969.376959 -3.1439242473 5.3379487441 -2.3180030138 0.05 0.05 0.10
1772700969.571463 -3.1772246986 5.4019471731 -2.3130030843 0.05 0.05 0.10
1772700969.765967 -3.2103765461 5.4655756615 -2.3080031557 0.05 0.05 0.10
1772700969.960471 -3.2430823143 5.5290191900 -2.3040032255 0.05 0.05 0.10
1772700970.154975 -3.2754908779 5.5920927793 -2.2990032979 0.05 0.05 0.10
1772700970.349479 -3.3077506556 5.6551663790 -2.2950033711 0.05 0.05 0.10
1772700970.543983 -3.3398618327 5.7178700393 -2.2900034441 0.05 0.05 0.10
1772700970.738487 -3.3719730069 5.7803887302 -2.2850035167 0.05 0.05 0.10
1772700970.932991 -3.4275729154 5.9157841590 -2.3610036699 0.05 0.05 0.10
1772700971.127495 -3.4611706570 5.9816322474 -2.3560037493 0.05 0.05 0.10
1772700971.321999 -3.4946197948 6.0469254462 -2.3510038299 0.05 0.05 0.10
1772700971.516503 -3.5282176267 6.1120336654 -2.3460039120 0.05 0.05 0.10
1772700971.711007 -3.5615180697 6.1769569253 -2.3410039932 0.05 0.05 0.10
1772700971.905511 -3.5949672084 6.2420651554 -2.3360040752 0.05 0.05 0.10
1772700972.100015 -3.6281190493 6.3068034443 -2.3310041577 0.05 0.05 0.10
1772700972.294519 -3.6612708896 6.3713567751 -2.3260042397 0.05 0.05 0.10
1772700972.489023 -3.6941253436 6.4357251361 -2.3210043237 0.05 0.05 0.10
1772700972.683527 -3.7268311961 6.4997235687 -2.3160044091 0.05 0.05 0.10
1772700972.878031 -3.8063657020 6.6415928279 -2.3890046024 0.05 0.05 0.10
1772700973.072535 -3.8407068113 6.7089206583 -2.3830046925 0.05 0.05 0.10
1772700973.267039 -3.8748993192 6.7758785478 -2.3780047855 0.05 0.05 0.10
1772700973.461543 -3.9090917347 6.8426514790 -2.3730048774 0.05 0.05 0.10
1772700973.656047 -3.9431355472 6.9096093678 -2.3680049703 0.05 0.05 0.10
1772700973.850551 -3.9774766568 6.9763822987 -2.3630050641 0.05 0.05 0.10
1772700974.045055 -4.0115203784 7.0431552192 -2.3570051602 0.05 0.05 0.10
1772700974.239559 -4.0457128832 7.1095582218 -2.3520052549 0.05 0.05 0.10
1772700974.434063 -4.0799052974 7.1761461829 -2.3470053517 0.05 0.05 0.10
1772700974.628567 -4.1140977109 7.2425491749 -2.3420054501 0.05 0.05 0.10
1772700974.823071 -4.2021060708 7.3875628706 -2.4150056734 0.05 0.05 0.10
1772700975.017575 -4.2379338343 7.4578501603 -2.4090057797 0.05 0.05 0.10
1772700975.212079 -4.2739101992 7.5281374493 -2.4040058867 0.05 0.05 0.10
1772700975.406583 -4.3097379616 7.5984247506 -2.3980059937 0.05 0.05 0.10
1772700975.601087 -4.3452683341 7.6687120400 -2.3930061029 0.05 0.05 0.10
1772700975.795591 -4.3807987107 7.7389993313 -2.3870062121 0.05 0.05 0.10
1772700975.990095 -4.4164777770 7.8092866338 -2.3810063214 0.05 0.05 0.10
1772700976.184599 -4.4521568452 7.8797588951 -2.3750064334 0.05 0.05 0.10
1772700976.379103 -4.4876873037 7.9502311557 -2.3700065461 0.05 0.05 0.10
1772700976.573607 -4.5230689846 8.0205184469 -2.3640066590 0.05 0.05 0.10
1772700976.768111 -4.6295115331 8.1984561681 -2.4450069619 0.05 0.05 0.10
1772700976.962615 -4.6680151288 8.2744774267 -2.4390070891 0.05 0.05 0.10
1772700977.157119 -4.7065188131 8.3503137279 -2.4320072170 0.05 0.05 0.10
1772700977.351623 -4.7450224983 8.4263349874 -2.4260073454 0.05 0.05 0.10
1772700977.546127 -4.7836747813 8.5027261753 -2.4200074754 0.05 0.05 0.10
1772700977.740631 -4.8226244530 8.5793023369 -2.4130076082 0.05 0.05 0.10
1772700977.935135 -4.8617227287 8.6562484261 -2.4070077418 0.05 0.05 0.10
1772700978.129639 -4.9009696944 8.7333794882 -2.4000078770 0.05 0.05 0.10
1772700978.324143 -4.9403653502 8.8106955186 -2.3940080137 0.05 0.05 0.10
1772700978.518647 -4.9799096118 8.8880115510 -2.3870081530 0.05 0.05 0.10
1772700978.713151 -5.0610794161 9.0370945120 -2.4440084271 0.05 0.05 0.10
1772700978.907655 -5.1022590236 9.1179249008 -2.4370085742 0.05 0.05 0.10
1772700979.102160 -5.1437359278 9.1991252325 -2.4300087250 0.05 0.05 0.10
1772700979.296663 -5.1855101217 9.2805105208 -2.4240088773 0.05 0.05 0.10
1772700979.491167 -5.2275817055 9.3622657521 -2.4170090311 0.05 0.05 0.10
1772700979.685671 -5.2699505817 9.4443909132 -2.4100091883 0.05 0.05 0.10
1772700979.880175 -5.3123194594 9.5267010463 -2.4030093455 0.05 0.05 0.10
1772700980.074679 -5.3548369373 9.6093811072 -2.3960095065 0.05 0.05 0.10
1772700980.269183 -5.3976518024 9.6924310981 -2.3890096669 0.05 0.05 0.10
1772700980.463687 -5.4404666628 9.7754810911 -2.3820098314 0.05 0.05 0.10
1772700980.658191 -5.5085541897 9.8487277150 -2.4800100011 0.05 0.05 0.10
1772700980.852695 -5.5521123337 9.9328875174 -2.4730101716 0.05 0.05 0.10
1772700981.047199 -5.5956704771 10.0168623390 -2.4660103406 0.05 0.05 0.10
1772700981.241704 -5.6393773111 10.1012071004 -2.4590105125 0.05 0.05 0.10
1772700981.436208 -5.6832328396 10.1855518630 -2.4520106845 0.05 0.05 0.10
1772700981.630712 -5.7270883611 10.2698966260 -2.4450108607 0.05 0.05 0.10
1772700981.825216 -5.7712411852 10.3542413891 -2.4380110372 0.05 0.05 0.10
1772700982.019720 -5.8153940056 10.4387711247 -2.4310112166 0.05 0.05 0.10
1772700982.214224 -5.8598441185 10.5234858178 -2.4240113946 0.05 0.05 0.10
1772700982.408728 -5.9044429299 10.6083854849 -2.4160115787 0.05 0.05 0.10
1772700982.603232 -5.9533528355 10.6670197185 -2.5270117214 0.05 0.05 0.10
1772700982.797736 -5.9981003320 10.7522893126 -2.5200119064 0.05 0.05 0.10
1772700982.992240 -6.0429964327 10.8377438764 -2.5130120944 0.05 0.05 0.10
1772700983.186744 -6.0881899158 10.9235683709 -2.5060122848 0.05 0.05 0.10
1772700983.381248 -6.1338293866 11.0099477756 -2.4990124766 0.05 0.05 0.10
1772700983.575752 -6.1797661524 11.0970670425 -2.4910126724 0.05 0.05 0.10
1772700983.770256 -6.2262975091 11.1847412078 -2.4840128719 0.05 0.05 0.10
1772700983.964760 -6.2729776472 11.2729702726 -2.4770130719 0.05 0.05 0.10
1772700984.159264 -6.3199549877 11.3617542381 -2.4700132776 0.05 0.05 0.10
1772700984.353768 -6.3669324201 11.4509081341 -2.4620134830 0.05 0.05 0.10
1772700984.548272 -6.3452275244 11.4964096687 -2.5770135443 0.05 0.05 0.10
1772700984.742776 -6.3899749227 11.5814943050 -2.5700137428 0.05 0.05 0.10
1772700984.937280 -6.4350197093 11.6669488719 -2.5630139450 0.05 0.05 0.10
1772700985.131784 -6.4802131839 11.7524034392 -2.5560141470 0.05 0.05 0.10
1772700985.326288 -6.5257039549 11.8384129070 -2.5490143522 0.05 0.05 0.10
1772700985.520792 -6.5713434148 11.9244223737 -2.5420145607 0.05 0.05 0.10
1772700985.715296 -6.6169827871 12.0108017716 -2.5350147721 0.05 0.05 0.10
1772700985.909800 -6.6627709418 12.0973661397 -2.5280149827 0.05 0.05 0.10
1772700986.104304 -6.7087076938 12.1841154789 -2.5210151959 0.05 0.05 0.10
1772700986.298808 -6.7547930528 12.2708648075 -2.5140154105 0.05 0.05 0.10
1772700986.493312 -6.7686185457 12.3330133754 -2.6100155464 0.05 0.05 0.10
1772700986.687816 -6.8139607058 12.4182829853 -2.6030157610 0.05 0.05 0.10
1772700986.882320 -6.8596000739 12.5039225148 -2.5960159779 0.05 0.05 0.10
1772700987.076824 -6.9053882237 12.5891921257 -2.5890161952 0.05 0.05 0.10
1772700987.271328 -6.9511762794 12.6746466966 -2.5820164137 0.05 0.05 0.10
1772700987.465832 -6.9971130312 12.7602862272 -2.5750166366 0.05 0.05 0.10
1772700987.660336 -7.0430497772 12.8461107398 -2.5680168605 0.05 0.05 0.10
1772700987.854840 -7.0892838218 12.9319352417 -2.5610170832 0.05 0.05 0.10
1772700988.049344 -7.1353692599 13.0179447133 -2.5540173099 0.05 0.05 0.10
1772700988.243848 -7.2012266946 13.0460594183 -2.6780174425 0.05 0.05 0.10
1772700988.438352 -7.2474608274 13.1316989608 -2.6710176713 0.05 0.05 0.10
1772700988.632856 -7.2939921612 13.2175234625 -2.6640179015 0.05 0.05 0.10
1772700988.827360 -7.3403748946 13.3039028758 -2.6570181352 0.05 0.05 0.10
1772700989.021864 -7.3869063163 13.3908371779 -2.6500183711 0.05 0.05 0.10
1772700989.216368 -7.4335863402 13.4781414204 -2.6430186099 0.05 0.05 0.10
1772700989.410872 -7.4801177582 13.5656306251 -2.6350188509 0.05 0.05 0.10
1772700989.605376 -7.5266491792 13.6536747287 -2.6280190934 0.05 0.05 0.10
1772700989.799880 -7.5734778934 13.7422737419 -2.6210193402 0.05 0.05 0.10
1772700989.994384 -7.6204552096 13.8308727480 -2.6130195883 0.05 0.05 0.10
1772700990.188888 -7.6675813049 13.9203965918 -2.6060198400 0.05 0.05 0.10
1772700990.383392 -7.7471156583 13.9681177595 -2.7240200410 0.05 0.05 0.10
1772700990.577896 -7.7940930590 14.0569017346 -2.7160202928 0.05 0.05 0.10
1772700990.772400 -7.8413677538 14.1462406080 -2.7090205490 0.05 0.05 0.10
1772700990.966904 -7.8886424503 14.2359494109 -2.7020208067 0.05 0.05 0.10
1772700991.161408 -7.9363631313 14.3263980873 -2.6940210703 0.05 0.05 0.10
1772700991.355912 -7.9843811047 14.4175866315 -2.6870213357 0.05 0.05 0.10
1772700991.550416 -8.0325477741 14.5089601378 -2.6790216041 0.05 0.05 0.10
1772700991.744920 -8.0811604279 14.6010735120 -2.6720218766 0.05 0.05 0.10
1772700991.939424 -8.1299217734 14.6937417896 -2.6640221522 0.05 0.05 0.10
1772700992.133928 -8.1748176512 14.7508961163 -2.8200223408 0.05 0.05 0.10
1772700992.328432 -8.2217950399 14.8409748604 -2.8130226104 0.05 0.05 0.10
1772700992.522936 -8.2692184190 14.9316084944 -2.8060228844 0.05 0.05 0.10
1772700992.717440 -8.3166417063 15.0226120686 -2.7990231595 0.05 0.05 0.10
1772700992.911944 -8.3643623759 15.1138006144 -2.7920234395 0.05 0.05 0.10
1772700993.106448 -8.4122317419 15.2053590925 -2.7840237199 0.05 0.05 0.10
1772700993.300952 -8.4601011013 15.2969175675 -2.7770240033 0.05 0.05 0.10
1772700993.495456 -8.5081190684 15.3886610164 -2.7690242867 0.05 0.05 0.10
1772700993.689960 -8.5561370286 15.4807743932 -2.7620245751 0.05 0.05 0.10
1772700993.884464 -8.6041550804 15.5734426689 -2.7550248663 0.05 0.05 0.10
1772700994.078968 -8.6523217336 15.6664808783 -2.7470251590 0.05 0.05 0.10
1772700994.273472 -8.6704583405 15.6899712887 -2.8910252425 0.05 0.05 0.10
1772700994.467976 -8.7169897347 15.7802349949 -2.8840255297 0.05 0.05 0.10
1772700994.662480 -8.7636697279 15.8710535996 -2.8770258183 0.05 0.05 0.10
1772700994.856984 -8.8107957090 15.9622421476 -2.8700261130 0.05 0.05 0.10
1772700995.051488 -8.8580703805 16.0539855953 -2.8630264089 0.05 0.05 0.10
1772700995.245992 -8.9054937410 16.1457290321 -2.8560267066 0.05 0.05 0.10
1772700995.440496 -8.9529171056 16.2380273833 -2.8480270090 0.05 0.05 0.10
1772700995.635000 -9.0006377626 16.3308806315 -2.8410273130 0.05 0.05 0.10
1772700995.829504 -9.0483584154 16.4242887679 -2.8340276212 0.05 0.05 0.10
1772700996.024009 -9.0966736613 16.5180668492 -2.8260279325 0.05 0.05 0.10
1772700996.218513 -9.1332443925 16.5913131968 -2.9870281755 0.05 0.05 0.10
1772700996.413016 -9.1815597238 16.6849063167 -2.9790284894 0.05 0.05 0.10
1772700996.607520 -9.2301723494 16.7790543237 -2.9720288074 0.05 0.05 0.10
1772700996.802024 -9.2787849737 16.8733873012 -2.9650291282 0.05 0.05 0.10
1772700996.996528 -9.3273975966 16.9679052537 -2.9570294495 0.05 0.05 0.10
1772700997.191032 -9.3761589123 17.0627931305 -2.9500297758 0.05 0.05 0.10
1772700997.385536 -9.4250688301 17.1576810133 -2.9420301027 0.05 0.05 0.10
1772700997.580040 -9.4739787445 17.2527538518 -2.9350304315 0.05 0.05 0.10
1772700997.774544 -9.5231860456 17.3481966334 -2.9270307650 0.05 0.05 0.10
1772700997.969049 -9.5725419440 17.4443792845 -2.9200311017 0.05 0.05 0.10
1772700998.163553 -9.6089640514 17.5155909818 -3.0810313528 0.05 0.05 0.10
1772700998.358057 -9.6583199492 17.6119585903 -3.0740316925 0.05 0.05 0.10
1772700998.552561 -9.7078245362 17.7088811013 -3.0660320371 0.05 0.05 0.10
1772700998.747065 -9.7574778160 17.8065434777 -3.0590323860 0.05 0.05 0.10
1772700998.941569 -9.8074283907 17.9047607598 -3.0510327376 0.05 0.05 0.10
1772700999.136073 -9.8578249491 18.0033479792 -3.0440330930 0.05 0.05 0.10
1772700999.330577 -9.9085188047 18.1024900913 -3.0360334534 0.05 0.05 0.10
1772700999.525081 -9.9595100427 18.2021871031 -3.0280338182 0.05 0.05 0.10
1772700999.719585 -10.0106498823 18.3022540537 -3.0210341849 0.05 0.05 0.10
1772700999.914089 -10.0622357062 18.4030608667 -3.0130345566 0.05 0.05 0.10
1772701000.108593 -10.0806695735 18.4361693459 -3.2030346831 0.05 0.05 0.10
1772701000.303097 -10.1303228451 18.5342016570 -3.1950350455 0.05 0.05 0.10
1772701000.497601 -10.1804220100 18.6326039058 -3.1880354129 0.05 0.05 0.10
1772701000.692105 -10.2305212655 18.7315610478 -3.1800357836 0.05 0.05 0.10
1772701000.886609 -10.2809178127 18.8310730969 -3.1730361581 0.05 0.05 0.10
1772701001.081113 -10.3316116569 18.9307701099 -3.1650365370 0.05 0.05 0.10
1772701001.275617 -10.3824541916 19.0310220344 -3.1570369175 0.05 0.05 0.10
1772701001.470121 -10.4338914031 19.1318288492 -3.1490373049 0.05 0.05 0.10
1772701001.664625 -10.4853286145 19.2333755324 -3.1410376945 0.05 0.05 0.10
1772701001.859129 -10.5329002964 19.3032924344 -3.3010379860 0.05 0.05 0.10
1772701002.053633 -10.5841888136 19.4044691883 -3.2930383783 0.05 0.05 0.10
1772701002.248137 -10.6354773264 19.5063857994 -3.2850387760 0.05 0.05 0.10
1772701002.442641 -10.6869145309 19.6092272523 -3.2770391770 0.05 0.05 0.10
1772701002.637145 -10.7387976302 19.7128085617 -3.2700395842 0.05 0.05 0.10
1772701002.831649 -10.7908295112 19.8169447735 -3.2620399962 0.05 0.05 0.10
1772701003.026153 -10.8430099935 19.9220058274 -3.2540404129 0.05 0.05 0.10
1772701003.220657 -10.8956364591 20.0274368083 -3.2470408333 0.05 0.05 0.10
1772701003.415161 -10.9484115294 20.1339775905 -3.2390412605 0.05 0.05 0.10
1772701003.609665 -11.0016326721 20.2414432039 -3.2310416932 0.05 0.05 0.10
1772701003.804169 -11.0551511082 20.3494637283 -3.2230421309 0.05 0.05 0.10
1772701003.998673 -11.0505423050 20.2634536789 -3.4210418463 0.05 0.05 0.10
1772701004.193177 -11.1016822057 20.3655552629 -3.4130422622 0.05 0.05 0.10
1772701004.387681 -11.1531193062 20.4682117454 -3.4060426819 0.05 0.05 0.10
1772701004.582185 -11.2047051860 20.5714231263 -3.3990431044 0.05 0.05 0.10
1772701004.776689 -11.2567369679 20.6751894079 -3.3920435329 0.05 0.05 0.10
1772701004.971193 -11.3087687449 20.7791406489 -3.3850439631 0.05 0.05 0.10
1772701005.165697 -11.3609492139 20.8832768737 -3.3780443973 0.05 0.05 0.10
1772701005.360201 -11.4131296790 20.9875980565 -3.3710448337 0.05 0.05 0.10
1772701005.554705 -11.4656075300 21.0930290402 -3.3640452773 0.05 0.05 0.10
1772701005.749209 -11.5182339775 21.1988299520 -3.3570457230 0.05 0.05 0.10
1772701005.943713 -11.4944476727 21.1242877805 -3.5520454330 0.05 0.05 0.10
1772701006.138217 -11.5443981994 21.2250945999 -3.5460458571 0.05 0.05 0.10
1772701006.332721 -11.5944974159 21.3264563090 -3.5400462880 0.05 0.05 0.10
1772701006.527225 -11.6450425299 21.4285578912 -3.5330467241 0.05 0.05 0.10
1772701006.721729 -11.6958850257 21.5313993408 -3.5270471632 0.05 0.05 0.10
1772701006.916233 -11.7473222002 21.6351656216 -3.5210476093 0.05 0.05 0.10
1772701007.110737 -11.7995026550 21.7396717609 -3.5150480625 0.05 0.05 0.10
1772701007.305241 -11.8522777898 21.8452877151 -3.5080485227 0.05 0.05 0.10
1772701007.499745 -11.9053502138 21.9516435249 -3.5020489870 0.05 0.05 0.10
1772701007.694249 -11.9590172293 22.0585542493 -3.4960494588 0.05 0.05 0.10
1772701007.888753 -11.9291357447 22.0145315261 -3.6860492482 0.05 0.05 0.10
1772701008.083257 -11.9799782346 22.1160782056 -3.6800496970 0.05 0.05 0.10
1772701008.277761 -12.0314153999 22.2189196571 -3.6740501525 0.05 0.05 0.10
1772701008.472265 -12.0832985532 22.3230558670 -3.6680506136 0.05 0.05 0.10
1772701008.666769 -12.1357762956 22.4281169190 -3.6620510833 0.05 0.05 0.10
1772701008.861273 -12.1884027243 22.5342877617 -3.6550515603 0.05 0.05 0.10
1772701009.055777 -12.2414751416 22.6415684122 -3.6490520421 0.05 0.05 0.10
1772701009.250281 -12.2951422325 22.7495889240 -3.6430525324 0.05 0.05 0.10
1772701009.444785 -12.3492552209 22.8589042040 -3.6370530275 0.05 0.05 0.10
1772701009.639289 -12.4039629796 22.9691443294 -3.6300535306 0.05 0.05 0.10
1772701009.833793 -12.3648644693 22.8716663370 -3.7970531040 0.05 0.05 0.10
1772701010.028297 -12.4158556372 22.9739528847 -3.7920535715 0.05 0.05 0.10
1772701010.222801 -12.4671440988 23.0773492383 -3.7860540449 0.05 0.05 0.10
1772701010.417305 -12.5190272388 23.1813004788 -3.7800545258 0.05 0.05 0.10
1772701010.611809 -12.5712076731 23.2863615315 -3.7740550111 0.05 0.05 0.10
1772701010.806313 -12.6238340911 23.3925323849 -3.7680555064 0.05 0.05 0.10
1772701011.000817 -12.6769064969 23.4999979959 -3.7620560070 0.05 0.05 0.10
1772701011.195321 -12.7305734874 23.6083884487 -3.7560565142 0.05 0.05 0.10
1772701011.389825 -12.7845378609 23.7177037311 -3.7500570304 0.05 0.05 0.10
1772701011.584329 -12.8389482204 23.8279438427 -3.7440575503 0.05 0.05 0.10
1772701011.778833 -12.8098101710 23.7378644340 -3.9300571549 0.05 0.05 0.10
1772701011.973337 -12.8606526367 23.8403359576 -3.9240576399 0.05 0.05 0.10
1772701012.167841 -12.9117923986 23.9435473401 -3.9180581307 0.05 0.05 0.10
1772701012.362345 -12.9633781396 24.0473136194 -3.9130586272 0.05 0.05 0.10
1772701012.556849 -13.0152612662 24.1516348040 -3.9070591283 0.05 0.05 0.10
1772701012.751354 -13.0675903800 24.2566958484 -3.9010596344 0.05 0.05 0.10
1772701012.945858 -13.1202167866 24.3621268291 -3.8960601459 0.05 0.05 0.10
1772701013.140362 -13.1732891794 24.4682976856 -3.8900606632 0.05 0.05 0.10
1772701013.334866 -13.2269561613 24.5750234421 -3.8840611862 0.05 0.05 0.10
1772701013.529369 -13.2809205222 24.6826740235 -3.8790617145 0.05 0.05 0.10
1772701013.723873 -13.2268072814 24.6023980329 -3.9970612913 0.05 0.05 0.10
1772701013.918377 -13.2776497392 24.7037597598 -3.9910617894 0.05 0.05 0.10
1772701014.112881 -13.3287894858 24.8056763723 -3.9860622920 0.05 0.05 0.10
1772701014.307385 -13.3802266222 24.9083328592 -3.9800628017 0.05 0.05 0.10
1772701014.501889 -13.4318123523 25.0115442431 -3.9750633150 0.05 0.05 0.10
1772701014.696393 -13.4839927643 25.1151255572 -3.9700638337 0.05 0.05 0.10
1772701014.890898 -13.5361731737 25.2192617855 -3.9640643574 0.05 0.05 0.10
1772701015.085402 -13.5889482627 25.3239529039 -3.9580648845 0.05 0.05 0.10
1772701015.279906 -13.6421692454 25.4293838889 -3.9530654188 0.05 0.05 0.10
1772701015.474410 -13.6959849974 25.5351848094 -3.9470659577 0.05 0.05 0.10
1772701015.668914 -13.5630806958 25.2690171383 -4.1310646110 0.05 0.05 0.10
1772701015.863418 -13.6102065602 25.3618703952 -4.1260650817 0.05 0.05 0.10
1772701016.057922 -13.6579271055 25.4554635129 -4.1210655580 0.05 0.05 0.10
1772701016.252426 -13.7060936343 25.5499814707 -4.1160660392 0.05 0.05 0.10
1772701016.446930 -13.7550034469 25.6452392891 -4.1110665272 0.05 0.05 0.10
1772701016.641434 -13.8043593342 25.7414219516 -4.1050670230 0.05 0.05 0.10
1772701016.835938 -13.8538638195 25.8379745411 -4.1000675218 0.05 0.05 0.10
1772701017.030442 -13.9038142927 25.9350820300 -4.0950680249 0.05 0.05 0.10
1772701017.224946 -13.9542107526 26.0323744838 -4.0890685329 0.05 0.05 0.10
1772701017.419450 -14.0050531959 26.1307767455 -4.0840690484 0.05 0.05 0.10
1772701017.613954 -13.9261133689 25.9770690021 -4.2040682454 0.05 0.05 0.10
1772701017.808458 -13.9720499629 26.0660379643 -4.1990687097 0.05 0.05 0.10
1772701018.002962 -14.0185811453 26.1559317562 -4.1940691808 0.05 0.05 0.10
1772701018.197466 -14.0652611063 26.2465654068 -4.1890696575 0.05 0.05 0.10
1772701018.391970 -14.1122382745 26.3373840390 -4.1840701355 0.05 0.05 0.10
1772701018.586474 -14.1593642201 26.4289425312 -4.1790706209 0.05 0.05 0.10
1772701018.780978 -14.2069360648 26.5206859842 -4.1740711085 0.05 0.05 0.10
1772701018.975482 -14.2548052889 26.6127993771 -4.1690715996 0.05 0.05 0.10
1772701019.169986 -14.3032691027 26.7052827113 -4.1640720951 0.05 0.05 0.10
1772701019.364490 -14.3518816087 26.7981359659 -4.1590725969 0.05 0.05 0.10
1772701019.558994 -14.2906326214 26.6170531577 -4.2920716972 0.05 0.05 0.10
1772701019.753498 -14.3343392764 26.7002881524 -4.2870721440 0.05 0.05 0.10
1772701019.948002 -14.3784919212 26.7838930800 -4.2820725961 0.05 0.05 0.10
1772701020.142506 -14.4226445660 26.8680529060 -4.2770730503 0.05 0.05 0.10
1772701020.337010 -14.4672431934 26.9529526014 -4.2720735104 0.05 0.05 0.10
1772701020.531514 -14.5119905105 27.0384071975 -4.2670739741 0.05 0.05 0.10
1772701020.726018 -14.5570351243 27.1246016643 -4.2620744441 0.05 0.05 0.10
1772701020.920522 -14.6023770288 27.2115359952 -4.2560749191 0.05 0.05 0.10
1772701021.115026 -14.6480163184 27.2992101916 -4.2510753990 0.05 0.05 0.10
1772701021.309530 -14.6941015918 27.3876242590 -4.2460758863 0.05 0.05 0.10
1772701021.504034 -14.6789378553 27.3284344863 -4.3590755969 0.05 0.05 0.10
1772701021.698538 -14.7224958113 27.4116694826 -4.3540760545 0.05 0.05 0.10
1772701021.893042 -14.7663511534 27.4954593816 -4.3490765167 0.05 0.05 0.10
1772701022.087546 -14.8105037901 27.5801741126 -4.3430769869 0.05 0.05 0.10
1772701022.282050 -14.8549537176 27.6652587805 -4.3380774593 0.05 0.05 0.10
1772701022.476554 -14.8997010285 27.7510833078 -4.3330779377 0.05 0.05 0.10
1772701022.671058 -14.9447456337 27.8376477101 -4.3270784201 0.05 0.05 0.10
1772701022.865562 -14.9902362236 27.9249519781 -4.3220789107 0.05 0.05 0.10
1772701023.060066 -15.0358754143 28.0128111401 -4.3160794037 0.05 0.05 0.10
1772701023.254570 -15.0208603085 27.9917244544 -4.4260792755 0.05 0.05 0.10
1772701023.449074 -15.0645669502 28.0758842933 -4.4210797499 0.05 0.05 0.10
1772701023.643578 -15.1084222866 28.1602290959 -4.4150802263 0.05 0.05 0.10
1772701023.838082 -15.1525749121 28.2447588542 -4.4100807066 0.05 0.05 0.10
1772701024.032586 -15.1970248344 28.3298435229 -4.4050811896 0.05 0.05 0.10
1772701024.227090 -15.2417721383 28.4156680577 -4.3990816793 0.05 0.05 0.10
1772701024.421594 -15.2866680438 28.5016775564 -4.3940821716 0.05 0.05 0.10
1772701024.616098 -15.3318613328 28.5880570016 -4.3880826692 0.05 0.05 0.10
1772701024.810602 -15.3773519181 28.6748063663 -4.3820831698 0.05 0.05 0.10
1772701025.005106 -15.4232884867 28.7622956121 -4.3760836742 0.05 0.05 0.10
1772701025.199610 -15.4693736569 28.8503397476 -4.3700841862 0.05 0.05 0.10
1772701025.394114 -15.4472227329 28.8632869541 -4.4600841907 0.05 0.05 0.10
1772701025.588618 -15.4922673223 28.9494814093 -4.4560846912 0.05 0.05 0.10
1772701025.783122 -15.5377579039 29.0360458154 -4.4500851966 0.05 0.05 0.10
1772701025.977626 -15.5835457776 29.1229801619 -4.4440857047 0.05 0.05 0.10
1772701026.172130 -15.6293337411 29.2102844266 -4.4380862180 0.05 0.05 0.10
1772701026.366634 -15.6755675996 29.2975887050 -4.4320867325 0.05 0.05 0.10
1772701026.561138 -15.7219501448 29.3852629077 -4.4270872511 0.05 0.05 0.10
1772701026.755642 -15.7683326963 29.4731220861 -4.4210877728 0.05 0.05 0.10
1772701026.950146 -15.8150125386 29.5609812539 -4.4150882959 0.05 0.05 0.10
1772701027.144650 -15.8616924692 29.6490254035 -4.4090888213 0.05 0.05 0.10
1772701027.339154 -15.8001461661 29.5093750682 -4.5270880175 0.05 0.05 0.10
1772701027.533658 -15.8425148404 29.5889107443 -4.5220884928 0.05 0.05 0.10
1772701027.728162 -15.8850321193 29.6682614539 -4.5160889684 0.05 0.05 0.10
1772701027.922666 -15.9276981720 29.7477971310 -4.5110894467 0.05 0.05 0.10
1772701028.117170 -15.9706614355 29.8275177721 -4.5050899273 0.05 0.05 0.10
1772701028.311674 -16.0137734786 29.9076083508 -4.5000904118 0.05 0.05 0.10
1772701028.506178 -16.0568854312 29.9876989213 -4.4940908969 0.05 0.05 0.10
1772701028.700682 -16.1002947637 30.0677895001 -4.4890913847 0.05 0.05 0.10
1772701028.895186 -16.1438527020 30.1480650435 -4.4830918747 0.05 0.05 0.10
1772701029.089690 -16.1877080254 30.2283405989 -4.4770923661 0.05 0.05 0.10
1772701029.284194 -16.1440011813 30.1345620504 -4.5780918119 0.05 0.05 0.10
1772701029.478698 -16.1848832015 30.2091036200 -4.5730922684 0.05 0.05 0.10
1772701029.673203 -16.2260626089 30.2840151355 -4.5670927289 0.05 0.05 0.10
1772701029.867707 -16.2675393071 30.3591116162 -4.5620931928 0.05 0.05 0.10
1772701030.062211 -16.3094619944 30.4345780330 -4.5560936607 0.05 0.05 0.10
1772701030.256715 -16.3515332836 30.5104143795 -4.5500941304 0.05 0.05 0.10
1772701030.451219 -16.3940506426 30.5868056325 -4.5450946077 0.05 0.05 0.10
1772701030.645722 -16.4367166097 30.6631968807 -4.5390950844 0.05 0.05 0.10
1772701030.840226 -16.4798286518 30.7397730989 -4.5330955663 0.05 0.05 0.10
1772701031.034730 -16.5230892933 30.8167192481 -4.5270960494 0.05 0.05 0.10
1772701031.229234 -16.5444963795 30.8244873325 -4.6400961424 0.05 0.05 0.10
1772701031.423738 -16.5867163609 30.8990289219 -4.6340966137 0.05 0.05 0.10
1772701031.618243 -16.6289363340 30.9735705074 -4.6290970869 0.05 0.05 0.10
1772701031.812747 -16.6714536962 31.0486669866 -4.6230975641 0.05 0.05 0.10
1772701032.007251 -16.7144170421 31.1241334064 -4.6170980437 0.05 0.05 0.10
1772701032.201755 -16.7576776835 31.1999697681 -4.6110985298 0.05 0.05 0.10
1772701032.396259 -16.8013843093 31.2761760502 -4.6050990191 0.05 0.05 0.10
1772701032.590763 -16.8453882290 31.3525673089 -4.6000995117 0.05 0.05 0.10
1772701032.785267 -16.8898381378 31.4293284958 -4.5931000070 0.05 0.05 0.10
1772701032.979771 -16.9347341193 31.5064596202 -4.5871005074 0.05 0.05 0.10
1772701033.174275 -16.9174890129 31.5016500667 -4.6671004386 0.05 0.05 0.10
1772701033.368779 -16.9607496539 31.5758217204 -4.6611009209 0.05 0.05 0.10
1772701033.563283 -17.0040102937 31.6503633137 -4.6551014075 0.05 0.05 0.10
1772701033.757787 -17.0477169179 31.7252748385 -4.6491018973 0.05 0.05 0.10
1772701033.952291 -17.0915722318 31.8005562941 -4.6431023906 0.05 0.05 0.10
1772701034.146795 -17.1358735331 31.8762076896 -4.6371028875 0.05 0.05 0.10
1772701034.341299 -17.1806207322 31.9522290161 -4.6311033896 0.05 0.05 0.10
1772701034.535803 -17.2255167083 32.0284353132 -4.6251038928 0.05 0.05 0.10
1772701034.730307 -17.2710072760 32.1050115416 -4.6191044031 0.05 0.05 0.10
1772701034.924811 -17.3166464456 32.1817727303 -4.6131049155 0.05 0.05 0.10
1772701035.119315 -17.3350802429 32.2026733596 -4.7361050697 0.05 0.05 0.10
1772701035.313819 -17.3801248231 32.2777698461 -4.7301055731 0.05 0.05 0.10
1772701035.508323 -17.4253180915 32.3528663417 -4.7251060770 0.05 0.05 0.10
1772701035.702827 -17.4708086580 32.4283327711 -4.7191065866 0.05 0.05 0.10
1772701035.897331 -17.5168938086 32.5041691323 -4.7131071006 0.05 0.05 0.10
1772701036.091835 -17.5631277456 32.5803754335 -4.7071076172 0.05 0.05 0.10
1772701036.286339 -17.6098075750 32.6571366361 -4.7011081388 0.05 0.05 0.10
1772701036.480843 -17.6566360925 32.7342677630 -4.6961086654 0.05 0.05 0.10
1772701036.675347 -17.7039105981 32.8117688254 -4.6901091952 0.05 0.05 0.10
1772701036.869851 -17.7514823982 32.8894548585 -4.6841097292 0.05 0.05 0.10
1772701037.064355 -17.7604017585 32.9273724319 -4.7941099507 0.05 0.05 0.10
1772701037.258859 -17.8073789670 33.0039486599 -4.7891104785 0.05 0.05 0.10
1772701037.453363 -17.8548021612 33.0812647517 -4.7831110125 0.05 0.05 0.10
1772701037.647867 -17.9025226543 33.1587658279 -4.7771115504 0.05 0.05 0.10
1772701037.842371 -17.9503917408 33.2364518570 -4.7721120896 0.05 0.05 0.10
1772701038.036875 -17.9987069061 33.3145078226 -4.7661126331 0.05 0.05 0.10
1772701038.231379 -18.0476166600 33.3931186881 -4.7601131854 0.05 0.05 0.10
1772701038.425883 -18.0968237944 33.4722844618 -4.7551137405 0.05 0.05 0.10
1772701038.620387 -18.1466255189 33.5518201583 -4.7491143004 0.05 0.05 0.10
1772701038.814891 -18.1968733176 33.6319107688 -4.7431148667 0.05 0.05 0.10
1772701039.009395 -18.2445934574 33.6877700356 -4.8741152994 0.05 0.05 0.10
1772701039.203899 -18.2949898557 33.7682305689 -4.8691158686 0.05 0.05 0.10
1772701039.398403 -18.3455348560 33.8488760781 -4.8631164444 0.05 0.05 0.10
1772701039.592907 -18.3965259299 33.9300764813 -4.8581170227 0.05 0.05 0.10
1772701039.787411 -18.4479629876 34.0120167518 -4.8521176088 0.05 0.05 0.10
1772701039.981915 -18.4996973402 34.0945119158 -4.8471182007 0.05 0.05 0.10
1772701040.176419 -18.5520262756 34.1777469507 -4.8421187989 0.05 0.05 0.10
1772701040.370923 -18.6048012888 34.2617218632 -4.8361194040 0.05 0.05 0.10
1772701040.565427 -18.6580222866 34.3464366293 -4.8311200168 0.05 0.05 0.10
1772701040.759931 -18.7125811514 34.4328161138 -4.8251206438 0.05 0.05 0.10
1772701040.954435 -18.7363667331 34.4415088263 -4.9651207609 0.05 0.05 0.10
1772701041.148939 -18.7901823174 34.5267784922 -4.9601213807 0.05 0.05 0.10
1772701041.343443 -18.8445925764 34.6127880355 -4.9541220084 0.05 0.05 0.10
1772701041.537947 -18.8995975114 34.6997224141 -4.9491226459 0.05 0.05 0.10
1772701041.732451 -18.9551970351 34.7875816181 -4.9431232903 0.05 0.05 0.10
1772701041.926955 -19.0113912323 34.8763656570 -4.9381239431 0.05 0.05 0.10
1772701042.121459 -19.0681801084 34.9662595028 -4.9321246070 0.05 0.05 0.10
1772701042.315963 -19.1255635690 35.0572631423 -4.9271252796 0.05 0.05 0.10
1772701042.510467 -19.1836903971 35.1493765903 -4.9211259622 0.05 0.05 0.10
1772701042.704971 -19.2422632098 35.2422299002 -4.9161266528 0.05 0.05 0.10
1772701042.899475 -19.2537098007 35.1575142547 -5.1061262167 0.05 0.05 0.10
1772701043.093979 -19.3100526826 35.2472231228 -5.1011268849 0.05 0.05 0.10
1772701043.288483 -19.3669901527 35.3380417964 -5.0951275607 0.05 0.05 0.10
1772701043.482987 -19.4246709871 35.4297853069 -5.0901282477 0.05 0.05 0.10
1772701043.677491 -19.4829464106 35.5228235764 -5.0851289434 0.05 0.05 0.10
1772701043.871995 -19.5418165086 35.6167866942 -5.0791296487 0.05 0.05 0.10
1772701044.066499 -19.6012812813 35.7120445643 -5.0741303664 0.05 0.05 0.10
1772701044.261003 -19.6614893334 35.8084122528 -5.0681310919 0.05 0.05 0.10
1772701044.455507 -19.7222919696 35.9058897249 -5.0631318288 0.05 0.05 0.10
1772701044.650011 -19.7836893754 36.0041070746 -5.0571325749 0.05 0.05 0.10
1772701044.844515 -19.6631241072 35.8280178901 -5.2101312075 0.05 0.05 0.10
1772701045.039019 -19.7176830374 35.9155071704 -5.2051318699 0.05 0.05 0.10
1772701045.233523 -19.7725392542 36.0039212684 -5.2001325387 0.05 0.05 0.10
1772701045.428027 -19.8278414584 36.0930752491 -5.1951332149 0.05 0.05 0.10
1772701045.622531 -19.8834409538 36.1833390184 -5.1901339012 0.05 0.05 0.10
1772701045.817035 -19.9394864312 36.2743426525 -5.1861345947 0.05 0.05 0.10
1772701046.011539 -19.9959779839 36.3664560931 -5.1811352980 0.05 0.05 0.10
1772701046.206043 -20.0529154311 36.4593094043 -5.1761360081 0.05 0.05 0.10
1772701046.400548 -20.1102988624 36.5530875443 -5.1711367270 0.05 0.05 0.10
1772701046.595052 -20.1679796773 36.6477905219 -5.1651374549 0.05 0.05 0.10
1772701046.789556 -20.0224392260 36.4713314751 -5.2931359812 0.05 0.05 0.10
1772701046.984060 -20.0731329601 36.5553063763 -5.2891366236 0.05 0.05 0.10
1772701047.178564 -20.1241238999 36.6402061129 -5.2841372724 0.05 0.05 0.10
1772701047.373068 -20.1754122217 36.7260306784 -5.2791379298 0.05 0.05 0.10
1772701047.567572 -20.2269979172 36.8129650385 -5.2751385948 0.05 0.05 0.10
1772701047.762075 -20.2790295117 36.9010092150 -5.2701392695 0.05 0.05 0.10
1772701047.956579 -20.3312097966 36.9901631801 -5.2651399538 0.05 0.05 0.10
1772701048.151083 -20.3838360651 37.0804269452 -5.2601406477 0.05 0.05 0.10
1772701048.345587 -20.4366110210 37.1719854806 -5.2551413508 0.05 0.05 0.10
1772701048.540092 -20.4896832664 37.2642838851 -5.2501420618 0.05 0.05 0.10
1772701048.734596 -20.3106939799 37.0127283674 -5.3791400199 0.05 0.05 0.10
1772701048.929100 -20.3545492235 37.0905993615 -5.3751406127 0.05 0.05 0.10
1772701049.123604 -20.3984043782 37.1690252554 -5.3711412116 0.05 0.05 0.10
1772701049.318108 -20.4424083124 37.2480060426 -5.3661418134 0.05 0.05 0.10
1772701049.512612 -20.4865608462 37.3275417370 -5.3621424221 0.05 0.05 0.10
1772701049.707116 -20.5308619782 37.4080022587 -5.3581430376 0.05 0.05 0.10
1772701049.901620 -20.5753118950 37.4892026582 -5.3531436591 0.05 0.05 0.10
1772701050.096124 -20.6194644205 37.5711429083 -5.3491442843 0.05 0.05 0.10
1772701050.290628 -20.6636169440 37.6536380572 -5.3451449145 0.05 0.05 0.10
1772701050.485132 -20.7073234767 37.7372430172 -5.3411455514 0.05 0.05 0.10
1772701050.679636 -20.5568772727 37.5158370407 -5.4781437564 0.05 0.05 0.10
1772701050.874140 -20.5931507487 37.5874191544 -5.4741442948 0.05 0.05 0.10
1772701051.068644 -20.6292755260 37.6593711916 -5.4711448378 0.05 0.05 0.10
1772701051.263148 -20.6652516138 37.7322480747 -5.4671453864 0.05 0.05 0.10
1772701051.457652 -20.7013763926 37.8056798445 -5.4631459393 0.05 0.05 0.10
1772701051.652156 -20.7373524773 37.8798514977 -5.4591464976 0.05 0.05 0.10
1772701051.846660 -20.7730312625 37.9547630068 -5.4551470609 0.05 0.05 0.10
1772701052.041164 -20.8087100464 38.0302294159 -5.4511476276 0.05 0.05 0.10
1772701052.235668 -20.8440915362 38.1060657533 -5.4471481966 0.05 0.05 0.10
1772701052.430172 -20.8791756349 38.1826419607 -5.4431487717 0.05 0.05 0.10
1772701052.624676 -20.7267968600 38.0015587693 -5.5591471887 0.05 0.05 0.10
1772701052.819180 -20.7556371707 38.0664820678 -5.5561476721 0.05 0.05 0.10
1772701053.013684 -20.7843288768 38.1315903381 -5.5531481552 0.05 0.05 0.10
1772701053.208188 -20.8130205877 38.1972535119 -5.5491486423 0.05 0.05 0.10
1772701053.402692 -20.8415635975 38.2634715688 -5.5461491343 0.05 0.05 0.10
1772701053.597196 -20.8699579205 38.3298746130 -5.5421496257 0.05 0.05 0.10
1772701053.791700 -20.8980549412 38.3970175075 -5.5391501234 0.05 0.05 0.10
1772701053.986204 -20.9260032727 38.4647153087 -5.5351506247 0.05 0.05 0.10
1772701054.180708 -20.9538029925 38.5331529608 -5.5321511286 0.05 0.05 0.10
1772701054.375212 -20.9811567287 38.6025154581 -5.5281516410 0.05 0.05 0.10
1772701054.569716 -20.8449819699 38.4519516774 -5.6591502821 0.05 0.05 0.10
1772701054.764220 -20.8674298697 38.5126207261 -5.6561507227 0.05 0.05 0.10
1772701054.958724 -20.8897290732 38.5742146135 -5.6531511688 0.05 0.05 0.10
1772701055.153228 -20.9115822888 38.6367333392 -5.6501516191 0.05 0.05 0.10
1772701055.347732 -20.9329895138 38.6999919229 -5.6471520734 0.05 0.05 0.10
1772701055.542236 -20.9538020572 38.7641753337 -5.6441525333 0.05 0.05 0.10
1772701055.736740 -20.9741686122 38.8294685423 -5.6411529993 0.05 0.05 0.10
1772701055.931244 -20.9939405784 38.8955016237 -5.6371534680 0.05 0.05 0.10
1772701056.125748 -21.0129691634 38.9624595367 -5.6341539399 0.05 0.05 0.10
1772701056.320252 -21.0314031624 39.0303422670 -5.6311544167 0.05 0.05 0.10
1772701056.514756 -20.9575175313 39.0708489738 -5.7541544222 0.05 0.05 0.10
1772701056.709260 -20.9734242103 39.1372519799 -5.7511548840 0.05 0.05 0.10
1772701056.903764 -20.9885876091 39.2042098709 -5.7481553451 0.05 0.05 0.10
1772701057.098268 -21.0031563286 39.2713527313 -5.7451558074 0.05 0.05 0.10
1772701057.292772 -21.0169817666 39.3386805671 -5.7411562702 0.05 0.05 0.10
1772701057.487276 -21.0299152306 39.4058234226 -5.7381567283 0.05 0.05 0.10
1772701057.681780 -21.0421054135 39.4727813096 -5.7351571833 0.05 0.05 0.10
1772701057.876284 -21.0532549294 39.5397391979 -5.7311576360 0.05 0.05 0.10
1772701058.070788 -21.0636611636 39.6066970894 -5.7281580878 0.05 0.05 0.10
1772701058.265292 -21.0731753365 39.6738399388 -5.7251585362 0.05 0.05 0.10
1772701058.459796 -20.9650974438 39.7169361413 -5.8371584496 0.05 0.05 0.10
1772701058.654300 -20.9717870967 39.7814894577 -5.8341588768 0.05 0.05 0.10
1772701058.848804 -20.9777333792 39.8462277288 -5.8311593019 0.05 0.05 0.10
1772701059.043308 -20.9827877779 39.9105960693 -5.8281597216 0.05 0.05 0.10
1772701059.237812 -20.9870988062 39.9747794382 -5.8251601396 0.05 0.05 0.10
1772701059.432316 -20.9906665506 40.0389628165 -5.8221605538 0.05 0.05 0.10
1772701059.626820 -20.9934910168 40.1035161103 -5.8191609694 0.05 0.05 0.10
1772701059.821324 -20.9955721097 40.1682543842 -5.8161613858 0.05 0.05 0.10
1772701060.015828 -20.9969099208 40.2335475502 -5.8121618026 0.05 0.05 0.10
1772701060.210332 -20.9975044500 40.2993956095 -5.8091622208 0.05 0.05 0.10
1772701060.404836 -20.8289210298 40.3056832954 -5.9291617085 0.05 0.05 0.10
1772701060.599340 -20.8271369408 40.3680169917 -5.9261620993 0.05 0.05 0.10
1772701060.793844 -20.8243121839 40.4309055749 -5.9231624884 0.05 0.05 0.10
1772701060.988348 -20.8204468477 40.4939791295 -5.9211628784 0.05 0.05 0.10
1772701061.182852 -20.8158381444 40.5570526768 -5.9181632640 0.05 0.05 0.10
1772701061.377356 -20.8103375564 40.6203111917 -5.9151636506 0.05 0.05 0.10
1772701061.571860 -20.8040935975 40.6837546773 -5.9121640362 0.05 0.05 0.10
1772701061.766364 -20.7969576635 40.7471981480 -5.9091644190 0.05 0.05 0.10
1772701061.960868 -20.7890783566 40.8106416289 -5.9061648006 0.05 0.05 0.10
1772701062.155372 -20.7803071665 40.8742700589 -5.9041651806 0.05 0.05 0.10
1772701062.349876 -20.5522585718 41.0298256690 -5.9951654445 0.05 0.05 0.10
1772701062.544380 -20.5408114594 41.0958586667 -5.9921658335 0.05 0.05 0.10
1772701062.738884 -20.5286209756 41.1617066915 -5.9891662213 0.05 0.05 0.10
1772701062.933388 -20.5158358992 41.2271847797 -5.9871666046 0.05 0.05 0.10
1772701063.127892 -20.5021588562 41.2924779141 -5.9841669832 0.05 0.05 0.10
1772701063.322397 -20.4877384415 41.3574011059 -5.9811673600 0.05 0.05 0.10
1772701063.516901 -20.4724260556 41.4223242955 -5.9781677329 0.05 0.05 0.10
1772701063.711405 -20.4563703844 41.4868775378 -5.9761681018 0.05 0.05 0.10
1772701063.905909 -20.4392741413 41.5512458241 -5.9731684694 0.05 0.05 0.10
1772701064.100413 -20.4212858378 41.6154291499 -5.9701688292 0.05 0.05 0.10
1772701064.294917 -20.2202940704 41.6385486565 -6.0941683415 0.05 0.05 0.10
1772701064.489421 -20.2002245313 41.7014372068 -6.0911686906 0.05 0.05 0.10
1772701064.683925 -20.1791143239 41.7645107154 -6.0881690369 0.05 0.05 0.10
1772701064.878428 -20.1569635351 41.8277691849 -6.0861693840 0.05 0.05 0.10
1772701065.072932 -20.1339206926 41.8910276584 -6.0831697270 0.05 0.05 0.10
1772701065.267437 -20.1096886666 41.9548410289 -6.0801700718 0.05 0.05 0.10
1772701065.461941 -20.0847132696 42.0190243267 -6.0771704166 0.05 0.05 0.10
1772701065.656445 -20.0586972025 42.0833925860 -6.0751707607 0.05 0.05 0.10
1772701065.850949 -20.0316405638 42.1479458199 -6.0721711035 0.05 0.05 0.10
1772701066.045453 -20.0035432630 42.2124990504 -6.0691714433 0.05 0.05 0.10
1772701066.239957 -19.7808468556 42.2578147504 -6.1511710509 0.05 0.05 0.10
1772701066.434461 -19.7496276425 42.3238476954 -6.1491713939 0.05 0.05 0.10
1772701066.628965 -19.7175164596 42.3900656146 -6.1461717349 0.05 0.05 0.10
1772701066.823469 -19.6845133051 42.4559135931 -6.1431720726 0.05 0.05 0.10
1772701067.017973 -19.6506181741 42.5215766093 -6.1401724078 0.05 0.05 0.10
1772701067.212477 -19.6159797615 42.5870546480 -6.1381727397 0.05 0.05 0.10
1772701067.406981 -19.5804492951 42.6521627518 -6.1351730658 0.05 0.05 0.10
1772701067.601485 -19.5440269347 42.7169009278 -6.1331733882 0.05 0.05 0.10
1772701067.795989 -19.5068612158 42.7814541283 -6.1301737089 0.05 0.05 0.10
1772701067.990493 -19.4688036059 42.8456374021 -6.1281740249 0.05 0.05 0.10
1772701068.184997 -19.2513107354 42.8069787422 -6.1551731060 0.05 0.05 0.10
1772701068.379501 -19.2117664800 42.8696822810 -6.1521734087 0.05 0.05 0.10
1772701068.574005 -19.1716275493 42.9320158853 -6.1501737087 0.05 0.05 0.10
1772701068.768509 -19.1308939408 42.9939795470 -6.1481740061 0.05 0.05 0.10
1772701068.963013 -19.0897144378 43.0553883197 -6.1461742985 0.05 0.05 0.10
1772701069.157517 -19.0476428712 43.1167970796 -6.1441745885 0.05 0.05 0.10
1772701069.352021 -19.0049767169 43.1776509384 -6.1421748737 0.05 0.05 0.10
1772701069.546525 -18.9617158847 43.2381348682 -6.1401751565 0.05 0.05 0.10
1772701069.741029 -18.9177116841 43.2982488670 -6.1381754358 0.05 0.05 0.10
1772701069.935533 -18.8731128970 43.3576229966 -6.1361757078 0.05 0.05 0.10
1772701070.130037 -18.8399615973 43.0466935428 -6.2631734983 0.05 0.05 0.10
1772701070.324541 -18.8023499330 43.0938599049 -6.2611737062 0.05 0.05 0.10
1772701070.519045 -18.7644409698 43.1406563362 -6.2591739131 0.05 0.05 0.10
1772701070.713549 -18.7262347157 43.1867128916 -6.2581741119 0.05 0.05 0.10
1772701070.908053 -18.6877310767 43.2320295764 -6.2571743074 0.05 0.05 0.10
1772701071.102557 -18.6490788444 43.2766064097 -6.2551744975 0.05 0.05 0.10
1772701071.297061 -18.6101292232 43.3206283378 -6.2541746843 0.05 0.05 0.10
1772701071.491565 -18.5710310031 43.3639104024 -6.2521748649 0.05 0.05 0.10
1772701071.686069 -18.5317840947 43.4062676209 -6.2511750397 0.05 0.05 0.10
1772701071.880573 -18.4923884955 43.4478849803 -6.2501752099 0.05 0.05 0.10
1772701072.075077 -18.3950149807 43.2314735911 -6.3231734537 0.05 0.05 0.10
1772701072.269581 -18.3593359803 43.2668021168 -6.3211735911 0.05 0.05 0.10
1772701072.464085 -18.3235083781 43.3013907551 -6.3201737227 0.05 0.05 0.10
1772701072.658589 -18.2876806877 43.3352395351 -6.3191738514 0.05 0.05 0.10
1772701072.853093 -18.2515557041 43.3683484559 -6.3181739753 0.05 0.05 0.10
1772701073.047597 -18.2155794166 43.4007174971 -6.3171740919 0.05 0.05 0.10
1772701073.242101 -18.1796030378 43.4323466804 -6.3161742053 0.05 0.05 0.10
1772701073.436605 -18.1437754421 43.4632359992 -6.3161743157 0.05 0.05 0.10
1772701073.631109 -18.1079477622 43.4933854441 -6.3151744191 0.05 0.05 0.10
1772701073.825613 -18.0721200822 43.5229800015 -6.3141745210 0.05 0.05 0.10
1772701074.020117 -17.8628037756 43.4378946066 -6.3741733503 0.05 0.05 0.10
1772701074.214621 -17.8244488694 43.4674891585 -6.3731734433 0.05 0.05 0.10
1772701074.409125 -17.7860939619 43.4965288059 -6.3731735366 0.05 0.05 0.10
1772701074.603629 -17.7475903696 43.5248285909 -6.3721736221 0.05 0.05 0.10
1772701074.798133 -17.7090867748 43.5525734770 -6.3711737071 0.05 0.05 0.10
1772701074.992637 -17.6707318742 43.5797634620 -6.3701737858 0.05 0.05 0.10
1772701075.187141 -17.6323769754 43.6062135806 -6.3691738610 0.05 0.05 0.10
1772701075.381645 -17.5940220759 43.6319238334 -6.3691739320 0.05 0.05 0.10
1772701075.576149 -17.5559645652 43.6570791834 -6.3681740002 0.05 0.05 0.10
1772701075.770653 -17.3726640766 43.5965944822 -6.4141730835 0.05 0.05 0.10
1772701075.965157 -17.3314845722 43.6219348078 -6.4131731464 0.05 0.05 0.10
1772701076.159661 -17.2903050645 43.6465352541 -6.4121732018 0.05 0.05 0.10
1772701076.354165 -17.2491256494 43.6703958359 -6.4121732554 0.05 0.05 0.10
1772701076.548669 -17.2080948414 43.6935165650 -6.4111733034 0.05 0.05 0.10
1772701076.743173 -17.1673613269 43.7160823854 -6.4101733481 0.05 0.05 0.10
1772701076.937677 -17.1267765037 43.7379083416 -6.4101733899 0.05 0.05 0.10
1772701077.132181 -17.0864889798 43.7591793953 -6.4091734280 0.05 0.05 0.10
1772701077.326685 -17.0466475304 43.7795256259 -6.4091734613 0.05 0.05 0.10
1772701077.521189 -17.0069546908 43.7991319835 -6.4081734906 0.05 0.05 0.10
1772701077.715693 -16.9675591461 43.8181834539 -6.4071735181 0.05 0.05 0.10
1772701077.910197 -16.7573508898 43.6457937750 -6.4931717773 0.05 0.05 0.10
1772701078.104701 -16.7146848342 43.6648452226 -6.4931717963 0.05 0.05 0.10
1772701078.299205 -16.6718700895 43.6833417880 -6.4921718106 0.05 0.05 0.10
1772701078.493709 -16.6292040354 43.7010984775 -6.4921718212 0.05 0.05 0.10
1772701078.688213 -16.5865378987 43.7183002752 -6.4911718284 0.05 0.05 0.10
1772701078.882717 -16.5443178313 43.7349471688 -6.4911718331 0.05 0.05 0.10
1772701079.077221 -16.5020977711 43.7510391692 -6.4901718356 0.05 0.05 0.10
1772701079.271725 -16.4600263114 43.7665762644 -6.4901718343 0.05 0.05 0.10
1772701079.466229 -16.4181035478 43.7813734978 -6.4891718274 0.05 0.05 0.10
1772701079.660733 -16.3763294735 43.7956158365 -6.4891718191 0.05 0.05 0.10
1772701079.855237 -16.1534849978 43.6515264027 -6.5161702613 0.05 0.05 0.10
1772701080.049742 -16.1069537633 43.6661386626 -6.5161702426 0.05 0.05 0.10
1772701080.244246 -16.0604224467 43.6800110607 -6.5151702216 0.05 0.05 0.10
1772701080.438750 -16.0140398159 43.6931435836 -6.5151701947 0.05 0.05 0.10
1772701080.633254 -15.9679544871 43.7059061846 -6.5141701670 0.05 0.05 0.10
1772701080.827758 -15.9221665400 43.7177439510 -6.5141701347 0.05 0.05 0.10
1772701081.022262 -15.8768245815 43.7290268269 -6.5131700999 0.05 0.05 0.10
1772701081.216766 -15.8320772144 43.7397547861 -6.5131700621 0.05 0.05 0.10
1772701081.411270 -15.7879245249 43.7499278602 -6.5131700238 0.05 0.05 0.10
1772701081.605774 -15.7445151205 43.7593610716 -6.5121699796 0.05 0.05 0.10
1772701081.800278 -15.5763783617 43.6352481774 -6.5331687142 0.05 0.05 0.10
1772701081.994781 -15.5302931262 43.6443114453 -6.5321686647 0.05 0.05 0.10
1772701082.189286 -15.4850997762 43.6526348496 -6.5321686115 0.05 0.05 0.10
1772701082.383790 -15.4407983994 43.6604033581 -6.5321685574 0.05 0.05 0.10
1772701082.578294 -15.3970917059 43.6676169747 -6.5311685028 0.05 0.05 0.10
1772701082.772798 -15.3542769809 43.6740907284 -6.5311684417 0.05 0.05 0.10
1772701082.967302 -15.3122056314 43.6800095736 -6.5311683838 0.05 0.05 0.10
1772701083.161806 -15.2710261646 43.6855584921 -6.5311683227 0.05 0.05 0.10
1772701083.356310 -15.2304413778 43.6905525115 -6.5311682593 0.05 0.05 0.10
1772701083.550814 -15.1905998737 43.6951766103 -6.5301681969 0.05 0.05 0.10
1772701083.745318 -15.0627505884 43.5756879629 -6.5491670733 0.05 0.05 0.10
1772701083.939822 -15.0215711241 43.5797571550 -6.5491670057 0.05 0.05 0.10
1772701084.134326 -14.9812837239 43.5834564071 -6.5491669349 0.05 0.05 0.10
1772701084.328830 -14.9417395128 43.5867857333 -6.5491668652 0.05 0.05 0.10
1772701084.523334 -14.9030873707 43.5897451313 -6.5491667957 0.05 0.05 0.10
1772701084.717838 -14.8651785102 43.5925195684 -6.5481667252 0.05 0.05 0.10
1772701084.912342 -14.8281616185 43.5947391007 -6.5481666552 0.05 0.05 0.10
1772701085.106846 -14.7918880112 43.5967736646 -6.5481665863 0.05 0.05 0.10
1772701085.301350 -14.7562090810 43.5982533298 -6.5481665127 0.05 0.05 0.10
1772701085.495854 -14.7215708201 43.5993630682 -6.5481664403 0.05 0.05 0.10
1772701085.690358 -14.4889147252 43.5007756991 -6.5321652336 0.05 0.05 0.10
1772701085.884862 -14.4463973059 43.5017004543 -6.5321651433 0.05 0.05 0.10
1772701086.079366 -14.4044745651 43.5024402528 -6.5321650540 0.05 0.05 0.10
1772701086.273870 -14.3627005174 43.5026251529 -6.5321649611 0.05 0.05 0.10
1772701086.468374 -14.3213723680 43.5026250834 -6.5321648683 0.05 0.05 0.10
1772701086.662878 -14.2803416025 43.5022550741 -6.5321647743 0.05 0.05 0.10
1772701086.857382 -14.2400542116 43.5017001070 -6.5321646797 0.05 0.05 0.10
1772701087.051886 -14.2002127156 43.5009601821 -6.5321645865 0.05 0.05 0.10
1772701087.246390 -14.1608172052 43.4998503185 -6.5321644910 0.05 0.05 0.10
1772701087.440894 -14.1221650658 43.4983705163 -6.5321643957 0.05 0.05 0.10
1772701087.635398 -13.8523433239 43.4053319500 -6.5371631688 0.05 0.05 0.10
1772701087.829902 -13.8034334953 43.4031122738 -6.5371630467 0.05 0.05 0.10
1772701088.024406 -13.7552669483 43.4008925992 -6.5371629282 0.05 0.05 0.10
1772701088.218910 -13.7078436811 43.3984879497 -6.5381628108 0.05 0.05 0.10
1772701088.413414 -13.6614610798 43.3960833197 -6.5381626944 0.05 0.05 0.10
1772701088.607918 -13.6158217592 43.3936786795 -6.5381625806 0.05 0.05 0.10
1772701088.802422 -13.5712231062 43.3910890826 -6.5381624679 0.05 0.05 0.10
1772701088.996926 -13.5276651149 43.3883145108 -6.5391623562 0.05 0.05 0.10
1772701089.191430 -13.4851477005 43.3857249066 -6.5391622493 0.05 0.05 0.10
1772701089.385934 -13.2774667903 43.3134028396 -6.5231613202 0.05 0.05 0.10
1772701089.580438 -13.2278135928 43.3098883985 -6.5231611946 0.05 0.05 0.10
1772701089.774942 -13.1789037611 43.3065589204 -6.5241610711 0.05 0.05 0.10
1772701089.969446 -13.1304399212 43.3030444802 -6.5241609468 0.05 0.05 0.10
1772701090.163950 -13.0827193631 43.2995300534 -6.5241608247 0.05 0.05 0.10
1772701090.358454 -13.0355933904 43.2960156089 -6.5251607043 0.05 0.05 0.10
1772701090.552958 -12.9892107879 43.2923162139 -6.5251605842 0.05 0.05 0.10
1772701090.747462 -12.9434228664 43.2888017730 -6.5261604668 0.05 0.05 0.10
1772701090.941966 -12.8980809296 43.2852873393 -6.5261603520 0.05 0.05 0.10
1772701091.136470 -12.8533335816 43.2817729104 -6.5271602375 0.05 0.05 0.10
1772701091.330974 -12.8087349280 43.2784434486 -6.5271601247 0.05 0.05 0.10
1772701091.525478 -12.6376248263 43.2510682250 -6.5181595981 0.05 0.05 0.10
1772701091.719982 -12.5876743342 43.2473688271 -6.5181594758 0.05 0.05 0.10
1772701091.914486 -12.5380211329 43.2436694126 -6.5191593510 0.05 0.05 0.10
1772701092.108990 -12.4886653179 43.2399700086 -6.5201592293 0.05 0.05 0.10
1772701092.303494 -12.4396067964 43.2364555716 -6.5201591099 0.05 0.05 0.10
1772701092.497998 -12.3905482730 43.2329411400 -6.5211589910 0.05 0.05 0.10
1772701092.692502 -12.3411923709 43.2296116735 -6.5211588727 0.05 0.05 0.10
1772701092.887006 -12.2916878603 43.2259122599 -6.5221587514 0.05 0.05 0.10
1772701093.081510 -12.2420347510 43.2223978275 -6.5231586330 0.05 0.05 0.10
1772701093.276014 -12.1919355634 43.2185134620 -6.5231585104 0.05 0.05 0.10
1772701093.470518 -11.9912415094 43.2436684081 -6.5511583010 0.05 0.05 0.10
1772701093.665022 -11.9365338517 43.2397840303 -6.5521581730 0.05 0.05 0.10
1772701093.859526 -11.8816775076 43.2360846219 -6.5531580447 0.05 0.05 0.10
1772701094.054030 -11.8268211575 43.2327551448 -6.5541579202 0.05 0.05 0.10
1772701094.248534 -11.7719648105 43.2294256669 -6.5551577962 0.05 0.05 0.10
1772701094.443038 -11.7169597690 43.2262811593 -6.5561576746 0.05 0.05 0.10
1772701094.637542 -11.6621034227 43.2235065880 -6.5561575542 0.05 0.05 0.10
1772701094.832046 -11.6072470720 43.2205470406 -6.5571574346 0.05 0.05 0.10
1772701095.026550 -11.5526880206 43.2175874940 -6.5581573162 0.05 0.05 0.10
1772701095.221054 -11.4981290552 43.2146279588 -6.5591571966 0.05 0.05 0.10
1772701095.415558 -11.2975836508 43.2458870092 -6.5581570518 0.05 0.05 0.10
1772701095.610062 -11.2363348852 43.2423725670 -6.5591569195 0.05 0.05 0.10
1772701095.804566 -11.1749373426 43.2388581080 -6.5611567884 0.05 0.05 0.10
1772701095.999070 -11.1135398875 43.2355286253 -6.5621566587 0.05 0.05 0.10
1772701096.193574 -11.0516964430 43.2321991442 -6.5631565283 0.05 0.05 0.10
1772701096.388078 -10.9897043109 43.2292395909 -6.5641564015 0.05 0.05 0.10
1772701096.582582 -10.9278607768 43.2262800495 -6.5651562746 0.05 0.05 0.10
1772701096.777086 -10.8664633236 43.2233204988 -6.5661561506 0.05 0.05 0.10
1772701096.971591 -10.8055118528 43.2207308880 -6.5671560297 0.05 0.05 0.10
1772701097.166095 -10.7451549748 43.2181412693 -6.5681559098 0.05 0.05 0.10
1772701097.360599 -10.6344015529 43.2673422301 -6.5631560589 0.05 0.05 0.10
1772701097.555103 -10.5725581117 43.2649375798 -6.5641559396 0.05 0.05 0.10
1772701097.749607 -10.5114579490 43.2629028713 -6.5651558250 0.05 0.05 0.10
1772701097.944111 -10.4511010658 43.2606831929 -6.5661557102 0.05 0.05 0.10
1772701098.138615 -10.3913388655 43.2586484756 -6.5671556003 0.05 0.05 0.10
1772701098.333119 -10.3323200330 43.2567987401 -6.5681554917 0.05 0.05 0.10
1772701098.527623 -10.2741930841 43.2551339657 -6.5691553865 0.05 0.05 0.10
1772701098.722127 -10.2168095079 43.2534691932 -6.5701552822 0.05 0.05 0.10
1772701098.916631 -10.1603178113 43.2519893800 -6.5711551825 0.05 0.05 0.10
1772701099.111135 -10.1044208882 43.2506945491 -6.5721550851 0.05 0.05 0.10
1772701099.305639 -10.0287517032 43.3137680277 -6.5671553940 0.05 0.05 0.10
1772701099.500143 -9.9716654168 43.3126581485 -6.5691552990 0.05 0.05 0.10
1772701099.694647 -9.9148765186 43.3115482766 -6.5701552012 0.05 0.05 0.10
1772701099.889151 -9.8586822086 43.3108083362 -6.5711551092 0.05 0.05 0.10
1772701100.083655 -9.8024878971 43.3100684126 -6.5711550175 0.05 0.05 0.10
1772701100.278159 -9.7465908805 43.3093284728 -6.5721549278 0.05 0.05 0.10
1772701100.472663 -9.6909912492 43.3087735044 -6.5731548403 0.05 0.05 0.10
1772701100.667167 -9.6353915285 43.3082185347 -6.5741547528 0.05 0.05 0.10
1772701100.861671 -9.5803865754 43.3076635676 -6.5751546654 0.05 0.05 0.10
1772701101.056175 -9.5255302228 43.3072935696 -6.5761545804 0.05 0.05 0.10
1772701101.250679 -9.3663129351 43.3792453196 -6.5751548361 0.05 0.05 0.10
1772701101.445183 -9.3064020375 43.3794302172 -6.5761547478 0.05 0.05 0.10
1772701101.639687 -9.2464911399 43.3799850437 -6.5771546658 0.05 0.05 0.10
1772701101.834191 -9.1864316436 43.3805398714 -6.5781545829 0.05 0.05 0.10
1772701102.028695 -9.1265207455 43.3812796591 -6.5791545018 0.05 0.05 0.10
1772701102.223199 -9.0667585430 43.3823893860 -6.5801544244 0.05 0.05 0.10
1772701102.417703 -9.0071450300 43.3833141562 -6.5811543480 0.05 0.05 0.10
1772701102.612207 -8.9479775037 43.3844238852 -6.5821542703 0.05 0.05 0.10
1772701102.806711 -8.8891072722 43.3853486445 -6.5831541950 0.05 0.05 0.10
1772701103.001215 -8.8303856450 43.3864583759 -6.5841541212 0.05 0.05 0.10
1772701103.195719 -8.6347461522 43.4646989909 -6.5791543889 0.05 0.05 0.10
1772701103.390223 -8.5690374307 43.4663636144 -6.5801543110 0.05 0.05 0.10
1772701103.584727 -8.5036260896 43.4682132030 -6.5821542365 0.05 0.05 0.10
1772701103.779231 -8.4388093406 43.4702477576 -6.5831541648 0.05 0.05 0.10
1772701103.973735 -8.3742899778 43.4722823140 -6.5841540937 0.05 0.05 0.10
1772701104.168239 -8.3102165968 43.4745018416 -6.5851540248 0.05 0.05 0.10
1772701104.362743 -8.2467378094 43.4767213691 -6.5861539579 0.05 0.05 0.10
1772701104.557247 -8.1837050056 43.4787559394 -6.5871538892 0.05 0.05 0.10
1772701104.751751 -8.1208208954 43.4807904992 -6.5881538243 0.05 0.05 0.10
1772701104.946255 -8.0582341662 43.4830100226 -6.5901537600 0.05 0.05 0.10
1772701105.140759 -7.9225054713 43.5812270869 -6.5841542625 0.05 0.05 0.10
1772701105.335263 -7.8554587903 43.5840015069 -6.5861541994 0.05 0.05 0.10
1772701105.529767 -7.7875202252 43.5867759333 -6.5871541338 0.05 0.05 0.10
1772701105.724271 -7.7195815705 43.5899202896 -6.5881540732 0.05 0.05 0.10
1772701105.918775 -7.6513456185 43.5928796805 -6.5901540117 0.05 0.05 0.10
1772701106.113279 -7.5829609768 43.5960240366 -6.5911539518 0.05 0.05 0.10
1772701106.307783 -7.5141304382 43.5991684049 -6.5921538925 0.05 0.05 0.10
1772701106.502287 -7.4450025149 43.6024977329 -6.5931538338 0.05 0.05 0.10
1772701106.696791 -7.3754286046 43.6060120117 -6.5951537765 0.05 0.05 0.10
1772701106.891295 -7.3055573139 43.6095263100 -6.5961537204 0.05 0.05 0.10
1772701107.085799 -7.1882627804 43.6947957653 -6.5881541733 0.05 0.05 0.10
1772701107.280303 -7.1166076293 43.6988649558 -6.5901541210 0.05 0.05 0.10
1772701107.474807 -7.0446550950 43.7029341543 -6.5911540692 0.05 0.05 0.10
1772701107.669311 -6.9725539590 43.7068183748 -6.5931540158 0.05 0.05 0.10
1772701107.863815 -6.9003041316 43.7107026031 -6.5941539640 0.05 0.05 0.10
1772701108.058319 -6.8276083172 43.7145868247 -6.5961539137 0.05 0.05 0.10
1772701108.252823 -6.7546152077 43.7184710533 -6.5971538630 0.05 0.05 0.10
1772701108.447327 -6.6813247128 43.7223552763 -6.5991538114 0.05 0.05 0.10
1772701108.641831 -6.6075882339 43.7262395063 -6.6001537619 0.05 0.05 0.10
1772701108.836335 -6.5334058569 43.7303086885 -6.6021537142 0.05 0.05 0.10
1772701109.030839 -6.4425731539 43.8076246471 -6.5911541532 0.05 0.05 0.10
1772701109.225343 -6.3683907791 43.8120637782 -6.5921541109 0.05 0.05 0.10
1772701109.419847 -6.2943570053 43.8166878730 -6.5941540685 0.05 0.05 0.10
1772701109.614351 -6.2203232306 43.8211270054 -6.5951540256 0.05 0.05 0.10
1772701109.808855 -6.1465867512 43.8255661303 -6.5971539861 0.05 0.05 0.10
1772701110.003359 -6.0728502730 43.8300052637 -6.5981539460 0.05 0.05 0.10
1772701110.197863 -5.9991138828 43.8342594211 -6.6001539048 0.05 0.05 0.10
1772701110.392367 -5.9253774038 43.8386985494 -6.6021538667 0.05 0.05 0.10
1772701110.586871 -5.8516409283 43.8431376844 -6.6031538296 0.05 0.05 0.10
1772701110.781375 -5.7776071533 43.8477617829 -6.6051537929 0.05 0.05 0.10
1772701110.975879 -5.7630382620 43.9093556839 -6.5901542059 0.05 0.05 0.10
1772701111.170383 -5.6918290984 43.9141647450 -6.5921541753 0.05 0.05 0.10
1772701111.364887 -5.6200252600 43.9191587818 -6.5931541454 0.05 0.05 0.10
1772701111.559391 -5.5479240356 43.9239678434 -6.5951541171 0.05 0.05 0.10
1772701111.753895 -5.4752282220 43.9289618819 -6.5961540888 0.05 0.05 0.10
1772701111.948399 -5.4016404350 43.9339559131 -6.5981540602 0.05 0.05 0.10
1772701112.142903 -5.3277553566 43.9391349154 -6.6001540335 0.05 0.05 0.10
1772701112.337407 -5.2534242916 43.9443139250 -6.6011540079 0.05 0.05 0.10
1772701112.531911 -5.1786471450 43.9500478158 -6.6031539863 0.05 0.05 0.10
1772701112.726415 -5.1034241070 43.9557817185 -6.6051539651 0.05 0.05 0.10
1772701112.920919 -5.0665558952 44.0092370953 -6.5891543052 0.05 0.05 0.10
1772701113.115423 -4.9926707246 44.0153409289 -6.5911542896 0.05 0.05 0.10
1772701113.309927 -4.9181909680 44.0214447702 -6.5921542750 0.05 0.05 0.10
1772701113.504431 -4.8434139153 44.0273636334 -6.5941542585 0.05 0.05 0.10
1772701113.698936 -4.7686368607 44.0336524385 -6.5961542455 0.05 0.05 0.10
1772701113.893440 -4.6937111178 44.0399412397 -6.5971542331 0.05 0.05 0.10
1772701114.087944 -4.6187853719 44.0462300464 -6.5991542222 0.05 0.05 0.10
1772701114.282448 -4.5437109343 44.0527038112 -6.6011542136 0.05 0.05 0.10
1772701114.476952 -4.4681905145 44.0593625474 -6.6031542065 0.05 0.05 0.10
1772701114.671456 -4.3922241914 44.0660212848 -6.6051542003 0.05 0.05 0.10
1772701114.865960 -4.4212133030 44.1165172335 -6.5891545690 0.05 0.05 0.10
1772701115.060464 -4.3503014368 44.1231759796 -6.5901545671 0.05 0.05 0.10
1772701115.254968 -4.2793895712 44.1298347188 -6.5921545663 0.05 0.05 0.10
1772701115.449472 -4.2083290162 44.1363085086 -6.5931545636 0.05 0.05 0.10
1772701115.643976 -4.1372684604 44.1429672492 -6.5951545632 0.05 0.05 0.10
1772701115.838480 -4.0663565935 44.1496259910 -6.5971545644 0.05 0.05 0.10
1772701116.032984 -3.9957421145 44.1564697002 -6.5981545669 0.05 0.05 0.10
1772701116.227488 -3.9252762379 44.1631284429 -6.6001545692 0.05 0.05 0.10
1772701116.421992 -3.8546616679 44.1699721567 -6.6021545735 0.05 0.05 0.10
1772701116.616496 -3.7841957915 44.1768158779 -6.6031545796 0.05 0.05 0.10
1772701116.811000 -3.8299837058 44.2154740088 -6.5831548740 0.05 0.05 0.10
1772701117.005504 -3.7633831068 44.2221327550 -6.5851548825 0.05 0.05 0.10
1772701117.200008 -3.6967824155 44.2286065381 -6.5861548880 0.05 0.05 0.10
1772701117.394512 -3.6300331236 44.2350803268 -6.5881548950 0.05 0.05 0.10
1772701117.589016 -3.5631351412 44.2417390816 -6.5891549032 0.05 0.05 0.10
1772701117.783520 -3.4959397715 44.2482128605 -6.5911549119 0.05 0.05 0.10
1772701117.978024 -3.4285958008 44.2546866380 -6.5931549203 0.05 0.05 0.10
1772701118.172528 -3.3614005206 44.2609754658 -6.5941549280 0.05 0.05 0.10
1772701118.367032 -3.2943538469 44.2674492446 -6.5961549380 0.05 0.05 0.10
1772701118.561536 -3.2274558630 44.2737380729 -6.5971549480 0.05 0.05 0.10
1772701118.756040 -3.2664053809 44.3062923011 -6.5781551940 0.05 0.05 0.10
1772701118.950544 -3.2051565313 44.3122112028 -6.5791552048 0.05 0.05 0.10
1772701119.145048 -3.1440563721 44.3179451227 -6.5801552141 0.05 0.05 0.10
1772701119.339552 -3.0832535990 44.3234940786 -6.5821552227 0.05 0.05 0.10
1772701119.534056 -3.0227480308 44.3292280117 -6.5831552340 0.05 0.05 0.10
1772701119.728560 -2.9623912444 44.3347769682 -6.5851552449 0.05 0.05 0.10
1772701119.923064 -2.9024803533 44.3403259314 -6.5861552561 0.05 0.05 0.10
1772701120.117568 -2.8431641406 44.3460598665 -6.5871552686 0.05 0.05 0.10
1772701120.312072 -2.7842939175 44.3517937837 -6.5891552830 0.05 0.05 0.10
1772701120.506576 -2.7255723861 44.3573427498 -6.5901552965 0.05 0.05 0.10
1772701120.701080 -2.7266129571 44.3947060957 -6.5711555584 0.05 0.05 0.10
1772701120.895584 -2.6710133291 44.4000700931 -6.5721555716 0.05 0.05 0.10
1772701121.090088 -2.6155623061 44.4056190603 -6.5731555873 0.05 0.05 0.10
1772701121.284592 -2.5601113714 44.4111680278 -6.5741556035 0.05 0.05 0.10
1772701121.479096 -2.5055523211 44.4163470673 -6.5751556185 0.05 0.05 0.10
1772701121.673600 -2.4515879484 44.4215261003 -6.5771556335 0.05 0.05 0.10
1772701121.868104 -2.3982182560 44.4261502296 -6.5781556456 0.05 0.05 0.10
1772701122.062608 -2.3446998718 44.4313292705 -6.5791556624 0.05 0.05 0.10
1772701122.257112 -2.2920734581 44.4363233410 -6.5801556784 0.05 0.05 0.10
1772701122.451616 -2.2398930342 44.4413174130 -6.5811556941 0.05 0.05 0.10
1772701122.646120 -2.1469791366 44.4764610761 -6.5711559075 0.05 0.05 0.10
1772701122.840624 -2.0918254994 44.4820100472 -6.5721559284 0.05 0.05 0.10
1772701123.035128 -2.0368204614 44.4875590113 -6.5741559488 0.05 0.05 0.10
1772701123.229632 -1.9819641179 44.4932929427 -6.5751559734 0.05 0.05 0.10
1772701123.424136 -1.9274050686 44.4988419141 -6.5761559940 0.05 0.05 0.10
1772701123.618640 -1.8732920930 44.5045758568 -6.5771560181 0.05 0.05 0.10
1772701123.813144 -1.8194763249 44.5101248300 -6.5781560418 0.05 0.05 0.10
1772701124.007648 -1.7659579418 44.5154888402 -6.5781560642 0.05 0.05 0.10
1772701124.202152 -1.7124395591 44.5208528540 -6.5791560869 0.05 0.05 0.10
1772701124.396656 -1.6589211759 44.5262168591 -6.5801561112 0.05 0.05 0.10
1772701124.591160 -1.5407347409 44.5600657408 -6.5721563176 0.05 0.05 0.10
1772701124.785664 -1.4846891322 44.5657996928 -6.5721563454 0.05 0.05 0.10
1772701124.980168 -1.4290895060 44.5715336267 -6.5731563735 0.05 0.05 0.10
1772701125.174672 -1.3734897936 44.5770826021 -6.5741563993 0.05 0.05 0.10
1772701125.369176 -1.3180388586 44.5828165471 -6.5751564281 0.05 0.05 0.10
1772701125.563680 -1.2624391462 44.5885504941 -6.5761564565 0.05 0.05 0.10
1772701125.758184 -1.2065422269 44.5940994705 -6.5771564844 0.05 0.05 0.10
1772701125.952688 -1.1504965295 44.5998334077 -6.5781565146 0.05 0.05 0.10
1772701126.147192 -1.0941536228 44.6053823842 -6.5791565443 0.05 0.05 0.10
1772701126.341696 -1.0375133356 44.6109313607 -6.5801565746 0.05 0.05 0.10
1772701126.536200 -0.9014874421 44.6501442761 -6.5731568279 0.05 0.05 0.10
1772701126.730704 -0.8406845841 44.6562481537 -6.5741568632 0.05 0.05 0.10
1772701126.925208 -0.7795844303 44.6621670616 -6.5751568977 0.05 0.05 0.10
1772701127.119712 -0.7184842771 44.6680859698 -6.5761569310 0.05 0.05 0.10
1772701127.314216 -0.6575328162 44.6740048895 -6.5771569658 0.05 0.05 0.10
1772701127.508720 -0.5965812653 44.6799238051 -6.5771570002 0.05 0.05 0.10
1772701127.703224 -0.5362244841 44.6856577563 -6.5781570365 0.05 0.05 0.10
1772701127.897728 -0.4758676100 44.6912067370 -6.5791570702 0.05 0.05 0.10
1772701128.092232 -0.4152134438 44.6971256473 -6.5801571079 0.05 0.05 0.10
1772701128.286736 -0.3539645992 44.7028595993 -6.5811571446 0.05 0.05 0.10
1772701128.481241 -0.2448465942 44.7355987033 -6.5731573701 0.05 0.05 0.10
1772701128.675745 -0.1801785507 44.7418875433 -6.5741574112 0.05 0.05 0.10
1772701128.870248 -0.1152132098 44.7481763962 -6.5751574538 0.05 0.05 0.10
1772701129.064752 -0.0500991815 44.7542802798 -6.5761574956 0.05 0.05 0.10
1772701129.259256 0.0150148514 44.7603841620 -6.5771575385 0.05 0.05 0.10
1772701129.453760 0.0804262636 44.7664880533 -6.5771575825 0.05 0.05 0.10
1772701129.648264 0.1456888986 44.7725919382 -6.5781576276 0.05 0.05 0.10
1772701129.842768 0.2108029282 44.7785108535 -6.5791576712 0.05 0.05 0.10
1772701130.037272 0.2757683555 44.7846147400 -6.5801577168 0.05 0.05 0.10
1772701130.231776 0.3405850022 44.7905336660 -6.5811577615 0.05 0.05 0.10
1772701130.426280 0.3285433677 44.8045911598 -6.5731578591 0.05 0.05 0.10
1772701130.620785 0.3886029420 44.8099551874 -6.5741579009 0.05 0.05 0.10
1772701130.815289 0.4482164429 44.8156891343 -6.5751579454 0.05 0.05 0.10
1772701131.009793 0.5075326467 44.8214230924 -6.5761579887 0.05 0.05 0.10
1772701131.204297 0.5664028661 44.8269720870 -6.5761580329 0.05 0.05 0.10
1772701131.398801 0.6246784043 44.8323361059 -6.5771580764 0.05 0.05 0.10
1772701131.593305 0.6823593544 44.8380700719 -6.5771581238 0.05 0.05 0.10
1772701131.787809 0.7395943217 44.8436190615 -6.5781581678 0.05 0.05 0.10
1772701131.982313 0.7960859146 44.8489830811 -6.5791582131 0.05 0.05 0.10
1772701132.176817 0.8521315226 44.8541621481 -6.5791582568 0.05 0.05 0.10
1772701132.371321 0.8307241695 44.8678496980 -6.5731583504 0.05 0.05 0.10
1772701132.565825 0.8826072944 44.8728437889 -6.5741583927 0.05 0.05 0.10
1772701132.760329 0.9340444347 44.8776529205 -6.5751584342 0.05 0.05 0.10
1772701132.954833 0.9853328813 44.8822770773 -6.5751584750 0.05 0.05 0.10
1772701133.149337 1.0363239451 44.8870862110 -6.5761585170 0.05 0.05 0.10
1772701133.343841 1.0868691123 44.8918953393 -6.5761585578 0.05 0.05 0.10
1772701133.538345 1.1369682916 44.8967044612 -6.5771586011 0.05 0.05 0.10
1772701133.732849 1.1866213955 44.9013286247 -6.5781586425 0.05 0.05 0.10
1772701133.927353 1.2356799091 44.9061377535 -6.5781586863 0.05 0.05 0.10
1772701134.121857 1.2841438345 44.9107619179 -6.5791587289 0.05 0.05 0.10
1772701134.316361 1.3305264303 44.9303684215 -6.5711588771 0.05 0.05 0.10
1772701134.510865 1.3770576288 44.9348076154 -6.5721589185 0.05 0.05 0.10
1772701134.705369 1.4229942367 44.9390618389 -6.5731589583 0.05 0.05 0.10
1772701134.899873 1.4684848599 44.9435010391 -6.5731589995 0.05 0.05 0.10
1772701135.094377 1.5135294957 44.9475703040 -6.5741590394 0.05 0.05 0.10
1772701135.288881 1.5581281445 44.9520095056 -6.5741590808 0.05 0.05 0.10
1772701135.483385 1.6022808068 44.9562637296 -6.5751591221 0.05 0.05 0.10
1772701135.677889 1.6458388800 44.9605179625 -6.5751591633 0.05 0.05 0.10
1772701135.872393 1.6890995699 44.9649571552 -6.5761592064 0.05 0.05 0.10
1772701136.066897 1.7320628767 44.9692113996 -6.5761592466 0.05 0.05 0.10
1772701136.261401 1.9180392401 45.0028753811 -6.5671595386 0.05 0.05 0.10
1772701136.455905 1.9688816997 45.0078694847 -6.5671595899 0.05 0.05 0.10
1772701136.650409 2.0200215444 45.0130485526 -6.5681596428 0.05 0.05 0.10
1772701136.844913 2.0713099888 45.0182276098 -6.5691596948 0.05 0.05 0.10
1772701137.039417 2.1228957320 45.0235916547 -6.5691597510 0.05 0.05 0.10
1772701137.233921 2.1749274582 45.0287707121 -6.5701598039 0.05 0.05 0.10
1772701137.428425 2.2275538628 45.0341347579 -6.5701598613 0.05 0.05 0.10
1772701137.622929 2.2806262543 45.0394987876 -6.5711599177 0.05 0.05 0.10
1772701137.817433 2.3341446314 45.0448628158 -6.5721599743 0.05 0.05 0.10
1772701138.011937 2.3882576885 45.0504118221 -6.5721600335 0.05 0.05 0.10
1772701138.206441 2.6444026116 45.0979482169 -6.5791604725 0.05 0.05 0.10
1772701138.400945 2.7105572116 45.1047919798 -6.5801605483 0.05 0.05 0.10
1772701138.595449 2.7773065814 45.1118207312 -6.5801606271 0.05 0.05 0.10
1772701138.789953 2.8447991413 45.1188494653 -6.5811607065 0.05 0.05 0.10
1772701138.984457 2.9131837638 45.1258781999 -6.5821607864 0.05 0.05 0.10
1772701139.178961 2.9823116681 45.1332768756 -6.5831608702 0.05 0.05 0.10
1772701139.373465 3.0521828507 45.1406755528 -6.5841609559 0.05 0.05 0.10
1772701139.567969 3.1226487126 45.1480742196 -6.5851610434 0.05 0.05 0.10
1772701139.762473 3.1938579475 45.1558428265 -6.5861611349 0.05 0.05 0.10
1772701139.956977 3.2656617660 45.1634264761 -6.5871612234 0.05 0.05 0.10
1772701140.151481 3.3211126867 45.1895068007 -6.5811614395 0.05 0.05 0.10
1772701140.345985 3.3926192131 45.1970904396 -6.5821615294 0.05 0.05 0.10
1772701140.540489 3.4653150107 45.2046740806 -6.5831616221 0.05 0.05 0.10
1772701140.734993 3.5390514671 45.2122577329 -6.5841617174 0.05 0.05 0.10
1772701140.929497 3.6136798091 45.2202113038 -6.5851618151 0.05 0.05 0.10
1772701141.124001 3.6889029184 45.2281648877 -6.5861619148 0.05 0.05 0.10
1772701141.318505 3.7650179111 45.2364884003 -6.5871620173 0.05 0.05 0.10
1772701141.513009 3.8421735703 45.2448119154 -6.5881621222 0.05 0.05 0.10
1772701141.707513 3.9202211986 45.2533204010 -6.5891622313 0.05 0.05 0.10
1772701141.902017 3.9993094954 45.2618288774 -6.5901623407 0.05 0.05 0.10
1772701142.096521 3.8377137055 45.2655282666 -6.5721622692 0.05 0.05 0.10
1772701142.291025 3.9068416052 45.2729269385 -6.5731623618 0.05 0.05 0.10
1772701142.485529 3.9770101729 45.2805105938 -6.5741624604 0.05 0.05 0.10
1772701142.680033 4.0482193141 45.2882792151 -6.5741625608 0.05 0.05 0.10
1772701142.874537 4.1204691205 45.2962327896 -6.5751626634 0.05 0.05 0.10
1772701143.069041 4.1936108983 45.3041863765 -6.5761627670 0.05 0.05 0.10
1772701143.263545 4.2676446491 45.3123249241 -6.5771628741 0.05 0.05 0.10
1772701143.458049 4.3428676692 45.3204634892 -6.5771629827 0.05 0.05 0.10
1772701143.652553 4.4188340584 45.3287870086 -6.5781630943 0.05 0.05 0.10
1772701143.847057 4.4959897126 45.3371105307 -6.5791632077 0.05 0.05 0.10
1772701144.041561 4.2007466860 45.3200936283 -6.5561628853 0.05 0.05 0.10
1772701144.236065 4.2624415123 45.3269374183 -6.5561629752 0.05 0.05 0.10
1772701144.430569 4.3254742022 45.3337812034 -6.5571630659 0.05 0.05 0.10
1772701144.625073 4.3895476516 45.3408099551 -6.5571631591 0.05 0.05 0.10
1772701144.819577 4.4548102763 45.3478387081 -6.5571632557 0.05 0.05 0.10
1772701145.014081 4.5211136550 45.3550524244 -6.5581633539 0.05 0.05 0.10
1772701145.208586 4.5887549031 45.3624511201 -6.5581634542 0.05 0.05 0.10
1772701145.403090 4.6574368195 45.3700347758 -6.5581635592 0.05 0.05 0.10
1772701145.597594 4.7273079960 45.3778033954 -6.5591636653 0.05 0.05 0.10
1772701145.792098 4.7985172285 45.3857569925 -6.5591637739 0.05 0.05 0.10
1772701145.986601 4.4170501294 45.3546826059 -6.5351632793 0.05 0.05 0.10
1772701146.181105 4.4683385708 45.3604165935 -6.5351633547 0.05 0.05 0.10
1772701146.375609 4.5206676781 45.3661505721 -6.5351634329 0.05 0.05 0.10
1772701146.570113 4.5741860540 45.3720695328 -6.5351635135 0.05 0.05 0.10
1772701146.764617 4.6287450026 45.3781734524 -6.5351635969 0.05 0.05 0.10
1772701146.959121 4.6836013380 45.3842773727 -6.5351636797 0.05 0.05 0.10
1772701147.153625 4.7381603760 45.3903813013 -6.5341637632 0.05 0.05 0.10
1772701147.348130 4.7919760449 45.3964852224 -6.5341638477 0.05 0.05 0.10
1772701147.542634 4.8448998300 45.4022192025 -6.5341639278 0.05 0.05 0.10
1772701147.737138 4.8972288492 45.4079531945 -6.5341640091 0.05 0.05 0.10
1772701147.931642 4.4090223789 45.3593068789 -6.5191633057 0.05 0.05 0.10
1772701148.126146 4.4347409051 45.3620813943 -6.5181633429 0.05 0.05 0.10
