# timestamp[ns] lat[deg] lon[deg] ele[m] lat_stddev[m] lon_stddev[m] ele_stddev[m]
1776141203220979700 36.843956000 128.092436800 293.1820 0.015000 0.015000 0.029000
1776141203719399228 36.843956000 128.092436800 293.1900 0.015000 0.015000 0.025000
1776141204226912428 36.843956100 128.092436700 293.2230 0.015000 0.015000 0.027000
1776141204715340654 36.843956000 128.092436800 293.2190 0.015000 0.015000 0.026000
1776141205230362077 36.843956000 128.092436700 293.1930 0.017000 0.017000 0.029000
1776141205714063179 36.843956000 128.092436800 293.1760 0.016000 0.016000 0.025000
1776141206224459064 36.843956000 128.092436700 293.2230 0.017000 0.017000 0.030000
1776141206710903894 36.843956000 128.092436700 293.2060 0.015000 0.015000 0.028000
1776141207236915019 36.843956100 128.092436700 293.1950 0.015000 0.015000 0.025000
1776141207713633381 36.843956000 128.092436800 293.1990 0.015000 0.015000 0.024000
1776141208224960703 36.843956000 128.092436800 293.2070 0.017000 0.017000 0.030000
1776141208712609233 36.843956100 128.092436800 293.1790 0.015000 0.015000 0.029000
1776141209221911214 36.843956000 128.092436700 293.2220 0.016000 0.016000 0.029000
1776141209714820694 36.843955800 128.092436800 293.1980 0.015000 0.015000 0.026000
1776141210228853643 36.843955900 128.092436800 293.2090 0.021000 0.021000 0.033000
1776141210720434293 36.843955900 128.092436800 293.2040 0.021000 0.021000 0.027000
1776141211214913866 36.843956000 128.092436700 293.2080 0.022000 0.022000 0.035000
1776141211715975640 36.843956000 128.092436800 293.1530 0.015000 0.015000 0.028000
1776141212225375864 36.843956000 128.092436700 293.1710 0.015000 0.015000 0.027000
1776141212713886451 36.843955800 128.092436800 293.1710 0.017000 0.017000 0.028000
1776141213229321211 36.843955800 128.092436700 293.2020 0.021000 0.021000 0.032000
1776141213719922063 36.843956000 128.092436700 293.1960 0.016000 0.016000 0.022000
1776141214226981084 36.843956000 128.092436700 293.1830 0.016000 0.016000 0.021000
1776141214720864309 36.843956000 128.092436800 293.1390 0.018000 0.018000 0.026000
1776141215231396786 36.843955900 128.092436800 293.1660 0.018000 0.018000 0.026000
1776141215712318921 36.843955900 128.092436800 293.1690 0.017000 0.017000 0.029000
1776141216228358033 36.843955900 128.092436800 293.1410 0.016000 0.016000 0.030000
1776141216714837816 36.843955900 128.092436800 293.1510 0.015000 0.015000 0.024000
1776141217227402746 36.843955900 128.092436800 293.1640 0.014000 0.014000 0.025000
1776141217718481755 36.843955900 128.092436900 293.2420 0.014000 0.014000 0.028000
1776141218219962659 36.843955800 128.092436900 293.2300 0.015000 0.015000 0.026000
1776141218733860777 36.843955800 128.092436800 293.2190 0.016000 0.016000 0.023000
1776141219230855785 36.843955800 128.092436800 293.1870 0.016000 0.016000 0.021000
1776141219719395674 36.843955700 128.092436800 293.1900 0.015000 0.015000 0.022000
1776141220242829035 36.843955900 128.092436800 293.1840 0.017000 0.017000 0.034000
1776141220741714174 36.843955900 128.092436800 293.1640 0.015000 0.015000 0.025000
1776141221244955852 36.843955800 128.092436800 293.1310 0.016000 0.016000 0.028000
1776141221712882825 36.843955700 128.092436900 293.1540 0.014000 0.014000 0.026000
1776141222224895922 36.843955700 128.092436900 293.1330 0.014000 0.014000 0.026000
1776141222714044164 36.843955700 128.092436900 293.1670 0.014000 0.014000 0.021000
1776141223249293200 36.843955700 128.092436900 293.1500 0.014000 0.014000 0.021000
1776141223748839244 36.843955700 128.092436900 293.1720 0.014000 0.014000 0.028000
1776141224224823524 36.843955500 128.092436900 293.1690 0.018000 0.018000 0.053000
1776141224710897080 36.843955900 128.092436800 293.1460 0.016000 0.016000 0.027000
1776141225228373028 36.843955700 128.092436900 293.1400 0.016000 0.016000 0.029000
1776141225716775605 36.843955800 128.092436900 293.1830 0.014000 0.014000 0.026000
1776141226220338344 36.843955700 128.092436900 293.1700 0.017000 0.017000 0.031000
1776141226719824644 36.843955800 128.092436800 293.1540 0.015000 0.015000 0.030000
1776141227225932015 36.843955700 128.092436800 293.1530 0.016000 0.016000 0.033000
1776141227716288673 36.843955900 128.092436800 293.1780 0.016000 0.016000 0.027000
1776141228221295100 36.843956000 128.092436800 293.1730 0.018000 0.018000 0.027000
1776141228710259007 36.843955800 128.092436800 293.1800 0.016000 0.016000 0.026000
1776141229214576640 36.843955900 128.092436800 293.1830 0.016000 0.016000 0.028000
1776141229714392737 36.843955800 128.092436800 293.1600 0.015000 0.015000 0.027000
1776141230222861554 36.843955800 128.092436800 293.1800 0.015000 0.015000 0.026000
1776141230717023161 36.843956000 128.092436800 293.1850 0.014000 0.014000 0.022000
1776141231231751119 36.843956000 128.092436800 293.1760 0.014000 0.014000 0.022000
1776141231723242177 36.843955900 128.092436800 293.2160 0.014000 0.014000 0.016000
1776141232230844987 36.843955900 128.092436800 293.2190 0.014000 0.014000 0.017000
1776141232724440336 36.843955900 128.092436800 293.2140 0.014000 0.014000 0.018000
1776141233232242033 36.843955900 128.092436800 293.2300 0.014000 0.014000 0.021000
1776141233714252375 36.843955900 128.092436800 293.2210 0.014000 0.014000 0.020000
1776141234231768216 36.843955900 128.092436800 293.2220 0.014000 0.014000 0.022000
1776141234722788827 36.843955900 128.092436800 293.2200 0.014000 0.014000 0.020000
1776141235233333683 36.843955900 128.092436800 293.2260 0.014000 0.014000 0.021000
1776141235721270911 36.843955700 128.092436800 293.2240 0.014000 0.014000 0.020000
1776141236225732489 36.843955800 128.092436800 293.2150 0.014000 0.014000 0.022000
1776141236716487923 36.843955800 128.092436700 293.2270 0.014000 0.014000 0.020000
1776141237227234218 36.843955800 128.092436800 293.2430 0.014000 0.014000 0.022000
1776141237715757896 36.843955900 128.092436800 293.2290 0.014000 0.014000 0.020000
1776141238228877725 36.843955800 128.092436800 293.2290 0.014000 0.014000 0.021000
1776141238724552305 36.843955800 128.092436800 293.2280 0.014000 0.014000 0.020000
1776141239230290180 36.843955800 128.092436800 293.2340 0.014000 0.014000 0.022000
1776141239719882911 36.843955800 128.092436800 293.2340 0.014000 0.014000 0.017000
1776141240230800065 36.843955900 128.092437000 293.2430 0.014000 0.014000 0.019000
1776141240716784088 36.843956100 128.092437800 293.2380 0.014000 0.014000 0.019000
1776141241231227412 36.843956500 128.092438800 293.2580 0.014000 0.014000 0.020000
1776141241719773854 36.843956500 128.092439600 293.2540 0.014000 0.014000 0.018000
1776141242224759960 36.843956600 128.092440600 293.2570 0.014000 0.014000 0.018000
1776141242715012870 36.843956600 128.092441500 293.2740 0.014000 0.014000 0.017000
1776141243232782212 36.843956800 128.092442300 293.2510 0.014000 0.014000 0.017000
1776141243723227664 36.843956900 128.092443300 293.2550 0.014000 0.014000 0.016000
1776141244237734491 36.843956900 128.092444200 293.2670 0.014000 0.014000 0.015000
1776141244728359867 36.843957100 128.092445000 293.2450 0.014000 0.014000 0.014000
1776141245236264637 36.843957200 128.092445900 293.2530 0.014000 0.014000 0.013000
1776141245733733939 36.843957300 128.092446800 293.2400 0.014000 0.014000 0.013000
1776141246240279208 36.843957400 128.092447600 293.2330 0.014000 0.014000 0.013000
1776141246728229531 36.843957500 128.092448600 293.2680 0.014000 0.014000 0.014000
1776141247233218628 36.843957800 128.092450300 293.2500 0.014000 0.014000 0.013000
1776141247741200923 36.843957900 128.092452200 293.2430 0.014000 0.014000 0.014000
1776141248248308368 36.843958300 128.092454600 293.2520 0.014000 0.014000 0.013000
1776141248733738798 36.843958600 128.092457000 293.2590 0.014000 0.014000 0.014000
1776141249240220337 36.843958900 128.092459500 293.2620 0.014000 0.014000 0.014000
1776141249732194087 36.843959200 128.092461900 293.2520 0.014000 0.014000 0.013000
1776141250238195375 36.843959400 128.092463900 293.2400 0.014000 0.014000 0.013000
1776141250733680151 36.843959700 128.092465600 293.2450 0.014000 0.014000 0.014000
1776141251238163446 36.843959800 128.092467400 293.2560 0.014000 0.014000 0.015000
1776141251725220388 36.843960000 128.092469400 293.2450 0.014000 0.014000 0.013000
1776141252244713526 36.843960200 128.092471400 293.2340 0.014000 0.014000 0.015000
1776141252730644818 36.843960500 128.092473300 293.2630 0.014000 0.014000 0.015000
1776141253243803810 36.843960700 128.092475200 293.2590 0.014000 0.014000 0.015000
1776141253738703229 36.843961000 128.092477100 293.2480 0.014000 0.014000 0.016000
1776141254235224715 36.843961200 128.092478900 293.2450 0.014000 0.014000 0.017000
1776141254722681206 36.843961300 128.092480800 293.2680 0.014000 0.014000 0.016000
1776141255240551079 36.843961600 128.092482700 293.2690 0.014000 0.014000 0.015000
1776141255749276389 36.843961800 128.092484400 293.2350 0.014000 0.014000 0.015000
1776141256252744077 36.843961700 128.092486300 293.2540 0.014000 0.014000 0.016000
1776141256749389197 36.843961700 128.092488200 293.2560 0.014000 0.014000 0.016000
1776141257258322789 36.843961800 128.092490100 293.2500 0.014000 0.014000 0.016000
1776141257748150185 36.843961900 128.092491900 293.2670 0.014000 0.014000 0.016000
1776141258262707585 36.843961900 128.092493900 293.2700 0.014000 0.014000 0.016000
1776141258749184275 36.843962000 128.092495700 293.2590 0.014000 0.014000 0.014000
1776141259263112406 36.843962000 128.092497600 293.2360 0.014000 0.014000 0.015000
1776141259747353166 36.843962200 128.092499500 293.2520 0.014000 0.014000 0.014000
1776141260260664963 36.843962300 128.092501300 293.2560 0.014000 0.014000 0.016000
1776141260742223820 36.843962400 128.092503200 293.2530 0.014000 0.014000 0.015000
1776141261256145183 36.843962500 128.092505000 293.2700 0.014000 0.014000 0.017000
1776141261746670852 36.843962600 128.092506800 293.2710 0.014000 0.014000 0.017000
1776141262258138259 36.843962700 128.092508700 293.2690 0.014000 0.014000 0.017000
1776141262754208598 36.843962800 128.092510600 293.2540 0.014000 0.014000 0.016000
1776141263259178964 36.843962900 128.092512500 293.2670 0.014000 0.014000 0.017000
1776141263757181357 36.843963000 128.092514300 293.2480 0.014000 0.014000 0.016000
1776141264265889398 36.843963100 128.092516100 293.2510 0.014000 0.014000 0.017000
1776141264754669998 36.843963300 128.092518000 293.2470 0.014000 0.014000 0.017000
1776141265259161431 36.843963400 128.092519900 293.2690 0.014000 0.014000 0.017000
1776141265759390148 36.843963500 128.092521700 293.2700 0.014000 0.014000 0.019000
1776141266265698753 36.843963600 128.092523600 293.2640 0.014000 0.014000 0.019000
1776141266749613197 36.843963700 128.092525500 293.2560 0.014000 0.014000 0.017000
1776141267260080037 36.843963900 128.092527300 293.2730 0.014000 0.014000 0.019000
1776141267750617209 36.843964100 128.092529200 293.2750 0.014000 0.014000 0.019000
1776141268257310659 36.843964300 128.092531100 293.2920 0.014000 0.014000 0.024000
1776141268756673184 36.843964200 128.092533100 293.2770 0.014000 0.014000 0.022000
1776141269263656020 36.843964400 128.092534900 293.2900 0.014000 0.014000 0.021000
1776141269748628698 36.843964600 128.092536800 293.2850 0.014000 0.014000 0.021000
1776141270268060237 36.843964800 128.092538600 293.2720 0.014000 0.014000 0.021000
1776141270754073779 36.843965000 128.092540600 293.2700 0.014000 0.014000 0.023000
1776141271257603252 36.843965100 128.092542600 293.2720 0.014000 0.014000 0.025000
1776141271757165856 36.843965300 128.092544500 293.2890 0.014000 0.014000 0.023000
1776141272259552034 36.843965300 128.092546400 293.2940 0.014000 0.014000 0.024000
1776141272749131507 36.843965500 128.092548400 293.2940 0.014000 0.014000 0.022000
1776141273258671315 36.843965700 128.092550300 293.3010 0.014000 0.014000 0.024000
1776141273750070848 36.843966000 128.092552300 293.2920 0.014000 0.014000 0.022000
1776141274260590059 36.843966200 128.092554300 293.2710 0.014000 0.014000 0.026000
1776141274763616630 36.843966500 128.092556300 293.2660 0.014000 0.014000 0.023000
1776141275270560232 36.843966700 128.092558300 293.2650 0.014000 0.014000 0.027000
1776141275754589496 36.843966900 128.092560300 293.2610 0.014000 0.014000 0.023000
1776141276274106170 36.843967100 128.092562400 293.2730 0.014000 0.014000 0.024000
1776141276754135535 36.843967500 128.092564500 293.2730 0.014000 0.014000 0.022000
1776141277270561677 36.843967700 128.092566600 293.2630 0.014000 0.014000 0.022000
1776141277757503391 36.843967900 128.092568600 293.2320 0.014000 0.014000 0.021000
1776141278274109102 36.843968200 128.092570700 293.2490 0.014000 0.014000 0.021000
1776141278753523531 36.843968400 128.092572800 293.2460 0.014000 0.014000 0.019000
1776141279268924395 36.843968600 128.092574800 293.2330 0.014000 0.014000 0.021000
1776141279750563324 36.843968800 128.092577000 293.2300 0.014000 0.014000 0.021000
1776141280261456629 36.843969100 128.092579000 293.2520 0.014000 0.014000 0.020000
1776141280760536038 36.843969300 128.092581000 293.2360 0.014000 0.014000 0.020000
1776141281262461217 36.843969500 128.092583200 293.2350 0.014000 0.014000 0.021000
1776141281751549764 36.843969700 128.092585300 293.2450 0.014000 0.014000 0.019000
1776141282263516450 36.843969900 128.092587400 293.2300 0.014000 0.014000 0.022000
1776141282751521233 36.843970100 128.092589500 293.2020 0.014000 0.014000 0.023000
1776141283257042138 36.843970400 128.092591500 293.2200 0.014000 0.014000 0.024000
1776141283754150541 36.843970600 128.092593600 293.2440 0.014000 0.014000 0.024000
1776141284264531315 36.843970800 128.092595800 293.2200 0.014000 0.014000 0.024000
1776141284752976508 36.843970900 128.092597900 293.2000 0.014000 0.014000 0.019000
1776141285262571445 36.843971200 128.092600000 293.1890 0.014000 0.014000 0.022000
1776141285755547840 36.843971300 128.092602100 293.2040 0.014000 0.014000 0.017000
1776141286259942864 36.843971600 128.092604200 293.1820 0.014000 0.014000 0.018000
1776141286751952783 36.843971800 128.092606400 293.1970 0.014000 0.014000 0.019000
1776141287257583345 36.843971900 128.092608300 293.2020 0.014000 0.014000 0.021000
1776141287747037424 36.843972100 128.092610200 293.2540 0.014000 0.014000 0.019000
1776141288261079669 36.843972400 128.092612300 293.2570 0.014000 0.014000 0.022000
1776141288750971379 36.843972700 128.092614400 293.2140 0.014000 0.014000 0.020000
1776141289259928774 36.843972800 128.092616400 293.2430 0.014000 0.014000 0.020000
1776141289750948922 36.843973200 128.092618400 293.2550 0.014000 0.014000 0.018000
1776141290261608641 36.843973600 128.092620600 293.2180 0.014000 0.014000 0.018000
1776141290753459164 36.843974100 128.092622800 293.2180 0.014000 0.014000 0.021000
1776141291260003294 36.843974600 128.092624700 293.2270 0.014000 0.014000 0.023000
1776141291752579347 36.843975200 128.092626700 293.2230 0.014000 0.014000 0.024000
1776141292252906785 36.843975600 128.092629200 293.2040 0.014000 0.014000 0.027000
1776141292750546022 36.843975900 128.092631100 293.2230 0.014000 0.014000 0.025000
1776141293257933463 36.843976400 128.092632800 293.2450 0.014000 0.014000 0.027000
1776141293752604563 36.843976800 128.092635100 293.2560 0.014000 0.014000 0.021000
1776141294261901203 36.843977300 128.092637600 293.1990 0.014000 0.014000 0.024000
1776141294756495987 36.843977700 128.092640300 293.1330 0.014000 0.014000 0.027000
1776141295253919270 36.843978300 128.092642500 293.1240 0.015000 0.015000 0.031000
1776141295749413682 36.843978400 128.092644300 293.1320 0.014000 0.014000 0.025000
1776141296258508345 36.843979000 128.092646400 293.0920 0.014000 0.014000 0.025000
1776141296744863525 36.843979200 128.092648200 293.0570 0.014000 0.014000 0.022000
1776141297255353725 36.843979400 128.092650100 293.0520 0.014000 0.014000 0.023000
1776141297746466615 36.843979700 128.092651900 292.9890 0.014000 0.014000 0.020000
1776141298249309557 36.843979900 128.092653800 292.9750 0.014000 0.014000 0.020000
1776141298745627484 36.843979900 128.092655900 292.9470 0.014000 0.014000 0.017000
1776141299250361967 36.843979900 128.092657500 292.9340 0.014000 0.014000 0.020000
1776141299745906904 36.843979800 128.092659500 292.9040 0.014000 0.014000 0.018000
1776141300256355087 36.843979600 128.092661300 292.9030 0.014000 0.014000 0.020000
1776141300747567290 36.843979100 128.092663000 292.9320 0.014000 0.014000 0.021000
1776141301247408772 36.843978800 128.092664900 292.8770 0.014000 0.014000 0.021000
1776141301743951801 36.843978400 128.092666600 292.9690 0.014000 0.014000 0.022000
1776141302254845455 36.843977800 128.092668400 292.9860 0.014000 0.014000 0.026000
1776141302745350413 36.843977100 128.092670300 292.8990 0.014000 0.014000 0.025000
1776141303253417135 36.843976200 128.092672100 292.9190 0.014000 0.014000 0.026000
1776141303743331400 36.843975200 128.092674000 292.8560 0.014000 0.014000 0.029000
1776141304252503504 36.843974200 128.092675500 292.9420 0.014000 0.014000 0.029000
1776141304745036513 36.843973000 128.092676800 292.8860 0.014000 0.014000 0.023000
1776141305250338753 36.843971900 128.092678300 292.9320 0.014000 0.014000 0.026000
1776141305733895227 36.843970600 128.092679500 292.9480 0.014000 0.014000 0.020000
1776141306254848457 36.843969300 128.092680900 292.9220 0.014000 0.014000 0.025000
1776141306742341543 36.843967900 128.092682300 292.9640 0.014000 0.014000 0.022000
1776141307252878474 36.843966200 128.092682900 292.8820 0.014000 0.014000 0.026000
1776141307742454809 36.843964400 128.092683000 292.8560 0.014000 0.014000 0.025000
1776141308245918733 36.843962500 128.092683700 292.9080 0.014000 0.014000 0.024000
1776141308742377553 36.843960800 128.092683500 292.9400 0.014000 0.014000 0.023000
1776141309251790604 36.843959100 128.092683500 292.9450 0.018000 0.018000 0.029000
1776141309741886821 36.843957600 128.092683100 292.8750 0.015000 0.015000 0.026000
1776141310245346501 36.843955800 128.092683200 292.8000 0.015000 0.015000 0.034000
1776141310746785285 36.843954000 128.092683200 292.7730 0.014000 0.014000 0.029000
1776141311251931247 36.843952400 128.092683500 292.7510 0.014000 0.014000 0.031000
1776141311743772236 36.843950700 128.092683200 292.7580 0.016000 0.016000 0.039000
1776141312255353772 36.843948900 128.092683800 292.8460 0.017000 0.017000 0.046000
1776141312744826605 36.843947300 128.092683700 292.8700 0.016000 0.016000 0.043000
1776141313253745294 36.843945600 128.092683600 292.8030 0.016000 0.016000 0.045000
1776141313742805446 36.843944100 128.092683400 292.8180 0.015000 0.015000 0.035000
1776141314251267234 36.843942300 128.092682900 292.8900 0.015000 0.015000 0.037000
1776141314737325872 36.843940500 128.092682500 292.9320 0.014000 0.014000 0.033000
1776141315253774238 36.843938700 128.092682700 292.8930 0.015000 0.015000 0.032000
1776141315741746872 36.843936900 128.092682100 292.9450 0.014000 0.014000 0.027000
1776141316249243986 36.843935400 128.092682200 292.9910 0.014000 0.014000 0.026000
1776141316740727698 36.843933500 128.092682100 292.9660 0.014000 0.014000 0.024000
1776141317248756053 36.843931700 128.092682100 292.8980 0.014000 0.014000 0.025000
1776141317740826973 36.843930500 128.092682200 292.9400 0.014000 0.014000 0.022000
1776141318250737260 36.843930400 128.092682100 292.9820 0.014000 0.014000 0.022000
1776141318740223152 36.843930300 128.092682000 292.9520 0.014000 0.014000 0.023000
1776141319245983756 36.843930200 128.092682000 292.9460 0.014000 0.014000 0.023000
1776141319742880485 36.843930000 128.092682100 292.9770 0.014000 0.014000 0.022000
1776141320258369113 36.843929700 128.092682000 292.9680 0.014000 0.014000 0.021000
1776141320749239557 36.843929400 128.092682000 292.9960 0.014000 0.014000 0.019000
1776141321259190090 36.843929200 128.092682000 293.0120 0.014000 0.014000 0.018000
1776141321747829293 36.843928800 128.092682100 293.0130 0.014000 0.014000 0.017000
1776141322256873358 36.843928300 128.092682100 293.0040 0.014000 0.014000 0.018000
1776141322748464944 36.843927800 128.092681800 292.9950 0.014000 0.014000 0.017000
1776141323259726973 36.843927100 128.092681700 292.9960 0.014000 0.014000 0.018000
1776141323744251041 36.843926400 128.092681500 293.0130 0.014000 0.014000 0.019000
1776141324260358702 36.843925600 128.092681500 293.0060 0.014000 0.014000 0.018000
1776141324747810317 36.843924600 128.092681400 293.0190 0.014000 0.014000 0.018000
1776141325256275082 36.843923400 128.092681200 293.0230 0.014000 0.014000 0.018000
1776141325752242395 36.843922400 128.092681200 293.0400 0.014000 0.014000 0.015000
1776141326258338150 36.843921200 128.092681000 293.0130 0.014000 0.014000 0.015000
1776141326753286424 36.843920000 128.092680900 293.0320 0.014000 0.014000 0.015000
1776141327261338687 36.843918800 128.092680900 293.0280 0.014000 0.014000 0.017000
1776141327754934026 36.843917600 128.092680500 293.0180 0.014000 0.014000 0.015000
1776141328258694441 36.843916300 128.092680400 293.0140 0.014000 0.014000 0.019000
1776141328755679016 36.843915100 128.092680400 293.0210 0.014000 0.014000 0.016000
1776141329257663535 36.843913900 128.092680200 293.0280 0.014000 0.014000 0.015000
1776141329743166474 36.843912600 128.092680100 293.0190 0.014000 0.014000 0.016000
1776141330262310729 36.843911400 128.092680000 293.0170 0.014000 0.014000 0.016000
1776141330747088910 36.843910200 128.092680000 293.0500 0.014000 0.014000 0.015000
1776141331263981180 36.843908900 128.092679700 293.0540 0.014000 0.014000 0.016000
1776141331754265943 36.843907500 128.092679500 293.0590 0.014000 0.014000 0.018000
1776141332266679927 36.843906100 128.092679400 293.1000 0.014000 0.014000 0.018000
1776141332745166737 36.843904500 128.092679300 293.1000 0.014000 0.014000 0.016000
1776141333260196765 36.843903000 128.092679200 293.1020 0.014000 0.014000 0.016000
1776141333751209277 36.843901400 128.092678900 293.1220 0.014000 0.014000 0.015000
1776141334254138040 36.843900000 128.092678800 293.1150 0.014000 0.014000 0.016000
1776141334753198337 36.843898600 128.092678800 293.1030 0.014000 0.014000 0.016000
1776141335257763143 36.843897400 128.092678500 293.0730 0.014000 0.014000 0.016000
1776141335749679511 36.843896000 128.092678600 293.0590 0.014000 0.014000 0.013000
1776141336258228015 36.843894600 128.092678500 293.0630 0.014000 0.014000 0.018000
1776141336742795547 36.843893100 128.092678600 293.0750 0.014000 0.014000 0.017000
1776141337246833589 36.843891900 128.092678400 293.0610 0.014000 0.014000 0.018000
1776141337748238616 36.843890500 128.092678300 293.0790 0.014000 0.014000 0.018000
1776141338262774628 36.843889100 128.092678200 293.0710 0.014000 0.014000 0.018000
1776141338746765177 36.843887700 128.092678000 293.0670 0.014000 0.014000 0.016000
1776141339256249450 36.843886400 128.092678100 293.1030 0.014000 0.014000 0.018000
1776141339747680156 36.843885000 128.092677900 293.0710 0.014000 0.014000 0.016000
1776141340258224447 36.843883500 128.092677900 293.0560 0.014000 0.014000 0.020000
1776141340750749536 36.843882000 128.092677800 293.0540 0.014000 0.014000 0.016000
1776141341261714410 36.843880600 128.092677700 293.0570 0.014000 0.014000 0.017000
1776141341740712180 36.843879200 128.092677700 293.1260 0.014000 0.014000 0.014000
1776141342264739258 36.843877800 128.092677600 293.1260 0.014000 0.014000 0.018000
1776141342753756658 36.843877000 128.092677700 293.1160 0.014000 0.014000 0.019000
1776141343260622180 36.843875000 128.092677500 293.1130 0.014000 0.014000 0.021000
1776141343753222127 36.843873700 128.092677400 293.1260 0.014000 0.014000 0.016000
1776141344256227585 36.843872400 128.092677400 293.1180 0.014000 0.014000 0.017000
1776141344753200747 36.843870900 128.092677400 293.1390 0.014000 0.014000 0.017000
1776141345264788550 36.843869700 128.092677300 293.1470 0.014000 0.014000 0.018000
1776141345752087908 36.843868600 128.092677200 293.1530 0.014000 0.014000 0.015000
1776141346252144411 36.843867300 128.092677200 293.1450 0.014000 0.014000 0.016000
1776141346754121886 36.843866000 128.092677000 293.1250 0.014000 0.014000 0.017000
1776141347253266988 36.843864600 128.092677000 293.1530 0.014000 0.014000 0.019000
1776141347743194776 36.843863500 128.092676500 293.1440 0.014000 0.014000 0.019000
1776141348261159735 36.843862100 128.092676400 293.1960 0.014000 0.014000 0.016000
1776141348745703414 36.843860700 128.092676300 293.2200 0.014000 0.014000 0.017000
1776141349249600019 36.843859300 128.092676100 293.2070 0.014000 0.014000 0.016000
1776141349746630956 36.843858600 128.092676100 293.2140 0.014000 0.014000 0.015000
1776141350251592803 36.843858600 128.092676100 293.2140 0.014000 0.014000 0.014000
1776141350740144712 36.843858600 128.092676100 293.2120 0.014000 0.014000 0.013000
1776141351251843209 36.843858600 128.092676100 293.2190 0.014000 0.014000 0.013000
1776141351747713137 36.843858600 128.092676100 293.2140 0.014000 0.014000 0.013000
1776141352251110811 36.843858600 128.092676200 293.2080 0.014000 0.014000 0.013000
1776141352755691088 36.843858600 128.092676100 293.2090 0.014000 0.014000 0.013000
1776141353253165040 36.843858600 128.092676100 293.2250 0.014000 0.014000 0.012000
1776141353749616688 36.843858600 128.092676100 293.2130 0.014000 0.014000 0.013000
1776141354261120918 36.843858600 128.092676200 293.2240 0.014000 0.014000 0.013000
1776141354747125857 36.843858600 128.092676100 293.2150 0.014000 0.014000 0.013000
1776141355254208743 36.843858600 128.092676000 293.2020 0.014000 0.014000 0.013000
1776141355741707761 36.843858600 128.092676100 293.2100 0.014000 0.014000 0.013000
1776141356264289919 36.843858500 128.092676200 293.2090 0.014000 0.014000 0.013000
1776141356755165462 36.843857700 128.092676000 293.1920 0.014000 0.014000 0.013000
1776141357263648439 36.843856800 128.092675700 293.2060 0.014000 0.014000 0.015000
1776141357755166661 36.843855500 128.092675700 293.2780 0.014000 0.014000 0.016000
1776141358258705977 36.843854200 128.092675700 293.2900 0.014000 0.014000 0.016000
1776141358749108555 36.843853000 128.092675700 293.3190 0.014000 0.014000 0.017000
1776141359256613239 36.843851500 128.092675500 293.3450 0.014000 0.014000 0.016000
1776141359748695726 36.843850500 128.092675200 293.3550 0.014000 0.014000 0.018000
1776141360259588190 36.843849200 128.092675000 293.3370 0.014000 0.014000 0.017000
1776141360752626551 36.843847900 128.092674800 293.3560 0.014000 0.014000 0.016000
1776141361260705901 36.843846900 128.092674500 293.3170 0.014000 0.014000 0.016000
1776141361751099449 36.843845600 128.092674600 293.3590 0.014000 0.014000 0.016000
1776141362257671737 36.843844300 128.092674500 293.3840 0.014000 0.014000 0.016000
1776141362749216260 36.843843200 128.092673900 293.3530 0.014000 0.014000 0.016000
1776141363259191147 36.843841800 128.092674000 293.3810 0.014000 0.014000 0.015000
1776141363757732226 36.843840500 128.092674000 293.4210 0.014000 0.014000 0.013000
1776141364257071239 36.843839300 128.092673900 293.4210 0.014000 0.014000 0.014000
1776141364751096300 36.843838100 128.092673700 293.4480 0.014000 0.014000 0.013000
1776141365261091179 36.843836900 128.092673600 293.4790 0.014000 0.014000 0.013000
1776141365753136665 36.843835400 128.092673600 293.4800 0.014000 0.014000 0.014000
1776141366263589334 36.843834100 128.092673700 293.5200 0.014000 0.014000 0.014000
1776141366752091335 36.843832700 128.092673600 293.5690 0.014000 0.014000 0.014000
1776141367294683858 36.843831200 128.092673500 293.5920 0.014000 0.014000 0.014000
1776141367780089810 36.843829700 128.092673400 293.6600 0.014000 0.014000 0.013000
1776141368259507087 36.843828200 128.092673600 293.6800 0.014000 0.014000 0.014000
1776141368755617652 36.843826800 128.092673800 293.7030 0.014000 0.014000 0.013000
1776141369268839622 36.843825400 128.092673700 293.7040 0.014000 0.014000 0.014000
1776141369754598580 36.843823800 128.092673800 293.7350 0.014000 0.014000 0.016000
1776141370262109373 36.843822200 128.092673800 293.7760 0.014000 0.014000 0.017000
1776141370754639714 36.843820900 128.092673900 293.8150 0.014000 0.014000 0.016000
1776141371262015371 36.843819400 128.092673800 293.8480 0.014000 0.014000 0.015000
1776141371755618061 36.843817900 128.092673900 293.8800 0.014000 0.014000 0.015000
1776141372299712361 36.843816400 128.092673900 293.9290 0.014000 0.014000 0.016000
1776141372785639570 36.843814800 128.092674000 293.9460 0.014000 0.014000 0.017000
1776141373262630377 36.843813300 128.092673800 293.9900 0.014000 0.014000 0.016000
1776141373756642404 36.843811800 128.092673800 294.0000 0.014000 0.014000 0.015000
1776141374271600401 36.843810300 128.092674000 294.0470 0.014000 0.014000 0.014000
1776141374759112546 36.843808800 128.092674100 294.0680 0.014000 0.014000 0.013000
1776141375266592819 36.843807200 128.092674100 294.0910 0.014000 0.014000 0.013000
1776141375757087079 36.843805600 128.092674200 294.0950 0.014000 0.014000 0.013000
1776141376262706852 36.843804100 128.092674300 294.1380 0.014000 0.014000 0.013000
1776141376756112354 36.843802700 128.092674400 294.1900 0.014000 0.014000 0.012000
1776141377264609699 36.843801200 128.092674500 294.2220 0.014000 0.014000 0.011000
1776141377788681031 36.843799600 128.092674600 294.2530 0.014000 0.014000 0.011000
1776141378270027593 36.843798200 128.092674700 294.2770 0.014000 0.014000 0.012000
1776141378757070316 36.843796700 128.092675100 294.3300 0.014000 0.014000 0.011000
1776141379271008229 36.843795100 128.092675600 294.3490 0.014000 0.014000 0.012000
1776141379760987362 36.843793600 128.092675800 294.3630 0.014000 0.014000 0.011000
1776141380257074502 36.843792000 128.092676200 294.3920 0.014000 0.014000 0.012000
1776141380751043418 36.843790300 128.092676600 294.4150 0.014000 0.014000 0.013000
1776141381261537597 36.843788800 128.092677000 294.4280 0.014000 0.014000 0.013000
1776141381758584832 36.843787400 128.092677600 294.4710 0.014000 0.014000 0.012000
1776141382264654196 36.843785700 128.092677800 294.4740 0.014000 0.014000 0.013000
1776141382758109539 36.843784200 128.092678200 294.4620 0.014000 0.014000 0.013000
1776141383261481623 36.843782800 128.092678500 294.4600 0.014000 0.014000 0.012000
1776141383745551982 36.843781400 128.092678800 294.4850 0.014000 0.014000 0.014000
1776141384268605065 36.843780100 128.092679500 294.4870 0.014000 0.014000 0.013000
1776141384763053814 36.843778800 128.092680100 294.5270 0.014000 0.014000 0.013000
1776141385273141229 36.843777400 128.092680500 294.5230 0.014000 0.014000 0.012000
1776141385764055618 36.843776100 128.092681000 294.5490 0.014000 0.014000 0.013000
1776141386268599934 36.843774500 128.092681500 294.5680 0.014000 0.014000 0.013000
1776141386747188261 36.843773100 128.092681800 294.5570 0.014000 0.014000 0.013000
1776141387258108570 36.843771700 128.092682300 294.6050 0.014000 0.014000 0.014000
1776141387747058166 36.843770400 128.092682800 294.6090 0.014000 0.014000 0.014000
1776141388258138448 36.843769000 128.092683200 294.6060 0.014000 0.014000 0.014000
1776141388785003805 36.843767600 128.092683700 294.6260 0.014000 0.014000 0.014000
1776141389287130719 36.843766200 128.092684100 294.6710 0.014000 0.014000 0.015000
1776141389755275032 36.843764800 128.092684800 294.6670 0.014000 0.014000 0.015000
1776141390264700673 36.843763600 128.092685300 294.6820 0.014000 0.014000 0.017000
1776141390760125872 36.843762100 128.092685900 294.6990 0.014000 0.014000 0.017000
1776141391259051774 36.843760700 128.092686400 294.6940 0.014000 0.014000 0.016000
1776141391754617375 36.843759300 128.092687100 294.7180 0.014000 0.014000 0.014000
1776141392267548198 36.843757900 128.092687500 294.7110 0.014000 0.014000 0.013000
1776141392761566193 36.843756500 128.092688300 294.7270 0.014000 0.014000 0.013000
1776141393272497145 36.843755100 128.092688800 294.7370 0.014000 0.014000 0.013000
1776141393761958792 36.843753700 128.092689300 294.7470 0.014000 0.014000 0.014000
1776141394269434941 36.843752200 128.092689900 294.7500 0.014000 0.014000 0.017000
1776141394758043711 36.843750800 128.092690400 294.7920 0.014000 0.014000 0.013000
1776141395261491164 36.843749400 128.092691100 294.7940 0.014000 0.014000 0.013000
1776141395749008047 36.843748000 128.092691600 294.8050 0.014000 0.014000 0.013000
1776141396264006134 36.843746700 128.092692100 294.8180 0.014000 0.014000 0.013000
1776141396750540374 36.843745200 128.092692600 294.8180 0.014000 0.014000 0.013000
1776141397262472683 36.843743700 128.092693300 294.8450 0.014000 0.014000 0.013000
1776141397755638068 36.843742300 128.092693700 294.8280 0.014000 0.014000 0.014000
1776141398264031526 36.843740700 128.092694600 294.8670 0.014000 0.014000 0.014000
1776141398753200864 36.843739300 128.092695100 294.8500 0.014000 0.014000 0.014000
1776141399261584170 36.843738000 128.092695500 294.8470 0.014000 0.014000 0.014000
1776141399778562050 36.843736600 128.092696100 294.8700 0.014000 0.014000 0.015000
1776141400256953444 36.843735000 128.092696800 294.9010 0.014000 0.014000 0.014000
1776141400752010789 36.843733500 128.092697400 294.9110 0.014000 0.014000 0.014000
1776141401259161829 36.843732000 128.092698000 294.9100 0.014000 0.014000 0.014000
1776141401748111647 36.843730500 128.092698700 294.9530 0.014000 0.014000 0.016000
1776141402260112837 36.843729200 128.092699300 294.9700 0.014000 0.014000 0.017000
1776141402751998989 36.843727700 128.092699800 294.9730 0.014000 0.014000 0.016000
1776141403261000804 36.843726300 128.092700400 294.9770 0.014000 0.014000 0.016000
1776141403751977139 36.843724900 128.092701100 294.9820 0.014000 0.014000 0.015000
1776141404260116569 36.843723500 128.092701800 294.9840 0.014000 0.014000 0.021000
1776141404741821553 36.843722000 128.092702300 295.0310 0.014000 0.014000 0.018000
1776141405265548597 36.843720600 128.092703100 295.0210 0.014000 0.014000 0.018000
1776141405749929186 36.843719300 128.092703700 294.9900 0.014000 0.014000 0.017000
1776141406254495005 36.843717800 128.092704200 295.0300 0.014000 0.014000 0.017000
1776141406746988539 36.843716400 128.092704900 295.0560 0.014000 0.014000 0.017000
1776141407263476597 36.843715100 128.092705400 295.0180 0.014000 0.014000 0.019000
1776141407745994731 36.843713400 128.092706300 295.0900 0.014000 0.014000 0.020000
1776141408260635750 36.843712100 128.092706900 295.0420 0.014000 0.014000 0.020000
1776141408745549890 36.843710600 128.092707700 295.1110 0.014000 0.014000 0.017000
1776141409255115678 36.843709300 128.092708200 295.1120 0.014000 0.014000 0.017000
1776141409747537793 36.843707900 128.092708800 295.0810 0.014000 0.014000 0.017000
1776141410255493511 36.843706600 128.092709200 295.0890 0.014000 0.014000 0.020000
1776141410744595763 36.843705000 128.092710100 295.1290 0.014000 0.014000 0.016000
1776141411257945715 36.843703500 128.092710700 295.1150 0.014000 0.014000 0.016000
1776141411743577785 36.843702100 128.092711400 295.0820 0.014000 0.014000 0.015000
1776141412254024408 36.843700600 128.092712200 295.1210 0.014000 0.014000 0.017000
1776141412750461105 36.843699000 128.092713000 295.1500 0.014000 0.014000 0.017000
1776141413254962455 36.843697600 128.092713600 295.1480 0.014000 0.014000 0.020000
1776141413739949411 36.843696100 128.092714200 295.1500 0.014000 0.014000 0.019000
1776141414255088801 36.843694500 128.092714900 295.1530 0.014000 0.014000 0.020000
1776141414743105430 36.843693100 128.092715600 295.1520 0.014000 0.014000 0.017000
1776141415254422374 36.843691600 128.092716300 295.1600 0.014000 0.014000 0.019000
1776141415749997023 36.843690200 128.092717000 295.1730 0.014000 0.014000 0.018000
1776141416259523788 36.843688800 128.092717800 295.1930 0.014000 0.014000 0.019000
1776141416745054711 36.843687200 128.092718700 295.2120 0.014000 0.014000 0.021000
1776141417255516962 36.843685800 128.092719200 295.1800 0.014000 0.014000 0.021000
1776141417745289881 36.843684300 128.092720000 295.1870 0.014000 0.014000 0.019000
1776141418252471815 36.843682800 128.092720800 295.2090 0.014000 0.014000 0.021000
1776141418746957825 36.843681400 128.092721500 295.2200 0.014000 0.014000 0.018000
1776141419249995187 36.843679800 128.092722100 295.2250 0.014000 0.014000 0.022000
1776141419746066500 36.843678500 128.092723000 295.2120 0.014000 0.014000 0.020000
1776141420260042087 36.843677100 128.092723600 295.2100 0.014000 0.014000 0.022000
1776141420745688715 36.843675700 128.092724400 295.2400 0.014000 0.014000 0.021000
1776141421256523226 36.843674100 128.092725300 295.2480 0.014000 0.014000 0.023000
1776141421747413174 36.843672600 128.092726200 295.2550 0.014000 0.014000 0.021000
1776141422258072449 36.843671200 128.092726800 295.2380 0.014000 0.014000 0.022000
1776141422743501829 36.843669700 128.092727600 295.2310 0.014000 0.014000 0.019000
1776141423255008807 36.843668300 128.092728500 295.2580 0.014000 0.014000 0.020000
1776141423750012770 36.843666800 128.092729300 295.2550 0.014000 0.014000 0.018000
1776141424253450738 36.843665300 128.092730100 295.2470 0.014000 0.014000 0.018000
1776141424742977546 36.843663800 128.092730800 295.2430 0.014000 0.014000 0.017000
1776141425247538222 36.843662400 128.092731600 295.2410 0.014000 0.014000 0.019000
1776141425746487769 36.843660900 128.092732400 295.2640 0.014000 0.014000 0.019000
1776141426253978353 36.843659300 128.092733400 295.3060 0.014000 0.014000 0.018000
1776141426751387953 36.843658100 128.092734100 295.2730 0.014000 0.014000 0.018000
1776141427248986157 36.843656600 128.092734800 295.2560 0.014000 0.014000 0.019000
1776141427748105765 36.843655100 128.092735800 295.2870 0.014000 0.014000 0.015000
1776141428286458911 36.843653600 128.092736600 295.2980 0.014000 0.014000 0.015000
1776141428772955482 36.843652200 128.092737300 295.2990 0.014000 0.014000 0.016000
1776141429286972596 36.843650800 128.092738100 295.3370 0.014000 0.014000 0.016000
1776141429776900549 36.843649500 128.092738800 295.2910 0.014000 0.014000 0.015000
1776141430290015316 36.843648100 128.092739500 295.2980 0.014000 0.014000 0.015000
1776141430750997554 36.843646600 128.092740500 295.3300 0.014000 0.014000 0.016000
1776141431257104732 36.843645200 128.092741200 295.3150 0.014000 0.014000 0.015000
1776141431740354558 36.843643800 128.092742100 295.3420 0.014000 0.014000 0.014000
1776141432255938213 36.843642300 128.092742800 295.3230 0.014000 0.014000 0.014000
1776141432745937369 36.843640900 128.092743500 295.3540 0.014000 0.014000 0.014000
1776141433254934151 36.843639600 128.092744200 295.3490 0.014000 0.014000 0.014000
1776141433744934383 36.843638100 128.092745200 295.3710 0.014000 0.014000 0.013000
1776141434250435550 36.843636700 128.092745900 295.3810 0.014000 0.014000 0.014000
1776141434743001913 36.843635200 128.092746500 295.3700 0.014000 0.014000 0.014000
1776141435256029932 36.843633700 128.092747200 295.3700 0.014000 0.014000 0.014000
1776141435742042063 36.843632200 128.092748200 295.3840 0.014000 0.014000 0.014000
1776141436249028229 36.843630900 128.092748800 295.3740 0.014000 0.014000 0.016000
1776141436745968321 36.843629300 128.092749800 295.4020 0.014000 0.014000 0.016000
1776141437252408433 36.843628000 128.092750400 295.3830 0.014000 0.014000 0.017000
1776141437742425811 36.843626600 128.092751200 295.3840 0.014000 0.014000 0.017000
1776141438254451348 36.843625200 128.092751800 295.4030 0.014000 0.014000 0.015000
1776141438741959789 36.843623700 128.092752600 295.3900 0.014000 0.014000 0.014000
1776141439255959281 36.843622100 128.092753500 295.4240 0.014000 0.014000 0.014000
1776141439748026662 36.843620500 128.092754400 295.4240 0.014000 0.014000 0.014000
1776141440259308370 36.843618900 128.092755300 295.4230 0.014000 0.014000 0.014000
1776141440745888805 36.843617300 128.092756000 295.4140 0.014000 0.014000 0.015000
1776141441259833657 36.843615700 128.092756900 295.4210 0.014000 0.014000 0.016000
1776141441745933330 36.843614100 128.092757800 295.4360 0.014000 0.014000 0.015000
1776141442254977323 36.843612600 128.092758500 295.4440 0.014000 0.014000 0.016000
1776141442755557984 36.843610900 128.092759400 295.4420 0.014000 0.014000 0.014000
1776141443259339460 36.843609300 128.092760300 295.4550 0.014000 0.014000 0.014000
1776141443748477610 36.843607600 128.092761000 295.4450 0.014000 0.014000 0.015000
1776141444263884730 36.843606200 128.092762000 295.4610 0.014000 0.014000 0.016000
1776141444749483178 36.843604700 128.092762700 295.4610 0.014000 0.014000 0.015000
1776141445252379262 36.843603200 128.092763500 295.4590 0.014000 0.014000 0.015000
1776141445747558108 36.843601800 128.092764200 295.4660 0.014000 0.014000 0.014000
1776141446253402984 36.843600200 128.092765000 295.4560 0.014000 0.014000 0.014000
1776141446748838070 36.843598700 128.092765700 295.4540 0.014000 0.014000 0.014000
1776141447253452559 36.843597200 128.092766500 295.4830 0.014000 0.014000 0.014000
1776141447745828228 36.843595800 128.092767400 295.4710 0.014000 0.014000 0.014000
1776141448259811661 36.843594300 128.092768100 295.4630 0.014000 0.014000 0.015000
1776141448749524145 36.843592800 128.092768700 295.4740 0.014000 0.014000 0.015000
1776141449257529105 36.843591300 128.092769600 295.4940 0.014000 0.014000 0.015000
1776141449743863825 36.843589800 128.092770300 295.4710 0.014000 0.014000 0.014000
1776141450260832096 36.843588200 128.092771100 295.5100 0.014000 0.014000 0.015000
1776141450749260244 36.843586700 128.092771800 295.4970 0.014000 0.014000 0.014000
1776141451257281465 36.843585200 128.092772700 295.5240 0.014000 0.014000 0.015000
1776141451749345689 36.843583900 128.092773300 295.5000 0.014000 0.014000 0.016000
1776141452256303570 36.843582700 128.092774100 295.4910 0.014000 0.014000 0.018000
1776141452750225959 36.843581300 128.092775000 295.4930 0.014000 0.014000 0.018000
1776141453255257029 36.843579800 128.092775800 295.5050 0.014000 0.014000 0.018000
1776141453747762072 36.843578400 128.092776700 295.5160 0.014000 0.014000 0.014000
1776141454251170782 36.843577100 128.092777400 295.5210 0.014000 0.014000 0.015000
1776141454744782745 36.843575700 128.092778300 295.5300 0.014000 0.014000 0.015000
1776141455256236871 36.843574300 128.092779100 295.5420 0.014000 0.014000 0.015000
1776141455743194946 36.843573000 128.092779800 295.5260 0.014000 0.014000 0.015000
1776141456255676108 36.843571600 128.092780500 295.5190 0.014000 0.014000 0.016000
1776141456746166909 36.843570200 128.092781300 295.5200 0.014000 0.014000 0.015000
1776141457261713305 36.843568800 128.092782200 295.5450 0.014000 0.014000 0.016000
1776141457745259645 36.843567300 128.092782900 295.5420 0.014000 0.014000 0.019000
1776141458258259637 36.843565900 128.092783800 295.5390 0.014000 0.014000 0.019000
1776141458739190873 36.843564400 128.092784800 295.5820 0.014000 0.014000 0.015000
1776141459256433532 36.843563000 128.092785500 295.5980 0.014000 0.014000 0.018000
1776141459741662641 36.843561500 128.092786300 295.5820 0.014000 0.014000 0.020000
1776141460262102136 36.843560200 128.092787000 295.6040 0.014000 0.014000 0.022000
1776141460746111489 36.843558800 128.092787800 295.6030 0.014000 0.014000 0.019000
1776141461252143552 36.843557300 128.092788500 295.5930 0.014000 0.014000 0.019000
1776141461748128497 36.843556000 128.092789200 295.6320 0.014000 0.014000 0.019000
1776141462259160237 36.843554500 128.092790100 295.6710 0.014000 0.014000 0.019000
1776141462748604610 36.843553100 128.092790800 295.6360 0.014000 0.014000 0.021000
1776141463252553715 36.843551700 128.092791500 295.6390 0.014000 0.014000 0.020000
1776141463750565982 36.843550500 128.092792200 295.6630 0.014000 0.014000 0.017000
1776141464255771368 36.843549100 128.092793100 295.6520 0.014000 0.014000 0.018000
1776141464753615927 36.843547800 128.092793600 295.6730 0.014000 0.014000 0.017000
1776141465263572059 36.843546300 128.092794500 295.6620 0.014000 0.014000 0.018000
1776141465749955732 36.843545000 128.092795200 295.6360 0.014000 0.014000 0.019000
1776141466261120229 36.843543500 128.092796000 295.6860 0.014000 0.014000 0.019000
1776141466754513737 36.843542100 128.092796800 295.6620 0.014000 0.014000 0.018000
1776141467258030103 36.843540800 128.092797300 295.6570 0.014000 0.014000 0.019000
1776141467745510424 36.843539400 128.092798200 295.6740 0.014000 0.014000 0.018000
1776141468259480890 36.843538100 128.092799100 295.6860 0.014000 0.014000 0.017000
1776141468750093394 36.843536700 128.092800100 295.7070 0.014000 0.014000 0.018000
1776141469256438086 36.843535400 128.092800800 295.7050 0.014000 0.014000 0.018000
1776141469748942593 36.843534200 128.092801600 295.6900 0.014000 0.014000 0.022000
1776141470254046777 36.843532700 128.092802500 295.6880 0.014000 0.014000 0.019000
1776141470749380682 36.843531500 128.092803100 295.6830 0.014000 0.014000 0.017000
1776141471258422780 36.843530200 128.092804100 295.7040 0.014000 0.014000 0.017000
1776141471747026253 36.843529000 128.092804600 295.6900 0.014000 0.014000 0.020000
1776141472251951978 36.843527700 128.092805500 295.7020 0.014000 0.014000 0.021000
1776141472745973881 36.843526400 128.092806100 295.6720 0.014000 0.014000 0.020000
1776141473254450261 36.843525100 128.092807000 295.6800 0.014000 0.014000 0.018000
1776141473745370960 36.843523800 128.092807800 295.6840 0.014000 0.014000 0.019000
1776141474260354446 36.843522700 128.092808500 295.6620 0.014000 0.014000 0.020000
1776141474745380558 36.843521300 128.092809500 295.7430 0.014000 0.014000 0.023000
1776141475257524875 36.843520000 128.092810100 295.7140 0.014000 0.014000 0.025000
1776141475749352161 36.843518700 128.092811000 295.7430 0.014000 0.014000 0.021000
1776141476260896857 36.843517300 128.092811700 295.7620 0.014000 0.014000 0.022000
1776141476744838578 36.843515900 128.092812600 295.7450 0.014000 0.014000 0.019000
1776141477260628794 36.843514500 128.092813400 295.7730 0.014000 0.014000 0.021000
1776141477752348334 36.843513200 128.092814200 295.7440 0.014000 0.014000 0.020000
1776141478257885405 36.843511800 128.092815100 295.7630 0.014000 0.014000 0.018000
1776141478750811585 36.843510400 128.092815800 295.7500 0.014000 0.014000 0.018000
1776141479254796222 36.843509100 128.092816600 295.7260 0.014000 0.014000 0.017000
1776141479747745571 36.843507800 128.092817300 295.7300 0.014000 0.014000 0.016000
1776141480260401712 36.843506300 128.092818100 295.7310 0.014000 0.014000 0.016000
1776141480751834686 36.843505000 128.092818800 295.7220 0.014000 0.014000 0.017000
1776141481257430671 36.843503700 128.092819700 295.7030 0.014000 0.014000 0.019000
1776141481750298946 36.843502500 128.092820400 295.7170 0.014000 0.014000 0.023000
1776141482259706761 36.843501300 128.092821400 295.6980 0.014000 0.014000 0.022000
1776141482749132214 36.843500000 128.092822300 295.6840 0.014000 0.014000 0.022000
1776141483256661209 36.843498800 128.092823000 295.7110 0.014000 0.014000 0.020000
1776141483754754655 36.843497500 128.092824000 295.6880 0.014000 0.014000 0.017000
1776141484260762464 36.843496100 128.092824900 295.7000 0.014000 0.014000 0.017000
1776141484755734061 36.843494700 128.092825800 295.6920 0.014000 0.014000 0.017000
1776141485261315529 36.843493400 128.092826600 295.7000 0.014000 0.014000 0.019000
1776141485746716514 36.843492300 128.092827400 295.7110 0.014000 0.014000 0.018000
1776141486263759671 36.843491000 128.092828400 295.7250 0.014000 0.014000 0.017000
1776141486751824641 36.843489900 128.092829500 295.7200 0.014000 0.014000 0.015000
1776141487262244825 36.843488800 128.092830700 295.7120 0.014000 0.014000 0.016000
1776141487752631379 36.843487400 128.092831900 295.7420 0.014000 0.014000 0.016000
1776141488261604680 36.843486300 128.092832800 295.7430 0.014000 0.014000 0.016000
1776141488753725470 36.843485100 128.092833800 295.7640 0.014000 0.014000 0.014000
1776141489261088730 36.843483800 128.092834800 295.7350 0.014000 0.014000 0.016000
1776141489753122340 36.843482500 128.092836000 295.7660 0.014000 0.014000 0.016000
1776141490255045672 36.843481200 128.092837100 295.7570 0.014000 0.014000 0.022000
1776141490755607275 36.843480000 128.092838200 295.7960 0.014000 0.014000 0.022000
1776141491258690114 36.843478700 128.092839100 295.7720 0.014000 0.014000 0.021000
1776141491749574901 36.843477400 128.092840300 295.8360 0.014000 0.014000 0.016000
1776141492258123527 36.843476100 128.092841300 295.7900 0.014000 0.014000 0.017000
1776141492745666781 36.843474800 128.092842400 295.8020 0.014000 0.014000 0.015000
1776141493257608342 36.843473500 128.092843500 295.8030 0.014000 0.014000 0.016000
1776141493752036479 36.843472100 128.092844600 295.8300 0.014000 0.014000 0.017000
1776141494257563148 36.843470800 128.092845600 295.8220 0.014000 0.014000 0.019000
1776141494747359248 36.843469600 128.092846500 295.8470 0.014000 0.014000 0.018000
1776141495258008256 36.843468300 128.092847600 295.8370 0.014000 0.014000 0.019000
1776141495739972665 36.843467000 128.092848500 295.8620 0.014000 0.014000 0.018000
1776141496253511779 36.843465700 128.092849600 295.8600 0.014000 0.014000 0.019000
1776141496745052283 36.843464500 128.092850600 295.8490 0.014000 0.014000 0.017000
1776141497255028150 36.843463200 128.092851800 295.8600 0.014000 0.014000 0.016000
1776141497746607436 36.843462100 128.092853000 295.8670 0.014000 0.014000 0.015000
1776141498261516533 36.843460900 128.092854200 295.8750 0.014000 0.014000 0.017000
1776141498745654338 36.843459700 128.092855400 295.9130 0.014000 0.014000 0.018000
1776141499250402652 36.843458400 128.092856700 295.9270 0.014000 0.014000 0.016000
1776141499745436742 36.843457300 128.092858000 295.9200 0.014000 0.014000 0.018000
1776141500255200605 36.843456000 128.092859200 295.9150 0.014000 0.014000 0.019000
1776141500753413095 36.843454800 128.092860400 295.9130 0.014000 0.014000 0.016000
1776141501264915522 36.843453500 128.092861700 295.9560 0.014000 0.014000 0.018000
1776141501752911171 36.843452300 128.092863000 295.9600 0.014000 0.014000 0.016000
1776141502257407647 36.843451200 128.092864100 295.9380 0.014000 0.014000 0.016000
1776141502744463115 36.843449900 128.092865300 295.9490 0.014000 0.014000 0.017000
1776141503260299026 36.843448700 128.092866500 295.9500 0.014000 0.014000 0.018000
1776141503748809792 36.843447400 128.092867900 295.9720 0.014000 0.014000 0.016000
1776141504258767418 36.843446300 128.092869100 295.9820 0.014000 0.014000 0.014000
1776141504742814584 36.843445200 128.092870600 295.9800 0.014000 0.014000 0.014000
1776141505249901611 36.843444100 128.092871900 295.9860 0.014000 0.014000 0.014000
1776141505741273980 36.843443000 128.092873200 295.9920 0.014000 0.014000 0.013000
1776141506255834922 36.843441700 128.092874700 295.9680 0.014000 0.014000 0.014000
1776141506752274149 36.843440600 128.092876000 295.9930 0.014000 0.014000 0.014000
1776141507254227866 36.843439500 128.092877400 296.0010 0.014000 0.014000 0.012000
1776141507749855778 36.843438200 128.092878800 296.0070 0.014000 0.014000 0.012000
1776141508255729275 36.843437200 128.092880000 296.0110 0.014000 0.014000 0.013000
1776141508752777566 36.843436100 128.092881500 296.0220 0.014000 0.014000 0.012000
1776141509254173721 36.843434900 128.092882800 296.0200 0.014000 0.014000 0.014000
1776141509750218945 36.843433800 128.092884000 296.0190 0.014000 0.014000 0.012000
1776141510259653763 36.843432700 128.092885300 296.0080 0.014000 0.014000 0.013000
1776141510747691048 36.843431500 128.092886600 296.0270 0.014000 0.014000 0.012000
1776141511263235147 36.843430300 128.092887800 296.0390 0.014000 0.014000 0.013000
1776141511756170498 36.843429200 128.092889100 296.0270 0.014000 0.014000 0.012000
1776141512258664773 36.843428000 128.092890600 296.0490 0.014000 0.014000 0.014000
1776141512748735105 36.843426400 128.092892100 296.0660 0.014000 0.014000 0.015000
1776141513260184777 36.843425000 128.092893700 296.0500 0.014000 0.014000 0.014000
1776141513748220261 36.843423500 128.092895500 296.1050 0.014000 0.014000 0.014000
1776141514262196469 36.843422100 128.092897100 296.1030 0.014000 0.014000 0.013000
1776141514753638380 36.843420500 128.092898800 296.1240 0.014000 0.014000 0.016000
1776141515259875375 36.843419200 128.092899900 296.0890 0.014000 0.014000 0.015000
1776141515752371579 36.843417900 128.092901300 296.1210 0.014000 0.014000 0.016000
1776141516259600153 36.843416500 128.092902800 296.1330 0.014000 0.014000 0.015000
1776141516741122544 36.843415100 128.092904400 296.1650 0.014000 0.014000 0.015000
1776141517249195881 36.843413900 128.092905700 296.2070 0.014000 0.014000 0.016000
1776141517743252626 36.843412500 128.092907500 296.2390 0.014000 0.014000 0.015000
1776141518253076728 36.843411000 128.092909200 296.2510 0.014000 0.014000 0.016000
1776141518745119233 36.843409800 128.092910700 296.2610 0.014000 0.014000 0.018000
1776141519257027020 36.843408400 128.092912500 296.3160 0.014000 0.014000 0.020000
1776141519746095739 36.843407000 128.092914000 296.3610 0.014000 0.014000 0.016000
1776141520259065531 36.843405700 128.092915900 296.4060 0.014000 0.014000 0.017000
1776141520752088428 36.843404500 128.092917200 296.4080 0.014000 0.014000 0.016000
1776141521257618280 36.843403100 128.092918800 296.4400 0.014000 0.014000 0.015000
1776141521746588946 36.843401800 128.092920400 296.4930 0.014000 0.014000 0.013000
1776141522267170267 36.843400400 128.092922000 296.5530 0.014000 0.014000 0.012000
1776141522748956905 36.843399100 128.092923500 296.5890 0.014000 0.014000 0.012000
1776141523258907822 36.843397700 128.092924900 296.6230 0.014000 0.014000 0.012000
1776141523749685572 36.843396600 128.092926300 296.6690 0.014000 0.014000 0.013000
1776141524263300059 36.843395400 128.092927700 296.7150 0.014000 0.014000 0.013000
1776141524753033902 36.843394500 128.092928900 296.7680 0.014000 0.014000 0.014000
1776141525263591923 36.843393300 128.092930100 296.8080 0.014000 0.014000 0.014000
1776141525755921331 36.843392300 128.092931500 296.8530 0.014000 0.014000 0.013000
1776141526256940250 36.843391100 128.092932800 296.8880 0.014000 0.014000 0.013000
1776141526757042473 36.843389800 128.092934300 296.9370 0.014000 0.014000 0.013000
1776141527260918583 36.843388600 128.092935800 296.9550 0.014000 0.014000 0.014000
1776141527748836319 36.843387600 128.092936900 296.9820 0.014000 0.014000 0.016000
1776141528262452888 36.843386300 128.092937900 297.0100 0.014000 0.014000 0.016000
1776141528757165688 36.843385200 128.092938800 297.0520 0.014000 0.014000 0.013000
1776141529264564791 36.843384100 128.092939700 297.0840 0.014000 0.014000 0.015000
1776141529758400729 36.843382100 128.092940600 297.1150 0.014000 0.014000 0.015000
1776141530262341884 36.843380300 128.092941200 297.1200 0.014000 0.014000 0.017000
1776141530744953822 36.843378400 128.092941300 297.1480 0.014000 0.014000 0.015000
1776141531265424725 36.843376500 128.092941000 297.1750 0.014000 0.014000 0.016000
1776141531752792803 36.843374900 128.092940400 297.1910 0.014000 0.014000 0.014000
1776141532262815140 36.843373400 128.092939800 297.1940 0.014000 0.014000 0.015000
1776141532759300387 36.843372000 128.092938800 297.2140 0.014000 0.014000 0.016000
1776141533261829784 36.843370700 128.092937500 297.2430 0.014000 0.014000 0.015000
1776141533754789690 36.843369500 128.092936200 297.2600 0.014000 0.014000 0.015000
1776141534264839331 36.843368600 128.092934700 297.2740 0.014000 0.014000 0.014000
1776141534755355530 36.843367700 128.092933000 297.2970 0.014000 0.014000 0.014000
1776141535256231424 36.843366900 128.092931200 297.3050 0.014000 0.014000 0.014000
1776141535752262147 36.843366200 128.092929500 297.3250 0.014000 0.014000 0.016000
1776141536256857132 36.843365400 128.092927700 297.3660 0.014000 0.014000 0.017000
1776141536753784038 36.843364900 128.092925700 297.3700 0.014000 0.014000 0.016000
1776141537256268750 36.843364300 128.092923900 297.3740 0.014000 0.014000 0.015000
1776141537750723704 36.843363500 128.092922100 297.3760 0.014000 0.014000 0.014000
1776141538262848825 36.843362900 128.092920300 297.3900 0.014000 0.014000 0.014000
1776141538750181469 36.843362300 128.092918500 297.3660 0.014000 0.014000 0.013000
1776141539259647496 36.843361600 128.092916700 297.3940 0.014000 0.014000 0.015000
1776141539747230711 36.843361000 128.092915000 297.4160 0.014000 0.014000 0.015000
1776141540261634122 36.843360400 128.092913100 297.4110 0.014000 0.014000 0.015000
1776141540750630313 36.843359800 128.092911300 297.3950 0.014000 0.014000 0.014000
1776141541260243400 36.843359200 128.092909400 297.4060 0.014000 0.014000 0.015000
1776141541748691179 36.843358500 128.092907700 297.4120 0.014000 0.014000 0.013000
1776141542253154872 36.843357900 128.092905900 297.4280 0.014000 0.014000 0.013000
1776141542752188711 36.843357300 128.092904000 297.4430 0.014000 0.014000 0.012000
1776141543265699909 36.843356600 128.092902100 297.4510 0.014000 0.014000 0.013000
1776141543749615906 36.843356000 128.092900200 297.4540 0.014000 0.014000 0.013000
1776141544257214860 36.843355400 128.092898300 297.4500 0.014000 0.014000 0.012000
1776141544753139752 36.843354700 128.092896500 297.4720 0.014000 0.014000 0.012000
1776141545256611158 36.843354200 128.092894700 297.4710 0.014000 0.014000 0.013000
1776141545749106314 36.843353500 128.092892900 297.4960 0.014000 0.014000 0.012000
1776141546263810789 36.843352900 128.092891100 297.4970 0.014000 0.014000 0.012000
1776141546751712993 36.843352400 128.092889200 297.5070 0.014000 0.014000 0.011000
1776141547264576905 36.843351800 128.092887300 297.5090 0.014000 0.014000 0.012000
1776141547751576623 36.843351200 128.092885500 297.5370 0.014000 0.014000 0.013000
1776141548265163240 36.843350600 128.092883700 297.5390 0.014000 0.014000 0.012000
1776141548748467238 36.843350000 128.092881700 297.5300 0.014000 0.014000 0.012000
1776141549266098310 36.843349400 128.092879900 297.5660 0.014000 0.014000 0.013000
1776141549749967915 36.843348900 128.092877900 297.5580 0.014000 0.014000 0.016000
1776141550260108508 36.843348400 128.092876100 297.5660 0.014000 0.014000 0.015000
1776141550755033241 36.843347700 128.092874200 297.5820 0.014000 0.014000 0.013000
1776141551261028957 36.843347200 128.092872400 297.5700 0.014000 0.014000 0.014000
1776141551755480365 36.843346600 128.092870500 297.5910 0.014000 0.014000 0.014000
1776141552297628460 36.843346100 128.092868500 297.6060 0.014000 0.014000 0.014000
1776141552775994311 36.843345500 128.092866700 297.6290 0.014000 0.014000 0.014000
1776141553257997678 36.843345000 128.092865000 297.6440 0.014000 0.014000 0.015000
1776141553756029706 36.843344400 128.092863000 297.6550 0.014000 0.014000 0.014000
1776141554265419605 36.843343800 128.092861300 297.6850 0.014000 0.014000 0.013000
1776141554754919378 36.843343400 128.092859400 297.6840 0.014000 0.014000 0.014000
1776141555266492695 36.843342900 128.092857500 297.6900 0.014000 0.014000 0.014000
1776141555758982591 36.843342300 128.092855800 297.7200 0.014000 0.014000 0.014000
1776141556263483749 36.843341800 128.092853800 297.7280 0.014000 0.014000 0.015000
1776141556753504682 36.843341300 128.092852000 297.7220 0.014000 0.014000 0.015000
1776141557258933830 36.843340800 128.092850300 297.7420 0.014000 0.014000 0.015000
1776141557747969186 36.843340400 128.092848300 297.7680 0.014000 0.014000 0.015000
1776141558263490119 36.843340000 128.092846600 297.7910 0.014000 0.014000 0.013000
1776141558745900685 36.843339700 128.092844600 297.8050 0.014000 0.014000 0.013000
1776141559253386970 36.843339600 128.092842600 297.7930 0.014000 0.014000 0.013000
1776141559754061933 36.843339400 128.092840700 297.8320 0.014000 0.014000 0.014000
1776141560266825878 36.843339200 128.092839000 297.8120 0.014000 0.014000 0.015000
1776141560754853486 36.843339100 128.092837200 297.8080 0.014000 0.014000 0.016000
1776141561263265370 36.843339300 128.092835200 297.8150 0.014000 0.014000 0.015000
1776141561750657618 36.843339400 128.092833400 297.8190 0.014000 0.014000 0.015000
1776141562257463995 36.843339300 128.092831500 297.8600 0.014000 0.014000 0.015000
1776141562753330393 36.843339600 128.092829600 297.8580 0.014000 0.014000 0.015000
1776141563284811781 36.843340000 128.092827700 297.8600 0.014000 0.014000 0.017000
1776141563773419745 36.843340400 128.092825700 297.8210 0.014000 0.014000 0.015000
1776141564291228896 36.843340700 128.092823800 297.8310 0.014000 0.014000 0.015000
1776141564740256132 36.843340900 128.092821800 297.8390 0.014000 0.014000 0.015000
1776141565255785250 36.843341300 128.092819900 297.8710 0.014000 0.014000 0.015000
1776141565748230803 36.843341700 128.092818100 297.8480 0.014000 0.014000 0.019000
1776141566254194868 36.843342100 128.092816100 297.8120 0.014000 0.014000 0.017000
1776141566734899473 36.843342300 128.092814300 297.8480 0.014000 0.014000 0.015000
1776141567253672443 36.843342700 128.092812400 297.8420 0.014000 0.014000 0.015000
1776141567739629881 36.843343100 128.092810300 297.8290 0.014000 0.014000 0.020000
1776141568252220891 36.843343400 128.092808400 297.8670 0.014000 0.014000 0.019000
1776141568743760700 36.843343600 128.092806700 297.8780 0.014000 0.014000 0.016000
1776141569251349855 36.843344100 128.092804800 297.8720 0.014000 0.014000 0.017000
1776141569744672247 36.843344300 128.092803000 297.8700 0.014000 0.014000 0.016000
1776141570253635190 36.843344800 128.092801200 297.8320 0.014000 0.014000 0.018000
1776141570744620101 36.843345100 128.092799400 297.8610 0.014000 0.014000 0.018000
1776141571253693765 36.843345600 128.092797600 297.8780 0.014000 0.014000 0.018000
1776141571745164049 36.843346000 128.092795700 297.8650 0.014000 0.014000 0.018000
1776141572250622463 36.843346500 128.092793800 297.8940 0.014000 0.014000 0.033000
1776141572746613671 36.843346800 128.092792000 297.9010 0.014000 0.014000 0.026000
1776141573254648722 36.843347300 128.092790200 297.8670 0.014000 0.014000 0.025000
1776141573749026305 36.843347600 128.092788400 297.8190 0.014000 0.014000 0.025000
1776141574253705628 36.843348100 128.092786500 297.8700 0.014000 0.014000 0.030000
1776141574745261890 36.843348500 128.092784400 297.8020 0.014000 0.014000 0.038000
1776141575254552127 36.843349000 128.092782700 297.8040 0.014000 0.014000 0.037000
1776141575737524178 36.843349400 128.092780800 297.8120 0.014000 0.014000 0.031000
1776141576252578407 36.843349900 128.092778900 297.8060 0.014000 0.014000 0.036000
1776141576739537004 36.843350300 128.092777200 297.8130 0.014000 0.014000 0.028000
1776141577248265876 36.843350700 128.092775300 297.7800 0.014000 0.014000 0.031000
1776141577740013567 36.843351200 128.092773600 297.7810 0.014000 0.014000 0.027000
1776141578253565161 36.843351600 128.092771700 297.8420 0.014000 0.014000 0.027000
1776141578738558904 36.843352200 128.092770100 297.7930 0.014000 0.014000 0.029000
1776141579249585331 36.843352800 128.092768300 297.8290 0.014000 0.014000 0.022000
1776141579738215692 36.843353300 128.092766500 297.8060 0.014000 0.014000 0.024000
1776141580247207620 36.843353900 128.092764900 297.8060 0.014000 0.014000 0.023000
1776141580743347905 36.843354400 128.092763000 297.7890 0.014000 0.014000 0.020000
1776141581251503552 36.843354900 128.092761200 297.7920 0.014000 0.014000 0.021000
1776141581740539935 36.843355400 128.092759600 297.7810 0.014000 0.014000 0.023000
1776141582253547371 36.843356000 128.092757800 297.7790 0.014000 0.014000 0.022000
1776141582738093534 36.843356700 128.092756100 297.7690 0.014000 0.014000 0.021000
1776141583249016730 36.843357500 128.092754300 297.7440 0.014000 0.014000 0.018000
1776141583741644079 36.843358300 128.092752700 297.7410 0.014000 0.014000 0.021000
1776141584247585267 36.843359100 128.092751100 297.7660 0.014000 0.014000 0.027000
1776141584744044174 36.843360100 128.092749700 297.7420 0.014000 0.014000 0.024000
1776141585255583606 36.843361200 128.092748300 297.7350 0.014000 0.014000 0.022000
1776141585742125754 36.843362100 128.092746600 297.8030 0.014000 0.014000 0.018000
1776141586254555434 36.843363000 128.092745200 297.7950 0.014000 0.014000 0.021000
1776141586744692133 36.843364000 128.092743500 297.7760 0.014000 0.014000 0.020000
1776141587254535108 36.843364800 128.092742000 297.7800 0.014000 0.014000 0.028000
1776141587742509481 36.843365900 128.092740500 297.7890 0.014000 0.014000 0.024000
1776141588253025617 36.843366800 128.092739000 297.7340 0.014000 0.014000 0.026000
1776141588742720842 36.843367700 128.092737500 297.7210 0.014000 0.014000 0.021000
1776141589248501841 36.843368700 128.092735800 297.7700 0.014000 0.014000 0.026000
1776141589743543145 36.843369700 128.092734200 297.7670 0.014000 0.014000 0.019000
1776141590251503768 36.843370600 128.092732700 297.7950 0.014000 0.014000 0.022000
1776141590749936755 36.843371500 128.092731100 297.7610 0.014000 0.014000 0.021000
1776141591261605082 36.843372600 128.092729500 297.7580 0.014000 0.014000 0.024000
1776141591745492406 36.843373800 128.092728000 297.7700 0.014000 0.014000 0.020000
1776141592249961917 36.843374700 128.092726700 297.8050 0.014000 0.014000 0.020000
1776141592743044107 36.843375900 128.092725300 297.8120 0.014000 0.014000 0.021000
1776141593253655841 36.843377200 128.092723900 297.8150 0.014000 0.014000 0.022000
1776141593738456938 36.843378100 128.092722400 297.7300 0.014000 0.014000 0.019000
1776141594250091162 36.843379400 128.092720900 297.7520 0.014000 0.014000 0.019000
1776141594737059314 36.843380600 128.092719500 297.7010 0.014000 0.014000 0.020000
1776141595244195307 36.843381800 128.092718200 297.6970 0.015000 0.015000 0.031000
1776141595737412845 36.843383200 128.092717500 297.7640 0.014000 0.014000 0.022000
1776141596238985837 36.843384500 128.092716600 297.8490 0.014000 0.014000 0.029000
1776141596730043826 36.843385800 128.092715100 297.6840 0.016000 0.016000 0.032000
1776141597240032395 36.843386900 128.092713900 297.7670 0.018000 0.018000 0.033000
1776141597729665941 36.843388400 128.092713000 297.7780 0.016000 0.016000 0.035000
1776141598232737618 36.843389600 128.092711900 297.7310 0.018000 0.018000 0.047000
1776141598727474385 36.843391000 128.092710500 297.7180 0.022000 0.022000 0.036000
1776141599233462926 36.843392400 128.092709900 297.8070 0.049000 0.049000 0.047000
1776141599728456852 36.843393900 128.092709300 297.7250 0.027000 0.027000 0.031000
1776141600239466984 36.843395400 128.092708300 297.7210 0.027000 0.027000 0.033000
1776141600731058625 36.843396800 128.092707400 297.6900 0.014000 0.014000 0.025000
1776141601242434738 36.843398200 128.092706700 297.7720 0.016000 0.016000 0.030000
1776141601735476577 36.843399500 128.092705300 297.7020 0.014000 0.014000 0.022000
1776141602239428891 36.843401000 128.092704300 297.7150 0.014000 0.014000 0.041000
1776141602727461725 36.843402500 128.092703500 297.8260 0.018000 0.018000 0.049000
1776141603240941205 36.843404000 128.092702900 297.7230 0.018000 0.018000 0.048000
1776141603726174478 36.843405600 128.092702400 297.6140 0.014000 0.014000 0.042000
1776141604237485454 36.843406900 128.092701400 297.8290 0.014000 0.014000 0.059000
1776141604734468072 36.843408400 128.092700500 297.6780 0.014000 0.014000 0.034000
1776141605244453509 36.843409500 128.092699800 297.6540 0.014000 0.014000 0.034000
1776141605728457942 36.843411200 128.092699100 297.6210 0.014000 0.014000 0.025000
1776141606241144601 36.843412700 128.092698200 297.6190 0.014000 0.014000 0.025000
1776141606729621421 36.843414200 128.092697600 297.6010 0.014000 0.014000 0.023000
1776141607234649376 36.843415400 128.092696700 297.6230 0.014000 0.014000 0.025000
1776141607737385689 36.843416900 128.092696000 297.6190 0.014000 0.014000 0.020000
1776141608243975154 36.843418200 128.092695400 297.6530 0.014000 0.014000 0.019000
1776141608735511598 36.843419900 128.092694600 297.6400 0.014000 0.014000 0.018000
1776141609245899903 36.843421200 128.092693800 297.6320 0.014000 0.014000 0.022000
1776141609736975298 36.843422400 128.092692900 297.6420 0.014000 0.014000 0.019000
1776141610245091875 36.843423800 128.092692200 297.6220 0.014000 0.014000 0.018000
1776141610735935601 36.843425100 128.092691400 297.6260 0.014000 0.014000 0.019000
1776141611243465594 36.843426500 128.092690500 297.6110 0.014000 0.014000 0.018000
1776141611729447985 36.843427600 128.092689300 297.5780 0.014000 0.014000 0.018000
1776141612250882226 36.843428800 128.092688400 297.5960 0.014000 0.014000 0.019000
1776141612733440264 36.843430200 128.092687400 297.5600 0.014000 0.014000 0.019000
1776141613246428715 36.843431500 128.092686400 297.5940 0.014000 0.014000 0.019000
1776141613741371594 36.843432800 128.092685400 297.5700 0.014000 0.014000 0.016000
1776141614247902806 36.843434000 128.092684500 297.5810 0.014000 0.014000 0.018000
1776141614737348214 36.843435700 128.092683400 297.6770 0.014000 0.014000 0.016000
1776141615249972302 36.843437200 128.092682500 297.6790 0.016000 0.016000 0.018000
1776141615737404601 36.843438400 128.092681600 297.6950 0.014000 0.014000 0.015000
1776141616245458305 36.843439700 128.092680700 297.6790 0.014000 0.014000 0.015000
1776141616738897573 36.843441100 128.092679700 297.6590 0.014000 0.014000 0.014000
1776141617242044750 36.843442300 128.092678800 297.6650 0.014000 0.014000 0.014000
1776141617736343316 36.843443600 128.092677900 297.6730 0.014000 0.014000 0.015000
1776141618250341844 36.843445100 128.092677000 297.6720 0.014000 0.014000 0.016000
1776141618737858818 36.843446400 128.092676200 297.6820 0.014000 0.014000 0.015000
1776141619247840691 36.843448000 128.092675200 297.6810 0.014000 0.014000 0.015000
1776141619739446890 36.843449100 128.092674300 297.6700 0.014000 0.014000 0.014000
1776141620248891867 36.843450400 128.092673300 297.6720 0.014000 0.014000 0.014000
1776141620738136796 36.843451700 128.092672200 297.6710 0.014000 0.014000 0.017000
1776141621256443288 36.843453100 128.092671200 297.6610 0.014000 0.014000 0.018000
1776141621738297439 36.843454200 128.092670200 297.6450 0.014000 0.014000 0.016000
1776141622254163249 36.843455600 128.092669200 297.6580 0.014000 0.014000 0.016000
1776141622741827568 36.843457000 128.092668100 297.6360 0.014000 0.014000 0.018000
1776141623251454453 36.843458300 128.092667200 297.6410 0.014000 0.014000 0.017000
1776141623741920568 36.843459700 128.092666100 297.6370 0.014000 0.014000 0.021000
1776141624256465131 36.843461400 128.092665100 297.6570 0.015000 0.015000 0.022000
1776141624740882284 36.843462900 128.092664100 297.6410 0.016000 0.016000 0.025000
1776141625247767744 36.843464300 128.092663000 297.6180 0.017000 0.017000 0.027000
1776141625738329100 36.843465500 128.092662100 297.6490 0.014000 0.014000 0.024000
1776141626245427891 36.843467000 128.092661100 297.6600 0.015000 0.015000 0.029000
1776141626734658167 36.843468000 128.092660100 297.6600 0.016000 0.016000 0.027000
1776141627243384019 36.843469400 128.092659100 297.6570 0.016000 0.016000 0.024000
1776141627734325338 36.843470900 128.092658100 297.6560 0.014000 0.014000 0.024000
1776141628245316552 36.843472200 128.092657200 297.6380 0.019000 0.019000 0.024000
1776141628735847379 36.843473500 128.092656100 297.6200 0.016000 0.016000 0.020000
1776141629245389721 36.843474700 128.092655100 297.6220 0.014000 0.014000 0.017000
1776141629736380958 36.843476500 128.092654100 297.6210 0.015000 0.015000 0.024000
1776141630248291670 36.843477800 128.092653200 297.6350 0.015000 0.015000 0.024000
1776141630734833238 36.843479300 128.092652300 297.6120 0.015000 0.015000 0.024000
1776141631245332242 36.843480700 128.092651300 297.6060 0.016000 0.016000 0.024000
1776141631738886331 36.843482100 128.092650500 297.6160 0.015000 0.015000 0.020000
1776141632241122058 36.843483500 128.092649500 297.5920 0.014000 0.014000 0.019000
1776141632742309389 36.843484800 128.092648600 297.6280 0.016000 0.016000 0.018000
1776141633249840186 36.843486100 128.092647700 297.6180 0.015000 0.015000 0.019000
1776141633737394178 36.843487500 128.092646700 297.5950 0.015000 0.015000 0.018000
1776141634245822391 36.843489000 128.092645900 297.6260 0.014000 0.014000 0.016000
1776141634741331101 36.843490300 128.092644900 297.5810 0.014000 0.014000 0.015000
1776141635246929256 36.843491700 128.092644000 297.6170 0.014000 0.014000 0.015000
1776141635739549304 36.843493100 128.092643200 297.6170 0.014000 0.014000 0.014000
1776141636252791711 36.843494400 128.092642300 297.5930 0.014000 0.014000 0.014000
1776141636735289369 36.843495900 128.092641300 297.5760 0.014000 0.014000 0.014000
1776141637247707949 36.843497100 128.092640600 297.5950 0.014000 0.014000 0.014000
1776141637740799638 36.843498500 128.092639700 297.5800 0.014000 0.014000 0.013000
1776141638250855697 36.843500000 128.092638900 297.5800 0.014000 0.014000 0.014000
1776141638740903902 36.843501200 128.092638000 297.5870 0.014000 0.014000 0.018000
1776141639255844252 36.843502400 128.092637100 297.5570 0.014000 0.014000 0.019000
1776141639744268325 36.843503700 128.092636100 297.5620 0.014000 0.014000 0.014000
1776141640247210820 36.843505100 128.092635200 297.5640 0.014000 0.014000 0.013000
1776141640737719607 36.843506400 128.092634100 297.5490 0.014000 0.014000 0.013000
1776141641245301301 36.843507800 128.092633300 297.5590 0.014000 0.014000 0.014000
1776141641741792442 36.843509100 128.092632300 297.5380 0.014000 0.014000 0.015000
1776141642254877188 36.843510400 128.092631300 297.5300 0.014000 0.014000 0.015000
1776141642741864042 36.843512000 128.092630500 297.5270 0.014000 0.014000 0.015000
1776141643247724077 36.843513400 128.092629500 297.5330 0.014000 0.014000 0.014000
1776141643746278038 36.843514600 128.092628600 297.5320 0.014000 0.014000 0.013000
1776141644252356071 36.843516100 128.092627700 297.5040 0.014000 0.014000 0.014000
1776141644744221331 36.843517400 128.092626600 297.5080 0.014000 0.014000 0.015000
1776141645254412859 36.843518700 128.092625600 297.5180 0.014000 0.014000 0.016000
1776141645735372859 36.843520100 128.092624500 297.5280 0.014000 0.014000 0.014000
1776141646246827061 36.843521400 128.092623500 297.5070 0.014000 0.014000 0.013000
1776141646742310257 36.843522800 128.092622600 297.5520 0.014000 0.014000 0.013000
1776141647250229523 36.843524000 128.092621700 297.5360 0.014000 0.014000 0.014000
1776141647737466666 36.843525300 128.092620500 297.4940 0.014000 0.014000 0.015000
1776141648251275118 36.843526600 128.092619700 297.5060 0.014000 0.014000 0.014000
1776141648740199612 36.843527800 128.092618700 297.5270 0.014000 0.014000 0.017000
1776141649246843388 36.843529100 128.092617800 297.5090 0.014000 0.014000 0.017000
1776141649740788487 36.843530400 128.092616800 297.5000 0.014000 0.014000 0.013000
1776141650249252630 36.843531800 128.092615800 297.4990 0.014000 0.014000 0.014000
1776141650736767004 36.843533200 128.092614800 297.4740 0.014000 0.014000 0.015000
1776141651253221800 36.843534600 128.092613900 297.5100 0.014000 0.014000 0.016000
1776141651744258449 36.843536000 128.092612900 297.5110 0.014000 0.014000 0.014000
1776141652249909565 36.843537200 128.092611900 297.4920 0.014000 0.014000 0.016000
1776141652739760052 36.843538800 128.092610800 297.4570 0.014000 0.014000 0.014000
1776141653250222592 36.843540200 128.092609800 297.4790 0.014000 0.014000 0.015000
1776141653742885286 36.843541600 128.092608800 297.4770 0.014000 0.014000 0.014000
1776141654255788360 36.843543000 128.092607900 297.4540 0.014000 0.014000 0.014000
1776141654744233901 36.843544300 128.092606800 297.4640 0.014000 0.014000 0.013000
1776141655248873759 36.843545400 128.092605600 297.4620 0.014000 0.014000 0.012000
1776141655745776814 36.843546900 128.092604400 297.4400 0.014000 0.014000 0.014000
1776141656251294116 36.843548200 128.092603300 297.4640 0.014000 0.014000 0.014000
1776141656738128869 36.843549500 128.092602100 297.4530 0.014000 0.014000 0.015000
1776141657273385443 36.843550800 128.092601100 297.4700 0.014000 0.014000 0.015000
1776141657762832060 36.843552300 128.092599900 297.4500 0.014000 0.014000 0.015000
1776141658277749531 36.843553600 128.092598800 297.4570 0.014000 0.014000 0.015000
1776141658739701059 36.843555000 128.092597600 297.4550 0.014000 0.014000 0.014000
1776141659249196861 36.843556500 128.092596400 297.4390 0.014000 0.014000 0.015000
1776141659736722064 36.843557800 128.092595300 297.4400 0.014000 0.014000 0.015000
1776141660249191261 36.843559200 128.092594100 297.4210 0.014000 0.014000 0.015000
1776141660735784009 36.843560600 128.092593100 297.4180 0.014000 0.014000 0.014000
1776141661239219799 36.843562200 128.092592000 297.4220 0.014000 0.014000 0.014000
1776141661738708321 36.843563500 128.092590800 297.4070 0.014000 0.014000 0.015000
1776141662246180921 36.843565000 128.092589800 297.3950 0.014000 0.014000 0.015000
1776141662737614964 36.843566400 128.092588600 297.4040 0.014000 0.014000 0.015000
1776141663248686423 36.843567900 128.092587500 297.3980 0.014000 0.014000 0.015000
1776141663736847916 36.843569200 128.092586400 297.4120 0.014000 0.014000 0.015000
1776141664256182119 36.843570600 128.092585200 297.3870 0.014000 0.014000 0.015000
1776141664743154765 36.843572200 128.092584200 297.4070 0.014000 0.014000 0.015000
1776141665250131607 36.843573500 128.092583000 297.3830 0.014000 0.014000 0.015000
1776141665737237856 36.843574900 128.092581800 297.3420 0.014000 0.014000 0.015000
1776141666251807986 36.843576500 128.092580700 297.3680 0.014000 0.014000 0.015000
1776141666738681472 36.843577900 128.092579600 297.3660 0.014000 0.014000 0.015000
1776141667247099738 36.843579500 128.092578600 297.3350 0.014000 0.014000 0.015000
1776141667742670115 36.843580900 128.092577400 297.3310 0.014000 0.014000 0.014000
1776141668245688697 36.843582200 128.092576200 297.3440 0.014000 0.014000 0.015000
1776141668736214446 36.843583800 128.092575100 297.3530 0.014000 0.014000 0.015000
1776141669243151807 36.843585300 128.092574000 297.3100 0.014000 0.014000 0.016000
1776141669736627458 36.843586600 128.092572800 297.2930 0.014000 0.014000 0.016000
1776141670241193533 36.843588100 128.092571600 297.2780 0.014000 0.014000 0.017000
1776141670740762217 36.843589400 128.092570400 297.2820 0.014000 0.014000 0.015000
1776141671243665730 36.843590900 128.092569300 297.2640 0.014000 0.014000 0.015000
1776141671738759484 36.843592500 128.092568000 297.2530 0.014000 0.014000 0.016000
1776141672249641742 36.843593800 128.092566900 297.2450 0.014000 0.014000 0.016000
1776141672737628197 36.843595300 128.092565700 297.2250 0.014000 0.014000 0.016000
1776141673243137456 36.843596800 128.092564500 297.2330 0.014000 0.014000 0.016000
1776141673746106718 36.843598300 128.092563400 297.2020 0.014000 0.014000 0.015000
1776141674246682168 36.843599800 128.092562300 297.2200 0.014000 0.014000 0.017000
1776141674733317716 36.843601200 128.092561200 297.2030 0.014000 0.014000 0.015000
1776141675245662726 36.843602700 128.092560000 297.1780 0.014000 0.014000 0.016000
1776141675735128486 36.843603900 128.092559000 297.1660 0.014000 0.014000 0.014000
1776141676247366312 36.843605200 128.092557800 297.1230 0.014000 0.014000 0.014000
1776141676738116425 36.843607000 128.092556600 297.0720 0.014000 0.014000 0.032000
1776141677247134796 36.843608500 128.092555500 297.0850 0.014000 0.014000 0.033000
1776141677734199089 36.843609900 128.092554600 297.0930 0.014000 0.014000 0.021000
1776141678248589611 36.843611200 128.092553400 297.0840 0.014000 0.014000 0.021000
1776141678738636612 36.843613000 128.092552300 297.1090 0.014000 0.014000 0.014000
1776141679245299892 36.843614400 128.092551300 297.0820 0.014000 0.014000 0.015000
1776141679743633200 36.843615700 128.092550200 297.0670 0.014000 0.014000 0.014000
1776141680247126444 36.843617100 128.092549200 297.0350 0.014000 0.014000 0.015000
1776141680743626726 36.843618600 128.092548100 297.0530 0.014000 0.014000 0.016000
1776141681251658199 36.843620100 128.092547100 297.0380 0.014000 0.014000 0.019000
1776141681740145917 36.843621500 128.092545900 297.0040 0.014000 0.014000 0.021000
1776141682251120964 36.843622900 128.092544900 296.9820 0.014000 0.014000 0.019000
1776141682742028470 36.843624500 128.092543900 296.9950 0.014000 0.014000 0.017000
1776141683249004284 36.843625900 128.092542800 296.9790 0.014000 0.014000 0.018000
1776141683736032733 36.843627500 128.092541800 296.9350 0.014000 0.014000 0.017000
1776141684250116238 36.843629100 128.092540600 296.9870 0.014000 0.014000 0.018000
1776141684741568666 36.843630200 128.092539400 296.9790 0.014000 0.014000 0.016000
1776141685246641266 36.843631700 128.092538200 296.9780 0.014000 0.014000 0.014000
1776141685738023838 36.843633100 128.092537000 296.9360 0.014000 0.014000 0.015000
1776141686254903501 36.843634700 128.092535900 296.9180 0.014000 0.014000 0.017000
1776141686739738588 36.843636200 128.092534700 296.9160 0.014000 0.014000 0.016000
1776141687247041303 36.843637500 128.092533300 296.9020 0.014000 0.014000 0.016000
1776141687737072813 36.843639000 128.092532200 296.8910 0.014000 0.014000 0.019000
1776141688245559962 36.843640400 128.092531000 296.8700 0.014000 0.014000 0.019000
1776141688739582530 36.843641900 128.092529900 296.8300 0.014000 0.014000 0.017000
1776141689248200457 36.843643100 128.092528800 296.8080 0.014000 0.014000 0.018000
1776141689742627813 36.843644700 128.092527600 296.7770 0.014000 0.014000 0.018000
1776141690251654578 36.843646300 128.092526300 296.7910 0.014000 0.014000 0.022000
1776141690737627036 36.843647700 128.092525300 296.7710 0.014000 0.014000 0.021000
1776141691248573080 36.843649100 128.092523700 296.8540 0.020000 0.020000 0.056000
1776141691739674641 36.843650800 128.092522800 296.8090 0.014000 0.014000 0.031000
1776141692247979339 36.843652100 128.092521700 296.7760 0.014000 0.014000 0.031000
1776141692734685517 36.843653500 128.092520600 296.7150 0.014000 0.014000 0.031000
1776141693245047229 36.843655000 128.092519700 296.6950 0.014000 0.014000 0.037000
1776141693734143896 36.843656600 128.092518300 296.6690 0.014000 0.014000 0.029000
1776141694241073587 36.843658100 128.092517200 296.7160 0.014000 0.014000 0.036000
1776141694732502033 36.843659700 128.092516100 296.7170 0.014000 0.014000 0.045000
1776141695246116980 36.843661000 128.092515200 296.7040 0.015000 0.015000 0.056000
1776141695730001702 36.843662600 128.092514100 296.5820 0.014000 0.014000 0.042000
1776141696241952174 36.843664000 128.092513100 296.6360 0.015000 0.015000 0.040000
1776141696728006293 36.843665700 128.092512300 296.6090 0.014000 0.014000 0.027000
1776141697240469233 36.843667300 128.092511300 296.5720 0.015000 0.015000 0.031000
1776141697737489088 36.843668700 128.092510200 296.5170 0.014000 0.014000 0.024000
1776141698242620448 36.843670400 128.092509300 296.5150 0.014000 0.014000 0.028000
1776141698732072010 36.843671800 128.092508200 296.4910 0.014000 0.014000 0.032000
1776141699242691140 36.843673300 128.092507200 296.4510 0.014000 0.014000 0.030000
1776141699735491116 36.843674900 128.092506200 296.4120 0.014000 0.014000 0.027000
1776141700246537887 36.843676600 128.092505300 296.4430 0.014000 0.014000 0.028000
1776141700736510103 36.843678200 128.092504200 296.4380 0.014000 0.014000 0.018000
1776141701244495353 36.843679900 128.092503200 296.4300 0.014000 0.014000 0.019000
1776141701732190505 36.843681400 128.092502300 296.4040 0.014000 0.014000 0.018000
1776141702245012110 36.843682900 128.092501300 296.4130 0.014000 0.014000 0.042000
1776141702733007645 36.843684800 128.092500300 296.3240 0.014000 0.014000 0.031000
1776141703246051471 36.843686300 128.092499500 296.3720 0.014000 0.014000 0.029000
1776141703737996747 36.843688000 128.092498500 296.3200 0.014000 0.014000 0.021000
1776141704245594236 36.843689900 128.092497700 296.3310 0.014000 0.014000 0.024000
1776141704736771505 36.843691300 128.092496700 296.3210 0.014000 0.014000 0.020000
1776141705248450770 36.843692900 128.092495900 296.2840 0.014000 0.014000 0.022000
1776141705734455212 36.843694600 128.092494900 296.2920 0.014000 0.014000 0.021000
1776141706241527548 36.843696200 128.092493900 296.2560 0.014000 0.014000 0.021000
1776141706737029216 36.843698000 128.092493000 296.2680 0.014000 0.014000 0.019000
1776141707246031319 36.843699600 128.092492000 296.2710 0.014000 0.014000 0.017000
1776141707737439741 36.843701400 128.092491000 296.2370 0.014000 0.014000 0.019000
1776141708255487883 36.843703000 128.092490100 296.1630 0.014000 0.014000 0.020000
1776141708737046174 36.843704600 128.092489200 296.1600 0.014000 0.014000 0.018000
1776141709251488269 36.843706400 128.092488300 296.1430 0.014000 0.014000 0.026000
1776141709735680358 36.843707900 128.092487400 296.1440 0.014000 0.014000 0.025000
1776141710242999266 36.843709900 128.092486500 296.0860 0.014000 0.014000 0.025000
1776141710728969317 36.843711500 128.092485400 296.0810 0.014000 0.014000 0.025000
1776141711246947661 36.843713000 128.092484200 296.0620 0.014000 0.014000 0.025000
1776141711734565487 36.843714600 128.092483000 296.0290 0.014000 0.014000 0.023000
1776141712238468076 36.843716300 128.092481900 295.9780 0.014000 0.014000 0.033000
1776141712733959900 36.843718100 128.092480800 295.9560 0.014000 0.014000 0.025000
1776141713238219170 36.843719600 128.092479900 295.9520 0.014000 0.014000 0.030000
1776141713735466124 36.843721500 128.092478600 295.9310 0.014000 0.014000 0.030000
1776141714245766667 36.843723300 128.092477300 295.8870 0.014000 0.014000 0.027000
1776141714735034093 36.843724900 128.092476700 295.9080 0.014000 0.014000 0.025000
1776141715238551560 36.843726500 128.092475600 295.8910 0.014000 0.014000 0.025000
1776141715732090946 36.843728300 128.092474400 295.8980 0.014000 0.014000 0.018000
1776141716246930859 36.843730100 128.092473200 295.8260 0.014000 0.014000 0.020000
1776141716735431360 36.843731800 128.092472200 295.8480 0.014000 0.014000 0.021000
1776141717247159407 36.843733700 128.092471300 295.8550 0.014000 0.014000 0.024000
1776141717737014134 36.843735400 128.092470200 295.8080 0.014000 0.014000 0.021000
1776141718243480532 36.843736900 128.092469200 295.7780 0.014000 0.014000 0.022000
1776141718734993044 36.843739100 128.092468200 295.7810 0.014000 0.014000 0.021000
1776141719243925945 36.843740800 128.092467200 295.7830 0.014000 0.014000 0.021000
1776141719727403628 36.843742400 128.092466100 295.7080 0.014000 0.014000 0.021000
1776141720244648146 36.843744100 128.092465200 295.6910 0.014000 0.014000 0.020000
1776141720730921850 36.843745600 128.092464400 295.6860 0.014000 0.014000 0.019000
1776141721243424221 36.843747500 128.092463400 295.6780 0.014000 0.014000 0.019000
1776141721737889150 36.843749200 128.092462200 295.6700 0.014000 0.014000 0.019000
1776141722242513330 36.843750800 128.092460800 295.5990 0.014000 0.014000 0.019000
1776141722736420078 36.843752500 128.092459800 295.5950 0.014000 0.014000 0.019000
1776141723248409879 36.843754200 128.092458500 295.5590 0.014000 0.014000 0.019000
1776141723737398569 36.843755800 128.092457500 295.5400 0.014000 0.014000 0.020000
1776141724245529602 36.843757400 128.092456200 295.5220 0.014000 0.014000 0.021000
1776141724738449680 36.843758800 128.092455200 295.4980 0.016000 0.016000 0.018000
1776141725241875707 36.843760400 128.092454100 295.4480 0.015000 0.015000 0.018000
1776141725734470536 36.843762300 128.092452900 295.4420 0.014000 0.014000 0.017000
1776141726248426697 36.843764100 128.092451800 295.4170 0.014000 0.014000 0.018000
1776141726733561026 36.843765500 128.092450900 295.3940 0.014000 0.014000 0.017000
1776141727245528642 36.843767200 128.092449800 295.3940 0.014000 0.014000 0.016000
1776141727738931894 36.843768800 128.092448600 295.3750 0.014000 0.014000 0.017000
1776141728247311878 36.843770600 128.092447500 295.3410 0.014000 0.014000 0.017000
1776141728739524983 36.843772300 128.092446500 295.3190 0.014000 0.014000 0.017000
1776141729248412795 36.843774100 128.092445400 295.3330 0.014000 0.014000 0.017000
1776141729737892667 36.843775600 128.092444500 295.2970 0.014000 0.014000 0.016000
1776141730246424172 36.843777400 128.092443500 295.2930 0.014000 0.014000 0.015000
1776141730735951760 36.843779100 128.092442400 295.2980 0.014000 0.014000 0.015000
1776141731245408522 36.843780700 128.092441400 295.2470 0.017000 0.017000 0.017000
1776141731733907153 36.843782300 128.092440500 295.2370 0.014000 0.014000 0.016000
1776141732249214883 36.843783900 128.092439500 295.2180 0.014000 0.014000 0.017000
1776141732732419100 36.843785600 128.092438400 295.2000 0.014000 0.014000 0.016000
1776141733239335886 36.843787200 128.092437200 295.2000 0.014000 0.014000 0.016000
1776141733736923328 36.843788600 128.092435900 295.1720 0.014000 0.014000 0.016000
1776141734244397310 36.843790100 128.092434800 295.1380 0.014000 0.014000 0.017000
1776141734736336783 36.843791800 128.092433500 295.1440 0.014000 0.014000 0.019000
1776141735251379242 36.843793400 128.092432200 295.0890 0.014000 0.014000 0.019000
1776141735737820142 36.843794900 128.092431100 295.0660 0.014000 0.014000 0.016000
1776141736243460825 36.843796400 128.092429600 295.0510 0.014000 0.014000 0.016000
1776141736737459424 36.843797800 128.092428400 295.0380 0.014000 0.014000 0.015000
1776141737246557548 36.843799200 128.092427000 295.0150 0.014000 0.014000 0.017000
1776141737736496902 36.843800800 128.092425700 295.0110 0.014000 0.014000 0.018000
1776141738245405063 36.843802300 128.092424600 295.0040 0.014000 0.014000 0.017000
1776141738735911781 36.843803800 128.092423100 294.9420 0.014000 0.014000 0.015000
1776141739248340630 36.843805400 128.092421800 294.9460 0.014000 0.014000 0.017000
1776141739739398006 36.843807000 128.092420600 294.9480 0.014000 0.014000 0.016000
1776141740246324922 36.843808500 128.092419400 294.9110 0.014000 0.014000 0.016000
1776141740735402994 36.843809800 128.092418100 294.8900 0.014000 0.014000 0.016000
1776141741243935304 36.843811600 128.092416800 294.8850 0.014000 0.014000 0.017000
1776141741735813911 36.843813000 128.092415500 294.8470 0.014000 0.014000 0.017000
1776141742242142968 36.843814800 128.092414300 294.8450 0.014000 0.014000 0.017000
1776141742741861237 36.843816300 128.092413100 294.8390 0.014000 0.014000 0.017000
1776141743247000565 36.843817900 128.092411700 294.8250 0.014000 0.014000 0.016000
1776141743737321475 36.843819200 128.092410700 294.8070 0.014000 0.014000 0.015000
1776141744253299335 36.843820800 128.092409600 294.8200 0.014000 0.014000 0.015000
1776141744739388724 36.843822400 128.092408400 294.7770 0.014000 0.014000 0.015000
1776141745247771163 36.843823700 128.092407300 294.7500 0.014000 0.014000 0.015000
1776141745737263646 36.843825000 128.092406300 294.7200 0.014000 0.014000 0.015000
1776141746242360532 36.843826500 128.092405200 294.6930 0.014000 0.014000 0.016000
1776141746730289871 36.843828000 128.092404100 294.7300 0.014000 0.014000 0.016000
1776141747242451304 36.843829400 128.092402900 294.7050 0.014000 0.014000 0.016000
1776141747731352392 36.843830800 128.092401900 294.6530 0.014000 0.014000 0.015000
1776141748239737979 36.843832300 128.092400800 294.6330 0.014000 0.014000 0.017000
1776141748732812330 36.843833800 128.092399700 294.6260 0.014000 0.014000 0.019000
1776141749240278347 36.843835200 128.092398700 294.6130 0.014000 0.014000 0.020000
1776141749733781909 36.843836600 128.092397400 294.5550 0.014000 0.014000 0.019000
1776141750244776486 36.843838000 128.092396400 294.5510 0.014000 0.014000 0.022000
1776141750737791270 36.843839400 128.092395300 294.5520 0.015000 0.015000 0.026000
1776141751235833577 36.843840800 128.092394500 294.5550 0.014000 0.014000 0.023000
1776141751733810853 36.843842300 128.092393400 294.4960 0.014000 0.014000 0.017000
1776141752242801086 36.843843600 128.092392400 294.5000 0.014000 0.014000 0.019000
1776141752731305381 36.843845300 128.092391300 294.4790 0.014000 0.014000 0.017000
1776141753246769386 36.843846900 128.092390400 294.4380 0.014000 0.014000 0.017000
1776141753732404834 36.843848300 128.092389200 294.4520 0.014000 0.014000 0.017000
1776141754240878483 36.843849800 128.092388200 294.4500 0.014000 0.014000 0.018000
1776141754739468111 36.843851300 128.092387300 294.4430 0.014000 0.014000 0.017000
1776141755241987122 36.843852800 128.092386000 294.3810 0.014000 0.014000 0.017000
1776141755726301866 36.843854200 128.092384800 294.3600 0.015000 0.015000 0.025000
1776141756246291980 36.843855600 128.092383800 294.3430 0.016000 0.016000 0.025000
1776141756730471088 36.843857100 128.092383300 294.3180 0.016000 0.016000 0.024000
1776141757241256478 36.843858500 128.092382400 294.2190 0.017000 0.017000 0.026000
1776141757730713531 36.843860000 128.092381200 294.2000 0.014000 0.014000 0.034000
1776141758241875443 36.843861600 128.092380200 294.2820 0.014000 0.014000 0.032000
1776141758730431576 36.843863300 128.092379100 294.1940 0.014000 0.014000 0.025000
1776141759239216621 36.843864800 128.092378200 294.2010 0.014000 0.014000 0.026000
1776141759732545244 36.843866300 128.092377200 294.1600 0.014000 0.014000 0.019000
1776141760237268286 36.843867900 128.092376100 294.1540 0.014000 0.014000 0.019000
1776141760729188537 36.843869600 128.092375300 294.1460 0.014000 0.014000 0.020000
1776141761236880307 36.843871000 128.092374400 294.1140 0.015000 0.015000 0.025000
1776141761732219721 36.843872800 128.092373100 294.0830 0.014000 0.014000 0.020000
1776141762242044574 36.843874300 128.092372400 294.0770 0.014000 0.014000 0.020000
1776141762727812836 36.843875900 128.092371200 294.0720 0.014000 0.014000 0.017000
1776141763240398820 36.843877400 128.092370500 294.0370 0.014000 0.014000 0.018000
1776141763739836841 36.843879000 128.092369400 294.0440 0.014000 0.014000 0.019000
1776141764244241789 36.843880600 128.092368500 294.0330 0.014000 0.014000 0.018000
1776141764727462709 36.843882200 128.092367400 293.9700 0.014000 0.014000 0.017000
1776141765241731755 36.843883800 128.092366500 293.9900 0.014000 0.014000 0.019000
1776141765732991056 36.843885000 128.092365700 293.9490 0.014000 0.014000 0.017000
1776141766241254196 36.843887100 128.092364600 293.9190 0.014000 0.014000 0.018000
1776141766734325525 36.843888000 128.092363800 293.8970 0.014000 0.014000 0.019000
1776141767244275873 36.843889500 128.092362900 293.8600 0.017000 0.017000 0.019000
1776141767733210366 36.843891300 128.092362200 293.8710 0.014000 0.014000 0.017000
1776141768246206609 36.843892800 128.092361200 293.8520 0.015000 0.015000 0.017000
1776141768733207613 36.843894700 128.092360100 293.7930 0.014000 0.014000 0.016000
1776141769239664985 36.843896200 128.092359300 293.7870 0.014000 0.014000 0.020000
1776141769737677245 36.843897900 128.092358200 293.7570 0.014000 0.014000 0.016000
1776141770245217431 36.843899400 128.092357300 293.7530 0.023000 0.023000 0.018000
1776141770734275480 36.843900600 128.092356400 293.7110 0.019000 0.019000 0.015000
1776141771243324105 36.843902200 128.092355400 293.6920 0.019000 0.019000 0.016000
1776141771732294932 36.843903500 128.092354800 293.7010 0.015000 0.015000 0.015000
1776141772240750607 36.843905200 128.092353900 293.6740 0.015000 0.015000 0.017000
1776141772735723223 36.843906700 128.092353000 293.6490 0.016000 0.016000 0.016000
1776141773248728003 36.843908100 128.092352200 293.6360 0.015000 0.015000 0.016000
1776141773732308018 36.843909800 128.092351400 293.6100 0.014000 0.014000 0.016000
1776141774244676720 36.843911100 128.092350800 293.6180 0.014000 0.014000 0.016000
1776141774735539068 36.843912900 128.092350000 293.6320 0.014000 0.014000 0.020000
1776141775241638693 36.843914500 128.092349000 293.5990 0.014000 0.014000 0.021000
1776141775737303326 36.843915800 128.092348200 293.5690 0.015000 0.015000 0.016000
1776141776247232531 36.843917100 128.092347600 293.5790 0.020000 0.020000 0.018000
1776141776733988429 36.843919200 128.092346800 293.5600 0.017000 0.017000 0.026000
1776141777243242328 36.843920400 128.092346200 293.4920 0.018000 0.018000 0.026000
1776141777738121664 36.843921900 128.092345800 293.5160 0.015000 0.015000 0.017000
1776141778236111359 36.843923400 128.092345200 293.4330 0.018000 0.018000 0.021000
1776141778734121309 36.843924900 128.092345500 293.4380 0.017000 0.017000 0.020000
1776141779243657288 36.843926600 128.092345400 293.4760 0.015000 0.015000 0.016000
1776141779732702426 36.843928700 128.092345200 293.4330 0.014000 0.014000 0.017000
1776141780249135341 36.843930400 128.092345100 293.4430 0.015000 0.015000 0.017000
1776141780733639737 36.843931700 128.092345000 293.4520 0.014000 0.014000 0.017000
1776141781241134494 36.843933200 128.092345200 293.4150 0.014000 0.014000 0.016000
1776141781734145978 36.843934800 128.092345100 293.3980 0.014000 0.014000 0.016000
1776141782243201202 36.843936300 128.092345600 293.3760 0.014000 0.014000 0.016000
1776141782733094457 36.843938100 128.092346200 293.3800 0.014000 0.014000 0.015000
1776141783243173839 36.843939400 128.092347300 293.3470 0.014000 0.014000 0.014000
1776141783736105912 36.843940800 128.092348400 293.3340 0.014000 0.014000 0.013000
1776141784242642838 36.843942000 128.092349600 293.3440 0.014000 0.014000 0.014000
1776141784734670019 36.843942900 128.092351200 293.3560 0.014000 0.014000 0.014000
1776141785246754457 36.843943700 128.092352900 293.3160 0.016000 0.016000 0.015000
1776141785737106229 36.843944700 128.092354600 293.3160 0.020000 0.020000 0.018000
1776141786247545314 36.843945400 128.092356400 293.3370 0.021000 0.021000 0.018000
1776141786735225457 36.843946000 128.092358400 293.3260 0.017000 0.017000 0.017000
1776141787241608878 36.843946100 128.092360500 293.3260 0.019000 0.019000 0.019000
1776141787735100927 36.843946500 128.092362700 293.3360 0.017000 0.017000 0.017000
1776141788245183628 36.843947000 128.092364400 293.3290 0.017000 0.017000 0.017000
1776141788741628390 36.843947600 128.092366300 293.2970 0.015000 0.015000 0.016000
1776141789256218878 36.843947900 128.092368300 293.3500 0.015000 0.015000 0.016000
1776141789742217060 36.843948100 128.092370200 293.2970 0.015000 0.015000 0.017000
1776141790247065039 36.843948400 128.092372200 293.3120 0.015000 0.015000 0.017000
1776141790738170927 36.843948900 128.092374300 293.3170 0.015000 0.015000 0.017000
1776141791250666166 36.843949200 128.092376300 293.3110 0.015000 0.015000 0.017000
1776141791742607594 36.843949600 128.092378300 293.3180 0.014000 0.014000 0.015000
1776141792252671359 36.843949800 128.092380300 293.3240 0.014000 0.014000 0.015000
1776141792741521904 36.843950200 128.092382400 293.3160 0.014000 0.014000 0.015000
1776141793250158029 36.843950500 128.092384400 293.3010 0.014000 0.014000 0.015000
1776141793738797038 36.843950600 128.092386500 293.3260 0.014000 0.014000 0.014000
1776141794252032480 36.843950600 128.092388500 293.3150 0.014000 0.014000 0.016000
1776141794746612569 36.843950800 128.092390700 293.3000 0.014000 0.014000 0.016000
1776141795249640766 36.843951000 128.092392700 293.3100 0.014000 0.014000 0.016000
1776141795746200582 36.843951100 128.092394700 293.3100 0.014000 0.014000 0.015000
1776141796246673181 36.843951200 128.092396800 293.3110 0.014000 0.014000 0.015000
1776141796744169298 36.843951400 128.092398800 293.3140 0.014000 0.014000 0.015000
1776141797251031898 36.843951600 128.092400800 293.2730 0.014000 0.014000 0.014000
1776141797745039269 36.843951700 128.092402900 293.2830 0.014000 0.014000 0.014000
1776141798258581528 36.843951800 128.092405000 293.2940 0.014000 0.014000 0.014000
1776141798744629736 36.843952100 128.092407000 293.2780 0.014000 0.014000 0.014000
1776141799254784433 36.843952200 128.092408900 293.2870 0.014000 0.014000 0.014000
1776141799746000885 36.843952400 128.092410900 293.2890 0.014000 0.014000 0.014000
1776141800254566018 36.843952600 128.092412900 293.2760 0.014000 0.014000 0.018000
1776141800740660104 36.843952200 128.092415100 293.2390 0.014000 0.014000 0.017000
1776141801257233602 36.843952200 128.092417300 293.2510 0.014000 0.014000 0.020000
1776141801745607461 36.843952500 128.092419300 293.2230 0.014000 0.014000 0.021000
1776141802259192951 36.843952700 128.092421300 293.2080 0.014000 0.014000 0.020000
1776141802750135125 36.843952900 128.092423600 293.2250 0.014000 0.014000 0.019000
1776141803258681910 36.843953100 128.092425700 293.2340 0.014000 0.014000 0.019000
1776141803749538865 36.843953200 128.092427800 293.2260 0.014000 0.014000 0.019000
1776141804258985340 36.843953400 128.092430000 293.2310 0.014000 0.014000 0.018000
1776141804751977652 36.843953800 128.092432100 293.2400 0.014000 0.014000 0.017000
1776141805261544625 36.843954000 128.092434300 293.2270 0.014000 0.014000 0.017000
1776141805755507003 36.843954100 128.092436500 293.2430 0.014000 0.014000 0.014000
1776141806296268985 36.843954300 128.092438700 293.2350 0.014000 0.014000 0.015000
1776141806761535772 36.843954500 128.092441000 293.2120 0.014000 0.014000 0.018000
1776141807265671255 36.843954700 128.092443100 293.2350 0.014000 0.014000 0.019000
1776141807753819635 36.843955000 128.092445200 293.2080 0.014000 0.014000 0.019000
1776141808266136907 36.843955200 128.092447300 293.2260 0.014000 0.014000 0.020000
1776141808753146775 36.843955300 128.092449500 293.2310 0.014000 0.014000 0.020000
1776141809259456713 36.843955600 128.092451600 293.2280 0.014000 0.014000 0.020000
1776141809751481972 36.843955700 128.092453900 293.2360 0.014000 0.014000 0.020000
1776141810266072708 36.843956000 128.092456000 293.2090 0.014000 0.014000 0.021000
1776141810748462701 36.843956200 128.092458300 293.2450 0.014000 0.014000 0.019000
1776141811264572400 36.843956400 128.092460400 293.2280 0.014000 0.014000 0.019000
1776141811757149724 36.843956700 128.092462600 293.2250 0.014000 0.014000 0.021000
1776141812259986077 36.843956900 128.092464800 293.2310 0.014000 0.014000 0.021000
1776141812757508958 36.843957100 128.092467000 293.2320 0.014000 0.014000 0.023000
1776141813263581969 36.843957300 128.092469100 293.2400 0.014000 0.014000 0.022000
1776141813750019301 36.843957500 128.092471300 293.2300 0.014000 0.014000 0.023000
1776141814253780227 36.843957800 128.092473500 293.2510 0.014000 0.014000 0.025000
1776141814757109833 36.843957800 128.092475800 293.2550 0.014000 0.014000 0.022000
1776141815263701664 36.843958100 128.092477800 293.2170 0.014000 0.014000 0.023000
1776141815758050266 36.843958200 128.092480000 293.2310 0.014000 0.014000 0.023000
1776141816273703530 36.843958500 128.092482200 293.2430 0.014000 0.014000 0.022000
1776141816757177839 36.843958700 128.092484300 293.2370 0.014000 0.014000 0.023000
1776141817265984261 36.843959000 128.092486500 293.2390 0.014000 0.014000 0.027000
1776141817755547825 36.843959100 128.092488700 293.2210 0.014000 0.014000 0.027000
1776141818264504750 36.843959300 128.092490800 293.2280 0.014000 0.014000 0.030000
1776141818750484882 36.843959400 128.092492500 293.2180 0.014000 0.014000 0.027000
1776141819266180761 36.843959600 128.092493700 293.2120 0.014000 0.014000 0.029000
1776141819749641930 36.843959700 128.092494800 293.2200 0.015000 0.015000 0.038000
1776141820265006158 36.843959800 128.092495200 293.2410 0.014000 0.014000 0.032000
1776141820755518737 36.843959800 128.092495300 293.2200 0.014000 0.014000 0.025000
1776141821266033332 36.843959800 128.092495200 293.2190 0.014000 0.014000 0.025000
1776141821747944592 36.843959800 128.092495300 293.2310 0.014000 0.014000 0.025000
1776141822271047345 36.843959800 128.092495300 293.2410 0.014000 0.014000 0.026000
1776141822756180960 36.843959800 128.092495300 293.2380 0.014000 0.014000 0.028000
1776141823255501607 36.843959800 128.092495300 293.2290 0.014000 0.014000 0.027000
1776141823755966199 36.843959700 128.092495300 293.2610 0.014000 0.014000 0.027000
1776141824261665073 36.843959800 128.092495200 293.2220 0.014000 0.014000 0.026000
1776141824750560024 36.843959800 128.092495200 293.2270 0.014000 0.014000 0.025000
1776141825263947579 36.843959800 128.092495200 293.2190 0.014000 0.014000 0.024000
1776141825757114513 36.843959800 128.092495300 293.2340 0.014000 0.014000 0.022000
1776141826265522314 36.843959800 128.092495300 293.2390 0.014000 0.014000 0.021000
1776141826753391201 36.843959700 128.092495300 293.2360 0.014000 0.014000 0.019000
1776141827263556508 36.843959800 128.092495300 293.2320 0.014000 0.014000 0.019000
1776141827751911667 36.843959700 128.092495300 293.2350 0.014000 0.014000 0.018000
1776141828264472664 36.843959800 128.092495300 293.2440 0.014000 0.014000 0.019000
1776141828754989784 36.843959800 128.092495300 293.2510 0.014000 0.014000 0.019000
1776141829264520976 36.843959700 128.092495300 293.2550 0.014000 0.014000 0.019000
1776141829753514859 36.843959800 128.092495300 293.2280 0.014000 0.014000 0.021000
1776141830260995180 36.843959700 128.092495300 293.2280 0.014000 0.014000 0.023000
1776141830759396456 36.843959800 128.092495300 293.2460 0.014000 0.014000 0.023000
1776141831268450906 36.843959700 128.092495400 293.2380 0.014000 0.014000 0.024000
1776141831756000503 36.843959700 128.092495300 293.2550 0.014000 0.014000 0.022000
1776141832260425396 36.843959700 128.092495400 293.2630 0.014000 0.014000 0.021000
