1772700810.0781731606 0.9666975655 -0.2559215054 0.0000000000 -0.0072550000 0.2559215054 0.9666975655 0.0000000000 0.0117800000 0.0000000000 0.0000000000 1.0000000000 -0.0077250000
1772700810.1782002449 0.9685766076 -0.2487154100 0.0000000000 -0.0069360000 0.2487154100 0.9685766076 0.0000000000 0.0129720000 0.0000000000 0.0000000000 1.0000000000 -0.0070300000
1772700810.2781949043 0.9673439581 -0.2534672893 0.0000000000 -0.0069910000 0.2534672893 0.9673439581 0.0000000000 0.0129350000 0.0000000000 0.0000000000 1.0000000000 -0.0077070000
1772700810.3782470226 0.9693611032 -0.2456400857 0.0000000000 -0.0066550000 0.2456400857 0.9693611032 0.0000000000 0.0129080000 0.0000000000 0.0000000000 1.0000000000 -0.0073670000
1772700810.3975186348 0.9699655149 -0.2432424713 0.0000000000 -0.0061450000 0.2432424713 0.9699655149 0.0000000000 0.0125300000 0.0000000000 0.0000000000 1.0000000000 -0.0080060000
1772700810.5783295631 0.9703416850 -0.2417374907 0.0000000000 -0.0061170000 0.2417374907 0.9703416850 0.0000000000 0.0123120000 0.0000000000 0.0000000000 1.0000000000 -0.0082440000
1772700810.6783604622 0.9704513248 -0.2412969668 0.0000000000 -0.0059880000 0.2412969668 0.9704513248 0.0000000000 0.0123760000 0.0000000000 0.0000000000 1.0000000000 -0.0076220000
1772700810.7783794403 0.9708621156 -0.2396387961 0.0000000000 -0.0053120000 0.2396387961 0.9708621156 0.0000000000 0.0122060000 0.0000000000 0.0000000000 1.0000000000 -0.0079510000
1772700810.8785264492 0.9684042126 -0.2493858074 0.0000000000 -0.0046700000 0.2493858074 0.9684042126 0.0000000000 0.0129320000 0.0000000000 0.0000000000 1.0000000000 -0.0083380000
1772700810.9785990715 0.9686362376 -0.2484830761 0.0000000000 -0.0030710000 0.2484830761 0.9686362376 0.0000000000 0.0142210000 0.0000000000 0.0000000000 1.0000000000 -0.0075280000
1772700811.0786464214 0.9687502161 -0.2480383413 0.0000000000 -0.0018160000 0.2480383413 0.9687502161 0.0000000000 0.0143110000 0.0000000000 0.0000000000 1.0000000000 -0.0074960000
1772700811.1786375046 0.9700187539 -0.2430300744 0.0000000000 -0.0021320000 0.2430300744 0.9700187539 0.0000000000 0.0136920000 0.0000000000 0.0000000000 1.0000000000 -0.0077410000
1772700811.2785911560 0.9695870786 -0.2447465975 0.0000000000 -0.0023790000 0.2447465975 0.9695870786 0.0000000000 0.0132380000 0.0000000000 0.0000000000 1.0000000000 -0.0072010000
1772700811.3785121441 0.9701486712 -0.2425109396 0.0000000000 -0.0024120000 0.2425109396 0.9701486712 0.0000000000 0.0128140000 0.0000000000 0.0000000000 1.0000000000 -0.0066480000
1772700811.4784147739 0.9685495570 -0.2488207300 0.0000000000 -0.0019720000 0.2488207300 0.9685495570 0.0000000000 0.0121720000 0.0000000000 0.0000000000 1.0000000000 -0.0079470000
1772700811.5784175396 0.9694092427 -0.2454500358 0.0000000000 -0.0010970000 0.2454500358 0.9694092427 0.0000000000 0.0122010000 0.0000000000 0.0000000000 1.0000000000 -0.0080600000
1772700811.6783871651 0.9685821365 -0.2486938777 0.0000000000 -0.0012950000 0.2486938777 0.9685821365 0.0000000000 0.0126230000 0.0000000000 0.0000000000 1.0000000000 -0.0084910000
1772700811.7784142494 0.9700126323 -0.2430545067 0.0000000000 -0.0026590000 0.2430545067 0.9700126323 0.0000000000 0.0130390000 0.0000000000 0.0000000000 1.0000000000 -0.0079280000
1772700811.8784406185 0.9679068052 -0.2513094038 0.0000000000 -0.0030720000 0.2513094038 0.9679068052 0.0000000000 0.0126540000 0.0000000000 0.0000000000 1.0000000000 -0.0086160000
1772700811.9785296917 0.9688486707 -0.2476534945 0.0000000000 -0.0024940000 0.2476534945 0.9688486707 0.0000000000 0.0127010000 0.0000000000 0.0000000000 1.0000000000 -0.0078910000
1772700812.0785946846 0.9697666869 -0.2440339585 0.0000000000 -0.0024190000 0.2440339585 0.9697666869 0.0000000000 0.0127090000 0.0000000000 0.0000000000 1.0000000000 -0.0068440000
1772700812.1786556244 0.9701277561 -0.2425945935 0.0000000000 -0.0034600000 0.2425945935 0.9701277561 0.0000000000 0.0128150000 0.0000000000 0.0000000000 1.0000000000 -0.0073700000
1772700812.2786543369 0.9689508897 -0.2472532574 0.0000000000 -0.0038350000 0.2472532574 0.9689508897 0.0000000000 0.0126320000 0.0000000000 0.0000000000 1.0000000000 -0.0075330000
1772700812.3786401749 0.9700791854 -0.2427887437 0.0000000000 -0.0031850000 0.2427887437 0.9700791854 0.0000000000 0.0130170000 0.0000000000 0.0000000000 1.0000000000 -0.0079290000
1772700812.4785950184 0.9691180744 -0.2465971569 0.0000000000 -0.0023290000 0.2465971569 0.9691180744 0.0000000000 0.0139010000 0.0000000000 0.0000000000 1.0000000000 -0.0082670000
1772700812.5785384178 0.9695418128 -0.2449258523 0.0000000000 -0.0018350000 0.2449258523 0.9695418128 0.0000000000 0.0148160000 0.0000000000 0.0000000000 1.0000000000 -0.0078380000
1772700812.6784017086 0.9708247393 -0.2397901699 0.0000000000 -0.0012520000 0.2397901699 0.9708247393 0.0000000000 0.0151140000 0.0000000000 0.0000000000 1.0000000000 -0.0079310000
1772700812.7783317566 0.9715781900 -0.2367188644 0.0000000000 -0.0018890000 0.2367188644 0.9715781900 0.0000000000 0.0148640000 0.0000000000 0.0000000000 1.0000000000 -0.0072200000
1772700812.8782570362 0.9716372312 -0.2364764066 0.0000000000 -0.0022150000 0.2364764066 0.9716372312 0.0000000000 0.0145180000 0.0000000000 0.0000000000 1.0000000000 -0.0070280000
1772700812.9782447815 0.9697971288 -0.2439129536 0.0000000000 -0.0017540000 0.2439129536 0.9697971288 0.0000000000 0.0140180000 0.0000000000 0.0000000000 1.0000000000 -0.0075040000
1772700813.0782489777 0.9685306206 -0.2488944294 0.0000000000 -0.0016850000 0.2488944294 0.9685306206 0.0000000000 0.0133050000 0.0000000000 0.0000000000 1.0000000000 -0.0080570000
1772700813.1783328056 0.9716098773 -0.2365887705 0.0000000000 -0.0020130000 0.2365887705 0.9716098773 0.0000000000 0.0130120000 0.0000000000 0.0000000000 1.0000000000 -0.0089750000
1772700813.2784247398 0.9718144009 -0.2357472590 0.0000000000 -0.0017790000 0.2357472590 0.9718144009 0.0000000000 0.0122650000 0.0000000000 0.0000000000 1.0000000000 -0.0089060000
1772700813.3785781860 0.9696252256 -0.2445954248 0.0000000000 -0.0010260000 0.2445954248 0.9696252256 0.0000000000 0.0127750000 0.0000000000 0.0000000000 1.0000000000 -0.0084540000
1772700813.4786200523 0.9694405390 -0.2453263977 0.0000000000 -0.0000400000 0.2453263977 0.9694405390 0.0000000000 0.0126250000 0.0000000000 0.0000000000 1.0000000000 -0.0087550000
1772700813.5787060261 0.9713853928 -0.2375087759 0.0000000000 -0.0000270000 0.2375087759 0.9713853928 0.0000000000 0.0121060000 0.0000000000 0.0000000000 1.0000000000 -0.0077350000
1772700813.6787114143 0.9712682848 -0.2379872241 0.0000000000 -0.0004510000 0.2379872241 0.9712682848 0.0000000000 0.0126490000 0.0000000000 0.0000000000 1.0000000000 -0.0081120000
1772700813.7787177563 0.9715597864 -0.2367943865 0.0000000000 -0.0011680000 0.2367943865 0.9715597864 0.0000000000 0.0124760000 0.0000000000 0.0000000000 1.0000000000 -0.0083980000
1772700813.8787043095 0.9704239825 -0.2414069060 0.0000000000 -0.0020170000 0.2414069060 0.9704239825 0.0000000000 0.0120980000 0.0000000000 0.0000000000 1.0000000000 -0.0087040000
1772700813.9786577225 0.9706693976 -0.2404182200 0.0000000000 -0.0034250000 0.2404182200 0.9706693976 0.0000000000 0.0116920000 0.0000000000 0.0000000000 1.0000000000 -0.0085050000
1772700814.0785655975 0.9725317393 -0.2327703077 0.0000000000 -0.0028880000 0.2327703077 0.9725317393 0.0000000000 0.0116880000 0.0000000000 0.0000000000 1.0000000000 -0.0086490000
1772700814.1786189079 0.9690372787 -0.2469144638 0.0000000000 -0.0021200000 0.2469144638 0.9690372787 0.0000000000 0.0121160000 0.0000000000 0.0000000000 1.0000000000 -0.0079590000
1772700814.2782907486 0.9721623140 -0.2343084189 0.0000000000 -0.0022810000 0.2343084189 0.9721623140 0.0000000000 0.0127570000 0.0000000000 0.0000000000 1.0000000000 -0.0070550000
1772700814.2996966839 0.9716517320 -0.2364168179 0.0000000000 -0.0022170000 0.2364168179 0.9716517320 0.0000000000 0.0119440000 0.0000000000 0.0000000000 1.0000000000 -0.0077310000
1772700814.4781312943 0.9723071098 -0.2337068341 0.0000000000 -0.0020820000 0.2337068341 0.9723071098 0.0000000000 0.0112110000 0.0000000000 0.0000000000 1.0000000000 -0.0078390000
1772700814.5781462193 0.9737888208 -0.2274540229 0.0000000000 -0.0023840000 0.2274540229 0.9737888208 0.0000000000 0.0105140000 0.0000000000 0.0000000000 1.0000000000 -0.0072960000
1772700814.6782183647 0.9737506778 -0.2276172608 0.0000000000 -0.0037860000 0.2276172608 0.9737506778 0.0000000000 0.0103100000 0.0000000000 0.0000000000 1.0000000000 -0.0064380000
1772700814.7782270908 0.9703191824 -0.2418277990 0.0000000000 -0.0048510000 0.2418277990 0.9703191824 0.0000000000 0.0103290000 0.0000000000 0.0000000000 1.0000000000 -0.0069510000
1772700814.8781902790 0.9713777851 -0.2375398886 0.0000000000 -0.0054330000 0.2375398886 0.9713777851 0.0000000000 0.0098330000 0.0000000000 0.0000000000 1.0000000000 -0.0072300000
1772700814.9781081676 0.9725712608 -0.2326051219 0.0000000000 -0.0060650000 0.2326051219 0.9725712608 0.0000000000 0.0091820000 0.0000000000 0.0000000000 1.0000000000 -0.0074150000
1772700815.0781438351 0.9725045652 -0.2328838138 0.0000000000 -0.0064030000 0.2328838138 0.9725045652 0.0000000000 0.0089920000 0.0000000000 0.0000000000 1.0000000000 -0.0077690000
1772700815.1781961918 0.9702199252 -0.2422257144 0.0000000000 -0.0061880000 0.2422257144 0.9702199252 0.0000000000 0.0098600000 0.0000000000 0.0000000000 1.0000000000 -0.0084880000
1772700815.2783634663 0.9699519029 -0.2432967449 0.0000000000 -0.0060710000 0.2432967449 0.9699519029 0.0000000000 0.0106130000 0.0000000000 0.0000000000 1.0000000000 -0.0083300000
1772700815.3784203529 0.9705467199 -0.2409129813 0.0000000000 -0.0064480000 0.2409129813 0.9705467199 0.0000000000 0.0110510000 0.0000000000 0.0000000000 1.0000000000 -0.0076470000
1772700815.4784543514 0.9722254872 -0.2340461537 0.0000000000 -0.0058970000 0.2340461537 0.9722254872 0.0000000000 0.0114440000 0.0000000000 0.0000000000 1.0000000000 -0.0071250000
1772700815.5784201622 0.9717103232 -0.2361758830 0.0000000000 -0.0059340000 0.2361758830 0.9717103232 0.0000000000 0.0120470000 0.0000000000 0.0000000000 1.0000000000 -0.0062730000
1772700815.6783688068 0.9690468982 -0.2468767084 0.0000000000 -0.0056460000 0.2468767084 0.9690468982 0.0000000000 0.0123590000 0.0000000000 0.0000000000 1.0000000000 -0.0064070000
1772700815.7784056664 0.9696879158 -0.2443467740 0.0000000000 -0.0043450000 0.2443467740 0.9696879158 0.0000000000 0.0116690000 0.0000000000 0.0000000000 1.0000000000 -0.0067660000
1772700815.8783004284 0.9716717734 -0.2363344340 0.0000000000 -0.0032320000 0.2363344340 0.9716717734 0.0000000000 0.0108130000 0.0000000000 0.0000000000 1.0000000000 -0.0082280000
1772700815.9782624245 0.9711402384 -0.2385091977 0.0000000000 -0.0032550000 0.2385091977 0.9711402384 0.0000000000 0.0104520000 0.0000000000 0.0000000000 1.0000000000 -0.0080070000
1772700816.0782234669 0.9723027273 -0.2337250662 0.0000000000 -0.0038660000 0.2337250662 0.9723027273 0.0000000000 0.0101160000 0.0000000000 0.0000000000 1.0000000000 -0.0082990000
1772700816.1782374382 0.9718966127 -0.2354081016 0.0000000000 -0.0038710000 0.2354081016 0.9718966127 0.0000000000 0.0097770000 0.0000000000 0.0000000000 1.0000000000 -0.0080960000
1772700816.2783818245 0.9704769972 -0.2411936936 0.0000000000 -0.0035570000 0.2411936936 0.9704769972 0.0000000000 0.0101950000 0.0000000000 0.0000000000 1.0000000000 -0.0064550000
1772700816.3784914017 0.9721534463 -0.2343452086 0.0000000000 -0.0029570000 0.2343452086 0.9721534463 0.0000000000 0.0113890000 0.0000000000 0.0000000000 1.0000000000 -0.0060270000
1772700816.4786019325 0.9710866627 -0.2387272367 0.0000000000 -0.0032110000 0.2387272367 0.9710866627 0.0000000000 0.0119160000 0.0000000000 0.0000000000 1.0000000000 -0.0063540000
1772700816.5786685944 0.9716684971 -0.2363479040 0.0000000000 -0.0029420000 0.2363479040 0.9716684971 0.0000000000 0.0124550000 0.0000000000 0.0000000000 1.0000000000 -0.0068440000
1772700816.6786756516 0.9698321896 -0.2437735098 0.0000000000 -0.0022780000 0.2437735098 0.9698321896 0.0000000000 0.0133830000 0.0000000000 0.0000000000 1.0000000000 -0.0068980000
1772700816.7786169052 0.9698126149 -0.2438513728 0.0000000000 -0.0022280000 0.2438513728 0.9698126149 0.0000000000 0.0139060000 0.0000000000 0.0000000000 1.0000000000 -0.0074850000
1772700816.8786149025 0.9673282566 -0.2535272055 0.0000000000 -0.0021480000 0.2535272055 0.9673282566 0.0000000000 0.0123210000 0.0000000000 0.0000000000 1.0000000000 -0.0077980000
1772700816.9786014557 0.9695878673 -0.2447434730 0.0000000000 -0.0022090000 0.2447434730 0.9695878673 0.0000000000 0.0107490000 0.0000000000 0.0000000000 1.0000000000 -0.0076870000
1772700817.0786325932 0.9690282596 -0.2469498575 0.0000000000 -0.0026520000 0.2469498575 0.9690282596 0.0000000000 0.0108260000 0.0000000000 0.0000000000 1.0000000000 -0.0077850000
1772700817.1786775589 0.9689375430 -0.2473055556 0.0000000000 -0.0024220000 0.2473055556 0.9689375430 0.0000000000 0.0122930000 0.0000000000 0.0000000000 1.0000000000 -0.0074550000
1772700817.2787647247 0.9688095518 -0.2478064815 0.0000000000 -0.0022830000 0.2478064815 0.9688095518 0.0000000000 0.0135080000 0.0000000000 0.0000000000 1.0000000000 -0.0073080000
1772700817.3789312840 0.9720749258 -0.2346707026 0.0000000000 -0.0031080000 0.2346707026 0.9720749258 0.0000000000 0.0132360000 0.0000000000 0.0000000000 1.0000000000 -0.0079860000
1772700817.4790730476 0.9726880129 -0.2321164139 0.0000000000 -0.0034680000 0.2321164139 0.9726880129 0.0000000000 0.0120010000 0.0000000000 0.0000000000 1.0000000000 -0.0078980000
1772700817.5791304111 0.9706586223 -0.2404617203 0.0000000000 -0.0036710000 0.2404617203 0.9706586223 0.0000000000 0.0111590000 0.0000000000 0.0000000000 1.0000000000 -0.0076670000
1772700817.6791405678 0.9706723494 -0.2404063020 0.0000000000 -0.0040760000 0.2404063020 0.9706723494 0.0000000000 0.0112420000 0.0000000000 0.0000000000 1.0000000000 -0.0070220000
1772700817.7791612148 0.9702236578 -0.2422107634 0.0000000000 -0.0043460000 0.2422107634 0.9702236578 0.0000000000 0.0112390000 0.0000000000 0.0000000000 1.0000000000 -0.0075170000
1772700817.8791537285 0.9697218344 -0.2442121289 0.0000000000 -0.0040850000 0.2442121289 0.9697218344 0.0000000000 0.0109160000 0.0000000000 0.0000000000 1.0000000000 -0.0071700000
1772700817.9791729450 0.9727967551 -0.2316602540 0.0000000000 -0.0043620000 0.2316602540 0.9727967551 0.0000000000 0.0115550000 0.0000000000 0.0000000000 1.0000000000 -0.0078470000
1772700818.0791268349 0.9730500927 -0.2305938357 0.0000000000 -0.0039550000 0.2305938357 0.9730500927 0.0000000000 0.0118170000 0.0000000000 0.0000000000 1.0000000000 -0.0082480000
1772700818.1790704727 0.9706139354 -0.2406420338 0.0000000000 -0.0025940000 0.2406420338 0.9706139354 0.0000000000 0.0116180000 0.0000000000 0.0000000000 1.0000000000 -0.0081550000
1772700818.2790253162 0.9697492148 -0.2441033804 0.0000000000 -0.0021860000 0.2441033804 0.9697492148 0.0000000000 0.0117170000 0.0000000000 0.0000000000 1.0000000000 -0.0077760000
1772700818.3789067268 0.9707852813 -0.2399498646 0.0000000000 -0.0023170000 0.2399498646 0.9707852813 0.0000000000 0.0109920000 0.0000000000 0.0000000000 1.0000000000 -0.0073360000
1772700818.4788641930 0.9705176099 -0.2410302241 0.0000000000 -0.0025240000 0.2410302241 0.9705176099 0.0000000000 0.0102670000 0.0000000000 0.0000000000 1.0000000000 -0.0072990000
1772700818.5787734985 0.9703079977 -0.2418726722 0.0000000000 -0.0025810000 0.2418726722 0.9703079977 0.0000000000 0.0105710000 0.0000000000 0.0000000000 1.0000000000 -0.0069280000
1772700818.6786448956 0.9697468585 -0.2441127412 0.0000000000 -0.0033590000 0.2441127412 0.9697468585 0.0000000000 0.0100090000 0.0000000000 0.0000000000 1.0000000000 -0.0080050000
1772700818.7785964012 0.9711864437 -0.2383209843 0.0000000000 -0.0027700000 0.2383209843 0.9711864437 0.0000000000 0.0091360000 0.0000000000 0.0000000000 1.0000000000 -0.0079460000
1772700818.8784723282 0.9741461476 -0.2259187534 0.0000000000 -0.0015150000 0.2259187534 0.9741461476 0.0000000000 0.0093550000 0.0000000000 0.0000000000 1.0000000000 -0.0084030000
1772700818.9783983231 0.9724770535 -0.2329986704 0.0000000000 -0.0009820000 0.2329986704 0.9724770535 0.0000000000 0.0103660000 0.0000000000 0.0000000000 1.0000000000 -0.0079170000
1772700819.0783450603 0.9710977648 -0.2386820716 0.0000000000 -0.0007480000 0.2386820716 0.9710977648 0.0000000000 0.0109020000 0.0000000000 0.0000000000 1.0000000000 -0.0073550000
1772700819.1783888340 0.9704861731 -0.2411567704 0.0000000000 -0.0013300000 0.2411567704 0.9704861731 0.0000000000 0.0109490000 0.0000000000 0.0000000000 1.0000000000 -0.0077600000
1772700819.2784690857 0.9716272348 -0.2365174762 0.0000000000 -0.0033920000 0.2365174762 0.9716272348 0.0000000000 0.0110040000 0.0000000000 0.0000000000 1.0000000000 -0.0070780000
1772700819.3786711693 0.9717777875 -0.2358981385 0.0000000000 -0.0048480000 0.2358981385 0.9717777875 0.0000000000 0.0110100000 0.0000000000 0.0000000000 1.0000000000 -0.0064460000
1772700819.4787507057 0.9707818517 -0.2399637399 0.0000000000 -0.0041360000 0.2399637399 0.9707818517 0.0000000000 0.0102330000 0.0000000000 0.0000000000 1.0000000000 -0.0067910000
1772700819.5788578987 0.9710862589 -0.2387288793 0.0000000000 -0.0031540000 0.2387288793 0.9710862589 0.0000000000 0.0084600000 0.0000000000 0.0000000000 1.0000000000 -0.0076590000
1772700819.6789648533 0.9709005689 -0.2394829542 0.0000000000 -0.0031060000 0.2394829542 0.9709005689 0.0000000000 0.0079730000 0.0000000000 0.0000000000 1.0000000000 -0.0082270000
1772700819.7790579796 0.9699753791 -0.2432031330 0.0000000000 -0.0027660000 0.2432031330 0.9699753791 0.0000000000 0.0091270000 0.0000000000 0.0000000000 1.0000000000 -0.0072720000
1772700819.8791081905 0.9701530833 -0.2424932886 0.0000000000 -0.0030920000 0.2424932886 0.9701530833 0.0000000000 0.0100230000 0.0000000000 0.0000000000 1.0000000000 -0.0072150000
1772700819.9790885448 0.9733143881 -0.2294757110 0.0000000000 -0.0026560000 0.2294757110 0.9733143881 0.0000000000 0.0094760000 0.0000000000 0.0000000000 1.0000000000 -0.0076570000
1772700820.0790004730 0.9709049785 -0.2394650760 0.0000000000 -0.0015450000 0.2394650760 0.9709049785 0.0000000000 0.0081600000 0.0000000000 0.0000000000 1.0000000000 -0.0076920000
1772700820.1789152622 0.9746749730 -0.2236262441 0.0000000000 -0.0007880000 0.2236262441 0.9746749730 0.0000000000 0.0081610000 0.0000000000 0.0000000000 1.0000000000 -0.0074740000
1772700820.2788710594 0.9766759805 -0.2147184881 0.0000000000 -0.0012880000 0.2147184881 0.9766759805 0.0000000000 0.0089590000 0.0000000000 0.0000000000 1.0000000000 -0.0072500000
1772700820.3788833618 0.9730627643 -0.2305403583 0.0000000000 -0.0022040000 0.2305403583 0.9730627643 0.0000000000 0.0103510000 0.0000000000 0.0000000000 1.0000000000 -0.0070670000
1772700820.4789214134 0.9697364291 -0.2441541688 0.0000000000 -0.0020000000 0.2441541688 0.9697364291 0.0000000000 0.0109880000 0.0000000000 0.0000000000 1.0000000000 -0.0068680000
1772700820.5789430141 0.9746266324 -0.2238368322 0.0000000000 -0.0006750000 0.2238368322 0.9746266324 0.0000000000 0.0112280000 0.0000000000 0.0000000000 1.0000000000 -0.0077720000
1772700820.6790313721 0.9727992368 -0.2316498324 0.0000000000 -0.0008310000 0.2316498324 0.9727992368 0.0000000000 0.0103970000 0.0000000000 0.0000000000 1.0000000000 -0.0081270000
1772700820.7790350914 0.9725369751 -0.2327484306 0.0000000000 -0.0014270000 0.2327484306 0.9725369751 0.0000000000 0.0094180000 0.0000000000 0.0000000000 1.0000000000 -0.0079730000
1772700820.8789861202 0.9732933321 -0.2295650008 0.0000000000 -0.0020500000 0.2295650008 0.9732933321 0.0000000000 0.0094960000 0.0000000000 0.0000000000 1.0000000000 -0.0080830000
1772700820.9787936211 0.9729039082 -0.2312098297 0.0000000000 -0.0030920000 0.2312098297 0.9729039082 0.0000000000 0.0095060000 0.0000000000 0.0000000000 1.0000000000 -0.0079350000
1772700821.0786302090 0.9724196808 -0.2332379995 0.0000000000 -0.0040930000 0.2332379995 0.9724196808 0.0000000000 0.0092690000 0.0000000000 0.0000000000 1.0000000000 -0.0079170000
1772700821.1784646511 0.9735321537 -0.2285500945 0.0000000000 -0.0051010000 0.2285500945 0.9735321537 0.0000000000 0.0088590000 0.0000000000 0.0000000000 1.0000000000 -0.0076470000
1772700821.2783689499 0.9729781754 -0.2308970986 0.0000000000 -0.0049010000 0.2308970986 0.9729781754 0.0000000000 0.0088380000 0.0000000000 0.0000000000 1.0000000000 -0.0077140000
1772700821.3783173561 0.9737537942 -0.2276039287 0.0000000000 -0.0031650000 0.2276039287 0.9737537942 0.0000000000 0.0091950000 0.0000000000 0.0000000000 1.0000000000 -0.0073320000
1772700821.4783117771 0.9719979473 -0.2349893412 0.0000000000 -0.0019960000 0.2349893412 0.9719979473 0.0000000000 0.0094730000 0.0000000000 0.0000000000 1.0000000000 -0.0070620000
1772700821.5783166885 0.9696315272 -0.2445704427 0.0000000000 -0.0019730000 0.2445704427 0.9696315272 0.0000000000 0.0104190000 0.0000000000 0.0000000000 1.0000000000 -0.0075000000
1772700821.6782946587 0.9704280561 -0.2413905298 0.0000000000 -0.0026040000 0.2413905298 0.9704280561 0.0000000000 0.0120830000 0.0000000000 0.0000000000 1.0000000000 -0.0077720000
1772700821.7782363892 0.9698892124 -0.2435465370 0.0000000000 -0.0028430000 0.2435465370 0.9698892124 0.0000000000 0.0119850000 0.0000000000 0.0000000000 1.0000000000 -0.0083260000
1772700821.8782017231 0.9696259446 -0.2445925747 0.0000000000 -0.0027830000 0.2445925747 0.9696259446 0.0000000000 0.0113710000 0.0000000000 0.0000000000 1.0000000000 -0.0083970000
1772700821.9781332016 0.9688989881 -0.2474565637 0.0000000000 -0.0025710000 0.2474565637 0.9688989881 0.0000000000 0.0113050000 0.0000000000 0.0000000000 1.0000000000 -0.0081360000
1772700822.0780959129 0.9700674554 -0.2428356070 0.0000000000 -0.0024560000 0.2428356070 0.9700674554 0.0000000000 0.0106930000 0.0000000000 0.0000000000 1.0000000000 -0.0081390000
1772700822.1780676842 0.9718869763 -0.2354478822 0.0000000000 -0.0027220000 0.2354478822 0.9718869763 0.0000000000 0.0109490000 0.0000000000 0.0000000000 1.0000000000 -0.0080890000
1772700822.2779910564 0.9710868168 -0.2387266097 0.0000000000 -0.0027130000 0.2387266097 0.9710868168 0.0000000000 0.0116520000 0.0000000000 0.0000000000 1.0000000000 -0.0077510000
1772700822.3778614998 0.9705877678 -0.2407475544 0.0000000000 -0.0022040000 0.2407475544 0.9705877678 0.0000000000 0.0121670000 0.0000000000 0.0000000000 1.0000000000 -0.0073230000
1772700822.4777579308 0.9700245583 -0.2430069057 0.0000000000 -0.0016210000 0.2430069057 0.9700245583 0.0000000000 0.0119630000 0.0000000000 0.0000000000 1.0000000000 -0.0063830000
1772700822.5776925087 0.9697773861 -0.2439914370 0.0000000000 -0.0020800000 0.2439914370 0.9697773861 0.0000000000 0.0117080000 0.0000000000 0.0000000000 1.0000000000 -0.0065930000
1772700822.6776373386 0.9723098074 -0.2336956105 0.0000000000 -0.0015870000 0.2336956105 0.9723098074 0.0000000000 0.0118380000 0.0000000000 0.0000000000 1.0000000000 -0.0073870000
1772700822.7777345181 0.9709964629 -0.2390938497 0.0000000000 -0.0011260000 0.2390938497 0.9709964629 0.0000000000 0.0111500000 0.0000000000 0.0000000000 1.0000000000 -0.0076050000
1772700822.8778173923 0.9720524821 -0.2347636513 0.0000000000 -0.0023740000 0.2347636513 0.9720524821 0.0000000000 0.0109660000 0.0000000000 0.0000000000 1.0000000000 -0.0078370000
1772700822.9779973030 0.9689710320 -0.2471743093 0.0000000000 -0.0031540000 0.2471743093 0.9689710320 0.0000000000 0.0111670000 0.0000000000 0.0000000000 1.0000000000 -0.0085150000
1772700823.0781095028 0.9703718482 -0.2416163823 0.0000000000 -0.0030610000 0.2416163823 0.9703718482 0.0000000000 0.0106660000 0.0000000000 0.0000000000 1.0000000000 -0.0083750000
1772700823.1781101227 0.9711246888 -0.2385725024 0.0000000000 -0.0024370000 0.2385725024 0.9711246888 0.0000000000 0.0099630000 0.0000000000 0.0000000000 1.0000000000 -0.0078700000
1772700823.2780697346 0.9689576563 -0.2472267386 0.0000000000 -0.0029420000 0.2472267386 0.9689576563 0.0000000000 0.0098300000 0.0000000000 0.0000000000 1.0000000000 -0.0078770000
1772700823.3781161308 0.9690591236 -0.2468287160 0.0000000000 -0.0042140000 0.2468287160 0.9690591236 0.0000000000 0.0108460000 0.0000000000 0.0000000000 1.0000000000 -0.0074320000
1772700823.4782471657 0.9709773167 -0.2391715919 0.0000000000 -0.0043740000 0.2391715919 0.9709773167 0.0000000000 0.0115710000 0.0000000000 0.0000000000 1.0000000000 -0.0075600000
1772700823.5782697201 0.9697406203 -0.2441375213 0.0000000000 -0.0046280000 0.2441375213 0.9697406203 0.0000000000 0.0115060000 0.0000000000 0.0000000000 1.0000000000 -0.0082090000
1772700823.6782324314 0.9701525867 -0.2424952754 0.0000000000 -0.0053650000 0.2424952754 0.9701525867 0.0000000000 0.0106410000 0.0000000000 0.0000000000 1.0000000000 -0.0078680000
1772700823.7781360149 0.9725874620 -0.2325373706 0.0000000000 -0.0057650000 0.2325373706 0.9725874620 0.0000000000 0.0089790000 0.0000000000 0.0000000000 1.0000000000 -0.0077070000
1772700823.8780045509 0.9720251017 -0.2348769925 0.0000000000 -0.0053890000 0.2348769925 0.9720251017 0.0000000000 0.0078540000 0.0000000000 0.0000000000 1.0000000000 -0.0085080000
1772700823.9779286385 0.9718878385 -0.2354443235 0.0000000000 -0.0046370000 0.2354443235 0.9718878385 0.0000000000 0.0090100000 0.0000000000 0.0000000000 1.0000000000 -0.0076880000
1772700824.0778546333 0.9716702082 -0.2363408691 0.0000000000 -0.0049160000 0.2363408691 0.9716702082 0.0000000000 0.0104060000 0.0000000000 0.0000000000 1.0000000000 -0.0071560000
1772700824.1777913570 0.9710545885 -0.2388576693 0.0000000000 -0.0041770000 0.2388576693 0.9710545885 0.0000000000 0.0114660000 0.0000000000 0.0000000000 1.0000000000 -0.0070420000
1772700824.2777664661 0.9704648750 -0.2412424639 0.0000000000 -0.0035640000 0.2412424639 0.9704648750 0.0000000000 0.0120270000 0.0000000000 0.0000000000 1.0000000000 -0.0079260000
1772700824.3777508736 0.9716387687 -0.2364700894 0.0000000000 -0.0040740000 0.2364700894 0.9716387687 0.0000000000 0.0120950000 0.0000000000 0.0000000000 1.0000000000 -0.0086770000
1772700824.4778406620 0.9702052984 -0.2422842935 0.0000000000 -0.0040220000 0.2422842935 0.9702052984 0.0000000000 0.0114620000 0.0000000000 0.0000000000 1.0000000000 -0.0086440000
1772700824.5779309273 0.9693614998 -0.2456385203 0.0000000000 -0.0035130000 0.2456385203 0.9693614998 0.0000000000 0.0108310000 0.0000000000 0.0000000000 1.0000000000 -0.0078540000
1772700824.6779832840 0.9708051277 -0.2398695562 0.0000000000 -0.0029740000 0.2398695562 0.9708051277 0.0000000000 0.0102650000 0.0000000000 0.0000000000 1.0000000000 -0.0072840000
1772700824.7780797482 0.9705845662 -0.2407604614 0.0000000000 -0.0031400000 0.2407604614 0.9705845662 0.0000000000 0.0109420000 0.0000000000 0.0000000000 1.0000000000 -0.0071560000
1772700824.8781471252 0.9699475240 -0.2433142014 0.0000000000 -0.0032340000 0.2433142014 0.9699475240 0.0000000000 0.0121850000 0.0000000000 0.0000000000 1.0000000000 -0.0075710000
1772700824.9781196117 0.9722063048 -0.2341258228 0.0000000000 -0.0032130000 0.2341258228 0.9722063048 0.0000000000 0.0126820000 0.0000000000 0.0000000000 1.0000000000 -0.0079140000
1772700825.0780951977 0.9717086304 -0.2361828477 0.0000000000 -0.0031760000 0.2361828477 0.9717086304 0.0000000000 0.0124950000 0.0000000000 0.0000000000 1.0000000000 -0.0083120000
1772700825.1780817509 0.9732453833 -0.2297681959 0.0000000000 -0.0034350000 0.2297681959 0.9732453833 0.0000000000 0.0119450000 0.0000000000 0.0000000000 1.0000000000 -0.0082610000
1772700825.2780821323 0.9716079565 -0.2365966587 0.0000000000 -0.0035750000 0.2365966587 0.9716079565 0.0000000000 0.0118820000 0.0000000000 0.0000000000 1.0000000000 -0.0088240000
1772700825.3781933784 0.9717591867 -0.2359747509 0.0000000000 -0.0033500000 0.2359747509 0.9717591867 0.0000000000 0.0117990000 0.0000000000 0.0000000000 1.0000000000 -0.0086180000
1772700825.4780266285 0.9706899537 -0.2403352112 0.0000000000 -0.0028010000 0.2403352112 0.9706899537 0.0000000000 0.0118280000 0.0000000000 0.0000000000 1.0000000000 -0.0086880000
1772700825.5780255795 0.9691546916 -0.2464532082 0.0000000000 -0.0030680000 0.2464532082 0.9691546916 0.0000000000 0.0113130000 0.0000000000 0.0000000000 1.0000000000 -0.0089050000
1772700825.6780040264 0.9718828358 -0.2354649728 0.0000000000 -0.0031000000 0.2354649728 0.9718828358 0.0000000000 0.0109140000 0.0000000000 0.0000000000 1.0000000000 -0.0082970000
1772700825.7779316902 0.9714259577 -0.2373428085 0.0000000000 -0.0029900000 0.2373428085 0.9714259577 0.0000000000 0.0110790000 0.0000000000 0.0000000000 1.0000000000 -0.0080590000
1772700825.8779902458 0.9719893876 -0.2350247444 0.0000000000 -0.0027280000 0.2350247444 0.9719893876 0.0000000000 0.0106920000 0.0000000000 0.0000000000 1.0000000000 -0.0080150000
1772700825.9779527187 0.9721461340 -0.2343755409 0.0000000000 -0.0026610000 0.2343755409 0.9721461340 0.0000000000 0.0098070000 0.0000000000 0.0000000000 1.0000000000 -0.0080830000
1772700826.0779349804 0.9730150390 -0.2307417039 0.0000000000 -0.0023500000 0.2307417039 0.9730150390 0.0000000000 0.0094830000 0.0000000000 0.0000000000 1.0000000000 -0.0080080000
1772700826.1779754162 0.9718178857 -0.2357328934 0.0000000000 -0.0015130000 0.2357328934 0.9718178857 0.0000000000 0.0101510000 0.0000000000 0.0000000000 1.0000000000 -0.0071260000
1772700826.2780392170 0.9709953680 -0.2390982962 0.0000000000 -0.0008070000 0.2390982962 0.9709953680 0.0000000000 0.0104320000 0.0000000000 0.0000000000 1.0000000000 -0.0073510000
1772700826.3780322075 0.9709782252 -0.2391679036 0.0000000000 -0.0019590000 0.2391679036 0.9709782252 0.0000000000 0.0102220000 0.0000000000 0.0000000000 1.0000000000 -0.0079100000
1772700826.4779639244 0.9712144243 -0.2382069310 0.0000000000 -0.0038590000 0.2382069310 0.9712144243 0.0000000000 0.0104460000 0.0000000000 0.0000000000 1.0000000000 -0.0074550000
1772700826.5778529644 0.9693680866 -0.2456125255 0.0000000000 -0.0045550000 0.2456125255 0.9693680866 0.0000000000 0.0107940000 0.0000000000 0.0000000000 1.0000000000 -0.0076210000
1772700826.6777417660 0.9698372797 -0.2437532581 0.0000000000 -0.0040190000 0.2437532581 0.9698372797 0.0000000000 0.0108020000 0.0000000000 0.0000000000 1.0000000000 -0.0082990000
1772700826.7777748108 0.9695439756 -0.2449172907 0.0000000000 -0.0043620000 0.2449172907 0.9695439756 0.0000000000 0.0111180000 0.0000000000 0.0000000000 1.0000000000 -0.0079060000
1772700826.8777911663 0.9686519269 -0.2484219082 0.0000000000 -0.0049110000 0.2484219082 0.9686519269 0.0000000000 0.0115670000 0.0000000000 0.0000000000 1.0000000000 -0.0075320000
1772700826.9779045582 0.9704972786 -0.2411120742 0.0000000000 -0.0052850000 0.2411120742 0.9704972786 0.0000000000 0.0114550000 0.0000000000 0.0000000000 1.0000000000 -0.0082540000
1772700827.0779340267 0.9688678723 -0.2475783636 0.0000000000 -0.0049550000 0.2475783636 0.9688678723 0.0000000000 0.0113820000 0.0000000000 0.0000000000 1.0000000000 -0.0085730000
1772700827.1779665947 0.9703361976 -0.2417595160 0.0000000000 -0.0031870000 0.2417595160 0.9703361976 0.0000000000 0.0117450000 0.0000000000 0.0000000000 1.0000000000 -0.0090730000
1772700827.2779266834 0.9699062699 -0.2434785980 0.0000000000 -0.0022580000 0.2434785980 0.9699062699 0.0000000000 0.0134100000 0.0000000000 0.0000000000 1.0000000000 -0.0085060000
1772700827.3778927326 0.9712018513 -0.2382581878 0.0000000000 -0.0020150000 0.2382581878 0.9712018513 0.0000000000 0.0140410000 0.0000000000 0.0000000000 1.0000000000 -0.0085040000
1772700827.4779853821 0.9736239694 -0.2281586425 0.0000000000 -0.0016720000 0.2281586425 0.9736239694 0.0000000000 0.0128120000 0.0000000000 0.0000000000 1.0000000000 -0.0073420000
1772700827.5780286789 0.9712285032 -0.2381495216 0.0000000000 -0.0013440000 0.2381495216 0.9712285032 0.0000000000 0.0110310000 0.0000000000 0.0000000000 1.0000000000 -0.0071030000
1772700827.6780381203 0.9711321052 -0.2385423110 0.0000000000 -0.0006260000 0.2385423110 0.9711321052 0.0000000000 0.0113450000 0.0000000000 0.0000000000 1.0000000000 -0.0069570000
1772700827.7780401707 0.9708638023 -0.2396319623 0.0000000000 -0.0008450000 0.2396319623 0.9708638023 0.0000000000 0.0118270000 0.0000000000 0.0000000000 1.0000000000 -0.0071890000
1772700827.8779909611 0.9729142912 -0.2311661351 0.0000000000 -0.0025360000 0.2311661351 0.9729142912 0.0000000000 0.0118940000 0.0000000000 0.0000000000 1.0000000000 -0.0080310000
1772700827.9780237675 0.9715119802 -0.2369904476 0.0000000000 -0.0036000000 0.2369904476 0.9715119802 0.0000000000 0.0118760000 0.0000000000 0.0000000000 1.0000000000 -0.0088500000
1772700828.0779845715 0.9710998337 -0.2386736539 0.0000000000 -0.0038830000 0.2386736539 0.9710998337 0.0000000000 0.0122680000 0.0000000000 0.0000000000 1.0000000000 -0.0087640000
1772700828.1779315472 0.9702359948 -0.2421613397 0.0000000000 -0.0032090000 0.2421613397 0.9702359948 0.0000000000 0.0121740000 0.0000000000 0.0000000000 1.0000000000 -0.0086640000
1772700828.2779016495 0.9712185414 -0.2381901441 0.0000000000 -0.0032570000 0.2381901441 0.9712185414 0.0000000000 0.0112770000 0.0000000000 0.0000000000 1.0000000000 -0.0076200000
1772700828.3778321743 0.9704357446 -0.2413596187 0.0000000000 -0.0042350000 0.2413596187 0.9704357446 0.0000000000 0.0109400000 0.0000000000 0.0000000000 1.0000000000 -0.0080410000
1772700828.4776868820 0.9716797132 -0.2363017880 0.0000000000 -0.0040370000 0.2363017880 0.9716797132 0.0000000000 0.0111010000 0.0000000000 0.0000000000 1.0000000000 -0.0076380000
1772700828.5777037144 0.9712933297 -0.2378849883 0.0000000000 -0.0023840000 0.2378849883 0.9712933297 0.0000000000 0.0114270000 0.0000000000 0.0000000000 1.0000000000 -0.0072630000
1772700828.6776714325 0.9728601444 -0.2313939056 0.0000000000 -0.0019160000 0.2313939056 0.9728601444 0.0000000000 0.0114120000 0.0000000000 0.0000000000 1.0000000000 -0.0078990000
1772700828.7778058052 0.9729015939 -0.2312195680 0.0000000000 -0.0028370000 0.2312195680 0.9729015939 0.0000000000 0.0103090000 0.0000000000 0.0000000000 1.0000000000 -0.0079770000
1772700828.8775501251 0.9713818996 -0.2375230621 0.0000000000 -0.0043400000 0.2375230621 0.9713818996 0.0000000000 0.0092260000 0.0000000000 0.0000000000 1.0000000000 -0.0078720000
1772700828.9775400162 0.9707909943 -0.2399267501 0.0000000000 -0.0053610000 0.2399267501 0.9707909943 0.0000000000 0.0095970000 0.0000000000 0.0000000000 1.0000000000 -0.0073430000
1772700829.0775418282 0.9695399178 -0.2449333537 0.0000000000 -0.0057640000 0.2449333537 0.9695399178 0.0000000000 0.0107710000 0.0000000000 0.0000000000 1.0000000000 -0.0064820000
1772700829.1774983406 0.9714775647 -0.2371314851 0.0000000000 -0.0058180000 0.2371314851 0.9714775647 0.0000000000 0.0120790000 0.0000000000 0.0000000000 1.0000000000 -0.0071560000
1772700829.2774689198 0.9711554008 -0.2384474523 0.0000000000 -0.0059620000 0.2384474523 0.9711554008 0.0000000000 0.0123870000 0.0000000000 0.0000000000 1.0000000000 -0.0085660000
1772700829.3774478436 0.9699649867 -0.2432445776 0.0000000000 -0.0068740000 0.2432445776 0.9699649867 0.0000000000 0.0116920000 0.0000000000 0.0000000000 1.0000000000 -0.0089840000
1772700829.4774439335 0.9695346584 -0.2449541714 0.0000000000 -0.0063120000 0.2449541714 0.9695346584 0.0000000000 0.0115060000 0.0000000000 0.0000000000 1.0000000000 -0.0086500000
1772700829.5773916245 0.9701412337 -0.2425406910 0.0000000000 -0.0050500000 0.2425406910 0.9701412337 0.0000000000 0.0120890000 0.0000000000 0.0000000000 1.0000000000 -0.0083890000
1772700829.6774044037 0.9694493020 -0.2452917667 0.0000000000 -0.0042990000 0.2452917667 0.9694493020 0.0000000000 0.0127710000 0.0000000000 0.0000000000 1.0000000000 -0.0076300000
1772700829.7773289680 0.9695856871 -0.2447521099 0.0000000000 -0.0042240000 0.2447521099 0.9695856871 0.0000000000 0.0134450000 0.0000000000 0.0000000000 1.0000000000 -0.0075260000
1772700829.8772549629 0.9703246058 -0.2418060367 0.0000000000 -0.0043050000 0.2418060367 0.9703246058 0.0000000000 0.0143400000 0.0000000000 0.0000000000 1.0000000000 -0.0076200000
1772700829.9772496223 0.9704259464 -0.2413990112 0.0000000000 -0.0053860000 0.2413990112 0.9704259464 0.0000000000 0.0141900000 0.0000000000 0.0000000000 1.0000000000 -0.0076940000
1772700830.0772240162 0.9702730954 -0.2420126449 0.0000000000 -0.0055920000 0.2420126449 0.9702730954 0.0000000000 0.0132920000 0.0000000000 0.0000000000 1.0000000000 -0.0071850000
1772700830.1772491932 0.9683985632 -0.2494077442 0.0000000000 -0.0045570000 0.2494077442 0.9683985632 0.0000000000 0.0119150000 0.0000000000 0.0000000000 1.0000000000 -0.0079860000
1772700830.2772970200 0.9715875270 -0.2366805385 0.0000000000 -0.0047140000 0.2366805385 0.9715875270 0.0000000000 0.0105410000 0.0000000000 0.0000000000 1.0000000000 -0.0086260000
1772700830.3773801327 0.9715410511 -0.2368712434 0.0000000000 -0.0047960000 0.2368712434 0.9715410511 0.0000000000 0.0092580000 0.0000000000 0.0000000000 1.0000000000 -0.0088940000
1772700830.4774222374 0.9727256850 -0.2319584916 0.0000000000 -0.0041120000 0.2319584916 0.9727256850 0.0000000000 0.0092850000 0.0000000000 0.0000000000 1.0000000000 -0.0086240000
1772700830.5774078369 0.9701710800 -0.2424212771 0.0000000000 -0.0040440000 0.2424212771 0.9701710800 0.0000000000 0.0101330000 0.0000000000 0.0000000000 1.0000000000 -0.0070550000
1772700830.6773948669 0.9697824606 -0.2439712672 0.0000000000 -0.0032010000 0.2439712672 0.9697824606 0.0000000000 0.0101770000 0.0000000000 0.0000000000 1.0000000000 -0.0073420000
1772700830.7773842812 0.9690183322 -0.2469888093 0.0000000000 -0.0033150000 0.2469888093 0.9690183322 0.0000000000 0.0098800000 0.0000000000 0.0000000000 1.0000000000 -0.0083000000
1772700830.8773641586 0.9710491764 -0.2388796706 0.0000000000 -0.0040340000 0.2388796706 0.9710491764 0.0000000000 0.0100960000 0.0000000000 0.0000000000 1.0000000000 -0.0079700000
1772700830.9773101807 0.9705197914 -0.2410214401 0.0000000000 -0.0049940000 0.2410214401 0.9705197914 0.0000000000 0.0103330000 0.0000000000 0.0000000000 1.0000000000 -0.0082710000
1772700831.0773220062 0.9726980894 -0.2320741840 0.0000000000 -0.0055170000 0.2320741840 0.9726980894 0.0000000000 0.0108340000 0.0000000000 0.0000000000 1.0000000000 -0.0084190000
1772700831.1773376465 0.9711899642 -0.2383066376 0.0000000000 -0.0053390000 0.2383066376 0.9711899642 0.0000000000 0.0109120000 0.0000000000 0.0000000000 1.0000000000 -0.0091360000
1772700831.2773373127 0.9714281104 -0.2373339974 0.0000000000 -0.0046120000 0.2373339974 0.9714281104 0.0000000000 0.0112070000 0.0000000000 0.0000000000 1.0000000000 -0.0092580000
1772700831.3773276806 0.9724119359 -0.2332702871 0.0000000000 -0.0032330000 0.2332702871 0.9724119359 0.0000000000 0.0118310000 0.0000000000 0.0000000000 1.0000000000 -0.0093700000
1772700831.4772732258 0.9717934265 -0.2358337046 0.0000000000 -0.0017200000 0.2358337046 0.9717934265 0.0000000000 0.0115970000 0.0000000000 0.0000000000 1.0000000000 -0.0090270000
1772700831.5772264004 0.9727613276 -0.2318089719 0.0000000000 -0.0015860000 0.2318089719 0.9727613276 0.0000000000 0.0116140000 0.0000000000 0.0000000000 1.0000000000 -0.0070890000
1772700831.6771538258 0.9718323582 -0.2356732218 0.0000000000 -0.0027070000 0.2356732218 0.9718323582 0.0000000000 0.0110670000 0.0000000000 0.0000000000 1.0000000000 -0.0070210000
1772700831.7771234512 0.9718383674 -0.2356484408 0.0000000000 -0.0031110000 0.2356484408 0.9718383674 0.0000000000 0.0095580000 0.0000000000 0.0000000000 1.0000000000 -0.0081670000
1772700831.8771576881 0.9702524815 -0.2420952748 0.0000000000 -0.0027780000 0.2420952748 0.9702524815 0.0000000000 0.0086270000 0.0000000000 0.0000000000 1.0000000000 -0.0084370000
1772700831.9771943092 0.9704693200 -0.2412245818 0.0000000000 -0.0019030000 0.2412245818 0.9704693200 0.0000000000 0.0090600000 0.0000000000 0.0000000000 1.0000000000 -0.0085620000
1772700832.0772383213 0.9721796979 -0.2342362802 0.0000000000 -0.0011840000 0.2342362802 0.9721796979 0.0000000000 0.0093630000 0.0000000000 0.0000000000 1.0000000000 -0.0084590000
1772700832.1773095131 0.9723174813 -0.2336636803 0.0000000000 -0.0016370000 0.2336636803 0.9723174813 0.0000000000 0.0088270000 0.0000000000 0.0000000000 1.0000000000 -0.0083010000
1772700832.2773849964 0.9728513496 -0.2314308785 0.0000000000 -0.0024050000 0.2314308785 0.9728513496 0.0000000000 0.0085230000 0.0000000000 0.0000000000 1.0000000000 -0.0071800000
1772700832.3774681091 0.9761264608 -0.2172029752 0.0000000000 -0.0028450000 0.2172029752 0.9761264608 0.0000000000 0.0081010000 0.0000000000 0.0000000000 1.0000000000 -0.0066570000
1772700832.4775688648 0.9730185064 -0.2307270817 0.0000000000 -0.0036290000 0.2307270817 0.9730185064 0.0000000000 0.0080630000 0.0000000000 0.0000000000 1.0000000000 -0.0064070000
1772700832.5776727200 0.9740379723 -0.2263846916 0.0000000000 -0.0052880000 0.2263846916 0.9740379723 0.0000000000 0.0078660000 0.0000000000 0.0000000000 1.0000000000 -0.0067530000
1772700832.6777453423 0.9704730584 -0.2412095413 0.0000000000 -0.0056850000 0.2412095413 0.9704730584 0.0000000000 0.0082590000 0.0000000000 0.0000000000 1.0000000000 -0.0074870000
1772700832.7777423859 0.9712143871 -0.2382070826 0.0000000000 -0.0051700000 0.2382070826 0.9712143871 0.0000000000 0.0096700000 0.0000000000 0.0000000000 1.0000000000 -0.0077670000
1772700832.8777031898 0.9705410120 -0.2409359751 0.0000000000 -0.0058470000 0.2409359751 0.9705410120 0.0000000000 0.0102170000 0.0000000000 0.0000000000 1.0000000000 -0.0084120000
1772700832.9776902199 0.9698096462 -0.2438631790 0.0000000000 -0.0068700000 0.2438631790 0.9698096462 0.0000000000 0.0101970000 0.0000000000 0.0000000000 1.0000000000 -0.0090230000
1772700833.0777409077 0.9698211749 -0.2438173266 0.0000000000 -0.0074640000 0.2438173266 0.9698211749 0.0000000000 0.0105400000 0.0000000000 0.0000000000 1.0000000000 -0.0092960000
1772700833.1776714325 0.9705357182 -0.2409572986 0.0000000000 -0.0071820000 0.2409572986 0.9705357182 0.0000000000 0.0101280000 0.0000000000 0.0000000000 1.0000000000 -0.0095410000
1772700833.2776470184 0.9717424818 -0.2360435322 0.0000000000 -0.0070200000 0.2360435322 0.9717424818 0.0000000000 0.0094640000 0.0000000000 0.0000000000 1.0000000000 -0.0091120000
1772700833.3775901794 0.9699733195 -0.2432113474 0.0000000000 -0.0063440000 0.2432113474 0.9699733195 0.0000000000 0.0092060000 0.0000000000 0.0000000000 1.0000000000 -0.0078730000
1772700833.4775590897 0.9706798885 -0.2403758598 0.0000000000 -0.0066310000 0.2403758598 0.9706798885 0.0000000000 0.0090660000 0.0000000000 0.0000000000 1.0000000000 -0.0076530000
1772700833.5774462223 0.9717945230 -0.2358291863 0.0000000000 -0.0064050000 0.2358291863 0.9717945230 0.0000000000 0.0089220000 0.0000000000 0.0000000000 1.0000000000 -0.0074420000
1772700833.6772758961 0.9696162160 -0.2446311381 0.0000000000 -0.0064320000 0.2446311381 0.9696162160 0.0000000000 0.0093860000 0.0000000000 0.0000000000 1.0000000000 -0.0073570000
1772700833.7771596909 0.9692088448 -0.2462401575 0.0000000000 -0.0060030000 0.2462401575 0.9692088448 0.0000000000 0.0096820000 0.0000000000 0.0000000000 1.0000000000 -0.0072030000
1772700833.8770058155 0.9707181523 -0.2402212914 0.0000000000 -0.0061280000 0.2402212914 0.9707181523 0.0000000000 0.0100920000 0.0000000000 0.0000000000 1.0000000000 -0.0072020000
1772700833.9770195484 0.9694738789 -0.2451946126 0.0000000000 -0.0056510000 0.2451946126 0.9694738789 0.0000000000 0.0105500000 0.0000000000 0.0000000000 1.0000000000 -0.0071830000
1772700834.0770874023 0.9725085785 -0.2328670537 0.0000000000 -0.0050390000 0.2328670537 0.9725085785 0.0000000000 0.0105960000 0.0000000000 0.0000000000 1.0000000000 -0.0075770000
1772700834.1772270203 0.9720543705 -0.2347558321 0.0000000000 -0.0053140000 0.2347558321 0.9720543705 0.0000000000 0.0099670000 0.0000000000 0.0000000000 1.0000000000 -0.0074500000
1772700834.2773938179 0.9703927658 -0.2415323583 0.0000000000 -0.0066600000 0.2415323583 0.9703927658 0.0000000000 0.0097680000 0.0000000000 0.0000000000 1.0000000000 -0.0081030000
1772700834.3776171207 0.9718350462 -0.2356621375 0.0000000000 -0.0072410000 0.2356621375 0.9718350462 0.0000000000 0.0104140000 0.0000000000 0.0000000000 1.0000000000 -0.0075770000
1772700834.4776811600 0.9730385250 -0.2306426431 0.0000000000 -0.0063050000 0.2306426431 0.9730385250 0.0000000000 0.0111360000 0.0000000000 0.0000000000 1.0000000000 -0.0082260000
1772700834.5777273178 0.9719874081 -0.2350329307 0.0000000000 -0.0056130000 0.2350329307 0.9719874081 0.0000000000 0.0119260000 0.0000000000 0.0000000000 1.0000000000 -0.0074400000
1772700834.6776237488 0.9681752602 -0.2502731818 0.0000000000 -0.0059440000 0.2502731818 0.9681752602 0.0000000000 0.0123990000 0.0000000000 0.0000000000 1.0000000000 -0.0077540000
1772700834.7775092125 0.9704535369 -0.2412880699 0.0000000000 -0.0073200000 0.2412880699 0.9704535369 0.0000000000 0.0114540000 0.0000000000 0.0000000000 1.0000000000 -0.0072430000
1772700834.8773751259 0.9725434659 -0.2327213076 0.0000000000 -0.0068760000 0.2327213076 0.9725434659 0.0000000000 0.0100930000 0.0000000000 0.0000000000 1.0000000000 -0.0073190000
1772700834.9772679806 0.9691898655 -0.2463148486 0.0000000000 -0.0067740000 0.2463148486 0.9691898655 0.0000000000 0.0096160000 0.0000000000 0.0000000000 1.0000000000 -0.0081090000
1772700835.0771939754 0.9716775931 -0.2363105056 0.0000000000 -0.0054070000 0.2363105056 0.9716775931 0.0000000000 0.0104850000 0.0000000000 0.0000000000 1.0000000000 -0.0090800000
1772700835.1771640778 0.9714903701 -0.2370790182 0.0000000000 -0.0037440000 0.2370790182 0.9714903701 0.0000000000 0.0116250000 0.0000000000 0.0000000000 1.0000000000 -0.0091940000
1772700835.2771434784 0.9704274850 -0.2413928259 0.0000000000 -0.0033450000 0.2413928259 0.9704274850 0.0000000000 0.0125110000 0.0000000000 0.0000000000 1.0000000000 -0.0086730000
1772700835.3770835400 0.9733275914 -0.2294197023 0.0000000000 -0.0034970000 0.2294197023 0.9733275914 0.0000000000 0.0123430000 0.0000000000 0.0000000000 1.0000000000 -0.0082600000
1772700835.4770548344 0.9710158097 -0.2390152657 0.0000000000 -0.0036510000 0.2390152657 0.9710158097 0.0000000000 0.0121490000 0.0000000000 0.0000000000 1.0000000000 -0.0083450000
1772700835.5770356655 0.9708151017 -0.2398291855 0.0000000000 -0.0038970000 0.2398291855 0.9708151017 0.0000000000 0.0119390000 0.0000000000 0.0000000000 1.0000000000 -0.0085520000
1772700835.6770749092 0.9696437756 -0.2445218773 0.0000000000 -0.0038140000 0.2445218773 0.9696437756 0.0000000000 0.0117270000 0.0000000000 0.0000000000 1.0000000000 -0.0079140000
1772700835.7771143913 0.9703495083 -0.2417060854 0.0000000000 -0.0036200000 0.2417060854 0.9703495083 0.0000000000 0.0119990000 0.0000000000 0.0000000000 1.0000000000 -0.0076630000
1772700835.8770835400 0.9697807143 -0.2439782085 0.0000000000 -0.0032630000 0.2439782085 0.9697807143 0.0000000000 0.0114520000 0.0000000000 0.0000000000 1.0000000000 -0.0070940000
1772700835.9770140648 0.9699140544 -0.2434475860 0.0000000000 -0.0030140000 0.2434475860 0.9699140544 0.0000000000 0.0106450000 0.0000000000 0.0000000000 1.0000000000 -0.0074180000
1772700836.0769445896 0.9706415721 -0.2405305354 0.0000000000 -0.0029930000 0.2405305354 0.9706415721 0.0000000000 0.0106230000 0.0000000000 0.0000000000 1.0000000000 -0.0083640000
1772700836.1768989563 0.9716750711 -0.2363208754 0.0000000000 -0.0022590000 0.2363208754 0.9716750711 0.0000000000 0.0110220000 0.0000000000 0.0000000000 1.0000000000 -0.0090370000
1772700836.2768671513 0.9708305923 -0.2397664721 0.0000000000 -0.0023310000 0.2397664721 0.9708305923 0.0000000000 0.0120490000 0.0000000000 0.0000000000 1.0000000000 -0.0080890000
1772700836.3768162727 0.9707327693 -0.2401622173 0.0000000000 -0.0038120000 0.2401622173 0.9707327693 0.0000000000 0.0126580000 0.0000000000 0.0000000000 1.0000000000 -0.0075750000
1772700836.4768278599 0.9711265900 -0.2385647631 0.0000000000 -0.0049650000 0.2385647631 0.9711265900 0.0000000000 0.0120860000 0.0000000000 0.0000000000 1.0000000000 -0.0071730000
1772700836.5768821239 0.9702482578 -0.2421122017 0.0000000000 -0.0047730000 0.2421122017 0.9702482578 0.0000000000 0.0119690000 0.0000000000 0.0000000000 1.0000000000 -0.0075550000
1772700836.6769995689 0.9712350845 -0.2381226800 0.0000000000 -0.0047560000 0.2381226800 0.9712350845 0.0000000000 0.0116680000 0.0000000000 0.0000000000 1.0000000000 -0.0073140000
1772700836.7770142555 0.9724667298 -0.2330417548 0.0000000000 -0.0052370000 0.2330417548 0.9724667298 0.0000000000 0.0110470000 0.0000000000 0.0000000000 1.0000000000 -0.0072620000
1772700836.8769986629 0.9717099758 -0.2361773126 0.0000000000 -0.0056120000 0.2361773126 0.9717099758 0.0000000000 0.0104520000 0.0000000000 0.0000000000 1.0000000000 -0.0080850000
1772700836.9769668579 0.9725283858 -0.2327843183 0.0000000000 -0.0055870000 0.2327843183 0.9725283858 0.0000000000 0.0098440000 0.0000000000 0.0000000000 1.0000000000 -0.0083190000
1772700837.0769267082 0.9710660737 -0.2388109722 0.0000000000 -0.0048870000 0.2388109722 0.9710660737 0.0000000000 0.0091340000 0.0000000000 0.0000000000 1.0000000000 -0.0074420000
1772700837.1769306660 0.9705544683 -0.2408817637 0.0000000000 -0.0041490000 0.2408817637 0.9705544683 0.0000000000 0.0081600000 0.0000000000 0.0000000000 1.0000000000 -0.0079520000
1772700837.2768445015 0.9716195877 -0.2365488889 0.0000000000 -0.0037020000 0.2365488889 0.9716195877 0.0000000000 0.0091660000 0.0000000000 0.0000000000 1.0000000000 -0.0076830000
1772700837.3768990040 0.9713851560 -0.2375097445 0.0000000000 -0.0042240000 0.2375097445 0.9713851560 0.0000000000 0.0105020000 0.0000000000 0.0000000000 1.0000000000 -0.0068610000
1772700837.4769082069 0.9722254945 -0.2340461235 0.0000000000 -0.0050920000 0.2340461235 0.9722254945 0.0000000000 0.0106300000 0.0000000000 0.0000000000 1.0000000000 -0.0063000000
1772700837.5769002438 0.9717028146 -0.2362067740 0.0000000000 -0.0060940000 0.2362067740 0.9717028146 0.0000000000 0.0103030000 0.0000000000 0.0000000000 1.0000000000 -0.0067360000
1772700837.6768100262 0.9716955385 -0.2362367045 0.0000000000 -0.0054880000 0.2362367045 0.9716955385 0.0000000000 0.0092470000 0.0000000000 0.0000000000 1.0000000000 -0.0079940000
1772700837.7766876221 0.9736997585 -0.2278349849 0.0000000000 -0.0044880000 0.2278349849 0.9736997585 0.0000000000 0.0086120000 0.0000000000 0.0000000000 1.0000000000 -0.0081850000
1772700837.8766677380 0.9722285929 -0.2340332524 0.0000000000 -0.0038710000 0.2340332524 0.9722285929 0.0000000000 0.0088320000 0.0000000000 0.0000000000 1.0000000000 -0.0081580000
1772700837.9767391682 0.9702287463 -0.2421903794 0.0000000000 -0.0041880000 0.2421903794 0.9702287463 0.0000000000 0.0098480000 0.0000000000 0.0000000000 1.0000000000 -0.0075280000
1772700838.0768225193 0.9692683775 -0.2460057160 0.0000000000 -0.0037380000 0.2460057160 0.9692683775 0.0000000000 0.0097340000 0.0000000000 0.0000000000 1.0000000000 -0.0072410000
1772700838.1769421101 0.9709590021 -0.2392459326 0.0000000000 -0.0037880000 0.2392459326 0.9709590021 0.0000000000 0.0093800000 0.0000000000 0.0000000000 1.0000000000 -0.0080990000
1772700838.2770595551 0.9691228665 -0.2465783234 0.0000000000 -0.0037600000 0.2465783234 0.9691228665 0.0000000000 0.0098950000 0.0000000000 0.0000000000 1.0000000000 -0.0063170000
1772700838.3771970272 0.9677673440 -0.2518459207 0.0000000000 -0.0043330000 0.2518459207 0.9677673440 0.0000000000 0.0109330000 0.0000000000 0.0000000000 1.0000000000 -0.0065100000
1772700838.4773378372 0.9680673408 -0.2506902943 0.0000000000 -0.0056670000 0.2506902943 0.9680673408 0.0000000000 0.0114160000 0.0000000000 0.0000000000 1.0000000000 -0.0075810000
1772700838.5774312019 0.9693931892 -0.2455134307 0.0000000000 -0.0060430000 0.2455134307 0.9693931892 0.0000000000 0.0123700000 0.0000000000 0.0000000000 1.0000000000 -0.0076080000
1772700838.6774177551 0.9702120876 -0.2422571053 0.0000000000 -0.0052220000 0.2422571053 0.9702120876 0.0000000000 0.0126990000 0.0000000000 0.0000000000 1.0000000000 -0.0086150000
1772700838.7774586678 0.9689377166 -0.2473048753 0.0000000000 -0.0046530000 0.2473048753 0.9689377166 0.0000000000 0.0115530000 0.0000000000 0.0000000000 1.0000000000 -0.0082350000
1772700838.8774461746 0.9720056897 -0.2349573134 0.0000000000 -0.0038320000 0.2349573134 0.9720056897 0.0000000000 0.0110710000 0.0000000000 0.0000000000 1.0000000000 -0.0076070000
1772700838.9775695801 0.9684277428 -0.2492944181 0.0000000000 -0.0031740000 0.2492944181 0.9684277428 0.0000000000 0.0121130000 0.0000000000 0.0000000000 1.0000000000 -0.0072790000
1772700839.0775864124 0.9707080727 -0.2402620185 0.0000000000 -0.0028410000 0.2402620185 0.9707080727 0.0000000000 0.0130870000 0.0000000000 0.0000000000 1.0000000000 -0.0073260000
1772700839.1776137352 0.9688914308 -0.2474861519 0.0000000000 -0.0030540000 0.2474861519 0.9688914308 0.0000000000 0.0140350000 0.0000000000 0.0000000000 1.0000000000 -0.0070680000
1772700839.2775671482 0.9669277582 -0.2550504075 0.0000000000 -0.0030210000 0.2550504075 0.9669277582 0.0000000000 0.0142040000 0.0000000000 0.0000000000 1.0000000000 -0.0075530000
1772700839.3775055408 0.9671079778 -0.2543661915 0.0000000000 -0.0032250000 0.2543661915 0.9671079778 0.0000000000 0.0129160000 0.0000000000 0.0000000000 1.0000000000 -0.0072470000
1772700839.4154455662 0.9699143542 -0.2434463914 0.0000000000 -0.0031550000 0.2434463914 0.9699143542 0.0000000000 0.0112080000 0.0000000000 0.0000000000 1.0000000000 -0.0076790000
1772700839.5773105621 0.9694361849 -0.2453436025 0.0000000000 -0.0038140000 0.2453436025 0.9694361849 0.0000000000 0.0105860000 0.0000000000 0.0000000000 1.0000000000 -0.0070900000
1772700839.6772973537 0.9693108059 -0.2458384866 0.0000000000 -0.0049870000 0.2458384866 0.9693108059 0.0000000000 0.0101020000 0.0000000000 0.0000000000 1.0000000000 -0.0072170000
1772700839.7772672176 0.9722035533 -0.2341372479 0.0000000000 -0.0056860000 0.2341372479 0.9722035533 0.0000000000 0.0100300000 0.0000000000 0.0000000000 1.0000000000 -0.0072610000
1772700839.8771624565 0.9710427484 -0.2389057989 0.0000000000 -0.0061090000 0.2389057989 0.9710427484 0.0000000000 0.0104910000 0.0000000000 0.0000000000 1.0000000000 -0.0068860000
1772700839.9771058559 0.9708285465 -0.2397747554 0.0000000000 -0.0057360000 0.2397747554 0.9708285465 0.0000000000 0.0100950000 0.0000000000 0.0000000000 1.0000000000 -0.0072730000
1772700840.0769779682 0.9688962219 -0.2474673942 0.0000000000 -0.0048180000 0.2474673942 0.9688962219 0.0000000000 0.0105050000 0.0000000000 0.0000000000 1.0000000000 -0.0072630000
1772700840.1769087315 0.9692551789 -0.2460577131 0.0000000000 -0.0041180000 0.2460577131 0.9692551789 0.0000000000 0.0108210000 0.0000000000 0.0000000000 1.0000000000 -0.0069970000
1772700840.2768564224 0.9698210341 -0.2438178866 0.0000000000 -0.0038940000 0.2438178866 0.9698210341 0.0000000000 0.0113730000 0.0000000000 0.0000000000 1.0000000000 -0.0068610000
1772700840.3158607483 0.9698945904 -0.2435251189 0.0000000000 -0.0040000000 0.2435251189 0.9698945904 0.0000000000 0.0127120000 0.0000000000 0.0000000000 1.0000000000 -0.0068550000
1772700840.4767730236 0.9687866187 -0.2478961223 0.0000000000 -0.0036930000 0.2478961223 0.9687866187 0.0000000000 0.0132230000 0.0000000000 0.0000000000 1.0000000000 -0.0074720000
1772700840.5767107010 0.9706857002 -0.2403523901 0.0000000000 -0.0038480000 0.2403523901 0.9706857002 0.0000000000 0.0123020000 0.0000000000 0.0000000000 1.0000000000 -0.0076600000
1772700840.6766281128 0.9715174573 -0.2369679939 0.0000000000 -0.0037910000 0.2369679939 0.9715174573 0.0000000000 0.0111480000 0.0000000000 0.0000000000 1.0000000000 -0.0081270000
1772700840.7766008377 0.9731120306 -0.2303323164 0.0000000000 -0.0033880000 0.2303323164 0.9731120306 0.0000000000 0.0098470000 0.0000000000 0.0000000000 1.0000000000 -0.0084820000
1772700840.8765833378 0.9735093877 -0.2286470469 0.0000000000 -0.0027640000 0.2286470469 0.9735093877 0.0000000000 0.0092360000 0.0000000000 0.0000000000 1.0000000000 -0.0070170000
1772700840.9765791893 0.9730726138 -0.2304987817 0.0000000000 -0.0025310000 0.2304987817 0.9730726138 0.0000000000 0.0093730000 0.0000000000 0.0000000000 1.0000000000 -0.0068240000
1772700841.0766360760 0.9725264306 -0.2327924864 0.0000000000 -0.0029420000 0.2327924864 0.9725264306 0.0000000000 0.0098620000 0.0000000000 0.0000000000 1.0000000000 -0.0070410000
1772700841.1767165661 0.9717574796 -0.2359817807 0.0000000000 -0.0034170000 0.2359817807 0.9717574796 0.0000000000 0.0103030000 0.0000000000 0.0000000000 1.0000000000 -0.0063370000
1772700841.2767727375 0.9709502847 -0.2392813088 0.0000000000 -0.0034960000 0.2392813088 0.9709502847 0.0000000000 0.0113750000 0.0000000000 0.0000000000 1.0000000000 -0.0072720000
1772700841.3768985271 0.9706189454 -0.2406218253 0.0000000000 -0.0040420000 0.2406218253 0.9706189454 0.0000000000 0.0125800000 0.0000000000 0.0000000000 1.0000000000 -0.0073050000
1772700841.4770946503 0.9678970734 -0.2513468823 0.0000000000 -0.0043400000 0.2513468823 0.9678970734 0.0000000000 0.0125620000 0.0000000000 0.0000000000 1.0000000000 -0.0074490000
1772700841.5772986412 0.9688152313 -0.2477842763 0.0000000000 -0.0045900000 0.2477842763 0.9688152313 0.0000000000 0.0129610000 0.0000000000 0.0000000000 1.0000000000 -0.0080960000
1772700841.6775085926 0.9685365161 -0.2488714870 0.0000000000 -0.0039370000 0.2488714870 0.9685365161 0.0000000000 0.0134790000 0.0000000000 0.0000000000 1.0000000000 -0.0076570000
1772700841.7776002884 0.9698560410 -0.2436785992 0.0000000000 -0.0040660000 0.2436785992 0.9698560410 0.0000000000 0.0127630000 0.0000000000 0.0000000000 1.0000000000 -0.0076570000
1772700841.8776209354 0.9706848800 -0.2403557024 0.0000000000 -0.0048930000 0.2403557024 0.9706848800 0.0000000000 0.0117640000 0.0000000000 0.0000000000 1.0000000000 -0.0076800000
1772700841.9776077271 0.9705335656 -0.2409659685 0.0000000000 -0.0047740000 0.2409659685 0.9705335656 0.0000000000 0.0106320000 0.0000000000 0.0000000000 1.0000000000 -0.0071250000
1772700842.0774950981 0.9700175996 -0.2430346818 0.0000000000 -0.0050760000 0.2430346818 0.9700175996 0.0000000000 0.0095690000 0.0000000000 0.0000000000 1.0000000000 -0.0062720000
1772700842.1773381233 0.9711005006 -0.2386709405 0.0000000000 -0.0053060000 0.2386709405 0.9711005006 0.0000000000 0.0095490000 0.0000000000 0.0000000000 1.0000000000 -0.0062690000
1772700842.2772154808 0.9683624964 -0.2495477420 0.0000000000 -0.0053060000 0.2495477420 0.9683624964 0.0000000000 0.0101020000 0.0000000000 0.0000000000 1.0000000000 -0.0069770000
1772700842.3770389557 0.9715862462 -0.2366857965 0.0000000000 -0.0051480000 0.2366857965 0.9715862462 0.0000000000 0.0098510000 0.0000000000 0.0000000000 1.0000000000 -0.0074120000
1772700842.4769101143 0.9693780265 -0.2455732920 0.0000000000 -0.0051370000 0.2455732920 0.9693780265 0.0000000000 0.0095850000 0.0000000000 0.0000000000 1.0000000000 -0.0074910000
1772700842.5768136978 0.9689880386 -0.2471076304 0.0000000000 -0.0045540000 0.2471076304 0.9689880386 0.0000000000 0.0103120000 0.0000000000 0.0000000000 1.0000000000 -0.0076820000
1772700842.6767780781 0.9718914141 -0.2354295633 0.0000000000 -0.0045960000 0.2354295633 0.9718914141 0.0000000000 0.0106030000 0.0000000000 0.0000000000 1.0000000000 -0.0073030000
1772700842.7768044472 0.9717419383 -0.2360457698 0.0000000000 -0.0051230000 0.2360457698 0.9717419383 0.0000000000 0.0110680000 0.0000000000 0.0000000000 1.0000000000 -0.0077370000
1772700842.8768553734 0.9720649282 -0.2347121117 0.0000000000 -0.0048040000 0.2347121117 0.9720649282 0.0000000000 0.0110060000 0.0000000000 0.0000000000 1.0000000000 -0.0071800000
1772700842.9766731262 0.9702283999 -0.2421917670 0.0000000000 -0.0047780000 0.2421917670 0.9702283999 0.0000000000 0.0101480000 0.0000000000 0.0000000000 1.0000000000 -0.0070450000
1772700843.0765800476 0.9708614252 -0.2396415929 0.0000000000 -0.0044170000 0.2396415929 0.9708614252 0.0000000000 0.0090540000 0.0000000000 0.0000000000 1.0000000000 -0.0071420000
1772700843.1764922142 0.9683415178 -0.2496291348 0.0000000000 -0.0044810000 0.2496291348 0.9683415178 0.0000000000 0.0096480000 0.0000000000 0.0000000000 1.0000000000 -0.0076290000
1772700843.2764074802 0.9674809875 -0.2529437464 0.0000000000 -0.0047390000 0.2529437464 0.9674809875 0.0000000000 0.0102310000 0.0000000000 0.0000000000 1.0000000000 -0.0071930000
1772700843.3763339520 0.9684403303 -0.2492455147 0.0000000000 -0.0043190000 0.2492455147 0.9684403303 0.0000000000 0.0102200000 0.0000000000 0.0000000000 1.0000000000 -0.0071680000
1772700843.4763925076 0.9695947265 -0.2447162977 0.0000000000 -0.0030250000 0.2447162977 0.9695947265 0.0000000000 0.0103490000 0.0000000000 0.0000000000 1.0000000000 -0.0072040000
1772700843.5764613152 0.9690894349 -0.2467096819 0.0000000000 -0.0023090000 0.2467096819 0.9690894349 0.0000000000 0.0102170000 0.0000000000 0.0000000000 1.0000000000 -0.0068320000
1772700843.6765708923 0.9694743793 -0.2451926341 0.0000000000 -0.0023250000 0.2451926341 0.9694743793 0.0000000000 0.0099070000 0.0000000000 0.0000000000 1.0000000000 -0.0065540000
1772700843.7766048908 0.9685118029 -0.2489676436 0.0000000000 -0.0033150000 0.2489676436 0.9685118029 0.0000000000 0.0092030000 0.0000000000 0.0000000000 1.0000000000 -0.0064450000
1772700843.8766677380 0.9704841109 -0.2411650688 0.0000000000 -0.0046220000 0.2411650688 0.9704841109 0.0000000000 0.0091810000 0.0000000000 0.0000000000 1.0000000000 -0.0068810000
1772700843.9768743515 0.9729156212 -0.2311605374 0.0000000000 -0.0046660000 0.2311605374 0.9729156212 0.0000000000 0.0093080000 0.0000000000 0.0000000000 1.0000000000 -0.0079350000
1772700844.0770194530 0.9689444131 -0.2472786372 0.0000000000 -0.0048540000 0.2472786372 0.9689444131 0.0000000000 0.0092580000 0.0000000000 0.0000000000 1.0000000000 -0.0079190000
1772700844.1770610809 0.9690996107 -0.2466697072 0.0000000000 -0.0054490000 0.2466697072 0.9690996107 0.0000000000 0.0100950000 0.0000000000 0.0000000000 1.0000000000 -0.0073820000
1772700844.2769205570 0.9723729705 -0.2334326589 0.0000000000 -0.0045090000 0.2334326589 0.9723729705 0.0000000000 0.0109750000 0.0000000000 0.0000000000 1.0000000000 -0.0070460000
1772700844.3767817020 0.9723832328 -0.2333899068 0.0000000000 -0.0044570000 0.2333899068 0.9723832328 0.0000000000 0.0119390000 0.0000000000 0.0000000000 1.0000000000 -0.0066690000
1772700844.4767146111 0.9713732187 -0.2375585610 0.0000000000 -0.0077310000 0.2375585610 0.9713732187 0.0000000000 0.0128420000 0.0000000000 0.0000000000 1.0000000000 -0.0066770000
1772700844.5766727924 0.9700508710 -0.2429018476 0.0000000000 -0.0119160000 0.2429018476 0.9700508710 0.0000000000 0.0131810000 0.0000000000 0.0000000000 1.0000000000 -0.0068250000
1772700844.6767542362 0.9693842779 -0.2455486137 0.0000000000 -0.0162680000 0.2455486137 0.9693842779 0.0000000000 0.0128960000 0.0000000000 0.0000000000 1.0000000000 -0.0066650000
1772700844.7768046856 0.9710011830 -0.2390746801 0.0000000000 -0.0214630000 0.2390746801 0.9710011830 0.0000000000 0.0123720000 0.0000000000 0.0000000000 1.0000000000 -0.0059740000
1772700844.8768441677 0.9724721182 -0.2330192681 0.0000000000 -0.0275730000 0.2330192681 0.9724721182 0.0000000000 0.0123920000 0.0000000000 0.0000000000 1.0000000000 -0.0057380000
1772700844.9768018723 0.9761948184 -0.2168955427 0.0000000000 -0.0355380000 0.2168955427 0.9761948184 0.0000000000 0.0112960000 0.0000000000 0.0000000000 1.0000000000 -0.0051550000
1772700845.0767481327 0.9785666746 -0.2059302389 0.0000000000 -0.0441280000 0.2059302389 0.9785666746 0.0000000000 0.0103430000 0.0000000000 0.0000000000 1.0000000000 -0.0047980000
1772700845.1768839359 0.9769875196 -0.2132964755 0.0000000000 -0.0540210000 0.2132964755 0.9769875196 0.0000000000 0.0108180000 0.0000000000 0.0000000000 1.0000000000 -0.0041240000
1772700845.2770805359 0.9769394457 -0.2135165555 0.0000000000 -0.0653250000 0.2135165555 0.9769394457 0.0000000000 0.0105290000 0.0000000000 0.0000000000 1.0000000000 -0.0046330000
1772700845.3772377968 0.9775169862 -0.2108566851 0.0000000000 -0.0762200000 0.2108566851 0.9775169862 0.0000000000 0.0097540000 0.0000000000 0.0000000000 1.0000000000 -0.0044450000
1772700845.4772579670 0.9772474351 -0.2121024529 0.0000000000 -0.0875350000 0.2121024529 0.9772474351 0.0000000000 0.0093480000 0.0000000000 0.0000000000 1.0000000000 -0.0030300000
1772700845.5773255825 0.9736085420 -0.2282244659 0.0000000000 -0.1004170000 0.2282244659 0.9736085420 0.0000000000 0.0087850000 0.0000000000 0.0000000000 1.0000000000 -0.0024140000
1772700845.6773755550 0.9759818279 -0.2178519489 0.0000000000 -0.1127500000 0.2178519489 0.9759818279 0.0000000000 0.0080760000 0.0000000000 0.0000000000 1.0000000000 -0.0021940000
1772700845.7774293423 0.9749859000 -0.2222667200 0.0000000000 -0.1244280000 0.2222667200 0.9749859000 0.0000000000 0.0072990000 0.0000000000 0.0000000000 1.0000000000 -0.0015610000
1772700845.8774302006 0.9762216812 -0.2167746044 0.0000000000 -0.1365130000 0.2167746044 0.9762216812 0.0000000000 0.0058680000 0.0000000000 0.0000000000 1.0000000000 -0.0010350000
1772700845.9773902893 0.9797258440 -0.2003428826 0.0000000000 -0.1505680000 0.2003428826 0.9797258440 0.0000000000 0.0053160000 0.0000000000 0.0000000000 1.0000000000 -0.0007740000
1772700846.0773279667 0.9816698135 -0.1905895517 0.0000000000 -0.1657920000 0.1905895517 0.9816698135 0.0000000000 0.0052450000 0.0000000000 0.0000000000 1.0000000000 -0.0008930000
1772700846.1773355007 0.9798169307 -0.1998969295 0.0000000000 -0.1820590000 0.1998969295 0.9798169307 0.0000000000 0.0051200000 0.0000000000 0.0000000000 1.0000000000 -0.0003390000
1772700846.2774555683 0.9812837420 -0.1925674365 0.0000000000 -0.2003000000 0.1925674365 0.9812837420 0.0000000000 0.0055310000 0.0000000000 0.0000000000 1.0000000000 -0.0003440000
1772700846.3773386478 0.9805561668 -0.1962386397 0.0000000000 -0.2173990000 0.1962386397 0.9805561668 0.0000000000 0.0072210000 0.0000000000 0.0000000000 1.0000000000 0.0002650000
1772700846.4772613049 0.9635318986 -0.2675934985 0.0000000000 -0.2354210000 0.2675934985 0.9635318986 0.0000000000 0.0092520000 0.0000000000 0.0000000000 1.0000000000 0.0003320000
1772700846.5771389008 0.8570855462 -0.5151741128 0.0000000000 -0.2528050000 0.5151741128 0.8570855462 0.0000000000 0.0084910000 0.0000000000 0.0000000000 1.0000000000 0.0017380000
1772700846.6771075726 0.6463137650 -0.7630717641 0.0000000000 -0.2689000000 0.7630717641 0.6463137650 0.0000000000 0.0071840000 0.0000000000 0.0000000000 1.0000000000 0.0031700000
1772700846.7771105766 0.4652185135 -0.8851958736 0.0000000000 -0.2852170000 0.8851958736 0.4652185135 0.0000000000 0.0065390000 0.0000000000 0.0000000000 1.0000000000 0.0037840000
1772700846.8772668839 0.2458060821 -0.9693190239 0.0000000000 -0.3029530000 0.9693190239 0.2458060821 0.0000000000 0.0050290000 0.0000000000 0.0000000000 1.0000000000 0.0036860000
1772700846.9772179127 -0.0706715057 -0.9974996433 0.0000000000 -0.3187240000 0.9974996433 -0.0706715057 0.0000000000 0.0035780000 0.0000000000 0.0000000000 1.0000000000 0.0045090000
1772700847.0772383213 -0.3890990380 -0.9211959285 0.0000000000 -0.3363740000 0.9211959285 -0.3890990380 0.0000000000 0.0016410000 0.0000000000 0.0000000000 1.0000000000 0.0051200000
1772700847.1772990227 -0.7492243983 -0.6623162394 0.0000000000 -0.3537670000 0.6623162394 -0.7492243983 0.0000000000 -0.0007680000 0.0000000000 0.0000000000 1.0000000000 0.0070390000
1772700847.2773053646 -0.9766525274 -0.2148251399 0.0000000000 -0.3706440000 0.2148251399 -0.9766525274 0.0000000000 -0.0036510000 0.0000000000 0.0000000000 1.0000000000 0.0082580000
1772700847.3772006035 -0.9526796509 0.3039761221 0.0000000000 -0.3878880000 -0.3039761221 -0.9526796509 0.0000000000 -0.0084550000 0.0000000000 0.0000000000 1.0000000000 0.0071000000
1772700847.4770431519 -0.6524807455 0.7578053026 0.0000000000 -0.4038480000 -0.7578053026 -0.6524807455 0.0000000000 -0.0119430000 0.0000000000 0.0000000000 1.0000000000 0.0076070000
1772700847.5769135952 -0.1603713004 0.9870567593 0.0000000000 -0.4207180000 -0.9870567593 -0.1603713004 0.0000000000 -0.0147440000 0.0000000000 0.0000000000 1.0000000000 0.0092470000
1772700847.6767489910 0.2313865864 0.9728618852 0.0000000000 -0.4381400000 -0.9728618852 0.2313865864 0.0000000000 -0.0183330000 0.0000000000 0.0000000000 1.0000000000 0.0087710000
1772700847.7767629623 0.5484136464 0.8362071947 0.0000000000 -0.4565030000 -0.8362071947 0.5484136464 0.0000000000 -0.0220220000 0.0000000000 0.0000000000 1.0000000000 0.0095330000
1772700847.8767344952 0.7632550485 0.6460973076 0.0000000000 -0.4742090000 -0.6460973076 0.7632550485 0.0000000000 -0.0256550000 0.0000000000 0.0000000000 1.0000000000 0.0092490000
1772700847.9767010212 0.8765175816 0.4813698466 0.0000000000 -0.4929850000 -0.4813698466 0.8765175816 0.0000000000 -0.0298110000 0.0000000000 0.0000000000 1.0000000000 0.0089120000
1772700848.0766904354 0.9395690015 0.3423595936 0.0000000000 -0.5121740000 -0.3423595936 0.9395690015 0.0000000000 -0.0335910000 0.0000000000 0.0000000000 1.0000000000 0.0089270000
1772700848.1766734123 0.9556369266 0.2945472195 0.0000000000 -0.5323580000 -0.2945472195 0.9556369266 0.0000000000 -0.0356560000 0.0000000000 0.0000000000 1.0000000000 0.0104560000
1772700848.2767388821 0.9575926579 0.2881254963 0.0000000000 -0.5518700000 -0.2881254963 0.9575926579 0.0000000000 -0.0370440000 0.0000000000 0.0000000000 1.0000000000 0.0120950000
1772700848.3768565655 0.9576487940 0.2879388605 0.0000000000 -0.5737650000 -0.2879388605 0.9576487940 0.0000000000 -0.0386080000 0.0000000000 0.0000000000 1.0000000000 0.0123280000
1772700848.4770514965 0.9611431656 0.2760503854 0.0000000000 -0.5959930000 -0.2760503854 0.9611431656 0.0000000000 -0.0385500000 0.0000000000 0.0000000000 1.0000000000 0.0123270000
1772700848.5772576332 0.9648394711 0.2628398657 0.0000000000 -0.6198480000 -0.2628398657 0.9648394711 0.0000000000 -0.0398850000 0.0000000000 0.0000000000 1.0000000000 0.0126180000
1772700848.6228866577 0.9578622909 0.2872278393 0.0000000000 -0.6444070000 -0.2872278393 0.9578622909 0.0000000000 -0.0425830000 0.0000000000 0.0000000000 1.0000000000 0.0113600000
1772700848.7774870396 0.9538655557 0.3002340780 0.0000000000 -0.6687830000 -0.3002340780 0.9538655557 0.0000000000 -0.0442130000 0.0000000000 0.0000000000 1.0000000000 0.0125580000
1772700848.8777379990 0.9463768560 0.3230647712 0.0000000000 -0.6936850000 -0.3230647712 0.9463768560 0.0000000000 -0.0461510000 0.0000000000 0.0000000000 1.0000000000 0.0135740000
1772700848.9779822826 0.9420788516 0.3353914687 0.0000000000 -0.7183710000 -0.3353914687 0.9420788516 0.0000000000 -0.0483780000 0.0000000000 0.0000000000 1.0000000000 0.0157610000
1772700849.0780169964 0.9482360319 0.3175664149 0.0000000000 -0.7413260000 -0.3175664149 0.9482360319 0.0000000000 -0.0520990000 0.0000000000 0.0000000000 1.0000000000 0.0175040000
1772700849.1776695251 0.9387554075 0.3445842202 0.0000000000 -0.7632030000 -0.3445842202 0.9387554075 0.0000000000 -0.0558710000 0.0000000000 0.0000000000 1.0000000000 0.0178490000
1772700849.2773263454 0.9493345106 0.3142673814 0.0000000000 -0.7866470000 -0.3142673814 0.9493345106 0.0000000000 -0.0610960000 0.0000000000 0.0000000000 1.0000000000 0.0182900000
1772700849.3770656586 0.9384432581 0.3454334254 0.0000000000 -0.8094540000 -0.3454334254 0.9384432581 0.0000000000 -0.0643260000 0.0000000000 0.0000000000 1.0000000000 0.0202460000
1772700849.4768629074 0.9435424230 0.3312517110 0.0000000000 -0.8304250000 -0.3312517110 0.9435424230 0.0000000000 -0.0669700000 0.0000000000 0.0000000000 1.0000000000 0.0221000000
1772700849.5768272877 0.9419397205 0.3357820171 0.0000000000 -0.8513380000 -0.3357820171 0.9419397205 0.0000000000 -0.0713980000 0.0000000000 0.0000000000 1.0000000000 0.0222110000
1772700849.6768136024 0.9322018592 0.3619387984 0.0000000000 -0.8729390000 -0.3619387984 0.9322018592 0.0000000000 -0.0755640000 0.0000000000 0.0000000000 1.0000000000 0.0253150000
1772700849.7768132687 0.9429657452 0.3328897765 0.0000000000 -0.8953450000 -0.3328897765 0.9429657452 0.0000000000 -0.0802240000 0.0000000000 0.0000000000 1.0000000000 0.0250060000
1772700849.8225216866 0.9375852728 0.3477554546 0.0000000000 -0.9181380000 -0.3477554546 0.9375852728 0.0000000000 -0.0847070000 0.0000000000 0.0000000000 1.0000000000 0.0247390000
1772700849.9767837524 0.9348202201 0.3551213258 0.0000000000 -0.9413230000 -0.3551213258 0.9348202201 0.0000000000 -0.0893750000 0.0000000000 0.0000000000 1.0000000000 0.0277000000
1772700850.0767214298 0.9414181754 0.3372414848 0.0000000000 -0.9639980000 -0.3372414848 0.9414181754 0.0000000000 -0.0936570000 0.0000000000 0.0000000000 1.0000000000 0.0266010000
1772700850.1219906807 0.9295350465 0.3687337756 0.0000000000 -0.9869720000 -0.3687337756 0.9295350465 0.0000000000 -0.0985370000 0.0000000000 0.0000000000 1.0000000000 0.0268550000
1772700850.2766084671 0.9383320340 0.3457354394 0.0000000000 -1.0095510000 -0.3457354394 0.9383320340 0.0000000000 -0.1019540000 0.0000000000 0.0000000000 1.0000000000 0.0277840000
1772700850.3765757084 0.9330019357 0.3598713493 0.0000000000 -1.0336110000 -0.3598713493 0.9330019357 0.0000000000 -0.1039500000 0.0000000000 0.0000000000 1.0000000000 0.0288460000
1772700850.4766311646 0.9402874937 0.3403812996 0.0000000000 -1.0578310000 -0.3403812996 0.9402874937 0.0000000000 -0.1060010000 0.0000000000 0.0000000000 1.0000000000 0.0285000000
1772700850.5768184662 0.9366598966 0.3502402577 0.0000000000 -1.0827810000 -0.3502402577 0.9366598966 0.0000000000 -0.1072750000 0.0000000000 0.0000000000 1.0000000000 0.0275060000
1772700850.6766941547 0.9439980849 0.3299509292 0.0000000000 -1.1074110000 -0.3299509292 0.9439980849 0.0000000000 -0.1088180000 0.0000000000 0.0000000000 1.0000000000 0.0289340000
1772700850.7229785919 0.9484512747 0.3169229868 0.0000000000 -1.1326110000 -0.3169229868 0.9484512747 0.0000000000 -0.1101560000 0.0000000000 0.0000000000 1.0000000000 0.0283090000
1772700850.8764710426 0.9537754033 0.3005203490 0.0000000000 -1.1588510000 -0.3005203490 0.9537754033 0.0000000000 -0.1133510000 0.0000000000 0.0000000000 1.0000000000 0.0273710000
1772700850.9765028954 0.9576538661 0.2879219908 0.0000000000 -1.1845510000 -0.2879219908 0.9576538661 0.0000000000 -0.1171200000 0.0000000000 0.0000000000 1.0000000000 0.0290800000
1772700851.0765731335 0.9551488333 0.2961261660 0.0000000000 -1.2091810000 -0.2961261660 0.9551488333 0.0000000000 -0.1202630000 0.0000000000 0.0000000000 1.0000000000 0.0300790000
1772700851.1765773296 0.9516740640 0.3071098759 0.0000000000 -1.2340210000 -0.3071098759 0.9516740640 0.0000000000 -0.1228570000 0.0000000000 0.0000000000 1.0000000000 0.0312260000
1772700851.2233157158 0.9594626050 0.2818359621 0.0000000000 -1.2611610000 -0.2818359621 0.9594626050 0.0000000000 -0.1260810000 0.0000000000 0.0000000000 1.0000000000 0.0296760000
1772700851.3767557144 0.9536076887 0.3010521152 0.0000000000 -1.2887210000 -0.3010521152 0.9536076887 0.0000000000 -0.1290680000 0.0000000000 0.0000000000 1.0000000000 0.0311380000
1772700851.4236645699 0.9429965254 0.3328025739 0.0000000000 -1.3159210000 -0.3328025739 0.9429965254 0.0000000000 -0.1327130000 0.0000000000 0.0000000000 1.0000000000 0.0329080000
1772700851.5768976212 0.9435930421 0.3311074913 0.0000000000 -1.3428310000 -0.3311074913 0.9435930421 0.0000000000 -0.1367000000 0.0000000000 0.0000000000 1.0000000000 0.0341340000
1772700851.6768755913 0.9404266845 0.3399965456 0.0000000000 -1.3712410000 -0.3399965456 0.9404266845 0.0000000000 -0.1401960000 0.0000000000 0.0000000000 1.0000000000 0.0339430000
1772700851.7767701149 0.9424881470 0.3342395738 0.0000000000 -1.3983310000 -0.3342395738 0.9424881470 0.0000000000 -0.1440380000 0.0000000000 0.0000000000 1.0000000000 0.0355410000
1772700851.8768138885 0.9294316057 0.3689944313 0.0000000000 -1.4257610000 -0.3689944313 0.9294316057 0.0000000000 -0.1474730000 0.0000000000 0.0000000000 1.0000000000 0.0365390000
1772700851.9768023491 0.9298686957 0.3678915720 0.0000000000 -1.4545410000 -0.3678915720 0.9298686957 0.0000000000 -0.1508510000 0.0000000000 0.0000000000 1.0000000000 0.0382680000
1772700852.0768523216 0.9302706314 0.3668740280 0.0000000000 -1.4852310000 -0.3668740280 0.9302706314 0.0000000000 -0.1545710000 0.0000000000 0.0000000000 1.0000000000 0.0377780000
1772700852.1232895851 0.9167416695 0.3994805519 0.0000000000 -1.5151210000 -0.3994805519 0.9167416695 0.0000000000 -0.1591280000 0.0000000000 0.0000000000 1.0000000000 0.0390930000
1772700852.2769434452 0.9163492525 0.4003798789 0.0000000000 -1.5447310000 -0.4003798789 0.9163492525 0.0000000000 -0.1635680000 0.0000000000 0.0000000000 1.0000000000 0.0407600000
1772700852.3245217800 0.8670713662 0.4981839479 0.0000000000 -1.5761110000 -0.4981839479 0.8670713662 0.0000000000 -0.1682450000 0.0000000000 0.0000000000 1.0000000000 0.0416550000
1772700852.4770512581 0.6166833373 0.7872113195 0.0000000000 -1.6087210000 -0.7872113195 0.6166833373 0.0000000000 -0.1713510000 0.0000000000 0.0000000000 1.0000000000 0.0428240000
1772700852.5771124363 -0.0199877037 0.9998002259 0.0000000000 -1.6402510000 -0.9998002259 -0.0199877037 0.0000000000 -0.1726690000 0.0000000000 0.0000000000 1.0000000000 0.0417040000
1772700852.6771576405 -0.7916183799 0.6110158268 0.0000000000 -1.6698710000 -0.6110158268 -0.7916183799 0.0000000000 -0.1727570000 0.0000000000 0.0000000000 1.0000000000 0.0433240000
1772700852.7771778107 -0.9596309748 -0.2812621413 0.0000000000 -1.6973310000 0.2812621413 -0.9596309748 0.0000000000 -0.1710390000 0.0000000000 0.0000000000 1.0000000000 0.0448080000
1772700852.8771729469 -0.3732240712 -0.9277412315 0.0000000000 -1.7226310000 0.9277412315 -0.3732240712 0.0000000000 -0.1695360000 0.0000000000 0.0000000000 1.0000000000 0.0457520000
1772700852.9771084785 0.2825626396 -0.9592488492 0.0000000000 -1.7426510000 0.9592488492 0.2825626396 0.0000000000 -0.1692560000 0.0000000000 0.0000000000 1.0000000000 0.0435270000
1772700853.0249397755 0.5987641890 -0.8009253686 0.0000000000 -1.7557610000 0.8009253686 0.5987641890 0.0000000000 -0.1688170000 0.0000000000 0.0000000000 1.0000000000 0.0434090000
1772700853.1769931316 0.6940381824 -0.7199381928 0.0000000000 -1.7661510000 0.7199381928 0.6940381824 0.0000000000 -0.1685320000 0.0000000000 0.0000000000 1.0000000000 0.0443140000
1772700853.2240116596 0.7135203569 -0.7006344984 0.0000000000 -1.7739710000 0.7006344984 0.7135203569 0.0000000000 -0.1673340000 0.0000000000 0.0000000000 1.0000000000 0.0456460000
1772700853.3240616322 0.7149704214 -0.6991547014 0.0000000000 -1.7787310000 0.6991547014 0.7149704214 0.0000000000 -0.1657440000 0.0000000000 0.0000000000 1.0000000000 0.0462830000
1772700853.4769594669 0.7168468394 -0.6972306711 0.0000000000 -1.7822410000 0.6972306711 0.7168468394 0.0000000000 -0.1647910000 0.0000000000 0.0000000000 1.0000000000 0.0449330000
1772700853.5245757103 0.7302449757 -0.6831853888 0.0000000000 -1.7839310000 0.6831853888 0.7302449757 0.0000000000 -0.1648070000 0.0000000000 0.0000000000 1.0000000000 0.0450060000
1772700853.6259157658 0.7362317597 -0.6767294851 0.0000000000 -1.7856610000 0.6767294851 0.7362317597 0.0000000000 -0.1649030000 0.0000000000 0.0000000000 1.0000000000 0.0443760000
1772700853.7251217365 0.7386114369 -0.6741314006 0.0000000000 -1.7869610000 0.6741314006 0.7386114369 0.0000000000 -0.1647950000 0.0000000000 0.0000000000 1.0000000000 0.0439380000
1772700853.8250126839 0.7432018715 -0.6690672449 0.0000000000 -1.7871110000 0.6690672449 0.7432018715 0.0000000000 -0.1650190000 0.0000000000 0.0000000000 1.0000000000 0.0444100000
1772700853.9248316288 0.7331306898 -0.6800877823 0.0000000000 -1.7875910000 0.6800877823 0.7331306898 0.0000000000 -0.1653450000 0.0000000000 0.0000000000 1.0000000000 0.0446950000
1772700854.0767562389 0.7398774933 -0.6727416257 0.0000000000 -1.7875510000 0.6727416257 0.7398774933 0.0000000000 -0.1656720000 0.0000000000 0.0000000000 1.0000000000 0.0447540000
1772700854.1244037151 0.7406303490 -0.6719127072 0.0000000000 -1.7873610000 0.6719127072 0.7406303490 0.0000000000 -0.1655740000 0.0000000000 0.0000000000 1.0000000000 0.0448890000
1772700854.2764909267 0.7397556010 -0.6728756577 0.0000000000 -1.7868010000 0.6728756577 0.7397556010 0.0000000000 -0.1657200000 0.0000000000 0.0000000000 1.0000000000 0.0451350000
1772700854.3250296116 0.7412089993 -0.6712743250 0.0000000000 -1.7868510000 0.6712743250 0.7412089993 0.0000000000 -0.1670850000 0.0000000000 0.0000000000 1.0000000000 0.0440820000
1772700854.4252276421 0.7419813143 -0.6704205615 0.0000000000 -1.7874210000 0.6704205615 0.7419813143 0.0000000000 -0.1682010000 0.0000000000 0.0000000000 1.0000000000 0.0442150000
1772700854.5251085758 0.7438223396 -0.6683773837 0.0000000000 -1.7878210000 0.6683773837 0.7438223396 0.0000000000 -0.1680360000 0.0000000000 0.0000000000 1.0000000000 0.0447870000
1772700854.6252226830 0.7403229568 -0.6722513813 0.0000000000 -1.7875710000 0.6722513813 0.7403229568 0.0000000000 -0.1670070000 0.0000000000 0.0000000000 1.0000000000 0.0446970000
1772700854.7253267765 0.7416526990 -0.6707840741 0.0000000000 -1.7869410000 0.6707840741 0.7416526990 0.0000000000 -0.1654460000 0.0000000000 0.0000000000 1.0000000000 0.0451310000
1772700854.8250117302 0.7417972117 -0.6706242589 0.0000000000 -1.7862410000 0.6706242589 0.7417972117 0.0000000000 -0.1647750000 0.0000000000 0.0000000000 1.0000000000 0.0455970000
1772700854.9255776405 0.7433367607 -0.6689173792 0.0000000000 -1.7861810000 0.6689173792 0.7433367607 0.0000000000 -0.1650520000 0.0000000000 0.0000000000 1.0000000000 0.0457920000
1772700855.0260326862 0.7403373577 -0.6722355218 0.0000000000 -1.7858810000 0.6722355218 0.7403373577 0.0000000000 -0.1650910000 0.0000000000 0.0000000000 1.0000000000 0.0451650000
1772700855.1761631966 0.7455723327 -0.6664247120 0.0000000000 -1.7853110000 0.6664247120 0.7455723327 0.0000000000 -0.1640560000 0.0000000000 0.0000000000 1.0000000000 0.0445260000
1772700855.2257077694 0.7380031728 -0.6747972413 0.0000000000 -1.7861610000 0.6747972413 0.7380031728 0.0000000000 -0.1627980000 0.0000000000 0.0000000000 1.0000000000 0.0448630000
1772700855.3254926205 0.7369359793 -0.6759625451 0.0000000000 -1.7860910000 0.6759625451 0.7369359793 0.0000000000 -0.1632800000 0.0000000000 0.0000000000 1.0000000000 0.0441700000
1772700855.4264516830 0.7395248080 -0.6731293028 0.0000000000 -1.7853810000 0.6731293028 0.7395248080 0.0000000000 -0.1636640000 0.0000000000 0.0000000000 1.0000000000 0.0442970000
1772700855.5263745785 0.7403242467 -0.6722499607 0.0000000000 -1.7853010000 0.6722499607 0.7403242467 0.0000000000 -0.1636050000 0.0000000000 0.0000000000 1.0000000000 0.0443800000
1772700855.6272726059 0.7382508072 -0.6745263121 0.0000000000 -1.7846410000 0.6745263121 0.7382508072 0.0000000000 -0.1632010000 0.0000000000 0.0000000000 1.0000000000 0.0447130000
1772700855.7257556915 0.7401192316 -0.6724756672 0.0000000000 -1.7838210000 0.6724756672 0.7401192316 0.0000000000 -0.1637880000 0.0000000000 0.0000000000 1.0000000000 0.0443650000
1772700855.8281657696 0.7398668858 -0.6727532916 0.0000000000 -1.7844510000 0.6727532916 0.7398668858 0.0000000000 -0.1643910000 0.0000000000 0.0000000000 1.0000000000 0.0443800000
1772700855.9263367653 0.7382168820 -0.6745634404 0.0000000000 -1.7859510000 0.6745634404 0.7382168820 0.0000000000 -0.1651440000 0.0000000000 0.0000000000 1.0000000000 0.0444020000
1772700856.0263726711 0.7364943453 -0.6764437001 0.0000000000 -1.7872610000 0.6764437001 0.7364943453 0.0000000000 -0.1652100000 0.0000000000 0.0000000000 1.0000000000 0.0441420000
1772700856.1259026527 0.7333185917 -0.6798851690 0.0000000000 -1.7873410000 0.6798851690 0.7333185917 0.0000000000 -0.1646680000 0.0000000000 0.0000000000 1.0000000000 0.0440470000
1772700856.2268877029 0.7400794750 -0.6725194203 0.0000000000 -1.7870910000 0.6725194203 0.7400794750 0.0000000000 -0.1640490000 0.0000000000 0.0000000000 1.0000000000 0.0441030000
1772700856.3766458035 0.7312378862 -0.6821225357 0.0000000000 -1.7866510000 0.6821225357 0.7312378862 0.0000000000 -0.1635910000 0.0000000000 0.0000000000 1.0000000000 0.0439700000
1772700856.4259767532 0.7356387483 -0.6773740709 0.0000000000 -1.7861310000 0.6773740709 0.7356387483 0.0000000000 -0.1633710000 0.0000000000 0.0000000000 1.0000000000 0.0446640000
1772700856.5267307758 0.7411431911 -0.6713469821 0.0000000000 -1.7858910000 0.6713469821 0.7411431911 0.0000000000 -0.1632940000 0.0000000000 0.0000000000 1.0000000000 0.0431890000
1772700856.6271567345 0.7431900556 -0.6690803698 0.0000000000 -1.7860510000 0.6690803698 0.7431900556 0.0000000000 -0.1639140000 0.0000000000 0.0000000000 1.0000000000 0.0430390000
1772700856.7278506756 0.7417843334 -0.6706385037 0.0000000000 -1.7861010000 0.6706385037 0.7417843334 0.0000000000 -0.1645400000 0.0000000000 0.0000000000 1.0000000000 0.0429430000
1772700856.8264086246 0.7481578583 -0.6635207751 0.0000000000 -1.7858710000 0.6635207751 0.7481578583 0.0000000000 -0.1643260000 0.0000000000 0.0000000000 1.0000000000 0.0435550000
1772700856.9282906055 0.7435590563 -0.6686702698 0.0000000000 -1.7867310000 0.6686702698 0.7435590563 0.0000000000 -0.1637170000 0.0000000000 0.0000000000 1.0000000000 0.0435380000
1772700857.0272226334 0.7397936081 -0.6728338706 0.0000000000 -1.7867810000 0.6728338706 0.7397936081 0.0000000000 -0.1636950000 0.0000000000 0.0000000000 1.0000000000 0.0443680000
1772700857.1268665791 0.7409419929 -0.6715690309 0.0000000000 -1.7864110000 0.6715690309 0.7409419929 0.0000000000 -0.1635570000 0.0000000000 0.0000000000 1.0000000000 0.0443020000
1772700857.2266356945 0.7374227110 -0.6754315253 0.0000000000 -1.7863910000 0.6754315253 0.7374227110 0.0000000000 -0.1631680000 0.0000000000 0.0000000000 1.0000000000 0.0452680000
1772700857.3277015686 0.7406410630 -0.6719008973 0.0000000000 -1.7860010000 0.6719008973 0.7406410630 0.0000000000 -0.1631050000 0.0000000000 0.0000000000 1.0000000000 0.0449410000
1772700857.4273357391 0.7330285086 -0.6801979165 0.0000000000 -1.7866410000 0.6801979165 0.7330285086 0.0000000000 -0.1627290000 0.0000000000 0.0000000000 1.0000000000 0.0444780000
1772700857.5272316933 0.7326128005 -0.6806456381 0.0000000000 -1.7864610000 0.6806456381 0.7326128005 0.0000000000 -0.1627030000 0.0000000000 0.0000000000 1.0000000000 0.0436090000
1772700857.6271567345 0.7398157180 -0.6728095595 0.0000000000 -1.7860310000 0.6728095595 0.7398157180 0.0000000000 -0.1628880000 0.0000000000 0.0000000000 1.0000000000 0.0439410000
1772700857.7270796299 0.7412376225 -0.6712427184 0.0000000000 -1.7858810000 0.6712427184 0.7412376225 0.0000000000 -0.1632210000 0.0000000000 0.0000000000 1.0000000000 0.0440950000
1772700857.8280477524 0.7353039485 -0.6777374885 0.0000000000 -1.7860510000 0.6777374885 0.7353039485 0.0000000000 -0.1641750000 0.0000000000 0.0000000000 1.0000000000 0.0449940000
1772700857.9273166656 0.7340620832 -0.6790823647 0.0000000000 -1.7868810000 0.6790823647 0.7340620832 0.0000000000 -0.1644780000 0.0000000000 0.0000000000 1.0000000000 0.0448820000
1772700858.0270946026 0.7373965282 -0.6754601100 0.0000000000 -1.7859610000 0.6754601100 0.7373965282 0.0000000000 -0.1641330000 0.0000000000 0.0000000000 1.0000000000 0.0440280000
1772700858.1274447441 0.7438618946 -0.6683333613 0.0000000000 -1.7847510000 0.6683333613 0.7438618946 0.0000000000 -0.1635650000 0.0000000000 0.0000000000 1.0000000000 0.0437770000
1772700858.2283775806 0.7311041960 -0.6822658240 0.0000000000 -1.7843310000 0.6822658240 0.7311041960 0.0000000000 -0.1625660000 0.0000000000 0.0000000000 1.0000000000 0.0441000000
1772700858.3280365467 0.7292719737 -0.6842239315 0.0000000000 -1.7856310000 0.6842239315 0.7292719737 0.0000000000 -0.1614920000 0.0000000000 0.0000000000 1.0000000000 0.0451780000
1772700858.4279804230 0.7319260012 -0.6813841272 0.0000000000 -1.7881310000 0.6813841272 0.7319260012 0.0000000000 -0.1614740000 0.0000000000 0.0000000000 1.0000000000 0.0452100000
1772700858.5278227329 0.7353706046 -0.6776651635 0.0000000000 -1.7906010000 0.6776651635 0.7353706046 0.0000000000 -0.1613290000 0.0000000000 0.0000000000 1.0000000000 0.0450150000
1772700858.6274726391 0.7382749829 -0.6744998515 0.0000000000 -1.7913510000 0.6744998515 0.7382749829 0.0000000000 -0.1617070000 0.0000000000 0.0000000000 1.0000000000 0.0437140000
1772700858.7277376652 0.7397147654 -0.6729205495 0.0000000000 -1.7911410000 0.6729205495 0.7397147654 0.0000000000 -0.1617590000 0.0000000000 0.0000000000 1.0000000000 0.0441550000
1772700858.8280725479 0.7324440901 -0.6808271843 0.0000000000 -1.7935310000 0.6808271843 0.7324440901 0.0000000000 -0.1621550000 0.0000000000 0.0000000000 1.0000000000 0.0446150000
1772700858.8766460419 0.7270941296 -0.6865377824 0.0000000000 -1.7988110000 0.6865377824 0.7270941296 0.0000000000 -0.1625460000 0.0000000000 0.0000000000 1.0000000000 0.0447870000
1772700859.0287177563 0.7389895210 -0.6737169197 0.0000000000 -1.8054310000 0.6737169197 0.7389895210 0.0000000000 -0.1621380000 0.0000000000 0.0000000000 1.0000000000 0.0450950000
1772700859.1281607151 0.7349518739 -0.6781192690 0.0000000000 -1.8129910000 0.6781192690 0.7349518739 0.0000000000 -0.1608580000 0.0000000000 0.0000000000 1.0000000000 0.0449600000
1772700859.2277796268 0.7279473317 -0.6856330522 0.0000000000 -1.8221110000 0.6856330522 0.7279473317 0.0000000000 -0.1606480000 0.0000000000 0.0000000000 1.0000000000 0.0441060000
1772700859.3281686306 0.7290179193 -0.6844946116 0.0000000000 -1.8310610000 0.6844946116 0.7290179193 0.0000000000 -0.1613330000 0.0000000000 0.0000000000 1.0000000000 0.0439410000
1772700859.4284467697 0.7195358499 -0.6944552978 0.0000000000 -1.8395910000 0.6944552978 0.7195358499 0.0000000000 -0.1616720000 0.0000000000 0.0000000000 1.0000000000 0.0446600000
1772700859.5285246372 0.7192519502 -0.6947493304 0.0000000000 -1.8495110000 0.6947493304 0.7192519502 0.0000000000 -0.1604460000 0.0000000000 0.0000000000 1.0000000000 0.0446840000
1772700859.6282765865 0.7170472538 -0.6970245590 0.0000000000 -1.8602410000 0.6970245590 0.7170472538 0.0000000000 -0.1594090000 0.0000000000 0.0000000000 1.0000000000 0.0448350000
1772700859.7288155556 0.7090966603 -0.7051112865 0.0000000000 -1.8711410000 0.7051112865 0.7090966603 0.0000000000 -0.1590660000 0.0000000000 0.0000000000 1.0000000000 0.0461290000
1772700859.8292336464 0.7097750525 -0.7044284030 0.0000000000 -1.8835810000 0.7044284030 0.7097750525 0.0000000000 -0.1585000000 0.0000000000 0.0000000000 1.0000000000 0.0460000000
1772700859.9299347401 0.7035054908 -0.7106898229 0.0000000000 -1.8956510000 0.7106898229 0.7035054908 0.0000000000 -0.1594030000 0.0000000000 0.0000000000 1.0000000000 0.0461860000
1772700860.0294675827 0.7142644418 -0.6998759227 0.0000000000 -1.9078310000 0.6998759227 0.7142644418 0.0000000000 -0.1607850000 0.0000000000 0.0000000000 1.0000000000 0.0472800000
1772700860.1303906441 0.7198132309 -0.6941677842 0.0000000000 -1.9210910000 0.6941677842 0.7198132309 0.0000000000 -0.1615360000 0.0000000000 0.0000000000 1.0000000000 0.0475200000
1772700860.2295045853 0.7238608332 -0.6899460081 0.0000000000 -1.9335010000 0.6899460081 0.7238608332 0.0000000000 -0.1614530000 0.0000000000 0.0000000000 1.0000000000 0.0474810000
1772700860.3302087784 0.7210607423 -0.6928718539 0.0000000000 -1.9455010000 0.6928718539 0.7210607423 0.0000000000 -0.1605360000 0.0000000000 0.0000000000 1.0000000000 0.0475110000
1772700860.4286377430 0.7295376799 -0.6839406214 0.0000000000 -1.9577410000 0.6839406214 0.7295376799 0.0000000000 -0.1600250000 0.0000000000 0.0000000000 1.0000000000 0.0482560000
1772700860.5293157101 0.7228285535 -0.6910274106 0.0000000000 -1.9708310000 0.6910274106 0.7228285535 0.0000000000 -0.1600070000 0.0000000000 0.0000000000 1.0000000000 0.0496690000
1772700860.6299395561 0.7240666609 -0.6897299983 0.0000000000 -1.9854610000 0.6897299983 0.7240666609 0.0000000000 -0.1606720000 0.0000000000 0.0000000000 1.0000000000 0.0494340000
1772700860.6771655083 0.7319791325 -0.6813270503 0.0000000000 -2.0007210000 0.6813270503 0.7319791325 0.0000000000 -0.1611920000 0.0000000000 0.0000000000 1.0000000000 0.0508880000
1772700860.8300206661 0.7297862928 -0.6836753373 0.0000000000 -2.0166410000 0.6836753373 0.7297862928 0.0000000000 -0.1622060000 0.0000000000 0.0000000000 1.0000000000 0.0514880000
1772700860.9296345711 0.7238825322 -0.6899232418 0.0000000000 -2.0332810000 0.6899232418 0.7238825322 0.0000000000 -0.1640460000 0.0000000000 0.0000000000 1.0000000000 0.0498910000
1772700861.0306317806 0.7112401883 -0.7029490697 0.0000000000 -2.0487610000 0.7029490697 0.7112401883 0.0000000000 -0.1651930000 0.0000000000 0.0000000000 1.0000000000 0.0508140000
1772700861.1305797100 0.7126488898 -0.7015208905 0.0000000000 -2.0628020000 0.7015208905 0.7126488898 0.0000000000 -0.1657130000 0.0000000000 0.0000000000 1.0000000000 0.0519800000
1772700861.2300705910 0.7164101043 -0.6976794124 0.0000000000 -2.0776220000 0.6976794124 0.7164101043 0.0000000000 -0.1657470000 0.0000000000 0.0000000000 1.0000000000 0.0516020000
1772700861.3298985958 0.7044330493 -0.7097704411 0.0000000000 -2.0937620000 0.7097704411 0.7044330493 0.0000000000 -0.1664890000 0.0000000000 0.0000000000 1.0000000000 0.0515970000
1772700861.4303667545 0.7169547970 -0.6971196591 0.0000000000 -2.1095120000 0.6971196591 0.7169547970 0.0000000000 -0.1670770000 0.0000000000 0.0000000000 1.0000000000 0.0522340000
1772700861.5300517082 0.6986236285 -0.7154893610 0.0000000000 -2.1291620000 0.7154893610 0.6986236285 0.0000000000 -0.1665460000 0.0000000000 0.0000000000 1.0000000000 0.0533690000
1772700861.6304187775 0.7091001841 -0.7051077427 0.0000000000 -2.1507020000 0.7051077427 0.7091001841 0.0000000000 -0.1656270000 0.0000000000 0.0000000000 1.0000000000 0.0530680000
1772700861.7300467491 0.7566503849 -0.6538196961 0.0000000000 -2.1748620000 0.6538196961 0.7566503849 0.0000000000 -0.1650820000 0.0000000000 0.0000000000 1.0000000000 0.0533610000
1772700861.8309097290 0.7887597427 -0.6147016091 0.0000000000 -2.2015120000 0.6147016091 0.7887597427 0.0000000000 -0.1663260000 0.0000000000 0.0000000000 1.0000000000 0.0542530000
1772700861.9318547249 0.8004878294 -0.5993490093 0.0000000000 -2.2301120000 0.5993490093 0.8004878294 0.0000000000 -0.1686390000 0.0000000000 0.0000000000 1.0000000000 0.0546140000
1772700862.0308756828 0.8249678974 -0.5651795894 0.0000000000 -2.2607220000 0.5651795894 0.8249678974 0.0000000000 -0.1705470000 0.0000000000 0.0000000000 1.0000000000 0.0539570000
1772700862.1303477287 0.8517722958 -0.5239121645 0.0000000000 -2.2900320000 0.5239121645 0.8517722958 0.0000000000 -0.1712540000 0.0000000000 0.0000000000 1.0000000000 0.0538750000
1772700862.2308635712 0.8614480431 -0.5078457138 0.0000000000 -2.3178720000 0.5078457138 0.8614480431 0.0000000000 -0.1724270000 0.0000000000 0.0000000000 1.0000000000 0.0554490000
1772700862.3327035904 0.8654266924 -0.5010355677 0.0000000000 -2.3460620000 0.5010355677 0.8654266924 0.0000000000 -0.1744250000 0.0000000000 0.0000000000 1.0000000000 0.0583500000
1772700862.4311096668 0.8604470839 -0.5095398079 0.0000000000 -2.3765820000 0.5095398079 0.8604470839 0.0000000000 -0.1764180000 0.0000000000 0.0000000000 1.0000000000 0.0586400000
1772700862.5305597782 0.8826247937 -0.4700781569 0.0000000000 -2.4082820000 0.4700781569 0.8826247937 0.0000000000 -0.1791140000 0.0000000000 0.0000000000 1.0000000000 0.0590110000
1772700862.6315116882 0.8891195875 -0.4576749492 0.0000000000 -2.4359320000 0.4576749492 0.8891195875 0.0000000000 -0.1806620000 0.0000000000 0.0000000000 1.0000000000 0.0599350000
1772700862.7313165665 0.8998787637 -0.4361401273 0.0000000000 -2.4657120000 0.4361401273 0.8998787637 0.0000000000 -0.1814360000 0.0000000000 0.0000000000 1.0000000000 0.0593640000
1772700862.8310246468 0.9155004767 -0.4023168866 0.0000000000 -2.4963620000 0.4023168866 0.9155004767 0.0000000000 -0.1824140000 0.0000000000 0.0000000000 1.0000000000 0.0605220000
1772700862.9314167500 0.9139233282 -0.4058868687 0.0000000000 -2.5279820000 0.4058868687 0.9139233282 0.0000000000 -0.1841250000 0.0000000000 0.0000000000 1.0000000000 0.0621550000
1772700863.0316295624 0.9188768697 -0.3945444187 0.0000000000 -2.5596620000 0.3945444187 0.9188768697 0.0000000000 -0.1835320000 0.0000000000 0.0000000000 1.0000000000 0.0644750000
1772700863.1316676140 0.9111458661 -0.4120839849 0.0000000000 -2.5909120000 0.4120839849 0.9111458661 0.0000000000 -0.1836370000 0.0000000000 0.0000000000 1.0000000000 0.0631320000
1772700863.2313015461 0.9018020292 -0.4321493956 0.0000000000 -2.6251120000 0.4321493956 0.9018020292 0.0000000000 -0.1834990000 0.0000000000 0.0000000000 1.0000000000 0.0624150000
1772700863.3315417767 0.8996460578 -0.4366199385 0.0000000000 -2.6598420000 0.4366199385 0.8996460578 0.0000000000 -0.1836530000 0.0000000000 0.0000000000 1.0000000000 0.0644720000
1772700863.4314825535 0.8987435752 -0.4384746128 0.0000000000 -2.6944920000 0.4384746128 0.8987435752 0.0000000000 -0.1846580000 0.0000000000 0.0000000000 1.0000000000 0.0666070000
1772700863.5321507454 0.8892049117 -0.4575091528 0.0000000000 -2.7286520000 0.4575091528 0.8892049117 0.0000000000 -0.1867850000 0.0000000000 0.0000000000 1.0000000000 0.0672930000
1772700863.6323387623 0.8927255218 -0.4506008685 0.0000000000 -2.7632220000 0.4506008685 0.8927255218 0.0000000000 -0.1885510000 0.0000000000 0.0000000000 1.0000000000 0.0670440000
1772700863.7322585583 0.9264998583 -0.3762951136 0.0000000000 -2.7990420000 0.3762951136 0.9264998583 0.0000000000 -0.1891830000 0.0000000000 0.0000000000 1.0000000000 0.0683850000
1772700863.8336496353 0.9994073902 -0.0344219174 0.0000000000 -2.8341620000 0.0344219174 0.9994073902 0.0000000000 -0.1877330000 0.0000000000 0.0000000000 1.0000000000 0.0685470000
1772700863.9322686195 0.8753179404 0.4835478293 0.0000000000 -2.8680320000 -0.4835478293 0.8753179404 -0.0000000000 -0.1849770000 -0.0000000000 0.0000000000 1.0000000000 0.0696320000
1772700864.0321207047 0.5290357776 0.8485995204 0.0000000000 -2.9028820000 -0.8485995204 0.5290357776 -0.0000000000 -0.1827150000 -0.0000000000 0.0000000000 1.0000000000 0.0683360000
1772700864.1322047710 0.0733465872 0.9973065116 0.0000000000 -2.9363120000 -0.9973065116 0.0733465872 -0.0000000000 -0.1813960000 -0.0000000000 0.0000000000 1.0000000000 0.0713410000
1772700864.2325866222 -0.1927928074 0.9812394883 0.0000000000 -2.9695220000 -0.9812394883 -0.1927928074 -0.0000000000 -0.1791080000 -0.0000000000 0.0000000000 1.0000000000 0.0717810000
1772700864.3320195675 -0.3736393645 0.9275740538 0.0000000000 -3.0028220000 -0.9275740538 -0.3736393645 -0.0000000000 -0.1759930000 -0.0000000000 0.0000000000 1.0000000000 0.0711340000
1772700864.4324147701 -0.4989679490 0.8666204393 0.0000000000 -3.0368920000 -0.8666204393 -0.4989679490 -0.0000000000 -0.1743650000 -0.0000000000 0.0000000000 1.0000000000 0.0711080000
1772700864.5321116447 -0.5955853345 0.8032920448 0.0000000000 -3.0719420000 -0.8032920448 -0.5955853345 -0.0000000000 -0.1736060000 -0.0000000000 0.0000000000 1.0000000000 0.0709030000
1772700864.6321976185 -0.6648449395 0.7469813963 0.0000000000 -3.1075920000 -0.7469813963 -0.6648449395 -0.0000000000 -0.1726500000 -0.0000000000 0.0000000000 1.0000000000 0.0712390000
1772700864.7325787544 -0.7515361190 0.6596919447 0.0000000000 -3.1437720000 -0.6596919447 -0.7515361190 -0.0000000000 -0.1727720000 -0.0000000000 0.0000000000 1.0000000000 0.0713090000
1772700864.8327217102 -0.7485305981 0.6631002516 0.0000000000 -3.1795120000 -0.6631002516 -0.7485305981 -0.0000000000 -0.1731020000 -0.0000000000 0.0000000000 1.0000000000 0.0723500000
1772700864.9337975979 -0.7522871453 0.6588353748 0.0000000000 -3.2152820000 -0.6588353748 -0.7522871453 -0.0000000000 -0.1720540000 -0.0000000000 0.0000000000 1.0000000000 0.0726410000
1772700865.0325167179 -0.7239946263 0.6898056111 0.0000000000 -3.2506820000 -0.6898056111 -0.7239946263 -0.0000000000 -0.1715430000 -0.0000000000 0.0000000000 1.0000000000 0.0747130000
1772700865.0767052174 -0.7802088714 0.6255190781 0.0000000000 -3.2879220000 -0.6255190781 -0.7802088714 -0.0000000000 -0.1720510000 -0.0000000000 0.0000000000 1.0000000000 0.0755590000
1772700865.2327497005 -0.8694072983 0.4940960935 0.0000000000 -3.3499620000 -0.4940960935 -0.8694072983 -0.0000000000 -0.2066620000 -0.0000000000 0.0000000000 1.0000000000 0.0646070000
1772700865.3327326775 -0.8594524590 0.5112156792 0.0000000000 -3.3896310000 -0.5112156792 -0.8594524590 -0.0000000000 -0.2054030000 -0.0000000000 0.0000000000 1.0000000000 0.0642130000
1772700865.4333636761 -0.8858295054 0.4640108699 0.0000000000 -3.4288700000 -0.4640108699 -0.8858295054 -0.0000000000 -0.2038610000 -0.0000000000 0.0000000000 1.0000000000 0.0627470000
1772700865.5330576897 -0.8947119860 0.4466435514 0.0000000000 -3.4684200000 -0.4466435514 -0.8947119860 -0.0000000000 -0.2024130000 -0.0000000000 0.0000000000 1.0000000000 0.0630380000
1772700865.6330666542 -0.8858065865 0.4640546211 0.0000000000 -3.5101480000 -0.4640546211 -0.8858065865 -0.0000000000 -0.1994090000 -0.0000000000 0.0000000000 1.0000000000 0.0648750000
1772700865.7328855991 -0.9070971921 0.4209212326 0.0000000000 -3.5541960000 -0.4209212326 -0.9070971921 -0.0000000000 -0.1957300000 -0.0000000000 0.0000000000 1.0000000000 0.0672900000
1772700865.8338077068 -0.8912278722 0.4535558178 0.0000000000 -3.5978140000 -0.4535558178 -0.8912278722 -0.0000000000 -0.1928150000 -0.0000000000 0.0000000000 1.0000000000 0.0679960000
1772700865.9335937500 -0.9071191564 0.4208738958 0.0000000000 -3.6417730000 -0.4208738958 -0.9071191564 -0.0000000000 -0.1908930000 -0.0000000000 0.0000000000 1.0000000000 0.0668440000
1772700866.0333156586 -0.9012950644 0.4332057328 0.0000000000 -3.6867430000 -0.4332057328 -0.9012950644 -0.0000000000 -0.1906550000 -0.0000000000 0.0000000000 1.0000000000 0.0678290000
1772700866.1330475807 -0.8952314752 0.4456013979 0.0000000000 -3.7321130000 -0.4456013979 -0.8952314752 -0.0000000000 -0.1913370000 -0.0000000000 0.0000000000 1.0000000000 0.0676520000
1772700866.2353556156 -0.9078864988 0.4192160604 0.0000000000 -3.7770240000 -0.4192160604 -0.9078864988 -0.0000000000 -0.1914380000 -0.0000000000 0.0000000000 1.0000000000 0.0678140000
1772700866.3336327076 -0.9164130093 0.4002339270 0.0000000000 -3.8193430000 -0.4002339270 -0.9164130093 -0.0000000000 -0.1909690000 -0.0000000000 0.0000000000 1.0000000000 0.0683880000
1772700866.4337656498 -0.9194205227 0.3932758604 0.0000000000 -3.8623020000 -0.3932758604 -0.9194205227 -0.0000000000 -0.1891330000 -0.0000000000 0.0000000000 1.0000000000 0.0673340000
1772700866.5337126255 -0.9162835633 0.4005301882 0.0000000000 -3.9036020000 -0.4005301882 -0.9162835633 -0.0000000000 -0.1884880000 -0.0000000000 0.0000000000 1.0000000000 0.0701670000
1772700866.6341156960 -0.9189362557 0.3944060826 0.0000000000 -3.9460020000 -0.3944060826 -0.9189362557 -0.0000000000 -0.1880630000 -0.0000000000 0.0000000000 1.0000000000 0.0702190000
1772700866.7357466221 -0.9146233310 0.4043070150 0.0000000000 -3.9890020000 -0.4043070150 -0.9146233310 -0.0000000000 -0.1887080000 -0.0000000000 0.0000000000 1.0000000000 0.0705750000
1772700866.8334505558 -0.9237846609 0.3829123924 0.0000000000 -4.0325410000 -0.3829123924 -0.9237846609 -0.0000000000 -0.1871760000 -0.0000000000 0.0000000000 1.0000000000 0.0700380000
1772700866.9347727299 -0.9036407255 0.4282913018 0.0000000000 -4.0754210000 -0.4282913018 -0.9036407255 -0.0000000000 -0.1859110000 -0.0000000000 0.0000000000 1.0000000000 0.0739540000
1772700867.0335335732 -0.9083141190 0.4182887296 0.0000000000 -4.1181000000 -0.4182887296 -0.9083141190 -0.0000000000 -0.1848710000 -0.0000000000 0.0000000000 1.0000000000 0.0732850000
1772700867.1344077587 -0.9066983133 0.4217797631 0.0000000000 -4.1615110000 -0.4217797631 -0.9066983133 -0.0000000000 -0.1849320000 -0.0000000000 0.0000000000 1.0000000000 0.0732790000
1772700867.2334547043 -0.9109048597 0.4126164522 0.0000000000 -4.2039800000 -0.4126164522 -0.9109048597 -0.0000000000 -0.1832200000 -0.0000000000 0.0000000000 1.0000000000 0.0769660000
1772700867.3342597485 -0.9343287200 0.3564124620 0.0000000000 -4.2465080000 -0.3564124620 -0.9343287200 -0.0000000000 -0.1801500000 -0.0000000000 0.0000000000 1.0000000000 0.0757980000
1772700867.4348077774 -0.9973164412 -0.0732114482 -0.0000000000 -4.2902750000 0.0732114482 -0.9973164412 0.0000000000 -0.1766300000 0.0000000000 -0.0000000000 1.0000000000 0.0732290000
1772700867.5362167358 -0.8821483263 -0.4709716875 -0.0000000000 -4.3340540000 0.4709716875 -0.8821483263 0.0000000000 -0.1739000000 0.0000000000 -0.0000000000 1.0000000000 0.0733070000
1772700867.6342697144 -0.8905641157 -0.4548577315 -0.0000000000 -4.3762020000 0.4548577315 -0.8905641157 0.0000000000 -0.1708740000 0.0000000000 -0.0000000000 1.0000000000 0.0745720000
1772700867.7349317074 -0.8139107211 -0.5809899638 -0.0000000000 -4.4182700000 0.5809899638 -0.8139107211 0.0000000000 -0.1677750000 0.0000000000 -0.0000000000 1.0000000000 0.0754440000
1772700867.8351826668 -0.7520199591 -0.6591403349 -0.0000000000 -4.4629590000 0.6591403349 -0.7520199591 0.0000000000 -0.1657840000 0.0000000000 -0.0000000000 1.0000000000 0.0757050000
1772700867.9350075722 -0.6963052369 -0.7177457886 -0.0000000000 -4.5082180000 0.7177457886 -0.6963052369 0.0000000000 -0.1646060000 0.0000000000 -0.0000000000 1.0000000000 0.0732580000
1772700868.0348236561 -0.6642095800 -0.7475464092 -0.0000000000 -4.5518370000 0.7475464092 -0.6642095800 0.0000000000 -0.1628800000 0.0000000000 -0.0000000000 1.0000000000 0.0729150000
1772700868.1356346607 -0.6006180368 -0.7995360992 -0.0000000000 -4.5955660000 0.7995360992 -0.6006180368 0.0000000000 -0.1605560000 0.0000000000 -0.0000000000 1.0000000000 0.0746780000
1772700868.2358436584 -0.3955192064 -0.9184577058 -0.0000000000 -4.6396440000 0.9184577058 -0.3955192064 0.0000000000 -0.1579370000 0.0000000000 -0.0000000000 1.0000000000 0.0751620000
1772700868.3351845741 -0.3720624648 -0.9282076935 -0.0000000000 -4.6842720000 0.9282076935 -0.3720624648 0.0000000000 -0.1538390000 0.0000000000 -0.0000000000 1.0000000000 0.0746000000
1772700868.4347915649 -0.3010826823 -0.9535980382 -0.0000000000 -4.7295510000 0.9535980382 -0.3010826823 0.0000000000 -0.1518580000 0.0000000000 -0.0000000000 1.0000000000 0.0758000000
1772700868.5351135731 -0.2758051506 -0.9612135657 -0.0000000000 -4.7747000000 0.9612135657 -0.2758051506 0.0000000000 -0.1501410000 0.0000000000 -0.0000000000 1.0000000000 0.0762980000
1772700868.6362435818 -0.2582117095 -0.9660883568 -0.0000000000 -4.8201880000 0.9660883568 -0.2582117095 0.0000000000 -0.1474890000 0.0000000000 -0.0000000000 1.0000000000 0.0766480000
1772700868.7354745865 -0.0515837052 -0.9986686745 -0.0000000000 -4.8630560000 0.9986686745 -0.0515837052 0.0000000000 -0.1444300000 0.0000000000 -0.0000000000 1.0000000000 0.0765890000
1772700868.8354835510 0.2730465035 -0.9620008352 -0.0000000000 -4.9062850000 0.9620008352 0.2730465035 0.0000000000 -0.1420940000 0.0000000000 -0.0000000000 1.0000000000 0.0771650000
1772700868.9389836788 0.2386936390 -0.9710949216 -0.0000000000 -4.9528940000 0.9710949216 0.2386936390 0.0000000000 -0.1396190000 0.0000000000 -0.0000000000 1.0000000000 0.0770530000
1772700869.0358295441 0.3538042667 -0.9353194860 -0.0000000000 -4.9989520000 0.9353194860 0.3538042667 0.0000000000 -0.1372620000 0.0000000000 -0.0000000000 1.0000000000 0.0769170000
1772700869.1359446049 0.3820156018 -0.9241558743 -0.0000000000 -5.0437710000 0.9241558743 0.3820156018 0.0000000000 -0.1345930000 0.0000000000 -0.0000000000 1.0000000000 0.0802150000
1772700869.2357985973 0.4287362927 -0.9034296826 -0.0000000000 -5.0888680000 0.9034296826 0.4287362927 0.0000000000 -0.1296710000 0.0000000000 -0.0000000000 1.0000000000 0.0823520000
1772700869.3366477489 0.4694775495 -0.8829444097 -0.0000000000 -5.1337660000 0.8829444097 0.4694775495 0.0000000000 -0.1258450000 0.0000000000 -0.0000000000 1.0000000000 0.0820610000
1772700869.4361376762 0.4702766403 -0.8825190545 -0.0000000000 -5.1800330000 0.8825190545 0.4702766403 0.0000000000 -0.1217200000 0.0000000000 -0.0000000000 1.0000000000 0.0802950000
1772700869.5361206532 0.4524950083 -0.8917669356 -0.0000000000 -5.2243610000 0.8917669356 0.4524950083 0.0000000000 -0.1183610000 0.0000000000 -0.0000000000 1.0000000000 0.0817900000
1772700869.6369185448 0.5053371525 -0.8629219909 -0.0000000000 -5.2659680000 0.8629219909 0.5053371525 0.0000000000 -0.1138480000 0.0000000000 -0.0000000000 1.0000000000 0.0820790000
1772700869.7357835770 0.5039659703 -0.8637235095 -0.0000000000 -5.3076870000 0.8637235095 0.5039659703 0.0000000000 -0.1109780000 0.0000000000 -0.0000000000 1.0000000000 0.0844360000
1772700869.8362085819 0.4629104453 -0.8864050539 -0.0000000000 -5.3505640000 0.8864050539 0.4629104453 0.0000000000 -0.1070230000 0.0000000000 -0.0000000000 1.0000000000 0.0823470000
1772700869.9361927509 0.4571115180 -0.8894093883 -0.0000000000 -5.3938320000 0.8894093883 0.4571115180 0.0000000000 -0.1031200000 0.0000000000 -0.0000000000 1.0000000000 0.0861720000
1772700870.0362076759 0.4760970511 -0.8793927438 -0.0000000000 -5.4368190000 0.8793927438 0.4760970511 0.0000000000 -0.0984450000 0.0000000000 -0.0000000000 1.0000000000 0.0850300000
1772700870.1360526085 0.4602242495 -0.8878027034 -0.0000000000 -5.4802860000 0.8878027034 0.4602242495 0.0000000000 -0.0929540000 0.0000000000 -0.0000000000 1.0000000000 0.0816460000
1772700870.2360336781 0.4508560396 -0.8925966791 -0.0000000000 -5.5226130000 0.8925966791 0.4508560396 0.0000000000 -0.0886860000 0.0000000000 -0.0000000000 1.0000000000 0.0843500000
1772700870.3367347717 0.4581630164 -0.8888681850 -0.0000000000 -5.5656710000 0.8888681850 0.4581630164 0.0000000000 -0.0856780000 0.0000000000 -0.0000000000 1.0000000000 0.0823990000
1772700870.4364385605 0.4705664825 -0.8823645423 -0.0000000000 -5.6097490000 0.8823645423 0.4705664825 0.0000000000 -0.0820250000 0.0000000000 -0.0000000000 1.0000000000 0.0834370000
1772700870.5362637043 0.4645175581 -0.8855639097 -0.0000000000 -5.6543760000 0.8855639097 0.4645175581 0.0000000000 -0.0779570000 0.0000000000 -0.0000000000 1.0000000000 0.0818580000
1772700870.6365847588 0.4474109504 -0.8943284863 -0.0000000000 -5.7007850000 0.8943284863 0.4474109504 0.0000000000 -0.0754120000 0.0000000000 -0.0000000000 1.0000000000 0.0825580000
1772700870.7370295525 0.4474301152 -0.8943188984 -0.0000000000 -5.7458040000 0.8943188984 0.4474301152 0.0000000000 -0.0730690000 0.0000000000 -0.0000000000 1.0000000000 0.0821340000
1772700870.8368117809 0.4379555304 -0.8989966371 -0.0000000000 -5.7888320000 0.8989966371 0.4379555304 0.0000000000 -0.0710780000 0.0000000000 -0.0000000000 1.0000000000 0.0832450000
1772700870.9366567135 0.4495260968 -0.8932671987 -0.0000000000 -5.8302900000 0.8932671987 0.4495260968 0.0000000000 -0.0664580000 0.0000000000 -0.0000000000 1.0000000000 0.0867540000
1772700871.0382306576 0.4387295290 -0.8986191632 -0.0000000000 -5.8720070000 0.8986191632 0.4387295290 0.0000000000 -0.0614830000 0.0000000000 -0.0000000000 1.0000000000 0.0845920000
1772700871.1379187107 0.4377828373 -0.8990807458 -0.0000000000 -5.9144230000 0.8990807458 0.4377828373 0.0000000000 -0.0560840000 0.0000000000 -0.0000000000 1.0000000000 0.0836130000
1772700871.2369575500 0.4348202648 -0.9005172610 -0.0000000000 -5.9565100000 0.9005172610 0.4348202648 0.0000000000 -0.0512230000 0.0000000000 -0.0000000000 1.0000000000 0.0848620000
1772700871.3364727497 0.4069579423 -0.9134468968 -0.0000000000 -5.9999480000 0.9134468968 0.4069579423 0.0000000000 -0.0470670000 0.0000000000 -0.0000000000 1.0000000000 0.0825900000
1772700871.4379105568 0.4309339492 -0.9023834725 -0.0000000000 -6.0432460000 0.9023834725 0.4309339492 0.0000000000 -0.0436630000 0.0000000000 -0.0000000000 1.0000000000 0.0825560000
1772700871.5372545719 0.4101560260 -0.9120153696 -0.0000000000 -6.0864430000 0.9120153696 0.4101560260 0.0000000000 -0.0396130000 0.0000000000 -0.0000000000 1.0000000000 0.0834760000
1772700871.6377146244 0.4069759659 -0.9134388667 -0.0000000000 -6.1299610000 0.9134388667 0.4069759659 0.0000000000 -0.0356900000 0.0000000000 -0.0000000000 1.0000000000 0.0848430000
1772700871.7373917103 0.3982624815 -0.9172714952 -0.0000000000 -6.1752190000 0.9172714952 0.3982624815 0.0000000000 -0.0329980000 0.0000000000 -0.0000000000 1.0000000000 0.0848350000
1772700871.8376736641 0.3844679070 -0.9231383582 -0.0000000000 -6.2218680000 0.9231383582 0.3844679070 0.0000000000 -0.0307810000 0.0000000000 -0.0000000000 1.0000000000 0.0837030000
1772700871.9377267361 0.4031517466 -0.9151331429 -0.0000000000 -6.2664160000 0.9151331429 0.4031517466 0.0000000000 -0.0278990000 0.0000000000 -0.0000000000 1.0000000000 0.0851720000
1772700872.0374746323 0.3897556231 -0.9209183212 -0.0000000000 -6.3124840000 0.9209183212 0.3897556231 0.0000000000 -0.0248490000 0.0000000000 -0.0000000000 1.0000000000 0.0838030000
1772700872.1377387047 0.4027644966 -0.9153036438 -0.0000000000 -6.3588520000 0.9153036438 0.4027644966 0.0000000000 -0.0207120000 0.0000000000 -0.0000000000 1.0000000000 0.0832330000
1772700872.2389416695 0.3873725052 -0.9219232844 -0.0000000000 -6.4031300000 0.9219232844 0.3873725052 0.0000000000 -0.0170260000 0.0000000000 -0.0000000000 1.0000000000 0.0843310000
1772700872.3385577202 0.4137330298 -0.9103982535 -0.0000000000 -6.4475570000 0.9103982535 0.4137330298 0.0000000000 -0.0130200000 0.0000000000 -0.0000000000 1.0000000000 0.0849560000
1772700872.4369275570 0.4264984349 -0.9044883001 -0.0000000000 -6.4912140000 0.9044883001 0.4264984349 0.0000000000 -0.0076360000 0.0000000000 -0.0000000000 1.0000000000 0.0865970000
1772700872.5396246910 0.4589988092 -0.8884368819 -0.0000000000 -6.5330310000 0.8884368819 0.4589988092 0.0000000000 -0.0027450000 0.0000000000 -0.0000000000 1.0000000000 0.0853720000
1772700872.6381397247 0.4524646506 -0.8917823389 -0.0000000000 -6.5769380000 0.8917823389 0.4524646506 0.0000000000 0.0012420000 0.0000000000 -0.0000000000 1.0000000000 0.0843960000
1772700872.7388126850 0.4137596796 -0.9103861420 -0.0000000000 -6.6212560000 0.9103861420 0.4137596796 0.0000000000 0.0050340000 0.0000000000 -0.0000000000 1.0000000000 0.0850100000
1772700872.8382256031 0.3963837265 -0.9180849314 -0.0000000000 -6.6667550000 0.9180849314 0.3963837265 0.0000000000 0.0075510000 0.0000000000 -0.0000000000 1.0000000000 0.0859690000
1772700872.9392356873 0.3909503423 -0.9204117719 -0.0000000000 -6.7132930000 0.9204117719 0.3909503423 0.0000000000 0.0103980000 0.0000000000 -0.0000000000 1.0000000000 0.0868340000
1772700873.0381145477 0.3804985506 -0.9247815164 -0.0000000000 -6.7591120000 0.9247815164 0.3804985506 0.0000000000 0.0126240000 0.0000000000 -0.0000000000 1.0000000000 0.0877850000
1772700873.1384875774 0.3885508235 -0.9214272937 -0.0000000000 -6.8060310000 0.9214272937 0.3885508235 0.0000000000 0.0147720000 0.0000000000 -0.0000000000 1.0000000000 0.0873930000
1772700873.2406966686 0.3988461820 -0.9170178423 -0.0000000000 -6.8521190000 0.9170178423 0.3988461820 0.0000000000 0.0171040000 0.0000000000 -0.0000000000 1.0000000000 0.0883800000
1772700873.3385117054 0.3766267177 -0.9263651092 -0.0000000000 -6.8978380000 0.9263651092 0.3766267177 0.0000000000 0.0194480000 0.0000000000 -0.0000000000 1.0000000000 0.0867350000
1772700873.4388687611 0.3507942248 -0.9364525679 -0.0000000000 -6.9434060000 0.9364525679 0.3507942248 0.0000000000 0.0226140000 0.0000000000 -0.0000000000 1.0000000000 0.0863480000
1772700873.5390956402 0.3340858136 -0.9425426617 -0.0000000000 -6.9885140000 0.9425426617 0.3340858136 0.0000000000 0.0250460000 0.0000000000 -0.0000000000 1.0000000000 0.0864730000
1772700873.6387186050 0.3041565638 -0.9526220576 -0.0000000000 -7.0340820000 0.9526220576 0.3041565638 0.0000000000 0.0272940000 0.0000000000 -0.0000000000 1.0000000000 0.0839900000
1772700873.7390205860 0.2899423875 -0.9570441014 -0.0000000000 -7.0782220000 0.9570441014 0.2899423875 0.0000000000 0.0293060000 0.0000000000 -0.0000000000 1.0000000000 0.0860640000
1772700873.8390617371 0.2750600376 -0.9614270517 -0.0000000000 -7.0952260000 0.9614270517 0.2750600376 0.0000000000 0.0533170000 0.0000000000 -0.0000000000 1.0000000000 0.0941930000
1772700873.9388287067 0.2683677022 -0.9633165505 -0.0000000000 -7.1403740000 0.9633165505 0.2683677022 0.0000000000 0.0559210000 0.0000000000 -0.0000000000 1.0000000000 0.0949330000
1772700874.0385406017 0.2876905472 -0.9577234199 -0.0000000000 -7.1863230000 0.9577234199 0.2876905472 0.0000000000 0.0579660000 0.0000000000 -0.0000000000 1.0000000000 0.0926130000
1772700874.1402506828 0.3228660205 -0.9464446803 -0.0000000000 -7.2294730000 0.9464446803 0.3228660205 0.0000000000 0.0595090000 0.0000000000 -0.0000000000 1.0000000000 0.0929140000
1772700874.2403566837 0.3128433847 -0.9498047255 -0.0000000000 -7.2717420000 0.9498047255 0.3128433847 0.0000000000 0.0602090000 0.0000000000 -0.0000000000 1.0000000000 0.0885550000
1772700874.3392536640 0.2746025049 -0.9615578320 -0.0000000000 -7.3149210000 0.9615578320 0.2746025049 0.0000000000 0.0625250000 0.0000000000 -0.0000000000 1.0000000000 0.0868510000
1772700874.4379916191 0.2921681357 -0.9563669696 -0.0000000000 -7.3589490000 0.9563669696 0.2921681357 0.0000000000 0.0658080000 0.0000000000 -0.0000000000 1.0000000000 0.0859480000
1772700874.5392205715 0.2843145711 -0.9587310492 -0.0000000000 -7.4027280000 0.9587310492 0.2843145711 0.0000000000 0.0684410000 0.0000000000 -0.0000000000 1.0000000000 0.0831630000
1772700874.6401445866 0.2752971905 -0.9613591716 -0.0000000000 -7.4457470000 0.9613591716 0.2752971905 0.0000000000 0.0701880000 0.0000000000 -0.0000000000 1.0000000000 0.0829510000
1772700874.7398626804 0.2367630587 -0.9715674213 -0.0000000000 -7.4879260000 0.9715674213 0.2367630587 0.0000000000 0.0712510000 0.0000000000 -0.0000000000 1.0000000000 0.0838250000
1772700874.8397896290 0.2438590809 -0.9698106767 -0.0000000000 -7.5313960000 0.9698106767 0.2438590809 0.0000000000 0.0724300000 0.0000000000 -0.0000000000 1.0000000000 0.0825380000
1772700874.9396016598 0.2440452518 -0.9697638450 -0.0000000000 -7.5765450000 0.9697638450 0.2440452518 0.0000000000 0.0740860000 0.0000000000 -0.0000000000 1.0000000000 0.0808570000
1772700875.0425336361 0.2235286856 -0.9746973513 -0.0000000000 -7.6215830000 0.9746973513 0.2235286856 0.0000000000 0.0777160000 0.0000000000 -0.0000000000 1.0000000000 0.0825650000
1772700875.1401977539 0.2340821702 -0.9722168161 -0.0000000000 -7.6666810000 0.9722168161 0.2340821702 0.0000000000 0.0826940000 0.0000000000 -0.0000000000 1.0000000000 0.0836330000
1772700875.2399387360 0.1836049109 -0.9830001204 -0.0000000000 -7.7104580000 0.9830001204 0.1836049109 0.0000000000 0.0881730000 0.0000000000 -0.0000000000 1.0000000000 0.0847860000
1772700875.3422107697 0.2295066871 -0.9733070844 -0.0000000000 -7.7525960000 0.9733070844 0.2295066871 0.0000000000 0.0925700000 0.0000000000 -0.0000000000 1.0000000000 0.0848130000
1772700875.4419846535 0.2165700219 -0.9762670872 -0.0000000000 -7.7940440000 0.9762670872 0.2165700219 0.0000000000 0.0963630000 0.0000000000 -0.0000000000 1.0000000000 0.0834200000
1772700875.5399515629 0.2234441972 -0.9747167233 -0.0000000000 -7.8376830000 0.9747167233 0.2234441972 0.0000000000 0.0974600000 0.0000000000 -0.0000000000 1.0000000000 0.0813690000
1772700875.6408605576 0.2071034195 -0.9783190551 -0.0000000000 -7.8817830000 0.9783190551 0.2071034195 0.0000000000 0.0986070000 0.0000000000 -0.0000000000 1.0000000000 0.0814900000
1772700875.7424366474 0.2111050349 -0.9774633826 -0.0000000000 -7.9253810000 0.9774633826 0.2111050349 0.0000000000 0.1019410000 0.0000000000 -0.0000000000 1.0000000000 0.0841030000
1772700875.8399195671 0.1927484935 -0.9812481940 -0.0000000000 -7.9696100000 0.9812481940 0.1927484935 0.0000000000 0.1050880000 0.0000000000 -0.0000000000 1.0000000000 0.0845940000
1772700875.9403336048 0.1694825084 -0.9855331955 -0.0000000000 -8.0134280000 0.9855331955 0.1694825084 0.0000000000 0.1085780000 0.0000000000 -0.0000000000 1.0000000000 0.0815090000
1772700876.0409157276 0.1630514127 -0.9866175737 -0.0000000000 -8.0562570000 0.9866175737 0.1630514127 0.0000000000 0.1106190000 0.0000000000 -0.0000000000 1.0000000000 0.0838060000
1772700876.1420776844 0.1321009720 -0.9912362651 -0.0000000000 -8.0991670000 0.9912362651 0.1321009720 0.0000000000 0.1111630000 0.0000000000 -0.0000000000 1.0000000000 0.0812510000
1772700876.2422015667 0.1552501978 -0.9878751824 -0.0000000000 -8.1442970000 0.9878751824 0.1552501978 0.0000000000 0.1109960000 0.0000000000 -0.0000000000 1.0000000000 0.0799570000
1772700876.3425097466 0.1783238201 -0.9839718569 -0.0000000000 -8.1892060000 0.9839718569 0.1783238201 0.0000000000 0.1129390000 0.0000000000 -0.0000000000 1.0000000000 0.0788480000
1772700876.4412376881 0.1763677529 -0.9843243448 -0.0000000000 -8.2337040000 0.9843243448 0.1763677529 0.0000000000 0.1164370000 0.0000000000 -0.0000000000 1.0000000000 0.0761390000
1772700876.5410537720 0.1621473965 -0.9867665488 -0.0000000000 -8.2783220000 0.9867665488 0.1621473965 0.0000000000 0.1198060000 0.0000000000 -0.0000000000 1.0000000000 0.0757180000
1772700876.6433777809 0.1450536920 -0.9894237851 -0.0000000000 -8.3217800000 0.9894237851 0.1450536920 0.0000000000 0.1245620000 0.0000000000 -0.0000000000 1.0000000000 0.0750420000
1772700876.7420907021 0.1721163201 -0.9850766327 -0.0000000000 -8.3643480000 0.9850766327 0.1721163201 0.0000000000 0.1284970000 0.0000000000 -0.0000000000 1.0000000000 0.0750920000
1772700876.8433337212 0.1475758332 -0.9890507436 -0.0000000000 -8.4076760000 0.9890507436 0.1475758332 0.0000000000 0.1321820000 0.0000000000 -0.0000000000 1.0000000000 0.0733520000
1772700876.9408855438 0.1587498340 -0.9873188392 -0.0000000000 -8.4503550000 0.9873188392 0.1587498340 0.0000000000 0.1353850000 0.0000000000 -0.0000000000 1.0000000000 0.0739750000
1772700877.0441477299 0.1759444568 -0.9844000955 -0.0000000000 -8.4934130000 0.9844000955 0.1759444568 0.0000000000 0.1380120000 0.0000000000 -0.0000000000 1.0000000000 0.0736620000
1772700877.1436176300 0.1414603649 -0.9899439202 -0.0000000000 -8.5366620000 0.9899439202 0.1414603649 0.0000000000 0.1414410000 0.0000000000 -0.0000000000 1.0000000000 0.0742090000
1772700877.2437837124 0.1537274402 -0.9881132901 -0.0000000000 -8.5800000000 0.9881132901 0.1537274402 0.0000000000 0.1457230000 0.0000000000 -0.0000000000 1.0000000000 0.0742260000
1772700877.3411197662 0.1559932480 -0.9877581215 -0.0000000000 -8.6225580000 0.9877581215 0.1559932480 0.0000000000 0.1488400000 0.0000000000 -0.0000000000 1.0000000000 0.0758080000
1772700877.4424467087 0.1284781605 -0.9917123385 -0.0000000000 -8.6658670000 0.9917123385 0.1284781605 0.0000000000 0.1510260000 0.0000000000 -0.0000000000 1.0000000000 0.0727580000
1772700877.5417356491 0.0899673686 -0.9959447136 -0.0000000000 -8.7092460000 0.9959447136 0.0899673686 0.0000000000 0.1532910000 0.0000000000 -0.0000000000 1.0000000000 0.0744510000
1772700877.6414165497 0.0953278155 -0.9954459340 -0.0000000000 -8.7515330000 0.9954459340 0.0953278155 0.0000000000 0.1585680000 0.0000000000 -0.0000000000 1.0000000000 0.0739330000
1772700877.7415487766 0.0948816497 -0.9954885597 -0.0000000000 -8.7946110000 0.9954885597 0.0948816497 0.0000000000 0.1624970000 0.0000000000 -0.0000000000 1.0000000000 0.0740610000
1772700877.8441336155 0.0897881286 -0.9959608888 -0.0000000000 -8.8389800000 0.9959608888 0.0897881286 0.0000000000 0.1653560000 0.0000000000 -0.0000000000 1.0000000000 0.0721180000
1772700877.9429187775 0.1043663140 -0.9945389246 -0.0000000000 -8.8826590000 0.9945389246 0.1043663140 0.0000000000 0.1678370000 0.0000000000 -0.0000000000 1.0000000000 0.0755030000
1772700878.0422477722 0.0748043156 -0.9971982322 -0.0000000000 -8.9253980000 0.9971982322 0.0748043156 0.0000000000 0.1703780000 0.0000000000 -0.0000000000 1.0000000000 0.0764760000
1772700878.1421506405 0.0452247595 -0.9989768371 -0.0000000000 -8.9695260000 0.9989768371 0.0452247595 0.0000000000 0.1737920000 0.0000000000 -0.0000000000 1.0000000000 0.0769620000
1772700878.2429337502 0.0525456258 -0.9986185244 -0.0000000000 -9.0131640000 0.9986185244 0.0525456258 0.0000000000 0.1773690000 0.0000000000 -0.0000000000 1.0000000000 0.0763480000
1772700878.3430457115 0.0141238774 -0.9999002531 -0.0000000000 -9.0572530000 0.9999002531 0.0141238774 0.0000000000 0.1811230000 0.0000000000 -0.0000000000 1.0000000000 0.0774680000
1772700878.4420316219 -0.0152643010 -0.9998834938 -0.0000000000 -9.1012600000 0.9998834938 -0.0152643010 0.0000000000 0.1855240000 0.0000000000 -0.0000000000 1.0000000000 0.0763370000
1772700878.5418987274 -0.0235509193 -0.9997226386 -0.0000000000 -9.1455390000 0.9997226386 -0.0235509193 0.0000000000 0.1889440000 0.0000000000 -0.0000000000 1.0000000000 0.0756280000
1772700878.6438395977 -0.0260339442 -0.9996610594 -0.0000000000 -9.1907180000 0.9996610594 -0.0260339442 0.0000000000 0.1910540000 0.0000000000 -0.0000000000 1.0000000000 0.0771490000
1772700878.7438476086 -0.0301966816 -0.9995439762 -0.0000000000 -9.2365060000 0.9995439762 -0.0301966816 0.0000000000 0.1941730000 0.0000000000 -0.0000000000 1.0000000000 0.0757280000
1772700878.8423557281 -0.0893218202 -0.9960028175 -0.0000000000 -9.2820840000 0.9960028175 -0.0893218202 0.0000000000 0.1975090000 0.0000000000 -0.0000000000 1.0000000000 0.0725220000
1772700878.9434685707 -0.1107044339 -0.9938533737 -0.0000000000 -9.3277730000 0.9938533737 -0.1107044339 0.0000000000 0.2004370000 0.0000000000 -0.0000000000 1.0000000000 0.0749220000
1772700879.0430526733 -0.1172781914 -0.9930991017 -0.0000000000 -9.3729220000 0.9930991017 -0.1172781914 0.0000000000 0.2031060000 0.0000000000 -0.0000000000 1.0000000000 0.0731800000
1772700879.1445915699 -0.1398832503 -0.9901680041 -0.0000000000 -9.4187710000 0.9901680041 -0.1398832503 0.0000000000 0.2033340000 0.0000000000 -0.0000000000 1.0000000000 0.0716110000
1772700879.2442257404 -0.1275061057 -0.9918377856 -0.0000000000 -9.4647110000 0.9918377856 -0.1275061057 0.0000000000 0.2037180000 0.0000000000 -0.0000000000 1.0000000000 0.0720620000
1772700879.3437745571 -0.1535894194 -0.9881347531 -0.0000000000 -9.5099210000 0.9881347531 -0.1535894194 0.0000000000 0.2048550000 0.0000000000 -0.0000000000 1.0000000000 0.0700920000
1772700879.4438257217 -0.1309436356 -0.9913898145 -0.0000000000 -9.5555600000 0.9913898145 -0.1309436356 0.0000000000 0.2060160000 0.0000000000 -0.0000000000 1.0000000000 0.0699320000
1772700879.5433857441 -0.1556699102 -0.9878091309 -0.0000000000 -9.6006700000 0.9878091309 -0.1556699102 0.0000000000 0.2075800000 0.0000000000 -0.0000000000 1.0000000000 0.0734850000
1772700879.6429407597 -0.1627241627 -0.9866716003 -0.0000000000 -9.6424680000 0.9866716003 -0.1627241627 0.0000000000 0.2101610000 0.0000000000 -0.0000000000 1.0000000000 0.0736430000
1772700879.7426977158 -0.1595406426 -0.9871913611 -0.0000000000 -9.6827070000 0.9871913611 -0.1595406426 0.0000000000 0.2118080000 0.0000000000 -0.0000000000 1.0000000000 0.0715420000
1772700879.8448226452 -0.1608294649 -0.9869822102 -0.0000000000 -9.7261160000 0.9869822102 -0.1608294649 0.0000000000 0.2153350000 0.0000000000 -0.0000000000 1.0000000000 0.0736830000
1772700879.9444386959 -0.1458140363 -0.9893120169 -0.0000000000 -9.7821330000 0.9893120169 -0.1458140363 0.0000000000 0.2209230000 0.0000000000 -0.0000000000 1.0000000000 0.0745840000
1772700880.0434577465 -0.1240689676 -0.9922735970 -0.0000000000 -9.8495210000 0.9922735970 -0.1240689676 0.0000000000 0.2249750000 0.0000000000 -0.0000000000 1.0000000000 0.0723660000
1772700880.1445705891 -0.1651979641 -0.9862604284 -0.0000000000 -9.9181290000 0.9862604284 -0.1651979641 0.0000000000 0.2289280000 0.0000000000 -0.0000000000 1.0000000000 0.0724340000
1772700880.2446036339 -0.2357807082 -0.9718062861 -0.0000000000 -9.9922460000 0.9718062861 -0.2357807082 0.0000000000 0.2350270000 0.0000000000 -0.0000000000 1.0000000000 0.0687880000
1772700880.3435387611 -0.2267427000 -0.9739546950 -0.0000000000 -10.0763120000 0.9739546950 -0.2267427000 0.0000000000 0.2419790000 0.0000000000 -0.0000000000 1.0000000000 0.0648950000
1772700880.4446127415 -0.2228650766 -0.9748493000 -0.0000000000 -10.1629100000 0.9748493000 -0.2228650766 0.0000000000 0.2472620000 0.0000000000 -0.0000000000 1.0000000000 0.0642600000
1772700880.5437057018 -0.2374580366 -0.9713977974 -0.0000000000 -10.2484080000 0.9713977974 -0.2374580366 0.0000000000 0.2500750000 0.0000000000 -0.0000000000 1.0000000000 0.0640960000
1772700880.6441097260 -0.2381139436 -0.9712372264 -0.0000000000 -10.3321070000 0.9712372264 -0.2381139436 0.0000000000 0.2515140000 0.0000000000 -0.0000000000 1.0000000000 0.0601890000
1772700880.7437136173 -0.2420064927 -0.9702746299 -0.0000000000 -10.4187070000 0.9702746299 -0.2420064927 0.0000000000 0.2533950000 0.0000000000 -0.0000000000 1.0000000000 0.0596890000
1772700880.8439667225 -0.2457870082 -0.9693238605 -0.0000000000 -10.5058040000 0.9693238605 -0.2457870082 0.0000000000 0.2576370000 0.0000000000 -0.0000000000 1.0000000000 0.0568520000
1772700880.9452066422 -0.2687127363 -0.9632203618 -0.0000000000 -10.5942010000 0.9632203618 -0.2687127363 0.0000000000 0.2636980000 0.0000000000 -0.0000000000 1.0000000000 0.0576680000
1772700881.0448367596 -0.2844806176 -0.9586817920 -0.0000000000 -10.6837990000 0.9586817920 -0.2844806176 0.0000000000 0.2696520000 0.0000000000 -0.0000000000 1.0000000000 0.0582750000
1772700881.1450395584 -0.3032606716 -0.9529076372 -0.0000000000 -10.7682950000 0.9529076372 -0.3032606716 0.0000000000 0.2763050000 0.0000000000 -0.0000000000 1.0000000000 0.0591510000
1772700881.2457976341 -0.2978129905 -0.9546242312 -0.0000000000 -10.8548920000 0.9546242312 -0.2978129905 0.0000000000 0.2824760000 0.0000000000 -0.0000000000 1.0000000000 0.0585300000
1772700881.3448157310 -0.3148000324 -0.9491580161 -0.0000000000 -10.9434900000 0.9491580161 -0.3148000324 0.0000000000 0.2878360000 0.0000000000 -0.0000000000 1.0000000000 0.0586490000
1772700881.4459955692 -0.3543274545 -0.9351214119 -0.0000000000 -11.0346860000 0.9351214119 -0.3543274545 0.0000000000 0.2962560000 0.0000000000 -0.0000000000 1.0000000000 0.0591760000
1772700881.5465886593 -0.4021891226 -0.9155566119 -0.0000000000 -11.1262810000 0.9155566119 -0.4021891226 0.0000000000 0.3051130000 0.0000000000 -0.0000000000 1.0000000000 0.0604170000
1772700881.6437246799 -0.3965961215 -0.9179932006 -0.0000000000 -11.2167780000 0.9179932006 -0.3965961215 0.0000000000 0.3118060000 0.0000000000 -0.0000000000 1.0000000000 0.0612010000
1772700881.7445557117 -0.4219997800 -0.9065959329 -0.0000000000 -11.3065760000 0.9065959329 -0.4219997800 0.0000000000 0.3162880000 0.0000000000 -0.0000000000 1.0000000000 0.0619910000
1772700881.8460197449 -0.4523494121 -0.8918407982 -0.0000000000 -11.3947740000 0.8918407982 -0.4523494121 0.0000000000 0.3211600000 0.0000000000 -0.0000000000 1.0000000000 0.0598500000
1772700881.9448366165 -0.4495290808 -0.8932656971 -0.0000000000 -11.4842710000 0.8932656971 -0.4495290808 0.0000000000 0.3254140000 0.0000000000 -0.0000000000 1.0000000000 0.0570300000
1772700882.0456607342 -0.4466571628 -0.8947051911 -0.0000000000 -11.5728690000 0.8947051911 -0.4466571628 0.0000000000 0.3292260000 0.0000000000 -0.0000000000 1.0000000000 0.0555020000
1772700882.1469047070 -0.4495236720 -0.8932684189 -0.0000000000 -11.6612680000 0.8932684189 -0.4495236720 0.0000000000 0.3321490000 0.0000000000 -0.0000000000 1.0000000000 0.0562460000
1772700882.2450506687 -0.4963629082 -0.8681151210 -0.0000000000 -11.7493660000 0.8681151210 -0.4963629082 0.0000000000 0.3359800000 0.0000000000 -0.0000000000 1.0000000000 0.0582000000
1772700882.3451385498 -0.5971916867 -0.8020985534 -0.0000000000 -11.8306900000 0.8020985534 -0.5971916867 0.0000000000 0.3421520000 0.0000000000 -0.0000000000 1.0000000000 0.0370050000
1772700882.4454865456 -0.5972866430 -0.8020278462 -0.0000000000 -11.9195960000 0.8020278462 -0.5972866430 0.0000000000 0.3466590000 0.0000000000 -0.0000000000 1.0000000000 0.0351880000
1772700882.5467426777 -0.6030360383 -0.7977139440 -0.0000000000 -12.0123040000 0.7977139440 -0.6030360383 0.0000000000 0.3522490000 0.0000000000 -0.0000000000 1.0000000000 0.0333420000
1772700882.6454596519 -0.6481867563 -0.7614814042 -0.0000000000 -12.1106110000 0.7614814042 -0.6481867563 0.0000000000 0.3586250000 0.0000000000 -0.0000000000 1.0000000000 0.0326560000
1772700882.7453546524 -0.6056819940 -0.7957068067 -0.0000000000 -12.2193150000 0.7957068067 -0.6056819940 0.0000000000 0.3619270000 0.0000000000 -0.0000000000 1.0000000000 0.0327000000
1772700882.8457617760 -0.6522123511 -0.7580363112 -0.0000000000 -12.3288150000 0.7580363112 -0.6522123511 0.0000000000 0.3624110000 0.0000000000 -0.0000000000 1.0000000000 0.0337590000
1772700882.9464466572 -0.6570781504 -0.7538224620 -0.0000000000 -12.4299180000 0.7538224620 -0.6570781504 0.0000000000 0.3648070000 0.0000000000 -0.0000000000 1.0000000000 0.0331840000
1772700883.0469305515 -0.6726015419 -0.7400048418 -0.0000000000 -12.5312300000 0.7400048418 -0.6726015419 0.0000000000 0.3730180000 0.0000000000 -0.0000000000 1.0000000000 0.0280510000
1772700883.1451277733 -0.5784722822 -0.8157020404 -0.0000000000 -12.6365380000 0.8157020404 -0.5784722822 0.0000000000 0.3820920000 0.0000000000 -0.0000000000 1.0000000000 0.0309650000
1772700883.2459037304 -0.2451918232 -0.9694745844 -0.0000000000 -12.7473500000 0.9694745844 -0.2451918232 0.0000000000 0.3900740000 0.0000000000 -0.0000000000 1.0000000000 0.0267220000
1772700883.3456525803 -0.2425943151 -0.9701278257 -0.0000000000 -12.8460570000 0.9701278257 -0.2425943151 0.0000000000 0.3955970000 0.0000000000 -0.0000000000 1.0000000000 0.0252080000
1772700883.4471676350 -0.2330786522 -0.9724578869 -0.0000000000 -12.9360630000 0.9724578869 -0.2330786522 0.0000000000 0.3990800000 0.0000000000 -0.0000000000 1.0000000000 0.0227290000
1772700883.5456166267 -0.1966187260 -0.9804800235 -0.0000000000 -13.0231700000 0.9804800235 -0.1966187260 0.0000000000 0.4043340000 0.0000000000 -0.0000000000 1.0000000000 0.0205370000
1772700883.6468596458 -0.1730204806 -0.9849182267 -0.0000000000 -13.1084750000 0.9849182267 -0.1730204806 0.0000000000 0.4096750000 0.0000000000 -0.0000000000 1.0000000000 0.0213480000
1772700883.7465887070 -0.1625400191 -0.9867019521 -0.0000000000 -13.1936840000 0.9867019521 -0.1625400191 0.0000000000 0.4157540000 0.0000000000 -0.0000000000 1.0000000000 0.0190640000
1772700883.8460495472 -0.1538110925 -0.9881002721 -0.0000000000 -13.2806920000 0.9881002721 -0.1538110925 0.0000000000 0.4214560000 0.0000000000 -0.0000000000 1.0000000000 0.0166350000
1772700883.9455807209 -0.1906930005 -0.9816497235 -0.0000000000 -13.3667980000 0.9816497235 -0.1906930005 0.0000000000 0.4269130000 0.0000000000 -0.0000000000 1.0000000000 0.0163830000
1772700884.0465457439 -0.1915521162 -0.9814824434 -0.0000000000 -13.4506050000 0.9814824434 -0.1915521162 0.0000000000 0.4361910000 0.0000000000 -0.0000000000 1.0000000000 0.0201950000
1772700884.1466035843 -0.1752203929 -0.9845292347 -0.0000000000 -13.5343130000 0.9845292347 -0.1752203929 0.0000000000 0.4441930000 0.0000000000 -0.0000000000 1.0000000000 0.0214030000
1772700884.2470817566 -0.1777936484 -0.9840677917 -0.0000000000 -13.6210190000 0.9840677917 -0.1777936484 0.0000000000 0.4481340000 0.0000000000 -0.0000000000 1.0000000000 0.0194990000
1772700884.3462107182 -0.1899175947 -0.9818000342 -0.0000000000 -13.7081260000 0.9818000342 -0.1899175947 0.0000000000 0.4535150000 0.0000000000 -0.0000000000 1.0000000000 0.0175010000
1772700884.4460916519 -0.2370326974 -0.9715016728 -0.0000000000 -13.7973320000 0.9715016728 -0.2370326974 0.0000000000 0.4579930000 0.0000000000 -0.0000000000 1.0000000000 0.0152280000
1772700884.5474097729 -0.2716152467 -0.9624059215 -0.0000000000 -13.8888400000 0.9624059215 -0.2716152467 0.0000000000 0.4637410000 0.0000000000 -0.0000000000 1.0000000000 0.0136400000
1772700884.6465706825 -0.3118167689 -0.9501422539 -0.0000000000 -13.9813450000 0.9501422539 -0.3118167689 0.0000000000 0.4701510000 0.0000000000 -0.0000000000 1.0000000000 0.0157830000
1772700884.7471776009 -0.3623681958 -0.9320350265 -0.0000000000 -14.0712510000 0.9320350265 -0.3623681958 0.0000000000 0.4749840000 0.0000000000 -0.0000000000 1.0000000000 0.0152080000
1772700884.8466367722 -0.3776024478 -0.9259678134 -0.0000000000 -14.1594550000 0.9259678134 -0.3776024478 0.0000000000 0.4778670000 0.0000000000 -0.0000000000 1.0000000000 0.0139640000
1772700884.9481067657 -0.3915243304 -0.9201677557 -0.0000000000 -14.2503600000 0.9201677557 -0.3915243304 0.0000000000 0.4806930000 0.0000000000 -0.0000000000 1.0000000000 0.0113820000
1772700885.0485837460 -0.4082875329 -0.9128533784 -0.0000000000 -14.3414590000 0.9128533784 -0.4082875329 0.0000000000 0.4813790000 0.0000000000 -0.0000000000 1.0000000000 0.0140610000
1772700885.1475815773 -0.4497510596 -0.8931539533 -0.0000000000 -14.4283600000 0.8931539533 -0.4497510596 0.0000000000 0.4821610000 0.0000000000 -0.0000000000 1.0000000000 0.0133970000
1772700885.2467997074 -0.4688945287 -0.8832541655 -0.0000000000 -14.5148640000 0.8832541655 -0.4688945287 0.0000000000 0.4827190000 0.0000000000 -0.0000000000 1.0000000000 0.0098530000
1772700885.3476226330 -0.4854028586 -0.8742906066 -0.0000000000 -14.6058710000 0.8742906066 -0.4854028586 0.0000000000 0.4859630000 0.0000000000 -0.0000000000 1.0000000000 0.0053280000
1772700885.4476697445 -0.5528641373 -0.8332714118 -0.0000000000 -14.6970740000 0.8332714118 -0.5528641373 0.0000000000 0.4892260000 0.0000000000 -0.0000000000 1.0000000000 0.0060950000
1772700885.5466446877 -0.5500675637 -0.8351201562 -0.0000000000 -14.7844780000 0.8351201562 -0.5500675637 0.0000000000 0.4936470000 0.0000000000 -0.0000000000 1.0000000000 0.0069530000
1772700885.6471936703 -0.5684708246 -0.8227034226 -0.0000000000 -14.8714850000 0.8227034226 -0.5684708246 0.0000000000 0.4982110000 0.0000000000 -0.0000000000 1.0000000000 0.0034550000
1772700885.7472505569 -0.5495070941 -0.8354890505 -0.0000000000 -14.9608940000 0.8354890505 -0.5495070941 0.0000000000 0.5031970000 0.0000000000 -0.0000000000 1.0000000000 -0.0010200000
1772700885.8477516174 -0.5568277094 -0.8306280166 -0.0000000000 -15.0491050000 0.8306280166 -0.5568277094 0.0000000000 0.5093090000 0.0000000000 -0.0000000000 1.0000000000 -0.0064220000
1772700885.9476046562 -0.2688745443 -0.9631752070 -0.0000000000 -15.1349120000 0.9631752070 -0.2688745443 0.0000000000 0.5147570000 0.0000000000 -0.0000000000 1.0000000000 -0.0080630000
1772700886.0483167171 -0.2571386705 -0.9663745155 -0.0000000000 -15.2212210000 0.9663745155 -0.2571386705 0.0000000000 0.5216130000 0.0000000000 -0.0000000000 1.0000000000 -0.0106940000
1772700886.1465387344 -0.2052039032 -0.9787192438 -0.0000000000 -15.3089310000 0.9787192438 -0.2052039032 0.0000000000 0.5296050000 0.0000000000 -0.0000000000 1.0000000000 -0.0127620000
1772700886.2476856709 -0.2788640631 -0.9603305859 -0.0000000000 -15.3973340000 0.9603305859 -0.2788640631 0.0000000000 0.5352180000 0.0000000000 -0.0000000000 1.0000000000 -0.0081910000
1772700886.3471486568 -0.2729395311 -0.9620311909 -0.0000000000 -15.4838420000 0.9620311909 -0.2729395311 0.0000000000 0.5414640000 0.0000000000 -0.0000000000 1.0000000000 -0.0092740000
1772700886.4478187561 0.2220929991 -0.9750254867 -0.0000000000 -15.5719510000 0.9750254867 0.2220929991 0.0000000000 0.5467710000 0.0000000000 -0.0000000000 1.0000000000 -0.0148650000
1772700886.5474035740 0.6242635008 -0.7812138514 -0.0000000000 -15.6608570000 0.7812138514 0.6242635008 0.0000000000 0.5540140000 0.0000000000 -0.0000000000 1.0000000000 -0.0110090000
1772700886.6475865841 0.5147951358 -0.8573132264 -0.0000000000 -15.7487680000 0.8573132264 0.5147951358 0.0000000000 0.5653880000 0.0000000000 -0.0000000000 1.0000000000 -0.0095100000
1772700886.7489497662 0.6164826420 -0.7873684983 -0.0000000000 -15.8360730000 0.7873684983 0.6164826420 0.0000000000 0.5729420000 0.0000000000 -0.0000000000 1.0000000000 -0.0056740000
1772700886.8483667374 0.6639700139 -0.7477591996 -0.0000000000 -15.9233850000 0.7477591996 0.6639700139 0.0000000000 0.5811770000 0.0000000000 -0.0000000000 1.0000000000 -0.0094260000
1772700886.9478366375 0.9583542103 -0.2855822255 -0.0000000000 -16.0123940000 0.2855822255 0.9583542103 0.0000000000 0.5864940000 0.0000000000 -0.0000000000 1.0000000000 -0.0141810000
1772700887.0481407642 0.8725321710 0.4885566606 0.0000000000 -16.1012970000 -0.4885566606 0.8725321710 0.0000000000 0.5891490000 0.0000000000 0.0000000000 1.0000000000 -0.0145690000
1772700887.1483325958 0.9572643127 0.2892145150 0.0000000000 -16.1873090000 -0.2892145150 0.9572643127 0.0000000000 0.5962720000 0.0000000000 0.0000000000 1.0000000000 -0.0200930000
1772700887.2483046055 0.8977308215 0.4405444042 0.0000000000 -16.2730160000 -0.4405444042 0.8977308215 0.0000000000 0.6028040000 0.0000000000 0.0000000000 1.0000000000 -0.0199120000
1772700887.3483777046 0.8628196920 0.5055117991 0.0000000000 -16.3617240000 -0.5055117991 0.8628196920 0.0000000000 0.6102630000 0.0000000000 0.0000000000 1.0000000000 -0.0199800000
1772700887.4481277466 0.8100935112 0.5863006934 0.0000000000 -16.4558310000 -0.5863006934 0.8100935112 0.0000000000 0.6384020000 0.0000000000 0.0000000000 1.0000000000 -0.0270610000
1772700887.5484087467 0.8345212646 0.5509757335 0.0000000000 -16.5410360000 -0.5509757335 0.8345212646 0.0000000000 0.6444720000 0.0000000000 0.0000000000 1.0000000000 -0.0324130000
1772700887.6486625671 0.7956568162 0.6057476627 0.0000000000 -16.6301390000 -0.6057476627 0.7956568162 0.0000000000 0.6489810000 0.0000000000 0.0000000000 1.0000000000 -0.0349270000
1772700887.7485775948 0.8115618991 0.5842664495 0.0000000000 -16.7210380000 -0.5842664495 0.8115618991 0.0000000000 0.6533050000 0.0000000000 0.0000000000 1.0000000000 -0.0307050000
1772700887.8487966061 0.8450215374 0.5347322708 0.0000000000 -16.8125400000 -0.5347322708 0.8450215374 0.0000000000 0.6612630000 0.0000000000 0.0000000000 1.0000000000 -0.0294740000
1772700887.9490406513 0.8714850401 0.4904220884 0.0000000000 -16.9072460000 -0.4904220884 0.8714850401 0.0000000000 0.6715790000 0.0000000000 0.0000000000 1.0000000000 -0.0329880000
1772700888.0488796234 0.8555205692 0.5177688246 0.0000000000 -16.9982500000 -0.5177688246 0.8555205692 0.0000000000 0.6816260000 0.0000000000 0.0000000000 1.0000000000 -0.0336470000
1772700888.1487035751 0.8721392682 0.4892576999 0.0000000000 -17.0862540000 -0.4892576999 0.8721392682 0.0000000000 0.6914230000 0.0000000000 0.0000000000 1.0000000000 -0.0350530000
1772700888.2504446507 0.8551736815 0.5183415616 0.0000000000 -17.1750580000 -0.5183415616 0.8551736815 0.0000000000 0.7000320000 0.0000000000 0.0000000000 1.0000000000 -0.0366060000
1772700888.3489456177 0.8575476110 0.5144046024 0.0000000000 -17.2640620000 -0.5144046024 0.8575476110 0.0000000000 0.7068240000 0.0000000000 0.0000000000 1.0000000000 -0.0389120000
1772700888.4496617317 0.8435816438 0.5370009406 0.0000000000 -17.3514680000 -0.5370009406 0.8435816438 0.0000000000 0.7162610000 0.0000000000 0.0000000000 1.0000000000 -0.0436380000
1772700888.5498125553 0.8742135685 0.4855415910 0.0000000000 -17.4365720000 -0.4855415910 0.8742135685 0.0000000000 0.7246800000 0.0000000000 0.0000000000 1.0000000000 -0.0465380000
1772700888.6493227482 0.8846501896 0.4662553399 0.0000000000 -17.5212770000 -0.4662553399 0.8846501896 0.0000000000 0.7350970000 0.0000000000 0.0000000000 1.0000000000 -0.0478080000
1772700888.7489075661 0.8876010982 0.4606129508 0.0000000000 -17.6074800000 -0.4606129508 0.8876010982 0.0000000000 0.7450340000 0.0000000000 0.0000000000 1.0000000000 -0.0475180000
1772700888.8488645554 0.8847028265 0.4661554555 0.0000000000 -17.6927840000 -0.4661554555 0.8847028265 0.0000000000 0.7552930000 0.0000000000 0.0000000000 1.0000000000 -0.0483250000
1772700888.9487695694 0.9006279505 0.4345909510 0.0000000000 -17.7766870000 -0.4345909510 0.9006279505 0.0000000000 0.7650650000 0.0000000000 0.0000000000 1.0000000000 -0.0455380000
1772700889.0494935513 0.9146698772 0.4042017019 0.0000000000 -17.8611910000 -0.4042017019 0.9146698772 0.0000000000 0.7730060000 0.0000000000 0.0000000000 1.0000000000 -0.0490920000
1772700889.1493725777 0.9141758527 0.4053177894 0.0000000000 -17.9485970000 -0.4053177894 0.9141758527 0.0000000000 0.7819880000 0.0000000000 0.0000000000 1.0000000000 -0.0538960000
1772700889.2507567406 0.9222390712 0.3866200919 0.0000000000 -18.0384030000 -0.3866200919 0.9222390712 0.0000000000 0.7929130000 0.0000000000 0.0000000000 1.0000000000 -0.0569360000
1772700889.3512597084 0.9391961986 0.3433809846 0.0000000000 -18.1264070000 -0.3433809846 0.9391961986 0.0000000000 0.8041850000 0.0000000000 0.0000000000 1.0000000000 -0.0572840000
1772700889.4501726627 0.9500422431 0.3121213487 0.0000000000 -18.2135140000 -0.3121213487 0.9500422431 0.0000000000 0.8160680000 0.0000000000 0.0000000000 1.0000000000 -0.0619480000
1772700889.5503296852 0.9443830993 0.3288473229 0.0000000000 -18.3022170000 -0.3288473229 0.9443830993 0.0000000000 0.8254880000 0.0000000000 0.0000000000 1.0000000000 -0.0622500000
1772700889.6498615742 0.9502785173 0.3114012518 0.0000000000 -18.3902200000 -0.3114012518 0.9502785173 0.0000000000 0.8323340000 0.0000000000 0.0000000000 1.0000000000 -0.0627590000
1772700889.7505445480 0.9399222560 0.3413885656 0.0000000000 -18.4780240000 -0.3413885656 0.9399222560 0.0000000000 0.8424400000 0.0000000000 0.0000000000 1.0000000000 -0.0633420000
1772700889.8506836891 0.9564903403 0.2917639951 0.0000000000 -18.5698280000 -0.2917639951 0.9564903403 0.0000000000 0.8515660000 0.0000000000 0.0000000000 1.0000000000 -0.0644150000
1772700889.9511036873 0.9181231337 0.3962952326 0.0000000000 -18.6589330000 -0.3962952326 0.9181231337 0.0000000000 0.8624930000 0.0000000000 0.0000000000 1.0000000000 -0.0668440000
1772700890.0497145653 0.9400731207 0.3409729136 0.0000000000 -18.7498360000 -0.3409729136 0.9400731207 0.0000000000 0.8741410000 0.0000000000 0.0000000000 1.0000000000 -0.0632830000
1772700890.1500496864 0.9510787381 0.3089485943 0.0000000000 -18.8433410000 -0.3089485943 0.9510787381 0.0000000000 0.8840890000 0.0000000000 0.0000000000 1.0000000000 -0.0660440000
1772700890.2518815994 0.9489018771 0.3155712720 0.0000000000 -18.9331460000 -0.3155712720 0.9489018771 0.0000000000 0.8928090000 0.0000000000 0.0000000000 1.0000000000 -0.0697680000
1772700890.3509385586 0.9485466396 0.3166374465 0.0000000000 -19.0217500000 -0.3166374465 0.9485466396 0.0000000000 0.9022870000 0.0000000000 0.0000000000 1.0000000000 -0.0709690000
1772700890.4501626492 0.9451943313 0.3265083093 0.0000000000 -19.1079550000 -0.3265083093 0.9451943313 0.0000000000 0.9118130000 0.0000000000 0.0000000000 1.0000000000 -0.0737690000
1772700890.5501246452 0.9559049341 0.2936762792 0.0000000000 -19.1944600000 -0.2936762792 0.9559049341 0.0000000000 0.9219360000 0.0000000000 0.0000000000 1.0000000000 -0.0765270000
1772700890.6507165432 0.9506323129 0.3103195219 0.0000000000 -19.2823650000 -0.3103195219 0.9506323129 0.0000000000 0.9308680000 0.0000000000 0.0000000000 1.0000000000 -0.0798220000
1772700890.7516577244 0.9375419774 0.3478721613 0.0000000000 -19.3668720000 -0.3478721613 0.9375419774 0.0000000000 0.9397480000 0.0000000000 0.0000000000 1.0000000000 -0.0868980000
1772700890.8522527218 0.9443611635 0.3289103114 0.0000000000 -19.4537770000 -0.3289103114 0.9443611635 0.0000000000 0.9482790000 0.0000000000 0.0000000000 1.0000000000 -0.0896620000
1772700890.9505066872 0.9443246301 0.3290151866 0.0000000000 -19.5408820000 -0.3290151866 0.9443246301 0.0000000000 0.9579550000 0.0000000000 0.0000000000 1.0000000000 -0.0933590000
1772700891.0509386063 0.9617596477 0.2738948341 0.0000000000 -19.6297850000 -0.2738948341 0.9617596477 0.0000000000 0.9687040000 0.0000000000 0.0000000000 1.0000000000 -0.0920840000
1772700891.1513466835 0.9574688387 0.2885366924 0.0000000000 -19.7162870000 -0.2885366924 0.9574688387 0.0000000000 0.9789550000 0.0000000000 0.0000000000 1.0000000000 -0.0885980000
1772700891.2503156662 0.9717522994 0.2360031115 0.0000000000 -19.7984920000 -0.2360031115 0.9717522994 0.0000000000 0.9899670000 0.0000000000 0.0000000000 1.0000000000 -0.0897330000
1772700891.3512597084 0.9665304551 0.2565519040 0.0000000000 -19.8814960000 -0.2565519040 0.9665304551 0.0000000000 1.0009310000 0.0000000000 0.0000000000 1.0000000000 -0.0901400000
1772700891.4514937401 0.9639749321 0.2659931018 0.0000000000 -19.9691030000 -0.2659931018 0.9639749321 0.0000000000 1.0121740000 0.0000000000 0.0000000000 1.0000000000 -0.0945420000
1772700891.5521767139 0.9654142165 0.2607209054 0.0000000000 -20.0605070000 -0.2607209054 0.9654142165 0.0000000000 1.0226560000 0.0000000000 0.0000000000 1.0000000000 -0.0953600000
1772700891.6512117386 0.9853134324 0.1707554978 0.0000000000 -20.1625090000 -0.1707554978 0.9853134324 0.0000000000 1.0347030000 0.0000000000 0.0000000000 1.0000000000 -0.0919570000
1772700891.7530567646 0.9895297142 0.1443292929 0.0000000000 -20.2669150000 -0.1443292929 0.9895297142 0.0000000000 1.0463290000 0.0000000000 0.0000000000 1.0000000000 -0.0946270000
1772700891.8534257412 0.9750456160 0.2220046098 0.0000000000 -20.3781200000 -0.2220046098 0.9750456160 0.0000000000 1.0561510000 0.0000000000 0.0000000000 1.0000000000 -0.0972220000
1772700891.9520936012 0.9447135607 0.3278967647 0.0000000000 -20.4934240000 -0.3278967647 0.9447135607 0.0000000000 1.0626620000 0.0000000000 0.0000000000 1.0000000000 -0.1084190000
1772700892.0517337322 0.9546476248 0.2977379928 0.0000000000 -20.6267160000 -0.2977379928 0.9546476248 0.0000000000 1.0722880000 0.0000000000 0.0000000000 1.0000000000 -0.1142660000
1772700892.1513335705 0.9702885760 0.2419505719 0.0000000000 -20.7552070000 -0.2419505719 0.9702885760 0.0000000000 1.0856520000 0.0000000000 0.0000000000 1.0000000000 -0.1109920000
1772700892.2523307800 0.9592653912 0.2825064764 0.0000000000 -20.8852960000 -0.2825064764 0.9592653912 0.0000000000 1.1029080000 0.0000000000 0.0000000000 1.0000000000 -0.1049500000
1772700892.3538737297 0.9592622452 0.2825171586 0.0000000000 -21.0152850000 -0.2825171586 0.9592622452 0.0000000000 1.1159930000 0.0000000000 0.0000000000 1.0000000000 -0.1080280000
1772700892.4517927170 0.9550973915 0.2962920395 0.0000000000 -21.1456800000 -0.2962920395 0.9550973915 0.0000000000 1.1233830000 0.0000000000 0.0000000000 1.0000000000 -0.1094510000
1772700892.5522506237 0.9613621135 0.2752869170 0.0000000000 -21.2785710000 -0.2752869170 0.9613621135 0.0000000000 1.1337900000 0.0000000000 0.0000000000 1.0000000000 -0.1155220000
1772700892.6527767181 0.9694345346 0.2453501234 0.0000000000 -21.4139600000 -0.2453501234 0.9694345346 0.0000000000 1.1494770000 0.0000000000 0.0000000000 1.0000000000 -0.1117610000
1772700892.7518496513 0.9657693813 0.2594022015 0.0000000000 -21.5467460000 -0.2594022015 0.9657693813 0.0000000000 1.1692260000 0.0000000000 0.0000000000 1.0000000000 -0.1089960000
1772700892.8526766300 0.9735282257 0.2285668256 0.0000000000 -21.6752370000 -0.2285668256 0.9735282257 0.0000000000 1.1834530000 0.0000000000 0.0000000000 1.0000000000 -0.1037400000
1772700892.9526546001 0.9890960322 0.1472719900 0.0000000000 -21.8004280000 -0.1472719900 0.9890960322 0.0000000000 1.1950450000 0.0000000000 0.0000000000 1.0000000000 -0.1069000000
1772700893.0548346043 0.9996465933 -0.0265836139 -0.0000000000 -21.9276220000 0.0265836139 0.9996465933 0.0000000000 1.2040940000 0.0000000000 -0.0000000000 1.0000000000 -0.1055480000
1772700893.1528847218 0.9956510644 -0.0931609247 -0.0000000000 -22.0599170000 0.0931609247 0.9956510644 0.0000000000 1.2133020000 0.0000000000 -0.0000000000 1.0000000000 -0.0966350000
1772700893.2522115707 0.9994969169 -0.0317161335 -0.0000000000 -22.1985080000 0.0317161335 0.9994969169 0.0000000000 1.2275080000 0.0000000000 -0.0000000000 1.0000000000 -0.0918190000
1772700893.3533127308 0.9995055030 0.0314443884 0.0000000000 -22.3401030000 -0.0314443884 0.9995055030 0.0000000000 1.2358610000 0.0000000000 0.0000000000 1.0000000000 -0.0885500000
1772700893.4540755749 0.9998800216 0.0154900731 0.0000000000 -22.4798950000 -0.0154900731 0.9998800216 0.0000000000 1.2449650000 0.0000000000 0.0000000000 1.0000000000 -0.0922820000
1772700893.5529847145 0.9999555590 0.0094276213 0.0000000000 -22.6160890000 -0.0094276213 0.9999555590 0.0000000000 1.2540800000 0.0000000000 0.0000000000 1.0000000000 -0.0937030000
1772700893.6540565491 0.9987316503 -0.0503496849 -0.0000000000 -22.7633810000 0.0503496849 0.9987316503 0.0000000000 1.2655160000 0.0000000000 -0.0000000000 1.0000000000 -0.0900350000
1772700893.7541816235 0.9140318492 -0.4056424270 -0.0000000000 -22.8969700000 0.4056424270 0.9140318492 0.0000000000 1.2774680000 0.0000000000 -0.0000000000 1.0000000000 -0.0976700000
1772700893.8538587093 0.9825102890 -0.1862083028 -0.0000000000 -23.0366660000 0.1862083028 0.9825102890 0.0000000000 1.2847250000 0.0000000000 -0.0000000000 1.0000000000 -0.0959550000
1772700893.9539027214 0.9561316707 -0.2929372428 -0.0000000000 -23.1508590000 0.2929372428 0.9561316707 0.0000000000 1.2932360000 0.0000000000 -0.0000000000 1.0000000000 -0.0982210000
1772700894.0533547401 0.9995699160 0.0293254688 0.0000000000 -23.2411600000 -0.0293254688 0.9995699160 0.0000000000 1.2913780000 0.0000000000 0.0000000000 1.0000000000 -0.0999800000
1772700894.1533796787 0.9865928728 0.1632008065 0.0000000000 -23.3363760000 -0.1632008065 0.9865928728 0.0000000000 1.3066160000 0.0000000000 0.0000000000 1.0000000000 -0.1222380000
1772700894.2529926300 0.9991618507 -0.0409340458 -0.0000000000 -23.4347850000 0.0409340458 0.9991618507 0.0000000000 1.3181600000 0.0000000000 -0.0000000000 1.0000000000 -0.1321580000
1772700894.3530867100 0.9319451749 0.3625992153 0.0000000000 -23.5343870000 -0.3625992153 0.9319451749 0.0000000000 1.3343040000 0.0000000000 0.0000000000 1.0000000000 -0.1192100000
1772700894.4533076286 0.9840408436 0.1779427384 0.0000000000 -23.6381960000 -0.1779427384 0.9840408436 0.0000000000 1.3502160000 0.0000000000 0.0000000000 1.0000000000 -0.1249840000
1772700894.5536797047 0.9929721483 -0.1183482690 -0.0000000000 -23.7191920000 0.1183482690 0.9929721483 0.0000000000 1.3500040000 0.0000000000 -0.0000000000 1.0000000000 -0.1132010000
1772700894.6547536850 0.9533943251 -0.3017271298 -0.0000000000 -23.8010930000 0.3017271298 0.9533943251 0.0000000000 1.3562200000 0.0000000000 -0.0000000000 1.0000000000 -0.1095890000
1772700894.7540616989 0.9482519994 -0.3175187327 -0.0000000000 -23.8794990000 0.3175187327 0.9482519994 0.0000000000 1.3646900000 0.0000000000 -0.0000000000 1.0000000000 -0.1147800000
1772700894.8528635502 0.8683978952 -0.4958680224 -0.0000000000 -23.9630060000 0.4958680224 0.8683978952 0.0000000000 1.3705200000 0.0000000000 -0.0000000000 1.0000000000 -0.1246940000
1772700894.9540755749 0.8413424266 -0.5405024711 -0.0000000000 -24.0586070000 0.5405024711 0.8413424266 0.0000000000 1.3781360000 0.0000000000 -0.0000000000 1.0000000000 -0.1180890000
1772700895.0536036491 0.8162438468 -0.5777075234 -0.0000000000 -24.1529100000 0.5777075234 0.8162438468 0.0000000000 1.3875000000 0.0000000000 -0.0000000000 1.0000000000 -0.1171820000
1772700895.1537816525 0.7956872420 -0.6057076960 -0.0000000000 -24.2446160000 0.6057076960 0.7956872420 0.0000000000 1.3973230000 0.0000000000 -0.0000000000 1.0000000000 -0.1200860000
1772700895.2534837723 0.8400282869 -0.5425426041 -0.0000000000 -24.3358170000 0.5425426041 0.8400282869 0.0000000000 1.4067270000 0.0000000000 -0.0000000000 1.0000000000 -0.1125860000
1772700895.3543477058 0.8183736489 -0.5746864978 -0.0000000000 -24.4234200000 0.5746864978 0.8183736489 0.0000000000 1.4146480000 0.0000000000 -0.0000000000 1.0000000000 -0.1102840000
1772700895.4547517300 0.8021038228 -0.5971846091 -0.0000000000 -24.5103250000 0.5971846091 0.8021038228 0.0000000000 1.4223690000 0.0000000000 -0.0000000000 1.0000000000 -0.1145520000
1772700895.5541217327 0.7688040999 -0.6394843672 -0.0000000000 -24.5985270000 0.6394843672 0.7688040999 0.0000000000 1.4288540000 0.0000000000 -0.0000000000 1.0000000000 -0.1111470000
1772700895.6535265446 0.7927925069 -0.6094916251 -0.0000000000 -24.6872320000 0.6094916251 0.7927925069 0.0000000000 1.4381600000 0.0000000000 -0.0000000000 1.0000000000 -0.1122220000
1772700895.7536454201 0.7569959287 -0.6534195926 -0.0000000000 -24.7740340000 0.6534195926 0.7569959287 0.0000000000 1.4490380000 0.0000000000 -0.0000000000 1.0000000000 -0.1051120000
1772700895.8543567657 0.6980784245 -0.7160213079 -0.0000000000 -24.8601390000 0.7160213079 0.6980784245 0.0000000000 1.4595180000 0.0000000000 -0.0000000000 1.0000000000 -0.1067900000
1772700895.9539186954 0.7271771582 -0.6864498383 -0.0000000000 -24.9472430000 0.6864498383 0.7271771582 0.0000000000 1.4690360000 0.0000000000 -0.0000000000 1.0000000000 -0.1062070000
1772700896.0536615849 0.8358697193 -0.5489278753 -0.0000000000 -25.0338470000 0.5489278753 0.8358697193 0.0000000000 1.4731950000 0.0000000000 -0.0000000000 1.0000000000 -0.1098170000
1772700896.1543056965 0.8050543128 -0.5932011070 -0.0000000000 -25.1191480000 0.5932011070 0.8050543128 0.0000000000 1.4784580000 0.0000000000 -0.0000000000 1.0000000000 -0.1078530000
1772700896.2544577122 0.8387668608 -0.5444907283 -0.0000000000 -25.2063510000 0.5444907283 0.8387668608 0.0000000000 1.4839280000 0.0000000000 -0.0000000000 1.0000000000 -0.1076210000
1772700896.3546576500 0.8236660131 -0.5670752144 -0.0000000000 -25.2964530000 0.5670752144 0.8236660131 0.0000000000 1.4892490000 0.0000000000 -0.0000000000 1.0000000000 -0.1078890000
1772700896.4563276768 0.8488988049 -0.5285554078 -0.0000000000 -25.3853570000 0.5285554078 0.8488988049 0.0000000000 1.4921420000 0.0000000000 -0.0000000000 1.0000000000 -0.1124900000
1772700896.5553886890 0.8208779892 -0.5711036043 -0.0000000000 -25.4754600000 0.5711036043 0.8208779892 0.0000000000 1.4967840000 0.0000000000 -0.0000000000 1.0000000000 -0.1151160000
1772700896.6550056934 0.8051639418 -0.5930522968 -0.0000000000 -25.5609630000 0.5930522968 0.8051639418 0.0000000000 1.5032350000 0.0000000000 -0.0000000000 1.0000000000 -0.1168980000
1772700896.7548437119 0.8047265715 -0.5936456393 -0.0000000000 -25.6448680000 0.5936456393 0.8047265715 0.0000000000 1.5107100000 0.0000000000 -0.0000000000 1.0000000000 -0.1194700000
1772700896.8561775684 0.8218043821 -0.5697697408 -0.0000000000 -25.7300680000 0.5697697408 0.8218043821 0.0000000000 1.5175180000 0.0000000000 -0.0000000000 1.0000000000 -0.1122760000
1772700896.9543297291 0.7670987161 -0.6415290794 -0.0000000000 -25.8133740000 0.6415290794 0.7670987161 0.0000000000 1.5259870000 0.0000000000 -0.0000000000 1.0000000000 -0.1177130000
1772700897.0570306778 0.7654573094 -0.6434866801 -0.0000000000 -25.8947780000 0.6434866801 0.7654573094 0.0000000000 1.5350250000 0.0000000000 -0.0000000000 1.0000000000 -0.1164440000
1772700897.1559886932 0.7734985196 -0.6337981068 -0.0000000000 -25.9787810000 0.6337981068 0.7734985196 0.0000000000 1.5424120000 0.0000000000 -0.0000000000 1.0000000000 -0.1153530000
1772700897.2548387051 0.7515383586 -0.6596893933 -0.0000000000 -26.0715820000 0.6596893933 0.7515383586 0.0000000000 1.5475410000 0.0000000000 -0.0000000000 1.0000000000 -0.1132170000
1772700897.3549497128 0.7093885705 -0.7048176048 -0.0000000000 -26.1651830000 0.7048176048 0.7093885705 0.0000000000 1.5513520000 0.0000000000 -0.0000000000 1.0000000000 -0.1115680000
1772700897.4568417072 0.6341462192 -0.7732131483 -0.0000000000 -26.2596870000 0.7732131483 0.6341462192 0.0000000000 1.5546500000 0.0000000000 -0.0000000000 1.0000000000 -0.1157610000
1772700897.5565707684 0.6386672678 -0.7694830220 -0.0000000000 -26.3517870000 0.7694830220 0.6386672678 0.0000000000 1.5572430000 0.0000000000 -0.0000000000 1.0000000000 -0.1124960000
1772700897.6545567513 0.7454457607 -0.6665662892 -0.0000000000 -26.4435890000 0.6665662892 0.7454457607 0.0000000000 1.5638820000 0.0000000000 -0.0000000000 1.0000000000 -0.1103040000
1772700897.7550365925 0.9064731840 0.4222633854 0.0000000000 -26.5300920000 -0.4222633854 0.9064731840 0.0000000000 1.5701810000 0.0000000000 0.0000000000 1.0000000000 -0.1119090000
1772700897.8556387424 -0.1045494750 0.9945196867 0.0000000000 -26.5981590000 -0.9945196867 -0.1045494750 0.0000000000 1.5929310000 0.0000000000 0.0000000000 1.0000000000 -0.1197530000
1772700897.9564366341 -0.1551177078 0.9878959949 0.0000000000 -26.6858620000 -0.9878959949 -0.1551177078 0.0000000000 1.6045590000 0.0000000000 0.0000000000 1.0000000000 -0.1261000000
1772700898.0550715923 -0.4893431900 0.8720913039 0.0000000000 -26.7706550000 -0.8720913039 -0.4893431900 0.0000000000 1.6171110000 0.0000000000 0.0000000000 1.0000000000 -0.1222680000
1772700898.1558625698 -0.5805134497 0.8142506584 0.0000000000 -26.8538520000 -0.8142506584 -0.5805134497 0.0000000000 1.6299650000 0.0000000000 0.0000000000 1.0000000000 -0.1224690000
1772700898.2559845448 -0.6825860889 0.7308051938 0.0000000000 -26.9419460000 -0.7308051938 -0.6825860889 0.0000000000 1.6431950000 0.0000000000 0.0000000000 1.0000000000 -0.1199570000
1772700898.3560466766 -0.7003398238 0.7138095903 0.0000000000 -27.0303480000 -0.7138095903 -0.7003398238 0.0000000000 1.6546360000 0.0000000000 0.0000000000 1.0000000000 -0.1251480000
1772700898.4555506706 -0.6692910846 0.7430002989 0.0000000000 -27.1171410000 -0.7430002989 -0.6692910846 0.0000000000 1.6667280000 0.0000000000 0.0000000000 1.0000000000 -0.1210690000
1772700898.5548765659 -0.7417834659 0.6706394632 0.0000000000 -27.2009350000 -0.6706394632 -0.7417834659 0.0000000000 1.6800870000 0.0000000000 0.0000000000 1.0000000000 -0.1185660000
1772700898.6567995548 -0.7134256376 0.7007309467 0.0000000000 -27.2897350000 -0.7007309467 -0.7134256376 0.0000000000 1.6931960000 0.0000000000 0.0000000000 1.0000000000 -0.1214030000
1772700898.7564756870 -0.6599507796 0.7513088369 0.0000000000 -27.3807380000 -0.7513088369 -0.6599507796 0.0000000000 1.7033900000 0.0000000000 0.0000000000 1.0000000000 -0.1268510000
1772700898.8555676937 -0.6596240773 0.7515956869 0.0000000000 -27.4719380000 -0.7515956869 -0.6596240773 0.0000000000 1.7125670000 0.0000000000 0.0000000000 1.0000000000 -0.1292900000
1772700898.9570755959 -0.6738813950 0.7388395397 0.0000000000 -27.5606330000 -0.7388395397 -0.6738813950 0.0000000000 1.7233520000 0.0000000000 0.0000000000 1.0000000000 -0.1276920000
1772700899.0581996441 -0.6720138418 0.7405385854 0.0000000000 -27.6500290000 -0.7405385854 -0.6720138418 0.0000000000 1.7321470000 0.0000000000 0.0000000000 1.0000000000 -0.1260020000
1772700899.1561455727 -0.6426387107 0.7661693596 0.0000000000 -27.7431280000 -0.7661693596 -0.6426387107 0.0000000000 1.7424910000 0.0000000000 0.0000000000 1.0000000000 -0.1275480000
1772700899.2556986809 -0.6344956433 0.7729264381 0.0000000000 -27.8368270000 -0.7729264381 -0.6344956433 0.0000000000 1.7538330000 0.0000000000 0.0000000000 1.0000000000 -0.1289450000
1772700899.3557395935 -0.5844483849 0.8114308876 0.0000000000 -27.9282240000 -0.8114308876 -0.5844483849 0.0000000000 1.7662700000 0.0000000000 0.0000000000 1.0000000000 -0.1293320000
1772700899.4561655521 -0.5635474989 0.8260836619 0.0000000000 -28.0166230000 -0.8260836619 -0.5635474989 0.0000000000 1.7808480000 0.0000000000 0.0000000000 1.0000000000 -0.1319430000
1772700899.5562007427 -0.5815338160 0.8135222313 0.0000000000 -28.1007170000 -0.8135222313 -0.5815338160 0.0000000000 1.7941180000 0.0000000000 0.0000000000 1.0000000000 -0.1296940000
1772700899.6558377743 -0.5623258490 0.8269157391 0.0000000000 -28.1844110000 -0.8269157391 -0.5623258490 0.0000000000 1.8058050000 0.0000000000 0.0000000000 1.0000000000 -0.1267220000
1772700899.7571086884 -0.5427735405 0.8398790887 0.0000000000 -28.2671110000 -0.8398790887 -0.5427735405 0.0000000000 1.8166620000 0.0000000000 0.0000000000 1.0000000000 -0.1294190000
1772700899.8568687439 -0.5925602805 0.8055261100 0.0000000000 -28.3524100000 -0.8055261100 -0.5925602805 0.0000000000 1.8268710000 0.0000000000 0.0000000000 1.0000000000 -0.1306600000
1772700899.9577276707 -0.5601958634 0.8283601841 0.0000000000 -28.4375100000 -0.8283601841 -0.5601958634 0.0000000000 1.8377990000 0.0000000000 0.0000000000 1.0000000000 -0.1335260000
1772700900.0580856800 -0.5721449740 0.8201525033 0.0000000000 -28.5242100000 -0.8201525033 -0.5721449740 0.0000000000 1.8507880000 0.0000000000 0.0000000000 1.0000000000 -0.1363170000
1772700900.1571297646 -0.5380324422 0.8429241313 0.0000000000 -28.6108090000 -0.8429241313 -0.5380324422 0.0000000000 1.8626260000 0.0000000000 0.0000000000 1.0000000000 -0.1391720000
1772700900.2571146488 -0.5496864812 0.8353710388 0.0000000000 -28.6956100000 -0.8353710388 -0.5496864812 0.0000000000 1.8773200000 0.0000000000 0.0000000000 1.0000000000 -0.1431350000
1772700900.3568427563 -0.5030301049 0.8642688896 0.0000000000 -28.7801070000 -0.8642688896 -0.5030301049 0.0000000000 1.8903860000 0.0000000000 0.0000000000 1.0000000000 -0.1437690000
1772700900.4576106071 -0.4944329908 0.8692157486 0.0000000000 -28.8659110000 -0.8692157486 -0.4944329908 0.0000000000 1.9000130000 0.0000000000 0.0000000000 1.0000000000 -0.1500440000
1772700900.5575356483 -0.4755943286 0.8796647285 0.0000000000 -28.9539070000 -0.8796647285 -0.4755943286 0.0000000000 1.9108780000 0.0000000000 0.0000000000 1.0000000000 -0.1485410000
1772700900.6586656570 -0.5008260502 0.8655479579 0.0000000000 -29.0394030000 -0.8655479579 -0.5008260502 0.0000000000 1.9216550000 0.0000000000 0.0000000000 1.0000000000 -0.1474190000
1772700900.7575967312 -0.5054273035 0.8628691911 0.0000000000 -29.1273020000 -0.8628691911 -0.5054273035 0.0000000000 1.9317760000 0.0000000000 0.0000000000 1.0000000000 -0.1487340000
1772700900.8571717739 -0.4990975914 0.8665457831 0.0000000000 -29.2119000000 -0.8665457831 -0.4990975914 0.0000000000 1.9409110000 0.0000000000 0.0000000000 1.0000000000 -0.1492330000
1772700900.9586975574 -0.5165809692 0.8562383443 0.0000000000 -29.2965020000 -0.8562383443 -0.5165809692 0.0000000000 1.9511120000 0.0000000000 0.0000000000 1.0000000000 -0.1543940000
1772700901.0582675934 -0.3286454060 0.9444533853 0.0000000000 -29.3854980000 -0.9444533853 -0.3286454060 0.0000000000 1.9621980000 0.0000000000 0.0000000000 1.0000000000 -0.1529590000
1772700901.1581096649 0.1038780202 0.9945900447 0.0000000000 -29.4726970000 -0.9945900447 0.1038780202 0.0000000000 1.9724190000 0.0000000000 0.0000000000 1.0000000000 -0.1543850000
1772700901.2571935654 0.0029326028 0.9999956999 0.0000000000 -29.5624970000 -0.9999956999 0.0029326028 0.0000000000 1.9805410000 0.0000000000 0.0000000000 1.0000000000 -0.1559390000
1772700901.3587827682 0.0969232168 0.9952918617 0.0000000000 -29.6530940000 -0.9952918617 0.0969232168 0.0000000000 1.9921870000 0.0000000000 0.0000000000 1.0000000000 -0.1561240000
1772700901.4576137066 0.1371967164 0.9905438208 0.0000000000 -29.7408910000 -0.9905438208 0.1371967164 0.0000000000 2.0029000000 0.0000000000 0.0000000000 1.0000000000 -0.1561310000
1772700901.5584795475 0.1575756191 0.9875069237 0.0000000000 -29.8282880000 -0.9875069237 0.1575756191 0.0000000000 2.0162980000 0.0000000000 0.0000000000 1.0000000000 -0.1569080000
1772700901.6573667526 0.1988652957 0.9800268334 0.0000000000 -29.9158830000 -0.9800268334 0.1988652957 0.0000000000 2.0297300000 0.0000000000 0.0000000000 1.0000000000 -0.1547110000
1772700901.7578315735 0.1831801279 0.9830793665 0.0000000000 -30.0059850000 -0.9830793665 0.1831801279 0.0000000000 2.0416610000 0.0000000000 0.0000000000 1.0000000000 -0.1597280000
1772700901.8584306240 0.2079149466 0.9781469087 0.0000000000 -30.0956770000 -0.9781469087 0.2079149466 0.0000000000 2.0518890000 0.0000000000 0.0000000000 1.0000000000 -0.1549620000
1772700901.9577536583 0.2240021907 0.9745886407 0.0000000000 -30.1875790000 -0.9745886407 0.2240021907 0.0000000000 2.0625560000 0.0000000000 0.0000000000 1.0000000000 -0.1590790000
1772700902.0590226650 0.3924344617 0.9197799700 0.0000000000 -30.2768720000 -0.9197799700 0.3924344617 0.0000000000 2.0733310000 0.0000000000 0.0000000000 1.0000000000 -0.1554650000
1772700902.1588416100 0.9981620681 0.0606010386 0.0000000000 -30.3670650000 -0.0606010386 0.9981620681 0.0000000000 2.0851930000 0.0000000000 0.0000000000 1.0000000000 -0.1513290000
1772700902.2579596043 0.6266834120 -0.7792739577 -0.0000000000 -30.4541680000 0.7792739577 0.6266834120 0.0000000000 2.0926120000 0.0000000000 -0.0000000000 1.0000000000 -0.1561590000
1772700902.3584127426 0.7088495769 -0.7053596794 -0.0000000000 -30.5390620000 0.7053596794 0.7088495769 0.0000000000 2.0969410000 0.0000000000 -0.0000000000 1.0000000000 -0.1516970000
1772700902.4582576752 0.4682439924 -0.8835992098 -0.0000000000 -30.6249620000 0.8835992098 0.4682439924 0.0000000000 2.1020390000 0.0000000000 -0.0000000000 1.0000000000 -0.1526330000
1772700902.5591747761 0.3775833413 -0.9259756046 -0.0000000000 -30.7125640000 0.9259756046 0.3775833413 0.0000000000 2.1057460000 0.0000000000 -0.0000000000 1.0000000000 -0.1551170000
1772700902.6589107513 0.1768079807 -0.9842453647 -0.0000000000 -30.7997630000 0.9842453647 0.1768079807 0.0000000000 2.1103990000 0.0000000000 -0.0000000000 1.0000000000 -0.1551370000
1772700902.7582757473 0.1366015647 -0.9906260710 -0.0000000000 -30.8877650000 0.9906260710 0.1366015647 0.0000000000 2.1159100000 0.0000000000 -0.0000000000 1.0000000000 -0.1583320000
1772700902.8600165844 0.1143088705 -0.9934452587 -0.0000000000 -30.9758640000 0.9934452587 0.1143088705 0.0000000000 2.1202450000 0.0000000000 -0.0000000000 1.0000000000 -0.1586190000
1772700902.9609665871 0.1318243876 -0.9912730859 -0.0000000000 -31.0642620000 0.9912730859 0.1318243876 0.0000000000 2.1240740000 0.0000000000 -0.0000000000 1.0000000000 -0.1578920000
1772700903.0600326061 0.2557701049 -0.9667376342 -0.0000000000 -31.1542640000 0.9667376342 0.2557701049 0.0000000000 2.1276340000 0.0000000000 -0.0000000000 1.0000000000 -0.1608590000
1772700903.1590917110 0.3129321985 -0.9497754677 -0.0000000000 -31.2437630000 0.9497754677 0.3129321985 0.0000000000 2.1300960000 0.0000000000 -0.0000000000 1.0000000000 -0.1604890000
1772700903.2591185570 0.3385186988 -0.9409596647 -0.0000000000 -31.3345680000 0.9409596647 0.3385186988 0.0000000000 2.1350690000 0.0000000000 -0.0000000000 1.0000000000 -0.1658160000
1772700903.3591856956 0.3269697098 -0.9450348189 -0.0000000000 -31.4226640000 0.9450348189 0.3269697098 0.0000000000 2.1437680000 0.0000000000 -0.0000000000 1.0000000000 -0.1649380000
1772700903.4597766399 0.5832169485 -0.8123164352 -0.0000000000 -31.5106680000 0.8123164352 0.5832169485 0.0000000000 2.1529230000 0.0000000000 -0.0000000000 1.0000000000 -0.1707960000
1772700903.5588786602 0.8092552932 -0.5874571223 -0.0000000000 -31.5972670000 0.5874571223 0.8092552932 0.0000000000 2.1601920000 0.0000000000 -0.0000000000 1.0000000000 -0.1719000000
1772700903.6586415768 0.7873601348 -0.6164933237 -0.0000000000 -31.6836710000 0.6164933237 0.7873601348 0.0000000000 2.1682440000 0.0000000000 -0.0000000000 1.0000000000 -0.1772660000
1772700903.7587716579 0.7734607942 -0.6338441447 -0.0000000000 -31.7471040000 0.6338441447 0.7734607942 0.0000000000 2.1642700000 0.0000000000 -0.0000000000 1.0000000000 -0.1813860000
1772700903.8596947193 0.8167233963 -0.5770293702 -0.0000000000 -31.8304150000 0.5770293702 0.8167233963 0.0000000000 2.1728950000 0.0000000000 -0.0000000000 1.0000000000 -0.1841860000
1772700903.9592015743 0.8215523197 -0.5701331301 -0.0000000000 -31.9168220000 0.5701331301 0.8215523197 0.0000000000 2.1816010000 0.0000000000 -0.0000000000 1.0000000000 -0.1840670000
1772700904.0589697361 0.8405339769 -0.5417588336 -0.0000000000 -32.0059320000 0.5417588336 0.8405339769 0.0000000000 2.1909890000 0.0000000000 -0.0000000000 1.0000000000 -0.1848490000
1772700904.1602036953 0.8461579738 -0.5329321565 -0.0000000000 -32.0952340000 0.5329321565 0.8461579738 0.0000000000 2.1999470000 0.0000000000 -0.0000000000 1.0000000000 -0.1805940000
1772700904.2593166828 0.8386775479 -0.5446282866 -0.0000000000 -32.1883440000 0.5446282866 0.8386775479 0.0000000000 2.2065480000 0.0000000000 -0.0000000000 1.0000000000 -0.1839650000
1772700904.3586766720 0.8441963159 -0.5360341222 -0.0000000000 -32.2818500000 0.5360341222 0.8441963159 0.0000000000 2.2127890000 0.0000000000 -0.0000000000 1.0000000000 -0.1843080000
1772700904.4585726261 0.8411000615 -0.5408795489 -0.0000000000 -32.3741550000 0.5408795489 0.8411000615 0.0000000000 2.2194940000 0.0000000000 -0.0000000000 1.0000000000 -0.1832530000
1772700904.5590107441 0.8317472214 -0.5551545368 -0.0000000000 -32.4605620000 0.5551545368 0.8317472214 0.0000000000 2.2254760000 0.0000000000 -0.0000000000 1.0000000000 -0.1842420000
1772700904.6592686176 0.8265565173 -0.5628537321 -0.0000000000 -32.5446680000 0.5628537321 0.8265565173 0.0000000000 2.2352340000 0.0000000000 -0.0000000000 1.0000000000 -0.1826310000
1772700904.7596497536 0.8303075523 -0.5573054536 -0.0000000000 -32.6292810000 0.5573054536 0.8303075523 0.0000000000 2.2451890000 0.0000000000 -0.0000000000 1.0000000000 -0.1855100000
1772700904.8586726189 0.8344235033 -0.5511237765 -0.0000000000 -32.7173960000 0.5511237765 0.8344235033 0.0000000000 2.2553010000 0.0000000000 -0.0000000000 1.0000000000 -0.1899800000
1772700904.9588997364 0.7941738250 -0.6076906579 -0.0000000000 -32.8090090000 0.6076906579 0.7941738250 0.0000000000 2.2641070000 0.0000000000 -0.0000000000 1.0000000000 -0.1941000000
1772700905.0602395535 0.7800339828 -0.6257371538 -0.0000000000 -32.8990200000 0.6257371538 0.7800339828 0.0000000000 2.2719670000 0.0000000000 -0.0000000000 1.0000000000 -0.1969170000
1772700905.1590087414 0.7890952611 -0.6142708433 -0.0000000000 -32.9854250000 0.6142708433 0.7890952611 0.0000000000 2.2777730000 0.0000000000 -0.0000000000 1.0000000000 -0.1969310000
1772700905.2594916821 0.8237213980 -0.5669947605 -0.0000000000 -33.0689330000 0.5669947605 0.8237213980 0.0000000000 2.2838440000 0.0000000000 -0.0000000000 1.0000000000 -0.1991170000
1772700905.3592905998 0.8037830527 -0.5949225195 -0.0000000000 -33.1537390000 0.5949225195 0.8037830527 0.0000000000 2.2894570000 0.0000000000 -0.0000000000 1.0000000000 -0.1999650000
1772700905.4599895477 0.7986821267 -0.6017531558 -0.0000000000 -33.2390440000 0.6017531558 0.7986821267 0.0000000000 2.2924340000 0.0000000000 -0.0000000000 1.0000000000 -0.2016170000
1772700905.5608167648 0.8127429903 -0.5826223748 -0.0000000000 -33.3218580000 0.5826223748 0.8127429903 0.0000000000 2.2953700000 0.0000000000 -0.0000000000 1.0000000000 -0.2094580000
1772700905.6592106819 0.8059358765 -0.5920028404 -0.0000000000 -33.4060710000 0.5920028404 0.8059358765 0.0000000000 2.3048670000 0.0000000000 -0.0000000000 1.0000000000 -0.2127230000
1772700905.7594416142 0.7763003988 -0.6303631420 -0.0000000000 -33.4911830000 0.6303631420 0.7763003988 0.0000000000 2.3155990000 0.0000000000 -0.0000000000 1.0000000000 -0.2151210000
1772700905.8605365753 0.7743727988 -0.6327296172 -0.0000000000 -33.5770030000 0.6327296172 0.7743727988 0.0000000000 2.3261720000 0.0000000000 -0.0000000000 1.0000000000 -0.2227810000
1772700905.9596085548 0.7762380107 -0.6304399660 -0.0000000000 -33.6641100000 0.6304399660 0.7762380107 0.0000000000 2.3362880000 0.0000000000 -0.0000000000 1.0000000000 -0.2213360000
1772700906.0606975555 0.7901884035 -0.6128640037 -0.0000000000 -33.7491210000 0.6128640037 0.7901884035 0.0000000000 2.3455500000 0.0000000000 -0.0000000000 1.0000000000 -0.2236930000
1772700906.1596686840 0.8046186624 -0.5937918896 -0.0000000000 -33.8346300000 0.5937918896 0.8046186624 0.0000000000 2.3537910000 0.0000000000 -0.0000000000 1.0000000000 -0.2244870000
1772700906.2600576878 0.7937721989 -0.6082151726 -0.0000000000 -33.9231380000 0.6082151726 0.7937721989 0.0000000000 2.3615040000 0.0000000000 -0.0000000000 1.0000000000 -0.2259480000
1772700906.3598625660 0.7775966892 -0.6287633808 -0.0000000000 -34.0106460000 0.6287633808 0.7775966892 0.0000000000 2.3676670000 0.0000000000 -0.0000000000 1.0000000000 -0.2272510000
1772700906.4618546963 0.7479878882 -0.6637123768 -0.0000000000 -34.1002420000 0.6637123768 0.7479878882 0.0000000000 2.3752170000 0.0000000000 -0.0000000000 1.0000000000 -0.2200280000
1772700906.5606126785 0.7462620018 -0.6656523302 -0.0000000000 -34.1910550000 0.6656523302 0.7462620018 0.0000000000 2.3816770000 0.0000000000 -0.0000000000 1.0000000000 -0.2247070000
1772700906.6604607105 0.7257224581 -0.6879875826 -0.0000000000 -34.2851610000 0.6879875826 0.7257224581 0.0000000000 2.3905000000 0.0000000000 -0.0000000000 1.0000000000 -0.2236610000
1772700906.7609326839 0.6911822294 -0.7226805143 -0.0000000000 -34.3776630000 0.7226805143 0.6911822294 0.0000000000 2.3979720000 0.0000000000 -0.0000000000 1.0000000000 -0.2205390000
1772700906.8599257469 0.6792093841 -0.7339445568 -0.0000000000 -34.4670720000 0.7339445568 0.6792093841 0.0000000000 2.4043880000 0.0000000000 -0.0000000000 1.0000000000 -0.2226080000
1772700906.9602236748 0.6972631174 -0.7168152797 -0.0000000000 -34.5514720000 0.7168152797 0.6972631174 0.0000000000 2.4102250000 0.0000000000 -0.0000000000 1.0000000000 -0.2191230000
1772700907.0604517460 0.7367840485 -0.6761281431 -0.0000000000 -34.6363830000 0.6761281431 0.7367840485 0.0000000000 2.4146630000 0.0000000000 -0.0000000000 1.0000000000 -0.2243420000
1772700907.1618816853 0.7467224894 -0.6651357183 -0.0000000000 -34.7241930000 0.6651357183 0.7467224894 0.0000000000 2.4203180000 0.0000000000 -0.0000000000 1.0000000000 -0.2275570000
1772700907.2621197701 0.7236925661 -0.6901225035 -0.0000000000 -34.8134030000 0.6901225035 0.7236925661 0.0000000000 2.4272910000 0.0000000000 -0.0000000000 1.0000000000 -0.2308520000
1772700907.3605647087 0.7070730380 -0.7071405228 -0.0000000000 -34.9015110000 0.7071405228 0.7070730380 0.0000000000 2.4349290000 0.0000000000 -0.0000000000 1.0000000000 -0.2315160000
1772700907.4616477489 0.7238955548 -0.6899095780 -0.0000000000 -34.9880210000 0.6899095780 0.7238955548 0.0000000000 2.4405760000 0.0000000000 -0.0000000000 1.0000000000 -0.2348900000
1772700907.5608167648 0.6691199761 -0.7431543969 -0.0000000000 -35.0782260000 0.7431543969 0.6691199761 0.0000000000 2.4448630000 0.0000000000 -0.0000000000 1.0000000000 -0.2357200000
1772700907.6610765457 0.6692837161 -0.7430069363 -0.0000000000 -35.1685320000 0.7430069363 0.6692837161 0.0000000000 2.4513570000 0.0000000000 -0.0000000000 1.0000000000 -0.2358870000
1772700907.7614607811 0.6444286241 -0.7646644678 -0.0000000000 -35.2567430000 0.7646644678 0.6444286241 0.0000000000 2.4577570000 0.0000000000 -0.0000000000 1.0000000000 -0.2400640000
1772700907.8620846272 0.6552956996 -0.7553724552 -0.0000000000 -35.3443500000 0.7553724552 0.6552956996 0.0000000000 2.4635080000 0.0000000000 -0.0000000000 1.0000000000 -0.2411120000
1772700907.9625077248 0.6741276235 -0.7386148842 -0.0000000000 -35.4319550000 0.7386148842 0.6741276235 0.0000000000 2.4679770000 0.0000000000 -0.0000000000 1.0000000000 -0.2418940000
1772700908.0629706383 0.6772042392 -0.7357950927 -0.0000000000 -35.5217620000 0.7357950927 0.6772042392 0.0000000000 2.4726740000 0.0000000000 -0.0000000000 1.0000000000 -0.2441590000
1772700908.1622457504 0.6835665375 -0.7298882030 -0.0000000000 -35.6069680000 0.7298882030 0.6835665375 0.0000000000 2.4794090000 0.0000000000 -0.0000000000 1.0000000000 -0.2439000000
1772700908.2620666027 0.6945243146 -0.7194692324 -0.0000000000 -35.6932790000 0.7194692324 0.6945243146 0.0000000000 2.4870450000 0.0000000000 -0.0000000000 1.0000000000 -0.2471720000
1772700908.3623206615 0.6704157555 -0.7419856567 -0.0000000000 -35.7811860000 0.7419856567 0.6704157555 0.0000000000 2.4940140000 0.0000000000 -0.0000000000 1.0000000000 -0.2477770000
1772700908.4638476372 0.6804553388 -0.7327895550 -0.0000000000 -35.8658950000 0.7327895550 0.6804553388 0.0000000000 2.4988720000 0.0000000000 -0.0000000000 1.0000000000 -0.2513040000
1772700908.5634655952 0.6791424145 -0.7340065265 -0.0000000000 -35.9502050000 0.7340065265 0.6791424145 0.0000000000 2.5050410000 0.0000000000 -0.0000000000 1.0000000000 -0.2547430000
1772700908.6637806892 0.6863935302 -0.7272303085 -0.0000000000 -36.0356200000 0.7272303085 0.6863935302 0.0000000000 2.5154060000 0.0000000000 -0.0000000000 1.0000000000 -0.2594410000
1772700908.7629866600 0.6843931881 -0.7291131353 -0.0000000000 -36.1214220000 0.7291131353 0.6843931881 0.0000000000 2.5282400000 0.0000000000 -0.0000000000 1.0000000000 -0.2524040000
1772700908.8621447086 0.7091161652 -0.7050916708 -0.0000000000 -36.2069330000 0.7050916708 0.7091161652 0.0000000000 2.5396310000 0.0000000000 -0.0000000000 1.0000000000 -0.2531080000
1772700908.9637227058 0.7205223812 -0.6934316824 -0.0000000000 -36.2911430000 0.6934316824 0.7205223812 0.0000000000 2.5504710000 0.0000000000 -0.0000000000 1.0000000000 -0.2534550000
1772700909.0624625683 0.7298511813 -0.6836060657 -0.0000000000 -36.3742500000 0.6836060657 0.7298511813 0.0000000000 2.5607390000 0.0000000000 -0.0000000000 1.0000000000 -0.2517250000
1772700909.1625146866 0.7156823200 -0.6984259566 -0.0000000000 -36.4567620000 0.6984259566 0.7156823200 0.0000000000 2.5703750000 0.0000000000 -0.0000000000 1.0000000000 -0.2543990000
1772700909.2622065544 0.7116539171 -0.7025302145 -0.0000000000 -36.5419700000 0.7025302145 0.7116539171 0.0000000000 2.5803300000 0.0000000000 -0.0000000000 1.0000000000 -0.2540250000
1772700909.3624866009 0.9909374767 -0.1343239270 -0.0000000000 -36.6184880000 0.1343239270 0.9909374767 0.0000000000 2.5767610000 0.0000000000 -0.0000000000 1.0000000000 -0.2577680000
1772700909.4630646706 0.9591389241 0.2829355479 0.0000000000 -36.7101900000 -0.2829355479 0.9591389241 0.0000000000 2.5825080000 0.0000000000 0.0000000000 1.0000000000 -0.2559000000
1772700909.5627756119 0.9856624416 0.1687292243 0.0000000000 -36.8016980000 -0.1687292243 0.9856624416 0.0000000000 2.5921970000 0.0000000000 0.0000000000 1.0000000000 -0.2544260000
1772700909.6624886990 0.9287257691 0.3707673743 0.0000000000 -36.8938090000 -0.3707673743 0.9287257691 0.0000000000 2.6008740000 0.0000000000 0.0000000000 1.0000000000 -0.2548100000
1772700909.7629835606 0.9110714205 0.4122485498 0.0000000000 -36.9819180000 -0.4122485498 0.9110714205 0.0000000000 2.6088310000 0.0000000000 0.0000000000 1.0000000000 -0.2544060000
1772700909.8627946377 0.8668512746 0.4985668136 0.0000000000 -37.0698280000 -0.4985668136 0.8668512746 0.0000000000 2.6185290000 0.0000000000 0.0000000000 1.0000000000 -0.2539870000
1772700909.9624285698 0.3445984054 0.9387502005 0.0000000000 -37.1573500000 -0.9387502005 0.3445984054 0.0000000000 2.6296960000 0.0000000000 0.0000000000 1.0000000000 -0.2575980000
1772700910.0622076988 -0.1586094097 0.9873414076 0.0000000000 -37.2444560000 -0.9873414076 -0.1586094097 0.0000000000 2.6405950000 0.0000000000 0.0000000000 1.0000000000 -0.2549090000
1772700910.1624217033 -0.1298834246 0.9915292714 0.0000000000 -37.3321840000 -0.9915292714 -0.1298834246 0.0000000000 2.6551640000 0.0000000000 0.0000000000 1.0000000000 -0.2590940000
1772700910.2626707554 -0.2761863776 0.9611040968 0.0000000000 -37.4184990000 -0.9611040968 -0.2761863776 0.0000000000 2.6685450000 0.0000000000 0.0000000000 1.0000000000 -0.2588460000
1772700910.3632566929 -0.3407455010 0.9401555741 0.0000000000 -37.5007980000 -0.9401555741 -0.3407455010 0.0000000000 2.6840750000 0.0000000000 0.0000000000 1.0000000000 -0.2510930000
1772700910.4646236897 -0.4353514640 0.9002605749 0.0000000000 -37.5848260000 -0.9002605749 -0.4353514640 0.0000000000 2.6970830000 0.0000000000 0.0000000000 1.0000000000 -0.2561590000
1772700910.5631587505 -0.4373794793 0.8992770380 0.0000000000 -37.6705410000 -0.8992770380 -0.4373794793 0.0000000000 2.7091570000 0.0000000000 0.0000000000 1.0000000000 -0.2564030000
1772700910.6638386250 -0.4799162989 0.8773142801 0.0000000000 -37.7548450000 -0.8773142801 -0.4799162989 0.0000000000 2.7225190000 0.0000000000 0.0000000000 1.0000000000 -0.2518020000
1772700910.7632045746 -0.4853671995 0.8743104035 0.0000000000 -37.8392750000 -0.8743104035 -0.4853671995 0.0000000000 2.7365280000 0.0000000000 0.0000000000 1.0000000000 -0.2572200000
1772700910.8633546829 -0.5285703136 0.8488895238 0.0000000000 -37.9239820000 -0.8488895238 -0.5285703136 0.0000000000 2.7540560000 0.0000000000 0.0000000000 1.0000000000 -0.2517450000
1772700910.9633576870 -0.9006775227 0.4344882049 0.0000000000 -38.0084990000 -0.4344882049 -0.9006775227 0.0000000000 2.7698880000 0.0000000000 0.0000000000 1.0000000000 -0.2513540000
1772700911.0632545948 -0.7798906267 0.6259158173 0.0000000000 -38.0953250000 -0.6259158173 -0.7798906267 0.0000000000 2.7827290000 0.0000000000 0.0000000000 1.0000000000 -0.2555930000
1772700911.1639065742 -0.8570813986 0.5151810131 0.0000000000 -38.1805390000 -0.5151810131 -0.8570813986 0.0000000000 2.7967480000 0.0000000000 0.0000000000 1.0000000000 -0.2546080000
1772700911.2631585598 -0.8606156526 0.5092550426 0.0000000000 -38.2661490000 -0.5092550426 -0.8606156526 0.0000000000 2.8123550000 0.0000000000 0.0000000000 1.0000000000 -0.2513800000
1772700911.3638956547 -0.8738869505 0.4861291987 0.0000000000 -38.3536680000 -0.4861291987 -0.8738869505 0.0000000000 2.8268290000 0.0000000000 0.0000000000 1.0000000000 -0.2522080000
1772700911.4651815891 -0.8791982903 0.4764560488 0.0000000000 -38.4421670000 -0.4764560488 -0.8791982903 0.0000000000 2.8405760000 0.0000000000 0.0000000000 1.0000000000 -0.2452410000
1772700911.5638797283 -0.8883851216 0.4590989825 0.0000000000 -38.5300780000 -0.4590989825 -0.8883851216 0.0000000000 2.8530490000 0.0000000000 0.0000000000 1.0000000000 -0.2436340000
1772700911.6636157036 -0.9118121696 0.4106075588 0.0000000000 -38.6187130000 -0.4106075588 -0.9118121696 0.0000000000 2.8642590000 0.0000000000 0.0000000000 1.0000000000 -0.2524280000
1772700911.7654736042 -0.9995261263 0.0307818581 0.0000000000 -38.7070130000 -0.0307818581 -0.9995261263 0.0000000000 2.8765500000 0.0000000000 0.0000000000 1.0000000000 -0.2464750000
1772700911.8662226200 -0.9882352156 0.1529416835 0.0000000000 -38.7956310000 -0.1529416835 -0.9882352156 0.0000000000 2.8900040000 0.0000000000 0.0000000000 1.0000000000 -0.2473590000
1772700911.9651086330 -0.9991920219 0.0401908366 0.0000000000 -38.8835420000 -0.0401908366 -0.9991920219 0.0000000000 2.9017980000 0.0000000000 0.0000000000 1.0000000000 -0.2462220000
1772700912.0653746128 -0.9989765081 0.0452320267 0.0000000000 -38.9695530000 -0.0452320267 -0.9989765081 0.0000000000 2.9132950000 0.0000000000 0.0000000000 1.0000000000 -0.2450960000
1772700912.1647827625 -0.9845456699 -0.1751280212 0.0000000000 -39.0588880000 0.1751280212 -0.9845456699 0.0000000000 2.9261210000 0.0000000000 0.0000000000 1.0000000000 -0.2532420000
1772700912.2645115852 -0.2911857201 -0.9566665440 0.0000000000 -39.1465180000 0.9566665440 -0.2911857201 0.0000000000 2.9380330000 0.0000000000 0.0000000000 1.0000000000 -0.2600930000
1772700912.3643887043 0.5062571384 -0.8623825774 0.0000000000 -39.2333180000 0.8623825774 0.5062571384 0.0000000000 2.9542470000 0.0000000000 0.0000000000 1.0000000000 -0.2520690000
1772700912.4645977020 0.5021784660 -0.8647640073 0.0000000000 -39.3169420000 0.8647640073 0.5021784660 0.0000000000 2.9725880000 0.0000000000 0.0000000000 1.0000000000 -0.2533180000
1772700912.5647907257 0.7536886377 -0.6572316466 0.0000000000 -39.4004540000 0.6572316466 0.7536886377 0.0000000000 2.9902460000 0.0000000000 0.0000000000 1.0000000000 -0.2497070000
1772700912.6666867733 0.8033899734 -0.5954532312 0.0000000000 -39.4827740000 0.5954532312 0.8033899734 0.0000000000 3.0086990000 0.0000000000 0.0000000000 1.0000000000 -0.2489590000
1772700912.7653157711 0.8844575242 -0.4666207110 0.0000000000 -39.5655930000 0.4666207110 0.8844575242 0.0000000000 3.0249350000 0.0000000000 0.0000000000 1.0000000000 -0.2490050000
1772700912.8672516346 0.8846774837 -0.4662035498 0.0000000000 -39.6516060000 0.4662035498 0.8846774837 0.0000000000 3.0426430000 0.0000000000 0.0000000000 1.0000000000 -0.2459340000
1772700912.9657325745 0.9201796851 -0.3914962925 0.0000000000 -39.7408130000 0.3914962925 0.9201796851 0.0000000000 3.0636470000 0.0000000000 0.0000000000 1.0000000000 -0.2386560000
1772700913.0681755543 0.9165058792 -0.4000212161 0.0000000000 -39.8318310000 0.4000212161 0.9165058792 0.0000000000 3.0813890000 0.0000000000 0.0000000000 1.0000000000 -0.2375620000
1772700913.1670687199 0.9992517296 -0.0386779134 0.0000000000 -39.9239560000 0.0386779134 0.9992517296 0.0000000000 3.0950320000 0.0000000000 0.0000000000 1.0000000000 -0.2415430000
1772700913.2672555447 0.7553767671 0.6552907291 0.0000000000 -40.0161640000 -0.6552907291 0.7553767671 -0.0000000000 3.1122730000 -0.0000000000 0.0000000000 1.0000000000 -0.2363090000
1772700913.3676517010 0.8692977580 0.4942887900 0.0000000000 -40.1054060000 -0.4942887900 0.8692977580 -0.0000000000 3.1359890000 -0.0000000000 0.0000000000 1.0000000000 -0.2422840000
1772700913.4665117264 0.7381881490 0.6745948834 0.0000000000 -40.1890180000 -0.6745948834 0.7381881490 -0.0000000000 3.1603140000 -0.0000000000 0.0000000000 1.0000000000 -0.2357100000
1772700913.5666956902 0.7066027872 0.7076104162 0.0000000000 -40.2682430000 -0.7076104162 0.7066027872 -0.0000000000 3.1846870000 -0.0000000000 0.0000000000 1.0000000000 -0.2343030000
1772700913.6671757698 0.1807118145 0.9835360899 0.0000000000 -40.3469750000 -0.9835360899 0.1807118145 -0.0000000000 3.2081250000 -0.0000000000 0.0000000000 1.0000000000 -0.2359680000
1772700913.7666525841 -0.9242334795 0.3818278086 0.0000000000 -40.4282910000 -0.3818278086 -0.9242334795 -0.0000000000 3.2291780000 -0.0000000000 0.0000000000 1.0000000000 -0.2327810000
1772700913.8687777519 -0.9796892862 0.2005215762 0.0000000000 -40.5099180000 -0.2005215762 -0.9796892862 -0.0000000000 3.2536120000 -0.0000000000 0.0000000000 1.0000000000 -0.2320370000
1772700913.9673986435 -0.9999999973 -0.0000739664 -0.0000000000 -40.5917510000 0.0000739664 -0.9999999973 0.0000000000 3.2789350000 0.0000000000 -0.0000000000 1.0000000000 -0.2334390000
1772700914.0669007301 -0.9883161693 -0.1524176813 -0.0000000000 -40.6745810000 0.1524176813 -0.9883161693 0.0000000000 3.3055690000 0.0000000000 -0.0000000000 1.0000000000 -0.2330020000
1772700914.1662666798 -0.7383234924 -0.6744467515 -0.0000000000 -40.7553110000 0.6744467515 -0.7383234924 0.0000000000 3.3356680000 0.0000000000 -0.0000000000 1.0000000000 -0.2309710000
1772700914.2674236298 0.6580412181 -0.7529819090 -0.0000000000 -40.8384460000 0.7529819090 0.6580412181 0.0000000000 3.3672600000 0.0000000000 -0.0000000000 1.0000000000 -0.2302230000
1772700914.3689587116 0.8788674423 0.4770660530 0.0000000000 -40.9207680000 -0.4770660530 0.8788674423 0.0000000000 3.3958260000 0.0000000000 0.0000000000 1.0000000000 -0.2259430000
1772700914.4674036503 0.8635315826 0.5042947608 0.0000000000 -40.9992080000 -0.5042947608 0.8635315826 0.0000000000 3.4469260000 0.0000000000 0.0000000000 1.0000000000 -0.2247890000
1772700914.5668387413 0.5995242905 0.8003565612 0.0000000000 -41.0790430000 -0.8003565612 0.5995242905 0.0000000000 3.4736220000 0.0000000000 0.0000000000 1.0000000000 -0.2221150000
1772700914.6677715778 0.4144701922 0.9100628878 0.0000000000 -41.1572760000 -0.9100628878 0.4144701922 0.0000000000 3.4988020000 0.0000000000 0.0000000000 1.0000000000 -0.2197830000
1772700914.7672357559 0.2271377504 0.9738626404 0.0000000000 -41.2379080000 -0.9738626404 0.2271377504 0.0000000000 3.5248520000 0.0000000000 0.0000000000 1.0000000000 -0.2160560000
1772700914.8683185577 0.1064785469 0.9943149999 0.0000000000 -41.3170400000 -0.9943149999 0.1064785469 0.0000000000 3.5525500000 0.0000000000 0.0000000000 1.0000000000 -0.2115350000
1772700914.9670536518 0.0936969361 0.9956007654 0.0000000000 -41.4004920000 -0.9956007654 0.0936969361 0.0000000000 3.5830170000 0.0000000000 0.0000000000 1.0000000000 -0.2139400000
1772700915.0676705837 -0.5216373214 0.8531673370 0.0000000000 -41.4834460000 -0.8531673370 -0.5216373214 0.0000000000 3.6147050000 0.0000000000 0.0000000000 1.0000000000 -0.2163500000
1772700915.1676566601 -0.8362424175 -0.5483599358 0.0000000000 -41.5614050000 0.5483599358 -0.8362424175 0.0000000000 3.6437230000 0.0000000000 0.0000000000 1.0000000000 -0.2232620000
1772700915.2680797577 0.4557244103 -0.8901209254 0.0000000000 -41.6396560000 0.8901209254 0.4557244103 0.0000000000 3.6752330000 0.0000000000 0.0000000000 1.0000000000 -0.2246300000
1772700915.3672387600 0.5837411056 -0.8119398510 0.0000000000 -41.7176150000 0.8119398510 0.5837411056 0.0000000000 3.7127500000 0.0000000000 0.0000000000 1.0000000000 -0.2254650000
1772700915.4672286510 0.8570971458 -0.5151548142 0.0000000000 -41.7937670000 0.5151548142 0.8570971458 0.0000000000 3.7526130000 0.0000000000 0.0000000000 1.0000000000 -0.2210970000
1772700915.5679175854 0.9423616694 -0.3345960011 0.0000000000 -41.8731260000 0.3345960011 0.9423616694 0.0000000000 3.7924410000 0.0000000000 0.0000000000 1.0000000000 -0.2203830000
1772700915.6687526703 0.9928202549 -0.1196158076 0.0000000000 -41.9519840000 0.1196158076 0.9928202549 0.0000000000 3.8329940000 0.0000000000 0.0000000000 1.0000000000 -0.2188370000
1772700915.7677037716 0.9998320496 0.0183268270 0.0000000000 -42.0311350000 -0.0183268270 0.9998320496 -0.0000000000 3.8727310000 -0.0000000000 0.0000000000 1.0000000000 -0.2141170000
1772700915.8688256741 0.9967485579 0.0805748860 0.0000000000 -42.1118900000 -0.0805748860 0.9967485579 -0.0000000000 3.9098160000 -0.0000000000 0.0000000000 1.0000000000 -0.2133640000
1772700915.9678895473 0.9113167577 0.4117059230 0.0000000000 -42.1886450000 -0.4117059230 0.9113167577 -0.0000000000 3.9442870000 -0.0000000000 0.0000000000 1.0000000000 -0.2145890000
1772700916.0695445538 -0.2983436757 0.9544585120 0.0000000000 -42.2661120000 -0.9544585120 -0.2983436757 -0.0000000000 3.9844140000 -0.0000000000 0.0000000000 1.0000000000 -0.2170620000
1772700916.1672387123 -0.9113423583 -0.4116492511 -0.0000000000 -42.3437800000 0.4116492511 -0.9113423583 0.0000000000 4.0285900000 0.0000000000 -0.0000000000 1.0000000000 -0.2174760000
1772700916.2690155506 -0.1014098213 -0.9948447357 -0.0000000000 -42.4198380000 0.9948447357 -0.1014098213 0.0000000000 4.0760630000 0.0000000000 -0.0000000000 1.0000000000 -0.2111540000
1772700916.3688616753 0.3157980395 -0.9488264321 -0.0000000000 -42.4958060000 0.9488264321 0.3157980395 0.0000000000 4.1222930000 0.0000000000 -0.0000000000 1.0000000000 -0.2099060000
1772700916.4682476521 0.6714764098 -0.7410259315 -0.0000000000 -42.5674680000 0.7410259315 0.6714764098 0.0000000000 4.1659650000 0.0000000000 -0.0000000000 1.0000000000 -0.2078910000
1772700916.5695457458 0.8235551243 -0.5672362446 -0.0000000000 -42.6415230000 0.5672362446 0.8235551243 0.0000000000 4.2089990000 0.0000000000 -0.0000000000 1.0000000000 -0.2030790000
1772700916.6700246334 0.9592812050 -0.2824527744 -0.0000000000 -42.7169910000 0.2824527744 0.9592812050 0.0000000000 4.2569230000 0.0000000000 -0.0000000000 1.0000000000 -0.2005210000
1772700916.7691707611 0.5580741543 0.8297910811 0.0000000000 -42.7934630000 -0.8297910811 0.5580741543 0.0000000000 4.3068990000 0.0000000000 0.0000000000 1.0000000000 -0.1986390000
1772700916.8683297634 -0.9894900502 0.1446009698 0.0000000000 -42.8688390000 -0.1446009698 -0.9894900502 0.0000000000 4.3587200000 0.0000000000 0.0000000000 1.0000000000 -0.1974870000
1772700916.9695615768 -0.2825769998 -0.9592446191 0.0000000000 -42.9434230000 0.9592446191 -0.2825769998 0.0000000000 4.4138670000 0.0000000000 0.0000000000 1.0000000000 -0.1971530000
1772700917.0689446926 0.0517898146 -0.9986580071 0.0000000000 -43.0132990000 0.9986580071 0.0517898146 0.0000000000 4.4669110000 0.0000000000 0.0000000000 1.0000000000 -0.1951060000
1772700917.1692707539 0.4568444685 -0.8895465877 0.0000000000 -43.0824810000 0.8895465877 0.4568444685 0.0000000000 4.5154970000 0.0000000000 0.0000000000 1.0000000000 -0.1988190000
1772700917.2701735497 0.6909471144 -0.7229053086 0.0000000000 -43.1505610000 0.7229053086 0.6909471144 0.0000000000 4.5678250000 0.0000000000 0.0000000000 1.0000000000 -0.1987820000
1772700917.3680856228 0.7966059471 -0.6044989372 0.0000000000 -43.2180430000 0.6044989372 0.7966059471 0.0000000000 4.6233980000 0.0000000000 0.0000000000 1.0000000000 -0.1976630000
1772700917.3680856228 0.9996994555 -0.0245152752 0.0000000000 -43.2869370000 0.0245152752 0.9996994555 0.0000000000 4.6777910000 0.0000000000 0.0000000000 1.0000000000 -0.2026620000
1772700917.5691976547 0.0226664083 0.9997430840 0.0000000000 -43.3533080000 -0.9997430840 0.0226664083 -0.0000000000 4.7352740000 -0.0000000000 0.0000000000 1.0000000000 -0.1952610000
1772700917.6685407162 -0.7223034024 -0.6915763117 -0.0000000000 -43.4160090000 0.6915763117 -0.7223034024 0.0000000000 4.7932290000 0.0000000000 -0.0000000000 1.0000000000 -0.2008990000
1772700917.7692255974 0.9998866810 -0.0150540729 -0.0000000000 -43.4764920000 0.0150540729 0.9998866810 0.0000000000 4.8575430000 0.0000000000 -0.0000000000 1.0000000000 -0.1939250000
1772700917.8712806702 -0.1985915554 0.9800823405 0.0000000000 -43.5285050000 -0.9800823405 -0.1985915554 0.0000000000 4.9200190000 0.0000000000 0.0000000000 1.0000000000 -0.2023910000
1772700917.9692325592 0.0175036608 -0.9998467992 0.0000000000 -43.5826910000 0.9998467992 0.0175036608 0.0000000000 4.9859940000 0.0000000000 0.0000000000 1.0000000000 -0.1957690000
1772700918.0691597462 0.8566771686 0.5158529138 0.0000000000 -43.6361060000 -0.5158529138 0.8566771686 -0.0000000000 5.0507420000 -0.0000000000 0.0000000000 1.0000000000 -0.2029950000
1772700918.1705145836 0.0810585462 0.9967093418 0.0000000000 -43.6882020000 -0.9967093418 0.0810585462 -0.0000000000 5.1151510000 -0.0000000000 0.0000000000 1.0000000000 -0.2023880000
1772700918.2714755535 -0.4918031979 0.8707063882 0.0000000000 -43.7365000000 -0.8707063882 -0.4918031979 -0.0000000000 5.1825190000 -0.0000000000 0.0000000000 1.0000000000 -0.2003250000
1772700918.3701066971 -0.8707357512 0.4917512091 0.0000000000 -43.7921180000 -0.4917512091 -0.8707357512 -0.0000000000 5.2530100000 -0.0000000000 0.0000000000 1.0000000000 -0.2050640000
1772700918.4698185921 -0.9859953143 0.1667730197 0.0000000000 -43.8437360000 -0.1667730197 -0.9859953143 -0.0000000000 5.3263090000 -0.0000000000 0.0000000000 1.0000000000 -0.2081280000
1772700918.5706696510 -0.8134761295 -0.5815983036 -0.0000000000 -43.8943400000 0.5815983036 -0.8134761295 0.0000000000 5.3998650000 0.0000000000 -0.0000000000 1.0000000000 -0.2043610000
1772700918.6696066856 0.6969277653 -0.7171413319 -0.0000000000 -43.9444590000 0.7171413319 0.6969277653 0.0000000000 5.4716630000 0.0000000000 -0.0000000000 1.0000000000 -0.2087990000
1772700918.7693996429 0.7621403916 0.6474117881 0.0000000000 -43.9950650000 -0.6474117881 0.7621403916 0.0000000000 5.5453840000 0.0000000000 0.0000000000 1.0000000000 -0.2060430000
1772700918.8690397739 0.6856477723 0.7279334669 0.0000000000 -44.0419990000 -0.7279334669 0.6856477723 0.0000000000 5.6190460000 0.0000000000 0.0000000000 1.0000000000 -0.2160130000
1772700918.9699456692 0.2608915979 0.9653681029 0.0000000000 -44.0872120000 -0.9653681029 0.2608915979 0.0000000000 5.6955610000 0.0000000000 0.0000000000 1.0000000000 -0.2146360000
1772700919.0703787804 -0.8907980067 0.4543995063 0.0000000000 -44.1269540000 -0.4543995063 -0.8907980067 0.0000000000 5.7730970000 0.0000000000 0.0000000000 1.0000000000 -0.2252110000
1772700919.1700446606 0.2116739170 -0.9773403465 0.0000000000 -44.1655980000 0.9773403465 0.2116739170 0.0000000000 5.8534830000 0.0000000000 0.0000000000 1.0000000000 -0.2353510000
1772700919.2707877159 0.8359586973 0.5487923618 0.0000000000 -44.2050230000 -0.5487923618 0.8359586973 -0.0000000000 5.9392910000 -0.0000000000 0.0000000000 1.0000000000 -0.2327370000
1772700919.3699216843 0.4779700786 0.8783761176 0.0000000000 -44.2407480000 -0.8783761176 0.4779700786 -0.0000000000 6.0294010000 -0.0000000000 0.0000000000 1.0000000000 -0.2273530000
1772700919.4725277424 -0.1396878929 0.9901955830 0.0000000000 -44.2727960000 -0.9901955830 -0.1396878929 -0.0000000000 6.1157210000 -0.0000000000 0.0000000000 1.0000000000 -0.2346910000
1772700919.5721647739 -0.9991549497 -0.0411021466 -0.0000000000 -44.3056170000 0.0411021466 -0.9991549497 0.0000000000 6.2010340000 0.0000000000 -0.0000000000 1.0000000000 -0.2309700000
1772700919.6696746349 0.3225423600 -0.9465550306 -0.0000000000 -44.3395500000 0.9465550306 0.3225423600 0.0000000000 6.2853950000 0.0000000000 -0.0000000000 1.0000000000 -0.2330840000
1772700919.7703816891 0.6498134509 -0.7600937304 -0.0000000000 -44.3658820000 0.7600937304 0.6498134509 0.0000000000 6.3697760000 0.0000000000 -0.0000000000 1.0000000000 -0.2349530000
1772700919.8710496426 0.9696884493 -0.2443446567 -0.0000000000 -44.3885140000 0.2443446567 0.9696884493 0.0000000000 6.4504730000 0.0000000000 -0.0000000000 1.0000000000 -0.2387780000
1772700919.9713046551 0.3699307236 0.9290593414 0.0000000000 -44.4150290000 -0.9290593414 0.3699307236 0.0000000000 6.5305400000 0.0000000000 0.0000000000 1.0000000000 -0.2360570000
1772700920.0710616112 -0.2815025681 0.9595604745 0.0000000000 -44.4439510000 -0.9595604745 -0.2815025681 0.0000000000 6.6083460000 0.0000000000 0.0000000000 1.0000000000 -0.2377950000
1772700920.1719045639 -0.5088788831 0.8608381279 0.0000000000 -44.4732740000 -0.8608381279 -0.5088788831 0.0000000000 6.6830850000 0.0000000000 0.0000000000 1.0000000000 -0.2420090000
1772700920.2706487179 -0.6538968901 0.7565836749 0.0000000000 -44.4947620000 -0.7565836749 -0.6538968901 0.0000000000 6.7556800000 0.0000000000 0.0000000000 1.0000000000 -0.2403910000
1772700920.3708567619 -0.7585560806 0.6516077598 0.0000000000 -44.5221170000 -0.6516077598 -0.7585560806 0.0000000000 6.8335720000 0.0000000000 0.0000000000 1.0000000000 -0.2452350000
1772700920.4720625877 -0.8952392414 0.4455857950 0.0000000000 -44.5519600000 -0.4455857950 -0.8952392414 0.0000000000 6.9105590000 0.0000000000 0.0000000000 1.0000000000 -0.2467830000
1772700920.5713446140 -0.8727829142 0.4881085788 0.0000000000 -44.5809080000 -0.4881085788 -0.8727829142 0.0000000000 6.9897910000 0.0000000000 0.0000000000 1.0000000000 -0.2486420000
1772700920.6731376648 -0.8611527192 0.5083463329 0.0000000000 -44.6087470000 -0.5083463329 -0.8611527192 0.0000000000 7.0696540000 0.0000000000 0.0000000000 1.0000000000 -0.2471820000
1772700920.7705845833 -0.9198135273 0.3923558014 0.0000000000 -44.6344030000 -0.3923558014 -0.9198135273 0.0000000000 7.1485160000 0.0000000000 0.0000000000 1.0000000000 -0.2515400000
1772700920.8709607124 -0.8203019997 -0.5719306159 0.0000000000 -44.6555380000 0.5719306159 -0.8203019997 0.0000000000 7.2326500000 0.0000000000 0.0000000000 1.0000000000 -0.2464430000
1772700920.9710307121 0.7746223032 -0.6324241357 0.0000000000 -44.6745650000 0.6324241357 0.7746223032 0.0000000000 7.3162440000 0.0000000000 0.0000000000 1.0000000000 -0.2390890000
1772700921.0728197098 -0.5417112913 0.8405646179 0.0000000000 -44.6904410000 -0.8405646179 -0.5417112913 -0.0000000000 7.3951020000 -0.0000000000 0.0000000000 1.0000000000 -0.2500420000
1772700921.1712777615 0.4345920662 -0.9006274124 -0.0000000000 -44.7007970000 0.9006274124 0.4345920662 0.0000000000 7.4844170000 0.0000000000 -0.0000000000 1.0000000000 -0.2486380000
1772700921.2724766731 0.2736477982 0.9618299655 0.0000000000 -44.7112540000 -0.9618299655 0.2736477982 0.0000000000 7.5822340000 0.0000000000 0.0000000000 1.0000000000 -0.2424530000
1772700921.3712596893 -0.7388750642 0.6738424441 0.0000000000 -44.7155450000 -0.6738424441 -0.7388750642 0.0000000000 7.6736800000 0.0000000000 0.0000000000 1.0000000000 -0.2512710000
1772700921.4725365639 -0.9978428889 0.0656473078 0.0000000000 -44.7182970000 -0.0656473078 -0.9978428889 0.0000000000 7.7582860000 0.0000000000 0.0000000000 1.0000000000 -0.2511340000
1772700921.4725365639 -0.2643679846 -0.9644218832 0.0000000000 -44.7199630000 0.9644218832 -0.2643679846 0.0000000000 7.8429810000 0.0000000000 0.0000000000 1.0000000000 -0.2555800000
1772700921.6718416214 0.9743262176 0.2251408930 0.0000000000 -44.7160160000 -0.2251408930 0.9743262176 -0.0000000000 7.9277510000 -0.0000000000 0.0000000000 1.0000000000 -0.2557980000
1772700921.7717425823 -0.9978243284 0.0659288231 0.0000000000 -44.7086630000 -0.0659288231 -0.9978243284 -0.0000000000 8.0081220000 -0.0000000000 0.0000000000 1.0000000000 -0.2567760000
1772700921.7717425823 0.9883760598 -0.1520288274 -0.0000000000 -44.6994180000 0.1520288274 0.9883760598 0.0000000000 8.0877240000 0.0000000000 -0.0000000000 1.0000000000 -0.2607780000
1772700921.9729115963 -0.2262049403 0.9740797324 0.0000000000 -44.6883750000 -0.9740797324 -0.2262049403 0.0000000000 8.1738500000 0.0000000000 0.0000000000 1.0000000000 -0.2615760000
1772700922.0724437237 -0.8354188672 0.5496137884 0.0000000000 -44.6727290000 -0.5496137884 -0.8354188672 0.0000000000 8.2650500000 0.0000000000 0.0000000000 1.0000000000 -0.2583470000
1772700922.1730666161 -0.8576656106 -0.5142078378 0.0000000000 -44.6567080000 0.5142078378 -0.8576656106 0.0000000000 8.3506300000 0.0000000000 0.0000000000 1.0000000000 -0.2666350000
1772700922.2727077007 0.7949696571 -0.6066491938 0.0000000000 -44.6413580000 0.6066491938 0.7949696571 0.0000000000 8.4375560000 0.0000000000 0.0000000000 1.0000000000 -0.2645800000
1772700922.3726265430 -0.4868440035 0.8734889331 0.0000000000 -44.6226300000 -0.8734889331 -0.4868440035 -0.0000000000 8.5208950000 -0.0000000000 0.0000000000 1.0000000000 -0.2719220000
1772700922.4716017246 -0.6120819291 -0.7907943551 -0.0000000000 -44.6021880000 0.7907943551 -0.6120819291 0.0000000000 8.6094300000 0.0000000000 -0.0000000000 1.0000000000 -0.2714550000
1772700922.5735146999 -0.0866684690 -0.9962372089 -0.0000000000 -44.5768510000 0.9962372089 -0.0866684690 0.0000000000 8.7006460000 0.0000000000 -0.0000000000 1.0000000000 -0.2712360000
1772700922.6747364998 0.3972766909 -0.9176988781 -0.0000000000 -44.5486130000 0.9176988781 0.3972766909 0.0000000000 8.7905410000 0.0000000000 -0.0000000000 1.0000000000 -0.2717410000
1772700922.7741816044 0.9871787062 0.1596189276 0.0000000000 -44.5212670000 -0.1596189276 0.9871787062 0.0000000000 8.8767500000 0.0000000000 0.0000000000 1.0000000000 -0.2714710000
1772700922.8719377518 -0.4118849042 0.9112358782 0.0000000000 -44.4962350000 -0.9112358782 -0.4118849042 0.0000000000 8.9596610000 0.0000000000 0.0000000000 1.0000000000 -0.2774640000
1772700922.9733386040 -0.9065951761 0.4220014061 0.0000000000 -44.4648140000 -0.4220014061 -0.9065951761 0.0000000000 9.0402050000 0.0000000000 0.0000000000 1.0000000000 -0.2885740000
1772700923.0726065636 -0.9751099682 0.2217217850 0.0000000000 -44.4309710000 -0.2217217850 -0.9751099682 0.0000000000 9.1232730000 0.0000000000 0.0000000000 1.0000000000 -0.2912800000
1772700923.1732916832 -0.9971297888 -0.0757111900 0.0000000000 -44.3977080000 0.0757111900 -0.9971297888 0.0000000000 9.2047670000 0.0000000000 0.0000000000 1.0000000000 -0.2884780000
1772700923.2728457451 -0.8334243169 -0.5526336110 0.0000000000 -44.3672620000 0.5526336110 -0.8334243169 0.0000000000 9.2802870000 0.0000000000 0.0000000000 1.0000000000 -0.2943080000
1772700923.3721807003 0.3097436477 -0.9508201053 0.0000000000 -44.3397130000 0.9508201053 0.3097436477 0.0000000000 9.3584280000 0.0000000000 0.0000000000 1.0000000000 -0.2977570000
1772700923.4735376835 0.5345340850 -0.8451469174 0.0000000000 -44.3073690000 0.8451469174 0.5345340850 0.0000000000 9.4389100000 0.0000000000 0.0000000000 1.0000000000 -0.3014950000
1772700923.5747816563 0.6286259132 -0.7777078251 0.0000000000 -44.2754260000 0.7777078251 0.6286259132 0.0000000000 9.5140810000 0.0000000000 0.0000000000 1.0000000000 -0.3086510000
1772700923.6723597050 0.6904118590 -0.7234165225 0.0000000000 -44.2444680000 0.7234165225 0.6904118590 0.0000000000 9.5949120000 0.0000000000 0.0000000000 1.0000000000 -0.3078460000
1772700923.7736947536 0.9467170468 -0.3220665044 0.0000000000 -44.2101320000 0.3220665044 0.9467170468 0.0000000000 9.6698430000 0.0000000000 0.0000000000 1.0000000000 -0.3175180000
1772700923.8751566410 0.4527369750 0.8916441170 0.0000000000 -44.1736750000 -0.8916441170 0.4527369750 -0.0000000000 9.7437580000 -0.0000000000 0.0000000000 1.0000000000 -0.3206740000
1772700923.9732766151 -0.5529043279 0.8332447445 0.0000000000 -44.1375320000 -0.8332447445 -0.5529043279 -0.0000000000 9.8230520000 -0.0000000000 0.0000000000 1.0000000000 -0.3254750000
1772700924.0727546215 -0.6437189444 0.7652619948 0.0000000000 -44.0992840000 -0.7652619948 -0.6437189444 -0.0000000000 9.9086100000 -0.0000000000 0.0000000000 1.0000000000 -0.3251290000
1772700924.1728806496 -0.8497613372 0.5271675918 0.0000000000 -44.0608500000 -0.5271675918 -0.8497613372 -0.0000000000 9.9901380000 -0.0000000000 0.0000000000 1.0000000000 -0.3315310000
1772700924.2754786015 -0.9112599604 0.4118316215 0.0000000000 -44.0211960000 -0.4118316215 -0.9112599604 -0.0000000000 10.0688390000 -0.0000000000 0.0000000000 1.0000000000 -0.3330700000
1772700924.3739635944 -0.9756517885 0.2193253007 0.0000000000 -43.9814600000 -0.2193253007 -0.9756517885 -0.0000000000 10.1462590000 -0.0000000000 0.0000000000 1.0000000000 -0.3410900000
1772700924.4735996723 -0.9883229494 -0.1523737108 -0.0000000000 -43.9405130000 0.1523737108 -0.9883229494 0.0000000000 10.2306370000 0.0000000000 -0.0000000000 1.0000000000 -0.3416960000
1772700924.5731856823 -0.8551270585 -0.5184184737 -0.0000000000 -43.8985670000 0.5184184737 -0.8551270585 0.0000000000 10.3124270000 0.0000000000 -0.0000000000 1.0000000000 -0.3440360000
1772700924.6751177311 -0.8911481521 -0.4537124320 -0.0000000000 -43.8540310000 0.4537124320 -0.8911481521 0.0000000000 10.3942420000 0.0000000000 -0.0000000000 1.0000000000 -0.3497430000
1772700924.7753984928 -0.8265616936 -0.5628461306 -0.0000000000 -43.8139980000 0.5628461306 -0.8265616936 0.0000000000 10.4741600000 0.0000000000 -0.0000000000 1.0000000000 -0.3574400000
1772700924.8736526966 -0.8565512646 -0.5160619450 -0.0000000000 -43.7757540000 0.5160619450 -0.8565512646 0.0000000000 10.5534560000 0.0000000000 -0.0000000000 1.0000000000 -0.3618690000
1772700924.9738366604 -0.4469999960 -0.8945339589 -0.0000000000 -43.7386980000 0.8945339589 -0.4469999960 0.0000000000 10.6342230000 0.0000000000 -0.0000000000 1.0000000000 -0.3617010000
1772700925.0744435787 0.2303122262 -0.9731167856 -0.0000000000 -43.7019480000 0.9731167856 0.2303122262 0.0000000000 10.7190850000 0.0000000000 -0.0000000000 1.0000000000 -0.3608370000
1772700925.1743927002 0.1213379294 -0.9926112567 -0.0000000000 -43.6599120000 0.9926112567 0.1213379294 0.0000000000 10.7973060000 0.0000000000 -0.0000000000 1.0000000000 -0.3683990000
1772700925.2733576298 0.2996015502 -0.9540644166 -0.0000000000 -43.6196570000 0.9540644166 0.2996015502 0.0000000000 10.8816680000 0.0000000000 -0.0000000000 1.0000000000 -0.3665570000
1772700925.3745756149 0.3855325825 -0.9226942223 -0.0000000000 -43.5795230000 0.9226942223 0.3855325825 0.0000000000 10.9611850000 0.0000000000 -0.0000000000 1.0000000000 -0.3739690000
1772700925.4748561382 0.4070402196 -0.9134102362 -0.0000000000 -43.5404680000 0.9134102362 0.4070402196 0.0000000000 11.0407620000 0.0000000000 -0.0000000000 1.0000000000 -0.3748870000
1772700925.5747690201 0.3769570626 -0.9262307342 -0.0000000000 -43.4997220000 0.9262307342 0.3769570626 0.0000000000 11.1143780000 0.0000000000 -0.0000000000 1.0000000000 -0.3819830000
1772700925.6747934818 0.3760499752 -0.9265993828 -0.0000000000 -43.4585710000 0.9265993828 0.3760499752 0.0000000000 11.1899780000 0.0000000000 -0.0000000000 1.0000000000 -0.3862910000
1772700925.7738876343 0.3063314672 -0.9519249089 -0.0000000000 -43.4195220000 0.9519249089 0.3063314672 0.0000000000 11.2639830000 0.0000000000 -0.0000000000 1.0000000000 -0.3920720000
1772700925.8744306564 0.2137498946 -0.9768884187 -0.0000000000 -43.3696530000 0.9768884187 0.2137498946 0.0000000000 11.3359000000 0.0000000000 -0.0000000000 1.0000000000 -0.3959900000
1772700925.9746677876 0.2136462620 -0.9769110885 -0.0000000000 -43.3286580000 0.9769110885 0.2136462620 0.0000000000 11.4131210000 0.0000000000 -0.0000000000 1.0000000000 -0.3986840000
1772700926.0742237568 0.2047457033 -0.9788152006 -0.0000000000 -43.2889740000 0.9788152006 0.2047457033 0.0000000000 11.4877680000 0.0000000000 -0.0000000000 1.0000000000 -0.4060030000
1772700926.1742136478 0.1863999725 -0.9824739438 -0.0000000000 -43.2497700000 0.9824739438 0.1863999725 0.0000000000 11.5642710000 0.0000000000 -0.0000000000 1.0000000000 -0.4066030000
1772700926.2742757797 0.1694275986 -0.9855426367 -0.0000000000 -43.2097950000 0.9855426367 0.1694275986 0.0000000000 11.6415220000 0.0000000000 -0.0000000000 1.0000000000 -0.4144470000
1772700926.3746635914 0.1561655300 -0.9877308982 -0.0000000000 -43.1685070000 0.9877308982 0.1561655300 0.0000000000 11.7233350000 0.0000000000 -0.0000000000 1.0000000000 -0.4156180000
1772700926.4746086597 0.1587679757 -0.9873159220 -0.0000000000 -43.1296220000 0.9873159220 0.1587679757 0.0000000000 11.8045500000 0.0000000000 -0.0000000000 1.0000000000 -0.4181620000
1772700926.4746086597 0.1086441664 -0.9940807035 -0.0000000000 -43.0934250000 0.9940807035 0.1086441664 0.0000000000 11.8814560000 0.0000000000 -0.0000000000 1.0000000000 -0.4203020000
1772700926.6746816635 0.0899587089 -0.9959454958 -0.0000000000 -43.0547470000 0.9959454958 0.0899587089 0.0000000000 11.9575050000 0.0000000000 -0.0000000000 1.0000000000 -0.4284020000
1772700926.7746887207 0.0310075601 -0.9995191500 -0.0000000000 -43.0166600000 0.9995191500 0.0310075601 0.0000000000 12.0337350000 0.0000000000 -0.0000000000 1.0000000000 -0.4337090000
1772700926.8745017052 0.0588049534 -0.9982694914 -0.0000000000 -42.9781780000 0.9982694914 0.0588049534 0.0000000000 12.1060900000 0.0000000000 -0.0000000000 1.0000000000 -0.4428500000
1772700926.9746556282 0.0346416936 -0.9993997964 -0.0000000000 -42.9417670000 0.9993997964 0.0346416936 0.0000000000 12.1845680000 0.0000000000 -0.0000000000 1.0000000000 -0.4403720000
1772700927.0750741959 0.0069277276 -0.9999760030 -0.0000000000 -42.9051920000 0.9999760030 0.0069277276 0.0000000000 12.2594200000 0.0000000000 -0.0000000000 1.0000000000 -0.4498660000
1772700927.1749770641 0.0298740106 -0.9995536721 -0.0000000000 -42.8679080000 0.9995536721 0.0298740106 0.0000000000 12.3348570000 0.0000000000 -0.0000000000 1.0000000000 -0.4565440000
1772700927.2747795582 -0.0045665428 -0.9999895733 -0.0000000000 -42.8286160000 0.9999895733 -0.0045665428 0.0000000000 12.4097870000 0.0000000000 -0.0000000000 1.0000000000 -0.4614080000
1772700927.3749837875 -0.0561638208 -0.9984215669 -0.0000000000 -42.7880150000 0.9984215669 -0.0561638208 0.0000000000 12.4880920000 0.0000000000 -0.0000000000 1.0000000000 -0.4615720000
1772700927.4749751091 -0.0447473147 -0.9989983373 -0.0000000000 -42.7457340000 0.9989983373 -0.0447473147 0.0000000000 12.5646430000 0.0000000000 -0.0000000000 1.0000000000 -0.4684700000
1772700927.5748782158 -0.1043180719 -0.9945439859 -0.0000000000 -42.7031270000 0.9945439859 -0.1043180719 0.0000000000 12.6457310000 0.0000000000 -0.0000000000 1.0000000000 -0.4652340000
1772700927.6749043465 -0.1172636650 -0.9931008171 -0.0000000000 -42.6656410000 0.9931008171 -0.1172636650 0.0000000000 12.7237550000 0.0000000000 -0.0000000000 1.0000000000 -0.4696590000
1772700927.7748441696 -0.1543042512 -0.9880233793 -0.0000000000 -42.6312470000 0.9880233793 -0.1543042512 0.0000000000 12.8007590000 0.0000000000 -0.0000000000 1.0000000000 -0.4723770000
1772700927.8748879433 -0.2104929043 -0.9775953852 -0.0000000000 -42.5952640000 0.9775953852 -0.2104929043 0.0000000000 12.8795810000 0.0000000000 -0.0000000000 1.0000000000 -0.4771190000
1772700927.9748678207 -0.2205178087 -0.9753829484 -0.0000000000 -42.5553890000 0.9753829484 -0.2205178087 0.0000000000 12.9642010000 0.0000000000 -0.0000000000 1.0000000000 -0.4800540000
1772700928.0749161243 -0.2335736326 -0.9723391169 -0.0000000000 -42.5145990000 0.9723391169 -0.2335736326 0.0000000000 13.0519840000 0.0000000000 -0.0000000000 1.0000000000 -0.4766640000
1772700928.1748609543 -0.2389301262 -0.9710367628 -0.0000000000 -42.4739300000 0.9710367628 -0.2389301262 0.0000000000 13.1317370000 0.0000000000 -0.0000000000 1.0000000000 -0.4845480000
1772700928.2748241425 -0.2338976582 -0.9722612229 -0.0000000000 -42.4342570000 0.9722612229 -0.2338976582 0.0000000000 13.2136720000 0.0000000000 -0.0000000000 1.0000000000 -0.4898700000
1772700928.3750333786 -0.2493417768 -0.9684155504 -0.0000000000 -42.3922720000 0.9684155504 -0.2493417768 0.0000000000 13.2961880000 0.0000000000 -0.0000000000 1.0000000000 -0.4913000000
1772700928.3758456707 -0.2129965702 -0.9770529469 -0.0000000000 -42.3505710000 0.9770529469 -0.2129965702 0.0000000000 13.3749950000 0.0000000000 -0.0000000000 1.0000000000 -0.4914230000
1772700928.5753386021 0.2187476669 -0.9757814603 -0.0000000000 -42.3086060000 0.9757814603 0.2187476669 0.0000000000 13.4485820000 0.0000000000 -0.0000000000 1.0000000000 -0.5044180000
1772700928.6753494740 0.5496968042 -0.8353642460 -0.0000000000 -42.2665050000 0.8353642460 0.5496968042 0.0000000000 13.5202190000 0.0000000000 -0.0000000000 1.0000000000 -0.5091340000
1772700928.7751545906 0.4390234130 -0.8984756217 -0.0000000000 -42.2250940000 0.8984756217 0.4390234130 0.0000000000 13.5908420000 0.0000000000 -0.0000000000 1.0000000000 -0.5119100000
1772700928.8749430180 0.5344865561 -0.8451769763 -0.0000000000 -42.1862800000 0.8451769763 0.5344865561 0.0000000000 13.6632450000 0.0000000000 -0.0000000000 1.0000000000 -0.5126370000
1772700928.9748404026 0.5730315165 -0.8195333313 -0.0000000000 -42.1454000000 0.8195333313 0.5730315165 0.0000000000 13.7360090000 0.0000000000 -0.0000000000 1.0000000000 -0.5221520000
1772700929.0747199059 0.5735613846 -0.8191625834 -0.0000000000 -42.1062150000 0.8191625834 0.5735613846 0.0000000000 13.8111500000 0.0000000000 -0.0000000000 1.0000000000 -0.5288050000
1772700929.0787396431 0.6073086190 -0.7944660102 -0.0000000000 -42.0659330000 0.7944660102 0.6073086190 0.0000000000 13.8898830000 0.0000000000 -0.0000000000 1.0000000000 -0.5337420000
1772700929.2746827602 0.6050704441 -0.7961719398 -0.0000000000 -42.0265500000 0.7961719398 0.6050704441 0.0000000000 13.9701060000 0.0000000000 -0.0000000000 1.0000000000 -0.5373740000
1772700929.3746216297 0.6203460890 -0.7843282029 -0.0000000000 -41.9876640000 0.7843282029 0.6203460890 0.0000000000 14.0493280000 0.0000000000 -0.0000000000 1.0000000000 -0.5409720000
1772700929.4746699333 0.6593832148 -0.7518070072 -0.0000000000 -41.9472900000 0.7518070072 0.6593832148 0.0000000000 14.1275780000 0.0000000000 -0.0000000000 1.0000000000 -0.5485510000
1772700929.5747570992 0.6162074073 -0.7875839201 -0.0000000000 -41.9058000000 0.7875839201 0.6162074073 0.0000000000 14.2090890000 0.0000000000 -0.0000000000 1.0000000000 -0.5494050000
1772700929.5766606331 0.5920494585 -0.8059016309 -0.0000000000 -41.8642050000 0.8059016309 0.5920494585 0.0000000000 14.2903950000 0.0000000000 -0.0000000000 1.0000000000 -0.5492990000
1772700929.7748684883 0.5965120667 -0.8026041081 -0.0000000000 -41.8217320000 0.8026041081 0.5965120667 0.0000000000 14.3678550000 0.0000000000 -0.0000000000 1.0000000000 -0.5576450000
1772700929.8748900890 0.5452931874 -0.8382453935 -0.0000000000 -41.7813360000 0.8382453935 0.5452931874 0.0000000000 14.4481590000 0.0000000000 -0.0000000000 1.0000000000 -0.5577180000
1772700929.9749357700 0.5176810279 -0.8555736984 -0.0000000000 -41.7425460000 0.8555736984 0.5176810279 0.0000000000 14.5275740000 0.0000000000 -0.0000000000 1.0000000000 -0.5602240000
1772700930.0749778748 0.5031090502 -0.8642229363 -0.0000000000 -41.7043420000 0.8642229363 0.5031090502 0.0000000000 14.6080580000 0.0000000000 -0.0000000000 1.0000000000 -0.5580670000
1772700930.1750431061 0.5105351017 -0.8598569125 -0.0000000000 -41.6658630000 0.8598569125 0.5105351017 0.0000000000 14.6862940000 0.0000000000 -0.0000000000 1.0000000000 -0.5642010000
1772700930.2752435207 0.4671739579 -0.8841654218 -0.0000000000 -41.6249820000 0.8841654218 0.4671739579 0.0000000000 14.7609480000 0.0000000000 -0.0000000000 1.0000000000 -0.5722540000
1772700930.3754026890 0.4540021056 -0.8910006106 -0.0000000000 -41.5826840000 0.8910006106 0.4540021056 0.0000000000 14.8384660000 0.0000000000 -0.0000000000 1.0000000000 -0.5737970000
1772700930.4755225182 0.4921438097 -0.8705139117 -0.0000000000 -41.5519370000 0.8705139117 0.4921438097 0.0000000000 14.9167780000 0.0000000000 -0.0000000000 1.0000000000 -0.5755050000
1772700930.5756299496 0.4652145845 -0.8851979385 -0.0000000000 -41.5129610000 0.8851979385 0.4652145845 0.0000000000 14.9901820000 0.0000000000 -0.0000000000 1.0000000000 -0.5839360000
1772700930.6756324768 0.4948756854 -0.8689637829 -0.0000000000 -41.4740870000 0.8689637829 0.4948756854 0.0000000000 15.0635930000 0.0000000000 -0.0000000000 1.0000000000 -0.5936730000
1772700930.7755696774 0.4589952223 -0.8884387350 -0.0000000000 -41.4315900000 0.8884387350 0.4589952223 0.0000000000 15.1458170000 0.0000000000 -0.0000000000 1.0000000000 -0.5869870000
1772700930.8754813671 0.4878812731 -0.8729099973 -0.0000000000 -41.3896150000 0.8729099973 0.4878812731 0.0000000000 15.2249100000 0.0000000000 -0.0000000000 1.0000000000 -0.5926640000
1772700930.9754159451 0.4641941977 -0.8857334513 -0.0000000000 -41.3482420000 0.8857334513 0.4641941977 0.0000000000 15.2996210000 0.0000000000 -0.0000000000 1.0000000000 -0.6017730000
1772700931.0753159523 0.4535447493 -0.8912335050 -0.0000000000 -41.3073510000 0.8912335050 0.4535447493 0.0000000000 15.3748850000 0.0000000000 -0.0000000000 1.0000000000 -0.6025990000
1772700931.1752531528 0.4013054779 -0.9159442742 -0.0000000000 -41.2670760000 0.9159442742 0.4013054779 0.0000000000 15.4514850000 0.0000000000 -0.0000000000 1.0000000000 -0.6099940000
1772700931.2752499580 0.4052547870 -0.9142037834 -0.0000000000 -41.2257870000 0.9142037834 0.4052547870 0.0000000000 15.5279470000 0.0000000000 -0.0000000000 1.0000000000 -0.6104390000
1772700931.3752481937 0.2755779812 -0.9612787194 -0.0000000000 -41.1881140000 0.9612787194 0.2755779812 0.0000000000 15.6028540000 0.0000000000 -0.0000000000 1.0000000000 -0.6197640000
1772700931.4752624035 0.3752527708 -0.9269225200 -0.0000000000 -41.1517310000 0.9269225200 0.3752527708 0.0000000000 15.6740470000 0.0000000000 -0.0000000000 1.0000000000 -0.6269860000
1772700931.5752727985 0.3489358508 -0.9371466118 -0.0000000000 -41.1124390000 0.9371466118 0.3489358508 0.0000000000 15.7568770000 0.0000000000 -0.0000000000 1.0000000000 -0.6220980000
1772700931.6753551960 0.3753032206 -0.9269020944 -0.0000000000 -41.0729680000 0.9269020944 0.3753032206 0.0000000000 15.8340840000 0.0000000000 -0.0000000000 1.0000000000 -0.6308930000
1772700931.7753880024 0.3624552524 -0.9320011749 -0.0000000000 -41.0345850000 0.9320011749 0.3624552524 0.0000000000 15.9071710000 0.0000000000 -0.0000000000 1.0000000000 -0.6366110000
1772700931.8754639626 0.3269420051 -0.9450444039 -0.0000000000 -40.9959960000 0.9450444039 0.3269420051 0.0000000000 15.9839300000 0.0000000000 -0.0000000000 1.0000000000 -0.6370990000
1772700931.9754004478 0.2745173924 -0.9615821344 -0.0000000000 -40.9558110000 0.9615821344 0.2745173924 0.0000000000 16.0672780000 0.0000000000 -0.0000000000 1.0000000000 -0.6352300000
1772700932.0753781796 0.3120924611 -0.9500517332 -0.0000000000 -40.9152190000 0.9500517332 0.3120924611 0.0000000000 16.1534990000 0.0000000000 -0.0000000000 1.0000000000 -0.6284610000
1772700932.1753072739 0.2866857456 -0.9580246778 -0.0000000000 -40.8735520000 0.9580246778 0.2866857456 0.0000000000 16.2332080000 0.0000000000 -0.0000000000 1.0000000000 -0.6371630000
1772700932.2751798630 0.2816707685 -0.9595111141 -0.0000000000 -40.8320670000 0.9595111141 0.2816707685 0.0000000000 16.3113780000 0.0000000000 -0.0000000000 1.0000000000 -0.6388800000
1772700932.3751740456 0.2910295987 -0.9567140496 -0.0000000000 -40.7886960000 0.9567140496 0.2910295987 0.0000000000 16.3890860000 0.0000000000 -0.0000000000 1.0000000000 -0.6468970000
1772700932.4751098156 0.6969361872 -0.7171331473 -0.0000000000 -40.7439130000 0.7171331473 0.6969361872 0.0000000000 16.4669660000 0.0000000000 -0.0000000000 1.0000000000 -0.6495490000
1772700932.5751430988 0.9514872904 -0.3076880501 -0.0000000000 -40.7039130000 0.3076880501 0.9514872904 0.0000000000 16.5453940000 0.0000000000 -0.0000000000 1.0000000000 -0.6442880000
1772700932.6751689911 0.9050782491 -0.4252450622 -0.0000000000 -40.6618350000 0.4252450622 0.9050782491 0.0000000000 16.6174030000 0.0000000000 -0.0000000000 1.0000000000 -0.6529280000
1772700932.7750341892 0.9592547630 -0.2825425626 -0.0000000000 -40.6177460000 0.2825425626 0.9592547630 0.0000000000 16.6866990000 0.0000000000 -0.0000000000 1.0000000000 -0.6585580000
1772700932.8748929501 0.9879249814 -0.1549329888 -0.0000000000 -40.5736620000 0.1549329888 0.9879249814 0.0000000000 16.7586950000 0.0000000000 -0.0000000000 1.0000000000 -0.6643270000
1772700932.9748182297 0.7864627520 0.6176377091 0.0000000000 -40.5340850000 -0.6176377091 0.7864627520 0.0000000000 16.8376810000 0.0000000000 0.0000000000 1.0000000000 -0.6693360000
1772700933.0747401714 0.7720695735 0.6355380190 0.0000000000 -40.4993030000 -0.6355380190 0.7720695735 0.0000000000 16.9165440000 0.0000000000 0.0000000000 1.0000000000 -0.6715650000
1772700933.1746695042 0.6681084993 0.7440638636 0.0000000000 -40.4626240000 -0.7440638636 0.6681084993 0.0000000000 16.9962160000 0.0000000000 0.0000000000 1.0000000000 -0.6749580000
1772700933.2746527195 0.6431852679 0.7657105923 0.0000000000 -40.4203500000 -0.7657105923 0.6431852679 0.0000000000 17.0804920000 0.0000000000 0.0000000000 1.0000000000 -0.6775450000
1772700933.3746542931 0.5608079286 0.8279459326 0.0000000000 -40.3708630000 -0.8279459326 0.5608079286 0.0000000000 17.1640480000 0.0000000000 0.0000000000 1.0000000000 -0.6747240000
1772700933.4747068882 -0.0387198281 0.9992501063 0.0000000000 -40.3240770000 -0.9992501063 -0.0387198281 0.0000000000 17.2390330000 0.0000000000 0.0000000000 1.0000000000 -0.6778730000
1772700933.4798827171 -0.1148226625 0.9933860056 0.0000000000 -40.2811890000 -0.9933860056 -0.1148226625 0.0000000000 17.3094250000 0.0000000000 0.0000000000 1.0000000000 -0.6832850000
1772700933.6748313904 -0.1717227938 0.9851453101 0.0000000000 -40.2398050000 -0.9851453101 -0.1717227938 0.0000000000 17.3786280000 0.0000000000 0.0000000000 1.0000000000 -0.6909230000
1772700933.7748701572 -0.2252727603 0.9742957372 0.0000000000 -40.1948230000 -0.9742957372 -0.2252727603 0.0000000000 17.4494380000 0.0000000000 0.0000000000 1.0000000000 -0.6989110000
1772700933.8749706745 -0.6229875419 0.7822317576 0.0000000000 -40.1489480000 -0.7822317576 -0.6229875419 0.0000000000 17.5210630000 0.0000000000 0.0000000000 1.0000000000 -0.7093370000
1772700933.9750213623 -0.9797818835 0.2000686403 0.0000000000 -40.1057640000 -0.2000686403 -0.9797818835 0.0000000000 17.5995340000 0.0000000000 0.0000000000 1.0000000000 -0.7109520000
1772700934.0750958920 -0.9269371455 0.3752166418 0.0000000000 -40.0591800000 -0.3752166418 -0.9269371455 0.0000000000 17.6750230000 0.0000000000 0.0000000000 1.0000000000 -0.7146900000
1772700934.1749370098 -0.9668164561 0.2554719948 0.0000000000 -40.0136840000 -0.2554719948 -0.9668164561 0.0000000000 17.7495830000 0.0000000000 0.0000000000 1.0000000000 -0.7137110000
1772700934.2749209404 -0.9981253326 0.0612031087 0.0000000000 -39.9655970000 -0.0612031087 -0.9981253326 0.0000000000 17.8227750000 0.0000000000 0.0000000000 1.0000000000 -0.7177200000
1772700934.3749597073 -0.4583515065 -0.8887710034 0.0000000000 -39.9180160000 0.8887710034 -0.4583515065 0.0000000000 17.8929910000 0.0000000000 0.0000000000 1.0000000000 -0.7261330000
1772700934.4749586582 0.3904176165 -0.9206378684 0.0000000000 -39.8714050000 0.9206378684 0.3904176165 0.0000000000 17.9712010000 0.0000000000 0.0000000000 1.0000000000 -0.7159400000
1772700934.5749812126 0.2829988860 -0.9591202378 0.0000000000 -39.8215300000 0.9591202378 0.2829988860 0.0000000000 18.0467150000 0.0000000000 0.0000000000 1.0000000000 -0.7234150000
1772700934.6749742031 0.5257293400 -0.8506519036 0.0000000000 -39.7712330000 0.8506519036 0.5257293400 0.0000000000 18.1202830000 0.0000000000 0.0000000000 1.0000000000 -0.7225820000
1772700934.7749590874 0.6066589850 -0.7949621852 0.0000000000 -39.7223660000 0.7949621852 0.6066589850 0.0000000000 18.1881480000 0.0000000000 0.0000000000 1.0000000000 -0.7394510000
1772700934.8749899864 0.7031686423 -0.7110231082 0.0000000000 -39.6739720000 0.7110231082 0.7031686423 0.0000000000 18.2604230000 0.0000000000 0.0000000000 1.0000000000 -0.7404250000
1772700934.9750542641 0.7813251547 -0.6241241885 0.0000000000 -39.6280820000 0.6241241885 0.7813251547 0.0000000000 18.3183870000 0.0000000000 0.0000000000 1.0000000000 -0.7513470000
1772700935.0751123428 0.7604170699 -0.6494350467 0.0000000000 -39.5793940000 0.6494350467 0.7604170699 0.0000000000 18.3900980000 0.0000000000 0.0000000000 1.0000000000 -0.7520000000
1772700935.1751034260 0.7813735619 -0.6240635839 0.0000000000 -39.5279300000 0.6240635839 0.7813735619 0.0000000000 18.4600560000 0.0000000000 0.0000000000 1.0000000000 -0.7609330000
1772700935.2750670910 0.7730519040 -0.6343427731 0.0000000000 -39.4790720000 0.6343427731 0.7730519040 0.0000000000 18.5263270000 0.0000000000 0.0000000000 1.0000000000 -0.7721220000
1772700935.3749816418 0.7488560376 -0.6627327025 0.0000000000 -39.4330900000 0.6627327025 0.7488560376 0.0000000000 18.5957490000 0.0000000000 0.0000000000 1.0000000000 -0.7748310000
1772700935.4747841358 0.7347880075 -0.6782968259 0.0000000000 -39.3881000000 0.6782968259 0.7347880075 0.0000000000 18.6695560000 0.0000000000 0.0000000000 1.0000000000 -0.7748810000
1772700935.5746009350 0.7156682413 -0.6984403829 0.0000000000 -39.3427320000 0.6984403829 0.7156682413 0.0000000000 18.7428050000 0.0000000000 0.0000000000 1.0000000000 -0.7823330000
1772700935.6744506359 0.6799555049 -0.7332533746 0.0000000000 -39.2944280000 0.7332533746 0.6799555049 0.0000000000 18.8189840000 0.0000000000 0.0000000000 1.0000000000 -0.7772090000
1772700935.7743008137 0.7562336455 -0.6543016685 0.0000000000 -39.2404530000 0.6543016685 0.7562336455 0.0000000000 18.8887210000 0.0000000000 0.0000000000 1.0000000000 -0.7824570000
1772700935.8741924763 0.9183798419 0.3956999698 0.0000000000 -39.1901770000 -0.3956999698 0.9183798419 -0.0000000000 18.9558570000 -0.0000000000 0.0000000000 1.0000000000 -0.7873970000
1772700935.9741294384 -0.3365940148 0.9416498655 0.0000000000 -39.1431980000 -0.9416498655 -0.3365940148 -0.0000000000 19.0234850000 -0.0000000000 0.0000000000 1.0000000000 -0.7912000000
1772700936.0741143227 -0.6675250427 0.7445873471 0.0000000000 -39.0888190000 -0.7445873471 -0.6675250427 -0.0000000000 19.0952150000 -0.0000000000 0.0000000000 1.0000000000 -0.7950410000
1772700936.1740794182 -0.7919957790 0.6105265645 0.0000000000 -39.0310500000 -0.6105265645 -0.7919957790 -0.0000000000 19.1665630000 -0.0000000000 0.0000000000 1.0000000000 -0.8021270000
1772700936.2740950584 -0.9048866914 0.4256525294 0.0000000000 -38.9754550000 -0.4256525294 -0.9048866914 -0.0000000000 19.2390620000 -0.0000000000 0.0000000000 1.0000000000 -0.8003850000
1772700936.3741004467 -0.9800983948 0.1985123080 0.0000000000 -38.9168870000 -0.1985123080 -0.9800983948 -0.0000000000 19.3129130000 -0.0000000000 0.0000000000 1.0000000000 -0.8080250000
1772700936.4740502834 -0.9959062739 0.0903918890 0.0000000000 -38.8619960000 -0.0903918890 -0.9959062739 -0.0000000000 19.3859190000 -0.0000000000 0.0000000000 1.0000000000 -0.8076370000
1772700936.5741708279 -0.9999103327 0.0133912851 0.0000000000 -38.8085140000 -0.0133912851 -0.9999103327 -0.0000000000 19.4553440000 -0.0000000000 0.0000000000 1.0000000000 -0.8105090000
1772700936.6742165089 -0.9999025659 -0.0139591784 -0.0000000000 -38.7544340000 0.0139591784 -0.9999025659 0.0000000000 19.5214720000 0.0000000000 -0.0000000000 1.0000000000 -0.8141180000
1772700936.7743628025 -0.9999674132 0.0080729451 0.0000000000 -38.7031530000 -0.0080729451 -0.9999674132 -0.0000000000 19.5867990000 -0.0000000000 0.0000000000 1.0000000000 -0.8175370000
1772700936.8745739460 -0.9997999406 -0.0200019681 -0.0000000000 -38.6513130000 0.0200019681 -0.9997999406 0.0000000000 19.6464050000 0.0000000000 -0.0000000000 1.0000000000 -0.8349890000
1772700936.9748163223 -0.9472065706 -0.3206239427 -0.0000000000 -38.5987270000 0.3206239427 -0.9472065706 0.0000000000 19.7137230000 0.0000000000 -0.0000000000 1.0000000000 -0.8367810000
1772700937.0749502182 -0.9822112206 -0.1877794403 -0.0000000000 -38.5452260000 0.1877794403 -0.9822112206 0.0000000000 19.7867070000 0.0000000000 -0.0000000000 1.0000000000 -0.8326740000
1772700937.1750507355 -0.9575119814 -0.2883934907 -0.0000000000 -38.4947310000 0.2883934907 -0.9575119814 0.0000000000 19.8590060000 0.0000000000 -0.0000000000 1.0000000000 -0.8310070000
1772700937.2750699520 -0.9744079350 -0.2247869576 -0.0000000000 -38.4399600000 0.2247869576 -0.9744079350 0.0000000000 19.9245520000 0.0000000000 -0.0000000000 1.0000000000 -0.8378820000
1772700937.3750944138 -0.9689049971 -0.2474330346 -0.0000000000 -38.3855790000 0.2474330346 -0.9689049971 0.0000000000 19.9934790000 0.0000000000 -0.0000000000 1.0000000000 -0.8411580000
1772700937.3836586475 -0.9630365327 -0.2693708164 -0.0000000000 -38.3323040000 0.2693708164 -0.9630365327 0.0000000000 20.0643150000 0.0000000000 -0.0000000000 1.0000000000 -0.8461310000
1772700937.5749378204 -0.9726412550 -0.2323122662 -0.0000000000 -38.2788100000 0.2323122662 -0.9726412550 0.0000000000 20.1394150000 0.0000000000 -0.0000000000 1.0000000000 -0.8446920000
1772700937.6749014854 -0.9858568537 -0.1675895701 -0.0000000000 -38.2251200000 0.1675895701 -0.9858568537 0.0000000000 20.2085230000 0.0000000000 -0.0000000000 1.0000000000 -0.8447490000
1772700937.7749819756 -0.9325189430 -0.3611210614 -0.0000000000 -38.1716370000 0.3611210614 -0.9325189430 0.0000000000 20.2781450000 0.0000000000 -0.0000000000 1.0000000000 -0.8472200000
1772700937.8749265671 -0.8888082129 -0.4582793479 -0.0000000000 -38.1198480000 0.4582793479 -0.8888082129 0.0000000000 20.3481550000 0.0000000000 -0.0000000000 1.0000000000 -0.8476350000
1772700937.9750919342 -0.9047564740 -0.4259292463 -0.0000000000 -38.0671810000 0.4259292463 -0.9047564740 0.0000000000 20.4139090000 0.0000000000 -0.0000000000 1.0000000000 -0.8558190000
1772700938.0749754906 -0.8752999611 -0.4835803740 -0.0000000000 -38.0126190000 0.4835803740 -0.8752999611 0.0000000000 20.4774720000 0.0000000000 -0.0000000000 1.0000000000 -0.8656720000
1772700938.1749637127 -0.8632196931 -0.5048284476 -0.0000000000 -37.9594460000 0.5048284476 -0.8632196931 0.0000000000 20.5453140000 0.0000000000 -0.0000000000 1.0000000000 -0.8716670000
1772700938.2750031948 -0.8613317553 -0.5080429188 -0.0000000000 -37.9072600000 0.5080429188 -0.8613317553 0.0000000000 20.6129310000 0.0000000000 -0.0000000000 1.0000000000 -0.8733320000
1772700938.3749842644 -0.8579854832 -0.5136739342 -0.0000000000 -37.8539930000 0.5136739342 -0.8579854832 0.0000000000 20.6786860000 0.0000000000 -0.0000000000 1.0000000000 -0.8815590000
1772700938.3833906651 -0.8684224782 -0.4958249684 -0.0000000000 -37.7995090000 0.4958249684 -0.8684224782 0.0000000000 20.7456060000 0.0000000000 -0.0000000000 1.0000000000 -0.8837380000
1772700938.5748414993 -0.8926793516 -0.4506923289 -0.0000000000 -37.7446400000 0.4506923289 -0.8926793516 0.0000000000 20.8173540000 0.0000000000 -0.0000000000 1.0000000000 -0.8908260000
1772700938.6749289036 -0.9995141201 -0.0311692762 -0.0000000000 -37.6913400000 0.0311692762 -0.9995141201 0.0000000000 20.8930420000 0.0000000000 -0.0000000000 1.0000000000 -0.8872300000
1772700938.7750723362 -0.9941920318 0.1076206486 0.0000000000 -37.6389480000 -0.1076206486 -0.9941920318 -0.0000000000 20.9687450000 -0.0000000000 0.0000000000 1.0000000000 -0.8863780000
1772700938.8752491474 -0.9821645217 0.1880235419 0.0000000000 -37.5838590000 -0.1880235419 -0.9821645217 -0.0000000000 21.0456530000 -0.0000000000 0.0000000000 1.0000000000 -0.8864040000
1772700938.9753267765 -0.9672855974 0.2536899151 0.0000000000 -37.5299920000 -0.2536899151 -0.9672855974 -0.0000000000 21.1175060000 -0.0000000000 0.0000000000 1.0000000000 -0.8943900000
1772700939.0753531456 -0.9480146482 0.3182266908 0.0000000000 -37.4752090000 -0.3182266908 -0.9480146482 -0.0000000000 21.1891270000 -0.0000000000 0.0000000000 1.0000000000 -0.8965760000
1772700939.1753396988 -0.9420951771 0.3353456087 0.0000000000 -37.4194400000 -0.3353456087 -0.9420951771 -0.0000000000 21.2574780000 -0.0000000000 0.0000000000 1.0000000000 -0.9041500000
1772700939.2751865387 -0.6224562611 0.7826545873 0.0000000000 -37.3637400000 -0.7826545873 -0.6224562611 -0.0000000000 21.3270660000 -0.0000000000 0.0000000000 1.0000000000 -0.9005800000
1772700939.3750679493 -0.6671607002 0.7449138206 0.0000000000 -37.3080610000 -0.7449138206 -0.6671607002 -0.0000000000 21.3984950000 -0.0000000000 0.0000000000 1.0000000000 -0.9043200000
1772700939.4748699665 -0.5530259901 0.8331640020 0.0000000000 -37.2556880000 -0.8331640020 -0.5530259901 -0.0000000000 21.4660370000 -0.0000000000 0.0000000000 1.0000000000 -0.9104680000
1772700939.5747511387 -0.4765448917 0.8791501386 0.0000000000 -37.2129360000 -0.8791501386 -0.4765448917 -0.0000000000 21.5332380000 -0.0000000000 0.0000000000 1.0000000000 -0.9148480000
1772700939.6746711731 -0.3983078514 0.9172517951 0.0000000000 -37.1643190000 -0.9172517951 -0.3983078514 -0.0000000000 21.6021170000 -0.0000000000 0.0000000000 1.0000000000 -0.9201180000
1772700939.7746076584 -0.3528081856 0.9356956686 0.0000000000 -37.1105010000 -0.9356956686 -0.3528081856 -0.0000000000 21.6763830000 -0.0000000000 0.0000000000 1.0000000000 -0.9219120000
1772700939.8746249676 -0.3458492136 0.9382901052 0.0000000000 -37.0588830000 -0.9382901052 -0.3458492136 -0.0000000000 21.7470550000 -0.0000000000 0.0000000000 1.0000000000 -0.9252290000
1772700939.9746425152 -0.3367744583 0.9415853462 0.0000000000 -37.0074510000 -0.9415853462 -0.3367744583 -0.0000000000 21.8162990000 -0.0000000000 0.0000000000 1.0000000000 -0.9233340000
1772700940.0747272968 -0.3144442185 0.9492759522 0.0000000000 -36.9553270000 -0.9492759522 -0.3144442185 -0.0000000000 21.8876570000 -0.0000000000 0.0000000000 1.0000000000 -0.9238190000
1772700940.1748192310 -0.2700377222 0.9628497435 0.0000000000 -36.9021100000 -0.9628497435 -0.2700377222 -0.0000000000 21.9614260000 -0.0000000000 0.0000000000 1.0000000000 -0.9263340000
1772700940.2748770714 -0.1496713577 0.9887358012 0.0000000000 -36.8483940000 -0.9887358012 -0.1496713577 -0.0000000000 22.0373950000 -0.0000000000 0.0000000000 1.0000000000 -0.9285590000
1772700940.2836997509 0.3555367329 0.9346623088 0.0000000000 -36.7941880000 -0.9346623088 0.3555367329 -0.0000000000 22.1079980000 -0.0000000000 0.0000000000 1.0000000000 -0.9373820000
1772700940.4751257896 0.2086766670 0.9779846873 0.0000000000 -36.7434700000 -0.9779846873 0.2086766670 -0.0000000000 22.1808640000 -0.0000000000 0.0000000000 1.0000000000 -0.9397160000
1772700940.5750918388 0.3393259822 0.9406688460 0.0000000000 -36.6901540000 -0.9406688460 0.3393259822 -0.0000000000 22.2522420000 -0.0000000000 0.0000000000 1.0000000000 -0.9439140000
1772700940.6750440598 0.3199684336 0.9474282039 0.0000000000 -36.6360460000 -0.9474282039 0.3199684336 -0.0000000000 22.3224440000 -0.0000000000 0.0000000000 1.0000000000 -0.9524900000
1772700940.7749781609 0.3738903471 0.9274729152 0.0000000000 -36.5844360000 -0.9274729152 0.3738903471 -0.0000000000 22.3913390000 -0.0000000000 0.0000000000 1.0000000000 -0.9602670000
1772700940.8747684956 0.4284058014 0.9035864482 0.0000000000 -36.5350140000 -0.9035864482 0.4284058014 -0.0000000000 22.4625000000 -0.0000000000 0.0000000000 1.0000000000 -0.9620170000
1772700940.9746840000 0.4733584897 0.8808698770 0.0000000000 -36.4864900000 -0.8808698770 0.4733584897 -0.0000000000 22.5300630000 -0.0000000000 0.0000000000 1.0000000000 -0.9643230000
1772700941.0747108459 0.5216833263 0.8531392073 0.0000000000 -36.4375720000 -0.8531392073 0.5216833263 -0.0000000000 22.5966420000 -0.0000000000 0.0000000000 1.0000000000 -0.9695360000
1772700941.1747198105 0.5497204643 0.8353486764 0.0000000000 -36.3873460000 -0.8353486764 0.5497204643 -0.0000000000 22.6639050000 -0.0000000000 0.0000000000 1.0000000000 -0.9712980000
1772700941.2747809887 0.5606383435 0.8280607755 0.0000000000 -36.3367280000 -0.8280607755 0.5606383435 -0.0000000000 22.7295890000 -0.0000000000 0.0000000000 1.0000000000 -0.9773000000
1772700941.3748207092 0.5595367014 0.8288055742 0.0000000000 -36.2850030000 -0.8288055742 0.5595367014 -0.0000000000 22.7990490000 -0.0000000000 0.0000000000 1.0000000000 -0.9782940000
1772700941.4748847485 0.5522275913 0.8336934013 0.0000000000 -36.2324860000 -0.8336934013 0.5522275913 -0.0000000000 22.8707230000 -0.0000000000 0.0000000000 1.0000000000 -0.9817680000
1772700941.5748984814 0.5919545673 0.8059713334 0.0000000000 -36.1792600000 -0.8059713334 0.5919545673 -0.0000000000 22.9473630000 -0.0000000000 0.0000000000 1.0000000000 -0.9787280000
1772700941.6748206615 0.6147280920 0.7887391032 0.0000000000 -36.1289700000 -0.7887391032 0.6147280920 -0.0000000000 23.0193970000 -0.0000000000 0.0000000000 1.0000000000 -0.9941060000
1772700941.7747697830 0.6036500548 0.7972494035 0.0000000000 -36.0771460000 -0.7972494035 0.6036500548 -0.0000000000 23.0945460000 -0.0000000000 0.0000000000 1.0000000000 -0.9930600000
1772700941.8746821880 0.6143339413 0.7890461385 0.0000000000 -36.0250410000 -0.7890461385 0.6143339413 -0.0000000000 23.1679430000 -0.0000000000 0.0000000000 1.0000000000 -1.0010350000
1772700941.9746408463 0.6445669357 0.7645478830 0.0000000000 -35.9728270000 -0.7645478830 0.6445669357 -0.0000000000 23.2412210000 -0.0000000000 0.0000000000 1.0000000000 -1.0054900000
1772700942.0745747089 0.6631124373 0.7485198030 0.0000000000 -35.9217080000 -0.7485198030 0.6631124373 -0.0000000000 23.3153830000 -0.0000000000 0.0000000000 1.0000000000 -1.0069280000
1772700942.1744453907 0.6716766101 0.7408444719 0.0000000000 -35.8714980000 -0.7408444719 0.6716766101 -0.0000000000 23.3890640000 -0.0000000000 0.0000000000 1.0000000000 -1.0124470000
1772700942.2743198872 0.7014963463 0.7126730500 0.0000000000 -35.8185900000 -0.7126730500 0.7014963463 -0.0000000000 23.4598620000 -0.0000000000 0.0000000000 1.0000000000 -1.0204270000
1772700942.3742218018 0.7140674308 0.7000769274 0.0000000000 -35.7649710000 -0.7000769274 0.7140674308 -0.0000000000 23.5348250000 -0.0000000000 0.0000000000 1.0000000000 -1.0217260000
1772700942.4741318226 0.7511372062 0.6601461183 0.0000000000 -35.7117680000 -0.6601461183 0.7511372062 -0.0000000000 23.6105220000 -0.0000000000 0.0000000000 1.0000000000 -1.0295410000
1772700942.5740609169 0.7612744061 0.6484298563 0.0000000000 -35.6607470000 -0.6484298563 0.7612744061 -0.0000000000 23.6826840000 -0.0000000000 0.0000000000 1.0000000000 -1.0309300000
1772700942.6740286350 0.7792105187 0.6267622895 0.0000000000 -35.6125270000 -0.6267622895 0.7792105187 -0.0000000000 23.7478630000 -0.0000000000 0.0000000000 1.0000000000 -1.0363280000
1772700942.7739572525 0.7437411506 0.6684677262 0.0000000000 -35.5651100000 -0.6684677262 0.7437411506 -0.0000000000 23.8148420000 -0.0000000000 0.0000000000 1.0000000000 -1.0419860000
1772700942.8739383221 0.7754281579 0.6314358019 0.0000000000 -35.5172940000 -0.6314358019 0.7754281579 -0.0000000000 23.8882090000 -0.0000000000 0.0000000000 1.0000000000 -1.0451310000
1772700942.9738729000 0.7626126903 0.6468553816 0.0000000000 -35.4691860000 -0.6468553816 0.7626126903 -0.0000000000 23.9585040000 -0.0000000000 0.0000000000 1.0000000000 -1.0534530000
1772700943.0739877224 0.7899180889 0.6132123717 0.0000000000 -35.4215630000 -0.6132123717 0.7899180889 -0.0000000000 24.0280640000 -0.0000000000 0.0000000000 1.0000000000 -1.0553770000
1772700943.1738016605 0.7764209934 0.6302145991 0.0000000000 -35.3705700000 -0.6302145991 0.7764209934 -0.0000000000 24.0986950000 -0.0000000000 0.0000000000 1.0000000000 -1.0701430000
1772700943.2738120556 0.8036148964 0.5951496435 0.0000000000 -35.3198530000 -0.5951496435 0.8036148964 -0.0000000000 24.1706650000 -0.0000000000 0.0000000000 1.0000000000 -1.0733520000
1772700943.3738396168 0.8370822769 0.5470770162 0.0000000000 -35.2684380000 -0.5470770162 0.8370822769 -0.0000000000 24.2422450000 -0.0000000000 0.0000000000 1.0000000000 -1.0781150000
1772700943.4739155769 0.8559180903 0.5171114220 0.0000000000 -35.2157080000 -0.5171114220 0.8559180903 -0.0000000000 24.3159830000 -0.0000000000 0.0000000000 1.0000000000 -1.0747690000
1772700943.5739729404 0.8544469289 0.5195386855 0.0000000000 -35.1645010000 -0.5195386855 0.8544469289 -0.0000000000 24.3860810000 -0.0000000000 0.0000000000 1.0000000000 -1.0832080000
1772700943.6739668846 0.8690620957 0.4947030158 0.0000000000 -35.1155790000 -0.4947030158 0.8690620957 -0.0000000000 24.4532510000 -0.0000000000 0.0000000000 1.0000000000 -1.0868180000
1772700943.7739973068 0.8667269697 0.4987828787 0.0000000000 -35.0669530000 -0.4987828787 0.8667269697 -0.0000000000 24.5200120000 -0.0000000000 0.0000000000 1.0000000000 -1.0886390000
1772700943.8740048409 0.8857653075 0.4641334076 0.0000000000 -35.0158310000 -0.4641334076 0.8857653075 -0.0000000000 24.5901780000 -0.0000000000 0.0000000000 1.0000000000 -1.0908180000
1772700943.9740049839 0.9282388310 0.3719847748 0.0000000000 -34.9675200000 -0.3719847748 0.9282388310 -0.0000000000 24.6593670000 -0.0000000000 0.0000000000 1.0000000000 -1.0980660000
1772700944.0739843845 0.9958952918 -0.0905128040 0.0000000000 -34.9178010000 0.0905128040 0.9958952918 0.0000000000 24.7291370000 0.0000000000 0.0000000000 1.0000000000 -1.1015740000
1772700944.1739461422 0.9990103783 0.0444776794 0.0000000000 -34.8684870000 -0.0444776794 0.9990103783 -0.0000000000 24.8122640000 -0.0000000000 0.0000000000 1.0000000000 -1.0926280000
1772700944.2739343643 0.9911182428 -0.1329835656 0.0000000000 -34.8216690000 0.1329835656 0.9911182428 0.0000000000 24.8880470000 0.0000000000 0.0000000000 1.0000000000 -1.0985450000
1772700944.3739004135 0.9720808546 -0.2346461422 0.0000000000 -34.7728570000 0.2346461422 0.9720808546 0.0000000000 24.9623510000 0.0000000000 0.0000000000 1.0000000000 -1.1072180000
1772700944.4738988876 0.9599035489 -0.2803304777 0.0000000000 -34.7239360000 0.2803304777 0.9599035489 0.0000000000 25.0262580000 0.0000000000 0.0000000000 1.0000000000 -1.1162540000
1772700944.5738611221 0.9676776597 -0.2521902990 0.0000000000 -34.6746000000 0.2521902990 0.9676776597 0.0000000000 25.0953120000 0.0000000000 0.0000000000 1.0000000000 -1.1178350000
1772700944.6739666462 0.9512284301 -0.3084873963 0.0000000000 -34.6249640000 0.3084873963 0.9512284301 0.0000000000 25.1699540000 0.0000000000 0.0000000000 1.0000000000 -1.1175270000
1772700944.7740581036 0.9588701565 -0.2838450687 0.0000000000 -34.5761330000 0.2838450687 0.9588701565 0.0000000000 25.2420150000 0.0000000000 0.0000000000 1.0000000000 -1.1200560000
1772700944.8741817474 0.9600426631 -0.2798536849 0.0000000000 -34.5281050000 0.2798536849 0.9600426631 0.0000000000 25.3156780000 0.0000000000 0.0000000000 1.0000000000 -1.1230410000
1772700944.9742829800 0.9542071796 -0.2991465501 0.0000000000 -34.4795760000 0.2991465501 0.9542071796 0.0000000000 25.3933310000 0.0000000000 0.0000000000 1.0000000000 -1.1244690000
1772700945.0743124485 0.9415722043 -0.3368111995 0.0000000000 -34.4287500000 0.3368111995 0.9415722043 0.0000000000 25.4718910000 0.0000000000 0.0000000000 1.0000000000 -1.1265970000
1772700945.1743662357 0.9252783928 -0.3792886709 0.0000000000 -34.3767230000 0.3792886709 0.9252783928 0.0000000000 25.5484560000 0.0000000000 0.0000000000 1.0000000000 -1.1292830000
1772700945.2743306160 0.9987677186 -0.0496290673 0.0000000000 -34.3236080000 0.0496290673 0.9987677186 0.0000000000 25.6206620000 0.0000000000 0.0000000000 1.0000000000 -1.1376620000
1772700945.3743762970 0.8344468903 0.5510883662 0.0000000000 -34.2717700000 -0.5510883662 0.8344468903 -0.0000000000 25.6975940000 -0.0000000000 0.0000000000 1.0000000000 -1.1357550000
1772700945.4744217396 0.9168284823 0.3992812717 0.0000000000 -34.2175550000 -0.3992812717 0.9168284823 -0.0000000000 25.7714970000 -0.0000000000 0.0000000000 1.0000000000 -1.1436450000
1772700945.5744521618 0.8578260327 0.5139401693 0.0000000000 -34.1686200000 -0.5139401693 0.8578260327 -0.0000000000 25.8410520000 -0.0000000000 0.0000000000 1.0000000000 -1.1452710000
1772700945.5883946419 0.8760734776 0.4821776247 0.0000000000 -34.1171020000 -0.4821776247 0.8760734776 -0.0000000000 25.9078600000 -0.0000000000 0.0000000000 1.0000000000 -1.1542740000
1772700945.7744183540 0.7561829457 0.6543602621 0.0000000000 -34.0642780000 -0.6543602621 0.7561829457 -0.0000000000 25.9761500000 -0.0000000000 0.0000000000 1.0000000000 -1.1603900000
1772700945.8742761612 0.2007637196 0.9796396934 0.0000000000 -34.0128420000 -0.9796396934 0.2007637196 -0.0000000000 26.0476020000 -0.0000000000 0.0000000000 1.0000000000 -1.1613900000
1772700945.9741420746 0.3553693649 0.9347259569 0.0000000000 -33.9585190000 -0.9347259569 0.3553693649 -0.0000000000 26.1158960000 -0.0000000000 0.0000000000 1.0000000000 -1.1679400000
1772700946.0740664005 0.1640255845 0.9864560850 0.0000000000 -33.9030000000 -0.9864560850 0.1640255845 -0.0000000000 26.1826050000 -0.0000000000 0.0000000000 1.0000000000 -1.1765850000
1772700946.1740763187 0.1451883366 0.9894040362 0.0000000000 -33.8488630000 -0.9894040362 0.1451883366 -0.0000000000 26.2495660000 -0.0000000000 0.0000000000 1.0000000000 -1.1785740000
1772700946.2741093636 0.1015315131 0.9948323235 0.0000000000 -33.7978250000 -0.9948323235 0.1015315131 -0.0000000000 26.3208110000 -0.0000000000 0.0000000000 1.0000000000 -1.1785140000
1772700946.3741142750 0.1440327162 0.9895729264 0.0000000000 -33.7488870000 -0.9895729264 0.1440327162 -0.0000000000 26.3911590000 -0.0000000000 0.0000000000 1.0000000000 -1.1791840000
1772700946.4741582870 0.1499118004 0.9886993740 0.0000000000 -33.6999620000 -0.9886993740 0.1499118004 -0.0000000000 26.4601420000 -0.0000000000 0.0000000000 1.0000000000 -1.1848450000
1772700946.5744011402 0.1734453856 0.9848434892 0.0000000000 -33.6502460000 -0.9848434892 0.1734453856 -0.0000000000 26.5264530000 -0.0000000000 0.0000000000 1.0000000000 -1.1944160000
1772700946.6742875576 0.2087774135 0.9779631852 0.0000000000 -33.5990990000 -0.9779631852 0.2087774135 -0.0000000000 26.6006710000 -0.0000000000 0.0000000000 1.0000000000 -1.1906260000
1772700946.7743060589 0.2579024551 0.9661709598 0.0000000000 -33.5481680000 -0.9661709598 0.2579024551 -0.0000000000 26.6795170000 -0.0000000000 0.0000000000 1.0000000000 -1.1908020000
1772700946.8743131161 0.2427581344 0.9700868457 0.0000000000 -33.4950560000 -0.9700868457 0.2427581344 -0.0000000000 26.7589140000 -0.0000000000 0.0000000000 1.0000000000 -1.1978510000
1772700946.9743185043 0.3063033817 0.9519339464 0.0000000000 -33.4430380000 -0.9519339464 0.3063033817 -0.0000000000 26.8361000000 -0.0000000000 0.0000000000 1.0000000000 -1.2036330000
1772700947.0741868019 0.5063121344 0.8623502900 0.0000000000 -33.3915210000 -0.8623502900 0.5063121344 -0.0000000000 26.9083970000 -0.0000000000 0.0000000000 1.0000000000 -1.2108770000
1772700947.1742241383 0.4044426774 0.9145633498 0.0000000000 -33.3395920000 -0.9145633498 0.4044426774 -0.0000000000 26.9783720000 -0.0000000000 0.0000000000 1.0000000000 -1.2150480000
1772700947.2742166519 0.4889326199 0.8723215538 0.0000000000 -33.2853610000 -0.8723215538 0.4889326199 -0.0000000000 27.0481400000 -0.0000000000 0.0000000000 1.0000000000 -1.2180080000
1772700947.3741815090 0.5283150598 0.8490484071 0.0000000000 -33.2315370000 -0.8490484071 0.5283150598 -0.0000000000 27.1204240000 -0.0000000000 0.0000000000 1.0000000000 -1.2231880000
1772700947.4742155075 0.5917986586 0.8060858190 0.0000000000 -33.1760150000 -0.8060858190 0.5917986586 -0.0000000000 27.1943080000 -0.0000000000 0.0000000000 1.0000000000 -1.2282030000
1772700947.5741810799 0.5919303014 0.8059891552 0.0000000000 -33.1236850000 -0.8059891552 0.5919303014 -0.0000000000 27.2678690000 -0.0000000000 0.0000000000 1.0000000000 -1.2304200000
1772700947.6740665436 0.6117832175 0.7910254704 0.0000000000 -33.0733550000 -0.7910254704 0.6117832175 -0.0000000000 27.3363420000 -0.0000000000 0.0000000000 1.0000000000 -1.2344080000
1772700947.7739849091 0.6616450165 0.7498172258 0.0000000000 -33.0233350000 -0.7498172258 0.6616450165 -0.0000000000 27.4006490000 -0.0000000000 0.0000000000 1.0000000000 -1.2434340000
1772700947.8739244938 0.7063659846 0.7078468024 0.0000000000 -32.9756970000 -0.7078468024 0.7063659846 -0.0000000000 27.4665050000 -0.0000000000 0.0000000000 1.0000000000 -1.2454030000
1772700947.9739880562 0.7276607761 0.6859371654 0.0000000000 -32.9303770000 -0.6859371654 0.7276607761 -0.0000000000 27.5310070000 -0.0000000000 0.0000000000 1.0000000000 -1.2542350000
1772700948.0740537643 0.7500758860 0.6613517712 0.0000000000 -32.8839510000 -0.6613517712 0.7500758860 -0.0000000000 27.6031780000 -0.0000000000 0.0000000000 1.0000000000 -1.2585960000
1772700948.1740295887 0.7554518181 0.6552042052 0.0000000000 -32.8361220000 -0.6552042052 0.7554518181 -0.0000000000 27.6743460000 -0.0000000000 0.0000000000 1.0000000000 -1.2621380000
1772700948.2740495205 0.7193756467 0.6946212486 0.0000000000 -32.7865970000 -0.6946212486 0.7193756467 -0.0000000000 27.7423310000 -0.0000000000 0.0000000000 1.0000000000 -1.2680970000
1772700948.3741281033 0.7138641877 0.7002841720 0.0000000000 -32.7352760000 -0.7002841720 0.7138641877 -0.0000000000 27.8098290000 -0.0000000000 0.0000000000 1.0000000000 -1.2756450000
1772700948.4741826057 0.7613698699 0.6483177626 0.0000000000 -32.6853520000 -0.6483177626 0.7613698699 -0.0000000000 27.8764190000 -0.0000000000 0.0000000000 1.0000000000 -1.2821550000
1772700948.5742802620 0.7736526303 0.6336099807 0.0000000000 -32.6365200000 -0.6336099807 0.7736526303 -0.0000000000 27.9426900000 -0.0000000000 0.0000000000 1.0000000000 -1.2862440000
1772700948.6742506027 0.7425179690 0.6698261459 0.0000000000 -32.5875960000 -0.6698261459 0.7425179690 -0.0000000000 28.0115750000 -0.0000000000 0.0000000000 1.0000000000 -1.2921950000
1772700948.7742815018 0.7699142873 0.6381473108 0.0000000000 -32.5343090000 -0.6381473108 0.7699142873 -0.0000000000 28.0678520000 -0.0000000000 0.0000000000 1.0000000000 -1.2785780000
1772700948.8742506504 0.8013514675 0.5981938027 0.0000000000 -32.4856880000 -0.5981938027 0.8013514675 -0.0000000000 28.1477090000 -0.0000000000 0.0000000000 1.0000000000 -1.2834490000
1772700948.9742820263 0.8186137418 0.5743444452 0.0000000000 -32.4339650000 -0.5743444452 0.8186137418 -0.0000000000 28.2283660000 -0.0000000000 0.0000000000 1.0000000000 -1.2873270000
1772700949.0742287636 0.9467542684 0.3219570706 0.0000000000 -32.3789430000 -0.3219570706 0.9467542684 -0.0000000000 28.3083270000 -0.0000000000 0.0000000000 1.0000000000 -1.2917980000
1772700949.1742894650 0.9250179483 0.3799234072 0.0000000000 -32.3242260000 -0.3799234072 0.9250179483 -0.0000000000 28.3859950000 -0.0000000000 0.0000000000 1.0000000000 -1.2982560000
1772700949.2742617130 0.9541129985 0.2994468003 0.0000000000 -32.2693030000 -0.2994468003 0.9541129985 -0.0000000000 28.4622590000 -0.0000000000 0.0000000000 1.0000000000 -1.3033610000
1772700949.3742265701 0.9374059338 0.3482385896 0.0000000000 -32.2163850000 -0.3482385896 0.9374059338 -0.0000000000 28.5338310000 -0.0000000000 0.0000000000 1.0000000000 -1.3112470000
1772700949.4741768837 0.9625488456 0.2711083174 0.0000000000 -32.1652520000 -0.2711083174 0.9625488456 -0.0000000000 28.6017870000 -0.0000000000 0.0000000000 1.0000000000 -1.3151910000
1772700949.5741114616 0.9929202322 0.1187830478 0.0000000000 -32.1167130000 -0.1187830478 0.9929202322 -0.0000000000 28.6643400000 -0.0000000000 0.0000000000 1.0000000000 -1.3187470000
1772700949.6740601063 0.8794759082 -0.4759434073 0.0000000000 -32.0669780000 0.4759434073 0.8794759082 0.0000000000 28.7229020000 0.0000000000 0.0000000000 1.0000000000 -1.3245830000
1772700949.7739830017 0.7652051675 -0.6437864954 0.0000000000 -32.0179880000 0.6437864954 0.7652051675 0.0000000000 28.7769210000 0.0000000000 0.0000000000 1.0000000000 -1.3455930000
1772700949.8739743233 0.9848956895 0.1731487244 0.0000000000 -31.9752820000 -0.1731487244 0.9848956895 -0.0000000000 28.8533950000 -0.0000000000 0.0000000000 1.0000000000 -1.3560080000
1772700949.9739632607 0.3949475702 -0.9187036610 0.0000000000 -31.9424520000 0.9187036610 0.3949475702 0.0000000000 28.9409220000 0.0000000000 0.0000000000 1.0000000000 -1.3559390000
1772700950.0739517212 -0.9281277672 0.3722618001 0.0000000000 -31.9116190000 -0.3722618001 -0.9281277672 0.0000000000 29.0320400000 0.0000000000 0.0000000000 1.0000000000 -1.3540710000
1772700950.1739654541 0.9981715557 0.0604445639 0.0000000000 -31.8672560000 -0.0604445639 0.9981715557 0.0000000000 29.1168580000 0.0000000000 0.0000000000 1.0000000000 -1.3758490000
1772700950.2739665508 0.2775735281 -0.9607043960 -0.0000000000 -31.8117060000 0.9607043960 0.2775735281 0.0000000000 29.1664340000 0.0000000000 -0.0000000000 1.0000000000 -1.4104980000
1772700950.3739593029 -0.6465579209 -0.7628648995 -0.0000000000 -31.7704670000 0.7628648995 -0.6465579209 0.0000000000 29.2547770000 0.0000000000 -0.0000000000 1.0000000000 -1.4390830000
1772700950.4739272594 -0.9648950291 0.2626358368 0.0000000000 -31.7633260000 -0.2626358368 -0.9648950291 -0.0000000000 29.3093810000 -0.0000000000 0.0000000000 1.0000000000 -1.4122880000
1772700950.5738835335 -0.9746360731 0.2237957215 0.0000000000 -31.7476560000 -0.2237957215 -0.9746360731 -0.0000000000 29.3601600000 -0.0000000000 0.0000000000 1.0000000000 -1.3772940000
1772700950.6737611294 -0.9823082589 0.1872711522 0.0000000000 -31.7328420000 -0.1872711522 -0.9823082589 -0.0000000000 29.4006170000 -0.0000000000 0.0000000000 1.0000000000 -1.3627970000
1772700950.7736597061 -0.9386081697 0.3449850775 0.0000000000 -31.7208950000 -0.3449850775 -0.9386081697 -0.0000000000 29.4355100000 -0.0000000000 0.0000000000 1.0000000000 -1.3594180000
1772700950.8735361099 -0.9484802338 0.3168363080 0.0000000000 -31.7053900000 -0.3168363080 -0.9484802338 -0.0000000000 29.4543190000 -0.0000000000 0.0000000000 1.0000000000 -1.3816320000
1772700950.9734938145 -0.9238218051 0.3828227690 0.0000000000 -31.7029900000 -0.3828227690 -0.9238218051 -0.0000000000 29.4673300000 -0.0000000000 0.0000000000 1.0000000000 -1.3837070000
1772700951.0735006332 -0.9171432920 0.3985576268 0.0000000000 -31.6992910000 -0.3985576268 -0.9171432920 -0.0000000000 29.4747150000 -0.0000000000 0.0000000000 1.0000000000 -1.3806900000
1772700951.1734683514 -0.9265736052 0.3761134857 0.0000000000 -31.6978930000 -0.3761134857 -0.9265736052 -0.0000000000 29.4843810000 -0.0000000000 0.0000000000 1.0000000000 -1.3736720000
1772700951.2734699249 -0.8940968653 0.4478736378 0.0000000000 -31.6909940000 -0.4478736378 -0.8940968653 -0.0000000000 29.5050620000 -0.0000000000 0.0000000000 1.0000000000 -1.3697690000
1772700951.3735194206 -0.9796896657 -0.2005197219 -0.0000000000 -31.6726910000 0.2005197219 -0.9796896657 0.0000000000 29.5313440000 0.0000000000 -0.0000000000 1.0000000000 -1.3862960000
1772700951.4735543728 -0.9674951671 -0.2528895047 -0.0000000000 -31.6628860000 0.2528895047 -0.9674951671 0.0000000000 29.5593540000 0.0000000000 -0.0000000000 1.0000000000 -1.4087060000
1772700951.5736389160 -0.8980169644 -0.4399608297 -0.0000000000 -31.6640860000 0.4399608297 -0.8980169644 0.0000000000 29.5740600000 0.0000000000 -0.0000000000 1.0000000000 -1.4097540000
1772700951.6737039089 -0.7604162479 -0.6494360092 -0.0000000000 -31.6593850000 0.6494360092 -0.7604162479 0.0000000000 29.5913780000 0.0000000000 -0.0000000000 1.0000000000 -1.4133980000
1772700951.7737658024 -0.5853949502 -0.8107482669 -0.0000000000 -31.6518860000 0.8107482669 -0.5853949502 0.0000000000 29.6094680000 0.0000000000 -0.0000000000 1.0000000000 -1.4113270000
1772700951.8739008904 -0.5617610841 -0.8272995131 -0.0000000000 -31.6452880000 0.8272995131 -0.5617610841 0.0000000000 29.6241370000 0.0000000000 -0.0000000000 1.0000000000 -1.4048640000
1772700951.9739546776 -0.5594172317 -0.8288862171 -0.0000000000 -31.6428900000 0.8288862171 -0.5594172317 0.0000000000 29.6317010000 0.0000000000 -0.0000000000 1.0000000000 -1.3974860000
1772700952.0741066933 -0.5543615093 -0.8322759861 -0.0000000000 -31.6384930000 0.8322759861 -0.5543615093 0.0000000000 29.6390440000 0.0000000000 -0.0000000000 1.0000000000 -1.3859190000
1772700952.1741545200 -0.5319997733 -0.8467444958 -0.0000000000 -31.6235940000 0.8467444958 -0.5319997733 0.0000000000 29.6567390000 0.0000000000 -0.0000000000 1.0000000000 -1.3847480000
1772700952.2741231918 0.0348781117 -0.9993915736 -0.0000000000 -31.6023880000 0.9993915736 0.0348781117 0.0000000000 29.6741720000 0.0000000000 -0.0000000000 1.0000000000 -1.4118070000
1772700952.3739893436 0.5190376906 -0.8547513532 -0.0000000000 -31.6001870000 0.8547513532 0.5190376906 0.0000000000 29.6945940000 0.0000000000 -0.0000000000 1.0000000000 -1.4161170000
1772700952.4738757610 0.7155586809 -0.6985526280 -0.0000000000 -31.5957450000 0.6985526280 0.7155586809 0.0000000000 29.7253890000 0.0000000000 -0.0000000000 1.0000000000 -1.4208940000
1772700952.5737748146 0.8358350032 -0.5489807350 -0.0000000000 -31.5805590000 0.5489807350 0.8358350032 0.0000000000 29.7488880000 0.0000000000 -0.0000000000 1.0000000000 -1.4177530000
1772700952.6737322807 0.9439425076 -0.3301098944 -0.0000000000 -31.5630700000 0.3301098944 0.9439425076 0.0000000000 29.7800770000 0.0000000000 -0.0000000000 1.0000000000 -1.4124950000
1772700952.7738161087 0.9941535189 -0.1079758345 -0.0000000000 -31.5421490000 0.1079758345 0.9941535189 0.0000000000 29.8096520000 0.0000000000 -0.0000000000 1.0000000000 -1.4198570000
1772700952.8738827705 0.9870987089 0.1601128944 0.0000000000 -31.5290770000 -0.1601128944 0.9870987089 0.0000000000 29.8351630000 0.0000000000 0.0000000000 1.0000000000 -1.4189420000
1772700952.9740314484 0.9483085911 0.3173496746 0.0000000000 -31.5158740000 -0.3173496746 0.9483085911 0.0000000000 29.8611370000 0.0000000000 0.0000000000 1.0000000000 -1.4122940000
1772700953.0741853714 0.8754689960 0.4832742876 0.0000000000 -31.4925860000 -0.4832742876 0.8754689960 0.0000000000 29.8868620000 0.0000000000 0.0000000000 1.0000000000 -1.4268040000
1772700953.1743235588 0.8396235204 0.5431687987 0.0000000000 -31.4733520000 -0.5431687987 0.8396235204 0.0000000000 29.9167190000 0.0000000000 0.0000000000 1.0000000000 -1.4317750000
1772700953.2744638920 0.8343085079 0.5512978447 0.0000000000 -31.4542100000 -0.5512978447 0.8343085079 0.0000000000 29.9475660000 0.0000000000 0.0000000000 1.0000000000 -1.4351680000
1772700953.3742787838 0.8342363574 0.5514070185 0.0000000000 -31.4386720000 -0.5514070185 0.8342363574 0.0000000000 29.9762160000 0.0000000000 0.0000000000 1.0000000000 -1.4396160000
1772700953.4742162228 0.8237884723 0.5668973037 0.0000000000 -31.4270240000 -0.5668973037 0.8237884723 0.0000000000 30.0041500000 0.0000000000 0.0000000000 1.0000000000 -1.4425380000
1772700953.5741043091 0.7874095301 0.6164302328 0.0000000000 -31.4190650000 -0.6164302328 0.7874095301 0.0000000000 30.0306690000 0.0000000000 0.0000000000 1.0000000000 -1.4437680000
1772700953.6740136147 0.7703001867 0.6376814427 0.0000000000 -31.4089400000 -0.6376814427 0.7703001867 0.0000000000 30.0566320000 0.0000000000 0.0000000000 1.0000000000 -1.4513050000
1772700953.7739639282 0.7358145928 0.6771830513 0.0000000000 -31.3977270000 -0.6771830513 0.7358145928 0.0000000000 30.0823110000 0.0000000000 0.0000000000 1.0000000000 -1.4611790000
1772700953.8740386963 0.7210122794 0.6929222849 0.0000000000 -31.3849740000 -0.6929222849 0.7210122794 0.0000000000 30.1104400000 0.0000000000 0.0000000000 1.0000000000 -1.4631350000
1772700953.9741103649 0.7275453996 0.6860595393 0.0000000000 -31.3663270000 -0.6860595393 0.7275453996 0.0000000000 30.1611250000 0.0000000000 0.0000000000 1.0000000000 -1.4685890000
1772700954.0741181374 0.7189307730 0.6950816812 0.0000000000 -31.3481330000 -0.6950816812 0.7189307730 0.0000000000 30.1911770000 0.0000000000 0.0000000000 1.0000000000 -1.4862810000
1772700954.1741759777 0.7237445613 0.6900679749 0.0000000000 -31.3307860000 -0.6900679749 0.7237445613 0.0000000000 30.2239150000 0.0000000000 0.0000000000 1.0000000000 -1.4880100000
1772700954.2740476131 0.7639998398 0.6452164325 0.0000000000 -31.3126490000 -0.6452164325 0.7639998398 0.0000000000 30.2551780000 0.0000000000 0.0000000000 1.0000000000 -1.4932420000
1772700954.3741180897 0.8155947972 0.5786234759 0.0000000000 -31.2960070000 -0.5786234759 0.8155947972 0.0000000000 30.2777530000 0.0000000000 0.0000000000 1.0000000000 -1.5003610000
1772700954.4741170406 0.8092209918 0.5875043714 0.0000000000 -31.2774450000 -0.5875043714 0.8092209918 0.0000000000 30.3024850000 0.0000000000 0.0000000000 1.0000000000 -1.5010720000
1772700954.5742230415 0.8429172064 0.5380432912 0.0000000000 -31.2600030000 -0.5380432912 0.8429172064 0.0000000000 30.3240660000 0.0000000000 0.0000000000 1.0000000000 -1.5089310000
1772700954.6742253304 0.8754754085 0.4832626709 0.0000000000 -31.2448340000 -0.4832626709 0.8754754085 0.0000000000 30.3467840000 0.0000000000 0.0000000000 1.0000000000 -1.5083640000
1772700954.7742149830 0.8628053327 0.5055363071 0.0000000000 -31.2302690000 -0.5055363071 0.8628053327 0.0000000000 30.3686140000 0.0000000000 0.0000000000 1.0000000000 -1.5096500000
1772700954.8741905689 0.8716894522 0.4900586689 0.0000000000 -31.2133340000 -0.4900586689 0.8716894522 0.0000000000 30.3953910000 0.0000000000 0.0000000000 1.0000000000 -1.5170210000
1772700954.9741957188 0.8705324774 0.4921109690 0.0000000000 -31.1925790000 -0.4921109690 0.8705324774 0.0000000000 30.4316080000 0.0000000000 0.0000000000 1.0000000000 -1.5152270000
1772700955.0742425919 0.8160281171 0.5780122076 0.0000000000 -31.1701330000 -0.5780122076 0.8160281171 0.0000000000 30.4681450000 0.0000000000 0.0000000000 1.0000000000 -1.5159170000
1772700955.1743032932 0.8035991271 0.5951709359 0.0000000000 -31.1466160000 -0.5951709359 0.8035991271 0.0000000000 30.5030460000 0.0000000000 0.0000000000 1.0000000000 -1.5252940000
1772700955.2744724751 0.7860786973 0.6181264285 0.0000000000 -31.1246090000 -0.6181264285 0.7860786973 0.0000000000 30.5376640000 0.0000000000 0.0000000000 1.0000000000 -1.5374460000
1772700955.3745718002 0.7902611274 0.6127702266 0.0000000000 -31.0990940000 -0.6127702266 0.7902611274 0.0000000000 30.5719730000 0.0000000000 0.0000000000 1.0000000000 -1.5475340000
1772700955.4745070934 0.8166108848 0.5771885851 0.0000000000 -31.0724620000 -0.5771885851 0.8166108848 0.0000000000 30.6147240000 0.0000000000 0.0000000000 1.0000000000 -1.5493250000
1772700955.5743877888 0.8560259801 0.5169328016 0.0000000000 -31.0467610000 -0.5169328016 0.8560259801 0.0000000000 30.6626240000 0.0000000000 0.0000000000 1.0000000000 -1.5581060000
1772700955.6742172241 0.8325072796 0.5540141057 0.0000000000 -31.0161800000 -0.5540141057 0.8325072796 0.0000000000 30.7145590000 0.0000000000 0.0000000000 1.0000000000 -1.5707460000
1772700955.7740151882 0.8131042973 0.5821180307 0.0000000000 -30.9872930000 -0.5821180307 0.8131042973 0.0000000000 30.7757520000 0.0000000000 0.0000000000 1.0000000000 -1.5779340000
1772700955.8738813400 0.8508848617 0.5253522171 0.0000000000 -30.9547580000 -0.5253522171 0.8508848617 0.0000000000 30.8361560000 0.0000000000 0.0000000000 1.0000000000 -1.5998610000
1772700955.9738795757 0.8469330305 0.5316995785 0.0000000000 -30.9216200000 -0.5316995785 0.8469330305 0.0000000000 30.8998450000 0.0000000000 0.0000000000 1.0000000000 -1.6196170000
1772700955.9947617054 0.8720775297 0.4893677371 0.0000000000 -30.8890700000 -0.4893677371 0.8720775297 0.0000000000 30.9616160000 0.0000000000 0.0000000000 1.0000000000 -1.6369040000
1772700956.1739885807 0.8453935179 0.5341439880 0.0000000000 -30.8584020000 -0.5341439880 0.8453935179 0.0000000000 31.0075960000 0.0000000000 0.0000000000 1.0000000000 -1.6348660000
1772700956.2740490437 0.8457523279 0.5335756740 0.0000000000 -30.8238550000 -0.5335756740 0.8457523279 0.0000000000 31.0609240000 0.0000000000 0.0000000000 1.0000000000 -1.6442480000
1772700956.3741326332 0.4082032093 0.9128910888 0.0000000000 -30.7876240000 -0.9128910888 0.4082032093 0.0000000000 31.1183020000 0.0000000000 0.0000000000 1.0000000000 -1.6576680000
1772700956.4741599560 -0.2567901573 0.9664671826 0.0000000000 -30.7508900000 -0.9664671826 -0.2567901573 0.0000000000 31.1743710000 0.0000000000 0.0000000000 1.0000000000 -1.6703750000
1772700956.5742273331 -0.9496495912 0.3133139862 0.0000000000 -30.7146790000 -0.3133139862 -0.9496495912 0.0000000000 31.2238290000 0.0000000000 0.0000000000 1.0000000000 -1.6905500000
1772700956.6742587090 -0.2716851198 -0.9623861988 0.0000000000 -30.6782520000 0.9623861988 -0.2716851198 0.0000000000 31.2762270000 0.0000000000 0.0000000000 1.0000000000 -1.7057110000
1772700956.7743353844 0.9767369949 -0.2144407675 0.0000000000 -30.6427860000 0.2144407675 0.9767369949 0.0000000000 31.3328830000 0.0000000000 0.0000000000 1.0000000000 -1.7090560000
1772700956.8743200302 0.7463789557 0.6655211902 0.0000000000 -30.6024400000 -0.6655211902 0.7463789557 -0.0000000000 31.3842190000 -0.0000000000 0.0000000000 1.0000000000 -1.7188820000
1772700956.9742352962 0.3931092358 0.9194917774 0.0000000000 -30.5632930000 -0.9194917774 0.3931092358 -0.0000000000 31.4304570000 -0.0000000000 0.0000000000 1.0000000000 -1.7290050000
1772700957.0740685463 -0.1707308195 0.9853177088 0.0000000000 -30.5254430000 -0.9853177088 -0.1707308195 -0.0000000000 31.4760880000 -0.0000000000 0.0000000000 1.0000000000 -1.7385710000
1772700957.1739547253 -0.7049782566 0.7092289177 0.0000000000 -30.4871090000 -0.7092289177 -0.7049782566 -0.0000000000 31.5174760000 -0.0000000000 0.0000000000 1.0000000000 -1.7528600000
1772700957.2738869190 -0.9636690719 -0.2670990826 -0.0000000000 -30.4479460000 0.2670990826 -0.9636690719 0.0000000000 31.5568670000 0.0000000000 -0.0000000000 1.0000000000 -1.7590640000
1772700957.3737447262 0.0362132915 -0.9993440836 -0.0000000000 -30.4106510000 0.9993440836 0.0362132915 0.0000000000 31.6023390000 0.0000000000 -0.0000000000 1.0000000000 -1.7553990000
1772700957.4737408161 0.2869500005 -0.9579455607 -0.0000000000 -30.3677820000 0.9579455607 0.2869500005 0.0000000000 31.6418120000 0.0000000000 -0.0000000000 1.0000000000 -1.7600260000
1772700957.5738201141 0.5987736766 -0.8009182756 -0.0000000000 -30.3189150000 0.8009182756 0.5987736766 0.0000000000 31.6794950000 0.0000000000 -0.0000000000 1.0000000000 -1.7652850000
1772700957.6737957001 0.8559496067 -0.5170592527 -0.0000000000 -30.2724510000 0.5170592527 0.8559496067 0.0000000000 31.7194850000 0.0000000000 -0.0000000000 1.0000000000 -1.7712280000
1772700957.7737362385 0.8962286828 0.4435923220 0.0000000000 -30.2261020000 -0.4435923220 0.8962286828 0.0000000000 31.7586290000 0.0000000000 0.0000000000 1.0000000000 -1.7816410000
1772700957.8736691475 0.3519684514 0.9360118638 0.0000000000 -30.1853280000 -0.9360118638 0.3519684514 0.0000000000 31.8002810000 0.0000000000 0.0000000000 1.0000000000 -1.7845650000
1772700957.9736864567 0.3152522000 0.9490079296 0.0000000000 -30.1433470000 -0.9490079296 0.3152522000 0.0000000000 31.8414090000 0.0000000000 0.0000000000 1.0000000000 -1.7854080000
1772700958.0735938549 0.0973360741 0.9952515705 0.0000000000 -30.1090080000 -0.9952515705 0.0973360741 0.0000000000 31.8836540000 0.0000000000 0.0000000000 1.0000000000 -1.7990730000
1772700958.1735699177 -0.4426437764 0.8966975450 0.0000000000 -30.0655550000 -0.8966975450 -0.4426437764 0.0000000000 31.9296390000 0.0000000000 0.0000000000 1.0000000000 -1.8045290000
1772700958.2735459805 -0.9998826999 -0.0153162179 0.0000000000 -30.0224040000 0.0153162179 -0.9998826999 0.0000000000 31.9736620000 0.0000000000 0.0000000000 1.0000000000 -1.8147200000
1772700958.3735094070 0.0679273577 -0.9976902696 0.0000000000 -29.9784480000 0.9976902696 0.0679273577 0.0000000000 32.0143720000 0.0000000000 0.0000000000 1.0000000000 -1.8232480000
1772700958.4734804630 0.8292314132 0.5589054154 0.0000000000 -29.9327870000 -0.5589054154 0.8292314132 -0.0000000000 32.0510690000 -0.0000000000 0.0000000000 1.0000000000 -1.8298580000
1772700958.5735542774 -0.8647010467 0.5022868701 0.0000000000 -29.8834200000 -0.5022868701 -0.8647010467 -0.0000000000 32.0837420000 -0.0000000000 0.0000000000 1.0000000000 -1.8330330000
1772700958.6736052036 -0.4113798138 -0.9114640140 -0.0000000000 -29.8334480000 0.9114640140 -0.4113798138 0.0000000000 32.1095290000 0.0000000000 -0.0000000000 1.0000000000 -1.8380620000
1772700958.7737228870 0.9492983177 0.3143766913 0.0000000000 -29.7831750000 -0.3143766913 0.9492983177 0.0000000000 32.1325400000 0.0000000000 0.0000000000 1.0000000000 -1.8460130000
1772700958.8737645149 -0.9390878137 0.3436772878 0.0000000000 -29.7299010000 -0.3436772878 -0.9390878137 0.0000000000 32.1557340000 0.0000000000 0.0000000000 1.0000000000 -1.8513950000
1772700958.9737777710 0.5652756213 -0.8249020984 0.0000000000 -29.6724240000 0.8249020984 0.5652756213 0.0000000000 32.1796950000 0.0000000000 0.0000000000 1.0000000000 -1.8520830000
1772700959.0738265514 -0.1223169673 0.9924910879 0.0000000000 -29.6126510000 -0.9924910879 -0.1223169673 -0.0000000000 32.2035040000 -0.0000000000 0.0000000000 1.0000000000 -1.8586740000
1772700959.1737761497 -0.3329001042 -0.9429620993 -0.0000000000 -29.5521750000 0.9429620993 -0.3329001042 0.0000000000 32.2249110000 0.0000000000 -0.0000000000 1.0000000000 -1.8648550000
1772700959.2738165855 0.6904798790 0.7233515996 0.0000000000 -29.4885940000 -0.7233515996 0.6904798790 0.0000000000 32.2441760000 0.0000000000 0.0000000000 1.0000000000 -1.8654240000
1772700959.3738641739 -0.9421683760 -0.3351398982 0.0000000000 -29.4242130000 0.3351398982 -0.9421683760 0.0000000000 32.2617720000 0.0000000000 0.0000000000 1.0000000000 -1.8697370000
1772700959.4738919735 0.9926602108 -0.1209367851 0.0000000000 -29.3596320000 0.1209367851 0.9926602108 0.0000000000 32.2746160000 0.0000000000 0.0000000000 1.0000000000 -1.8801680000
1772700959.5739052296 -0.8695389500 0.4938643684 0.0000000000 -29.2952410000 -0.4938643684 -0.8695389500 -0.0000000000 32.2822960000 -0.0000000000 0.0000000000 1.0000000000 -1.8825390000
1772700959.6738531590 0.4509391964 -0.8925546712 -0.0000000000 -29.2328420000 0.8925546712 0.4509391964 0.0000000000 32.2859310000 0.0000000000 -0.0000000000 1.0000000000 -1.8795100000
1772700959.7738566399 0.2786880613 0.9603816765 0.0000000000 -29.1747450000 -0.9603816765 0.2786880613 0.0000000000 32.2834420000 0.0000000000 0.0000000000 1.0000000000 -1.8866280000
1772700959.8738696575 -0.9905453698 -0.1371855328 0.0000000000 -29.1154480000 0.1371855328 -0.9905453698 0.0000000000 32.2850170000 0.0000000000 0.0000000000 1.0000000000 -1.8890140000
1772700959.9739277363 -0.1524291343 -0.9883144029 0.0000000000 -29.0573530000 0.9883144029 -0.1524291343 0.0000000000 32.2901850000 0.0000000000 0.0000000000 1.0000000000 -1.8905300000
1772700960.0741133690 0.5400722485 -0.8416186586 0.0000000000 -28.9991600000 0.8416186586 0.5400722485 0.0000000000 32.2952640000 0.0000000000 0.0000000000 1.0000000000 -1.8935880000
1772700960.1744320393 0.9020901215 -0.4315476946 0.0000000000 -28.9429650000 0.4315476946 0.9020901215 0.0000000000 32.3004220000 0.0000000000 0.0000000000 1.0000000000 -1.8941540000
1772700960.2745897770 0.9898898671 -0.1418381158 0.0000000000 -28.8851690000 0.1418381158 0.9898898671 0.0000000000 32.3007150000 0.0000000000 0.0000000000 1.0000000000 -1.8990690000
1772700960.3745276928 0.9866548734 0.1628255530 0.0000000000 -28.8277720000 -0.1628255530 0.9866548734 -0.0000000000 32.3001110000 -0.0000000000 0.0000000000 1.0000000000 -1.9043510000
1772700960.4743618965 0.5657827157 0.8245543758 0.0000000000 -28.7670720000 -0.8245543758 0.5657827157 -0.0000000000 32.2988830000 -0.0000000000 0.0000000000 1.0000000000 -1.9061900000
1772700960.5742621422 -0.6691598450 0.7431184978 0.0000000000 -28.7059710000 -0.7431184978 -0.6691598450 -0.0000000000 32.2966570000 -0.0000000000 0.0000000000 1.0000000000 -1.9082270000
1772700960.6741042137 -0.6657956144 0.7461341701 0.0000000000 -28.6461660000 -0.7461341701 -0.6657956144 0.0000000000 32.2959680000 0.0000000000 0.0000000000 1.0000000000 -1.9023500000
1772700960.7740974426 -0.5397291306 -0.8418387408 0.0000000000 -28.5849620000 0.8418387408 -0.5397291306 0.0000000000 32.2918210000 0.0000000000 0.0000000000 1.0000000000 -1.9017830000
1772700960.8742270470 0.9430353221 0.3326926229 0.0000000000 -28.5216570000 -0.3326926229 0.9430353221 -0.0000000000 32.2780770000 -0.0000000000 0.0000000000 1.0000000000 -1.9139520000
1772700960.9740049839 -0.8217834970 0.5697998632 0.0000000000 -28.4557430000 -0.5697998632 -0.8217834970 -0.0000000000 32.2638370000 -0.0000000000 0.0000000000 1.0000000000 -1.9137870000
1772700961.0739333630 -0.0656017761 -0.9978458834 -0.0000000000 -28.3949710000 0.9978458834 -0.0656017761 0.0000000000 32.2416100000 0.0000000000 -0.0000000000 1.0000000000 -1.9479890000
1772700961.1738727093 0.9799970424 0.1990120519 0.0000000000 -28.3332630000 -0.1990120519 0.9799970424 0.0000000000 32.2256150000 0.0000000000 0.0000000000 1.0000000000 -1.9454960000
1772700961.2738022804 0.3978929290 0.9174318596 0.0000000000 -28.2711620000 -0.9174318596 0.3978929290 0.0000000000 32.2082720000 0.0000000000 0.0000000000 1.0000000000 -1.9510430000
1772700961.3737754822 -0.2103121883 0.9776342790 0.0000000000 -28.2097620000 -0.9776342790 -0.2103121883 0.0000000000 32.1930270000 0.0000000000 0.0000000000 1.0000000000 -1.9561860000
1772700961.4737613201 -0.6480900448 0.7615637162 0.0000000000 -28.1467610000 -0.7615637162 -0.6480900448 0.0000000000 32.1772760000 0.0000000000 0.0000000000 1.0000000000 -1.9604330000
1772700961.5738821030 -0.8563520288 0.5163924891 0.0000000000 -28.0839680000 -0.5163924891 -0.8563520288 0.0000000000 32.1594830000 0.0000000000 0.0000000000 1.0000000000 -1.9735740000
1772700961.6739950180 -0.8936415354 0.4487814682 0.0000000000 -28.0178620000 -0.4487814682 -0.8936415354 0.0000000000 32.1448990000 0.0000000000 0.0000000000 1.0000000000 -1.9726170000
1772700961.7743432522 -0.9924556816 0.1226039151 0.0000000000 -27.9535610000 -0.1226039151 -0.9924556816 0.0000000000 32.1296480000 0.0000000000 0.0000000000 1.0000000000 -1.9766930000
1772700961.8745205402 -0.6567535101 -0.7541053155 0.0000000000 -27.8863620000 0.7541053155 -0.6567535101 0.0000000000 32.1132140000 0.0000000000 0.0000000000 1.0000000000 -1.9833490000
1772700961.9746122360 -0.1294394648 -0.9915873259 0.0000000000 -27.8168570000 0.9915873259 -0.1294394648 0.0000000000 32.0964430000 0.0000000000 0.0000000000 1.0000000000 -1.9842000000
1772700962.0745520592 -0.0962109207 -0.9953609691 0.0000000000 -27.7487590000 0.9953609691 -0.0962109207 0.0000000000 32.0766270000 0.0000000000 0.0000000000 1.0000000000 -1.9935190000
1772700962.1743433475 0.1245016894 -0.9922193958 0.0000000000 -27.6847560000 0.9922193958 0.1245016894 0.0000000000 32.0596650000 0.0000000000 0.0000000000 1.0000000000 -1.9959360000
1772700962.2741265297 0.2198352262 -0.9755370179 0.0000000000 -27.6209520000 0.9755370179 0.2198352262 0.0000000000 32.0415020000 0.0000000000 0.0000000000 1.0000000000 -1.9983400000
1772700962.3739421368 0.2669456065 -0.9637115975 0.0000000000 -27.5577490000 0.9637115975 0.2669456065 0.0000000000 32.0216460000 0.0000000000 0.0000000000 1.0000000000 -2.0018440000
1772700962.4738533497 0.2550349441 -0.9669318369 0.0000000000 -27.4992420000 0.9669318369 0.2550349441 0.0000000000 32.0025690000 0.0000000000 0.0000000000 1.0000000000 -2.0022690000
1772700962.5737032890 0.2943871541 -0.9556862474 0.0000000000 -27.4410370000 0.9556862474 0.2943871541 0.0000000000 31.9826990000 0.0000000000 0.0000000000 1.0000000000 -2.0037780000
1772700962.6736772060 0.2767122004 -0.9609528387 0.0000000000 -27.3793380000 0.9609528387 0.2767122004 0.0000000000 31.9621760000 0.0000000000 0.0000000000 1.0000000000 -2.0124850000
1772700962.7736487389 0.2702887467 -0.9627793067 0.0000000000 -27.3171350000 0.9627793067 0.2702887467 0.0000000000 31.9460090000 0.0000000000 0.0000000000 1.0000000000 -2.0142850000
1772700962.8736557961 0.5224620725 -0.8526625257 0.0000000000 -27.2594330000 0.8526625257 0.5224620725 0.0000000000 31.9324470000 0.0000000000 0.0000000000 1.0000000000 -2.0170820000
1772700962.9736611843 0.3901935664 -0.9207328498 0.0000000000 -27.2067310000 0.9207328498 0.3901935664 0.0000000000 31.9185850000 0.0000000000 0.0000000000 1.0000000000 -2.0200770000
1772700963.0737361908 0.4301575529 -0.9027538312 0.0000000000 -27.1487280000 0.9027538312 0.4301575529 0.0000000000 31.9032240000 0.0000000000 0.0000000000 1.0000000000 -2.0230470000
1772700963.1738219261 0.7049352636 -0.7092716505 0.0000000000 -27.0943290000 0.7092716505 0.7049352636 0.0000000000 31.8876780000 0.0000000000 0.0000000000 1.0000000000 -2.0285140000
1772700963.2739229202 0.9967252678 -0.0808624788 0.0000000000 -27.0379260000 0.0808624788 0.9967252678 0.0000000000 31.8738110000 0.0000000000 0.0000000000 1.0000000000 -2.0307030000
1772700963.3740320206 0.9994058116 -0.0344677195 0.0000000000 -26.9818230000 0.0344677195 0.9994058116 0.0000000000 31.8603430000 0.0000000000 0.0000000000 1.0000000000 -2.0326280000
1772700963.4740817547 0.9607453871 0.2774316154 0.0000000000 -26.9259210000 -0.2774316154 0.9607453871 -0.0000000000 31.8465790000 -0.0000000000 0.0000000000 1.0000000000 -2.0352650000
1772700963.5741307735 0.4707599907 0.8822613168 0.0000000000 -26.8686170000 -0.8822613168 0.4707599907 -0.0000000000 31.8279160000 -0.0000000000 0.0000000000 1.0000000000 -2.0379360000
1772700963.6741449833 -0.7290490873 0.6844614147 0.0000000000 -26.8093150000 -0.6844614147 -0.7290490873 -0.0000000000 31.8065700000 -0.0000000000 0.0000000000 1.0000000000 -2.0430660000
1772700963.7741482258 -0.3809062802 -0.9246136521 -0.0000000000 -26.7525100000 0.9246136521 -0.3809062802 0.0000000000 31.7829120000 0.0000000000 -0.0000000000 1.0000000000 -2.0465990000
1772700963.8741402626 0.9888330084 0.1490277875 0.0000000000 -26.6992990000 -0.1490277875 0.9888330084 0.0000000000 31.7603090000 0.0000000000 0.0000000000 1.0000000000 -2.0433410000
1772700963.9741563797 -0.2033983978 0.9790960585 0.0000000000 -26.6443930000 -0.9790960585 -0.2033983978 0.0000000000 31.7357450000 0.0000000000 0.0000000000 1.0000000000 -2.0460870000
1772700964.0741598606 -0.8719138848 0.4896592463 0.0000000000 -26.5923900000 -0.4896592463 -0.8719138848 0.0000000000 31.7064110000 0.0000000000 0.0000000000 1.0000000000 -2.0535620000
1772700964.1741213799 -0.6549838857 -0.7556428452 0.0000000000 -26.5422840000 0.7556428452 -0.6549838857 0.0000000000 31.6767530000 0.0000000000 0.0000000000 1.0000000000 -2.0574760000
1772700964.2740492821 0.9559228150 -0.2936180712 0.0000000000 -26.4926740000 0.2936180712 0.9559228150 0.0000000000 31.6447780000 0.0000000000 0.0000000000 1.0000000000 -2.0587760000
1772700964.3739020824 -0.4575162630 0.8892012534 0.0000000000 -26.4435660000 -0.8892012534 -0.4575162630 -0.0000000000 31.6117210000 -0.0000000000 0.0000000000 1.0000000000 -2.0628310000
1772700964.4737999439 -0.3501470970 -0.9366947264 -0.0000000000 -26.3966630000 0.9366947264 -0.3501470970 0.0000000000 31.5749000000 0.0000000000 -0.0000000000 1.0000000000 -2.0726600000
1772700964.5737435818 0.9638553721 -0.2664260155 -0.0000000000 -26.3469520000 0.2664260155 0.9638553721 0.0000000000 31.5367290000 0.0000000000 -0.0000000000 1.0000000000 -2.0745390000
1772700964.6736533642 0.8520988596 0.5233808685 0.0000000000 -26.2972390000 -0.5233808685 0.8520988596 0.0000000000 31.4931600000 0.0000000000 0.0000000000 1.0000000000 -2.0768540000
1772700964.7736504078 0.4354602051 0.9002079814 0.0000000000 -26.2457260000 -0.9002079814 0.4354602051 0.0000000000 31.4487930000 0.0000000000 0.0000000000 1.0000000000 -2.0793560000
1772700964.8736572266 -0.0943589590 0.9955382398 0.0000000000 -26.1905060000 -0.9955382398 -0.0943589590 0.0000000000 31.4046890000 0.0000000000 0.0000000000 1.0000000000 -2.0759100000
1772700964.9736144543 -0.3705848867 0.9287986013 0.0000000000 -26.1384970000 -0.9287986013 -0.3705848867 0.0000000000 31.3577520000 0.0000000000 0.0000000000 1.0000000000 -2.0829990000
1772700965.0735638142 -0.4698158888 0.8827644253 0.0000000000 -26.0892500000 -0.8827644253 -0.4698158888 0.0000000000 31.3207630000 0.0000000000 0.0000000000 1.0000000000 -2.0899020000
1772700965.1736159325 -0.5258866432 0.8505546652 0.0000000000 -26.0361950000 -0.8505546652 -0.5258866432 0.0000000000 31.2770540000 0.0000000000 0.0000000000 1.0000000000 -2.0922370000
1772700965.2737212181 -0.4963572842 0.8681183366 0.0000000000 -25.9798200000 -0.8681183366 -0.4963572842 0.0000000000 31.2390870000 0.0000000000 0.0000000000 1.0000000000 -2.0861400000
1772700965.3738448620 -0.4058400178 0.9139441339 0.0000000000 -25.9244710000 -0.9139441339 -0.4058400178 0.0000000000 31.2027720000 0.0000000000 0.0000000000 1.0000000000 -2.0873180000
1772700965.4738163948 -0.3809074799 0.9246131579 0.0000000000 -25.8694090000 -0.9246131579 -0.3809074799 0.0000000000 31.1687190000 0.0000000000 0.0000000000 1.0000000000 -2.0833070000
1772700965.5738401413 -0.5836953861 0.8119727189 0.0000000000 -25.8150590000 -0.8119727189 -0.5836953861 0.0000000000 31.1337950000 0.0000000000 0.0000000000 1.0000000000 -2.0834300000
1772700965.6738693714 -0.6098209669 0.7925392030 0.0000000000 -25.7614120000 -0.7925392030 -0.6098209669 0.0000000000 31.0944920000 0.0000000000 0.0000000000 1.0000000000 -2.0864640000
1772700965.7739541531 -0.5985245154 0.8011044904 0.0000000000 -25.7083630000 -0.8011044904 -0.5985245154 0.0000000000 31.0563790000 0.0000000000 0.0000000000 1.0000000000 -2.0881970000
1772700965.8739874363 -0.5658716018 0.8244933780 0.0000000000 -25.6539160000 -0.8244933780 -0.5658716018 0.0000000000 31.0134890000 0.0000000000 0.0000000000 1.0000000000 -2.0927810000
1772700965.9740386009 -0.6119828898 0.7908710025 0.0000000000 -25.5985540000 -0.7908710025 -0.6119828898 0.0000000000 30.9691690000 0.0000000000 0.0000000000 1.0000000000 -2.0933280000
1772700966.0741384029 -0.6629620604 0.7486529947 0.0000000000 -25.5436900000 -0.7486529947 -0.6629620604 0.0000000000 30.9215550000 0.0000000000 0.0000000000 1.0000000000 -2.0945890000
1772700966.1741354465 -0.6913443544 0.7225254207 0.0000000000 -25.4903570000 -0.7225254207 -0.6913443544 0.0000000000 30.8734120000 0.0000000000 0.0000000000 1.0000000000 -2.1057280000
1772700966.2741744518 -0.6875605508 0.7261270474 0.0000000000 -25.4344980000 -0.7261270474 -0.6875605508 0.0000000000 30.8283020000 0.0000000000 0.0000000000 1.0000000000 -2.1074330000
1772700966.3741812706 -0.7074408340 0.7067725705 0.0000000000 -25.3824460000 -0.7067725705 -0.7074408340 0.0000000000 30.7855960000 0.0000000000 0.0000000000 1.0000000000 -2.1103480000
1772700966.4741821289 -0.6968325723 0.7172338295 0.0000000000 -25.3319890000 -0.7172338295 -0.6968325723 0.0000000000 30.7427760000 0.0000000000 0.0000000000 1.0000000000 -2.1116970000
1772700966.5741527081 -0.6532671317 0.7571275022 0.0000000000 -25.2788120000 -0.7571275022 -0.6532671317 0.0000000000 30.7016100000 0.0000000000 0.0000000000 1.0000000000 -2.1064040000
1772700966.6741118431 -0.6084878432 0.7935631951 0.0000000000 -25.2212520000 -0.7935631951 -0.6084878432 0.0000000000 30.6600900000 0.0000000000 0.0000000000 1.0000000000 -2.1064770000
1772700966.7740249634 -0.6099125506 0.7924687253 0.0000000000 -25.1604830000 -0.7924687253 -0.6099125506 0.0000000000 30.6182570000 0.0000000000 0.0000000000 1.0000000000 -2.1040840000
1772700966.8739249706 -0.6168338188 0.7870934125 0.0000000000 -25.0995250000 -0.7870934125 -0.6168338188 0.0000000000 30.5732560000 0.0000000000 0.0000000000 1.0000000000 -2.1060250000
1772700966.9738283157 -0.6755038078 0.7373564983 0.0000000000 -25.0388620000 -0.7373564983 -0.6755038078 0.0000000000 30.5246570000 0.0000000000 0.0000000000 1.0000000000 -2.1082720000
1772700967.0737488270 -0.9997409164 -0.0227618097 0.0000000000 -24.9795970000 0.0227618097 -0.9997409164 0.0000000000 30.4774450000 0.0000000000 0.0000000000 1.0000000000 -2.1090440000
1772700967.1738078594 -0.4802339421 -0.8771404453 0.0000000000 -24.9210470000 0.8771404453 -0.4802339421 0.0000000000 30.4316620000 0.0000000000 0.0000000000 1.0000000000 -2.1138740000
1772700967.2738466263 -0.3944875273 -0.9189012955 0.0000000000 -24.8660880000 0.9189012955 -0.3944875273 0.0000000000 30.3847590000 0.0000000000 0.0000000000 1.0000000000 -2.1166790000
1772700967.3739545345 -0.1226907747 -0.9924449475 0.0000000000 -24.8111240000 0.9924449475 -0.1226907747 0.0000000000 30.3405330000 0.0000000000 0.0000000000 1.0000000000 -2.1163740000
1772700967.4740843773 0.0457526510 -0.9989527991 0.0000000000 -24.7571650000 0.9989527991 0.0457526510 0.0000000000 30.2945250000 0.0000000000 0.0000000000 1.0000000000 -2.1187200000
1772700967.5742697716 0.2284665200 -0.9735517702 0.0000000000 -24.7054200000 0.9735517702 0.2284665200 0.0000000000 30.2472480000 0.0000000000 0.0000000000 1.0000000000 -2.1256170000
1772700967.6743867397 0.2824374852 -0.9592857066 0.0000000000 -24.6542640000 0.9592857066 0.2824374852 0.0000000000 30.2001450000 0.0000000000 0.0000000000 1.0000000000 -2.1291020000
1772700967.7746071815 0.2985429880 -0.9543961883 0.0000000000 -24.6048030000 0.9543961883 0.2985429880 0.0000000000 30.1554220000 0.0000000000 0.0000000000 1.0000000000 -2.1301830000
1772700967.8747770786 0.4046428217 -0.9144748148 0.0000000000 -24.5577600000 0.9144748148 0.4046428217 0.0000000000 30.1112340000 0.0000000000 0.0000000000 1.0000000000 -2.1365210000
1772700967.9747338295 0.9211088666 -0.3893050935 0.0000000000 -24.5117230000 0.3893050935 0.9211088666 0.0000000000 30.0670580000 0.0000000000 0.0000000000 1.0000000000 -2.1445770000
1772700968.0745642185 0.8634889360 0.5043677799 0.0000000000 -24.4630580000 -0.5043677799 0.8634889360 -0.0000000000 30.0272080000 -0.0000000000 0.0000000000 1.0000000000 -2.1422280000
1772700968.1742930412 0.8113276687 0.5845916643 0.0000000000 -24.4148960000 -0.5845916643 0.8113276687 -0.0000000000 29.9870660000 -0.0000000000 0.0000000000 1.0000000000 -2.1411400000
1772700968.2740757465 0.6612548962 0.7501612909 0.0000000000 -24.3645520000 -0.7501612909 0.6612548962 -0.0000000000 29.9446740000 -0.0000000000 0.0000000000 1.0000000000 -2.1462260000
1772700968.3739743233 0.5239403308 0.8517549705 0.0000000000 -24.3130990000 -0.8517549705 0.5239403308 -0.0000000000 29.9029610000 -0.0000000000 0.0000000000 1.0000000000 -2.1482510000
1772700968.4736993313 0.3856336676 0.9226519790 0.0000000000 -24.2625490000 -0.9226519790 0.3856336676 -0.0000000000 29.8590610000 -0.0000000000 0.0000000000 1.0000000000 -2.1522790000
1772700968.5736293793 0.3061909614 0.9519701125 0.0000000000 -24.2145940000 -0.9519701125 0.3061909614 -0.0000000000 29.8134510000 -0.0000000000 0.0000000000 1.0000000000 -2.1555120000
1772700968.6737284660 0.2760986864 0.9611292917 0.0000000000 -24.1656320000 -0.9611292917 0.2760986864 -0.0000000000 29.7670310000 -0.0000000000 0.0000000000 1.0000000000 -2.1571240000
1772700968.7739112377 0.2932958498 0.9560217281 0.0000000000 -24.1169820000 -0.9560217281 0.2932958498 -0.0000000000 29.7208360000 -0.0000000000 0.0000000000 1.0000000000 -2.1621630000
1772700968.8740336895 0.2854526037 0.9583928271 0.0000000000 -24.0693400000 -0.9583928271 0.2854526037 -0.0000000000 29.6748560000 -0.0000000000 0.0000000000 1.0000000000 -2.1694670000
1772700968.9741077423 0.2605293892 0.9654659172 0.0000000000 -24.0214950000 -0.9654659172 0.2605293892 -0.0000000000 29.6319610000 -0.0000000000 0.0000000000 1.0000000000 -2.1745390000
1772700969.0741379261 0.3077986969 0.9514515028 0.0000000000 -23.9707450000 -0.9514515028 0.3077986969 -0.0000000000 29.5887580000 -0.0000000000 0.0000000000 1.0000000000 -2.1781430000
1772700969.1742117405 0.3355359675 0.9420273958 0.0000000000 -23.9191810000 -0.9420273958 0.3355359675 -0.0000000000 29.5429340000 -0.0000000000 0.0000000000 1.0000000000 -2.1787690000
1772700969.2742269039 0.3269246359 0.9450504127 0.0000000000 -23.8674210000 -0.9450504127 0.3269246359 -0.0000000000 29.4954240000 -0.0000000000 0.0000000000 1.0000000000 -2.1812580000
1772700969.3742933273 0.3687113519 0.9295439414 0.0000000000 -23.8133450000 -0.9295439414 0.3687113519 -0.0000000000 29.4460870000 -0.0000000000 0.0000000000 1.0000000000 -2.1797190000
1772700969.4742429256 0.4071289529 0.9133706891 0.0000000000 -23.7564520000 -0.9133706891 0.4071289529 -0.0000000000 29.3944250000 -0.0000000000 0.0000000000 1.0000000000 -2.1743060000
1772700969.5742285252 0.3933253169 0.9193993665 0.0000000000 -23.7233960000 -0.9193993665 0.3933253169 -0.0000000000 29.3370230000 -0.0000000000 0.0000000000 1.0000000000 -2.1806270000
1772700969.6741533279 0.4967546629 0.8678910098 0.0000000000 -23.6671060000 -0.8678910098 0.4967546629 -0.0000000000 29.2880260000 -0.0000000000 0.0000000000 1.0000000000 -2.1808160000
1772700969.7740843296 0.5336488370 0.8457061657 0.0000000000 -23.6124240000 -0.8457061657 0.5336488370 -0.0000000000 29.2407330000 -0.0000000000 0.0000000000 1.0000000000 -2.1823800000
1772700969.8740582466 0.8868295159 0.4620967537 0.0000000000 -23.5588610000 -0.4620967537 0.8868295159 -0.0000000000 29.1957530000 -0.0000000000 0.0000000000 1.0000000000 -2.1870680000
1772700969.9741437435 0.9803893938 -0.1970701312 0.0000000000 -23.5091140000 0.1970701312 0.9803893938 0.0000000000 29.1511840000 0.0000000000 0.0000000000 1.0000000000 -2.1955270000
1772700970.0743966103 0.9974113298 -0.0719071567 0.0000000000 -23.4581690000 0.0719071567 0.9974113298 0.0000000000 29.1073180000 0.0000000000 0.0000000000 1.0000000000 -2.2040790000
1772700970.1745107174 0.9509881085 -0.3092274526 0.0000000000 -23.4071840000 0.3092274526 0.9509881085 0.0000000000 29.0636060000 0.0000000000 0.0000000000 1.0000000000 -2.2031000000
1772700970.2745344639 0.9136410265 -0.4065219241 0.0000000000 -23.3564080000 0.4065219241 0.9136410265 0.0000000000 29.0207040000 0.0000000000 0.0000000000 1.0000000000 -2.2041550000
1772700970.3745040894 0.8630235671 -0.5051636593 0.0000000000 -23.3058480000 0.5051636593 0.8630235671 0.0000000000 28.9763200000 0.0000000000 0.0000000000 1.0000000000 -2.2093180000
1772700970.4744501114 0.8653323275 -0.5011985264 0.0000000000 -23.2546900000 0.5011985264 0.8653323275 0.0000000000 28.9307430000 0.0000000000 0.0000000000 1.0000000000 -2.2155180000
1772700970.5744292736 0.8302686210 -0.5573634514 0.0000000000 -23.1987200000 0.5573634514 0.8302686210 0.0000000000 28.8855610000 0.0000000000 0.0000000000 1.0000000000 -2.2188780000
1772700970.6743640900 0.7972246588 -0.6036827341 0.0000000000 -23.1450580000 0.6036827341 0.7972246588 0.0000000000 28.8395850000 0.0000000000 0.0000000000 1.0000000000 -2.2243210000
1772700970.7743842602 0.7499725316 -0.6614689727 0.0000000000 -23.0908740000 0.6614689727 0.7499725316 0.0000000000 28.7935860000 0.0000000000 0.0000000000 1.0000000000 -2.2248160000
1772700970.8743443489 0.7440702317 -0.6681014072 0.0000000000 -23.0374900000 0.6681014072 0.7440702317 0.0000000000 28.7487820000 0.0000000000 0.0000000000 1.0000000000 -2.2245430000
1772700970.9743728638 0.7557089125 -0.6549076573 0.0000000000 -22.9867120000 0.6549076573 0.7557089125 0.0000000000 28.7038800000 0.0000000000 0.0000000000 1.0000000000 -2.2257580000
1772700971.0743930340 0.7729505538 -0.6344662649 0.0000000000 -22.9366460000 0.6344662649 0.7729505538 0.0000000000 28.6591910000 0.0000000000 0.0000000000 1.0000000000 -2.2299100000
1772700971.1744844913 0.7875648165 -0.6162318231 0.0000000000 -22.8847690000 0.6162318231 0.7875648165 0.0000000000 28.6134950000 0.0000000000 0.0000000000 1.0000000000 -2.2318040000
1772700971.2744557858 0.7909074677 -0.6119357626 0.0000000000 -22.8297830000 0.6119357626 0.7909074677 0.0000000000 28.5662970000 0.0000000000 0.0000000000 1.0000000000 -2.2322590000
1772700971.3743081093 0.5482117063 -0.8363395991 0.0000000000 -22.7733760000 0.8363395991 0.5482117063 0.0000000000 28.5195770000 0.0000000000 0.0000000000 1.0000000000 -2.2275870000
1772700971.4740917683 0.2120623585 -0.9772561364 0.0000000000 -22.7183780000 0.9772561364 0.2120623585 0.0000000000 28.4729640000 0.0000000000 0.0000000000 1.0000000000 -2.2249590000
1772700971.5739190578 0.2306011423 -0.9730483612 0.0000000000 -22.6613970000 0.9730483612 0.2306011423 0.0000000000 28.4268720000 0.0000000000 0.0000000000 1.0000000000 -2.2259180000
1772700971.6737983227 0.1298410612 -0.9915348198 0.0000000000 -22.6039160000 0.9915348198 0.1298410612 0.0000000000 28.3802840000 0.0000000000 0.0000000000 1.0000000000 -2.2273400000
1772700971.7738497257 0.0333696609 -0.9994430778 0.0000000000 -22.5446330000 0.9994430778 0.0333696609 0.0000000000 28.3339950000 0.0000000000 0.0000000000 1.0000000000 -2.2280890000
1772700971.8056166172 -0.4241537382 -0.9055901978 0.0000000000 -22.4812480000 0.9055901978 -0.4241537382 0.0000000000 28.2865150000 0.0000000000 0.0000000000 1.0000000000 -2.2289910000
1772700971.9740703106 -0.9701641089 -0.2424491736 0.0000000000 -22.4190610000 0.2424491736 -0.9701641089 0.0000000000 28.2374320000 0.0000000000 0.0000000000 1.0000000000 -2.2298260000
1772700972.0741684437 -0.9732566353 -0.2297205300 0.0000000000 -22.3557790000 0.2297205300 -0.9732566353 0.0000000000 28.1932470000 0.0000000000 0.0000000000 1.0000000000 -2.2299020000
1772700972.1741461754 -0.9994000289 -0.0346349863 0.0000000000 -22.2931210000 0.0346349863 -0.9994000289 0.0000000000 28.1474920000 0.0000000000 0.0000000000 1.0000000000 -2.2362730000
1772700972.2740375996 -0.9999619152 0.0087274340 0.0000000000 -22.2280660000 -0.0087274340 -0.9999619152 0.0000000000 28.1042390000 0.0000000000 0.0000000000 1.0000000000 -2.2422520000
1772700972.3739175797 -0.9452001844 0.3264913649 0.0000000000 -22.1634040000 -0.3264913649 -0.9452001844 0.0000000000 28.0584840000 0.0000000000 0.0000000000 1.0000000000 -2.2478020000
1772700972.4067716599 -0.4368465944 0.8995360209 0.0000000000 -22.1029470000 -0.8995360209 -0.4368465944 0.0000000000 28.0100310000 0.0000000000 0.0000000000 1.0000000000 -2.2555170000
1772700972.4067716599 -0.4774407093 0.8786639682 0.0000000000 -22.0433820000 -0.8786639682 -0.4774407093 0.0000000000 27.9672560000 0.0000000000 0.0000000000 1.0000000000 -2.2589300000
1772700972.4067716599 -0.2527366080 0.9675351192 0.0000000000 -21.9818190000 -0.9675351192 -0.2527366080 0.0000000000 27.9241870000 0.0000000000 0.0000000000 1.0000000000 -2.2628230000
1772700972.7738516331 -0.1544161919 0.9880058905 0.0000000000 -21.9205620000 -0.9880058905 -0.1544161919 0.0000000000 27.8811250000 0.0000000000 0.0000000000 1.0000000000 -2.2683650000
1772700972.8738434315 -0.1707636960 0.9853120116 0.0000000000 -21.8601090000 -0.9853120116 -0.1707636960 0.0000000000 27.8340750000 0.0000000000 0.0000000000 1.0000000000 -2.2764930000
1772700972.9738566875 -0.7881160290 0.6155267052 0.0000000000 -21.8001670000 -0.6155267052 -0.7881160290 0.0000000000 27.7822440000 0.0000000000 0.0000000000 1.0000000000 -2.2890910000
1772700973.0738582611 -0.7532857758 -0.6576933480 0.0000000000 -21.7368840000 0.6576933480 -0.7532857758 0.0000000000 27.7290770000 0.0000000000 0.0000000000 1.0000000000 -2.2928010000
1772700973.1738569736 0.1218316824 -0.9925507751 0.0000000000 -21.6748840000 0.9925507751 0.1218316824 0.0000000000 27.6783830000 0.0000000000 0.0000000000 1.0000000000 -2.2913530000
1772700973.2738044262 0.1648027281 -0.9863265488 0.0000000000 -21.6207160000 0.9863265488 0.1648027281 0.0000000000 27.6249170000 0.0000000000 0.0000000000 1.0000000000 -2.2986940000
1772700973.3739316463 0.5270737133 -0.8498195695 0.0000000000 -21.5597430000 0.8498195695 0.5270737133 0.0000000000 27.5735530000 0.0000000000 0.0000000000 1.0000000000 -2.3039550000
1772700973.4740042686 0.7072959573 -0.7069175545 0.0000000000 -21.5013730000 0.7069175545 0.7072959573 0.0000000000 27.5226880000 0.0000000000 0.0000000000 1.0000000000 -2.3097520000
1772700973.5740561485 0.8443458260 -0.5357985873 0.0000000000 -21.4403930000 0.5357985873 0.8443458260 0.0000000000 27.4765050000 0.0000000000 0.0000000000 1.0000000000 -2.3110880000
1772700973.6740770340 0.8245291939 -0.5658194132 0.0000000000 -21.3811360000 0.5658194132 0.8245291939 0.0000000000 27.4304460000 0.0000000000 0.0000000000 1.0000000000 -2.3179560000
1772700973.7740504742 0.8343998667 -0.5511595617 0.0000000000 -21.3215620000 0.5511595617 0.8343998667 0.0000000000 27.3875610000 0.0000000000 0.0000000000 1.0000000000 -2.3192600000
1772700973.8740015030 0.7754505931 -0.6314082496 0.0000000000 -21.2635050000 0.6314082496 0.7754505931 0.0000000000 27.3412000000 0.0000000000 0.0000000000 1.0000000000 -2.3262040000
1772700973.9740080833 0.8488726584 -0.5285973986 0.0000000000 -21.2049500000 0.5285973986 0.8488726584 0.0000000000 27.2977350000 0.0000000000 0.0000000000 1.0000000000 -2.3321060000
1772700974.0740740299 0.5768383829 -0.8168582986 0.0000000000 -21.1448560000 0.8168582986 0.5768383829 0.0000000000 27.2567250000 0.0000000000 0.0000000000 1.0000000000 -2.3281730000
1772700974.1740899086 0.0620670800 -0.9980719802 0.0000000000 -21.0880020000 0.9980719802 0.0620670800 0.0000000000 27.2044770000 0.0000000000 0.0000000000 1.0000000000 -2.3381100000
1772700974.2740330696 0.2903125751 -0.9569318726 0.0000000000 -21.0445930000 0.9569318726 0.2903125751 0.0000000000 27.1404680000 0.0000000000 0.0000000000 1.0000000000 -2.3170070000
1772700974.3739390373 0.0101263520 -0.9999487272 0.0000000000 -20.9845430000 0.9999487272 0.0101263520 0.0000000000 27.0969330000 0.0000000000 0.0000000000 1.0000000000 -2.3211110000
1772700974.4738512039 -0.2790957781 -0.9602632694 0.0000000000 -20.9201880000 0.9602632694 -0.2790957781 0.0000000000 27.0501080000 0.0000000000 0.0000000000 1.0000000000 -2.3215710000
1772700974.5737767220 -0.8698496507 -0.4933169216 0.0000000000 -20.8521210000 0.4933169216 -0.8698496507 0.0000000000 26.9916800000 0.0000000000 0.0000000000 1.0000000000 -2.3275250000
1772700974.6736977100 -0.9998458816 0.0175559964 0.0000000000 -20.7844650000 -0.0175559964 -0.9998458816 0.0000000000 26.9453630000 0.0000000000 0.0000000000 1.0000000000 -2.3256380000
1772700974.7735722065 -0.4172932423 0.9087718911 0.0000000000 -20.7178150000 -0.9087718911 -0.4172932423 0.0000000000 26.9016380000 0.0000000000 0.0000000000 1.0000000000 -2.3288250000
1772700974.8735115528 0.9397810356 0.3417771278 0.0000000000 -20.6470600000 -0.3417771278 0.9397810356 0.0000000000 26.8539140000 0.0000000000 0.0000000000 1.0000000000 -2.3340370000
1772700974.9734163284 0.9582900296 -0.2857975144 -0.0000000000 -20.5764140000 0.2857975144 0.9582900296 0.0000000000 26.8116870000 0.0000000000 -0.0000000000 1.0000000000 -2.3409880000
1772700975.0733873844 0.9426044794 -0.3339113586 -0.0000000000 -20.5154680000 0.3339113586 0.9426044794 0.0000000000 26.7681410000 0.0000000000 -0.0000000000 1.0000000000 -2.3525920000
1772700975.1733531952 0.5867446107 -0.8097720431 -0.0000000000 -20.4494300000 0.8097720431 0.5867446107 0.0000000000 26.7331080000 0.0000000000 -0.0000000000 1.0000000000 -2.3601610000
1772700975.2733159065 0.4507661364 -0.8926420841 -0.0000000000 -20.3916010000 0.8926420841 0.4507661364 0.0000000000 26.7032580000 0.0000000000 -0.0000000000 1.0000000000 -2.3722350000
1772700975.3734731674 -0.0918523475 -0.9957726378 -0.0000000000 -20.3386920000 0.9957726378 -0.0918523475 0.0000000000 26.6875920000 0.0000000000 -0.0000000000 1.0000000000 -2.3914970000
1772700975.4735717773 0.3251595788 -0.9456591607 -0.0000000000 -20.2675680000 0.9456591607 0.3251595788 0.0000000000 26.6472040000 0.0000000000 -0.0000000000 1.0000000000 -2.4382010000
1772700975.5736179352 0.7058868702 -0.7083245912 -0.0000000000 -20.2056530000 0.7083245912 0.7058868702 0.0000000000 26.6144030000 0.0000000000 -0.0000000000 1.0000000000 -2.4862820000
1772700975.6736211777 0.2819660539 -0.9594243818 -0.0000000000 -20.1339200000 0.9594243818 0.2819660539 0.0000000000 26.5827760000 0.0000000000 -0.0000000000 1.0000000000 -2.4947800000
1772700975.7735724449 -0.5548963042 -0.8319195223 -0.0000000000 -20.0524580000 0.8319195223 -0.5548963042 0.0000000000 26.5279630000 0.0000000000 -0.0000000000 1.0000000000 -2.5010670000
1772700975.8735947609 -0.8536629146 -0.5208259098 -0.0000000000 -19.9730900000 0.5208259098 -0.8536629146 0.0000000000 26.4671420000 0.0000000000 -0.0000000000 1.0000000000 -2.5107930000
1772700975.9735612869 -0.8454481527 -0.5340575074 -0.0000000000 -19.8913950000 0.5340575074 -0.8454481527 0.0000000000 26.4446650000 0.0000000000 -0.0000000000 1.0000000000 -2.4695220000
1772700976.0735156536 -0.9827759449 -0.1848010881 -0.0000000000 -19.8350550000 0.1848010881 -0.9827759449 0.0000000000 26.3838140000 0.0000000000 -0.0000000000 1.0000000000 -2.4566940000
1772700976.1735503674 -0.9194468269 -0.3932143594 -0.0000000000 -19.7516730000 0.3932143594 -0.9194468269 0.0000000000 26.3527330000 0.0000000000 -0.0000000000 1.0000000000 -2.4393130000
1772700976.2734558582 -0.9912963726 -0.1316491613 -0.0000000000 -19.6814940000 0.1316491613 -0.9912963726 0.0000000000 26.3095490000 0.0000000000 -0.0000000000 1.0000000000 -2.4524300000
1772700976.3733820915 -0.9958626626 -0.0908711029 -0.0000000000 -19.6254350000 0.0908711029 -0.9958626626 0.0000000000 26.2771410000 0.0000000000 -0.0000000000 1.0000000000 -2.4630720000
1772700976.4732244015 -0.9850816002 0.1720878873 0.0000000000 -19.5605810000 -0.1720878873 -0.9850816002 -0.0000000000 26.2450410000 -0.0000000000 0.0000000000 1.0000000000 -2.4784410000
1772700976.5731308460 -0.9761741345 0.2169886154 0.0000000000 -19.4941900000 -0.2169886154 -0.9761741345 -0.0000000000 26.1893070000 -0.0000000000 0.0000000000 1.0000000000 -2.5089750000
1772700976.6731057167 -0.9680705947 0.2506777288 0.0000000000 -19.4296020000 -0.2506777288 -0.9680705947 -0.0000000000 26.1475440000 -0.0000000000 0.0000000000 1.0000000000 -2.5086210000
1772700976.7730486393 -0.9886274540 0.1503853626 0.0000000000 -19.3604020000 -0.1503853626 -0.9886274540 -0.0000000000 26.1023010000 -0.0000000000 0.0000000000 1.0000000000 -2.5038530000
1772700976.8729915619 -0.9986185346 0.0525454317 0.0000000000 -19.2934090000 -0.0525454317 -0.9986185346 -0.0000000000 26.0571370000 -0.0000000000 0.0000000000 1.0000000000 -2.5063330000
1772700976.9729700089 -0.9997976457 0.0201163539 0.0000000000 -19.2276050000 -0.0201163539 -0.9997976457 -0.0000000000 26.0089800000 -0.0000000000 0.0000000000 1.0000000000 -2.5045040000
1772700977.0729389191 -0.4473000282 -0.8943839694 -0.0000000000 -19.1650890000 0.8943839694 -0.4473000282 0.0000000000 25.9558210000 0.0000000000 -0.0000000000 1.0000000000 -2.5005410000
1772700977.1728916168 0.9861858903 -0.1656423548 -0.0000000000 -19.0995670000 0.1656423548 0.9861858903 0.0000000000 25.9034900000 0.0000000000 -0.0000000000 1.0000000000 -2.4879020000
1772700977.2729034424 0.2245445297 0.9744638291 0.0000000000 -19.0311470000 -0.9744638291 0.2245445297 0.0000000000 25.8559880000 0.0000000000 0.0000000000 1.0000000000 -2.4661080000
1772700977.3728923798 0.0450131309 0.9989863953 0.0000000000 -18.9688190000 -0.9989863953 0.0450131309 0.0000000000 25.7982350000 0.0000000000 0.0000000000 1.0000000000 -2.4594730000
1772700977.4728591442 -0.3975249457 0.9175913674 0.0000000000 -18.9051080000 -0.9175913674 -0.3975249457 0.0000000000 25.7457710000 0.0000000000 0.0000000000 1.0000000000 -2.4588320000
1772700977.5727732182 -0.6363169236 0.7714277496 0.0000000000 -18.8443960000 -0.7714277496 -0.6363169236 0.0000000000 25.6943080000 0.0000000000 0.0000000000 1.0000000000 -2.4553010000
1772700977.6726877689 -0.7978796985 0.6028167107 0.0000000000 -18.7844760000 -0.6028167107 -0.7978796985 0.0000000000 25.6396460000 0.0000000000 0.0000000000 1.0000000000 -2.4502210000
1772700977.7726471424 -0.8693890585 0.4941281868 0.0000000000 -18.7182540000 -0.4941281868 -0.8693890585 0.0000000000 25.5839960000 0.0000000000 0.0000000000 1.0000000000 -2.4459550000
1772700977.8726875782 -0.9105316176 0.4134394433 0.0000000000 -18.6535330000 -0.4134394433 -0.9105316176 0.0000000000 25.5312600000 0.0000000000 0.0000000000 1.0000000000 -2.4349040000
1772700977.9727897644 -0.9227452216 0.3854105031 0.0000000000 -18.5845130000 -0.3854105031 -0.9227452216 0.0000000000 25.4781260000 0.0000000000 0.0000000000 1.0000000000 -2.4263170000
1772700978.0728609562 -0.9275227689 0.3737666560 0.0000000000 -18.5118030000 -0.3737666560 -0.9275227689 0.0000000000 25.4262820000 0.0000000000 0.0000000000 1.0000000000 -2.4254260000
1772700978.1729784012 -0.9589216719 0.2836709840 0.0000000000 -18.4394950000 -0.2836709840 -0.9589216719 0.0000000000 25.3737260000 0.0000000000 0.0000000000 1.0000000000 -2.4290320000
1772700978.2730433941 -0.9458963119 0.3244690542 0.0000000000 -18.3672900000 -0.3244690542 -0.9458963119 0.0000000000 25.3244800000 0.0000000000 0.0000000000 1.0000000000 -2.4280570000
1772700978.3730032444 -0.8183503335 0.5747196983 0.0000000000 -18.2962830000 -0.5747196983 -0.8183503335 0.0000000000 25.2754400000 0.0000000000 0.0000000000 1.0000000000 -2.4241010000
1772700978.4730143547 -0.1893049027 0.9819183539 0.0000000000 -18.2282700000 -0.9819183539 -0.1893049027 0.0000000000 25.2238910000 0.0000000000 0.0000000000 1.0000000000 -2.4206760000
1772700978.5729961395 -0.3432092071 0.9392589846 0.0000000000 -18.1429910000 -0.9392589846 -0.3432092071 0.0000000000 25.1866300000 0.0000000000 0.0000000000 1.0000000000 -2.3640510000
1772700978.6729524136 -0.2072846565 0.9782806710 0.0000000000 -18.0733000000 -0.9782806710 -0.2072846565 0.0000000000 25.1346470000 0.0000000000 0.0000000000 1.0000000000 -2.3646550000
1772700978.7729363441 -0.1401514633 0.9901300760 0.0000000000 -18.0001900000 -0.9901300760 -0.1401514633 0.0000000000 25.0777740000 0.0000000000 0.0000000000 1.0000000000 -2.3654990000
1772700978.8728926182 -0.0481992178 0.9988377423 0.0000000000 -17.9162580000 -0.9988377423 -0.0481992178 0.0000000000 25.0146350000 0.0000000000 0.0000000000 1.0000000000 -2.3662740000
1772700978.9728078842 0.0806813721 0.9967399441 0.0000000000 -17.8285690000 -0.9967399441 0.0806813721 0.0000000000 24.9479970000 0.0000000000 0.0000000000 1.0000000000 -2.3695890000
1772700979.0727272034 0.0481334268 0.9988409149 0.0000000000 -17.7451970000 -0.9988409149 0.0481334268 0.0000000000 24.8745540000 0.0000000000 0.0000000000 1.0000000000 -2.3707910000
1772700979.1726577282 0.0697382876 0.9975653218 0.0000000000 -17.6476360000 -0.9975653218 0.0697382876 0.0000000000 24.7958400000 0.0000000000 0.0000000000 1.0000000000 -2.3758790000
1772700979.2726998329 0.2138158317 0.9768739889 0.0000000000 -17.5439720000 -0.9768739889 0.2138158317 0.0000000000 24.7228880000 0.0000000000 0.0000000000 1.0000000000 -2.3708720000
1772700979.3726799488 0.2445299978 0.9696417277 0.0000000000 -17.4475780000 -0.9696417277 0.2445299978 0.0000000000 24.6435860000 0.0000000000 0.0000000000 1.0000000000 -2.3721190000
1772700979.4726970196 0.1920773689 0.9813797860 0.0000000000 -17.3478790000 -0.9813797860 0.1920773689 0.0000000000 24.5668920000 0.0000000000 0.0000000000 1.0000000000 -2.3740470000
1772700979.5727398396 0.2407208060 0.9705944022 0.0000000000 -17.2446210000 -0.9705944022 0.2407208060 0.0000000000 24.4943150000 0.0000000000 0.0000000000 1.0000000000 -2.3744400000
1772700979.6728987694 0.8189258947 0.5738992760 0.0000000000 -17.1543260000 -0.5738992760 0.8189258947 0.0000000000 24.4168170000 0.0000000000 0.0000000000 1.0000000000 -2.3704510000
1772700979.7730321884 0.4691178197 0.8831355905 0.0000000000 -17.0611080000 -0.8831355905 0.4691178197 0.0000000000 24.3468640000 0.0000000000 0.0000000000 1.0000000000 -2.3578410000
1772700979.8731431961 0.3653633675 0.9308649793 0.0000000000 -16.9590660000 -0.9308649793 0.3653633675 0.0000000000 24.2793320000 0.0000000000 0.0000000000 1.0000000000 -2.3469540000
1772700979.9731845856 0.2065595734 0.9784340257 0.0000000000 -16.8679510000 -0.9784340257 0.2065595734 0.0000000000 24.2130230000 0.0000000000 0.0000000000 1.0000000000 -2.3461190000
1772700980.0732307434 0.2486513116 0.9685930648 0.0000000000 -16.7657060000 -0.9685930648 0.2486513116 0.0000000000 24.1498390000 0.0000000000 0.0000000000 1.0000000000 -2.3474990000
1772700980.1732153893 0.9956327780 -0.0933561536 -0.0000000000 -16.6654430000 0.0933561536 0.9956327780 0.0000000000 24.0727830000 0.0000000000 -0.0000000000 1.0000000000 -2.3642590000
1772700980.2731635571 0.5332744518 -0.8459422906 -0.0000000000 -16.5711510000 0.8459422906 0.5332744518 0.0000000000 23.9941020000 0.0000000000 -0.0000000000 1.0000000000 -2.3824580000
1772700980.3730323315 0.4263390525 -0.9045634374 -0.0000000000 -16.4753970000 0.9045634374 0.4263390525 0.0000000000 23.9308960000 0.0000000000 -0.0000000000 1.0000000000 -2.3843930000
1772700980.4728598595 0.2069965195 -0.9783416790 -0.0000000000 -16.3765900000 0.9783416790 0.2069965195 0.0000000000 23.8609920000 0.0000000000 -0.0000000000 1.0000000000 -2.3880070000
1772700980.5728015900 -0.6402180096 -0.7681932700 -0.0000000000 -16.2756700000 0.7681932700 -0.6402180096 0.0000000000 23.7925900000 0.0000000000 -0.0000000000 1.0000000000 -2.3926590000
1772700980.6118247509 -0.8885838468 0.4587142327 0.0000000000 -16.1756600000 -0.4587142327 -0.8885838468 -0.0000000000 23.7191910000 -0.0000000000 0.0000000000 1.0000000000 -2.3958370000
1772700980.7728934288 -0.9313611993 0.3640965756 0.0000000000 -16.0720370000 -0.3640965756 -0.9313611993 -0.0000000000 23.6518450000 -0.0000000000 0.0000000000 1.0000000000 -2.3895240000
1772700980.8729770184 -0.9690325883 0.2469328712 0.0000000000 -15.9772460000 -0.2469328712 -0.9690325883 -0.0000000000 23.5867520000 -0.0000000000 0.0000000000 1.0000000000 -2.3875780000
1772700980.9730720520 -0.9789234454 0.2042275398 0.0000000000 -15.8768620000 -0.2042275398 -0.9789234454 -0.0000000000 23.5266740000 -0.0000000000 0.0000000000 1.0000000000 -2.3860640000
1772700981.0731451511 -0.8799034436 0.4751525334 0.0000000000 -15.7631960000 -0.4751525334 -0.8799034436 -0.0000000000 23.4858820000 -0.0000000000 0.0000000000 1.0000000000 -2.3324020000
1772700981.1730566025 -0.8527930154 0.5222490525 0.0000000000 -15.6581340000 -0.5222490525 -0.8527930154 -0.0000000000 23.4237230000 -0.0000000000 0.0000000000 1.0000000000 -2.3254960000
1772700981.2730224133 -0.8256466913 0.5641875053 0.0000000000 -15.5438400000 -0.5641875053 -0.8256466913 -0.0000000000 23.3601450000 -0.0000000000 0.0000000000 1.0000000000 -2.3246290000
1772700981.3729333878 -0.7289851092 0.6845295542 0.0000000000 -15.4282260000 -0.6845295542 -0.7289851092 -0.0000000000 23.2979330000 -0.0000000000 0.0000000000 1.0000000000 -2.3153120000
1772700981.4727478027 -0.7521605523 0.6589798962 0.0000000000 -15.3155050000 -0.6589798962 -0.7521605523 -0.0000000000 23.2409390000 -0.0000000000 0.0000000000 1.0000000000 -2.3023020000
1772700981.5726444721 -0.6539133860 0.7565694176 0.0000000000 -15.2008080000 -0.7565694176 -0.6539133860 -0.0000000000 23.1836600000 -0.0000000000 0.0000000000 1.0000000000 -2.2880390000
1772700981.6725482941 -0.5301722525 0.8478899590 0.0000000000 -15.0881810000 -0.8478899590 -0.5301722525 -0.0000000000 23.1221330000 -0.0000000000 0.0000000000 1.0000000000 -2.2794990000
1772700981.7725546360 -0.6283726320 0.7779124857 0.0000000000 -14.9745000000 -0.7779124857 -0.6283726320 -0.0000000000 23.0550610000 -0.0000000000 0.0000000000 1.0000000000 -2.2775300000
1772700981.8726172447 -0.4971549828 0.8676617561 0.0000000000 -14.8551280000 -0.8676617561 -0.4971549828 -0.0000000000 23.0036680000 -0.0000000000 0.0000000000 1.0000000000 -2.2532590000
1772700981.9727046490 -0.5248716297 0.8511813980 0.0000000000 -14.7427650000 -0.8511813980 -0.5248716297 -0.0000000000 22.9351740000 -0.0000000000 0.0000000000 1.0000000000 -2.2262000000
1772700982.0727725029 -0.5544104046 0.8322434159 0.0000000000 -14.6293970000 -0.8322434159 -0.5544104046 -0.0000000000 22.8661830000 -0.0000000000 0.0000000000 1.0000000000 -2.1992970000
1772700982.1727869511 -0.4654366711 0.8850811856 0.0000000000 -14.5144300000 -0.8850811856 -0.4654366711 -0.0000000000 22.7930340000 -0.0000000000 0.0000000000 1.0000000000 -2.1669700000
1772700982.2728316784 -0.4141187694 0.9102228545 0.0000000000 -14.4003290000 -0.9102228545 -0.4141187694 -0.0000000000 22.7270390000 -0.0000000000 0.0000000000 1.0000000000 -2.1132470000
1772700982.3730244637 -0.3364781951 0.9416912574 0.0000000000 -14.2846970000 -0.9416912574 -0.3364781951 -0.0000000000 22.6514080000 -0.0000000000 0.0000000000 1.0000000000 -2.0788270000
1772700982.4731118679 -0.4179364752 0.9084762532 0.0000000000 -14.1696510000 -0.9084762532 -0.4179364752 -0.0000000000 22.5749660000 -0.0000000000 0.0000000000 1.0000000000 -2.0594580000
1772700982.5732078552 -0.2927549130 0.9561875135 0.0000000000 -14.0499960000 -0.9561875135 -0.2927549130 -0.0000000000 22.5078290000 -0.0000000000 0.0000000000 1.0000000000 -2.0273160000
1772700982.6732654572 -0.2985955221 0.9543797536 0.0000000000 -13.9351490000 -0.9543797536 -0.2985955221 -0.0000000000 22.4486430000 -0.0000000000 0.0000000000 1.0000000000 -1.9863790000
1772700982.7732028961 0.5541773566 0.8323986169 0.0000000000 -13.8258930000 -0.8323986169 0.5541773566 -0.0000000000 22.3964970000 -0.0000000000 0.0000000000 1.0000000000 -1.9517210000
1772700982.8730890751 0.9418701534 0.3359771036 0.0000000000 -13.7141570000 -0.3359771036 0.9418701534 -0.0000000000 22.3409680000 -0.0000000000 0.0000000000 1.0000000000 -1.9155870000
1772700982.9729852676 0.7483187906 0.6633392704 0.0000000000 -13.6369180000 -0.6633392704 0.7483187906 -0.0000000000 22.2746470000 -0.0000000000 0.0000000000 1.0000000000 -1.9216060000
1772700983.0730364323 0.6790670349 0.7340762645 0.0000000000 -13.5304150000 -0.7340762645 0.6790670349 -0.0000000000 22.2056010000 -0.0000000000 0.0000000000 1.0000000000 -1.9110360000
1772700983.1728799343 0.6301966151 0.7764355906 0.0000000000 -13.4215090000 -0.7764355906 0.6301966151 -0.0000000000 22.1350840000 -0.0000000000 0.0000000000 1.0000000000 -1.9142060000
1772700983.2730104923 0.6424962202 0.7662888535 0.0000000000 -13.3126650000 -0.7662888535 0.6424962202 -0.0000000000 22.0671590000 -0.0000000000 0.0000000000 1.0000000000 -1.9132800000
1772700983.3730056286 0.6781626044 0.7349118872 0.0000000000 -13.2025710000 -0.7349118872 0.6781626044 -0.0000000000 22.0091020000 -0.0000000000 0.0000000000 1.0000000000 -1.8958150000
1772700983.4731357098 0.6766311116 0.7363221705 0.0000000000 -13.0869250000 -0.7363221705 0.6766311116 -0.0000000000 21.9499550000 -0.0000000000 0.0000000000 1.0000000000 -1.8818310000
1772700983.5732357502 0.6312395030 -0.7755879639 0.0000000000 -12.9640480000 0.7755879639 0.6312395030 0.0000000000 21.8976780000 0.0000000000 0.0000000000 1.0000000000 -1.8497450000
1772700983.6733438969 -0.9922156371 0.1245316408 0.0000000000 -12.8485640000 -0.1245316408 -0.9922156371 0.0000000000 21.8378360000 0.0000000000 0.0000000000 1.0000000000 -1.8382940000
1772700983.7733948231 -0.8985808933 0.4388079058 0.0000000000 -12.7287860000 -0.4388079058 -0.8985808933 0.0000000000 21.7753240000 0.0000000000 0.0000000000 1.0000000000 -1.8398180000
1772700983.8733990192 -0.7513778140 0.6598722457 0.0000000000 -12.6003130000 -0.6598722457 -0.7513778140 0.0000000000 21.7203770000 0.0000000000 0.0000000000 1.0000000000 -1.8209660000
