# bag: /home/avg/Data/slam_data/Woraksan_test2/rosbag2_2026_07_31-13_38_33
# topic: /gnss_2/llh_position (frame_id=gnss_2_antenna_link)
# stamp: header, unit=seconds
# mode: llh -> x=lat y=lon z=alt
# stddev: sqrt(diag(position_covariance)), meters (x_stddev=north, y_stddev=east, z_stddev=up)
# stamp x y z x_stddev y_stddev z_stddev
1785472713.753000021 36.843964100 128.092392000 293.212000000 0.014000000 0.014000000 0.016000001
1785472714.263999939 36.843964100 128.092392000 293.210000000 0.014000000 0.014000000 0.016000001
1785472714.759000063 36.843964100 128.092392000 293.205000000 0.014000000 0.014000000 0.016000001
1785472715.269999981 36.843964100 128.092392000 293.221000000 0.014000000 0.014000000 0.016000001
1785472715.765000105 36.843964100 128.092392000 293.208000000 0.014000000 0.014000000 0.016000001
1785472716.267999887 36.843964100 128.092392000 293.202000000 0.014000000 0.014000000 0.015000000
1785472716.750000000 36.843964100 128.092392000 293.215000000 0.014000000 0.014000000 0.015000000
1785472717.259000063 36.843964100 128.092392000 293.210000000 0.014000000 0.014000000 0.015000000
1785472717.750999928 36.843964100 128.092392000 293.223000000 0.014000000 0.014000000 0.016000001
1785472718.272000074 36.843964100 128.092392000 293.233000000 0.014000000 0.014000000 0.015000000
1785472718.756000042 36.843964100 128.092392000 293.218000000 0.014000000 0.014000000 0.016000001
1785472719.266000032 36.843964100 128.092392000 293.220000000 0.014000000 0.014000000 0.016000001
1785472719.772000074 36.843964200 128.092392000 293.232000000 0.014000000 0.014000000 0.016000001
1785472720.259000063 36.843964100 128.092392000 293.229000000 0.014000000 0.014000000 0.016000001
1785472720.753999949 36.843964100 128.092391900 293.207000000 0.014000000 0.014000000 0.017000001
1785472721.263999939 36.843964100 128.092392000 293.202000000 0.014000000 0.014000000 0.016000001
1785472721.759999990 36.843964100 128.092391900 293.211000000 0.014000000 0.014000000 0.017000001
1785472722.266999960 36.843964000 128.092391900 293.207000000 0.014000000 0.014000000 0.017000001
1785472722.750000000 36.843964100 128.092391900 293.202000000 0.014000000 0.014000000 0.017000001
1785472723.263999939 36.843964100 128.092392000 293.211000000 0.014000000 0.014000000 0.017000001
1785472723.753999949 36.843964100 128.092392000 293.205000000 0.014000000 0.014000000 0.017000001
1785472724.263999939 36.843964000 128.092392000 293.206000000 0.014000000 0.014000000 0.017000001
1785472724.749000072 36.843964100 128.092391900 293.192000000 0.014000000 0.014000000 0.017999999
1785472725.266000032 36.843964000 128.092392000 293.199000000 0.014000000 0.014000000 0.017999999
1785472725.759999990 36.843964100 128.092392000 293.214000000 0.014000000 0.014000000 0.017999999
1785472726.267999887 36.843964100 128.092392000 293.218000000 0.014000000 0.014000000 0.017999999
1785472726.755000114 36.843964100 128.092392000 293.196000000 0.014000000 0.014000000 0.017000001
1785472727.292000055 36.843964100 128.092392000 293.206000000 0.014000000 0.014000000 0.017999999
1785472727.763999939 36.843964100 128.092392000 293.209000000 0.014000000 0.014000000 0.017999999
1785472728.263999939 36.843964000 128.092392000 293.194000000 0.014000000 0.014000000 0.020000000
1785472728.750999928 36.843964100 128.092392000 293.200000000 0.014000000 0.014000000 0.020000000
1785472729.259000063 36.843964100 128.092392000 293.191000000 0.014000000 0.014000000 0.021000000
1785472729.765000105 36.843964100 128.092392900 293.203000000 0.014000000 0.014000000 0.023000000
1785472730.266999960 36.843964300 128.092394400 293.191000000 0.014000000 0.014000000 0.024000000
1785472730.753000021 36.843964400 128.092395900 293.198000000 0.014000000 0.014000000 0.024000000
1785472731.256000042 36.843964700 128.092397400 293.186000000 0.015000000 0.015000000 0.024000000
1785472731.753000021 36.843964900 128.092399000 293.174000000 0.014000000 0.014000000 0.027000001
1785472732.257999897 36.843965200 128.092400700 293.180000000 0.014000000 0.014000000 0.026000001
1785472732.750999928 36.843965300 128.092402400 293.210000000 0.014000000 0.014000000 0.025000000
1785472733.263000011 36.843965600 128.092404000 293.200000000 0.014000000 0.014000000 0.027000001
1785472733.746999979 36.843965600 128.092405600 293.191000000 0.014000000 0.014000000 0.026000001
1785472734.266000032 36.843965800 128.092407200 293.190000000 0.014000000 0.014000000 0.028000001
1785472734.750999928 36.843966100 128.092408900 293.164000000 0.014000000 0.014000000 0.028000001
1785472735.263999939 36.843966200 128.092410800 293.208000000 0.014000000 0.014000000 0.028000001
1785472735.779000044 36.843966300 128.092412600 293.173000000 0.016000001 0.016000001 0.032000002
1785472736.266999960 36.843966400 128.092414200 293.156000000 0.015000000 0.015000000 0.028999999
1785472736.753999949 36.843966600 128.092415800 293.149000000 0.014000000 0.014000000 0.026000001
1785472737.263999939 36.843966800 128.092417500 293.192000000 0.014000000 0.014000000 0.025000000
1785472737.782000065 36.843966900 128.092419300 293.196000000 0.015000000 0.015000000 0.027000001
1785472738.259000063 36.843967100 128.092421200 293.208000000 0.015000000 0.015000000 0.026000001
1785472738.753999949 36.843967300 128.092423100 293.207000000 0.015000000 0.015000000 0.027000001
1785472739.267999887 36.843967400 128.092425000 293.194000000 0.015000000 0.015000000 0.026000001
1785472739.750000000 36.843967500 128.092426900 293.197000000 0.014000000 0.014000000 0.026000001
1785472740.282999992 36.843967700 128.092428600 293.188000000 0.014000000 0.014000000 0.025000000
1785472740.760999918 36.843967900 128.092430500 293.192000000 0.014000000 0.014000000 0.022000000
1785472741.266000032 36.843968000 128.092432400 293.199000000 0.014000000 0.014000000 0.021000000
1785472741.763000011 36.843968200 128.092434300 293.187000000 0.014000000 0.014000000 0.020000000
1785472742.269000053 36.843968200 128.092436100 293.213000000 0.014000000 0.014000000 0.018999999
1785472742.753000021 36.843968400 128.092438000 293.181000000 0.014000000 0.014000000 0.018999999
1785472743.263000011 36.843968500 128.092439700 293.187000000 0.014000000 0.014000000 0.017999999
1785472743.757999897 36.843968700 128.092441700 293.184000000 0.014000000 0.014000000 0.017999999
1785472744.262000084 36.843968900 128.092443800 293.195000000 0.014000000 0.014000000 0.020000000
1785472744.753999949 36.843969100 128.092445800 293.189000000 0.014000000 0.014000000 0.020000000
1785472745.266999960 36.843969400 128.092447800 293.163000000 0.014000000 0.014000000 0.017999999
1785472745.766999960 36.843969700 128.092449700 293.177000000 0.014000000 0.014000000 0.017000001
1785472746.266000032 36.843969800 128.092451600 293.175000000 0.014000000 0.014000000 0.016000001
1785472746.755000114 36.843970000 128.092453500 293.169000000 0.014000000 0.014000000 0.015000000
1785472747.259000063 36.843970300 128.092455400 293.168000000 0.014000000 0.014000000 0.015000000
1785472747.756999969 36.843970400 128.092457200 293.195000000 0.014000000 0.014000000 0.016000001
1785472748.265000105 36.843970600 128.092459000 293.194000000 0.014000000 0.014000000 0.015000000
1785472748.755000114 36.843970800 128.092460900 293.197000000 0.014000000 0.014000000 0.017000001
1785472749.266999960 36.843971000 128.092462700 293.196000000 0.014000000 0.014000000 0.017999999
1785472749.756999969 36.843971200 128.092464400 293.189000000 0.014000000 0.014000000 0.017999999
1785472750.259000063 36.843971300 128.092466100 293.172000000 0.014000000 0.014000000 0.017999999
1785472750.752000093 36.843971400 128.092467800 293.174000000 0.014000000 0.014000000 0.017999999
1785472751.263999939 36.843971700 128.092469500 293.167000000 0.014000000 0.014000000 0.017000001
1785472751.763999939 36.843971800 128.092471400 293.170000000 0.014000000 0.014000000 0.016000001
1785472752.263000011 36.843971900 128.092473200 293.142000000 0.014000000 0.014000000 0.016000001
1785472752.750000000 36.843972100 128.092475000 293.149000000 0.014000000 0.014000000 0.017000001
1785472753.259999990 36.843972200 128.092476800 293.146000000 0.014000000 0.014000000 0.017000001
1785472753.756000042 36.843972300 128.092478600 293.169000000 0.014000000 0.014000000 0.018999999
1785472754.266999960 36.843972500 128.092480500 293.180000000 0.014000000 0.014000000 0.020000000
1785472754.757999897 36.843972600 128.092482400 293.178000000 0.014000000 0.014000000 0.020000000
1785472755.263999939 36.843972900 128.092484200 293.153000000 0.014000000 0.014000000 0.017000001
1785472755.755000114 36.843973000 128.092486000 293.186000000 0.014000000 0.014000000 0.017999999
1785472756.257999897 36.843973100 128.092487900 293.177000000 0.014000000 0.014000000 0.020000000
1785472756.759999990 36.843973200 128.092489700 293.178000000 0.014000000 0.014000000 0.018999999
1785472757.273000002 36.843973400 128.092491500 293.193000000 0.014000000 0.014000000 0.017999999
1785472757.759000063 36.843973500 128.092493400 293.166000000 0.014000000 0.014000000 0.020000000
1785472758.267999887 36.843973700 128.092495300 293.194000000 0.014000000 0.014000000 0.020000000
1785472758.763999939 36.843973800 128.092497500 293.171000000 0.014000000 0.014000000 0.018999999
1785472759.269999981 36.843974100 128.092499600 293.152000000 0.014000000 0.014000000 0.015000000
1785472759.776999950 36.843974200 128.092501700 293.146000000 0.014000000 0.014000000 0.017000001
1785472760.273000002 36.843974400 128.092503900 293.167000000 0.014000000 0.014000000 0.018999999
1785472760.756000042 36.843974600 128.092506200 293.140000000 0.014000000 0.014000000 0.020000000
1785472761.267999887 36.843974600 128.092508600 293.160000000 0.014000000 0.014000000 0.020000000
1785472761.757999897 36.843974700 128.092511100 293.148000000 0.014000000 0.014000000 0.022000000
1785472762.263999939 36.843974900 128.092513600 293.147000000 0.014000000 0.014000000 0.021000000
1785472762.755000114 36.843975100 128.092516300 293.168000000 0.014000000 0.014000000 0.021000000
1785472763.266999960 36.843975300 128.092518900 293.148000000 0.014000000 0.014000000 0.022000000
1785472763.772000074 36.843975400 128.092521300 293.139000000 0.014000000 0.014000000 0.023000000
1785472764.265000105 36.843975500 128.092524000 293.177000000 0.014000000 0.014000000 0.021000000
1785472764.765000105 36.843975700 128.092526700 293.144000000 0.016000001 0.016000001 0.026000001
1785472765.257999897 36.843975800 128.092529500 293.163000000 0.016000001 0.016000001 0.027000001
1785472765.760999918 36.843976000 128.092532300 293.174000000 0.016000001 0.016000001 0.027000001
1785472766.266999960 36.843976100 128.092535100 293.151000000 0.015000000 0.015000000 0.026000001
1785472766.762000084 36.843976200 128.092537800 293.164000000 0.014000000 0.014000000 0.025000000
1785472767.267999887 36.843976300 128.092540600 293.151000000 0.014000000 0.014000000 0.024000000
1785472767.766000032 36.843976200 128.092543400 293.181000000 0.015000000 0.015000000 0.027000001
1785472768.269999981 36.843976200 128.092546200 293.187000000 0.015000000 0.015000000 0.026000001
1785472768.763000011 36.843976200 128.092549000 293.164000000 0.015000000 0.015000000 0.027000001
1785472769.272000074 36.843976200 128.092550800 293.178000000 0.014000000 0.014000000 0.024000000
1785472769.756000042 36.843976200 128.092552600 293.155000000 0.014000000 0.014000000 0.026000001
1785472770.276000023 36.843976100 128.092554700 293.197000000 0.014000000 0.014000000 0.024000000
1785472770.762000084 36.843976100 128.092556700 293.193000000 0.015000000 0.015000000 0.026000001
1785472771.270999908 36.843976100 128.092558600 293.195000000 0.014000000 0.014000000 0.024000000
1785472771.770999908 36.843976100 128.092560600 293.173000000 0.014000000 0.014000000 0.022000000
1785472772.269999981 36.843976000 128.092562700 293.175000000 0.014000000 0.014000000 0.018999999
1785472772.762000084 36.843976000 128.092564600 293.178000000 0.014000000 0.014000000 0.017999999
1785472773.269000053 36.843975700 128.092566600 293.167000000 0.014000000 0.014000000 0.018999999
1785472773.762000084 36.843975700 128.092568800 293.171000000 0.014000000 0.014000000 0.018999999
1785472774.263000011 36.843975800 128.092570900 293.176000000 0.014000000 0.014000000 0.017999999
1785472774.757999897 36.843975700 128.092573100 293.159000000 0.014000000 0.014000000 0.016000001
1785472775.269000053 36.843975600 128.092575300 293.175000000 0.014000000 0.014000000 0.017000001
1785472775.759999990 36.843975600 128.092577500 293.177000000 0.014000000 0.014000000 0.017000001
1785472776.279000044 36.843975900 128.092579700 293.170000000 0.014000000 0.014000000 0.015000000
1785472776.766000032 36.843976000 128.092582000 293.176000000 0.014000000 0.014000000 0.015000000
1785472777.273000002 36.843975900 128.092584300 293.180000000 0.014000000 0.014000000 0.014000000
1785472777.765000105 36.843975900 128.092586700 293.168000000 0.014000000 0.014000000 0.015000000
1785472778.269000053 36.843975800 128.092588900 293.169000000 0.014000000 0.014000000 0.016000001
1785472778.760999918 36.843975800 128.092591300 293.164000000 0.014000000 0.014000000 0.016000001
1785472779.269000053 36.843975700 128.092593400 293.186000000 0.014000000 0.014000000 0.017000001
1785472779.763000011 36.843975700 128.092595600 293.177000000 0.014000000 0.014000000 0.016000001
1785472780.270999908 36.843975700 128.092598600 293.160000000 0.014000000 0.014000000 0.016000001
1785472780.760999918 36.843975800 128.092601500 293.161000000 0.014000000 0.014000000 0.017000001
1785472781.275000095 36.843975600 128.092604400 293.156000000 0.014000000 0.014000000 0.020000000
1785472781.770999908 36.843975800 128.092607400 293.195000000 0.014000000 0.014000000 0.022000000
1785472782.273000002 36.843975900 128.092610100 293.180000000 0.014000000 0.014000000 0.022000000
1785472782.762000084 36.843976000 128.092612900 293.170000000 0.014000000 0.014000000 0.022000000
1785472783.263999939 36.843976200 128.092615600 293.163000000 0.014000000 0.014000000 0.021000000
1785472783.759999990 36.843976500 128.092618500 293.181000000 0.014000000 0.014000000 0.022000000
1785472784.270999908 36.843976900 128.092621500 293.175000000 0.015000000 0.015000000 0.024000000
1785472784.759999990 36.843977000 128.092624000 293.170000000 0.014000000 0.014000000 0.023000000
1785472785.269000053 36.843977400 128.092626400 293.216000000 0.014000000 0.014000000 0.022000000
1785472785.763000011 36.843977600 128.092629100 293.175000000 0.014000000 0.014000000 0.021000000
1785472786.266999960 36.843977900 128.092631100 293.188000000 0.014000000 0.014000000 0.017000001
1785472786.757999897 36.843978000 128.092633000 293.174000000 0.014000000 0.014000000 0.017999999
1785472787.273999929 36.843978400 128.092635400 293.177000000 0.014000000 0.014000000 0.017000001
1785472787.759999990 36.843978600 128.092637000 293.157000000 0.014000000 0.014000000 0.016000001
1785472788.276999950 36.843978600 128.092638100 293.131000000 0.014000000 0.014000000 0.015000000
1785472788.766999960 36.843978700 128.092640200 293.095000000 0.014000000 0.014000000 0.015000000
1785472789.296000004 36.843978800 128.092641300 293.064000000 0.014000000 0.014000000 0.016000001
1785472789.779000044 36.843978800 128.092641400 293.064000000 0.014000000 0.014000000 0.017000001
1785472790.280999899 36.843978700 128.092641400 293.068000000 0.014000000 0.014000000 0.017000001
1785472790.766000032 36.843978800 128.092641300 293.079000000 0.014000000 0.014000000 0.016000001
1785472791.303999901 36.843978800 128.092641300 293.082000000 0.014000000 0.014000000 0.015000000
1785472791.772000074 36.843978800 128.092641300 293.073000000 0.014000000 0.014000000 0.017000001
1785472792.263000011 36.843978800 128.092641400 293.068000000 0.014000000 0.014000000 0.015000000
1785472792.763000011 36.843978700 128.092641300 293.072000000 0.014000000 0.014000000 0.015000000
1785472793.276000023 36.843978800 128.092641300 293.069000000 0.014000000 0.014000000 0.015000000
1785472793.773999929 36.843978700 128.092641300 293.088000000 0.014000000 0.014000000 0.017999999
1785472794.273000002 36.843978600 128.092641300 293.075000000 0.014000000 0.014000000 0.017999999
1785472794.765000105 36.843978600 128.092641300 293.081000000 0.014000000 0.014000000 0.017000001
1785472795.272000074 36.843978600 128.092641300 293.079000000 0.014000000 0.014000000 0.018999999
1785472795.765000105 36.843978600 128.092641200 293.069000000 0.014000000 0.014000000 0.021000000
1785472796.279999971 36.843978600 128.092641200 293.082000000 0.014000000 0.014000000 0.020000000
1785472796.762000084 36.843978600 128.092641600 293.086000000 0.014000000 0.014000000 0.018999999
1785472797.302000046 36.843978800 128.092643400 293.078000000 0.014000000 0.014000000 0.020000000
1785472797.789000034 36.843978800 128.092644800 293.048000000 0.015000000 0.015000000 0.023000000
1785472798.263000011 36.843979100 128.092646500 292.991000000 0.015000000 0.015000000 0.020000000
1785472798.757999897 36.843979200 128.092648300 292.966000000 0.016000001 0.016000001 0.021000000
1785472799.267999887 36.843979500 128.092650400 292.957000000 0.015000000 0.015000000 0.022000000
1785472799.760999918 36.843979600 128.092652600 292.942000000 0.016000001 0.016000001 0.024000000
1785472800.272000074 36.843980000 128.092654900 292.876000000 0.016000001 0.016000001 0.023000000
1785472800.760999918 36.843980200 128.092657100 292.914000000 0.017000001 0.017000001 0.028999999
1785472801.267999887 36.843980500 128.092659000 292.937000000 0.015000000 0.015000000 0.024000000
1785472801.762000084 36.843980700 128.092660900 292.892000000 0.014000000 0.014000000 0.022000000
1785472802.272000074 36.843980700 128.092662800 292.926000000 0.014000000 0.014000000 0.017999999
1785472802.763000011 36.843980800 128.092664800 292.906000000 0.014000000 0.014000000 0.017999999
1785472803.269999981 36.843981100 128.092666900 292.866000000 0.014000000 0.014000000 0.016000001
1785472803.779000044 36.843980900 128.092668700 292.872000000 0.014000000 0.014000000 0.017999999
1785472804.267999887 36.843980400 128.092670400 292.895000000 0.014000000 0.014000000 0.018999999
1785472804.759999990 36.843979800 128.092672100 292.869000000 0.014000000 0.014000000 0.017999999
1785472805.269999981 36.843978900 128.092673800 292.889000000 0.014000000 0.014000000 0.018999999
1785472805.763000011 36.843978100 128.092675600 292.880000000 0.017000001 0.017000001 0.030999999
1785472806.266000032 36.843977000 128.092677300 292.934000000 0.014000000 0.014000000 0.026000001
1785472806.755000114 36.843975500 128.092678600 292.913000000 0.014000000 0.014000000 0.028000001
1785472807.270999908 36.843973900 128.092679700 292.922000000 0.014000000 0.014000000 0.029999999
1785472807.776999950 36.843972200 128.092680900 292.960000000 0.016000001 0.016000001 0.039000001
1785472808.269999981 36.843970500 128.092681700 293.045000000 0.018999999 0.018999999 0.039000001
1785472808.763000011 36.843968700 128.092682200 293.042000000 0.024000000 0.024000000 0.050000001
1785472809.270999908 36.843967000 128.092683100 293.056000000 0.030999999 0.030999999 0.059999999
1785472809.762000084 36.843965000 128.092683700 293.120000000 0.032000002 0.032000002 0.064999998
1785472810.266999960 36.843963400 128.092683900 293.133000000 0.017999999 0.017999999 0.041999999
1785472810.765000105 36.843962200 128.092684000 293.068000000 0.022000000 0.022000000 0.048999999
1785472811.276000023 36.843960900 128.092683900 293.129000000 0.020000000 0.020000000 0.041000001
1785472811.780999899 36.843960700 128.092683900 293.123000000 0.020000000 0.020000000 0.041000001
1785472812.279000044 36.843960700 128.092684000 293.112000000 0.014000000 0.014000000 0.033000000
1785472812.769000053 36.843960700 128.092683900 293.101000000 0.015000000 0.015000000 0.034000002
1785472813.276999950 36.843960500 128.092683600 292.955000000 0.014000000 0.014000000 0.017999999
1785472813.773000002 36.843960500 128.092683600 292.946000000 0.014000000 0.014000000 0.017000001
1785472814.272000074 36.843960600 128.092683600 292.955000000 0.014000000 0.014000000 0.017999999
1785472814.755000114 36.843960500 128.092683500 292.949000000 0.014000000 0.014000000 0.017999999
1785472815.273000002 36.843960500 128.092683500 292.969000000 0.014000000 0.014000000 0.018999999
1785472815.769999981 36.843960300 128.092683500 292.965000000 0.014000000 0.014000000 0.018999999
1785472816.288000107 36.843959400 128.092683600 292.962000000 0.014000000 0.014000000 0.017999999
1785472816.769000053 36.843958300 128.092683700 292.990000000 0.014000000 0.014000000 0.018999999
1785472817.279999971 36.843956800 128.092684100 292.999000000 0.014000000 0.014000000 0.017000001
1785472817.767999887 36.843955200 128.092684200 292.993000000 0.014000000 0.014000000 0.017000001
1785472818.276999950 36.843953600 128.092684400 293.008000000 0.014000000 0.014000000 0.015000000
1785472818.767999887 36.843952300 128.092684700 292.974000000 0.014000000 0.014000000 0.015000000
1785472819.266999960 36.843950800 128.092684700 292.963000000 0.014000000 0.014000000 0.014000000
1785472819.779999971 36.843949500 128.092684600 292.999000000 0.014000000 0.014000000 0.015000000
1785472820.285000086 36.843947700 128.092684400 293.001000000 0.014000000 0.014000000 0.020000000
1785472820.767999887 36.843945000 128.092684400 292.966000000 0.015000000 0.015000000 0.021000000
1785472821.279999971 36.843942500 128.092684300 292.999000000 0.016000001 0.016000001 0.039999999
1785472821.775000095 36.843940400 128.092684300 293.013000000 0.021000000 0.021000000 0.039999999
1785472822.269999981 36.843937700 128.092684200 293.109000000 0.015000000 0.015000000 0.035000000
1785472822.763999939 36.843935200 128.092683800 293.151000000 0.015000000 0.015000000 0.035000000
1785472823.266999960 36.843932500 128.092683600 293.101000000 0.015000000 0.015000000 0.028000001
1785472823.763999939 36.843929900 128.092683500 293.121000000 0.017000001 0.017000001 0.028000001
1785472824.275000095 36.843927400 128.092683300 293.155000000 0.014000000 0.014000000 0.029999999
1785472824.762000084 36.843925100 128.092683100 293.103000000 0.016000001 0.016000001 0.030999999
1785472825.269999981 36.843922500 128.092682700 293.061000000 0.014000000 0.014000000 0.029999999
1785472825.766999960 36.843920000 128.092682600 293.029000000 0.015000000 0.015000000 0.030999999
1785472826.273999929 36.843917300 128.092682200 293.055000000 0.020000000 0.020000000 0.039000001
1785472826.763999939 36.843915000 128.092681800 293.014000000 0.021000000 0.021000000 0.046999998
1785472827.272000074 36.843912400 128.092681700 293.005000000 0.020000000 0.020000000 0.041000001
1785472827.766999960 36.843909700 128.092681400 293.031000000 0.017999999 0.017999999 0.037999999
1785472828.267999887 36.843906800 128.092680800 293.080000000 0.015000000 0.015000000 0.030999999
1785472828.765000105 36.843904100 128.092680400 293.002000000 0.014000000 0.014000000 0.028999999
1785472829.275000095 36.843901100 128.092680000 293.030000000 0.014000000 0.014000000 0.021000000
1785472829.773000002 36.843898200 128.092679700 293.062000000 0.014000000 0.014000000 0.024000000
1785472830.273000002 36.843895400 128.092679700 293.044000000 0.014000000 0.014000000 0.024000000
1785472830.773000002 36.843892700 128.092679500 293.028000000 0.014000000 0.014000000 0.024000000
1785472831.278000116 36.843890000 128.092679400 293.050000000 0.014000000 0.014000000 0.022000000
1785472831.767999887 36.843887400 128.092679300 293.060000000 0.014000000 0.014000000 0.025000000
1785472832.278000116 36.843884900 128.092679400 293.091000000 0.014000000 0.014000000 0.025000000
1785472832.765000105 36.843882200 128.092679200 293.075000000 0.014000000 0.014000000 0.027000001
1785472833.282000065 36.843879700 128.092679000 292.997000000 0.014000000 0.014000000 0.024000000
1785472833.772000074 36.843877300 128.092678800 293.045000000 0.014000000 0.014000000 0.025000000
1785472834.289999962 36.843874500 128.092678500 293.051000000 0.014000000 0.014000000 0.020000000
1785472834.769999981 36.843871800 128.092678200 293.037000000 0.014000000 0.014000000 0.022000000
1785472835.280999899 36.843869500 128.092677800 293.122000000 0.014000000 0.014000000 0.022000000
1785472835.772000074 36.843867200 128.092677600 293.122000000 0.014000000 0.014000000 0.022000000
1785472836.283999920 36.843864700 128.092677300 293.148000000 0.014000000 0.014000000 0.020000000
1785472836.770999908 36.843862300 128.092677000 293.125000000 0.014000000 0.014000000 0.020000000
1785472837.272000074 36.843859600 128.092676700 293.128000000 0.014000000 0.014000000 0.018999999
1785472837.789000034 36.843856600 128.092676500 293.245000000 0.014000000 0.014000000 0.021000000
1785472838.282000065 36.843853900 128.092676100 293.229000000 0.014000000 0.014000000 0.023000000
1785472838.769999981 36.843851100 128.092675800 293.240000000 0.014000000 0.014000000 0.022000000
1785472839.279999971 36.843848800 128.092675500 293.237000000 0.014000000 0.014000000 0.020000000
1785472839.789000034 36.843846400 128.092675300 293.297000000 0.014000000 0.014000000 0.024000000
1785472840.282000065 36.843843900 128.092674900 293.305000000 0.014000000 0.014000000 0.021000000
1785472840.772000074 36.843841200 128.092674400 293.362000000 0.014000000 0.014000000 0.021000000
1785472841.282000065 36.843838500 128.092674100 293.467000000 0.014000000 0.014000000 0.017000001
1785472841.773000002 36.843836200 128.092674100 293.498000000 0.014000000 0.014000000 0.026000001
1785472842.282000065 36.843833600 128.092674000 293.571000000 0.014000000 0.014000000 0.023000000
1785472842.772000074 36.843831100 128.092673700 293.602000000 0.014000000 0.014000000 0.021000000
1785472843.273999929 36.843828600 128.092673600 293.663000000 0.014000000 0.014000000 0.018999999
1785472843.769999981 36.843825900 128.092673300 293.712000000 0.014000000 0.014000000 0.018999999
1785472844.283999920 36.843823400 128.092673500 293.789000000 0.014000000 0.014000000 0.018999999
1785472844.757999897 36.843820800 128.092673600 293.870000000 0.014000000 0.014000000 0.022000000
1785472845.273999929 36.843818500 128.092673600 293.868000000 0.014000000 0.014000000 0.020000000
1785472845.763999939 36.843815900 128.092673800 293.935000000 0.014000000 0.014000000 0.020000000
1785472846.263000011 36.843813400 128.092673500 293.913000000 0.014000000 0.014000000 0.017999999
1785472846.759000063 36.843810900 128.092674000 293.991000000 0.014000000 0.014000000 0.017000001
1785472847.266999960 36.843808300 128.092674300 294.046000000 0.014000000 0.014000000 0.017000001
1785472847.756999969 36.843805700 128.092674700 294.131000000 0.014000000 0.014000000 0.024000000
1785472848.275000095 36.843803200 128.092674800 294.139000000 0.014000000 0.014000000 0.028000001
1785472848.778000116 36.843800300 128.092674900 294.182000000 0.014000000 0.014000000 0.028999999
1785472849.275000095 36.843797500 128.092675400 294.306000000 0.014000000 0.014000000 0.021000000
1785472849.762000084 36.843794700 128.092675500 294.300000000 0.014000000 0.014000000 0.021000000
1785472850.269999981 36.843791600 128.092676300 294.364000000 0.014000000 0.014000000 0.017999999
1785472850.757999897 36.843788600 128.092677000 294.407000000 0.014000000 0.014000000 0.021000000
1785472851.275000095 36.843785300 128.092677800 294.419000000 0.014000000 0.014000000 0.020000000
1785472851.778000116 36.843782400 128.092678700 294.462000000 0.014000000 0.014000000 0.021000000
1785472852.276000023 36.843781800 128.092678900 294.462000000 0.014000000 0.014000000 0.020000000
1785472852.765000105 36.843781800 128.092679000 294.487000000 0.014000000 0.014000000 0.020000000
1785472853.273000002 36.843781800 128.092679100 294.482000000 0.014000000 0.014000000 0.017999999
1785472853.765000105 36.843781800 128.092679000 294.473000000 0.014000000 0.014000000 0.017999999
1785472854.273999929 36.843781800 128.092679000 294.478000000 0.014000000 0.014000000 0.016000001
1785472854.763999939 36.843781700 128.092679000 294.478000000 0.014000000 0.014000000 0.016000001
1785472855.269999981 36.843781000 128.092679200 294.504000000 0.014000000 0.014000000 0.016000001
1785472855.785000086 36.843780100 128.092679600 294.516000000 0.014000000 0.014000000 0.016000001
1785472856.275000095 36.843778900 128.092679900 294.489000000 0.014000000 0.014000000 0.015000000
1785472856.767999887 36.843777500 128.092680400 294.537000000 0.014000000 0.014000000 0.015000000
1785472857.276000023 36.843775800 128.092680900 294.570000000 0.014000000 0.014000000 0.016000001
1785472857.766000032 36.843774300 128.092681300 294.559000000 0.014000000 0.014000000 0.016000001
1785472858.278000116 36.843772600 128.092681800 294.566000000 0.014000000 0.014000000 0.015000000
1785472858.776999950 36.843771100 128.092682300 294.570000000 0.014000000 0.014000000 0.016000001
1785472859.286000013 36.843769600 128.092682900 294.569000000 0.014000000 0.014000000 0.016000001
1785472859.766999960 36.843768000 128.092683600 294.587000000 0.014000000 0.014000000 0.017999999
1785472860.290999889 36.843766500 128.092684300 294.631000000 0.014000000 0.014000000 0.017000001
1785472860.773000002 36.843764900 128.092685000 294.660000000 0.014000000 0.014000000 0.016000001
1785472861.286000013 36.843763300 128.092685700 294.657000000 0.014000000 0.014000000 0.017000001
1785472861.786000013 36.843761500 128.092686200 294.675000000 0.014000000 0.014000000 0.016000001
1785472862.286999941 36.843759800 128.092686900 294.701000000 0.014000000 0.014000000 0.017000001
1785472862.776000023 36.843758100 128.092687600 294.701000000 0.014000000 0.014000000 0.016000001
1785472863.286000013 36.843756300 128.092688300 294.720000000 0.014000000 0.014000000 0.017000001
1785472863.773999929 36.843754700 128.092688800 294.721000000 0.014000000 0.014000000 0.018999999
1785472864.272000074 36.843752900 128.092689700 294.762000000 0.014000000 0.014000000 0.018999999
1785472864.799999952 36.843751200 128.092690100 294.723000000 0.014000000 0.014000000 0.017999999
1785472865.276999950 36.843749500 128.092690900 294.745000000 0.014000000 0.014000000 0.021000000
1785472865.769999981 36.843747800 128.092691900 294.802000000 0.014000000 0.014000000 0.022000000
1785472866.302999973 36.843746100 128.092692500 294.789000000 0.014000000 0.014000000 0.018999999
1785472866.770999908 36.843744300 128.092693600 294.829000000 0.014000000 0.014000000 0.020000000
1785472867.278000116 36.843742500 128.092694400 294.901000000 0.014000000 0.014000000 0.020000000
1785472867.769000053 36.843740800 128.092695000 294.853000000 0.014000000 0.014000000 0.018999999
1785472868.278000116 36.843739100 128.092695900 294.854000000 0.014000000 0.014000000 0.020000000
1785472868.763999939 36.843737400 128.092696800 294.897000000 0.014000000 0.014000000 0.021000000
1785472869.283999920 36.843735600 128.092697600 294.886000000 0.014000000 0.014000000 0.022000000
1785472869.773999929 36.843733800 128.092698400 294.933000000 0.014000000 0.014000000 0.021000000
1785472870.295000076 36.843731800 128.092699500 294.974000000 0.014000000 0.014000000 0.014000000
1785472870.782999992 36.843730100 128.092700300 294.988000000 0.014000000 0.014000000 0.014000000
1785472871.279999971 36.843728300 128.092701100 295.021000000 0.014000000 0.014000000 0.016000001
1785472871.763999939 36.843726500 128.092702000 295.018000000 0.014000000 0.014000000 0.015000000
1785472872.278000116 36.843724700 128.092702700 295.013000000 0.014000000 0.014000000 0.017999999
1785472872.767999887 36.843722800 128.092703500 295.053000000 0.014000000 0.014000000 0.017999999
1785472873.263000011 36.843721000 128.092704500 295.037000000 0.014000000 0.014000000 0.018999999
1785472873.756999969 36.843719000 128.092705300 295.083000000 0.014000000 0.014000000 0.017000001
1785472874.267999887 36.843717300 128.092705900 295.065000000 0.014000000 0.014000000 0.017000001
1785472874.762000084 36.843715500 128.092706800 295.099000000 0.014000000 0.014000000 0.016000001
1785472875.270999908 36.843713600 128.092707600 295.095000000 0.014000000 0.014000000 0.016000001
1785472875.766000032 36.843711700 128.092708400 295.125000000 0.014000000 0.014000000 0.017000001
1785472876.283999920 36.843709900 128.092709100 295.145000000 0.014000000 0.014000000 0.017999999
1785472876.762000084 36.843708000 128.092709800 295.148000000 0.014000000 0.014000000 0.018999999
1785472877.273000002 36.843706200 128.092710700 295.118000000 0.014000000 0.014000000 0.017000001
1785472877.756999969 36.843704300 128.092711500 295.153000000 0.014000000 0.014000000 0.017999999
1785472878.275000095 36.843702400 128.092712600 295.185000000 0.014000000 0.014000000 0.017000001
1785472878.763000011 36.843700200 128.092713400 295.181000000 0.014000000 0.014000000 0.015000000
1785472879.278000116 36.843698200 128.092714300 295.183000000 0.014000000 0.014000000 0.015000000
1785472879.775000095 36.843696300 128.092715300 295.206000000 0.014000000 0.014000000 0.016000001
1785472880.273000002 36.843694200 128.092716400 295.219000000 0.014000000 0.014000000 0.016000001
1785472880.765000105 36.843692300 128.092717400 295.184000000 0.014000000 0.014000000 0.016000001
1785472881.270999908 36.843690200 128.092718400 295.247000000 0.014000000 0.014000000 0.017999999
1785472881.773999929 36.843688200 128.092719400 295.257000000 0.014000000 0.014000000 0.017000001
1785472882.265000105 36.843686000 128.092720500 295.250000000 0.014000000 0.014000000 0.017000001
1785472882.759000063 36.843683900 128.092721500 295.248000000 0.014000000 0.014000000 0.018999999
1785472883.272000074 36.843681900 128.092722800 295.238000000 0.014000000 0.014000000 0.020000000
1785472883.760999918 36.843679900 128.092723700 295.259000000 0.014000000 0.014000000 0.020000000
1785472884.266999960 36.843678000 128.092724700 295.253000000 0.014000000 0.014000000 0.016000001
1785472884.759999990 36.843675900 128.092725600 295.289000000 0.014000000 0.014000000 0.016000001
1785472885.276000023 36.843673800 128.092726700 295.274000000 0.014000000 0.014000000 0.017999999
1785472885.766000032 36.843671800 128.092728000 295.283000000 0.014000000 0.014000000 0.016000001
1785472886.276000023 36.843669800 128.092728900 295.283000000 0.014000000 0.014000000 0.017000001
1785472886.757999897 36.843667600 128.092729800 295.314000000 0.014000000 0.014000000 0.022000000
1785472887.267999887 36.843665700 128.092730900 295.336000000 0.014000000 0.014000000 0.021000000
1785472887.756999969 36.843663700 128.092732000 295.308000000 0.014000000 0.014000000 0.026000001
1785472888.273999929 36.843661700 128.092733100 295.357000000 0.014000000 0.014000000 0.026000001
1785472888.792999983 36.843659700 128.092734200 295.335000000 0.014000000 0.014000000 0.022000000
1785472889.272000074 36.843657700 128.092735200 295.305000000 0.014000000 0.014000000 0.029999999
1785472889.770999908 36.843655600 128.092736400 295.354000000 0.014000000 0.014000000 0.028999999
1785472890.276999950 36.843653600 128.092737400 295.325000000 0.014000000 0.014000000 0.028000001
1785472890.767999887 36.843651700 128.092738500 295.295000000 0.014000000 0.014000000 0.026000001
1785472891.272000074 36.843649600 128.092739600 295.319000000 0.014000000 0.014000000 0.025000000
1785472891.765000105 36.843647700 128.092740600 295.303000000 0.014000000 0.014000000 0.025000000
1785472892.275000095 36.843645800 128.092741900 295.306000000 0.014000000 0.014000000 0.026000001
1785472892.769999981 36.843644100 128.092742700 295.297000000 0.014000000 0.014000000 0.028999999
1785472893.276000023 36.843642100 128.092743600 295.330000000 0.014000000 0.014000000 0.022000000
1785472893.770999908 36.843640500 128.092744500 295.320000000 0.014000000 0.014000000 0.021000000
1785472894.279000044 36.843638500 128.092745600 295.359000000 0.014000000 0.014000000 0.020000000
1785472894.770999908 36.843636500 128.092746600 295.357000000 0.014000000 0.014000000 0.020000000
1785472895.279999971 36.843634400 128.092747500 295.312000000 0.014000000 0.014000000 0.021000000
1785472895.776999950 36.843632300 128.092748700 295.342000000 0.014000000 0.014000000 0.023000000
1785472896.279000044 36.843630200 128.092749800 295.333000000 0.014000000 0.014000000 0.022000000
1785472896.769000053 36.843628200 128.092750800 295.334000000 0.014000000 0.014000000 0.021000000
1785472897.275000095 36.843626300 128.092751800 295.363000000 0.014000000 0.014000000 0.021000000
1785472897.763000011 36.843624400 128.092753100 295.370000000 0.014000000 0.014000000 0.021000000
1785472898.275000095 36.843622500 128.092754400 295.404000000 0.014000000 0.014000000 0.020000000
1785472898.767999887 36.843620700 128.092755200 295.389000000 0.014000000 0.014000000 0.018999999
1785472899.279999971 36.843618800 128.092756200 295.363000000 0.014000000 0.014000000 0.020000000
1785472899.786999941 36.843616900 128.092757200 295.394000000 0.014000000 0.014000000 0.020000000
1785472900.269999981 36.843615100 128.092758100 295.380000000 0.014000000 0.014000000 0.021000000
1785472900.767999887 36.843613300 128.092759100 295.394000000 0.014000000 0.014000000 0.020000000
1785472901.270999908 36.843611500 128.092760100 295.399000000 0.014000000 0.014000000 0.021000000
1785472901.767999887 36.843609500 128.092761300 295.452000000 0.014000000 0.014000000 0.021000000
1785472902.285000086 36.843607500 128.092762200 295.418000000 0.014000000 0.014000000 0.020000000
1785472902.773999929 36.843605600 128.092763200 295.436000000 0.014000000 0.014000000 0.020000000
1785472903.269999981 36.843603700 128.092764200 295.391000000 0.014000000 0.014000000 0.021000000
1785472903.769000053 36.843601700 128.092765400 295.447000000 0.014000000 0.014000000 0.022000000
1785472904.273000002 36.843600000 128.092766200 295.449000000 0.014000000 0.014000000 0.022000000
1785472904.767999887 36.843598500 128.092767100 295.450000000 0.014000000 0.014000000 0.022000000
1785472905.273999929 36.843597000 128.092767900 295.443000000 0.014000000 0.014000000 0.021000000
1785472905.765000105 36.843595200 128.092768700 295.451000000 0.014000000 0.014000000 0.022000000
1785472906.273000002 36.843593300 128.092769700 295.484000000 0.014000000 0.014000000 0.023000000
1785472906.766000032 36.843591200 128.092770700 295.486000000 0.014000000 0.014000000 0.024000000
1785472907.279000044 36.843589100 128.092771700 295.497000000 0.014000000 0.014000000 0.025000000
1785472907.766000032 36.843587100 128.092772700 295.528000000 0.014000000 0.014000000 0.027000001
1785472908.273000002 36.843585000 128.092773800 295.546000000 0.015000000 0.015000000 0.039999999
1785472908.762000084 36.843583100 128.092774700 295.557000000 0.014000000 0.014000000 0.034000002
1785472909.288000107 36.843581300 128.092775700 295.528000000 0.014000000 0.014000000 0.026000001
1785472909.779999971 36.843579400 128.092776800 295.504000000 0.014000000 0.014000000 0.027000001
1785472910.279000044 36.843577400 128.092778000 295.537000000 0.014000000 0.014000000 0.024000000
1785472910.765000105 36.843575300 128.092779000 295.513000000 0.014000000 0.014000000 0.025000000
1785472911.276000023 36.843573000 128.092780400 295.511000000 0.014000000 0.014000000 0.023000000
1785472911.775000095 36.843570900 128.092781600 295.528000000 0.014000000 0.014000000 0.029999999
1785472912.272000074 36.843568900 128.092782700 295.512000000 0.014000000 0.014000000 0.024000000
1785472912.766999960 36.843566700 128.092784000 295.541000000 0.014000000 0.014000000 0.024000000
1785472913.279000044 36.843564400 128.092785000 295.587000000 0.014000000 0.014000000 0.025000000
1785472913.759999990 36.843562400 128.092786300 295.578000000 0.014000000 0.014000000 0.024000000
1785472914.279999971 36.843560100 128.092787600 295.599000000 0.014000000 0.014000000 0.025000000
1785472914.770999908 36.843558100 128.092788600 295.610000000 0.014000000 0.014000000 0.025000000
1785472915.280999899 36.843556100 128.092789700 295.599000000 0.014000000 0.014000000 0.026000001
1785472915.773000002 36.843554000 128.092790700 295.593000000 0.014000000 0.014000000 0.028000001
1785472916.279999971 36.843552000 128.092792000 295.564000000 0.014000000 0.014000000 0.025000000
1785472916.763000011 36.843550000 128.092793300 295.588000000 0.016000001 0.016000001 0.039999999
1785472917.263000011 36.843547900 128.092794600 295.647000000 0.016000001 0.016000001 0.041000001
1785472917.762000084 36.843545800 128.092795600 295.650000000 0.014000000 0.014000000 0.039000001
1785472918.263000011 36.843543800 128.092796700 295.600000000 0.016000001 0.016000001 0.045000002
1785472918.757999897 36.843541700 128.092798000 295.623000000 0.016000001 0.016000001 0.041999999
1785472919.270999908 36.843539600 128.092799200 295.640000000 0.014000000 0.014000000 0.033000000
1785472919.765000105 36.843537600 128.092800300 295.687000000 0.014000000 0.014000000 0.032000002
1785472920.269999981 36.843535700 128.092801400 295.722000000 0.014000000 0.014000000 0.030999999
1785472920.765000105 36.843533800 128.092802600 295.689000000 0.014000000 0.014000000 0.030999999
1785472921.270999908 36.843531800 128.092803700 295.687000000 0.014000000 0.014000000 0.032000002
1785472921.763000011 36.843529700 128.092804900 295.758000000 0.014000000 0.014000000 0.034000002
1785472922.276000023 36.843528600 128.092805600 295.722000000 0.014000000 0.014000000 0.030999999
1785472922.763000011 36.843528600 128.092805500 295.711000000 0.014000000 0.014000000 0.028000001
1785472923.272000074 36.843528700 128.092805600 295.702000000 0.014000000 0.014000000 0.026000001
1785472923.778000116 36.843528700 128.092805500 295.692000000 0.014000000 0.014000000 0.025000000
1785472924.276000023 36.843528600 128.092805600 295.706000000 0.014000000 0.014000000 0.023000000
1785472924.772000074 36.843528600 128.092805600 295.708000000 0.014000000 0.014000000 0.020000000
1785472925.279000044 36.843528600 128.092805600 295.710000000 0.014000000 0.014000000 0.020000000
1785472925.767999887 36.843528600 128.092805600 295.690000000 0.014000000 0.014000000 0.022000000
1785472926.279999971 36.843528600 128.092805500 295.703000000 0.014000000 0.014000000 0.025000000
1785472926.769999981 36.843528700 128.092805500 295.684000000 0.014000000 0.014000000 0.024000000
1785472927.269999981 36.843528600 128.092805500 295.711000000 0.014000000 0.014000000 0.023000000
1785472927.779999971 36.843528600 128.092805500 295.712000000 0.014000000 0.014000000 0.028000001
1785472928.276000023 36.843528100 128.092805800 295.701000000 0.014000000 0.014000000 0.028000001
1785472928.762000084 36.843526900 128.092806600 295.705000000 0.014000000 0.014000000 0.029999999
1785472929.269999981 36.843524700 128.092807700 295.655000000 0.014000000 0.014000000 0.025000000
1785472929.778000116 36.843522800 128.092808900 295.681000000 0.014000000 0.014000000 0.033000000
1785472930.272000074 36.843520800 128.092810000 295.655000000 0.014000000 0.014000000 0.023000000
1785472930.763999939 36.843518600 128.092811400 295.659000000 0.014000000 0.014000000 0.028999999
1785472931.275000095 36.843516300 128.092812600 295.712000000 0.014000000 0.014000000 0.032000002
1785472931.763000011 36.843514000 128.092814200 295.758000000 0.016000001 0.016000001 0.045000002
1785472932.269000053 36.843511900 128.092815700 295.675000000 0.015000000 0.015000000 0.041999999
1785472932.757999897 36.843509400 128.092817400 295.757000000 0.014000000 0.014000000 0.037000000
1785472933.269999981 36.843507000 128.092819000 295.690000000 0.014000000 0.014000000 0.035999998
1785472933.760999918 36.843504500 128.092820800 295.751000000 0.014000000 0.014000000 0.037000000
1785472934.273999929 36.843502100 128.092822000 295.753000000 0.014000000 0.014000000 0.032000002
1785472934.763999939 36.843499700 128.092823900 295.745000000 0.014000000 0.014000000 0.035000000
1785472935.273000002 36.843497300 128.092825600 295.725000000 0.014000000 0.014000000 0.026000001
1785472935.763000011 36.843494700 128.092827100 295.741000000 0.015000000 0.015000000 0.027000001
1785472936.269999981 36.843492500 128.092828600 295.738000000 0.015000000 0.015000000 0.030999999
1785472936.763999939 36.843490200 128.092830100 295.750000000 0.014000000 0.014000000 0.028000001
1785472937.269999981 36.843487900 128.092831800 295.714000000 0.014000000 0.014000000 0.025000000
1785472937.763000011 36.843485600 128.092833500 295.740000000 0.014000000 0.014000000 0.025000000
1785472938.275000095 36.843483300 128.092835200 295.780000000 0.014000000 0.014000000 0.025000000
1785472938.767999887 36.843481100 128.092837100 295.746000000 0.014000000 0.014000000 0.022000000
1785472939.278000116 36.843478700 128.092838800 295.762000000 0.014000000 0.014000000 0.021000000
1785472939.763000011 36.843476500 128.092840900 295.748000000 0.014000000 0.014000000 0.026000001
1785472940.296000004 36.843474000 128.092843100 295.841000000 0.014000000 0.014000000 0.024000000
1785472940.763999939 36.843472000 128.092844800 295.715000000 0.014000000 0.014000000 0.023000000
1785472941.275000095 36.843469700 128.092846600 295.767000000 0.014000000 0.014000000 0.022000000
1785472941.776000023 36.843467500 128.092848500 295.837000000 0.014000000 0.014000000 0.023000000
1785472942.265000105 36.843465200 128.092850700 295.770000000 0.014000000 0.014000000 0.021000000
1785472942.759999990 36.843463100 128.092852800 295.791000000 0.015000000 0.015000000 0.032000002
1785472943.270999908 36.843460900 128.092854900 295.839000000 0.014000000 0.014000000 0.027000001
1785472943.770999908 36.843458500 128.092856900 295.864000000 0.014000000 0.014000000 0.029999999
1785472944.272000074 36.843456300 128.092859000 295.914000000 0.014000000 0.014000000 0.015000000
1785472944.763999939 36.843454000 128.092861300 295.924000000 0.014000000 0.014000000 0.017999999
1785472945.266000032 36.843451800 128.092863500 295.911000000 0.014000000 0.014000000 0.017000001
1785472945.763999939 36.843449700 128.092865600 295.904000000 0.014000000 0.014000000 0.025000000
1785472946.266000032 36.843447300 128.092867800 295.960000000 0.014000000 0.014000000 0.015000000
1785472946.766999960 36.843445200 128.092870000 295.991000000 0.014000000 0.014000000 0.015000000
1785472947.272000074 36.843443100 128.092872500 295.970000000 0.014000000 0.014000000 0.015000000
1785472947.760999918 36.843440800 128.092874800 295.973000000 0.014000000 0.014000000 0.016000001
1785472948.293999910 36.843438700 128.092877300 295.998000000 0.014000000 0.014000000 0.018999999
1785472948.773000002 36.843436600 128.092879600 295.985000000 0.014000000 0.014000000 0.017000001
1785472949.282999992 36.843434600 128.092882100 295.994000000 0.014000000 0.014000000 0.024000000
1785472949.779999971 36.843432500 128.092884300 295.970000000 0.014000000 0.014000000 0.023000000
1785472950.290999889 36.843430300 128.092886400 295.987000000 0.014000000 0.014000000 0.021000000
1785472950.783999920 36.843428400 128.092888700 296.029000000 0.014000000 0.014000000 0.022000000
1785472951.276999950 36.843426200 128.092891000 296.021000000 0.014000000 0.014000000 0.021000000
1785472951.809000015 36.843424000 128.092893300 296.038000000 0.014000000 0.014000000 0.023000000
1785472952.286999941 36.843422000 128.092895600 296.060000000 0.014000000 0.014000000 0.022000000
1785472952.773999929 36.843419900 128.092898300 296.065000000 0.014000000 0.014000000 0.022000000
1785472953.276000023 36.843417900 128.092900400 296.074000000 0.014000000 0.014000000 0.022000000
1785472953.782000065 36.843416000 128.092902400 296.070000000 0.014000000 0.014000000 0.022000000
1785472954.272000074 36.843414100 128.092904600 296.109000000 0.014000000 0.014000000 0.018999999
1785472954.770999908 36.843412200 128.092907000 296.159000000 0.014000000 0.014000000 0.017999999
1785472955.276999950 36.843410000 128.092909400 296.229000000 0.014000000 0.014000000 0.017000001
1785472955.776999950 36.843408200 128.092911600 296.273000000 0.014000000 0.014000000 0.017000001
1785472956.276000023 36.843406200 128.092914100 296.337000000 0.014000000 0.014000000 0.016000001
1785472956.766000032 36.843404300 128.092916200 296.375000000 0.014000000 0.014000000 0.016000001
1785472957.273000002 36.843402400 128.092918200 296.418000000 0.014000000 0.014000000 0.015000000
1785472957.766999960 36.843400400 128.092920200 296.483000000 0.014000000 0.014000000 0.016000001
1785472958.276999950 36.843398400 128.092922300 296.562000000 0.014000000 0.014000000 0.014000000
1785472958.762000084 36.843396200 128.092924700 296.643000000 0.014000000 0.014000000 0.013000000
1785472959.278000116 36.843393900 128.092927300 296.755000000 0.014000000 0.014000000 0.014000000
1785472959.782000065 36.843392100 128.092929300 296.802000000 0.014000000 0.014000000 0.014000000
1785472960.282999992 36.843390000 128.092931500 296.883000000 0.014000000 0.014000000 0.012000000
1785472960.776000023 36.843387700 128.092934200 296.953000000 0.014000000 0.014000000 0.012000000
1785472961.285000086 36.843386000 128.092936200 297.010000000 0.014000000 0.014000000 0.013000000
1785472961.773999929 36.843384200 128.092938400 297.069000000 0.014000000 0.014000000 0.013000000
1785472962.280999899 36.843382000 128.092940500 297.120000000 0.014000000 0.014000000 0.012000000
1785472962.786999941 36.843379400 128.092943100 297.179000000 0.014000000 0.014000000 0.012000000
1785472963.272000074 36.843377800 128.092944900 297.181000000 0.014000000 0.014000000 0.014000000
1785472963.773999929 36.843375800 128.092946400 297.205000000 0.014000000 0.014000000 0.014000000
1785472964.282999992 36.843373800 128.092947900 297.227000000 0.014000000 0.014000000 0.015000000
1785472964.805999994 36.843371600 128.092949000 297.252000000 0.014000000 0.014000000 0.017999999
1785472965.276000023 36.843369300 128.092949400 297.268000000 0.014000000 0.014000000 0.017999999
1785472965.763999939 36.843367100 128.092949600 297.276000000 0.014000000 0.014000000 0.017000001
1785472966.278000116 36.843365000 128.092949000 297.289000000 0.014000000 0.014000000 0.017999999
1785472966.767999887 36.843363100 128.092948100 297.301000000 0.014000000 0.014000000 0.022000000
1785472967.279999971 36.843361300 128.092946900 297.304000000 0.014000000 0.014000000 0.021000000
1785472967.765000105 36.843359400 128.092945500 297.295000000 0.014000000 0.014000000 0.023000000
1785472968.279999971 36.843357200 128.092944400 297.304000000 0.014000000 0.014000000 0.018999999
1785472968.773999929 36.843355400 128.092943300 297.303000000 0.014000000 0.014000000 0.018999999
1785472969.302000046 36.843353400 128.092942400 297.332000000 0.014000000 0.014000000 0.017999999
1785472969.769999981 36.843351500 128.092941200 297.325000000 0.014000000 0.014000000 0.018999999
1785472970.282999992 36.843349700 128.092939900 297.341000000 0.014000000 0.014000000 0.017000001
1785472970.776999950 36.843347900 128.092938500 297.357000000 0.014000000 0.014000000 0.017000001
1785472971.299000025 36.843346000 128.092937100 297.389000000 0.014000000 0.014000000 0.018999999
1785472971.775000095 36.843344500 128.092935600 297.380000000 0.014000000 0.014000000 0.017999999
1785472972.273000002 36.843343100 128.092934000 297.395000000 0.014000000 0.014000000 0.018999999
1785472972.763000011 36.843341500 128.092932200 297.416000000 0.014000000 0.014000000 0.018999999
1785472973.278000116 36.843339800 128.092930400 297.425000000 0.014000000 0.014000000 0.016000001
1785472973.779000044 36.843338200 128.092928700 297.427000000 0.014000000 0.014000000 0.015000000
1785472974.279000044 36.843336500 128.092926900 297.434000000 0.014000000 0.014000000 0.013000000
1785472974.770999908 36.843335200 128.092924800 297.459000000 0.014000000 0.014000000 0.013000000
1785472975.279999971 36.843334000 128.092922400 297.462000000 0.014000000 0.014000000 0.013000000
1785472975.756999969 36.843332600 128.092920000 297.453000000 0.014000000 0.014000000 0.014000000
1785472976.288000107 36.843331300 128.092917700 297.475000000 0.014000000 0.014000000 0.013000000
1785472976.759999990 36.843330100 128.092915100 297.518000000 0.014000000 0.014000000 0.013000000
1785472977.288000107 36.843328900 128.092912600 297.512000000 0.014000000 0.014000000 0.013000000
1785472977.779000044 36.843327600 128.092910000 297.548000000 0.014000000 0.014000000 0.013000000
1785472978.299999952 36.843326300 128.092907200 297.520000000 0.014000000 0.014000000 0.012000000
1785472978.792999983 36.843324800 128.092904100 297.563000000 0.014000000 0.014000000 0.012000000
1785472979.279999971 36.843323300 128.092900900 297.580000000 0.014000000 0.014000000 0.014000000
1785472979.763000011 36.843322000 128.092897600 297.596000000 0.014000000 0.014000000 0.024000000
1785472980.289000034 36.843320600 128.092894200 297.624000000 0.014000000 0.014000000 0.023000000
1785472980.776999950 36.843319200 128.092890700 297.655000000 0.014000000 0.014000000 0.020000000
1785472981.280999899 36.843318100 128.092887000 297.654000000 0.014000000 0.014000000 0.016000001
1785472981.779999971 36.843316900 128.092883400 297.690000000 0.014000000 0.014000000 0.017999999
1785472982.283999920 36.843315900 128.092879800 297.724000000 0.014000000 0.014000000 0.024000000
1785472982.776000023 36.843315000 128.092876200 297.683000000 0.014000000 0.014000000 0.023000000
1785472983.303999901 36.843314100 128.092872700 297.721000000 0.014000000 0.014000000 0.018999999
1785472983.788000107 36.843313400 128.092869000 297.762000000 0.014000000 0.014000000 0.020000000
1785472984.292000055 36.843312600 128.092865400 297.802000000 0.014000000 0.014000000 0.018999999
1785472984.762000084 36.843311900 128.092861600 297.812000000 0.014000000 0.014000000 0.018999999
1785472985.270999908 36.843311400 128.092857800 297.841000000 0.014000000 0.014000000 0.020000000
1785472985.757999897 36.843311300 128.092854200 297.875000000 0.014000000 0.014000000 0.023000000
1785472986.306999922 36.843311300 128.092850400 297.907000000 0.014000000 0.014000000 0.026000001
1785472986.759000063 36.843311100 128.092846200 297.910000000 0.014000000 0.014000000 0.024000000
1785472987.273000002 36.843311100 128.092842100 297.901000000 0.014000000 0.014000000 0.024000000
1785472987.763000011 36.843311500 128.092838200 297.932000000 0.014000000 0.014000000 0.023000000
1785472988.270999908 36.843311900 128.092834300 297.950000000 0.014000000 0.014000000 0.025000000
1785472988.757999897 36.843312100 128.092830200 297.961000000 0.014000000 0.014000000 0.023000000
1785472989.266999960 36.843312500 128.092826300 297.971000000 0.014000000 0.014000000 0.024000000
1785472989.763999939 36.843312900 128.092822500 298.003000000 0.014000000 0.014000000 0.024000000
1785472990.259999990 36.843313700 128.092818800 297.986000000 0.014000000 0.014000000 0.027000001
1785472990.756000042 36.843314800 128.092815200 297.971000000 0.014000000 0.014000000 0.028000001
1785472991.301000118 36.843315800 128.092811700 298.028000000 0.014000000 0.014000000 0.027000001
1785472991.790999889 36.843316900 128.092808000 298.036000000 0.014000000 0.014000000 0.028000001
1785472992.305999994 36.843317900 128.092804300 298.033000000 0.014000000 0.014000000 0.022000000
1785472992.767999887 36.843318900 128.092800600 298.009000000 0.015000000 0.015000000 0.027000001
1785472993.269999981 36.843320300 128.092797300 297.986000000 0.014000000 0.014000000 0.025000000
1785472993.776000023 36.843321400 128.092793800 297.976000000 0.015000000 0.015000000 0.028000001
1785472994.273000002 36.843322600 128.092790300 298.014000000 0.016000001 0.016000001 0.030999999
1785472994.756999969 36.843323800 128.092786700 298.044000000 0.018999999 0.018999999 0.032000002
1785472995.299999952 36.843324900 128.092782800 298.034000000 0.022000000 0.022000000 0.033000000
1785472995.789000034 36.843326500 128.092779500 298.047000000 0.027000001 0.027000001 0.050999999
1785472996.269999981 36.843328200 128.092776000 298.011000000 0.018999999 0.018999999 0.039999999
1785472996.762000084 36.843329800 128.092772500 297.991000000 0.018999999 0.018999999 0.035000000
1785472997.275000095 36.843331300 128.092769200 297.986000000 0.017000001 0.017000001 0.027000001
1785472997.766000032 36.843332800 128.092766000 297.974000000 0.017000001 0.017000001 0.028000001
1785472998.266999960 36.843334600 128.092762700 297.920000000 0.015000000 0.015000000 0.028000001
1785472998.759000063 36.843336200 128.092759800 297.899000000 0.015000000 0.015000000 0.028000001
1785472999.279999971 36.843337900 128.092756600 297.926000000 0.017999999 0.017999999 0.035000000
1785472999.776000023 36.843339900 128.092753300 297.878000000 0.017999999 0.017999999 0.033000000
1785473000.269999981 36.843341800 128.092750400 297.925000000 0.017000001 0.017000001 0.029999999
1785473000.757999897 36.843343900 128.092747600 297.955000000 0.017999999 0.017999999 0.032000002
1785473001.266000032 36.843346200 128.092744600 297.905000000 0.017999999 0.017999999 0.035000000
1785473001.773000002 36.843348000 128.092741800 297.873000000 0.023000000 0.023000000 0.041000001
1785473002.279000044 36.843350100 128.092739300 297.920000000 0.026000001 0.026000001 0.044000000
1785473002.773999929 36.843352100 128.092736300 297.889000000 0.024000000 0.024000000 0.046000000
1785473003.276999950 36.843354500 128.092733700 297.937000000 0.022000000 0.022000000 0.048000000
1785473003.779999971 36.843356600 128.092731000 297.862000000 0.017999999 0.017999999 0.048000000
1785473004.279999971 36.843358800 128.092728400 297.905000000 0.016000001 0.016000001 0.037999999
1785473004.765000105 36.843361200 128.092725800 297.876000000 0.015000000 0.015000000 0.035999998
1785473005.263999939 36.843363300 128.092723400 297.890000000 0.015000000 0.015000000 0.032000002
1785473005.770999908 36.843365800 128.092720900 297.839000000 0.016000001 0.016000001 0.034000002
1785473006.282999992 36.843368100 128.092718600 297.863000000 0.014000000 0.014000000 0.028999999
1785473006.775000095 36.843370600 128.092716400 297.805000000 0.015000000 0.015000000 0.034000002
1785473007.282000065 36.843373000 128.092714100 297.860000000 0.016000001 0.016000001 0.037000000
1785473007.759000063 36.843375700 128.092711500 297.775000000 0.017999999 0.017999999 0.039000001
1785473008.290999889 36.843378000 128.092709500 297.771000000 0.017999999 0.017999999 0.039999999
1785473008.778000116 36.843380600 128.092707100 297.728000000 0.018999999 0.018999999 0.039999999
1785473009.263999939 36.843382900 128.092705200 297.719000000 0.017999999 0.017999999 0.045000002
1785473009.753999949 36.843385400 128.092702700 297.652000000 0.017999999 0.017999999 0.043000001
1785473010.265000105 36.843387600 128.092700800 297.818000000 0.017999999 0.017999999 0.041999999
1785473010.753999949 36.843389800 128.092698700 297.900000000 0.023000000 0.023000000 0.068000004
1785473011.283999920 36.843392400 128.092696800 297.816000000 0.026000001 0.026000001 0.072999999
1785473011.783999920 36.843395100 128.092695100 297.691000000 0.030999999 0.030999999 0.081000000
1785473012.282000065 36.843397700 128.092693100 297.752000000 0.028999999 0.028999999 0.059000000
1785473012.767999887 36.843400100 128.092691000 297.762000000 0.027000001 0.027000001 0.056000002
1785473013.280999899 36.843402500 128.092689100 297.787000000 0.030999999 0.030999999 0.064000003
1785473013.786000013 36.843404800 128.092686800 297.775000000 0.032000002 0.032000002 0.067000002
1785473014.283999920 36.843407400 128.092685200 297.870000000 0.028999999 0.028999999 0.059999999
1785473014.773999929 36.843410900 128.092683000 297.912000000 0.122000001 0.122000001 0.098999999
1785473015.269000053 36.843414100 128.092681200 297.969000000 0.133000001 0.133000001 0.107000001
1785473015.769000053 36.843415400 128.092679000 297.771000000 0.134000003 0.134000003 0.108000003
1785473016.267999887 36.843418100 128.092677100 297.810000000 0.041999999 0.041999999 0.052000001
1785473016.759999990 36.843421100 128.092675200 297.867000000 0.115000002 0.115000002 0.094999999
1785473017.263000011 36.843423300 128.092673100 297.808000000 0.112999998 0.112999998 0.089000002
1785473017.759999990 36.843426200 128.092671500 297.836000000 0.107000001 0.107000001 0.085000001
1785473018.286999941 36.843428300 128.092669600 297.850000000 0.029999999 0.029999999 0.044000000
1785473018.779000044 36.843430900 128.092667700 297.863000000 0.032000002 0.032000002 0.050999999
1785473019.286999941 36.843433700 128.092665800 297.817000000 0.034000002 0.034000002 0.045000002
1785473019.769999981 36.843435500 128.092664100 297.797000000 0.096000001 0.096000001 0.075000003
1785473020.266000032 36.843438100 128.092662200 297.827000000 0.064000003 0.064000003 0.043000001
1785473020.756000042 36.843441200 128.092660400 297.861000000 0.066000000 0.066000000 0.046999998
1785473021.269000053 36.843443900 128.092658400 297.903000000 0.035999998 0.035999998 0.041000001
1785473021.756000042 36.843446500 128.092656500 297.915000000 0.035999998 0.035999998 0.041999999
1785473022.267999887 36.843449200 128.092654600 297.872000000 0.027000001 0.027000001 0.041000001
1785473022.759999990 36.843452000 128.092652700 297.879000000 0.035999998 0.035999998 0.046000000
1785473023.263000011 36.843454400 128.092650400 297.851000000 0.033000000 0.033000000 0.046000000
1785473023.766000032 36.843457200 128.092648100 297.806000000 0.033000000 0.033000000 0.046000000
1785473024.266999960 36.843460000 128.092646100 297.896000000 0.035999998 0.035999998 0.044000000
1785473024.757999897 36.843462600 128.092644100 297.853000000 0.035999998 0.035999998 0.045000002
1785473025.269000053 36.843465000 128.092642200 297.862000000 0.032000002 0.032000002 0.043000001
1785473025.759999990 36.843467300 128.092640400 297.855000000 0.032000002 0.032000002 0.043000001
1785473026.267999887 36.843469600 128.092638300 297.849000000 0.035999998 0.035999998 0.044000000
1785473026.760999918 36.843472100 128.092636500 297.812000000 0.035999998 0.035999998 0.044000000
1785473027.269000053 36.843474400 128.092634600 297.755000000 0.032000002 0.032000002 0.046000000
1785473027.757999897 36.843476800 128.092632900 297.774000000 0.032000002 0.032000002 0.046999998
1785473028.260999918 36.843478800 128.092631400 297.870000000 0.029999999 0.029999999 0.039999999
1785473028.757999897 36.843481500 128.092629500 297.753000000 0.030999999 0.030999999 0.039999999
1785473029.269000053 36.843483500 128.092627900 297.782000000 0.039000001 0.039000001 0.044000000
1785473029.757999897 36.843486000 128.092626200 297.763000000 0.039000001 0.039000001 0.045000002
1785473030.267999887 36.843488600 128.092624400 297.725000000 0.037999999 0.037999999 0.041999999
1785473030.773999929 36.843491200 128.092622800 297.773000000 0.037000000 0.037000000 0.041000001
1785473031.265000105 36.843493600 128.092620900 297.701000000 0.028999999 0.028999999 0.039000001
1785473031.769000053 36.843496400 128.092619200 297.709000000 0.035000000 0.035000000 0.039999999
1785473032.266000032 36.843499200 128.092617400 297.664000000 0.035999998 0.035999998 0.048000000
1785473032.759000063 36.843501800 128.092615800 297.662000000 0.035999998 0.035999998 0.046999998
1785473033.275000095 36.843504800 128.092613600 297.646000000 0.029999999 0.029999999 0.046000000
1785473033.770999908 36.843507500 128.092611400 297.630000000 0.032000002 0.032000002 0.046999998
1785473034.269000053 36.843510000 128.092609400 297.759000000 0.025000000 0.025000000 0.044000000
1785473034.769999981 36.843513100 128.092607100 297.607000000 0.028000001 0.028000001 0.048999999
1785473035.267999887 36.843515400 128.092604500 297.582000000 0.027000001 0.027000001 0.052999999
1785473035.760999918 36.843518100 128.092602300 297.596000000 0.027000001 0.027000001 0.052999999
1785473036.266999960 36.843521100 128.092600300 297.625000000 0.029999999 0.029999999 0.050000001
1785473036.759000063 36.843524600 128.092597600 297.628000000 0.030999999 0.030999999 0.052999999
1785473037.262000084 36.843527300 128.092595700 297.721000000 0.026000001 0.026000001 0.056000002
1785473037.757999897 36.843530200 128.092593300 297.617000000 0.027000001 0.027000001 0.057999998
1785473038.266000032 36.843533200 128.092591300 297.673000000 0.028000001 0.028000001 0.048000000
1785473038.759999990 36.843536200 128.092589300 297.642000000 0.032000002 0.032000002 0.050999999
1785473039.267999887 36.843539000 128.092587100 297.605000000 0.037999999 0.037999999 0.046000000
1785473039.753999949 36.843542000 128.092584900 297.529000000 0.037999999 0.037999999 0.046000000
1785473040.263000011 36.843544900 128.092583100 297.582000000 0.029999999 0.029999999 0.046999998
1785473040.757999897 36.843547700 128.092581200 297.609000000 0.029999999 0.029999999 0.048999999
1785473041.263999939 36.843550400 128.092579200 297.524000000 0.037999999 0.037999999 0.054000001
1785473041.756000042 36.843553400 128.092577500 297.546000000 0.037999999 0.037999999 0.055000000
1785473042.266999960 36.843556100 128.092575900 297.545000000 0.035000000 0.035000000 0.056000002
1785473042.757999897 36.843558700 128.092573900 297.497000000 0.035999998 0.035999998 0.063000001
1785473043.269999981 36.843561400 128.092572500 297.513000000 0.029999999 0.029999999 0.052000001
1785473043.772000074 36.843563800 128.092571000 297.502000000 0.033000000 0.033000000 0.059000000
1785473044.266000032 36.843566400 128.092569300 297.478000000 0.030999999 0.030999999 0.050000001
1785473044.759000063 36.843569200 128.092567700 297.474000000 0.030999999 0.030999999 0.048999999
1785473045.266999960 36.843572200 128.092566000 297.467000000 0.029999999 0.029999999 0.048999999
1785473045.753000021 36.843574900 128.092564100 297.433000000 0.030999999 0.030999999 0.048999999
1785473046.266999960 36.843577600 128.092562500 297.389000000 0.029999999 0.029999999 0.046000000
1785473046.759000063 36.843580400 128.092560900 297.397000000 0.030999999 0.030999999 0.048999999
1785473047.266000032 36.843583500 128.092559600 297.449000000 0.035999998 0.035999998 0.044000000
1785473047.762000084 36.843586300 128.092557600 297.372000000 0.035999998 0.035999998 0.044000000
1785473048.269999981 36.843589000 128.092555900 297.369000000 0.035999998 0.035999998 0.044000000
1785473048.757999897 36.843591600 128.092553800 297.372000000 0.037000000 0.037000000 0.043000001
1785473049.267999887 36.843594600 128.092552000 297.388000000 0.035000000 0.035000000 0.046000000
1785473049.759000063 36.843597600 128.092550000 297.373000000 0.035000000 0.035000000 0.046000000
1785473050.269000053 36.843600800 128.092548200 297.339000000 0.029999999 0.029999999 0.044000000
1785473050.759999990 36.843603800 128.092546000 297.268000000 0.028999999 0.028999999 0.044000000
1785473051.269000053 36.843606800 128.092543700 297.278000000 0.035000000 0.035000000 0.045000002
1785473051.763000011 36.843609800 128.092541400 297.252000000 0.035999998 0.035999998 0.052999999
1785473052.269999981 36.843612600 128.092538900 297.179000000 0.035000000 0.035000000 0.046999998
1785473052.762000084 36.843616100 128.092536900 297.201000000 0.039000001 0.039000001 0.054000001
1785473053.263999939 36.843618900 128.092534700 297.181000000 0.032000002 0.032000002 0.046999998
1785473053.776000023 36.843622100 128.092532600 297.151000000 0.039999999 0.039999999 0.054000001
1785473054.266999960 36.843625300 128.092530400 297.055000000 0.033000000 0.033000000 0.054000001
1785473054.756000042 36.843628400 128.092528200 297.065000000 0.041999999 0.041999999 0.061999999
1785473055.267999887 36.843631500 128.092526100 297.080000000 0.037999999 0.037999999 0.048000000
1785473055.759000063 36.843635000 128.092523700 296.964000000 0.057999998 0.057999998 0.059000000
1785473056.276999950 36.843638000 128.092522000 296.958000000 0.037000000 0.037000000 0.044000000
1785473056.759999990 36.843641100 128.092519900 297.029000000 0.041999999 0.041999999 0.052000001
1785473057.286000013 36.843644400 128.092517600 296.929000000 0.037999999 0.037999999 0.055000000
1785473057.757999897 36.843647700 128.092515600 296.798000000 0.057000000 0.057000000 0.094999999
1785473058.266000032 36.843650800 128.092513500 296.786000000 0.056000002 0.056000002 0.083999999
1785473058.753999949 36.843654100 128.092511600 296.816000000 0.057000000 0.057000000 0.086000003
1785473059.263999939 36.843656800 128.092509500 296.809000000 0.063000001 0.063000001 0.088000000
1785473059.773000002 36.843658900 128.092507000 297.045000000 0.082000002 0.082000002 0.136999995
1785473060.269000053 36.843662500 128.092505400 297.051000000 0.043000001 0.043000001 0.075000003
1785473060.759999990 36.843665700 128.092503000 296.971000000 0.046000000 0.046000000 0.075999998
1785473061.270999908 36.843668800 128.092500700 296.942000000 0.044000000 0.044000000 0.078000002
1785473061.757999897 36.843671400 128.092498800 296.802000000 0.054000001 0.054000001 0.082000002
1785473062.263000011 36.843673400 128.092497600 296.819000000 0.050000001 0.050000001 0.079999998
1785473062.760999918 36.843676100 128.092495700 296.792000000 0.050000001 0.050000001 0.079999998
1785473063.267999887 36.843678500 128.092493900 296.843000000 0.048999999 0.048999999 0.079999998
1785473063.766999960 36.843681700 128.092492000 296.735000000 0.050000001 0.050000001 0.081000000
1785473064.270999908 36.843684600 128.092489700 296.630000000 0.054000001 0.054000001 0.093999997
1785473064.759000063 36.843687500 128.092488500 296.682000000 0.054000001 0.054000001 0.094999999
1785473065.260999918 36.843690500 128.092485900 296.574000000 0.052000001 0.052000001 0.109999999
1785473065.760999918 36.843694000 128.092484700 296.581000000 0.052000001 0.052000001 0.112000003
1785473066.269000053 36.843697100 128.092483100 296.581000000 0.048000000 0.048000000 0.093999997
1785473066.750999928 36.843700300 128.092481600 296.555000000 0.048000000 0.048000000 0.093000002
1785473067.263999939 36.843703600 128.092479200 296.500000000 0.061999999 0.061999999 0.094999999
1785473067.756999969 36.843707000 128.092477000 296.436000000 0.063000001 0.063000001 0.094999999
1785473068.276000023 36.843710800 128.092475400 296.339000000 0.163000003 0.163000003 0.202000007
1785473068.753999949 36.843715200 128.092473700 296.229000000 0.263000011 0.263000011 0.412000000
1785473069.270999908 36.843718300 128.092470900 296.106000000 0.282999992 0.282999992 0.605000019
1785473069.765000105 36.843721600 128.092468200 296.066000000 0.361999989 0.361999989 0.788999975
1785473070.279999971 36.843724900 128.092465000 296.130000000 0.064000003 0.064000003 0.125000000
1785473070.753000021 36.843728600 128.092462600 296.069000000 0.077000000 0.077000000 0.118000001
1785473071.255000114 36.843732600 128.092460200 296.049000000 0.059000000 0.059000000 0.109999999
1785473071.755000114 36.843736500 128.092457800 295.963000000 0.075999998 0.075999998 0.114000000
1785473072.266000032 36.843740400 128.092455500 295.822000000 0.046000000 0.046000000 0.082000002
1785473072.757999897 36.843744500 128.092452900 295.788000000 0.046000000 0.046000000 0.081000000
1785473073.266999960 36.843749100 128.092450300 295.586000000 0.014000000 0.014000000 0.023000000
1785473073.766000032 36.843752900 128.092448000 295.506000000 0.014000000 0.014000000 0.023000000
1785473074.263999939 36.843756600 128.092445400 295.422000000 0.014000000 0.014000000 0.023000000
1785473074.753999949 36.843760200 128.092443500 295.444000000 0.014000000 0.014000000 0.023000000
1785473075.266000032 36.843763800 128.092441400 295.428000000 0.018999999 0.018999999 0.025000000
1785473075.760999918 36.843766600 128.092439700 295.409000000 0.017999999 0.017999999 0.025000000
1785473076.269000053 36.843769800 128.092438000 295.440000000 0.014000000 0.014000000 0.021000000
1785473076.772000074 36.843772900 128.092436300 295.347000000 0.014000000 0.014000000 0.022000000
1785473077.269000053 36.843775600 128.092434700 295.340000000 0.014000000 0.014000000 0.024000000
1785473077.766000032 36.843778400 128.092433200 295.268000000 0.014000000 0.014000000 0.023000000
1785473078.270999908 36.843781300 128.092431400 295.292000000 0.014000000 0.014000000 0.020000000
1785473078.760999918 36.843784300 128.092429900 295.203000000 0.014000000 0.014000000 0.023000000
1785473079.267999887 36.843787000 128.092428100 295.122000000 0.023000000 0.023000000 0.046000000
1785473079.765000105 36.843790000 128.092427000 295.186000000 0.025000000 0.025000000 0.050999999
1785473080.259999990 36.843792900 128.092425000 295.026000000 0.027000001 0.027000001 0.054000001
1785473080.762000084 36.843795600 128.092423500 295.023000000 0.027000001 0.027000001 0.054000001
1785473081.270999908 36.843798600 128.092422000 294.945000000 0.017999999 0.017999999 0.033000000
1785473081.765000105 36.843801500 128.092420400 294.911000000 0.017000001 0.017000001 0.032000002
1785473082.272000074 36.843803900 128.092419400 294.907000000 0.016000001 0.016000001 0.029999999
1785473082.763000011 36.843806700 128.092418100 294.879000000 0.016000001 0.016000001 0.028999999
1785473083.267999887 36.843809600 128.092417100 294.924000000 0.017000001 0.017000001 0.029999999
1785473083.755000114 36.843812200 128.092415700 294.873000000 0.020000000 0.020000000 0.039000001
1785473084.267999887 36.843814800 128.092414700 294.871000000 0.017000001 0.017000001 0.032000002
1785473084.757999897 36.843817200 128.092413500 294.769000000 0.022000000 0.022000000 0.039000001
1785473085.265000105 36.843820100 128.092412600 294.877000000 0.018999999 0.018999999 0.033000000
1785473085.753999949 36.843823000 128.092411500 294.830000000 0.021000000 0.021000000 0.037999999
1785473086.265000105 36.843825800 128.092410000 294.808000000 0.017000001 0.017000001 0.028999999
1785473086.759999990 36.843828300 128.092407500 294.722000000 0.017999999 0.017999999 0.029999999
1785473087.267999887 36.843830500 128.092404400 294.681000000 0.017000001 0.017000001 0.028999999
1785473087.759999990 36.843832700 128.092400800 294.593000000 0.016000001 0.016000001 0.028000001
1785473088.263999939 36.843835100 128.092398000 294.596000000 0.018999999 0.018999999 0.035999998
1785473088.759999990 36.843837600 128.092394800 294.492000000 0.021000000 0.021000000 0.037999999
1785473089.259999990 36.843839900 128.092391700 294.472000000 0.020000000 0.020000000 0.035999998
1785473089.759000063 36.843842200 128.092389200 294.502000000 0.020000000 0.020000000 0.037000000
1785473090.263000011 36.843845000 128.092385900 294.410000000 0.017000001 0.017000001 0.032000002
1785473090.750999928 36.843848000 128.092383800 294.477000000 0.020000000 0.020000000 0.037000000
1785473091.260999918 36.843850900 128.092381400 294.364000000 0.024000000 0.024000000 0.045000002
1785473091.762000084 36.843853600 128.092378600 294.333000000 0.028000001 0.028000001 0.048000000
1785473092.259999990 36.843856800 128.092376500 294.373000000 0.026000001 0.026000001 0.045000002
1785473092.753999949 36.843858900 128.092374400 294.356000000 0.028999999 0.028999999 0.045000002
1785473093.263000011 36.843862000 128.092372400 294.202000000 0.027000001 0.027000001 0.050000001
1785473093.747999907 36.843865200 128.092369500 294.101000000 0.028000001 0.028000001 0.052000001
1785473094.263000011 36.843868200 128.092367800 294.118000000 0.034000002 0.034000002 0.098999999
1785473094.759000063 36.843871400 128.092365400 294.028000000 0.035000000 0.035000000 0.097999997
1785473095.259999990 36.843874400 128.092363200 293.987000000 0.022000000 0.022000000 0.059000000
1785473095.763999939 36.843877500 128.092361300 293.954000000 0.026000001 0.026000001 0.072999999
1785473096.263000011 36.843881100 128.092359000 293.998000000 0.016000001 0.016000001 0.034000002
1785473096.776999950 36.843884400 128.092356400 293.877000000 0.017000001 0.017000001 0.032000002
1785473097.283999920 36.843887600 128.092354800 293.915000000 0.014000000 0.014000000 0.026000001
1785473097.778000116 36.843890900 128.092352500 293.795000000 0.014000000 0.014000000 0.027000001
1785473098.282999992 36.843893900 128.092350700 293.850000000 0.017000001 0.017000001 0.028000001
1785473098.769999981 36.843897300 128.092348600 293.786000000 0.017000001 0.017000001 0.030999999
1785473099.263000011 36.843900800 128.092346300 293.683000000 0.028999999 0.028999999 0.043000001
1785473099.762000084 36.843904800 128.092344600 293.703000000 0.054000001 0.054000001 0.068999998
1785473100.279999971 36.843906700 128.092343000 293.595000000 0.027000001 0.027000001 0.039000001
1785473100.766999960 36.843910000 128.092341200 293.535000000 0.027000001 0.027000001 0.039000001
1785473101.276000023 36.843913900 128.092339400 293.595000000 0.014000000 0.014000000 0.023000000
1785473101.767999887 36.843917100 128.092337400 293.558000000 0.015000000 0.015000000 0.022000000
1785473102.279000044 36.843920200 128.092335900 293.463000000 0.017000001 0.017000001 0.021000000
1785473102.769000053 36.843923900 128.092334300 293.528000000 0.021000000 0.021000000 0.022000000
1785473103.285000086 36.843927300 128.092332500 293.479000000 0.016000001 0.016000001 0.021000000
1785473103.753999949 36.843930700 128.092330900 293.468000000 0.021000000 0.021000000 0.023000000
1785473104.259000063 36.843934400 128.092329600 293.453000000 0.022000000 0.022000000 0.024000000
1785473104.750999928 36.843937600 128.092328500 293.457000000 0.024000000 0.024000000 0.035999998
1785473105.263000011 36.843941000 128.092327000 293.348000000 0.024000000 0.024000000 0.037999999
1785473105.765000105 36.843944600 128.092326500 293.313000000 0.024000000 0.024000000 0.041999999
1785473106.259000063 36.843948200 128.092326100 293.401000000 0.017999999 0.017999999 0.034000002
1785473106.750999928 36.843951800 128.092326800 293.422000000 0.027000001 0.027000001 0.033000000
1785473107.255000114 36.843955000 128.092328200 293.385000000 0.024000000 0.024000000 0.029999999
1785473107.755000114 36.843957800 128.092330000 293.413000000 0.026000001 0.026000001 0.028999999
1785473108.263999939 36.843960900 128.092331900 293.309000000 0.023000000 0.023000000 0.028000001
1785473108.755000114 36.843963200 128.092334800 293.321000000 0.023000000 0.023000000 0.028000001
1785473109.263999939 36.843965300 128.092337600 293.176000000 0.017999999 0.017999999 0.020000000
1785473109.755000114 36.843967500 128.092340900 293.268000000 0.017000001 0.017000001 0.020000000
1785473110.263000011 36.843969000 128.092344100 293.214000000 0.017000001 0.017000001 0.017999999
1785473110.755000114 36.843970500 128.092347800 293.214000000 0.017000001 0.017000001 0.017999999
1785473111.262000084 36.843971700 128.092351400 293.172000000 0.016000001 0.016000001 0.020000000
1785473111.759999990 36.843972400 128.092355300 293.205000000 0.016000001 0.016000001 0.020000000
1785473112.260999918 36.843973000 128.092359300 293.189000000 0.015000000 0.015000000 0.021000000
1785473112.750999928 36.843973900 128.092363200 293.192000000 0.015000000 0.015000000 0.022000000
1785473113.286999941 36.843974100 128.092366900 293.176000000 0.014000000 0.014000000 0.021000000
1785473113.776000023 36.843974500 128.092370300 293.188000000 0.014000000 0.014000000 0.021000000
1785473114.265000105 36.843974800 128.092373900 293.188000000 0.014000000 0.014000000 0.022000000
1785473114.755000114 36.843975200 128.092377600 293.187000000 0.014000000 0.014000000 0.021000000
1785473115.263000011 36.843975600 128.092380600 293.220000000 0.014000000 0.014000000 0.018999999
1785473115.757999897 36.843975900 128.092383600 293.182000000 0.014000000 0.014000000 0.023000000
1785473116.262000084 36.843976200 128.092387000 293.158000000 0.014000000 0.014000000 0.023000000
1785473116.756000042 36.843976500 128.092390400 293.176000000 0.014000000 0.014000000 0.025000000
1785473117.269999981 36.843976800 128.092393700 293.171000000 0.014000000 0.014000000 0.025000000
1785473117.759000063 36.843977100 128.092396900 293.145000000 0.014000000 0.014000000 0.029999999
1785473118.266000032 36.843977200 128.092400000 293.179000000 0.014000000 0.014000000 0.026000001
1785473118.762000084 36.843977400 128.092403300 293.202000000 0.014000000 0.014000000 0.025000000
1785473119.272000074 36.843977700 128.092406300 293.164000000 0.014000000 0.014000000 0.025000000
1785473119.763000011 36.843977900 128.092409500 293.146000000 0.014000000 0.014000000 0.025000000
1785473120.276999950 36.843978000 128.092412900 293.162000000 0.014000000 0.014000000 0.022000000
1785473120.760999918 36.843978100 128.092416300 293.159000000 0.014000000 0.014000000 0.018999999
1785473121.269000053 36.843978400 128.092419500 293.136000000 0.014000000 0.014000000 0.020000000
1785473121.762000084 36.843978500 128.092422800 293.206000000 0.014000000 0.014000000 0.018999999
1785473122.272000074 36.843978700 128.092426000 293.143000000 0.014000000 0.014000000 0.017000001
1785473122.760999918 36.843978900 128.092429400 293.141000000 0.014000000 0.014000000 0.016000001
1785473123.266000032 36.843979000 128.092432500 293.148000000 0.014000000 0.014000000 0.016000001
1785473123.757999897 36.843979100 128.092435800 293.140000000 0.014000000 0.014000000 0.017000001
1785473124.276000023 36.843979300 128.092439100 293.130000000 0.014000000 0.014000000 0.017000001
1785473124.766000032 36.843979300 128.092442300 293.116000000 0.014000000 0.014000000 0.017999999
1785473125.266999960 36.843979500 128.092445600 293.117000000 0.014000000 0.014000000 0.020000000
1785473125.766000032 36.843979400 128.092449200 293.132000000 0.014000000 0.014000000 0.018999999
1785473126.272000074 36.843979500 128.092452400 293.097000000 0.014000000 0.014000000 0.021000000
1785473126.765000105 36.843979500 128.092456100 293.109000000 0.014000000 0.014000000 0.022000000
1785473127.270999908 36.843979700 128.092459800 293.098000000 0.014000000 0.014000000 0.023000000
1785473127.770999908 36.843979900 128.092463500 293.103000000 0.014000000 0.014000000 0.025000000
1785473128.279000044 36.843980000 128.092467200 293.110000000 0.014000000 0.014000000 0.023000000
1785473128.763000011 36.843980200 128.092471500 293.123000000 0.014000000 0.014000000 0.021000000
1785473129.275000095 36.843980300 128.092475800 293.107000000 0.014000000 0.014000000 0.020000000
1785473129.776999950 36.843980500 128.092479000 293.094000000 0.014000000 0.014000000 0.020000000
1785473130.303999901 36.843980500 128.092482400 293.120000000 0.014000000 0.014000000 0.018999999
1785473130.772000074 36.843980600 128.092485600 293.131000000 0.014000000 0.014000000 0.017999999
1785473131.273000002 36.843980500 128.092488600 293.105000000 0.014000000 0.014000000 0.017000001
1785473131.766999960 36.843980700 128.092491700 293.099000000 0.014000000 0.014000000 0.020000000
1785473132.276000023 36.843980700 128.092495000 293.125000000 0.014000000 0.014000000 0.017999999
1785473132.769000053 36.843980700 128.092498000 293.120000000 0.014000000 0.014000000 0.017000001
1785473133.279000044 36.843980800 128.092501300 293.135000000 0.014000000 0.014000000 0.020000000
1785473133.773000002 36.843980800 128.092504500 293.144000000 0.014000000 0.014000000 0.021000000
1785473134.273000002 36.843980900 128.092508000 293.125000000 0.014000000 0.014000000 0.022000000
1785473134.772000074 36.843980800 128.092511800 293.150000000 0.014000000 0.014000000 0.025000000
1785473135.279000044 36.843980700 128.092515600 293.150000000 0.014000000 0.014000000 0.025000000
1785473135.776000023 36.843980700 128.092519600 293.154000000 0.014000000 0.014000000 0.023000000
1785473136.279999971 36.843980700 128.092523600 293.124000000 0.014000000 0.014000000 0.021000000
1785473136.770999908 36.843980500 128.092527500 293.123000000 0.014000000 0.014000000 0.022000000
1785473137.276999950 36.843980400 128.092531400 293.129000000 0.014000000 0.014000000 0.024000000
1785473137.776000023 36.843980300 128.092535300 293.115000000 0.014000000 0.014000000 0.024000000
1785473138.273999929 36.843980000 128.092539200 293.151000000 0.014000000 0.014000000 0.023000000
1785473138.765000105 36.843980000 128.092543000 293.168000000 0.014000000 0.014000000 0.021000000
1785473139.272000074 36.843979800 128.092547000 293.184000000 0.014000000 0.014000000 0.020000000
1785473139.779999971 36.843979700 128.092550500 293.167000000 0.014000000 0.014000000 0.022000000
1785473140.279000044 36.843979500 128.092553500 293.162000000 0.014000000 0.014000000 0.018999999
1785473140.769000053 36.843979400 128.092556700 293.170000000 0.014000000 0.014000000 0.017999999
1785473141.282999992 36.843979100 128.092560100 293.150000000 0.014000000 0.014000000 0.017999999
1785473141.786000013 36.843978900 128.092563500 293.172000000 0.014000000 0.014000000 0.021000000
1785473142.283999920 36.843978700 128.092567200 293.168000000 0.014000000 0.014000000 0.025000000
1785473142.773999929 36.843978500 128.092570800 293.178000000 0.014000000 0.014000000 0.024000000
1785473143.276000023 36.843978200 128.092574200 293.189000000 0.014000000 0.014000000 0.024000000
1785473143.773000002 36.843978000 128.092577300 293.190000000 0.014000000 0.014000000 0.026000001
1785473144.279999971 36.843977700 128.092580300 293.161000000 0.014000000 0.014000000 0.023000000
1785473144.779000044 36.843977500 128.092583900 293.161000000 0.014000000 0.014000000 0.024000000
1785473145.279000044 36.843977100 128.092587500 293.167000000 0.014000000 0.014000000 0.023000000
1785473145.766000032 36.843976900 128.092591300 293.157000000 0.014000000 0.014000000 0.025000000
1785473146.279000044 36.843976800 128.092595300 293.174000000 0.014000000 0.014000000 0.023000000
1785473146.767999887 36.843976700 128.092599400 293.157000000 0.014000000 0.014000000 0.023000000
1785473147.283999920 36.843976800 128.092603300 293.152000000 0.014000000 0.014000000 0.023000000
1785473147.776000023 36.843977000 128.092607200 293.148000000 0.014000000 0.014000000 0.025000000
1785473148.288000107 36.843977300 128.092611100 293.121000000 0.014000000 0.014000000 0.024000000
1785473148.773999929 36.843978000 128.092614900 293.117000000 0.014000000 0.014000000 0.021000000
1785473149.280999899 36.843978600 128.092618600 293.134000000 0.014000000 0.014000000 0.018999999
1785473149.770999908 36.843979000 128.092622400 293.093000000 0.014000000 0.014000000 0.021000000
1785473150.282000065 36.843979300 128.092626000 293.145000000 0.014000000 0.014000000 0.022000000
1785473150.770999908 36.843979700 128.092630000 293.126000000 0.014000000 0.014000000 0.018999999
1785473151.280999899 36.843980000 128.092632800 293.140000000 0.014000000 0.014000000 0.020000000
1785473151.776000023 36.843980100 128.092636700 293.116000000 0.014000000 0.014000000 0.021000000
1785473152.275000095 36.843980500 128.092640800 293.033000000 0.014000000 0.014000000 0.020000000
1785473152.770999908 36.843980700 128.092644300 293.010000000 0.015000000 0.015000000 0.021000000
1785473153.279999971 36.843980700 128.092647800 292.948000000 0.014000000 0.014000000 0.017000001
1785473153.782999992 36.843980700 128.092651200 292.907000000 0.015000000 0.015000000 0.017000001
1785473154.280999899 36.843980600 128.092654500 292.882000000 0.014000000 0.014000000 0.015000000
1785473154.767999887 36.843980500 128.092657500 292.850000000 0.014000000 0.014000000 0.016000001
1785473155.282999992 36.843980400 128.092660500 292.829000000 0.014000000 0.014000000 0.018999999
1785473155.779000044 36.843980000 128.092663600 292.749000000 0.015000000 0.015000000 0.023000000
1785473156.276999950 36.843979700 128.092666800 292.766000000 0.014000000 0.014000000 0.026000001
1785473156.762000084 36.843978400 128.092669400 292.847000000 0.014000000 0.014000000 0.025000000
1785473157.279999971 36.843976900 128.092672300 292.854000000 0.014000000 0.014000000 0.035000000
1785473157.767999887 36.843975200 128.092674600 292.951000000 0.016000001 0.016000001 0.043000001
1785473158.272000074 36.843973200 128.092677100 292.893000000 0.014000000 0.014000000 0.028000001
1785473158.766000032 36.843970500 128.092679100 292.930000000 0.017999999 0.017999999 0.037999999
1785473159.278000116 36.843968100 128.092680100 292.928000000 0.016000001 0.016000001 0.034000002
1785473159.783999920 36.843965200 128.092680700 292.896000000 0.017000001 0.017000001 0.034000002
1785473160.278000116 36.843962000 128.092681300 292.827000000 0.017999999 0.017999999 0.034000002
1785473160.776000023 36.843959000 128.092681900 292.852000000 0.021000000 0.021000000 0.034000002
1785473161.275000095 36.843956100 128.092682100 292.843000000 0.018999999 0.018999999 0.028000001
1785473161.773000002 36.843953100 128.092682600 292.890000000 0.020000000 0.020000000 0.028999999
1785473162.278000116 36.843950200 128.092682900 292.883000000 0.014000000 0.014000000 0.021000000
1785473162.769999981 36.843946900 128.092683000 292.936000000 0.014000000 0.014000000 0.021000000
1785473163.275000095 36.843944100 128.092682800 292.912000000 0.014000000 0.014000000 0.022000000
1785473163.778000116 36.843940900 128.092683100 292.902000000 0.015000000 0.015000000 0.023000000
1785473164.288000107 36.843937800 128.092682800 292.924000000 0.014000000 0.014000000 0.023000000
1785473164.769999981 36.843934700 128.092682500 292.947000000 0.022000000 0.022000000 0.039000001
1785473165.283999920 36.843931500 128.092682500 292.946000000 0.020000000 0.020000000 0.045000002
1785473165.775000095 36.843927900 128.092681800 293.001000000 0.030999999 0.030999999 0.061000001
1785473166.282999992 36.843924700 128.092681500 293.071000000 0.014000000 0.014000000 0.032000002
1785473166.773999929 36.843921100 128.092680900 293.056000000 0.017000001 0.017000001 0.041000001
1785473167.278000116 36.843917600 128.092680600 293.059000000 0.017000001 0.017000001 0.041000001
1785473167.788000107 36.843914000 128.092680400 293.046000000 0.017999999 0.017999999 0.041999999
1785473168.285000086 36.843909700 128.092680000 293.048000000 0.016000001 0.016000001 0.034000002
1785473168.783999920 36.843904800 128.092679600 293.126000000 0.016000001 0.016000001 0.034000002
1785473169.286000013 36.843900800 128.092679500 293.079000000 0.014000000 0.014000000 0.018999999
1785473169.783999920 36.843897500 128.092679800 293.031000000 0.024000000 0.024000000 0.046000000
1785473170.273000002 36.843894000 128.092679200 293.027000000 0.014000000 0.014000000 0.025000000
1785473170.770999908 36.843890800 128.092678900 293.031000000 0.014000000 0.014000000 0.024000000
1785473171.276000023 36.843887600 128.092678500 293.035000000 0.014000000 0.014000000 0.024000000
1785473171.782000065 36.843884300 128.092678300 293.098000000 0.014000000 0.014000000 0.028000001
1785473172.282999992 36.843880800 128.092677800 293.052000000 0.014000000 0.014000000 0.022000000
1785473172.773999929 36.843877700 128.092677700 293.081000000 0.014000000 0.014000000 0.028000001
1785473173.273999929 36.843875000 128.092677700 293.121000000 0.014000000 0.014000000 0.029999999
1785473173.763000011 36.843871400 128.092677800 293.084000000 0.014000000 0.014000000 0.027000001
1785473174.282000065 36.843868700 128.092677700 293.114000000 0.014000000 0.014000000 0.023000000
1785473174.766999960 36.843866000 128.092677500 293.155000000 0.014000000 0.014000000 0.025000000
1785473175.276000023 36.843863500 128.092677500 293.233000000 0.014000000 0.014000000 0.021000000
1785473175.778000116 36.843863500 128.092677600 293.228000000 0.014000000 0.014000000 0.021000000
1785473176.279999971 36.843863600 128.092677100 293.132000000 0.014000000 0.014000000 0.017999999
1785473176.766000032 36.843863500 128.092677200 293.125000000 0.014000000 0.014000000 0.025000000
1785473177.275000095 36.843863500 128.092677200 293.125000000 0.014000000 0.014000000 0.024000000
1785473177.767999887 36.843863500 128.092677200 293.127000000 0.014000000 0.014000000 0.024000000
1785473178.276999950 36.843863500 128.092677300 293.136000000 0.014000000 0.014000000 0.025000000
1785473178.773000002 36.843863500 128.092677200 293.128000000 0.014000000 0.014000000 0.026000001
1785473179.276000023 36.843863500 128.092677300 293.138000000 0.014000000 0.014000000 0.026000001
1785473179.769999981 36.843863500 128.092677400 293.139000000 0.014000000 0.014000000 0.027000001
1785473180.276000023 36.843863400 128.092677300 293.122000000 0.014000000 0.014000000 0.025000000
1785473180.767999887 36.843863500 128.092677400 293.139000000 0.014000000 0.014000000 0.025000000
1785473181.279000044 36.843863500 128.092677300 293.136000000 0.014000000 0.014000000 0.026000001
1785473181.780999899 36.843863500 128.092677300 293.134000000 0.014000000 0.014000000 0.026000001
1785473182.282000065 36.843863500 128.092677300 293.145000000 0.014000000 0.014000000 0.026000001
1785473182.765000105 36.843863500 128.092677300 293.146000000 0.014000000 0.014000000 0.027000001
1785473183.273999929 36.843863500 128.092677300 293.134000000 0.014000000 0.014000000 0.027000001
1785473183.765000105 36.843863500 128.092677200 293.126000000 0.014000000 0.014000000 0.026000001
1785473184.278000116 36.843863500 128.092677300 293.128000000 0.014000000 0.014000000 0.027000001
1785473184.766000032 36.843863500 128.092677300 293.133000000 0.014000000 0.014000000 0.025000000
1785473185.276000023 36.843863500 128.092677300 293.136000000 0.014000000 0.014000000 0.027000001
1785473185.770999908 36.843863500 128.092677300 293.128000000 0.014000000 0.014000000 0.026000001
1785473186.279000044 36.843863500 128.092677300 293.137000000 0.014000000 0.014000000 0.024000000
1785473186.770999908 36.843863500 128.092677300 293.133000000 0.014000000 0.014000000 0.024000000
1785473187.295000076 36.843863500 128.092677300 293.130000000 0.014000000 0.014000000 0.025000000
1785473187.769999981 36.843863500 128.092677300 293.129000000 0.014000000 0.014000000 0.025000000
1785473188.290999889 36.843863500 128.092677300 293.120000000 0.014000000 0.014000000 0.024000000
1785473188.780999899 36.843863500 128.092677300 293.125000000 0.014000000 0.014000000 0.023000000
1785473189.283999920 36.843863500 128.092677300 293.129000000 0.014000000 0.014000000 0.024000000
1785473189.783999920 36.843863500 128.092677200 293.114000000 0.014000000 0.014000000 0.026000001
1785473190.280999899 36.843863400 128.092677300 293.121000000 0.014000000 0.014000000 0.023000000
1785473190.773999929 36.843863500 128.092677200 293.125000000 0.014000000 0.014000000 0.027000001
1785473191.283999920 36.843863600 128.092677300 293.101000000 0.016000001 0.016000001 0.033000000
1785473191.773999929 36.843863300 128.092677100 293.126000000 0.015000000 0.015000000 0.029999999
1785473192.301000118 36.843861900 128.092677000 293.121000000 0.016000001 0.016000001 0.030999999
1785473192.766000032 36.843860100 128.092677000 293.156000000 0.017999999 0.017999999 0.035999998
1785473193.282000065 36.843858400 128.092676400 293.146000000 0.016000001 0.016000001 0.028999999
1785473193.773000002 36.843856200 128.092676200 293.204000000 0.022000000 0.022000000 0.041999999
1785473194.276999950 36.843853900 128.092675900 293.182000000 0.017999999 0.017999999 0.035000000
1785473194.766000032 36.843851300 128.092675600 293.222000000 0.016000001 0.016000001 0.030999999
1785473195.289000034 36.843848600 128.092675500 293.285000000 0.017000001 0.017000001 0.034000002
1785473195.792999983 36.843845700 128.092675000 293.326000000 0.017000001 0.017000001 0.033000000
1785473196.296999931 36.843842700 128.092674500 293.328000000 0.015000000 0.015000000 0.025000000
1785473196.773999929 36.843840100 128.092674000 293.366000000 0.015000000 0.015000000 0.028000001
1785473197.272000074 36.843838000 128.092673900 293.392000000 0.014000000 0.014000000 0.026000001
1785473197.782000065 36.843835900 128.092673400 293.461000000 0.014000000 0.014000000 0.025000000
1785473198.278000116 36.843833700 128.092673300 293.502000000 0.014000000 0.014000000 0.020000000
1785473198.770999908 36.843831500 128.092672900 293.503000000 0.014000000 0.014000000 0.018999999
1785473199.270999908 36.843828900 128.092672800 293.585000000 0.014000000 0.014000000 0.021000000
1785473199.780999899 36.843826600 128.092672700 293.647000000 0.014000000 0.014000000 0.024000000
1785473200.276000023 36.843824300 128.092672700 293.693000000 0.014000000 0.014000000 0.025000000
1785473200.769999981 36.843821800 128.092673000 293.738000000 0.014000000 0.014000000 0.023000000
1785473201.276000023 36.843819300 128.092673400 293.796000000 0.014000000 0.014000000 0.023000000
1785473201.796000004 36.843816400 128.092673500 293.848000000 0.014000000 0.014000000 0.024000000
1785473202.301000118 36.843813500 128.092673600 293.923000000 0.014000000 0.014000000 0.018999999
1785473202.783999920 36.843810700 128.092673600 293.993000000 0.014000000 0.014000000 0.021000000
1785473203.295000076 36.843808000 128.092673800 294.041000000 0.014000000 0.014000000 0.021000000
1785473203.811000109 36.843804900 128.092674000 294.143000000 0.014000000 0.014000000 0.020000000
1785473204.275000095 36.843802200 128.092673900 294.142000000 0.014000000 0.014000000 0.017999999
1785473204.782999992 36.843799200 128.092674200 294.219000000 0.014000000 0.014000000 0.020000000
1785473205.278000116 36.843796400 128.092674900 294.254000000 0.014000000 0.014000000 0.017000001
1785473205.769999981 36.843793200 128.092675800 294.328000000 0.014000000 0.014000000 0.017999999
1785473206.266999960 36.843790100 128.092676500 294.378000000 0.014000000 0.014000000 0.017999999
1785473206.769999981 36.843787200 128.092677100 294.400000000 0.014000000 0.014000000 0.017999999
1785473207.276999950 36.843784200 128.092677900 294.429000000 0.014000000 0.014000000 0.017999999
1785473207.805000067 36.843781400 128.092678700 294.456000000 0.014000000 0.014000000 0.018999999
1785473208.306999922 36.843778700 128.092679800 294.488000000 0.014000000 0.014000000 0.018999999
1785473208.772000074 36.843776100 128.092680600 294.504000000 0.014000000 0.014000000 0.020000000
1785473209.279000044 36.843773300 128.092681700 294.528000000 0.014000000 0.014000000 0.020000000
1785473209.775000095 36.843770300 128.092682700 294.541000000 0.014000000 0.014000000 0.022000000
1785473210.282000065 36.843767600 128.092683600 294.576000000 0.014000000 0.014000000 0.021000000
1785473210.767999887 36.843764900 128.092684700 294.615000000 0.014000000 0.014000000 0.022000000
1785473211.278000116 36.843762400 128.092685900 294.616000000 0.014000000 0.014000000 0.024000000
1785473211.776999950 36.843759800 128.092687000 294.657000000 0.014000000 0.014000000 0.024000000
1785473212.283999920 36.843758100 128.092687800 294.656000000 0.014000000 0.014000000 0.021000000
1785473212.773999929 36.843756300 128.092688800 294.669000000 0.014000000 0.014000000 0.021000000
1785473213.279999971 36.843754600 128.092689500 294.709000000 0.014000000 0.014000000 0.023000000
1785473213.773999929 36.843752500 128.092690400 294.745000000 0.014000000 0.014000000 0.024000000
1785473214.279999971 36.843750600 128.092691300 294.745000000 0.014000000 0.014000000 0.021000000
1785473214.772000074 36.843748600 128.092692200 294.759000000 0.014000000 0.014000000 0.021000000
1785473215.270999908 36.843746400 128.092693200 294.800000000 0.014000000 0.014000000 0.021000000
1785473215.779999971 36.843744700 128.092694000 294.812000000 0.014000000 0.014000000 0.021000000
1785473216.288000107 36.843742900 128.092695000 294.845000000 0.014000000 0.014000000 0.022000000
1785473216.786000013 36.843741500 128.092695600 294.847000000 0.014000000 0.014000000 0.022000000
1785473217.275000095 36.843739800 128.092696300 294.873000000 0.014000000 0.014000000 0.022000000
1785473217.772000074 36.843738800 128.092696700 294.841000000 0.014000000 0.014000000 0.022000000
1785473218.303999901 36.843736800 128.092697700 294.904000000 0.014000000 0.014000000 0.023000000
1785473218.769999981 36.843735000 128.092698300 294.872000000 0.014000000 0.014000000 0.023000000
1785473219.280999899 36.843732800 128.092699200 294.863000000 0.014000000 0.014000000 0.028999999
1785473219.770999908 36.843730300 128.092700400 294.921000000 0.014000000 0.014000000 0.034000002
1785473220.282999992 36.843727900 128.092701600 294.964000000 0.014000000 0.014000000 0.027000001
1785473220.776000023 36.843725600 128.092702700 294.997000000 0.014000000 0.014000000 0.039000001
1785473221.283999920 36.843723100 128.092703600 295.014000000 0.014000000 0.014000000 0.041000001
1785473221.773000002 36.843720800 128.092704800 294.999000000 0.014000000 0.014000000 0.037999999
1785473222.283999920 36.843718400 128.092705700 295.009000000 0.014000000 0.014000000 0.039999999
1785473222.772000074 36.843716000 128.092706700 294.952000000 0.014000000 0.014000000 0.039000001
1785473223.276999950 36.843713600 128.092707500 295.062000000 0.014000000 0.014000000 0.037000000
1785473223.775000095 36.843711000 128.092708500 295.071000000 0.016000001 0.016000001 0.043000001
1785473224.269999981 36.843708600 128.092709700 295.071000000 0.014000000 0.014000000 0.028000001
1785473224.766999960 36.843706200 128.092710200 295.023000000 0.014000000 0.014000000 0.027000001
1785473225.275000095 36.843703400 128.092711600 295.050000000 0.014000000 0.014000000 0.027000001
1785473225.776999950 36.843700800 128.092712900 295.126000000 0.014000000 0.014000000 0.028999999
1785473226.280999899 36.843698100 128.092714200 295.090000000 0.014000000 0.014000000 0.026000001
1785473226.763000011 36.843695400 128.092715100 295.075000000 0.014000000 0.014000000 0.032000002
1785473227.272000074 36.843692700 128.092716700 295.101000000 0.014000000 0.014000000 0.028000001
1785473227.778000116 36.843689900 128.092718000 295.157000000 0.014000000 0.014000000 0.029999999
1785473228.282999992 36.843687300 128.092719500 295.158000000 0.014000000 0.014000000 0.025000000
1785473228.760999918 36.843684700 128.092721000 295.167000000 0.014000000 0.014000000 0.027000001
1785473229.279999971 36.843682600 128.092722100 295.156000000 0.014000000 0.014000000 0.027000001
1785473229.773000002 36.843679900 128.092723500 295.175000000 0.014000000 0.014000000 0.025000000
1785473230.279000044 36.843677600 128.092724600 295.223000000 0.014000000 0.014000000 0.026000001
1785473230.763000011 36.843675500 128.092725700 295.196000000 0.014000000 0.014000000 0.027000001
1785473231.279000044 36.843672900 128.092727000 295.221000000 0.014000000 0.014000000 0.021000000
1785473231.778000116 36.843670300 128.092728200 295.240000000 0.014000000 0.014000000 0.024000000
1785473232.279999971 36.843667900 128.092729400 295.205000000 0.014000000 0.014000000 0.023000000
1785473232.769000053 36.843665300 128.092730700 295.243000000 0.014000000 0.014000000 0.021000000
1785473233.267999887 36.843662700 128.092732100 295.246000000 0.014000000 0.014000000 0.020000000
1785473233.760999918 36.843660200 128.092733500 295.249000000 0.014000000 0.014000000 0.021000000
1785473234.270999908 36.843657600 128.092734900 295.292000000 0.014000000 0.014000000 0.023000000
1785473234.769000053 36.843654900 128.092736300 295.291000000 0.014000000 0.014000000 0.024000000
1785473235.278000116 36.843652500 128.092737700 295.246000000 0.014000000 0.014000000 0.023000000
1785473235.769999981 36.843650100 128.092738600 295.144000000 0.014000000 0.014000000 0.035999998
1785473236.276000023 36.843647200 128.092740500 295.303000000 0.014000000 0.014000000 0.028000001
1785473236.766999960 36.843644300 128.092742000 295.279000000 0.014000000 0.014000000 0.028000001
1785473237.276999950 36.843641700 128.092743600 295.227000000 0.014000000 0.014000000 0.027000001
1785473237.766000032 36.843639100 128.092745100 295.261000000 0.014000000 0.014000000 0.028999999
1785473238.278000116 36.843636300 128.092746500 295.309000000 0.014000000 0.014000000 0.023000000
1785473238.769999981 36.843633800 128.092747800 295.304000000 0.014000000 0.014000000 0.022000000
1785473239.276999950 36.843631500 128.092749000 295.228000000 0.014000000 0.014000000 0.022000000
1785473239.776000023 36.843628800 128.092750400 295.314000000 0.014000000 0.014000000 0.023000000
1785473240.296999931 36.843626500 128.092751700 295.356000000 0.014000000 0.014000000 0.021000000
1785473240.779000044 36.843624200 128.092752800 295.327000000 0.014000000 0.014000000 0.022000000
1785473241.279999971 36.843621800 128.092754200 295.356000000 0.014000000 0.014000000 0.022000000
1785473241.776000023 36.843619100 128.092755600 295.396000000 0.014000000 0.014000000 0.024000000
1785473242.275000095 36.843616400 128.092757000 295.368000000 0.014000000 0.014000000 0.041000001
1785473242.769000053 36.843613600 128.092758400 295.384000000 0.014000000 0.014000000 0.037999999
1785473243.279999971 36.843610500 128.092760000 295.401000000 0.014000000 0.014000000 0.024000000
1785473243.772000074 36.843607400 128.092761900 295.459000000 0.014000000 0.014000000 0.025000000
1785473244.280999899 36.843604500 128.092763400 295.416000000 0.014000000 0.014000000 0.028000001
1785473244.767999887 36.843601700 128.092765000 295.382000000 0.014000000 0.014000000 0.023000000
1785473245.276999950 36.843598600 128.092766700 295.411000000 0.014000000 0.014000000 0.028000001
1785473245.773999929 36.843595800 128.092768400 295.489000000 0.014000000 0.014000000 0.025000000
1785473246.278000116 36.843593000 128.092769900 295.461000000 0.014000000 0.014000000 0.026000001
1785473246.760999918 36.843590100 128.092771200 295.451000000 0.014000000 0.014000000 0.028000001
1785473247.276999950 36.843587300 128.092773000 295.496000000 0.014000000 0.014000000 0.024000000
1785473247.775000095 36.843584700 128.092774200 295.506000000 0.014000000 0.014000000 0.037000000
1785473248.282000065 36.843582100 128.092775600 295.483000000 0.014000000 0.014000000 0.027000001
1785473248.773999929 36.843579100 128.092777200 295.506000000 0.014000000 0.014000000 0.028000001
1785473249.280999899 36.843576400 128.092778500 295.544000000 0.014000000 0.014000000 0.026000001
1785473249.772000074 36.843573800 128.092779800 295.506000000 0.014000000 0.014000000 0.028000001
1785473250.286000013 36.843571200 128.092781300 295.504000000 0.014000000 0.014000000 0.026000001
1785473250.779999971 36.843568700 128.092782500 295.528000000 0.014000000 0.014000000 0.028000001
1785473251.270999908 36.843566000 128.092783500 295.500000000 0.014000000 0.014000000 0.033000000
1785473251.769999981 36.843563500 128.092784900 295.516000000 0.014000000 0.014000000 0.035000000
1785473252.280999899 36.843560600 128.092786200 295.612000000 0.014000000 0.014000000 0.023000000
1785473252.769999981 36.843557900 128.092787500 295.643000000 0.014000000 0.014000000 0.026000001
1785473253.278000116 36.843555200 128.092788900 295.627000000 0.014000000 0.014000000 0.035000000
1785473253.782000065 36.843552200 128.092790000 295.649000000 0.016000001 0.016000001 0.046000000
1785473254.276999950 36.843549600 128.092792000 295.620000000 0.017999999 0.017999999 0.048999999
1785473254.766999960 36.843546700 128.092793900 295.648000000 0.017000001 0.017000001 0.048000000
1785473255.276000023 36.843544200 128.092795800 295.584000000 0.016000001 0.016000001 0.044000000
1785473255.773999929 36.843541700 128.092797400 295.502000000 0.016000001 0.016000001 0.048999999
1785473256.272000074 36.843539300 128.092799000 295.625000000 0.014000000 0.014000000 0.043000001
1785473256.766999960 36.843537200 128.092800400 295.553000000 0.014000000 0.014000000 0.039999999
1785473257.276000023 36.843535000 128.092801700 295.586000000 0.014000000 0.014000000 0.039000001
1785473257.785000086 36.843532900 128.092802900 295.583000000 0.014000000 0.014000000 0.037999999
1785473258.276999950 36.843530600 128.092804300 295.622000000 0.016000001 0.016000001 0.044000000
1785473258.767999887 36.843528400 128.092805700 295.644000000 0.015000000 0.015000000 0.041999999
1785473259.279999971 36.843526200 128.092807000 295.619000000 0.014000000 0.014000000 0.029999999
1785473259.785000086 36.843524100 128.092808400 295.599000000 0.014000000 0.014000000 0.030999999
1785473260.270999908 36.843522000 128.092809600 295.609000000 0.014000000 0.014000000 0.033000000
1785473260.782000065 36.843519300 128.092811100 295.654000000 0.014000000 0.014000000 0.035999998
1785473261.292000055 36.843516500 128.092812600 295.577000000 0.014000000 0.014000000 0.035999998
1785473261.789000034 36.843513500 128.092814400 295.638000000 0.014000000 0.014000000 0.033000000
1785473262.295000076 36.843510800 128.092815900 295.624000000 0.015000000 0.015000000 0.041000001
1785473262.770999908 36.843508100 128.092817400 295.639000000 0.014000000 0.014000000 0.035000000
1785473263.279000044 36.843505200 128.092819000 295.614000000 0.014000000 0.014000000 0.033000000
1785473263.773999929 36.843502400 128.092820800 295.717000000 0.014000000 0.014000000 0.035999998
1785473264.279000044 36.843500000 128.092822400 295.646000000 0.014000000 0.014000000 0.030999999
1785473264.760999918 36.843497200 128.092824800 295.686000000 0.015000000 0.015000000 0.037999999
1785473265.279999971 36.843494500 128.092826700 295.704000000 0.014000000 0.014000000 0.033000000
1785473265.783999920 36.843492200 128.092828400 295.703000000 0.016000001 0.016000001 0.037000000
1785473266.276999950 36.843489900 128.092830200 295.687000000 0.015000000 0.015000000 0.035000000
1785473266.762000084 36.843487700 128.092832200 295.695000000 0.014000000 0.014000000 0.032000002
1785473267.280999899 36.843485600 128.092834000 295.714000000 0.014000000 0.014000000 0.033000000
1785473267.766999960 36.843483400 128.092836100 295.734000000 0.014000000 0.014000000 0.033000000
1785473268.283999920 36.843481400 128.092837700 295.768000000 0.014000000 0.014000000 0.028000001
1785473268.779000044 36.843479500 128.092839200 295.714000000 0.015000000 0.015000000 0.028999999
1785473269.275000095 36.843477400 128.092841100 295.777000000 0.014000000 0.014000000 0.025000000
1785473269.769000053 36.843475300 128.092843000 295.749000000 0.016000001 0.016000001 0.041000001
1785473270.276999950 36.843473100 128.092844700 295.757000000 0.014000000 0.014000000 0.028999999
1785473270.772000074 36.843470900 128.092846900 295.863000000 0.014000000 0.014000000 0.039000001
1785473271.286999941 36.843468700 128.092848500 295.802000000 0.017000001 0.017000001 0.044000000
1785473271.773999929 36.843466500 128.092850400 295.894000000 0.020000000 0.020000000 0.048999999
1785473272.279000044 36.843464600 128.092852500 295.886000000 0.015000000 0.015000000 0.032000002
1785473272.770999908 36.843462700 128.092854400 295.882000000 0.014000000 0.014000000 0.029999999
1785473273.273000002 36.843460400 128.092856500 295.883000000 0.014000000 0.014000000 0.016000001
1785473273.767999887 36.843458500 128.092858700 295.923000000 0.014000000 0.014000000 0.018999999
1785473274.289999962 36.843456600 128.092861100 295.954000000 0.014000000 0.014000000 0.017999999
1785473274.773999929 36.843454700 128.092863300 295.942000000 0.014000000 0.014000000 0.022000000
1785473275.279999971 36.843453100 128.092865300 295.923000000 0.014000000 0.014000000 0.025000000
1785473275.776999950 36.843451600 128.092867000 295.946000000 0.014000000 0.014000000 0.023000000
1785473276.280999899 36.843450000 128.092868700 295.971000000 0.014000000 0.014000000 0.020000000
1785473276.766999960 36.843448900 128.092869700 295.983000000 0.014000000 0.014000000 0.022000000
1785473277.276000023 36.843448700 128.092870000 295.959000000 0.014000000 0.014000000 0.020000000
1785473277.770999908 36.843448700 128.092870000 295.944000000 0.014000000 0.014000000 0.016000001
1785473278.272000074 36.843448600 128.092870000 295.948000000 0.014000000 0.014000000 0.017999999
1785473278.762000084 36.843448600 128.092870000 295.950000000 0.014000000 0.014000000 0.020000000
1785473279.280999899 36.843448500 128.092870100 295.959000000 0.014000000 0.014000000 0.020000000
1785473279.770999908 36.843448200 128.092870400 295.936000000 0.014000000 0.014000000 0.016000001
1785473280.282999992 36.843447200 128.092871200 295.952000000 0.014000000 0.014000000 0.017000001
1785473280.780999899 36.843446000 128.092872600 295.983000000 0.014000000 0.014000000 0.017999999
1785473281.279999971 36.843444700 128.092874100 296.019000000 0.014000000 0.014000000 0.017000001
1785473281.780999899 36.843443200 128.092875900 295.976000000 0.014000000 0.014000000 0.017999999
1785473282.286000013 36.843441700 128.092877700 295.947000000 0.014000000 0.014000000 0.021000000
1785473282.769000053 36.843440100 128.092879500 295.972000000 0.014000000 0.014000000 0.023000000
1785473283.296000004 36.843438300 128.092881400 295.945000000 0.014000000 0.014000000 0.025000000
1785473283.766999960 36.843436800 128.092883000 295.964000000 0.014000000 0.014000000 0.026000001
1785473284.273999929 36.843435200 128.092884700 295.949000000 0.014000000 0.014000000 0.025000000
1785473284.776000023 36.843433600 128.092886500 295.926000000 0.014000000 0.014000000 0.024000000
1785473285.279000044 36.843431800 128.092888400 296.004000000 0.014000000 0.014000000 0.023000000
1785473285.780999899 36.843430200 128.092890300 295.970000000 0.014000000 0.014000000 0.022000000
1785473286.282000065 36.843428200 128.092892700 296.026000000 0.014000000 0.014000000 0.024000000
1785473286.775000095 36.843426300 128.092894700 295.990000000 0.014000000 0.014000000 0.024000000
1785473287.276999950 36.843424500 128.092896500 295.984000000 0.014000000 0.014000000 0.033000000
1785473287.772000074 36.843422500 128.092898800 296.034000000 0.014000000 0.014000000 0.027000001
1785473288.282000065 36.843420200 128.092900800 296.021000000 0.014000000 0.014000000 0.030999999
1785473288.798000097 36.843418400 128.092902600 296.042000000 0.014000000 0.014000000 0.028999999
1785473289.299999952 36.843416500 128.092904500 296.057000000 0.014000000 0.014000000 0.029999999
1785473289.788000107 36.843414600 128.092906300 296.114000000 0.014000000 0.014000000 0.032000002
1785473290.305000067 36.843412400 128.092908500 296.142000000 0.014000000 0.014000000 0.025000000
1785473290.782999992 36.843410400 128.092910800 296.211000000 0.014000000 0.014000000 0.023000000
1785473291.275000095 36.843408500 128.092913100 296.235000000 0.014000000 0.014000000 0.022000000
1785473291.765000105 36.843406500 128.092915400 296.311000000 0.014000000 0.014000000 0.025000000
1785473292.279000044 36.843404500 128.092917700 296.422000000 0.014000000 0.014000000 0.018999999
1785473292.766000032 36.843402500 128.092919800 296.463000000 0.014000000 0.014000000 0.018999999
1785473293.286000013 36.843400300 128.092922000 296.527000000 0.014000000 0.014000000 0.017999999
1785473293.776999950 36.843398300 128.092924400 296.620000000 0.014000000 0.014000000 0.017999999
1785473294.286999941 36.843396300 128.092926200 296.696000000 0.014000000 0.014000000 0.028000001
1785473294.773000002 36.843395100 128.092927600 296.703000000 0.014000000 0.014000000 0.025000000
1785473295.278000116 36.843393700 128.092929300 296.778000000 0.014000000 0.014000000 0.014000000
1785473295.769000053 36.843392000 128.092931500 296.858000000 0.014000000 0.014000000 0.014000000
1785473296.273000002 36.843390400 128.092933700 296.923000000 0.014000000 0.014000000 0.017999999
1785473296.766000032 36.843388900 128.092936200 296.913000000 0.014000000 0.014000000 0.022000000
1785473297.282999992 36.843387800 128.092938300 296.978000000 0.014000000 0.014000000 0.017000001
1785473297.782000065 36.843386500 128.092940700 297.048000000 0.014000000 0.014000000 0.016000001
1785473298.302999973 36.843385600 128.092942000 297.073000000 0.014000000 0.014000000 0.015000000
1785473298.776000023 36.843384400 128.092943800 297.075000000 0.014000000 0.014000000 0.016000001
1785473299.292000055 36.843383200 128.092946400 297.161000000 0.014000000 0.014000000 0.016000001
1785473299.788000107 36.843383000 128.092946500 297.169000000 0.014000000 0.014000000 0.017000001
1785473300.283999920 36.843381600 128.092949200 297.178000000 0.016000001 0.016000001 0.034000002
1785473300.770999908 36.843380700 128.092953200 297.200000000 0.015000000 0.015000000 0.032000002
1785473301.299000025 36.843379900 128.092956300 297.238000000 0.014000000 0.014000000 0.029999999
1785473301.796999931 36.843379000 128.092959400 297.205000000 0.014000000 0.014000000 0.033000000
1785473302.273999929 36.843378100 128.092962700 297.282000000 0.014000000 0.014000000 0.028999999
1785473302.773999929 36.843377000 128.092965700 297.292000000 0.014000000 0.014000000 0.027000001
1785473303.282000065 36.843376200 128.092968400 297.275000000 0.014000000 0.014000000 0.021000000
1785473303.773999929 36.843375400 128.092971300 297.303000000 0.014000000 0.014000000 0.021000000
1785473304.282999992 36.843374400 128.092973900 297.303000000 0.014000000 0.014000000 0.020000000
1785473304.769000053 36.843373600 128.092976400 297.299000000 0.014000000 0.014000000 0.020000000
1785473305.270999908 36.843372400 128.092979500 297.305000000 0.014000000 0.014000000 0.021000000
1785473305.776999950 36.843371400 128.092982800 297.289000000 0.014000000 0.014000000 0.021000000
1785473306.282000065 36.843370600 128.092986100 297.285000000 0.014000000 0.014000000 0.018999999
1785473306.772000074 36.843370200 128.092989900 297.294000000 0.014000000 0.014000000 0.018999999
1785473307.279999971 36.843369800 128.092993700 297.300000000 0.014000000 0.014000000 0.023000000
1785473307.769999981 36.843369500 128.092997300 297.295000000 0.014000000 0.014000000 0.026000001
1785473308.273000002 36.843369200 128.093001000 297.297000000 0.014000000 0.014000000 0.020000000
1785473308.769999981 36.843369100 128.093005000 297.275000000 0.014000000 0.014000000 0.020000000
1785473309.280999899 36.843369600 128.093008700 297.247000000 0.014000000 0.014000000 0.015000000
1785473309.780999899 36.843370300 128.093012200 297.262000000 0.014000000 0.014000000 0.015000000
1785473310.286000013 36.843371400 128.093015900 297.247000000 0.014000000 0.014000000 0.017000001
1785473310.778000116 36.843372600 128.093019000 297.230000000 0.014000000 0.014000000 0.015000000
1785473311.283999920 36.843374300 128.093022000 297.262000000 0.014000000 0.014000000 0.015000000
1785473311.773000002 36.843375600 128.093025100 297.265000000 0.014000000 0.014000000 0.016000001
1785473312.292000055 36.843377200 128.093028500 297.260000000 0.014000000 0.014000000 0.017999999
1785473312.782999992 36.843378700 128.093031900 297.273000000 0.014000000 0.014000000 0.017999999
1785473313.282999992 36.843380400 128.093035800 297.253000000 0.014000000 0.014000000 0.018999999
1785473313.790999889 36.843382000 128.093039400 297.273000000 0.015000000 0.015000000 0.021000000
1785473314.283999920 36.843383500 128.093042900 297.233000000 0.015000000 0.015000000 0.021000000
1785473314.779000044 36.843385000 128.093046200 297.259000000 0.014000000 0.014000000 0.017999999
1785473315.280999899 36.843386400 128.093049700 297.253000000 0.014000000 0.014000000 0.018999999
1785473315.778000116 36.843388000 128.093053300 297.264000000 0.014000000 0.014000000 0.020000000
1785473316.288000107 36.843389500 128.093056900 297.238000000 0.014000000 0.014000000 0.020000000
1785473316.789000034 36.843390900 128.093060500 297.249000000 0.014000000 0.014000000 0.021000000
1785473317.288000107 36.843392400 128.093064100 297.264000000 0.014000000 0.014000000 0.017000001
1785473317.776000023 36.843394000 128.093067600 297.255000000 0.014000000 0.014000000 0.017999999
1785473318.289999962 36.843395600 128.093071200 297.278000000 0.015000000 0.015000000 0.018999999
1785473318.769000053 36.843397400 128.093074700 297.273000000 0.014000000 0.014000000 0.016000001
1785473319.282000065 36.843399200 128.093078100 297.262000000 0.014000000 0.014000000 0.016000001
1785473319.790999889 36.843400900 128.093081500 297.265000000 0.014000000 0.014000000 0.018999999
1785473320.283999920 36.843402600 128.093085000 297.264000000 0.014000000 0.014000000 0.018999999
1785473320.782000065 36.843404100 128.093088200 297.265000000 0.014000000 0.014000000 0.017999999
1785473321.293999910 36.843405500 128.093091200 297.287000000 0.014000000 0.014000000 0.017999999
1785473321.799000025 36.843407100 128.093094600 297.278000000 0.014000000 0.014000000 0.017999999
1785473322.292000055 36.843408700 128.093097800 297.290000000 0.014000000 0.014000000 0.017999999
1785473322.782000065 36.843410300 128.093101500 297.267000000 0.014000000 0.014000000 0.017000001
1785473323.282000065 36.843412100 128.093105300 297.252000000 0.014000000 0.014000000 0.016000001
1785473323.780999899 36.843413900 128.093109200 297.273000000 0.014000000 0.014000000 0.015000000
1785473324.296000004 36.843415600 128.093113200 297.278000000 0.014000000 0.014000000 0.015000000
1785473324.780999899 36.843417400 128.093117100 297.257000000 0.014000000 0.014000000 0.016000001
1785473325.289999962 36.843419000 128.093120900 297.262000000 0.014000000 0.014000000 0.017000001
1785473325.785000086 36.843420600 128.093124600 297.253000000 0.014000000 0.014000000 0.017999999
1785473326.293999910 36.843422200 128.093128200 297.256000000 0.014000000 0.014000000 0.017000001
1785473326.783999920 36.843423900 128.093132300 297.262000000 0.014000000 0.014000000 0.015000000
1785473327.286999941 36.843425400 128.093136100 297.253000000 0.014000000 0.014000000 0.016000001
1785473327.776999950 36.843427000 128.093140100 297.243000000 0.014000000 0.014000000 0.017000001
1785473328.292000055 36.843428600 128.093143900 297.261000000 0.014000000 0.014000000 0.016000001
1785473328.779999971 36.843430000 128.093147700 297.264000000 0.014000000 0.014000000 0.016000001
1785473329.285000086 36.843431600 128.093151400 297.260000000 0.014000000 0.014000000 0.014000000
1785473329.778000116 36.843433100 128.093155100 297.251000000 0.015000000 0.015000000 0.015000000
1785473330.289999962 36.843434700 128.093158800 297.261000000 0.015000000 0.015000000 0.014000000
1785473330.786999941 36.843436100 128.093162600 297.264000000 0.014000000 0.014000000 0.013000000
1785473331.289000034 36.843437400 128.093166000 297.252000000 0.014000000 0.014000000 0.015000000
1785473331.799000025 36.843439000 128.093169800 297.277000000 0.014000000 0.014000000 0.015000000
1785473332.292000055 36.843440500 128.093173500 297.256000000 0.014000000 0.014000000 0.015000000
1785473332.773000002 36.843442500 128.093177200 297.251000000 0.014000000 0.014000000 0.013000000
1785473333.292999983 36.843444400 128.093181000 297.260000000 0.014000000 0.014000000 0.013000000
1785473333.788000107 36.843446000 128.093184100 297.266000000 0.014000000 0.014000000 0.013000000
1785473334.302000046 36.843447400 128.093187300 297.262000000 0.014000000 0.014000000 0.012000000
1785473334.799999952 36.843448800 128.093190800 297.257000000 0.014000000 0.014000000 0.013000000
1785473335.295000076 36.843450300 128.093194400 297.280000000 0.014000000 0.014000000 0.014000000
1785473335.790999889 36.843451800 128.093197800 297.264000000 0.014000000 0.014000000 0.014000000
1785473336.301000118 36.843453300 128.093201400 297.271000000 0.014000000 0.014000000 0.014000000
1785473336.790999889 36.843455000 128.093205300 297.274000000 0.014000000 0.014000000 0.013000000
1785473337.292999983 36.843456500 128.093209100 297.275000000 0.014000000 0.014000000 0.013000000
1785473337.785000086 36.843458100 128.093212900 297.279000000 0.014000000 0.014000000 0.013000000
1785473338.296000004 36.843459700 128.093216600 297.267000000 0.014000000 0.014000000 0.014000000
1785473338.785000086 36.843461100 128.093220100 297.275000000 0.014000000 0.014000000 0.014000000
1785473339.296000004 36.843462600 128.093223700 297.272000000 0.014000000 0.014000000 0.015000000
1785473339.779999971 36.843464000 128.093227300 297.301000000 0.015000000 0.015000000 0.017000001
1785473340.312999964 36.843465500 128.093231000 297.296000000 0.014000000 0.014000000 0.017999999
1785473340.798000097 36.843467000 128.093234700 297.292000000 0.015000000 0.015000000 0.020000000
1785473341.289999962 36.843468500 128.093238400 297.281000000 0.014000000 0.014000000 0.017999999
1785473341.799000025 36.843469700 128.093242100 297.279000000 0.015000000 0.015000000 0.020000000
1785473342.292999983 36.843471100 128.093245800 297.287000000 0.014000000 0.014000000 0.018999999
1785473342.779000044 36.843472700 128.093249700 297.274000000 0.015000000 0.015000000 0.020000000
1785473343.285000086 36.843474100 128.093253600 297.284000000 0.014000000 0.014000000 0.018999999
1785473343.792999983 36.843475500 128.093257500 297.323000000 0.016000001 0.016000001 0.023000000
1785473344.283999920 36.843477000 128.093261400 297.276000000 0.017000001 0.017000001 0.021000000
1785473344.773000002 36.843478500 128.093265300 297.271000000 0.016000001 0.016000001 0.020000000
1785473345.283999920 36.843479800 128.093269000 297.291000000 0.015000000 0.015000000 0.023000000
1785473345.789999962 36.843481400 128.093272900 297.265000000 0.016000001 0.016000001 0.028000001
1785473346.286999941 36.843482600 128.093276900 297.273000000 0.017000001 0.017000001 0.029999999
1785473346.769999981 36.843484100 128.093281100 297.248000000 0.015000000 0.015000000 0.025000000
1785473347.282999992 36.843485900 128.093285100 297.208000000 0.014000000 0.014000000 0.022000000
1785473347.776000023 36.843487500 128.093289000 297.197000000 0.021000000 0.021000000 0.032000002
1785473348.283999920 36.843488900 128.093293100 297.195000000 0.021000000 0.021000000 0.033000000
1785473348.769999981 36.843490800 128.093297000 297.168000000 0.018999999 0.018999999 0.028999999
1785473349.276999950 36.843492500 128.093300900 297.107000000 0.017000001 0.017000001 0.023000000
1785473349.773000002 36.843494300 128.093304800 297.087000000 0.017000001 0.017000001 0.025000000
1785473350.276000023 36.843496300 128.093308600 296.998000000 0.015000000 0.015000000 0.017000001
1785473350.776000023 36.843498300 128.093312800 296.969000000 0.015000000 0.015000000 0.017000001
1785473351.283999920 36.843500100 128.093316800 296.928000000 0.016000001 0.016000001 0.016000001
1785473351.773000002 36.843501900 128.093320900 296.884000000 0.016000001 0.016000001 0.016000001
1785473352.283999920 36.843503600 128.093324600 296.892000000 0.016000001 0.016000001 0.018999999
1785473352.769000053 36.843505500 128.093328300 296.817000000 0.016000001 0.016000001 0.017999999
1785473353.288000107 36.843507100 128.093332000 296.786000000 0.016000001 0.016000001 0.023000000
1785473353.772000074 36.843508700 128.093336000 296.849000000 0.020000000 0.020000000 0.029999999
1785473354.306999922 36.843510300 128.093339700 296.794000000 0.014000000 0.014000000 0.017000001
1785473354.766999960 36.843512100 128.093343700 296.810000000 0.015000000 0.015000000 0.018999999
1785473355.279000044 36.843513400 128.093347500 296.767000000 0.014000000 0.014000000 0.018999999
1785473355.769999981 36.843515200 128.093351500 296.797000000 0.014000000 0.014000000 0.020000000
1785473356.286999941 36.843516600 128.093355600 296.694000000 0.014000000 0.014000000 0.021000000
1785473356.769999981 36.843517800 128.093359700 296.687000000 0.014000000 0.014000000 0.026000001
1785473357.276999950 36.843519100 128.093363900 296.798000000 0.014000000 0.014000000 0.021000000
1785473357.780999899 36.843520100 128.093368300 296.754000000 0.014000000 0.014000000 0.028999999
1785473358.279000044 36.843521200 128.093372400 296.697000000 0.014000000 0.014000000 0.028000001
1785473358.765000105 36.843522200 128.093376300 296.692000000 0.014000000 0.014000000 0.028000001
1785473359.267999887 36.843523100 128.093380600 296.748000000 0.014000000 0.014000000 0.039999999
1785473359.779999971 36.843524100 128.093384700 296.640000000 0.014000000 0.014000000 0.052999999
1785473360.273000002 36.843525100 128.093389000 296.576000000 0.014000000 0.014000000 0.039000001
1785473360.782000065 36.843526000 128.093393400 296.552000000 0.014000000 0.014000000 0.043000001
1785473361.292000055 36.843527100 128.093397400 296.572000000 0.014000000 0.014000000 0.033000000
1785473361.805000067 36.843527900 128.093401800 296.504000000 0.014000000 0.014000000 0.037999999
1785473362.302000046 36.843528900 128.093405800 296.535000000 0.014000000 0.014000000 0.030999999
1785473362.789999962 36.843529700 128.093410200 296.532000000 0.014000000 0.014000000 0.028999999
1785473363.276999950 36.843530600 128.093414200 296.524000000 0.014000000 0.014000000 0.023000000
1785473363.767999887 36.843531400 128.093418200 296.520000000 0.014000000 0.014000000 0.025000000
1785473364.279000044 36.843532300 128.093422500 296.500000000 0.014000000 0.014000000 0.022000000
1785473364.767999887 36.843533000 128.093426500 296.512000000 0.014000000 0.014000000 0.022000000
1785473365.273999929 36.843533800 128.093430600 296.455000000 0.014000000 0.014000000 0.021000000
1785473365.773000002 36.843534600 128.093434600 296.411000000 0.014000000 0.014000000 0.028000001
1785473366.276999950 36.843535300 128.093438900 296.436000000 0.014000000 0.014000000 0.022000000
1785473366.765000105 36.843536200 128.093443000 296.437000000 0.014000000 0.014000000 0.027000001
1785473367.275000095 36.843536700 128.093447300 296.466000000 0.014000000 0.014000000 0.021000000
1785473367.763999939 36.843537400 128.093451000 296.410000000 0.016000001 0.016000001 0.035999998
1785473368.270999908 36.843538000 128.093455100 296.424000000 0.014000000 0.014000000 0.027000001
1785473368.776000023 36.843538600 128.093458800 296.403000000 0.015000000 0.015000000 0.034000002
1785473369.272000074 36.843539100 128.093462400 296.445000000 0.014000000 0.014000000 0.032000002
1785473369.773999929 36.843539700 128.093465700 296.414000000 0.014000000 0.014000000 0.028000001
1785473370.273999929 36.843540200 128.093469500 296.409000000 0.014000000 0.014000000 0.026000001
1785473370.769000053 36.843540700 128.093473000 296.409000000 0.014000000 0.014000000 0.026000001
1785473371.273999929 36.843541100 128.093476500 296.397000000 0.014000000 0.014000000 0.025000000
1785473371.767999887 36.843541500 128.093480000 296.399000000 0.014000000 0.014000000 0.025000000
1785473372.289999962 36.843542000 128.093483400 296.372000000 0.014000000 0.014000000 0.024000000
1785473372.766000032 36.843542400 128.093487300 296.369000000 0.014000000 0.014000000 0.023000000
1785473373.273000002 36.843543000 128.093490900 296.359000000 0.014000000 0.014000000 0.020000000
1785473373.778000116 36.843543400 128.093494700 296.335000000 0.014000000 0.014000000 0.026000001
1785473374.276999950 36.843543800 128.093498600 296.371000000 0.014000000 0.014000000 0.024000000
1785473374.775000095 36.843544200 128.093502300 296.362000000 0.014000000 0.014000000 0.023000000
1785473375.288000107 36.843544600 128.093506200 296.346000000 0.014000000 0.014000000 0.023000000
1785473375.776999950 36.843545000 128.093509800 296.320000000 0.014000000 0.014000000 0.025000000
1785473376.292000055 36.843545300 128.093513700 296.339000000 0.014000000 0.014000000 0.023000000
1785473376.773000002 36.843545600 128.093517400 296.337000000 0.014000000 0.014000000 0.023000000
1785473377.279999971 36.843546000 128.093521200 296.355000000 0.014000000 0.014000000 0.024000000
1785473377.773999929 36.843546000 128.093524700 296.355000000 0.014000000 0.014000000 0.024000000
1785473378.280999899 36.843545900 128.093528500 296.351000000 0.014000000 0.014000000 0.023000000
1785473378.770999908 36.843545700 128.093532200 296.386000000 0.014000000 0.014000000 0.022000000
1785473379.273999929 36.843545600 128.093536000 296.357000000 0.014000000 0.014000000 0.022000000
1785473379.770999908 36.843545200 128.093539600 296.372000000 0.014000000 0.014000000 0.025000000
1785473380.279999971 36.843544700 128.093543300 296.378000000 0.014000000 0.014000000 0.028000001
1785473380.773999929 36.843544100 128.093546600 296.371000000 0.014000000 0.014000000 0.032000002
1785473381.280999899 36.843543400 128.093549700 296.353000000 0.014000000 0.014000000 0.027000001
1785473381.769999981 36.843542200 128.093553100 296.360000000 0.014000000 0.014000000 0.028000001
1785473382.286000013 36.843540900 128.093556200 296.381000000 0.014000000 0.014000000 0.024000000
1785473382.766999960 36.843539500 128.093559000 296.382000000 0.014000000 0.014000000 0.026000001
1785473383.285000086 36.843537900 128.093562000 296.363000000 0.014000000 0.014000000 0.028000001
1785473383.792000055 36.843536200 128.093564800 296.390000000 0.014000000 0.014000000 0.028000001
1785473384.289000034 36.843534400 128.093567900 296.370000000 0.014000000 0.014000000 0.029999999
1785473384.799000025 36.843532600 128.093570900 296.360000000 0.014000000 0.014000000 0.028999999
1785473385.289000034 36.843530600 128.093574100 296.351000000 0.014000000 0.014000000 0.026000001
1785473385.776000023 36.843528600 128.093577300 296.304000000 0.014000000 0.014000000 0.026000001
1785473386.278000116 36.843526600 128.093580800 296.282000000 0.014000000 0.014000000 0.032000002
1785473386.786999941 36.843524400 128.093584400 296.331000000 0.014000000 0.014000000 0.033000000
1785473387.283999920 36.843522000 128.093587700 296.433000000 0.014000000 0.014000000 0.025000000
1785473387.773999929 36.843520000 128.093590900 296.404000000 0.014000000 0.014000000 0.025000000
1785473388.286000013 36.843517900 128.093594100 296.413000000 0.014000000 0.014000000 0.024000000
1785473388.775000095 36.843515800 128.093597400 296.389000000 0.014000000 0.014000000 0.023000000
1785473389.280999899 36.843513700 128.093600500 296.379000000 0.014000000 0.014000000 0.026000001
1785473389.773000002 36.843511600 128.093604000 296.464000000 0.014000000 0.014000000 0.033000000
1785473390.278000116 36.843509500 128.093607200 296.461000000 0.014000000 0.014000000 0.029999999
1785473390.772000074 36.843507400 128.093610400 296.439000000 0.014000000 0.014000000 0.032000002
1785473391.285000086 36.843505200 128.093613600 296.429000000 0.014000000 0.014000000 0.032000002
1785473391.782000065 36.843503100 128.093616700 296.436000000 0.014000000 0.014000000 0.037000000
1785473392.282000065 36.843500900 128.093619800 296.503000000 0.014000000 0.014000000 0.029999999
1785473392.767999887 36.843498600 128.093622800 296.504000000 0.014000000 0.014000000 0.030999999
1785473393.282000065 36.843496400 128.093625800 296.459000000 0.014000000 0.014000000 0.029999999
1785473393.778000116 36.843494000 128.093628900 296.482000000 0.014000000 0.014000000 0.028999999
1785473394.285000086 36.843491700 128.093631800 296.450000000 0.014000000 0.014000000 0.023000000
1785473394.770999908 36.843489400 128.093634900 296.478000000 0.014000000 0.014000000 0.024000000
1785473395.273999929 36.843487100 128.093637700 296.467000000 0.014000000 0.014000000 0.022000000
1785473395.776999950 36.843484700 128.093640700 296.451000000 0.014000000 0.014000000 0.022000000
1785473396.290999889 36.843482200 128.093643900 296.481000000 0.014000000 0.014000000 0.021000000
1785473396.776000023 36.843479800 128.093646800 296.500000000 0.014000000 0.014000000 0.022000000
1785473397.285000086 36.843477400 128.093649800 296.501000000 0.014000000 0.014000000 0.017999999
1785473397.773999929 36.843474900 128.093652800 296.496000000 0.014000000 0.014000000 0.021000000
1785473398.292999983 36.843472400 128.093655800 296.523000000 0.014000000 0.014000000 0.020000000
1785473398.773999929 36.843470000 128.093658500 296.511000000 0.014000000 0.014000000 0.017000001
1785473399.279000044 36.843467800 128.093661200 296.501000000 0.014000000 0.014000000 0.017000001
1785473399.767999887 36.843465500 128.093664000 296.523000000 0.014000000 0.014000000 0.018999999
1785473400.279000044 36.843463100 128.093666800 296.534000000 0.014000000 0.014000000 0.022000000
1785473400.769000053 36.843460800 128.093669400 296.533000000 0.014000000 0.014000000 0.021000000
1785473401.279000044 36.843458500 128.093671800 296.532000000 0.014000000 0.014000000 0.017999999
1785473401.775000095 36.843456300 128.093674600 296.548000000 0.014000000 0.014000000 0.017000001
1785473402.285000086 36.843454000 128.093677100 296.550000000 0.014000000 0.014000000 0.016000001
1785473402.773000002 36.843451700 128.093679600 296.541000000 0.014000000 0.014000000 0.016000001
1785473403.286999941 36.843449300 128.093682100 296.580000000 0.014000000 0.014000000 0.014000000
1785473403.782999992 36.843447000 128.093684700 296.574000000 0.014000000 0.014000000 0.014000000
1785473404.285000086 36.843445100 128.093686800 296.569000000 0.014000000 0.014000000 0.014000000
1785473404.780999899 36.843443100 128.093688900 296.557000000 0.014000000 0.014000000 0.015000000
1785473405.293999910 36.843441000 128.093691100 296.572000000 0.014000000 0.014000000 0.015000000
1785473405.796000004 36.843439000 128.093693200 296.550000000 0.014000000 0.014000000 0.015000000
1785473406.296999931 36.843436500 128.093694800 296.546000000 0.014000000 0.014000000 0.016000001
1785473406.779000044 36.843433900 128.093695500 296.562000000 0.014000000 0.014000000 0.021000000
1785473407.279000044 36.843431200 128.093696000 296.559000000 0.014000000 0.014000000 0.017999999
1785473407.779000044 36.843428300 128.093696100 296.574000000 0.014000000 0.014000000 0.017999999
1785473408.286999941 36.843425700 128.093695300 296.583000000 0.014000000 0.014000000 0.017000001
1785473408.769999981 36.843423200 128.093693800 296.589000000 0.014000000 0.014000000 0.016000001
1785473409.282999992 36.843420600 128.093692000 296.570000000 0.014000000 0.014000000 0.014000000
1785473409.776000023 36.843418000 128.093690300 296.590000000 0.014000000 0.014000000 0.014000000
1785473410.282000065 36.843415300 128.093688600 296.594000000 0.014000000 0.014000000 0.014000000
1785473410.776000023 36.843412700 128.093686900 296.608000000 0.014000000 0.014000000 0.015000000
1785473411.292000055 36.843410000 128.093685100 296.624000000 0.014000000 0.014000000 0.014000000
1785473411.775000095 36.843407500 128.093683400 296.621000000 0.014000000 0.014000000 0.014000000
1785473412.296999931 36.843405100 128.093681800 296.624000000 0.014000000 0.014000000 0.012000000
1785473412.776999950 36.843402800 128.093680300 296.653000000 0.014000000 0.014000000 0.014000000
1785473413.286000013 36.843400400 128.093678700 296.643000000 0.014000000 0.014000000 0.012000000
1785473413.773999929 36.843398200 128.093676600 296.671000000 0.014000000 0.014000000 0.013000000
1785473414.296999931 36.843396400 128.093674100 296.675000000 0.014000000 0.014000000 0.011000000
1785473414.773000002 36.843395100 128.093671000 296.688000000 0.014000000 0.014000000 0.011000000
1785473415.280999899 36.843394500 128.093667500 296.701000000 0.014000000 0.014000000 0.011000000
1785473415.770999908 36.843394500 128.093664200 296.684000000 0.014000000 0.014000000 0.011000000
1785473416.280999899 36.843395000 128.093660600 296.696000000 0.014000000 0.014000000 0.012000000
1785473416.776999950 36.843396300 128.093657500 296.689000000 0.014000000 0.014000000 0.013000000
1785473417.283999920 36.843397900 128.093654800 296.662000000 0.014000000 0.014000000 0.013000000
1785473417.782999992 36.843399600 128.093651400 296.656000000 0.014000000 0.014000000 0.014000000
1785473418.295000076 36.843401200 128.093648000 296.635000000 0.014000000 0.014000000 0.014000000
1785473418.773999929 36.843402700 128.093644800 296.630000000 0.014000000 0.014000000 0.014000000
1785473419.286999941 36.843404300 128.093641400 296.572000000 0.014000000 0.014000000 0.013000000
1785473419.773000002 36.843405600 128.093637800 296.588000000 0.014000000 0.014000000 0.014000000
1785473420.286000013 36.843407000 128.093634200 296.579000000 0.014000000 0.014000000 0.013000000
1785473420.785000086 36.843408400 128.093630800 296.590000000 0.014000000 0.014000000 0.012000000
1785473421.285000086 36.843409600 128.093627300 296.578000000 0.014000000 0.014000000 0.012000000
1785473421.789999962 36.843410900 128.093623900 296.559000000 0.014000000 0.014000000 0.012000000
1785473422.286999941 36.843412200 128.093620400 296.560000000 0.014000000 0.014000000 0.011000000
1785473422.783999920 36.843413600 128.093616700 296.537000000 0.014000000 0.014000000 0.011000000
1785473423.298000097 36.843414900 128.093613100 296.531000000 0.014000000 0.014000000 0.011000000
1785473423.785000086 36.843416200 128.093609700 296.532000000 0.014000000 0.014000000 0.012000000
1785473424.303999901 36.843417400 128.093606600 296.520000000 0.014000000 0.014000000 0.013000000
1785473424.793999910 36.843418400 128.093603100 296.527000000 0.014000000 0.014000000 0.016000001
1785473425.299000025 36.843419500 128.093599600 296.543000000 0.014000000 0.014000000 0.014000000
1785473425.788000107 36.843420600 128.093596100 296.542000000 0.014000000 0.014000000 0.014000000
1785473426.289999962 36.843421700 128.093592800 296.544000000 0.014000000 0.014000000 0.013000000
1785473426.776999950 36.843422900 128.093589300 296.519000000 0.014000000 0.014000000 0.015000000
1785473427.292000055 36.843424100 128.093585800 296.529000000 0.014000000 0.014000000 0.014000000
1785473427.775000095 36.843425300 128.093582300 296.536000000 0.014000000 0.014000000 0.015000000
1785473428.273999929 36.843426500 128.093578800 296.522000000 0.014000000 0.014000000 0.015000000
1785473428.773000002 36.843427800 128.093575400 296.522000000 0.014000000 0.014000000 0.015000000
1785473429.290999889 36.843428900 128.093572100 296.521000000 0.014000000 0.014000000 0.015000000
1785473429.779000044 36.843430100 128.093568700 296.520000000 0.014000000 0.014000000 0.016000001
1785473430.282999992 36.843431300 128.093565300 296.505000000 0.014000000 0.014000000 0.015000000
1785473430.776000023 36.843432500 128.093562000 296.484000000 0.014000000 0.014000000 0.017999999
1785473431.279000044 36.843433700 128.093558400 296.501000000 0.014000000 0.014000000 0.017000001
1785473431.776000023 36.843434800 128.093554800 296.494000000 0.014000000 0.014000000 0.017000001
1785473432.290999889 36.843435900 128.093551200 296.500000000 0.014000000 0.014000000 0.017999999
1785473432.770999908 36.843436900 128.093547500 296.513000000 0.014000000 0.014000000 0.016000001
1785473433.289000034 36.843438000 128.093543900 296.499000000 0.014000000 0.014000000 0.017000001
1785473433.775000095 36.843439000 128.093540100 296.528000000 0.014000000 0.014000000 0.017000001
1785473434.282999992 36.843440000 128.093536500 296.476000000 0.014000000 0.014000000 0.022000000
1785473434.769999981 36.843440900 128.093532800 296.481000000 0.014000000 0.014000000 0.021000000
1785473435.282999992 36.843441900 128.093529200 296.477000000 0.014000000 0.014000000 0.023000000
1785473435.772000074 36.843442800 128.093525500 296.461000000 0.014000000 0.014000000 0.022000000
1785473436.280999899 36.843443600 128.093521800 296.480000000 0.014000000 0.014000000 0.020000000
1785473436.767999887 36.843444400 128.093518100 296.483000000 0.014000000 0.014000000 0.022000000
1785473437.278000116 36.843445300 128.093514300 296.451000000 0.014000000 0.014000000 0.021000000
1785473437.772000074 36.843445800 128.093510500 296.484000000 0.014000000 0.014000000 0.028999999
1785473438.276999950 36.843446400 128.093507200 296.474000000 0.014000000 0.014000000 0.028000001
1785473438.765000105 36.843446800 128.093504700 296.479000000 0.014000000 0.014000000 0.026000001
1785473439.275000095 36.843447200 128.093502200 296.486000000 0.014000000 0.014000000 0.027000001
1785473439.760999918 36.843447700 128.093500100 296.491000000 0.014000000 0.014000000 0.024000000
1785473440.269999981 36.843447800 128.093498500 296.510000000 0.014000000 0.014000000 0.023000000
1785473440.760999918 36.843448200 128.093496600 296.484000000 0.014000000 0.014000000 0.022000000
1785473441.273000002 36.843448700 128.093494200 296.494000000 0.014000000 0.014000000 0.021000000
1785473441.778000116 36.843449300 128.093491400 296.510000000 0.014000000 0.014000000 0.023000000
1785473442.275000095 36.843450000 128.093488100 296.477000000 0.014000000 0.014000000 0.024000000
1785473442.763999939 36.843450700 128.093484400 296.480000000 0.014000000 0.014000000 0.023000000
1785473443.272000074 36.843451500 128.093480700 296.481000000 0.014000000 0.014000000 0.022000000
1785473443.763999939 36.843452200 128.093477300 296.514000000 0.014000000 0.014000000 0.023000000
1785473444.299000025 36.843452900 128.093473600 296.524000000 0.014000000 0.014000000 0.023000000
1785473444.766000032 36.843453600 128.093469800 296.538000000 0.014000000 0.014000000 0.022000000
1785473445.275000095 36.843454300 128.093466200 296.521000000 0.014000000 0.014000000 0.021000000
1785473445.766000032 36.843454600 128.093462200 296.542000000 0.014000000 0.014000000 0.018999999
1785473446.276999950 36.843454800 128.093458500 296.552000000 0.014000000 0.014000000 0.018999999
1785473446.766999960 36.843455100 128.093454600 296.552000000 0.014000000 0.014000000 0.017999999
1785473447.278000116 36.843455300 128.093450900 296.574000000 0.014000000 0.014000000 0.020000000
1785473447.776000023 36.843455600 128.093447100 296.564000000 0.014000000 0.014000000 0.020000000
1785473448.292999983 36.843455600 128.093443300 296.595000000 0.014000000 0.014000000 0.020000000
1785473448.786000013 36.843455800 128.093439700 296.572000000 0.014000000 0.014000000 0.018999999
1785473449.265000105 36.843455700 128.093435800 296.605000000 0.014000000 0.014000000 0.017999999
1785473449.775000095 36.843455700 128.093432100 296.638000000 0.014000000 0.014000000 0.017000001
1785473450.270999908 36.843455800 128.093428100 296.629000000 0.014000000 0.014000000 0.017000001
1785473450.759000063 36.843455900 128.093424400 296.648000000 0.014000000 0.014000000 0.020000000
1785473451.269000053 36.843455800 128.093420800 296.675000000 0.014000000 0.014000000 0.020000000
1785473451.763000011 36.843456000 128.093417100 296.680000000 0.014000000 0.014000000 0.020000000
1785473452.263999939 36.843456000 128.093413200 296.689000000 0.014000000 0.014000000 0.020000000
1785473452.759000063 36.843456200 128.093409400 296.687000000 0.014000000 0.014000000 0.018999999
1785473453.267999887 36.843456200 128.093405700 296.744000000 0.014000000 0.014000000 0.021000000
1785473453.756999969 36.843456300 128.093401900 296.750000000 0.014000000 0.014000000 0.020000000
1785473454.269000053 36.843456400 128.093398200 296.746000000 0.014000000 0.014000000 0.017000001
1785473454.759999990 36.843456500 128.093394300 296.765000000 0.014000000 0.014000000 0.020000000
1785473455.272000074 36.843456700 128.093390400 296.780000000 0.014000000 0.014000000 0.021000000
1785473455.756000042 36.843456900 128.093386500 296.784000000 0.014000000 0.014000000 0.022000000
1785473456.272000074 36.843457100 128.093382800 296.784000000 0.014000000 0.014000000 0.018999999
1785473456.760999918 36.843457300 128.093378900 296.810000000 0.014000000 0.014000000 0.020000000
1785473457.272000074 36.843457500 128.093375000 296.820000000 0.014000000 0.014000000 0.018999999
1785473457.759999990 36.843457600 128.093370800 296.840000000 0.014000000 0.014000000 0.017999999
1785473458.266000032 36.843457800 128.093366600 296.834000000 0.014000000 0.014000000 0.017000001
1785473458.760999918 36.843457600 128.093362300 296.872000000 0.014000000 0.014000000 0.017999999
1785473459.270999908 36.843457500 128.093358100 296.882000000 0.014000000 0.014000000 0.017000001
1785473459.767999887 36.843457400 128.093353900 296.904000000 0.014000000 0.014000000 0.018999999
1785473460.272000074 36.843457200 128.093349600 296.919000000 0.014000000 0.014000000 0.016000001
1785473460.775000095 36.843457100 128.093345500 296.945000000 0.014000000 0.014000000 0.018999999
1785473461.273999929 36.843456800 128.093341400 296.973000000 0.014000000 0.014000000 0.020000000
1785473461.762000084 36.843456600 128.093337200 296.989000000 0.014000000 0.014000000 0.018999999
1785473462.269999981 36.843456300 128.093332800 297.022000000 0.014000000 0.014000000 0.018999999
1785473462.756999969 36.843456000 128.093328600 297.032000000 0.014000000 0.014000000 0.017999999
1785473463.255000114 36.843455700 128.093324300 297.089000000 0.014000000 0.014000000 0.017000001
1785473463.756000042 36.843455400 128.093319900 297.094000000 0.014000000 0.014000000 0.018999999
1785473464.263999939 36.843454800 128.093315600 297.128000000 0.014000000 0.014000000 0.018999999
1785473464.750999928 36.843454200 128.093311400 297.163000000 0.014000000 0.014000000 0.017999999
1785473465.262000084 36.843453500 128.093307000 297.204000000 0.014000000 0.014000000 0.017000001
1785473465.756999969 36.843452900 128.093302800 297.230000000 0.014000000 0.014000000 0.020000000
1785473466.263000011 36.843452000 128.093298400 297.256000000 0.014000000 0.014000000 0.017999999
1785473466.760999918 36.843451000 128.093294000 297.259000000 0.014000000 0.014000000 0.017999999
1785473467.259999990 36.843450000 128.093290100 297.301000000 0.014000000 0.014000000 0.017000001
1785473467.759999990 36.843449000 128.093285500 297.291000000 0.014000000 0.014000000 0.017999999
1785473468.263999939 36.843447800 128.093281100 297.287000000 0.014000000 0.014000000 0.017999999
1785473468.759999990 36.843446400 128.093276900 297.277000000 0.014000000 0.014000000 0.017999999
1785473469.262000084 36.843445100 128.093272600 297.285000000 0.014000000 0.014000000 0.018999999
1785473469.766000032 36.843443400 128.093268700 297.297000000 0.014000000 0.014000000 0.018999999
1785473470.267999887 36.843441600 128.093264500 297.315000000 0.014000000 0.014000000 0.017000001
1785473470.756999969 36.843439900 128.093260300 297.294000000 0.014000000 0.014000000 0.017000001
1785473471.267999887 36.843438100 128.093256200 297.293000000 0.014000000 0.014000000 0.017000001
1785473471.765000105 36.843436400 128.093252000 297.294000000 0.014000000 0.014000000 0.017999999
1785473472.275000095 36.843434800 128.093247800 297.310000000 0.014000000 0.014000000 0.018999999
1785473472.756999969 36.843433000 128.093243600 297.307000000 0.014000000 0.014000000 0.017000001
1785473473.263999939 36.843431400 128.093239400 297.305000000 0.014000000 0.014000000 0.017000001
1785473473.762000084 36.843429700 128.093235100 297.311000000 0.014000000 0.014000000 0.016000001
1785473474.280999899 36.843427900 128.093230800 297.302000000 0.014000000 0.014000000 0.014000000
1785473474.776000023 36.843426000 128.093226500 297.312000000 0.014000000 0.014000000 0.013000000
1785473475.276000023 36.843424000 128.093222000 297.315000000 0.014000000 0.014000000 0.013000000
1785473475.753000021 36.843421900 128.093217700 297.308000000 0.014000000 0.014000000 0.013000000
1785473476.263999939 36.843419800 128.093213300 297.306000000 0.014000000 0.014000000 0.013000000
1785473476.756999969 36.843417600 128.093208800 297.313000000 0.014000000 0.014000000 0.013000000
1785473477.266000032 36.843415500 128.093204300 297.315000000 0.014000000 0.014000000 0.013000000
1785473477.759000063 36.843413400 128.093199900 297.295000000 0.014000000 0.014000000 0.012000000
1785473478.269000053 36.843411300 128.093195500 297.296000000 0.014000000 0.014000000 0.012000000
1785473478.766999960 36.843409100 128.093191200 297.287000000 0.014000000 0.014000000 0.014000000
1785473479.269000053 36.843407000 128.093186700 297.295000000 0.014000000 0.014000000 0.012000000
1785473479.756999969 36.843404800 128.093182200 297.283000000 0.014000000 0.014000000 0.013000000
1785473480.278000116 36.843402700 128.093177800 297.307000000 0.014000000 0.014000000 0.014000000
1785473480.763999939 36.843400600 128.093173400 297.304000000 0.014000000 0.014000000 0.014000000
1785473481.266000032 36.843398600 128.093169000 297.289000000 0.014000000 0.014000000 0.013000000
1785473481.753999949 36.843396600 128.093164600 297.296000000 0.014000000 0.014000000 0.013000000
1785473482.275000095 36.843394600 128.093160100 297.300000000 0.014000000 0.014000000 0.012000000
1785473482.757999897 36.843392600 128.093155700 297.297000000 0.014000000 0.014000000 0.012000000
1785473483.266000032 36.843390700 128.093151400 297.303000000 0.014000000 0.014000000 0.013000000
1785473483.776000023 36.843388700 128.093147000 297.298000000 0.014000000 0.014000000 0.013000000
1785473484.276000023 36.843386700 128.093142600 297.316000000 0.014000000 0.014000000 0.014000000
1785473484.763000011 36.843384800 128.093138200 297.307000000 0.014000000 0.014000000 0.014000000
1785473485.273999929 36.843382700 128.093133700 297.310000000 0.014000000 0.014000000 0.014000000
1785473485.756000042 36.843380800 128.093129400 297.297000000 0.014000000 0.014000000 0.013000000
1785473486.273000002 36.843378800 128.093124900 297.301000000 0.014000000 0.014000000 0.013000000
1785473486.769000053 36.843376800 128.093120500 297.299000000 0.014000000 0.014000000 0.013000000
1785473487.270999908 36.843374800 128.093116200 297.303000000 0.014000000 0.014000000 0.014000000
1785473487.755000114 36.843372900 128.093111900 297.298000000 0.014000000 0.014000000 0.013000000
1785473488.279999971 36.843371000 128.093107600 297.291000000 0.014000000 0.014000000 0.013000000
1785473488.753999949 36.843369100 128.093103400 297.296000000 0.014000000 0.014000000 0.014000000
1785473489.262000084 36.843367200 128.093099200 297.302000000 0.014000000 0.014000000 0.015000000
1785473489.755000114 36.843365500 128.093095400 297.295000000 0.014000000 0.014000000 0.014000000
1785473490.269999981 36.843363900 128.093091900 297.302000000 0.014000000 0.014000000 0.013000000
1785473490.756999969 36.843362300 128.093088200 297.291000000 0.014000000 0.014000000 0.014000000
1785473491.275000095 36.843360700 128.093084400 297.285000000 0.014000000 0.014000000 0.015000000
1785473491.757999897 36.843359000 128.093080500 297.300000000 0.014000000 0.014000000 0.014000000
1785473492.269000053 36.843357200 128.093076600 297.286000000 0.014000000 0.014000000 0.015000000
1785473492.773000002 36.843355400 128.093072600 297.285000000 0.014000000 0.014000000 0.013000000
1785473493.273000002 36.843353400 128.093068500 297.295000000 0.014000000 0.014000000 0.014000000
1785473493.766000032 36.843351400 128.093064600 297.305000000 0.014000000 0.014000000 0.017000001
1785473494.273000002 36.843349700 128.093061100 297.312000000 0.014000000 0.014000000 0.015000000
1785473494.763999939 36.843348100 128.093057400 297.307000000 0.014000000 0.014000000 0.013000000
1785473495.266000032 36.843346500 128.093054100 297.311000000 0.014000000 0.014000000 0.013000000
1785473495.778000116 36.843345100 128.093050700 297.317000000 0.014000000 0.014000000 0.014000000
1785473496.265000105 36.843343500 128.093047100 297.325000000 0.014000000 0.014000000 0.014000000
1785473496.752000093 36.843341900 128.093043300 297.326000000 0.014000000 0.014000000 0.013000000
1785473497.266999960 36.843340300 128.093039600 297.326000000 0.014000000 0.014000000 0.015000000
1785473497.756000042 36.843338700 128.093035900 297.332000000 0.014000000 0.014000000 0.016000001
1785473498.289999962 36.843337100 128.093032100 297.334000000 0.014000000 0.014000000 0.015000000
1785473498.780999899 36.843335300 128.093028300 297.339000000 0.014000000 0.014000000 0.016000001
1785473499.288000107 36.843333400 128.093024200 297.343000000 0.014000000 0.014000000 0.016000001
1785473499.755000114 36.843331800 128.093020700 297.345000000 0.014000000 0.014000000 0.017000001
1785473500.266000032 36.843330400 128.093017300 297.351000000 0.014000000 0.014000000 0.016000001
1785473500.753999949 36.843329000 128.093014200 297.335000000 0.014000000 0.014000000 0.018999999
1785473501.266999960 36.843327800 128.093011000 297.339000000 0.015000000 0.015000000 0.021000000
1785473501.753999949 36.843326300 128.093007900 297.347000000 0.014000000 0.014000000 0.016000001
1785473502.263000011 36.843324900 128.093004600 297.350000000 0.014000000 0.014000000 0.017000001
1785473502.747999907 36.843323300 128.093001100 297.367000000 0.014000000 0.014000000 0.017000001
1785473503.253999949 36.843321600 128.092997200 297.346000000 0.014000000 0.014000000 0.018999999
1785473503.743999958 36.843319700 128.092993100 297.354000000 0.014000000 0.014000000 0.021000000
1785473504.259000063 36.843317700 128.092989000 297.363000000 0.014000000 0.014000000 0.017000001
1785473504.750999928 36.843315600 128.092985000 297.363000000 0.014000000 0.014000000 0.017000001
1785473505.267999887 36.843313600 128.092980900 297.399000000 0.014000000 0.014000000 0.016000001
1785473505.755000114 36.843311400 128.092976700 297.410000000 0.014000000 0.014000000 0.016000001
1785473506.263000011 36.843309200 128.092972400 297.409000000 0.014000000 0.014000000 0.014000000
1785473506.753000021 36.843307100 128.092968300 297.426000000 0.014000000 0.014000000 0.013000000
1785473507.259000063 36.843304900 128.092964000 297.438000000 0.014000000 0.014000000 0.013000000
1785473507.744999886 36.843303200 128.092960500 297.465000000 0.014000000 0.014000000 0.014000000
1785473508.262000084 36.843301100 128.092956200 297.459000000 0.014000000 0.014000000 0.014000000
1785473508.753999949 36.843299200 128.092952000 297.483000000 0.014000000 0.014000000 0.015000000
1785473509.246999979 36.843297300 128.092947700 297.501000000 0.014000000 0.014000000 0.015000000
1785473509.753000021 36.843295400 128.092943400 297.514000000 0.014000000 0.014000000 0.013000000
1785473510.250999928 36.843293600 128.092939000 297.544000000 0.014000000 0.014000000 0.014000000
1785473510.744999886 36.843292000 128.092934500 297.552000000 0.014000000 0.014000000 0.014000000
1785473511.250999928 36.843290200 128.092930000 297.586000000 0.014000000 0.014000000 0.014000000
1785473511.746999979 36.843288600 128.092925600 297.598000000 0.014000000 0.014000000 0.017999999
1785473512.247999907 36.843286600 128.092921200 297.611000000 0.014000000 0.014000000 0.017999999
1785473512.742000103 36.843284600 128.092916800 297.607000000 0.014000000 0.014000000 0.017000001
1785473513.243999958 36.843282400 128.092912600 297.675000000 0.014000000 0.014000000 0.015000000
1785473513.759999990 36.843279900 128.092908300 297.681000000 0.014000000 0.014000000 0.016000001
1785473514.250999928 36.843277400 128.092904300 297.716000000 0.014000000 0.014000000 0.013000000
1785473514.740000010 36.843275100 128.092900400 297.769000000 0.014000000 0.014000000 0.015000000
1785473515.253000021 36.843272900 128.092896200 297.808000000 0.014000000 0.014000000 0.017000001
1785473515.753999949 36.843270600 128.092892200 297.820000000 0.014000000 0.014000000 0.016000001
1785473516.257999897 36.843268400 128.092887900 297.845000000 0.014000000 0.014000000 0.017000001
1785473516.742000103 36.843266100 128.092883700 297.892000000 0.014000000 0.014000000 0.017000001
1785473517.247999907 36.843264000 128.092879700 297.928000000 0.014000000 0.014000000 0.017000001
1785473517.746999979 36.843262800 128.092877200 297.945000000 0.014000000 0.014000000 0.017000001
1785473518.244999886 36.843261700 128.092874700 297.961000000 0.014000000 0.014000000 0.015000000
1785473518.737999916 36.843261000 128.092872900 297.993000000 0.014000000 0.014000000 0.016000001
1785473519.249000072 36.843260400 128.092871800 298.001000000 0.014000000 0.014000000 0.016000001
1785473519.743999958 36.843260400 128.092871800 298.003000000 0.014000000 0.014000000 0.017000001
1785473520.246000051 36.843260300 128.092871300 297.963000000 0.014000000 0.014000000 0.018999999
1785473520.743000031 36.843259600 128.092869900 297.972000000 0.014000000 0.014000000 0.016000001
1785473521.246999979 36.843258900 128.092867400 297.991000000 0.014000000 0.014000000 0.017000001
1785473521.743999958 36.843258100 128.092864300 297.992000000 0.014000000 0.014000000 0.017999999
1785473522.247999907 36.843257200 128.092861700 297.972000000 0.014000000 0.014000000 0.017999999
1785473522.742000103 36.843257000 128.092860700 297.983000000 0.014000000 0.014000000 0.018999999
1785473523.250999928 36.843257000 128.092860700 297.992000000 0.014000000 0.014000000 0.017999999
1785473523.753999949 36.843256900 128.092860600 297.992000000 0.014000000 0.014000000 0.017000001
1785473524.250000000 36.843257000 128.092860600 297.984000000 0.014000000 0.014000000 0.017999999
1785473524.743000031 36.843256900 128.092860600 297.987000000 0.014000000 0.014000000 0.015000000
1785473525.250999928 36.843256900 128.092860700 297.997000000 0.014000000 0.014000000 0.017999999
1785473525.743999958 36.843256900 128.092860600 297.990000000 0.014000000 0.014000000 0.017000001
1785473526.259000063 36.843256900 128.092860700 297.990000000 0.014000000 0.014000000 0.017000001
1785473526.746000051 36.843257000 128.092860600 297.981000000 0.014000000 0.014000000 0.016000001
1785473527.256000042 36.843257000 128.092860600 297.971000000 0.014000000 0.014000000 0.017999999
1785473527.743999958 36.843257000 128.092860600 297.966000000 0.014000000 0.014000000 0.017999999
1785473528.255000114 36.843256900 128.092860600 297.998000000 0.014000000 0.014000000 0.017999999
1785473528.747999907 36.843256300 128.092858900 297.978000000 0.014000000 0.014000000 0.018999999
1785473529.253999949 36.843255600 128.092856400 298.013000000 0.014000000 0.014000000 0.023000000
1785473529.753999949 36.843255300 128.092854100 298.044000000 0.015000000 0.015000000 0.037000000
1785473530.243999958 36.843255500 128.092850800 298.025000000 0.014000000 0.014000000 0.025000000
1785473530.736000061 36.843255500 128.092847800 298.010000000 0.014000000 0.014000000 0.024000000
1785473531.249000072 36.843255500 128.092844600 297.976000000 0.015000000 0.015000000 0.029999999
1785473531.749000072 36.843255600 128.092840100 297.931000000 0.015000000 0.015000000 0.028999999
1785473532.246999979 36.843255800 128.092835700 297.954000000 0.014000000 0.014000000 0.025000000
1785473532.740999937 36.843256400 128.092831300 297.947000000 0.014000000 0.014000000 0.023000000
1785473533.246999979 36.843257300 128.092826600 297.943000000 0.014000000 0.014000000 0.022000000
1785473533.742000103 36.843258500 128.092822400 297.926000000 0.014000000 0.014000000 0.024000000
1785473534.244999886 36.843260300 128.092819000 297.945000000 0.016000001 0.016000001 0.037999999
1785473534.742000103 36.843262600 128.092816200 297.883000000 0.018999999 0.018999999 0.043000001
1785473535.243999958 36.843265100 128.092813900 297.908000000 0.014000000 0.014000000 0.026000001
1785473535.740000010 36.843267300 128.092810900 297.955000000 0.014000000 0.014000000 0.025000000
1785473536.243999958 36.843269800 128.092808000 297.951000000 0.014000000 0.014000000 0.018999999
1785473536.742000103 36.843272000 128.092805200 297.930000000 0.014000000 0.014000000 0.021000000
1785473537.249000072 36.843274000 128.092802000 297.893000000 0.014000000 0.014000000 0.021000000
1785473537.740999937 36.843276800 128.092798600 297.932000000 0.014000000 0.014000000 0.018999999
1785473538.250000000 36.843279300 128.092795000 297.909000000 0.014000000 0.014000000 0.017000001
1785473538.736999989 36.843282000 128.092791200 297.901000000 0.014000000 0.014000000 0.017000001
1785473539.236999989 36.843284800 128.092788300 297.958000000 0.014000000 0.014000000 0.016000001
1785473539.736000061 36.843287300 128.092785400 297.907000000 0.014000000 0.014000000 0.016000001
1785473540.246000051 36.843290200 128.092782900 297.980000000 0.014000000 0.014000000 0.017000001
1785473540.739000082 36.843293100 128.092780200 297.962000000 0.014000000 0.014000000 0.017999999
1785473541.246999979 36.843296000 128.092777500 297.951000000 0.014000000 0.014000000 0.017999999
1785473541.779999971 36.843298400 128.092775100 297.955000000 0.014000000 0.014000000 0.017000001
1785473542.276000023 36.843300500 128.092773400 297.952000000 0.014000000 0.014000000 0.017999999
1785473542.762000084 36.843302400 128.092771700 297.969000000 0.014000000 0.014000000 0.016000001
1785473543.272000074 36.843304200 128.092770300 297.967000000 0.014000000 0.014000000 0.015000000
1785473543.736999989 36.843306100 128.092768400 297.921000000 0.014000000 0.014000000 0.016000001
1785473544.243000031 36.843308200 128.092766700 297.948000000 0.014000000 0.014000000 0.015000000
1785473544.736000061 36.843310300 128.092764700 297.880000000 0.014000000 0.014000000 0.017999999
1785473545.244999886 36.843312200 128.092762900 297.885000000 0.014000000 0.014000000 0.017999999
1785473545.734999895 36.843314400 128.092761000 297.905000000 0.014000000 0.014000000 0.018999999
1785473546.242000103 36.843316700 128.092759200 297.892000000 0.014000000 0.014000000 0.020000000
1785473546.736000061 36.843319100 128.092757100 297.873000000 0.014000000 0.014000000 0.020000000
1785473547.244999886 36.843321500 128.092755300 297.884000000 0.015000000 0.015000000 0.023000000
1785473547.740000010 36.843323900 128.092753100 297.864000000 0.017999999 0.017999999 0.030999999
1785473548.240999937 36.843326800 128.092750400 297.845000000 0.017999999 0.017999999 0.029999999
1785473548.736000061 36.843330200 128.092748000 297.813000000 0.017000001 0.017000001 0.028000001
1785473549.250000000 36.843333100 128.092745700 297.817000000 0.017000001 0.017000001 0.028000001
1785473549.734999895 36.843336100 128.092743700 297.895000000 0.017999999 0.017999999 0.028999999
1785473550.240999937 36.843338900 128.092741400 297.861000000 0.016000001 0.016000001 0.029999999
1785473550.732000113 36.843341900 128.092738600 297.760000000 0.017999999 0.017999999 0.029999999
1785473551.242000103 36.843344900 128.092736000 297.776000000 0.014000000 0.014000000 0.024000000
1785473551.733999968 36.843348000 128.092733400 297.790000000 0.015000000 0.015000000 0.029999999
1785473552.240999937 36.843351000 128.092730700 297.799000000 0.017000001 0.017000001 0.030999999
1785473552.726999998 36.843354200 128.092728000 297.852000000 0.022000000 0.022000000 0.046000000
1785473553.236000061 36.843357100 128.092725700 297.888000000 0.020000000 0.020000000 0.041999999
1785473553.740000010 36.843359500 128.092723500 297.910000000 0.018999999 0.018999999 0.039999999
1785473554.233000040 36.843362500 128.092720900 297.865000000 0.017000001 0.017000001 0.035000000
1785473554.727999926 36.843365300 128.092718500 297.870000000 0.016000001 0.016000001 0.032000002
1785473555.237999916 36.843368100 128.092716000 297.879000000 0.015000000 0.015000000 0.030999999
1785473555.726999998 36.843371000 128.092713800 297.986000000 0.018999999 0.018999999 0.039999999
1785473556.240999937 36.843374100 128.092711100 297.896000000 0.021000000 0.021000000 0.061999999
1785473556.730000019 36.843377100 128.092708900 297.959000000 0.020000000 0.020000000 0.061999999
1785473557.236000061 36.843380400 128.092706100 297.892000000 0.015000000 0.015000000 0.043000001
1785473557.730000019 36.843383800 128.092703700 297.897000000 0.022000000 0.022000000 0.063000001
1785473558.243000031 36.843386800 128.092701000 297.948000000 0.017999999 0.017999999 0.043000001
1785473558.724999905 36.843389300 128.092696900 298.037000000 0.059000000 0.059000000 0.068999998
1785473559.233999968 36.843392900 128.092694800 297.948000000 0.046000000 0.046000000 0.103000000
1785473559.729000092 36.843396100 128.092692800 298.216000000 0.046000000 0.046000000 0.105999999
1785473560.233000040 36.843399800 128.092690000 298.202000000 0.033000000 0.033000000 0.082000002
1785473560.723999977 36.843403500 128.092687700 298.135000000 0.039000001 0.039000001 0.092000000
1785473561.239000082 36.843407700 128.092684800 298.076000000 0.044000000 0.044000000 0.081000000
1785473561.726000071 36.843412100 128.092681800 298.166000000 0.104000002 0.104000002 0.120999999
1785473562.242000103 36.843414600 128.092678700 297.964000000 0.086000003 0.086000003 0.085000001
1785473562.726999998 36.843417700 128.092676400 297.975000000 0.090999998 0.090999998 0.096000001
1785473563.234999895 36.843421700 128.092673400 297.966000000 0.044000000 0.044000000 0.071000002
1785473563.732000113 36.843424500 128.092671400 297.932000000 0.082999997 0.082999997 0.089000002
1785473564.237999916 36.843427700 128.092668900 297.881000000 0.066000000 0.066000000 0.071999997
1785473564.730999947 36.843431300 128.092666200 297.883000000 0.064999998 0.064999998 0.071000002
1785473565.234999895 36.843434500 128.092663600 297.904000000 0.044000000 0.044000000 0.061000001
1785473565.755000114 36.843438300 128.092660900 297.877000000 0.079000004 0.079000004 0.066000000
1785473566.256999969 36.843441700 128.092658400 297.872000000 0.078000002 0.078000002 0.064999998
1785473566.729000092 36.843445000 128.092655900 297.833000000 0.077000000 0.077000000 0.064000003
1785473567.239000082 36.843448800 128.092653200 297.873000000 0.048000000 0.048000000 0.056000002
1785473567.727999926 36.843452200 128.092650300 297.871000000 0.048999999 0.048999999 0.061000001
1785473568.240000010 36.843455800 128.092647500 297.828000000 0.039000001 0.039000001 0.059999999
1785473568.729000092 36.843459600 128.092644600 297.826000000 0.075000003 0.075000003 0.064000003
1785473569.239000082 36.843463300 128.092641900 297.850000000 0.041000001 0.041000001 0.059999999
1785473569.730999947 36.843467100 128.092639500 297.854000000 0.041000001 0.041000001 0.059000000
1785473570.239000082 36.843471000 128.092636800 297.865000000 0.055000000 0.055000000 0.061000001
1785473570.726000071 36.843474300 128.092634100 297.828000000 0.075999998 0.075999998 0.063000001
1785473571.237999916 36.843477100 128.092631300 297.759000000 0.064999998 0.064999998 0.064999998
1785473571.726999998 36.843482600 128.092628100 297.759000000 0.068999998 0.068999998 0.077000000
1785473572.239000082 36.843486400 128.092625600 297.790000000 0.075000003 0.075000003 0.066000000
1785473572.727999926 36.843489600 128.092623200 297.801000000 0.074000001 0.074000001 0.066000000
1785473573.236000061 36.843492500 128.092620600 297.778000000 0.055000000 0.055000000 0.056000002
1785473573.733999968 36.843497200 128.092617700 297.791000000 0.078000002 0.078000002 0.061000001
1785473574.233000040 36.843500800 128.092615000 297.759000000 0.057999998 0.057999998 0.074000001
1785473574.726000071 36.843504500 128.092612300 297.761000000 0.057000000 0.057000000 0.074000001
1785473575.234999895 36.843508500 128.092609400 297.749000000 0.050000001 0.050000001 0.061000001
1785473575.759999990 36.843512300 128.092606200 297.707000000 0.050000001 0.050000001 0.061000001
1785473576.253999949 36.843516200 128.092603300 297.712000000 0.035999998 0.035999998 0.061999999
1785473576.727999926 36.843520500 128.092600400 297.714000000 0.035999998 0.035999998 0.061999999
1785473577.232000113 36.843524800 128.092597300 297.673000000 0.041000001 0.041000001 0.059999999
1785473577.730000019 36.843529100 128.092594000 297.608000000 0.050000001 0.050000001 0.059999999
1785473578.233000040 36.843533700 128.092590400 297.647000000 0.037999999 0.037999999 0.066000000
1785473578.746000051 36.843538100 128.092587700 297.641000000 0.037999999 0.037999999 0.064999998
1785473579.255000114 36.843543800 128.092584400 297.501000000 0.014000000 0.014000000 0.021000000
1785473579.723999977 36.843547700 128.092581800 297.505000000 0.014000000 0.014000000 0.021000000
1785473580.226999998 36.843551500 128.092578800 297.455000000 0.014000000 0.014000000 0.021000000
1785473580.721999884 36.843555400 128.092576300 297.449000000 0.014000000 0.014000000 0.020000000
1785473581.229000092 36.843558900 128.092573900 297.447000000 0.014000000 0.014000000 0.021000000
1785473581.729000092 36.843562200 128.092571600 297.448000000 0.014000000 0.014000000 0.024000000
1785473582.239000082 36.843565800 128.092569400 297.422000000 0.014000000 0.014000000 0.021000000
1785473582.726000071 36.843569500 128.092567000 297.416000000 0.014000000 0.014000000 0.021000000
1785473583.233000040 36.843573500 128.092564400 297.413000000 0.014000000 0.014000000 0.020000000
1785473583.734999895 36.843577500 128.092561200 297.340000000 0.014000000 0.014000000 0.023000000
1785473584.233999968 36.843581400 128.092558000 297.346000000 0.014000000 0.014000000 0.023000000
1785473584.730999947 36.843585600 128.092554500 297.313000000 0.014000000 0.014000000 0.026000001
1785473585.233999968 36.843589700 128.092551300 297.279000000 0.014000000 0.014000000 0.023000000
1785473585.742000103 36.843593600 128.092548000 297.213000000 0.014000000 0.014000000 0.022000000
1785473586.237999916 36.843597300 128.092544900 297.209000000 0.020000000 0.020000000 0.022000000
1785473586.730000019 36.843601500 128.092541700 297.187000000 0.025000000 0.025000000 0.025000000
1785473587.236999989 36.843605100 128.092538800 297.172000000 0.022000000 0.022000000 0.023000000
1785473587.734999895 36.843609100 128.092535900 297.090000000 0.022000000 0.022000000 0.022000000
1785473588.236999989 36.843612600 128.092533100 297.046000000 0.023000000 0.023000000 0.027000001
1785473588.726000071 36.843616500 128.092530700 297.040000000 0.028999999 0.028999999 0.025000000
1785473589.242000103 36.843620100 128.092528100 297.043000000 0.020000000 0.020000000 0.028999999
1785473589.726000071 36.843624000 128.092525400 296.971000000 0.027000001 0.027000001 0.028000001
1785473590.247999907 36.843627800 128.092522600 296.931000000 0.028999999 0.028999999 0.033000000
1785473590.724999905 36.843632100 128.092520500 296.909000000 0.057999998 0.057999998 0.052999999
1785473591.227999926 36.843636000 128.092517900 296.858000000 0.027000001 0.027000001 0.025000000
1785473591.724999905 36.843640400 128.092515200 296.840000000 0.061999999 0.061999999 0.114000000
1785473592.232000113 36.843644500 128.092512500 296.727000000 0.050999999 0.050999999 0.105999999
1785473592.723999977 36.843648100 128.092509000 296.920000000 0.059000000 0.059000000 0.119000003
1785473593.233999968 36.843653100 128.092506400 296.972000000 0.050000001 0.050000001 0.097999997
1785473593.721999884 36.843657500 128.092504100 296.890000000 0.066000000 0.066000000 0.125000000
1785473594.227999926 36.843661000 128.092502000 296.784000000 0.052999999 0.052999999 0.083999999
1785473594.724999905 36.843664300 128.092499900 296.846000000 0.057999998 0.057999998 0.107000001
1785473595.233000040 36.843666500 128.092497900 296.620000000 0.014000000 0.014000000 0.018999999
1785473595.724999905 36.843670100 128.092495800 296.531000000 0.015000000 0.015000000 0.023000000
1785473596.234999895 36.843673900 128.092493500 296.517000000 0.014000000 0.014000000 0.023000000
1785473596.744999886 36.843677600 128.092491600 296.471000000 0.015000000 0.015000000 0.022000000
1785473597.256000042 36.843681200 128.092488900 296.400000000 0.015000000 0.015000000 0.023000000
1785473597.746000051 36.843685000 128.092486100 296.265000000 0.022000000 0.022000000 0.034000002
1785473598.256000042 36.843688400 128.092484000 296.324000000 0.015000000 0.015000000 0.022000000
1785473598.744999886 36.843692200 128.092481500 296.299000000 0.015000000 0.015000000 0.023000000
1785473599.229000092 36.843696300 128.092478900 296.187000000 0.015000000 0.015000000 0.023000000
1785473599.720999956 36.843699900 128.092476400 296.159000000 0.015000000 0.015000000 0.022000000
1785473600.233000040 36.843703800 128.092474300 296.105000000 0.015000000 0.015000000 0.020000000
1785473600.721999884 36.843707600 128.092472100 296.101000000 0.018999999 0.018999999 0.028000001
1785473601.227999926 36.843711300 128.092470200 295.966000000 0.027000001 0.027000001 0.046999998
1785473601.720999956 36.843715100 128.092467900 295.894000000 0.025000000 0.025000000 0.045000002
1785473602.229000092 36.843719400 128.092465700 295.881000000 0.017999999 0.017999999 0.034000002
1785473602.720999956 36.843723200 128.092463500 295.847000000 0.022000000 0.022000000 0.046000000
1785473603.242000103 36.843726800 128.092461400 295.824000000 0.025000000 0.025000000 0.048000000
1785473603.750000000 36.843730500 128.092459900 295.816000000 0.120999999 0.120999999 0.179000005
1785473604.250000000 36.843735100 128.092456900 295.603000000 0.032000002 0.032000002 0.059000000
1785473604.723000050 36.843739700 128.092454600 295.583000000 0.035999998 0.035999998 0.059999999
1785473605.232000113 36.843744600 128.092451600 295.539000000 0.026000001 0.026000001 0.048999999
1785473605.733000040 36.843749600 128.092448000 295.404000000 0.028999999 0.028999999 0.050999999
1785473606.232000113 36.843754300 128.092444600 295.357000000 0.028000001 0.028000001 0.050999999
1785473606.726999998 36.843759000 128.092441200 295.328000000 0.027000001 0.027000001 0.050000001
1785473607.230000019 36.843762800 128.092438400 295.279000000 0.028000001 0.028000001 0.057000000
1785473607.726000071 36.843766300 128.092436000 295.309000000 0.029999999 0.029999999 0.057000000
1785473608.230000019 36.843769600 128.092433800 295.365000000 0.014000000 0.014000000 0.022000000
1785473608.723000050 36.843773200 128.092431200 295.382000000 0.014000000 0.014000000 0.022000000
1785473609.233999968 36.843777200 128.092428700 295.365000000 0.014000000 0.014000000 0.022000000
1785473609.724999905 36.843781000 128.092425600 295.221000000 0.016000001 0.016000001 0.027000001
1785473610.226999998 36.843784900 128.092423400 295.262000000 0.016000001 0.016000001 0.027000001
1785473610.730999947 36.843789500 128.092420200 295.120000000 0.050999999 0.050999999 0.074000001
1785473611.226999998 36.843792300 128.092418600 295.192000000 0.024000000 0.024000000 0.039000001
1785473611.721999884 36.843796300 128.092416400 295.183000000 0.024000000 0.024000000 0.039000001
1785473612.230000019 36.843799900 128.092414100 295.108000000 0.016000001 0.016000001 0.027000001
1785473612.721999884 36.843803700 128.092411500 295.029000000 0.020000000 0.020000000 0.035000000
1785473613.230000019 36.843807500 128.092409200 295.029000000 0.017000001 0.017000001 0.029999999
1785473613.730999947 36.843811600 128.092407000 295.021000000 0.017000001 0.017000001 0.029999999
1785473614.230999947 36.843815500 128.092404000 294.935000000 0.014000000 0.014000000 0.023000000
1785473614.723999977 36.843819900 128.092401000 294.833000000 0.014000000 0.014000000 0.023000000
1785473615.229000092 36.843823900 128.092398400 294.781000000 0.015000000 0.015000000 0.026000001
1785473615.720999956 36.843827800 128.092395900 294.687000000 0.016000001 0.016000001 0.027000001
1785473616.230000019 36.843831700 128.092393200 294.679000000 0.016000001 0.016000001 0.028000001
1785473616.720000029 36.843835600 128.092390500 294.582000000 0.017999999 0.017999999 0.032000002
1785473617.234999895 36.843839300 128.092387900 294.456000000 0.017999999 0.017999999 0.029999999
1785473617.729000092 36.843843600 128.092385500 294.482000000 0.020000000 0.020000000 0.032000002
1785473618.229000092 36.843847600 128.092383400 294.452000000 0.017000001 0.017000001 0.028000001
1785473618.724999905 36.843852000 128.092380900 294.398000000 0.026000001 0.026000001 0.030999999
1785473619.253999949 36.843855800 128.092378600 294.335000000 0.020000000 0.020000000 0.026000001
1785473619.752000093 36.843859800 128.092376000 294.217000000 0.028999999 0.028999999 0.033000000
1785473620.256999969 36.843864900 128.092372800 294.077000000 0.028999999 0.028999999 0.059000000
1785473620.747999907 36.843869500 128.092369200 294.016000000 0.028999999 0.028999999 0.057000000
1785473621.249000072 36.843873500 128.092366000 293.980000000 0.022000000 0.022000000 0.043000001
1785473621.749000072 36.843877100 128.092363200 293.942000000 0.028999999 0.028999999 0.054000001
1785473622.250999928 36.843881300 128.092360300 293.894000000 0.022000000 0.022000000 0.039000001
1785473622.750999928 36.843885000 128.092358200 293.887000000 0.023000000 0.023000000 0.039000001
1785473623.230999947 36.843889300 128.092354900 293.714000000 0.018999999 0.018999999 0.033000000
1785473623.726999998 36.843893500 128.092352700 293.717000000 0.026000001 0.026000001 0.046000000
1785473624.234999895 36.843897000 128.092350900 293.824000000 0.020000000 0.020000000 0.045000002
1785473624.721999884 36.843901100 128.092347400 293.520000000 0.030999999 0.030999999 0.070000000
1785473625.230000019 36.843905000 128.092345500 293.566000000 0.030999999 0.030999999 0.071999997
1785473625.720999956 36.843909300 128.092343900 293.710000000 0.033000000 0.033000000 0.070000000
1785473626.230000019 36.843913500 128.092341600 293.565000000 0.027000001 0.027000001 0.061000001
1785473626.720000029 36.843917500 128.092339700 293.557000000 0.032000002 0.032000002 0.071000002
1785473627.230000019 36.843922200 128.092338100 293.650000000 0.043000001 0.043000001 0.056000002
1785473627.721999884 36.843926300 128.092336300 293.600000000 0.055000000 0.055000000 0.066000000
1785473628.229000092 36.843930300 128.092334300 293.437000000 0.041000001 0.041000001 0.056000002
1785473628.723000050 36.843934400 128.092333500 293.501000000 0.041000001 0.041000001 0.057000000
1785473629.230999947 36.843938700 128.092332800 293.418000000 0.046999998 0.046999998 0.057999998
1785473629.723999977 36.843942800 128.092333200 293.414000000 0.066000000 0.066000000 0.064000003
1785473630.227999926 36.843947400 128.092334400 293.442000000 0.028999999 0.028999999 0.028000001
1785473630.726000071 36.843951400 128.092335900 293.384000000 0.029999999 0.029999999 0.029999999
1785473631.226999998 36.843955000 128.092337800 293.410000000 0.027000001 0.027000001 0.025000000
1785473631.723999977 36.843958400 128.092340100 293.362000000 0.032000002 0.032000002 0.030999999
1785473632.230000019 36.843960700 128.092342800 293.242000000 0.016000001 0.016000001 0.021000000
1785473632.723000050 36.843963800 128.092345900 293.223000000 0.018999999 0.018999999 0.023000000
1785473633.230999947 36.843966600 128.092349100 293.216000000 0.020000000 0.020000000 0.020000000
1785473633.727999926 36.843969400 128.092352900 293.217000000 0.018999999 0.018999999 0.021000000
1785473634.227999926 36.843971400 128.092357300 293.265000000 0.016000001 0.016000001 0.017000001
1785473634.720000029 36.843973500 128.092361400 293.195000000 0.020000000 0.020000000 0.018999999
1785473635.233000040 36.843975500 128.092365200 293.185000000 0.015000000 0.015000000 0.017000001
1785473635.732000113 36.843976500 128.092369100 293.176000000 0.015000000 0.015000000 0.017000001
1785473636.233999968 36.843976400 128.092373500 293.198000000 0.014000000 0.014000000 0.017000001
1785473636.723999977 36.843975700 128.092378100 293.172000000 0.014000000 0.014000000 0.024000000
1785473637.227999926 36.843975100 128.092383000 293.199000000 0.014000000 0.014000000 0.023000000
1785473637.720999956 36.843974500 128.092388200 293.223000000 0.014000000 0.014000000 0.025000000
1785473638.230999947 36.843973900 128.092393100 293.195000000 0.014000000 0.014000000 0.025000000
1785473638.716000080 36.843973800 128.092398300 293.165000000 0.014000000 0.014000000 0.020000000
1785473639.227999926 36.843973700 128.092403900 293.175000000 0.014000000 0.014000000 0.020000000
1785473639.723000050 36.843973600 128.092409600 293.148000000 0.014000000 0.014000000 0.021000000
1785473640.234999895 36.843973900 128.092415500 293.211000000 0.014000000 0.014000000 0.022000000
1785473640.727999926 36.843974400 128.092421200 293.190000000 0.014000000 0.014000000 0.025000000
1785473641.236000061 36.843975100 128.092426900 293.196000000 0.014000000 0.014000000 0.025000000
1785473641.736000061 36.843975600 128.092431600 293.189000000 0.014000000 0.014000000 0.024000000
1785473642.266999960 36.843975800 128.092437100 293.237000000 0.014000000 0.014000000 0.026000001
1785473642.750000000 36.843976300 128.092442900 293.205000000 0.014000000 0.014000000 0.026000001
1785473643.234999895 36.843976900 128.092448700 293.204000000 0.014000000 0.014000000 0.024000000
1785473643.763000011 36.843977000 128.092449800 293.196000000 0.014000000 0.014000000 0.021000000
1785473644.273000002 36.843977000 128.092449800 293.200000000 0.014000000 0.014000000 0.017999999
1785473644.760999918 36.843977000 128.092449800 293.198000000 0.014000000 0.014000000 0.017000001
1785473645.269000053 36.843977000 128.092449800 293.189000000 0.014000000 0.014000000 0.021000000
1785473645.765000105 36.843977000 128.092449800 293.196000000 0.014000000 0.014000000 0.018999999
1785473646.242000103 36.843977000 128.092449700 293.184000000 0.014000000 0.014000000 0.020000000
1785473646.736999989 36.843977000 128.092449700 293.186000000 0.014000000 0.014000000 0.020000000
1785473647.242000103 36.843977000 128.092449900 293.207000000 0.014000000 0.014000000 0.020000000
1785473647.743999958 36.843977000 128.092449800 293.192000000 0.014000000 0.014000000 0.021000000
1785473648.236000061 36.843977000 128.092449800 293.196000000 0.014000000 0.014000000 0.018999999
1785473648.733000040 36.843977000 128.092449800 293.209000000 0.014000000 0.014000000 0.020000000
1785473649.243000031 36.843977000 128.092449800 293.195000000 0.014000000 0.014000000 0.017999999
1785473649.730000019 36.843977000 128.092449800 293.206000000 0.014000000 0.014000000 0.018999999
1785473650.239000082 36.843977000 128.092449700 293.194000000 0.014000000 0.014000000 0.018999999
1785473650.734999895 36.843977000 128.092449700 293.201000000 0.014000000 0.014000000 0.020000000
1785473651.242000103 36.843976900 128.092449700 293.196000000 0.014000000 0.014000000 0.021000000
1785473651.740999937 36.843977000 128.092449800 293.212000000 0.014000000 0.014000000 0.022000000
1785473652.239000082 36.843977000 128.092449800 293.172000000 0.014000000 0.014000000 0.021000000
1785473652.730999947 36.843977000 128.092449800 293.187000000 0.014000000 0.014000000 0.022000000
1785473653.236999989 36.843977000 128.092449800 293.215000000 0.014000000 0.014000000 0.020000000
1785473653.756999969 36.843977000 128.092449800 293.209000000 0.014000000 0.014000000 0.022000000
1785473654.240999937 36.843977000 128.092449800 293.202000000 0.014000000 0.014000000 0.020000000
1785473654.730000019 36.843977000 128.092449800 293.197000000 0.014000000 0.014000000 0.021000000
1785473655.232000113 36.843977000 128.092449800 293.205000000 0.014000000 0.014000000 0.022000000
1785473655.726999998 36.843977000 128.092449800 293.187000000 0.014000000 0.014000000 0.020000000
1785473656.233000040 36.843977100 128.092449800 293.139000000 0.014000000 0.014000000 0.018999999
1785473656.726999998 36.843977100 128.092449800 293.142000000 0.014000000 0.014000000 0.018999999
1785473657.237999916 36.843977100 128.092449800 293.138000000 0.014000000 0.014000000 0.021000000
1785473657.736000061 36.843977100 128.092449700 293.154000000 0.014000000 0.014000000 0.022000000
1785473658.236999989 36.843977100 128.092449600 293.153000000 0.014000000 0.014000000 0.022000000
1785473658.733999968 36.843976800 128.092446300 293.148000000 0.014000000 0.014000000 0.023000000
1785473659.243000031 36.843976400 128.092443100 293.139000000 0.014000000 0.014000000 0.022000000
1785473659.739000082 36.843976100 128.092439800 293.162000000 0.014000000 0.014000000 0.025000000
1785473660.244999886 36.843975400 128.092434900 293.156000000 0.014000000 0.014000000 0.020000000
1785473660.730000019 36.843974700 128.092430400 293.169000000 0.014000000 0.014000000 0.022000000
1785473661.233000040 36.843974100 128.092425700 293.170000000 0.014000000 0.014000000 0.023000000
1785473661.726000071 36.843973400 128.092421600 293.167000000 0.014000000 0.014000000 0.023000000
1785473662.233999968 36.843973000 128.092419400 293.175000000 0.014000000 0.014000000 0.022000000
1785473662.733000040 36.843973100 128.092419500 293.165000000 0.014000000 0.014000000 0.022000000
1785473663.236000061 36.843973000 128.092419500 293.162000000 0.014000000 0.014000000 0.022000000
1785473663.733000040 36.843973000 128.092419500 293.182000000 0.014000000 0.014000000 0.022000000
1785473664.237999916 36.843973000 128.092419600 293.166000000 0.014000000 0.014000000 0.022000000
1785473664.729000092 36.843973100 128.092419500 293.161000000 0.014000000 0.014000000 0.022000000
1785473665.232000113 36.843973000 128.092419600 293.162000000 0.014000000 0.014000000 0.023000000
1785473665.730000019 36.843973100 128.092419500 293.150000000 0.014000000 0.014000000 0.024000000
1785473666.232000113 36.843973000 128.092419500 293.195000000 0.014000000 0.014000000 0.024000000
1785473666.721999884 36.843973000 128.092419500 293.170000000 0.014000000 0.014000000 0.023000000
1785473667.234999895 36.843973000 128.092419600 293.191000000 0.014000000 0.014000000 0.023000000
1785473667.730000019 36.843973100 128.092419600 293.173000000 0.014000000 0.014000000 0.023000000
1785473668.240000010 36.843973000 128.092419600 293.168000000 0.014000000 0.014000000 0.021000000
1785473668.729000092 36.843973100 128.092419500 293.173000000 0.014000000 0.014000000 0.022000000
1785473669.239000082 36.843973100 128.092419500 293.170000000 0.014000000 0.014000000 0.023000000
1785473669.736000061 36.843973100 128.092419600 293.160000000 0.014000000 0.014000000 0.023000000
1785473670.236000061 36.843973100 128.092419600 293.168000000 0.014000000 0.014000000 0.023000000
1785473670.726000071 36.843973000 128.092419600 293.190000000 0.014000000 0.014000000 0.022000000
1785473671.236999989 36.843973100 128.092419600 293.174000000 0.014000000 0.014000000 0.020000000
1785473671.737999916 36.843973000 128.092419500 293.170000000 0.014000000 0.014000000 0.022000000
1785473672.240000010 36.843973100 128.092419600 293.172000000 0.014000000 0.014000000 0.023000000
1785473672.729000092 36.843973100 128.092419600 293.154000000 0.014000000 0.014000000 0.022000000
1785473673.234999895 36.843973100 128.092419600 293.161000000 0.014000000 0.014000000 0.021000000
1785473673.732000113 36.843973100 128.092419600 293.165000000 0.014000000 0.014000000 0.020000000
1785473674.239000082 36.843973000 128.092419500 293.178000000 0.014000000 0.014000000 0.018999999
1785473674.733000040 36.843973000 128.092419500 293.186000000 0.014000000 0.014000000 0.018999999
1785473675.233999968 36.843973100 128.092419600 293.158000000 0.014000000 0.014000000 0.020000000
1785473675.730999947 36.843973000 128.092419500 293.166000000 0.014000000 0.014000000 0.017999999
1785473676.240999937 36.843973100 128.092419500 293.165000000 0.014000000 0.014000000 0.018999999
1785473676.732000113 36.843973000 128.092419500 293.172000000 0.014000000 0.014000000 0.018999999
1785473677.246999979 36.843973000 128.092419500 293.146000000 0.014000000 0.014000000 0.021000000
1785473677.730999947 36.843973100 128.092419500 293.145000000 0.014000000 0.014000000 0.023000000
1785473678.252000093 36.843973100 128.092419500 293.156000000 0.014000000 0.014000000 0.020000000
1785473678.736999989 36.843973000 128.092419500 293.171000000 0.014000000 0.014000000 0.018999999
1785473679.253999949 36.843973100 128.092419600 293.159000000 0.014000000 0.014000000 0.020000000
1785473679.743999958 36.843972900 128.092419600 293.172000000 0.014000000 0.014000000 0.017999999
1785473680.246000051 36.843973000 128.092419500 293.178000000 0.014000000 0.014000000 0.018999999
1785473680.733000040 36.843973000 128.092419500 293.141000000 0.014000000 0.014000000 0.021000000
1785473681.246000051 36.843973000 128.092419600 293.150000000 0.014000000 0.014000000 0.022000000
1785473681.734999895 36.843973000 128.092419500 293.157000000 0.014000000 0.014000000 0.025000000
1785473682.250999928 36.843972900 128.092419500 293.171000000 0.014000000 0.014000000 0.023000000
1785473682.736000061 36.843972900 128.092419500 293.173000000 0.014000000 0.014000000 0.023000000
1785473683.233000040 36.843973000 128.092419500 293.155000000 0.015000000 0.015000000 0.027000001
1785473683.733000040 36.843973000 128.092419500 293.163000000 0.015000000 0.015000000 0.027000001
1785473684.247999907 36.843973000 128.092419500 293.164000000 0.014000000 0.014000000 0.024000000
1785473684.729000092 36.843973000 128.092419500 293.182000000 0.014000000 0.014000000 0.020000000
1785473685.233999968 36.843973000 128.092419500 293.180000000 0.014000000 0.014000000 0.017999999
1785473685.729000092 36.843973000 128.092419500 293.164000000 0.014000000 0.014000000 0.018999999
1785473686.234999895 36.843973000 128.092419600 293.164000000 0.014000000 0.014000000 0.017999999
1785473686.723000050 36.843973000 128.092419500 293.162000000 0.014000000 0.014000000 0.017999999
1785473687.240000010 36.843973000 128.092419600 293.149000000 0.014000000 0.014000000 0.018999999
1785473687.729000092 36.843973000 128.092419600 293.152000000 0.014000000 0.014000000 0.017999999
1785473688.237999916 36.843973100 128.092419600 293.156000000 0.014000000 0.014000000 0.017999999
1785473688.729000092 36.843973000 128.092419600 293.169000000 0.014000000 0.014000000 0.017999999
1785473689.232000113 36.843973000 128.092419600 293.167000000 0.014000000 0.014000000 0.016000001
1785473689.730999947 36.843973000 128.092419500 293.144000000 0.014000000 0.014000000 0.017999999
1785473690.230999947 36.843973000 128.092419600 293.170000000 0.014000000 0.014000000 0.017999999
1785473690.724999905 36.843973000 128.092419600 293.166000000 0.014000000 0.014000000 0.017999999
1785473691.236999989 36.843973000 128.092419500 293.164000000 0.014000000 0.014000000 0.017999999
1785473691.723999977 36.843972900 128.092419500 293.173000000 0.014000000 0.014000000 0.017000001
1785473692.226999998 36.843973000 128.092419600 293.152000000 0.014000000 0.014000000 0.017999999
1785473692.723999977 36.843973000 128.092419500 293.168000000 0.014000000 0.014000000 0.017000001
1785473693.236000061 36.843973000 128.092419600 293.169000000 0.014000000 0.014000000 0.016000001
1785473693.727999926 36.843973000 128.092419500 293.167000000 0.014000000 0.014000000 0.017999999
1785473694.240999937 36.843973000 128.092419600 293.173000000 0.014000000 0.014000000 0.017999999
1785473694.724999905 36.843973000 128.092419600 293.167000000 0.014000000 0.014000000 0.017000001
1785473695.237999916 36.843973000 128.092419600 293.172000000 0.014000000 0.014000000 0.017999999
1785473695.729000092 36.843973000 128.092419600 293.156000000 0.014000000 0.014000000 0.017999999
1785473696.233000040 36.843973100 128.092419600 293.151000000 0.014000000 0.014000000 0.020000000
1785473696.723000050 36.843973100 128.092419600 293.167000000 0.014000000 0.014000000 0.020000000
1785473697.227999926 36.843973100 128.092419600 293.164000000 0.014000000 0.014000000 0.022000000
1785473697.736999989 36.843973100 128.092419600 293.156000000 0.014000000 0.014000000 0.024000000
1785473698.237999916 36.843973100 128.092419600 293.156000000 0.015000000 0.015000000 0.028000001
1785473698.729000092 36.843973100 128.092419600 293.156000000 0.014000000 0.014000000 0.024000000
1785473699.229000092 36.843973100 128.092419600 293.149000000 0.014000000 0.014000000 0.023000000
1785473699.727999926 36.843973100 128.092419600 293.156000000 0.014000000 0.014000000 0.023000000
1785473700.234999895 36.843973000 128.092419500 293.182000000 0.014000000 0.014000000 0.020000000
1785473700.730000019 36.843973100 128.092419600 293.172000000 0.014000000 0.014000000 0.021000000
1785473701.229000092 36.843973100 128.092419500 293.159000000 0.014000000 0.014000000 0.020000000
1785473701.726999998 36.843973000 128.092419600 293.175000000 0.014000000 0.014000000 0.018999999
1785473702.229000092 36.843973100 128.092419600 293.175000000 0.014000000 0.014000000 0.018999999
1785473702.723000050 36.843973100 128.092419500 293.143000000 0.014000000 0.014000000 0.020000000
1785473703.230000019 36.843973100 128.092419600 293.165000000 0.014000000 0.014000000 0.020000000
1785473703.736000061 36.843973100 128.092419600 293.162000000 0.014000000 0.014000000 0.020000000
1785473704.246000051 36.843973000 128.092419600 293.166000000 0.014000000 0.014000000 0.018999999
1785473704.720000029 36.843973000 128.092419500 293.187000000 0.014000000 0.014000000 0.017999999
1785473705.227999926 36.843973000 128.092419600 293.167000000 0.014000000 0.014000000 0.018999999
1785473705.721999884 36.843973000 128.092419600 293.175000000 0.014000000 0.014000000 0.018999999
1785473706.236999989 36.843973000 128.092419600 293.196000000 0.014000000 0.014000000 0.017000001
1785473706.721999884 36.843973000 128.092419600 293.177000000 0.014000000 0.014000000 0.018999999
1785473707.233000040 36.843973100 128.092419600 293.163000000 0.014000000 0.014000000 0.017000001
1785473707.717000008 36.843973100 128.092419600 293.174000000 0.014000000 0.014000000 0.017000001
1785473708.232000113 36.843973100 128.092419600 293.169000000 0.014000000 0.014000000 0.016000001
1785473708.723000050 36.843973100 128.092419600 293.171000000 0.014000000 0.014000000 0.016000001
1785473709.230000019 36.843973100 128.092419600 293.163000000 0.014000000 0.014000000 0.015000000
1785473709.724999905 36.843973100 128.092419500 293.168000000 0.014000000 0.014000000 0.017000001
1785473710.227999926 36.843973100 128.092419500 293.160000000 0.014000000 0.014000000 0.016000001
1785473710.723000050 36.843973000 128.092419600 293.178000000 0.014000000 0.014000000 0.016000001
1785473711.234999895 36.843973000 128.092419500 293.162000000 0.014000000 0.014000000 0.015000000
1785473711.721999884 36.843973000 128.092419600 293.169000000 0.014000000 0.014000000 0.017999999
1785473712.230000019 36.843973000 128.092419500 293.172000000 0.014000000 0.014000000 0.017000001
1785473712.720999956 36.843973100 128.092419500 293.162000000 0.014000000 0.014000000 0.017000001
1785473713.226999998 36.843973100 128.092419500 293.157000000 0.014000000 0.014000000 0.017000001
1785473713.723000050 36.843973100 128.092419600 293.170000000 0.014000000 0.014000000 0.017000001
1785473714.244999886 36.843973100 128.092419500 293.184000000 0.014000000 0.014000000 0.017000001
1785473714.723999977 36.843973100 128.092419600 293.186000000 0.014000000 0.014000000 0.015000000
1785473715.230999947 36.843973100 128.092419600 293.163000000 0.014000000 0.014000000 0.014000000
1785473715.721999884 36.843973100 128.092419600 293.166000000 0.014000000 0.014000000 0.014000000
1785473716.233000040 36.843973100 128.092419600 293.164000000 0.014000000 0.014000000 0.014000000
1785473716.720000029 36.843973100 128.092419600 293.166000000 0.014000000 0.014000000 0.014000000
1785473717.232000113 36.843973100 128.092419600 293.177000000 0.014000000 0.014000000 0.013000000
1785473717.723000050 36.843973100 128.092419600 293.171000000 0.014000000 0.014000000 0.013000000
1785473718.232000113 36.843973000 128.092419600 293.172000000 0.014000000 0.014000000 0.015000000
1785473718.729000092 36.843973100 128.092419600 293.186000000 0.014000000 0.014000000 0.015000000
1785473719.223999977 36.843973000 128.092419600 293.183000000 0.014000000 0.014000000 0.016000001
1785473719.723999977 36.843973000 128.092419600 293.178000000 0.014000000 0.014000000 0.017000001
1785473720.234999895 36.843973000 128.092419600 293.173000000 0.014000000 0.014000000 0.016000001
1785473720.723999977 36.843973000 128.092419600 293.168000000 0.014000000 0.014000000 0.016000001
1785473721.226000071 36.843973000 128.092419600 293.172000000 0.014000000 0.014000000 0.017000001
1785473721.727999926 36.843973000 128.092419600 293.180000000 0.014000000 0.014000000 0.017000001
1785473722.227999926 36.843973000 128.092419600 293.179000000 0.014000000 0.014000000 0.018999999
1785473722.717000008 36.843973000 128.092419600 293.176000000 0.014000000 0.014000000 0.017999999
1785473723.232000113 36.843973000 128.092419600 293.181000000 0.014000000 0.014000000 0.020000000
1785473723.719000101 36.843973000 128.092419600 293.179000000 0.014000000 0.014000000 0.021000000
1785473724.232000113 36.843973000 128.092419500 293.173000000 0.014000000 0.014000000 0.020000000
1785473724.716000080 36.843973100 128.092419600 293.175000000 0.014000000 0.014000000 0.020000000
1785473725.224999905 36.843973000 128.092419600 293.168000000 0.014000000 0.014000000 0.021000000
1785473725.723999977 36.843973000 128.092419600 293.177000000 0.014000000 0.014000000 0.021000000
1785473726.233000040 36.843973100 128.092419600 293.162000000 0.014000000 0.014000000 0.022000000
1785473726.723999977 36.843973000 128.092419500 293.171000000 0.014000000 0.014000000 0.020000000
1785473727.223999977 36.843973000 128.092419600 293.179000000 0.014000000 0.014000000 0.020000000
1785473727.729000092 36.843973100 128.092419600 293.168000000 0.014000000 0.014000000 0.021000000
1785473728.230000019 36.843973000 128.092419600 293.168000000 0.014000000 0.014000000 0.020000000
1785473728.723999977 36.843973000 128.092419500 293.168000000 0.014000000 0.014000000 0.017999999
1785473729.227999926 36.843973100 128.092419600 293.166000000 0.014000000 0.014000000 0.018999999
1785473729.730000019 36.843973000 128.092419600 293.158000000 0.014000000 0.014000000 0.020000000
1785473730.234999895 36.843973100 128.092419600 293.171000000 0.014000000 0.014000000 0.017999999
1785473730.721999884 36.843973100 128.092419600 293.174000000 0.014000000 0.014000000 0.018999999
1785473731.234999895 36.843973100 128.092419600 293.167000000 0.014000000 0.014000000 0.017999999
1785473731.726999998 36.843973100 128.092419600 293.158000000 0.014000000 0.014000000 0.021000000
1785473732.236999989 36.843973000 128.092419600 293.168000000 0.014000000 0.014000000 0.022000000
1785473732.723000050 36.843973100 128.092419600 293.159000000 0.014000000 0.014000000 0.018999999
1785473733.229000092 36.843973100 128.092419600 293.149000000 0.014000000 0.014000000 0.017999999
1785473733.721999884 36.843973000 128.092419600 293.152000000 0.014000000 0.014000000 0.017999999
1785473734.226000071 36.843973000 128.092419600 293.181000000 0.014000000 0.014000000 0.020000000
1785473734.723000050 36.843973100 128.092419600 293.178000000 0.014000000 0.014000000 0.020000000
1785473735.236000061 36.843973000 128.092419600 293.188000000 0.014000000 0.014000000 0.018999999
1785473735.730999947 36.843973100 128.092419600 293.178000000 0.014000000 0.014000000 0.021000000
1785473736.234999895 36.843973000 128.092419600 293.190000000 0.014000000 0.014000000 0.017999999
1785473736.726000071 36.843973000 128.092419600 293.179000000 0.014000000 0.014000000 0.018999999
1785473737.226999998 36.843973100 128.092419600 293.173000000 0.014000000 0.014000000 0.017000001
1785473737.727999926 36.843973000 128.092419600 293.172000000 0.014000000 0.014000000 0.017999999
1785473738.233999968 36.843973100 128.092419600 293.183000000 0.014000000 0.014000000 0.017999999
1785473738.720999956 36.843973300 128.092420600 293.175000000 0.014000000 0.014000000 0.020000000
1785473739.230000019 36.843974100 128.092426100 293.194000000 0.014000000 0.014000000 0.021000000
1785473739.723999977 36.843974100 128.092432300 293.191000000 0.014000000 0.014000000 0.020000000
1785473740.227999926 36.843973800 128.092438800 293.183000000 0.014000000 0.014000000 0.017999999
1785473740.720999956 36.843973700 128.092446100 293.187000000 0.014000000 0.014000000 0.020000000
1785473741.232000113 36.843973700 128.092449900 293.185000000 0.014000000 0.014000000 0.017999999
1785473741.720999956 36.843973400 128.092456300 293.170000000 0.014000000 0.014000000 0.020000000
1785473742.233999968 36.843973000 128.092466400 293.169000000 0.014000000 0.014000000 0.018999999
1785473742.720999956 36.843972700 128.092476200 293.154000000 0.014000000 0.014000000 0.020000000
1785473743.227999926 36.843974400 128.092485900 293.168000000 0.014000000 0.014000000 0.018999999
1785473743.720000029 36.843975000 128.092493300 293.167000000 0.014000000 0.014000000 0.017000001
1785473744.230999947 36.843975000 128.092494200 293.162000000 0.014000000 0.014000000 0.016000001
1785473744.724999905 36.843975000 128.092494200 293.173000000 0.014000000 0.014000000 0.016000001
1785473745.233999968 36.843975000 128.092494200 293.161000000 0.014000000 0.014000000 0.016000001
1785473745.732000113 36.843975000 128.092494200 293.169000000 0.014000000 0.014000000 0.016000001
1785473746.226999998 36.843975000 128.092494200 293.159000000 0.014000000 0.014000000 0.015000000
1785473746.717999935 36.843975000 128.092494200 293.173000000 0.014000000 0.014000000 0.015000000
1785473747.226000071 36.843975100 128.092494200 293.129000000 0.014000000 0.014000000 0.016000001
1785473747.734999895 36.843975000 128.092494100 293.131000000 0.014000000 0.014000000 0.016000001
1785473748.230999947 36.843975100 128.092494100 293.118000000 0.014000000 0.014000000 0.017000001
1785473748.729000092 36.843975000 128.092494100 293.123000000 0.014000000 0.014000000 0.017000001
1785473749.236999989 36.843975100 128.092494100 293.121000000 0.014000000 0.014000000 0.016000001
1785473749.733000040 36.843975100 128.092494200 293.123000000 0.014000000 0.014000000 0.017000001
1785473750.240000010 36.843975100 128.092494200 293.110000000 0.014000000 0.014000000 0.017000001
1785473750.720999956 36.843975100 128.092494200 293.106000000 0.014000000 0.014000000 0.017000001
