1772700810.0781731606 0.9666975655 -0.2559215054 0.0000000000 -0.0072550000 0.2559215054 0.9666975655 0.0000000000 0.0117800000 0.0000000000 0.0000000000 1.0000000000 -0.0077250000
1772700810.1782002449 0.9685766076 -0.2487154100 0.0000000000 -0.0069360000 0.2487154100 0.9685766076 0.0000000000 0.0129720000 0.0000000000 0.0000000000 1.0000000000 -0.0070300000
1772700810.2781949043 0.9673439581 -0.2534672893 0.0000000000 -0.0069910000 0.2534672893 0.9673439581 0.0000000000 0.0129350000 0.0000000000 0.0000000000 1.0000000000 -0.0077070000
1772700810.3782470226 0.9693611032 -0.2456400857 0.0000000000 -0.0066550000 0.2456400857 0.9693611032 0.0000000000 0.0129080000 0.0000000000 0.0000000000 1.0000000000 -0.0073670000
1772700810.3975186348 0.9699655149 -0.2432424713 0.0000000000 -0.0061450000 0.2432424713 0.9699655149 0.0000000000 0.0125300000 0.0000000000 0.0000000000 1.0000000000 -0.0080060000
1772700810.5783295631 0.9703416850 -0.2417374907 0.0000000000 -0.0061170000 0.2417374907 0.9703416850 0.0000000000 0.0123120000 0.0000000000 0.0000000000 1.0000000000 -0.0082440000
1772700810.6783604622 0.9704513248 -0.2412969668 0.0000000000 -0.0059880000 0.2412969668 0.9704513248 0.0000000000 0.0123760000 0.0000000000 0.0000000000 1.0000000000 -0.0076220000
1772700810.7783794403 0.9708621156 -0.2396387961 0.0000000000 -0.0053120000 0.2396387961 0.9708621156 0.0000000000 0.0122060000 0.0000000000 0.0000000000 1.0000000000 -0.0079510000
1772700810.8785264492 0.9684042126 -0.2493858074 0.0000000000 -0.0046700000 0.2493858074 0.9684042126 0.0000000000 0.0129320000 0.0000000000 0.0000000000 1.0000000000 -0.0083380000
1772700810.9785990715 0.9686362376 -0.2484830761 0.0000000000 -0.0030710000 0.2484830761 0.9686362376 0.0000000000 0.0142210000 0.0000000000 0.0000000000 1.0000000000 -0.0075280000
1772700811.0786464214 0.9687502161 -0.2480383413 0.0000000000 -0.0018160000 0.2480383413 0.9687502161 0.0000000000 0.0143110000 0.0000000000 0.0000000000 1.0000000000 -0.0074960000
1772700811.1786375046 0.9700187539 -0.2430300744 0.0000000000 -0.0021320000 0.2430300744 0.9700187539 0.0000000000 0.0136920000 0.0000000000 0.0000000000 1.0000000000 -0.0077410000
1772700811.2785911560 0.9695870786 -0.2447465975 0.0000000000 -0.0023790000 0.2447465975 0.9695870786 0.0000000000 0.0132380000 0.0000000000 0.0000000000 1.0000000000 -0.0072010000
1772700811.3785121441 0.9701486712 -0.2425109396 0.0000000000 -0.0024120000 0.2425109396 0.9701486712 0.0000000000 0.0128140000 0.0000000000 0.0000000000 1.0000000000 -0.0066480000
1772700811.4784147739 0.9685495570 -0.2488207300 0.0000000000 -0.0019720000 0.2488207300 0.9685495570 0.0000000000 0.0121720000 0.0000000000 0.0000000000 1.0000000000 -0.0079470000
1772700811.5784175396 0.9694092427 -0.2454500358 0.0000000000 -0.0010970000 0.2454500358 0.9694092427 0.0000000000 0.0122010000 0.0000000000 0.0000000000 1.0000000000 -0.0080600000
1772700811.6783871651 0.9685821365 -0.2486938777 0.0000000000 -0.0012950000 0.2486938777 0.9685821365 0.0000000000 0.0126230000 0.0000000000 0.0000000000 1.0000000000 -0.0084910000
1772700811.7784142494 0.9700126323 -0.2430545067 0.0000000000 -0.0026590000 0.2430545067 0.9700126323 0.0000000000 0.0130390000 0.0000000000 0.0000000000 1.0000000000 -0.0079280000
1772700811.8784406185 0.9679068052 -0.2513094038 0.0000000000 -0.0030720000 0.2513094038 0.9679068052 0.0000000000 0.0126540000 0.0000000000 0.0000000000 1.0000000000 -0.0086160000
1772700811.9785296917 0.9688486707 -0.2476534945 0.0000000000 -0.0024940000 0.2476534945 0.9688486707 0.0000000000 0.0127010000 0.0000000000 0.0000000000 1.0000000000 -0.0078910000
1772700812.0785946846 0.9697666869 -0.2440339585 0.0000000000 -0.0024190000 0.2440339585 0.9697666869 0.0000000000 0.0127090000 0.0000000000 0.0000000000 1.0000000000 -0.0068440000
1772700812.1786556244 0.9701277561 -0.2425945935 0.0000000000 -0.0034600000 0.2425945935 0.9701277561 0.0000000000 0.0128150000 0.0000000000 0.0000000000 1.0000000000 -0.0073700000
1772700812.2786543369 0.9689508897 -0.2472532574 0.0000000000 -0.0038350000 0.2472532574 0.9689508897 0.0000000000 0.0126320000 0.0000000000 0.0000000000 1.0000000000 -0.0075330000
1772700812.3786401749 0.9700791854 -0.2427887437 0.0000000000 -0.0031850000 0.2427887437 0.9700791854 0.0000000000 0.0130170000 0.0000000000 0.0000000000 1.0000000000 -0.0079290000
1772700812.4785950184 0.9691180744 -0.2465971569 0.0000000000 -0.0023290000 0.2465971569 0.9691180744 0.0000000000 0.0139010000 0.0000000000 0.0000000000 1.0000000000 -0.0082670000
1772700812.5785384178 0.9695418128 -0.2449258523 0.0000000000 -0.0018350000 0.2449258523 0.9695418128 0.0000000000 0.0148160000 0.0000000000 0.0000000000 1.0000000000 -0.0078380000
1772700812.6784017086 0.9708247393 -0.2397901699 0.0000000000 -0.0012520000 0.2397901699 0.9708247393 0.0000000000 0.0151140000 0.0000000000 0.0000000000 1.0000000000 -0.0079310000
1772700812.7783317566 0.9715781900 -0.2367188644 0.0000000000 -0.0018890000 0.2367188644 0.9715781900 0.0000000000 0.0148640000 0.0000000000 0.0000000000 1.0000000000 -0.0072200000
1772700812.8782570362 0.9716372312 -0.2364764066 0.0000000000 -0.0022150000 0.2364764066 0.9716372312 0.0000000000 0.0145180000 0.0000000000 0.0000000000 1.0000000000 -0.0070280000
1772700812.9782447815 0.9697971288 -0.2439129536 0.0000000000 -0.0017540000 0.2439129536 0.9697971288 0.0000000000 0.0140180000 0.0000000000 0.0000000000 1.0000000000 -0.0075040000
1772700813.0782489777 0.9685306206 -0.2488944294 0.0000000000 -0.0016850000 0.2488944294 0.9685306206 0.0000000000 0.0133050000 0.0000000000 0.0000000000 1.0000000000 -0.0080570000
1772700813.1783328056 0.9716098773 -0.2365887705 0.0000000000 -0.0020130000 0.2365887705 0.9716098773 0.0000000000 0.0130120000 0.0000000000 0.0000000000 1.0000000000 -0.0089750000
1772700813.2784247398 0.9718144009 -0.2357472590 0.0000000000 -0.0017790000 0.2357472590 0.9718144009 0.0000000000 0.0122650000 0.0000000000 0.0000000000 1.0000000000 -0.0089060000
1772700813.3785781860 0.9696252256 -0.2445954248 0.0000000000 -0.0010260000 0.2445954248 0.9696252256 0.0000000000 0.0127750000 0.0000000000 0.0000000000 1.0000000000 -0.0084540000
1772700813.4786200523 0.9694405390 -0.2453263977 0.0000000000 -0.0000400000 0.2453263977 0.9694405390 0.0000000000 0.0126250000 0.0000000000 0.0000000000 1.0000000000 -0.0087550000
1772700813.5787060261 0.9713853928 -0.2375087759 0.0000000000 -0.0000270000 0.2375087759 0.9713853928 0.0000000000 0.0121060000 0.0000000000 0.0000000000 1.0000000000 -0.0077350000
1772700813.6787114143 0.9712682848 -0.2379872241 0.0000000000 -0.0004510000 0.2379872241 0.9712682848 0.0000000000 0.0126490000 0.0000000000 0.0000000000 1.0000000000 -0.0081120000
1772700813.7787177563 0.9715597864 -0.2367943865 0.0000000000 -0.0011680000 0.2367943865 0.9715597864 0.0000000000 0.0124760000 0.0000000000 0.0000000000 1.0000000000 -0.0083980000
1772700813.8787043095 0.9704239825 -0.2414069060 0.0000000000 -0.0020170000 0.2414069060 0.9704239825 0.0000000000 0.0120980000 0.0000000000 0.0000000000 1.0000000000 -0.0087040000
1772700813.9786577225 0.9706693976 -0.2404182200 0.0000000000 -0.0034250000 0.2404182200 0.9706693976 0.0000000000 0.0116920000 0.0000000000 0.0000000000 1.0000000000 -0.0085050000
1772700814.0785655975 0.9725317393 -0.2327703077 0.0000000000 -0.0028880000 0.2327703077 0.9725317393 0.0000000000 0.0116880000 0.0000000000 0.0000000000 1.0000000000 -0.0086490000
1772700814.1786189079 0.9690372787 -0.2469144638 0.0000000000 -0.0021200000 0.2469144638 0.9690372787 0.0000000000 0.0121160000 0.0000000000 0.0000000000 1.0000000000 -0.0079590000
1772700814.2782907486 0.9721623140 -0.2343084189 0.0000000000 -0.0022810000 0.2343084189 0.9721623140 0.0000000000 0.0127570000 0.0000000000 0.0000000000 1.0000000000 -0.0070550000
1772700814.2996966839 0.9716517320 -0.2364168179 0.0000000000 -0.0022170000 0.2364168179 0.9716517320 0.0000000000 0.0119440000 0.0000000000 0.0000000000 1.0000000000 -0.0077310000
1772700814.4781312943 0.9723071098 -0.2337068341 0.0000000000 -0.0020820000 0.2337068341 0.9723071098 0.0000000000 0.0112110000 0.0000000000 0.0000000000 1.0000000000 -0.0078390000
1772700814.5781462193 0.9737888208 -0.2274540229 0.0000000000 -0.0023840000 0.2274540229 0.9737888208 0.0000000000 0.0105140000 0.0000000000 0.0000000000 1.0000000000 -0.0072960000
1772700814.6782183647 0.9737506778 -0.2276172608 0.0000000000 -0.0037860000 0.2276172608 0.9737506778 0.0000000000 0.0103100000 0.0000000000 0.0000000000 1.0000000000 -0.0064380000
1772700814.7782270908 0.9703191824 -0.2418277990 0.0000000000 -0.0048510000 0.2418277990 0.9703191824 0.0000000000 0.0103290000 0.0000000000 0.0000000000 1.0000000000 -0.0069510000
1772700814.8781902790 0.9713777851 -0.2375398886 0.0000000000 -0.0054330000 0.2375398886 0.9713777851 0.0000000000 0.0098330000 0.0000000000 0.0000000000 1.0000000000 -0.0072300000
1772700814.9781081676 0.9725712608 -0.2326051219 0.0000000000 -0.0060650000 0.2326051219 0.9725712608 0.0000000000 0.0091820000 0.0000000000 0.0000000000 1.0000000000 -0.0074150000
1772700815.0781438351 0.9725045652 -0.2328838138 0.0000000000 -0.0064030000 0.2328838138 0.9725045652 0.0000000000 0.0089920000 0.0000000000 0.0000000000 1.0000000000 -0.0077690000
1772700815.1781961918 0.9702199252 -0.2422257144 0.0000000000 -0.0061880000 0.2422257144 0.9702199252 0.0000000000 0.0098600000 0.0000000000 0.0000000000 1.0000000000 -0.0084880000
1772700815.2783634663 0.9699519029 -0.2432967449 0.0000000000 -0.0060710000 0.2432967449 0.9699519029 0.0000000000 0.0106130000 0.0000000000 0.0000000000 1.0000000000 -0.0083300000
1772700815.3784203529 0.9705467199 -0.2409129813 0.0000000000 -0.0064480000 0.2409129813 0.9705467199 0.0000000000 0.0110510000 0.0000000000 0.0000000000 1.0000000000 -0.0076470000
1772700815.4784543514 0.9722254872 -0.2340461537 0.0000000000 -0.0058970000 0.2340461537 0.9722254872 0.0000000000 0.0114440000 0.0000000000 0.0000000000 1.0000000000 -0.0071250000
1772700815.5784201622 0.9717103232 -0.2361758830 0.0000000000 -0.0059340000 0.2361758830 0.9717103232 0.0000000000 0.0120470000 0.0000000000 0.0000000000 1.0000000000 -0.0062730000
1772700815.6783688068 0.9690468982 -0.2468767084 0.0000000000 -0.0056460000 0.2468767084 0.9690468982 0.0000000000 0.0123590000 0.0000000000 0.0000000000 1.0000000000 -0.0064070000
1772700815.7784056664 0.9696879158 -0.2443467740 0.0000000000 -0.0043450000 0.2443467740 0.9696879158 0.0000000000 0.0116690000 0.0000000000 0.0000000000 1.0000000000 -0.0067660000
1772700815.8783004284 0.9716717734 -0.2363344340 0.0000000000 -0.0032320000 0.2363344340 0.9716717734 0.0000000000 0.0108130000 0.0000000000 0.0000000000 1.0000000000 -0.0082280000
1772700815.9782624245 0.9711402384 -0.2385091977 0.0000000000 -0.0032550000 0.2385091977 0.9711402384 0.0000000000 0.0104520000 0.0000000000 0.0000000000 1.0000000000 -0.0080070000
1772700816.0782234669 0.9723027273 -0.2337250662 0.0000000000 -0.0038660000 0.2337250662 0.9723027273 0.0000000000 0.0101160000 0.0000000000 0.0000000000 1.0000000000 -0.0082990000
1772700816.1782374382 0.9718966127 -0.2354081016 0.0000000000 -0.0038710000 0.2354081016 0.9718966127 0.0000000000 0.0097770000 0.0000000000 0.0000000000 1.0000000000 -0.0080960000
1772700816.2783818245 0.9704769972 -0.2411936936 0.0000000000 -0.0035570000 0.2411936936 0.9704769972 0.0000000000 0.0101950000 0.0000000000 0.0000000000 1.0000000000 -0.0064550000
1772700816.3784914017 0.9721534463 -0.2343452086 0.0000000000 -0.0029570000 0.2343452086 0.9721534463 0.0000000000 0.0113890000 0.0000000000 0.0000000000 1.0000000000 -0.0060270000
1772700816.4786019325 0.9710866627 -0.2387272367 0.0000000000 -0.0032110000 0.2387272367 0.9710866627 0.0000000000 0.0119160000 0.0000000000 0.0000000000 1.0000000000 -0.0063540000
1772700816.5786685944 0.9716684971 -0.2363479040 0.0000000000 -0.0029420000 0.2363479040 0.9716684971 0.0000000000 0.0124550000 0.0000000000 0.0000000000 1.0000000000 -0.0068440000
1772700816.6786756516 0.9698321896 -0.2437735098 0.0000000000 -0.0022780000 0.2437735098 0.9698321896 0.0000000000 0.0133830000 0.0000000000 0.0000000000 1.0000000000 -0.0068980000
1772700816.7786169052 0.9698126149 -0.2438513728 0.0000000000 -0.0022280000 0.2438513728 0.9698126149 0.0000000000 0.0139060000 0.0000000000 0.0000000000 1.0000000000 -0.0074850000
1772700816.8786149025 0.9673282566 -0.2535272055 0.0000000000 -0.0021480000 0.2535272055 0.9673282566 0.0000000000 0.0123210000 0.0000000000 0.0000000000 1.0000000000 -0.0077980000
1772700816.9786014557 0.9695878673 -0.2447434730 0.0000000000 -0.0022090000 0.2447434730 0.9695878673 0.0000000000 0.0107490000 0.0000000000 0.0000000000 1.0000000000 -0.0076870000
1772700817.0786325932 0.9690282596 -0.2469498575 0.0000000000 -0.0026520000 0.2469498575 0.9690282596 0.0000000000 0.0108260000 0.0000000000 0.0000000000 1.0000000000 -0.0077850000
1772700817.1786775589 0.9689375430 -0.2473055556 0.0000000000 -0.0024220000 0.2473055556 0.9689375430 0.0000000000 0.0122930000 0.0000000000 0.0000000000 1.0000000000 -0.0074550000
1772700817.2787647247 0.9688095518 -0.2478064815 0.0000000000 -0.0022830000 0.2478064815 0.9688095518 0.0000000000 0.0135080000 0.0000000000 0.0000000000 1.0000000000 -0.0073080000
1772700817.3789312840 0.9720749258 -0.2346707026 0.0000000000 -0.0031080000 0.2346707026 0.9720749258 0.0000000000 0.0132360000 0.0000000000 0.0000000000 1.0000000000 -0.0079860000
1772700817.4790730476 0.9726880129 -0.2321164139 0.0000000000 -0.0034680000 0.2321164139 0.9726880129 0.0000000000 0.0120010000 0.0000000000 0.0000000000 1.0000000000 -0.0078980000
1772700817.5791304111 0.9706586223 -0.2404617203 0.0000000000 -0.0036710000 0.2404617203 0.9706586223 0.0000000000 0.0111590000 0.0000000000 0.0000000000 1.0000000000 -0.0076670000
1772700817.6791405678 0.9706723494 -0.2404063020 0.0000000000 -0.0040760000 0.2404063020 0.9706723494 0.0000000000 0.0112420000 0.0000000000 0.0000000000 1.0000000000 -0.0070220000
1772700817.7791612148 0.9702236578 -0.2422107634 0.0000000000 -0.0043460000 0.2422107634 0.9702236578 0.0000000000 0.0112390000 0.0000000000 0.0000000000 1.0000000000 -0.0075170000
1772700817.8791537285 0.9697218344 -0.2442121289 0.0000000000 -0.0040850000 0.2442121289 0.9697218344 0.0000000000 0.0109160000 0.0000000000 0.0000000000 1.0000000000 -0.0071700000
1772700817.9791729450 0.9727967551 -0.2316602540 0.0000000000 -0.0043620000 0.2316602540 0.9727967551 0.0000000000 0.0115550000 0.0000000000 0.0000000000 1.0000000000 -0.0078470000
1772700818.0791268349 0.9730500927 -0.2305938357 0.0000000000 -0.0039550000 0.2305938357 0.9730500927 0.0000000000 0.0118170000 0.0000000000 0.0000000000 1.0000000000 -0.0082480000
1772700818.1790704727 0.9706139354 -0.2406420338 0.0000000000 -0.0025940000 0.2406420338 0.9706139354 0.0000000000 0.0116180000 0.0000000000 0.0000000000 1.0000000000 -0.0081550000
1772700818.2790253162 0.9697492148 -0.2441033804 0.0000000000 -0.0021860000 0.2441033804 0.9697492148 0.0000000000 0.0117170000 0.0000000000 0.0000000000 1.0000000000 -0.0077760000
1772700818.3789067268 0.9707852813 -0.2399498646 0.0000000000 -0.0023170000 0.2399498646 0.9707852813 0.0000000000 0.0109920000 0.0000000000 0.0000000000 1.0000000000 -0.0073360000
1772700818.4788641930 0.9705176099 -0.2410302241 0.0000000000 -0.0025240000 0.2410302241 0.9705176099 0.0000000000 0.0102670000 0.0000000000 0.0000000000 1.0000000000 -0.0072990000
1772700818.5787734985 0.9703079977 -0.2418726722 0.0000000000 -0.0025810000 0.2418726722 0.9703079977 0.0000000000 0.0105710000 0.0000000000 0.0000000000 1.0000000000 -0.0069280000
1772700818.6786448956 0.9697468585 -0.2441127412 0.0000000000 -0.0033590000 0.2441127412 0.9697468585 0.0000000000 0.0100090000 0.0000000000 0.0000000000 1.0000000000 -0.0080050000
1772700818.7785964012 0.9711864437 -0.2383209843 0.0000000000 -0.0027700000 0.2383209843 0.9711864437 0.0000000000 0.0091360000 0.0000000000 0.0000000000 1.0000000000 -0.0079460000
1772700818.8784723282 0.9741461476 -0.2259187534 0.0000000000 -0.0015150000 0.2259187534 0.9741461476 0.0000000000 0.0093550000 0.0000000000 0.0000000000 1.0000000000 -0.0084030000
1772700818.9783983231 0.9724770535 -0.2329986704 0.0000000000 -0.0009820000 0.2329986704 0.9724770535 0.0000000000 0.0103660000 0.0000000000 0.0000000000 1.0000000000 -0.0079170000
1772700819.0783450603 0.9710977648 -0.2386820716 0.0000000000 -0.0007480000 0.2386820716 0.9710977648 0.0000000000 0.0109020000 0.0000000000 0.0000000000 1.0000000000 -0.0073550000
1772700819.1783888340 0.9704861731 -0.2411567704 0.0000000000 -0.0013300000 0.2411567704 0.9704861731 0.0000000000 0.0109490000 0.0000000000 0.0000000000 1.0000000000 -0.0077600000
1772700819.2784690857 0.9716272348 -0.2365174762 0.0000000000 -0.0033920000 0.2365174762 0.9716272348 0.0000000000 0.0110040000 0.0000000000 0.0000000000 1.0000000000 -0.0070780000
1772700819.3786711693 0.9717777875 -0.2358981385 0.0000000000 -0.0048480000 0.2358981385 0.9717777875 0.0000000000 0.0110100000 0.0000000000 0.0000000000 1.0000000000 -0.0064460000
1772700819.4787507057 0.9707818517 -0.2399637399 0.0000000000 -0.0041360000 0.2399637399 0.9707818517 0.0000000000 0.0102330000 0.0000000000 0.0000000000 1.0000000000 -0.0067910000
1772700819.5788578987 0.9710862589 -0.2387288793 0.0000000000 -0.0031540000 0.2387288793 0.9710862589 0.0000000000 0.0084600000 0.0000000000 0.0000000000 1.0000000000 -0.0076590000
1772700819.6789648533 0.9709005689 -0.2394829542 0.0000000000 -0.0031060000 0.2394829542 0.9709005689 0.0000000000 0.0079730000 0.0000000000 0.0000000000 1.0000000000 -0.0082270000
1772700819.7790579796 0.9699753791 -0.2432031330 0.0000000000 -0.0027660000 0.2432031330 0.9699753791 0.0000000000 0.0091270000 0.0000000000 0.0000000000 1.0000000000 -0.0072720000
1772700819.8791081905 0.9701530833 -0.2424932886 0.0000000000 -0.0030920000 0.2424932886 0.9701530833 0.0000000000 0.0100230000 0.0000000000 0.0000000000 1.0000000000 -0.0072150000
1772700819.9790885448 0.9733143881 -0.2294757110 0.0000000000 -0.0026560000 0.2294757110 0.9733143881 0.0000000000 0.0094760000 0.0000000000 0.0000000000 1.0000000000 -0.0076570000
1772700820.0790004730 0.9709049785 -0.2394650760 0.0000000000 -0.0015450000 0.2394650760 0.9709049785 0.0000000000 0.0081600000 0.0000000000 0.0000000000 1.0000000000 -0.0076920000
1772700820.1789152622 0.9746749730 -0.2236262441 0.0000000000 -0.0007880000 0.2236262441 0.9746749730 0.0000000000 0.0081610000 0.0000000000 0.0000000000 1.0000000000 -0.0074740000
1772700820.2788710594 0.9766759805 -0.2147184881 0.0000000000 -0.0012880000 0.2147184881 0.9766759805 0.0000000000 0.0089590000 0.0000000000 0.0000000000 1.0000000000 -0.0072500000
1772700820.3788833618 0.9730627643 -0.2305403583 0.0000000000 -0.0022040000 0.2305403583 0.9730627643 0.0000000000 0.0103510000 0.0000000000 0.0000000000 1.0000000000 -0.0070670000
1772700820.4789214134 0.9697364291 -0.2441541688 0.0000000000 -0.0020000000 0.2441541688 0.9697364291 0.0000000000 0.0109880000 0.0000000000 0.0000000000 1.0000000000 -0.0068680000
1772700820.5789430141 0.9746266324 -0.2238368322 0.0000000000 -0.0006750000 0.2238368322 0.9746266324 0.0000000000 0.0112280000 0.0000000000 0.0000000000 1.0000000000 -0.0077720000
1772700820.6790313721 0.9727992368 -0.2316498324 0.0000000000 -0.0008310000 0.2316498324 0.9727992368 0.0000000000 0.0103970000 0.0000000000 0.0000000000 1.0000000000 -0.0081270000
1772700820.7790350914 0.9725369751 -0.2327484306 0.0000000000 -0.0014270000 0.2327484306 0.9725369751 0.0000000000 0.0094180000 0.0000000000 0.0000000000 1.0000000000 -0.0079730000
1772700820.8789861202 0.9732933321 -0.2295650008 0.0000000000 -0.0020500000 0.2295650008 0.9732933321 0.0000000000 0.0094960000 0.0000000000 0.0000000000 1.0000000000 -0.0080830000
1772700820.9787936211 0.9729039082 -0.2312098297 0.0000000000 -0.0030920000 0.2312098297 0.9729039082 0.0000000000 0.0095060000 0.0000000000 0.0000000000 1.0000000000 -0.0079350000
1772700821.0786302090 0.9724196808 -0.2332379995 0.0000000000 -0.0040930000 0.2332379995 0.9724196808 0.0000000000 0.0092690000 0.0000000000 0.0000000000 1.0000000000 -0.0079170000
1772700821.1784646511 0.9735321537 -0.2285500945 0.0000000000 -0.0051010000 0.2285500945 0.9735321537 0.0000000000 0.0088590000 0.0000000000 0.0000000000 1.0000000000 -0.0076470000
1772700821.2783689499 0.9729781754 -0.2308970986 0.0000000000 -0.0049010000 0.2308970986 0.9729781754 0.0000000000 0.0088380000 0.0000000000 0.0000000000 1.0000000000 -0.0077140000
1772700821.3783173561 0.9737537942 -0.2276039287 0.0000000000 -0.0031650000 0.2276039287 0.9737537942 0.0000000000 0.0091950000 0.0000000000 0.0000000000 1.0000000000 -0.0073320000
1772700821.4783117771 0.9719979473 -0.2349893412 0.0000000000 -0.0019960000 0.2349893412 0.9719979473 0.0000000000 0.0094730000 0.0000000000 0.0000000000 1.0000000000 -0.0070620000
1772700821.5783166885 0.9696315272 -0.2445704427 0.0000000000 -0.0019730000 0.2445704427 0.9696315272 0.0000000000 0.0104190000 0.0000000000 0.0000000000 1.0000000000 -0.0075000000
1772700821.6782946587 0.9704280561 -0.2413905298 0.0000000000 -0.0026040000 0.2413905298 0.9704280561 0.0000000000 0.0120830000 0.0000000000 0.0000000000 1.0000000000 -0.0077720000
1772700821.7782363892 0.9698892124 -0.2435465370 0.0000000000 -0.0028430000 0.2435465370 0.9698892124 0.0000000000 0.0119850000 0.0000000000 0.0000000000 1.0000000000 -0.0083260000
1772700821.8782017231 0.9696259446 -0.2445925747 0.0000000000 -0.0027830000 0.2445925747 0.9696259446 0.0000000000 0.0113710000 0.0000000000 0.0000000000 1.0000000000 -0.0083970000
1772700821.9781332016 0.9688989881 -0.2474565637 0.0000000000 -0.0025710000 0.2474565637 0.9688989881 0.0000000000 0.0113050000 0.0000000000 0.0000000000 1.0000000000 -0.0081360000
1772700822.0780959129 0.9700674554 -0.2428356070 0.0000000000 -0.0024560000 0.2428356070 0.9700674554 0.0000000000 0.0106930000 0.0000000000 0.0000000000 1.0000000000 -0.0081390000
1772700822.1780676842 0.9718869763 -0.2354478822 0.0000000000 -0.0027220000 0.2354478822 0.9718869763 0.0000000000 0.0109490000 0.0000000000 0.0000000000 1.0000000000 -0.0080890000
1772700822.2779910564 0.9710868168 -0.2387266097 0.0000000000 -0.0027130000 0.2387266097 0.9710868168 0.0000000000 0.0116520000 0.0000000000 0.0000000000 1.0000000000 -0.0077510000
1772700822.3778614998 0.9705877678 -0.2407475544 0.0000000000 -0.0022040000 0.2407475544 0.9705877678 0.0000000000 0.0121670000 0.0000000000 0.0000000000 1.0000000000 -0.0073230000
1772700822.4777579308 0.9700245583 -0.2430069057 0.0000000000 -0.0016210000 0.2430069057 0.9700245583 0.0000000000 0.0119630000 0.0000000000 0.0000000000 1.0000000000 -0.0063830000
1772700822.5776925087 0.9697773861 -0.2439914370 0.0000000000 -0.0020800000 0.2439914370 0.9697773861 0.0000000000 0.0117080000 0.0000000000 0.0000000000 1.0000000000 -0.0065930000
1772700822.6776373386 0.9723098074 -0.2336956105 0.0000000000 -0.0015870000 0.2336956105 0.9723098074 0.0000000000 0.0118380000 0.0000000000 0.0000000000 1.0000000000 -0.0073870000
1772700822.7777345181 0.9709964629 -0.2390938497 0.0000000000 -0.0011260000 0.2390938497 0.9709964629 0.0000000000 0.0111500000 0.0000000000 0.0000000000 1.0000000000 -0.0076050000
1772700822.8778173923 0.9720524821 -0.2347636513 0.0000000000 -0.0023740000 0.2347636513 0.9720524821 0.0000000000 0.0109660000 0.0000000000 0.0000000000 1.0000000000 -0.0078370000
1772700822.9779973030 0.9689710320 -0.2471743093 0.0000000000 -0.0031540000 0.2471743093 0.9689710320 0.0000000000 0.0111670000 0.0000000000 0.0000000000 1.0000000000 -0.0085150000
1772700823.0781095028 0.9703718482 -0.2416163823 0.0000000000 -0.0030610000 0.2416163823 0.9703718482 0.0000000000 0.0106660000 0.0000000000 0.0000000000 1.0000000000 -0.0083750000
1772700823.1781101227 0.9711246888 -0.2385725024 0.0000000000 -0.0024370000 0.2385725024 0.9711246888 0.0000000000 0.0099630000 0.0000000000 0.0000000000 1.0000000000 -0.0078700000
1772700823.2780697346 0.9689576563 -0.2472267386 0.0000000000 -0.0029420000 0.2472267386 0.9689576563 0.0000000000 0.0098300000 0.0000000000 0.0000000000 1.0000000000 -0.0078770000
1772700823.3781161308 0.9690591236 -0.2468287160 0.0000000000 -0.0042140000 0.2468287160 0.9690591236 0.0000000000 0.0108460000 0.0000000000 0.0000000000 1.0000000000 -0.0074320000
1772700823.4782471657 0.9709773167 -0.2391715919 0.0000000000 -0.0043740000 0.2391715919 0.9709773167 0.0000000000 0.0115710000 0.0000000000 0.0000000000 1.0000000000 -0.0075600000
1772700823.5782697201 0.9697406203 -0.2441375213 0.0000000000 -0.0046280000 0.2441375213 0.9697406203 0.0000000000 0.0115060000 0.0000000000 0.0000000000 1.0000000000 -0.0082090000
1772700823.6782324314 0.9701525867 -0.2424952754 0.0000000000 -0.0053650000 0.2424952754 0.9701525867 0.0000000000 0.0106410000 0.0000000000 0.0000000000 1.0000000000 -0.0078680000
1772700823.7781360149 0.9725874620 -0.2325373706 0.0000000000 -0.0057650000 0.2325373706 0.9725874620 0.0000000000 0.0089790000 0.0000000000 0.0000000000 1.0000000000 -0.0077070000
1772700823.8780045509 0.9720251017 -0.2348769925 0.0000000000 -0.0053890000 0.2348769925 0.9720251017 0.0000000000 0.0078540000 0.0000000000 0.0000000000 1.0000000000 -0.0085080000
1772700823.9779286385 0.9718878385 -0.2354443235 0.0000000000 -0.0046370000 0.2354443235 0.9718878385 0.0000000000 0.0090100000 0.0000000000 0.0000000000 1.0000000000 -0.0076880000
1772700824.0778546333 0.9716702082 -0.2363408691 0.0000000000 -0.0049160000 0.2363408691 0.9716702082 0.0000000000 0.0104060000 0.0000000000 0.0000000000 1.0000000000 -0.0071560000
1772700824.1777913570 0.9710545885 -0.2388576693 0.0000000000 -0.0041770000 0.2388576693 0.9710545885 0.0000000000 0.0114660000 0.0000000000 0.0000000000 1.0000000000 -0.0070420000
1772700824.2777664661 0.9704648750 -0.2412424639 0.0000000000 -0.0035640000 0.2412424639 0.9704648750 0.0000000000 0.0120270000 0.0000000000 0.0000000000 1.0000000000 -0.0079260000
1772700824.3777508736 0.9716387687 -0.2364700894 0.0000000000 -0.0040740000 0.2364700894 0.9716387687 0.0000000000 0.0120950000 0.0000000000 0.0000000000 1.0000000000 -0.0086770000
1772700824.4778406620 0.9702052984 -0.2422842935 0.0000000000 -0.0040220000 0.2422842935 0.9702052984 0.0000000000 0.0114620000 0.0000000000 0.0000000000 1.0000000000 -0.0086440000
1772700824.5779309273 0.9693614998 -0.2456385203 0.0000000000 -0.0035130000 0.2456385203 0.9693614998 0.0000000000 0.0108310000 0.0000000000 0.0000000000 1.0000000000 -0.0078540000
1772700824.6779832840 0.9708051277 -0.2398695562 0.0000000000 -0.0029740000 0.2398695562 0.9708051277 0.0000000000 0.0102650000 0.0000000000 0.0000000000 1.0000000000 -0.0072840000
1772700824.7780797482 0.9705845662 -0.2407604614 0.0000000000 -0.0031400000 0.2407604614 0.9705845662 0.0000000000 0.0109420000 0.0000000000 0.0000000000 1.0000000000 -0.0071560000
1772700824.8781471252 0.9699475240 -0.2433142014 0.0000000000 -0.0032340000 0.2433142014 0.9699475240 0.0000000000 0.0121850000 0.0000000000 0.0000000000 1.0000000000 -0.0075710000
1772700824.9781196117 0.9722063048 -0.2341258228 0.0000000000 -0.0032130000 0.2341258228 0.9722063048 0.0000000000 0.0126820000 0.0000000000 0.0000000000 1.0000000000 -0.0079140000
1772700825.0780951977 0.9717086304 -0.2361828477 0.0000000000 -0.0031760000 0.2361828477 0.9717086304 0.0000000000 0.0124950000 0.0000000000 0.0000000000 1.0000000000 -0.0083120000
1772700825.1780817509 0.9732453833 -0.2297681959 0.0000000000 -0.0034350000 0.2297681959 0.9732453833 0.0000000000 0.0119450000 0.0000000000 0.0000000000 1.0000000000 -0.0082610000
1772700825.2780821323 0.9716079565 -0.2365966587 0.0000000000 -0.0035750000 0.2365966587 0.9716079565 0.0000000000 0.0118820000 0.0000000000 0.0000000000 1.0000000000 -0.0088240000
1772700825.3781933784 0.9717591867 -0.2359747509 0.0000000000 -0.0033500000 0.2359747509 0.9717591867 0.0000000000 0.0117990000 0.0000000000 0.0000000000 1.0000000000 -0.0086180000
1772700825.4780266285 0.9706899537 -0.2403352112 0.0000000000 -0.0028010000 0.2403352112 0.9706899537 0.0000000000 0.0118280000 0.0000000000 0.0000000000 1.0000000000 -0.0086880000
1772700825.5780255795 0.9691546916 -0.2464532082 0.0000000000 -0.0030680000 0.2464532082 0.9691546916 0.0000000000 0.0113130000 0.0000000000 0.0000000000 1.0000000000 -0.0089050000
1772700825.6780040264 0.9718828358 -0.2354649728 0.0000000000 -0.0031000000 0.2354649728 0.9718828358 0.0000000000 0.0109140000 0.0000000000 0.0000000000 1.0000000000 -0.0082970000
1772700825.7779316902 0.9714259577 -0.2373428085 0.0000000000 -0.0029900000 0.2373428085 0.9714259577 0.0000000000 0.0110790000 0.0000000000 0.0000000000 1.0000000000 -0.0080590000
1772700825.8779902458 0.9719893876 -0.2350247444 0.0000000000 -0.0027280000 0.2350247444 0.9719893876 0.0000000000 0.0106920000 0.0000000000 0.0000000000 1.0000000000 -0.0080150000
1772700825.9779527187 0.9721461340 -0.2343755409 0.0000000000 -0.0026610000 0.2343755409 0.9721461340 0.0000000000 0.0098070000 0.0000000000 0.0000000000 1.0000000000 -0.0080830000
1772700826.0779349804 0.9730150390 -0.2307417039 0.0000000000 -0.0023500000 0.2307417039 0.9730150390 0.0000000000 0.0094830000 0.0000000000 0.0000000000 1.0000000000 -0.0080080000
1772700826.1779754162 0.9718178857 -0.2357328934 0.0000000000 -0.0015130000 0.2357328934 0.9718178857 0.0000000000 0.0101510000 0.0000000000 0.0000000000 1.0000000000 -0.0071260000
1772700826.2780392170 0.9709953680 -0.2390982962 0.0000000000 -0.0008070000 0.2390982962 0.9709953680 0.0000000000 0.0104320000 0.0000000000 0.0000000000 1.0000000000 -0.0073510000
1772700826.3780322075 0.9709782252 -0.2391679036 0.0000000000 -0.0019590000 0.2391679036 0.9709782252 0.0000000000 0.0102220000 0.0000000000 0.0000000000 1.0000000000 -0.0079100000
1772700826.4779639244 0.9712144243 -0.2382069310 0.0000000000 -0.0038590000 0.2382069310 0.9712144243 0.0000000000 0.0104460000 0.0000000000 0.0000000000 1.0000000000 -0.0074550000
1772700826.5778529644 0.9693680866 -0.2456125255 0.0000000000 -0.0045550000 0.2456125255 0.9693680866 0.0000000000 0.0107940000 0.0000000000 0.0000000000 1.0000000000 -0.0076210000
1772700826.6777417660 0.9698372797 -0.2437532581 0.0000000000 -0.0040190000 0.2437532581 0.9698372797 0.0000000000 0.0108020000 0.0000000000 0.0000000000 1.0000000000 -0.0082990000
1772700826.7777748108 0.9695439756 -0.2449172907 0.0000000000 -0.0043620000 0.2449172907 0.9695439756 0.0000000000 0.0111180000 0.0000000000 0.0000000000 1.0000000000 -0.0079060000
1772700826.8777911663 0.9686519269 -0.2484219082 0.0000000000 -0.0049110000 0.2484219082 0.9686519269 0.0000000000 0.0115670000 0.0000000000 0.0000000000 1.0000000000 -0.0075320000
1772700826.9779045582 0.9704972786 -0.2411120742 0.0000000000 -0.0052850000 0.2411120742 0.9704972786 0.0000000000 0.0114550000 0.0000000000 0.0000000000 1.0000000000 -0.0082540000
1772700827.0779340267 0.9688678723 -0.2475783636 0.0000000000 -0.0049550000 0.2475783636 0.9688678723 0.0000000000 0.0113820000 0.0000000000 0.0000000000 1.0000000000 -0.0085730000
1772700827.1779665947 0.9703361976 -0.2417595160 0.0000000000 -0.0031870000 0.2417595160 0.9703361976 0.0000000000 0.0117450000 0.0000000000 0.0000000000 1.0000000000 -0.0090730000
1772700827.2779266834 0.9699062699 -0.2434785980 0.0000000000 -0.0022580000 0.2434785980 0.9699062699 0.0000000000 0.0134100000 0.0000000000 0.0000000000 1.0000000000 -0.0085060000
1772700827.3778927326 0.9712018513 -0.2382581878 0.0000000000 -0.0020150000 0.2382581878 0.9712018513 0.0000000000 0.0140410000 0.0000000000 0.0000000000 1.0000000000 -0.0085040000
1772700827.4779853821 0.9736239694 -0.2281586425 0.0000000000 -0.0016720000 0.2281586425 0.9736239694 0.0000000000 0.0128120000 0.0000000000 0.0000000000 1.0000000000 -0.0073420000
1772700827.5780286789 0.9712285032 -0.2381495216 0.0000000000 -0.0013440000 0.2381495216 0.9712285032 0.0000000000 0.0110310000 0.0000000000 0.0000000000 1.0000000000 -0.0071030000
1772700827.6780381203 0.9711321052 -0.2385423110 0.0000000000 -0.0006260000 0.2385423110 0.9711321052 0.0000000000 0.0113450000 0.0000000000 0.0000000000 1.0000000000 -0.0069570000
1772700827.7780401707 0.9708638023 -0.2396319623 0.0000000000 -0.0008450000 0.2396319623 0.9708638023 0.0000000000 0.0118270000 0.0000000000 0.0000000000 1.0000000000 -0.0071890000
1772700827.8779909611 0.9729142912 -0.2311661351 0.0000000000 -0.0025360000 0.2311661351 0.9729142912 0.0000000000 0.0118940000 0.0000000000 0.0000000000 1.0000000000 -0.0080310000
1772700827.9780237675 0.9715119802 -0.2369904476 0.0000000000 -0.0036000000 0.2369904476 0.9715119802 0.0000000000 0.0118760000 0.0000000000 0.0000000000 1.0000000000 -0.0088500000
1772700828.0779845715 0.9710998337 -0.2386736539 0.0000000000 -0.0038830000 0.2386736539 0.9710998337 0.0000000000 0.0122680000 0.0000000000 0.0000000000 1.0000000000 -0.0087640000
1772700828.1779315472 0.9702359948 -0.2421613397 0.0000000000 -0.0032090000 0.2421613397 0.9702359948 0.0000000000 0.0121740000 0.0000000000 0.0000000000 1.0000000000 -0.0086640000
1772700828.2779016495 0.9712185414 -0.2381901441 0.0000000000 -0.0032570000 0.2381901441 0.9712185414 0.0000000000 0.0112770000 0.0000000000 0.0000000000 1.0000000000 -0.0076200000
1772700828.3778321743 0.9704357446 -0.2413596187 0.0000000000 -0.0042350000 0.2413596187 0.9704357446 0.0000000000 0.0109400000 0.0000000000 0.0000000000 1.0000000000 -0.0080410000
1772700828.4776868820 0.9716797132 -0.2363017880 0.0000000000 -0.0040370000 0.2363017880 0.9716797132 0.0000000000 0.0111010000 0.0000000000 0.0000000000 1.0000000000 -0.0076380000
1772700828.5777037144 0.9712933297 -0.2378849883 0.0000000000 -0.0023840000 0.2378849883 0.9712933297 0.0000000000 0.0114270000 0.0000000000 0.0000000000 1.0000000000 -0.0072630000
1772700828.6776714325 0.9728601444 -0.2313939056 0.0000000000 -0.0019160000 0.2313939056 0.9728601444 0.0000000000 0.0114120000 0.0000000000 0.0000000000 1.0000000000 -0.0078990000
1772700828.7778058052 0.9729015939 -0.2312195680 0.0000000000 -0.0028370000 0.2312195680 0.9729015939 0.0000000000 0.0103090000 0.0000000000 0.0000000000 1.0000000000 -0.0079770000
1772700828.8775501251 0.9713818996 -0.2375230621 0.0000000000 -0.0043400000 0.2375230621 0.9713818996 0.0000000000 0.0092260000 0.0000000000 0.0000000000 1.0000000000 -0.0078720000
1772700828.9775400162 0.9707909943 -0.2399267501 0.0000000000 -0.0053610000 0.2399267501 0.9707909943 0.0000000000 0.0095970000 0.0000000000 0.0000000000 1.0000000000 -0.0073430000
1772700829.0775418282 0.9695399178 -0.2449333537 0.0000000000 -0.0057640000 0.2449333537 0.9695399178 0.0000000000 0.0107710000 0.0000000000 0.0000000000 1.0000000000 -0.0064820000
1772700829.1774983406 0.9714775647 -0.2371314851 0.0000000000 -0.0058180000 0.2371314851 0.9714775647 0.0000000000 0.0120790000 0.0000000000 0.0000000000 1.0000000000 -0.0071560000
1772700829.2774689198 0.9711554008 -0.2384474523 0.0000000000 -0.0059620000 0.2384474523 0.9711554008 0.0000000000 0.0123870000 0.0000000000 0.0000000000 1.0000000000 -0.0085660000
1772700829.3774478436 0.9699649867 -0.2432445776 0.0000000000 -0.0068740000 0.2432445776 0.9699649867 0.0000000000 0.0116920000 0.0000000000 0.0000000000 1.0000000000 -0.0089840000
1772700829.4774439335 0.9695346584 -0.2449541714 0.0000000000 -0.0063120000 0.2449541714 0.9695346584 0.0000000000 0.0115060000 0.0000000000 0.0000000000 1.0000000000 -0.0086500000
1772700829.5773916245 0.9701412337 -0.2425406910 0.0000000000 -0.0050500000 0.2425406910 0.9701412337 0.0000000000 0.0120890000 0.0000000000 0.0000000000 1.0000000000 -0.0083890000
1772700829.6774044037 0.9694493020 -0.2452917667 0.0000000000 -0.0042990000 0.2452917667 0.9694493020 0.0000000000 0.0127710000 0.0000000000 0.0000000000 1.0000000000 -0.0076300000
1772700829.7773289680 0.9695856871 -0.2447521099 0.0000000000 -0.0042240000 0.2447521099 0.9695856871 0.0000000000 0.0134450000 0.0000000000 0.0000000000 1.0000000000 -0.0075260000
1772700829.8772549629 0.9703246058 -0.2418060367 0.0000000000 -0.0043050000 0.2418060367 0.9703246058 0.0000000000 0.0143400000 0.0000000000 0.0000000000 1.0000000000 -0.0076200000
1772700829.9772496223 0.9704259464 -0.2413990112 0.0000000000 -0.0053860000 0.2413990112 0.9704259464 0.0000000000 0.0141900000 0.0000000000 0.0000000000 1.0000000000 -0.0076940000
1772700830.0772240162 0.9702730954 -0.2420126449 0.0000000000 -0.0055920000 0.2420126449 0.9702730954 0.0000000000 0.0132920000 0.0000000000 0.0000000000 1.0000000000 -0.0071850000
1772700830.1772491932 0.9683985632 -0.2494077442 0.0000000000 -0.0045570000 0.2494077442 0.9683985632 0.0000000000 0.0119150000 0.0000000000 0.0000000000 1.0000000000 -0.0079860000
1772700830.2772970200 0.9715875270 -0.2366805385 0.0000000000 -0.0047140000 0.2366805385 0.9715875270 0.0000000000 0.0105410000 0.0000000000 0.0000000000 1.0000000000 -0.0086260000
1772700830.3773801327 0.9715410511 -0.2368712434 0.0000000000 -0.0047960000 0.2368712434 0.9715410511 0.0000000000 0.0092580000 0.0000000000 0.0000000000 1.0000000000 -0.0088940000
1772700830.4774222374 0.9727256850 -0.2319584916 0.0000000000 -0.0041120000 0.2319584916 0.9727256850 0.0000000000 0.0092850000 0.0000000000 0.0000000000 1.0000000000 -0.0086240000
1772700830.5774078369 0.9701710800 -0.2424212771 0.0000000000 -0.0040440000 0.2424212771 0.9701710800 0.0000000000 0.0101330000 0.0000000000 0.0000000000 1.0000000000 -0.0070550000
1772700830.6773948669 0.9697824606 -0.2439712672 0.0000000000 -0.0032010000 0.2439712672 0.9697824606 0.0000000000 0.0101770000 0.0000000000 0.0000000000 1.0000000000 -0.0073420000
1772700830.7773842812 0.9690183322 -0.2469888093 0.0000000000 -0.0033150000 0.2469888093 0.9690183322 0.0000000000 0.0098800000 0.0000000000 0.0000000000 1.0000000000 -0.0083000000
1772700830.8773641586 0.9710491764 -0.2388796706 0.0000000000 -0.0040340000 0.2388796706 0.9710491764 0.0000000000 0.0100960000 0.0000000000 0.0000000000 1.0000000000 -0.0079700000
1772700830.9773101807 0.9705197914 -0.2410214401 0.0000000000 -0.0049940000 0.2410214401 0.9705197914 0.0000000000 0.0103330000 0.0000000000 0.0000000000 1.0000000000 -0.0082710000
1772700831.0773220062 0.9726980894 -0.2320741840 0.0000000000 -0.0055170000 0.2320741840 0.9726980894 0.0000000000 0.0108340000 0.0000000000 0.0000000000 1.0000000000 -0.0084190000
1772700831.1773376465 0.9711899642 -0.2383066376 0.0000000000 -0.0053390000 0.2383066376 0.9711899642 0.0000000000 0.0109120000 0.0000000000 0.0000000000 1.0000000000 -0.0091360000
1772700831.2773373127 0.9714281104 -0.2373339974 0.0000000000 -0.0046120000 0.2373339974 0.9714281104 0.0000000000 0.0112070000 0.0000000000 0.0000000000 1.0000000000 -0.0092580000
1772700831.3773276806 0.9724119359 -0.2332702871 0.0000000000 -0.0032330000 0.2332702871 0.9724119359 0.0000000000 0.0118310000 0.0000000000 0.0000000000 1.0000000000 -0.0093700000
1772700831.4772732258 0.9717934265 -0.2358337046 0.0000000000 -0.0017200000 0.2358337046 0.9717934265 0.0000000000 0.0115970000 0.0000000000 0.0000000000 1.0000000000 -0.0090270000
1772700831.5772264004 0.9727613276 -0.2318089719 0.0000000000 -0.0015860000 0.2318089719 0.9727613276 0.0000000000 0.0116140000 0.0000000000 0.0000000000 1.0000000000 -0.0070890000
1772700831.6771538258 0.9718323582 -0.2356732218 0.0000000000 -0.0027070000 0.2356732218 0.9718323582 0.0000000000 0.0110670000 0.0000000000 0.0000000000 1.0000000000 -0.0070210000
1772700831.7771234512 0.9718383674 -0.2356484408 0.0000000000 -0.0031110000 0.2356484408 0.9718383674 0.0000000000 0.0095580000 0.0000000000 0.0000000000 1.0000000000 -0.0081670000
1772700831.8771576881 0.9702524815 -0.2420952748 0.0000000000 -0.0027780000 0.2420952748 0.9702524815 0.0000000000 0.0086270000 0.0000000000 0.0000000000 1.0000000000 -0.0084370000
1772700831.9771943092 0.9704693200 -0.2412245818 0.0000000000 -0.0019030000 0.2412245818 0.9704693200 0.0000000000 0.0090600000 0.0000000000 0.0000000000 1.0000000000 -0.0085620000
1772700832.0772383213 0.9721796979 -0.2342362802 0.0000000000 -0.0011840000 0.2342362802 0.9721796979 0.0000000000 0.0093630000 0.0000000000 0.0000000000 1.0000000000 -0.0084590000
1772700832.1773095131 0.9723174813 -0.2336636803 0.0000000000 -0.0016370000 0.2336636803 0.9723174813 0.0000000000 0.0088270000 0.0000000000 0.0000000000 1.0000000000 -0.0083010000
1772700832.2773849964 0.9728513496 -0.2314308785 0.0000000000 -0.0024050000 0.2314308785 0.9728513496 0.0000000000 0.0085230000 0.0000000000 0.0000000000 1.0000000000 -0.0071800000
1772700832.3774681091 0.9761264608 -0.2172029752 0.0000000000 -0.0028450000 0.2172029752 0.9761264608 0.0000000000 0.0081010000 0.0000000000 0.0000000000 1.0000000000 -0.0066570000
1772700832.4775688648 0.9730185064 -0.2307270817 0.0000000000 -0.0036290000 0.2307270817 0.9730185064 0.0000000000 0.0080630000 0.0000000000 0.0000000000 1.0000000000 -0.0064070000
1772700832.5776727200 0.9740379723 -0.2263846916 0.0000000000 -0.0052880000 0.2263846916 0.9740379723 0.0000000000 0.0078660000 0.0000000000 0.0000000000 1.0000000000 -0.0067530000
1772700832.6777453423 0.9704730584 -0.2412095413 0.0000000000 -0.0056850000 0.2412095413 0.9704730584 0.0000000000 0.0082590000 0.0000000000 0.0000000000 1.0000000000 -0.0074870000
1772700832.7777423859 0.9712143871 -0.2382070826 0.0000000000 -0.0051700000 0.2382070826 0.9712143871 0.0000000000 0.0096700000 0.0000000000 0.0000000000 1.0000000000 -0.0077670000
1772700832.8777031898 0.9705410120 -0.2409359751 0.0000000000 -0.0058470000 0.2409359751 0.9705410120 0.0000000000 0.0102170000 0.0000000000 0.0000000000 1.0000000000 -0.0084120000
1772700832.9776902199 0.9698096462 -0.2438631790 0.0000000000 -0.0068700000 0.2438631790 0.9698096462 0.0000000000 0.0101970000 0.0000000000 0.0000000000 1.0000000000 -0.0090230000
1772700833.0777409077 0.9698211749 -0.2438173266 0.0000000000 -0.0074640000 0.2438173266 0.9698211749 0.0000000000 0.0105400000 0.0000000000 0.0000000000 1.0000000000 -0.0092960000
1772700833.1776714325 0.9705357182 -0.2409572986 0.0000000000 -0.0071820000 0.2409572986 0.9705357182 0.0000000000 0.0101280000 0.0000000000 0.0000000000 1.0000000000 -0.0095410000
1772700833.2776470184 0.9717424818 -0.2360435322 0.0000000000 -0.0070200000 0.2360435322 0.9717424818 0.0000000000 0.0094640000 0.0000000000 0.0000000000 1.0000000000 -0.0091120000
1772700833.3775901794 0.9699733195 -0.2432113474 0.0000000000 -0.0063440000 0.2432113474 0.9699733195 0.0000000000 0.0092060000 0.0000000000 0.0000000000 1.0000000000 -0.0078730000
1772700833.4775590897 0.9706798885 -0.2403758598 0.0000000000 -0.0066310000 0.2403758598 0.9706798885 0.0000000000 0.0090660000 0.0000000000 0.0000000000 1.0000000000 -0.0076530000
1772700833.5774462223 0.9717945230 -0.2358291863 0.0000000000 -0.0064050000 0.2358291863 0.9717945230 0.0000000000 0.0089220000 0.0000000000 0.0000000000 1.0000000000 -0.0074420000
1772700833.6772758961 0.9696162160 -0.2446311381 0.0000000000 -0.0064320000 0.2446311381 0.9696162160 0.0000000000 0.0093860000 0.0000000000 0.0000000000 1.0000000000 -0.0073570000
1772700833.7771596909 0.9692088448 -0.2462401575 0.0000000000 -0.0060030000 0.2462401575 0.9692088448 0.0000000000 0.0096820000 0.0000000000 0.0000000000 1.0000000000 -0.0072030000
1772700833.8770058155 0.9707181523 -0.2402212914 0.0000000000 -0.0061280000 0.2402212914 0.9707181523 0.0000000000 0.0100920000 0.0000000000 0.0000000000 1.0000000000 -0.0072020000
1772700833.9770195484 0.9694738789 -0.2451946126 0.0000000000 -0.0056510000 0.2451946126 0.9694738789 0.0000000000 0.0105500000 0.0000000000 0.0000000000 1.0000000000 -0.0071830000
1772700834.0770874023 0.9725085785 -0.2328670537 0.0000000000 -0.0050390000 0.2328670537 0.9725085785 0.0000000000 0.0105960000 0.0000000000 0.0000000000 1.0000000000 -0.0075770000
1772700834.1772270203 0.9720543705 -0.2347558321 0.0000000000 -0.0053140000 0.2347558321 0.9720543705 0.0000000000 0.0099670000 0.0000000000 0.0000000000 1.0000000000 -0.0074500000
1772700834.2773938179 0.9703927658 -0.2415323583 0.0000000000 -0.0066600000 0.2415323583 0.9703927658 0.0000000000 0.0097680000 0.0000000000 0.0000000000 1.0000000000 -0.0081030000
1772700834.3776171207 0.9718350462 -0.2356621375 0.0000000000 -0.0072410000 0.2356621375 0.9718350462 0.0000000000 0.0104140000 0.0000000000 0.0000000000 1.0000000000 -0.0075770000
1772700834.4776811600 0.9730385250 -0.2306426431 0.0000000000 -0.0063050000 0.2306426431 0.9730385250 0.0000000000 0.0111360000 0.0000000000 0.0000000000 1.0000000000 -0.0082260000
1772700834.5777273178 0.9719874081 -0.2350329307 0.0000000000 -0.0056130000 0.2350329307 0.9719874081 0.0000000000 0.0119260000 0.0000000000 0.0000000000 1.0000000000 -0.0074400000
1772700834.6776237488 0.9681752602 -0.2502731818 0.0000000000 -0.0059440000 0.2502731818 0.9681752602 0.0000000000 0.0123990000 0.0000000000 0.0000000000 1.0000000000 -0.0077540000
1772700834.7775092125 0.9704535369 -0.2412880699 0.0000000000 -0.0073200000 0.2412880699 0.9704535369 0.0000000000 0.0114540000 0.0000000000 0.0000000000 1.0000000000 -0.0072430000
1772700834.8773751259 0.9725434659 -0.2327213076 0.0000000000 -0.0068760000 0.2327213076 0.9725434659 0.0000000000 0.0100930000 0.0000000000 0.0000000000 1.0000000000 -0.0073190000
1772700834.9772679806 0.9691898655 -0.2463148486 0.0000000000 -0.0067740000 0.2463148486 0.9691898655 0.0000000000 0.0096160000 0.0000000000 0.0000000000 1.0000000000 -0.0081090000
1772700835.0771939754 0.9716775931 -0.2363105056 0.0000000000 -0.0054070000 0.2363105056 0.9716775931 0.0000000000 0.0104850000 0.0000000000 0.0000000000 1.0000000000 -0.0090800000
1772700835.1771640778 0.9714903701 -0.2370790182 0.0000000000 -0.0037440000 0.2370790182 0.9714903701 0.0000000000 0.0116250000 0.0000000000 0.0000000000 1.0000000000 -0.0091940000
1772700835.2771434784 0.9704274850 -0.2413928259 0.0000000000 -0.0033450000 0.2413928259 0.9704274850 0.0000000000 0.0125110000 0.0000000000 0.0000000000 1.0000000000 -0.0086730000
1772700835.3770835400 0.9733275914 -0.2294197023 0.0000000000 -0.0034970000 0.2294197023 0.9733275914 0.0000000000 0.0123430000 0.0000000000 0.0000000000 1.0000000000 -0.0082600000
1772700835.4770548344 0.9710158097 -0.2390152657 0.0000000000 -0.0036510000 0.2390152657 0.9710158097 0.0000000000 0.0121490000 0.0000000000 0.0000000000 1.0000000000 -0.0083450000
1772700835.5770356655 0.9708151017 -0.2398291855 0.0000000000 -0.0038970000 0.2398291855 0.9708151017 0.0000000000 0.0119390000 0.0000000000 0.0000000000 1.0000000000 -0.0085520000
1772700835.6770749092 0.9696437756 -0.2445218773 0.0000000000 -0.0038140000 0.2445218773 0.9696437756 0.0000000000 0.0117270000 0.0000000000 0.0000000000 1.0000000000 -0.0079140000
1772700835.7771143913 0.9703495083 -0.2417060854 0.0000000000 -0.0036200000 0.2417060854 0.9703495083 0.0000000000 0.0119990000 0.0000000000 0.0000000000 1.0000000000 -0.0076630000
1772700835.8770835400 0.9697807143 -0.2439782085 0.0000000000 -0.0032630000 0.2439782085 0.9697807143 0.0000000000 0.0114520000 0.0000000000 0.0000000000 1.0000000000 -0.0070940000
1772700835.9770140648 0.9699140544 -0.2434475860 0.0000000000 -0.0030140000 0.2434475860 0.9699140544 0.0000000000 0.0106450000 0.0000000000 0.0000000000 1.0000000000 -0.0074180000
1772700836.0769445896 0.9706415721 -0.2405305354 0.0000000000 -0.0029930000 0.2405305354 0.9706415721 0.0000000000 0.0106230000 0.0000000000 0.0000000000 1.0000000000 -0.0083640000
1772700836.1768989563 0.9716750711 -0.2363208754 0.0000000000 -0.0022590000 0.2363208754 0.9716750711 0.0000000000 0.0110220000 0.0000000000 0.0000000000 1.0000000000 -0.0090370000
1772700836.2768671513 0.9708305923 -0.2397664721 0.0000000000 -0.0023310000 0.2397664721 0.9708305923 0.0000000000 0.0120490000 0.0000000000 0.0000000000 1.0000000000 -0.0080890000
1772700836.3768162727 0.9707327693 -0.2401622173 0.0000000000 -0.0038120000 0.2401622173 0.9707327693 0.0000000000 0.0126580000 0.0000000000 0.0000000000 1.0000000000 -0.0075750000
1772700836.4768278599 0.9711265900 -0.2385647631 0.0000000000 -0.0049650000 0.2385647631 0.9711265900 0.0000000000 0.0120860000 0.0000000000 0.0000000000 1.0000000000 -0.0071730000
1772700836.5768821239 0.9702482578 -0.2421122017 0.0000000000 -0.0047730000 0.2421122017 0.9702482578 0.0000000000 0.0119690000 0.0000000000 0.0000000000 1.0000000000 -0.0075550000
1772700836.6769995689 0.9712350845 -0.2381226800 0.0000000000 -0.0047560000 0.2381226800 0.9712350845 0.0000000000 0.0116680000 0.0000000000 0.0000000000 1.0000000000 -0.0073140000
1772700836.7770142555 0.9724667298 -0.2330417548 0.0000000000 -0.0052370000 0.2330417548 0.9724667298 0.0000000000 0.0110470000 0.0000000000 0.0000000000 1.0000000000 -0.0072620000
1772700836.8769986629 0.9717099758 -0.2361773126 0.0000000000 -0.0056120000 0.2361773126 0.9717099758 0.0000000000 0.0104520000 0.0000000000 0.0000000000 1.0000000000 -0.0080850000
1772700836.9769668579 0.9725283858 -0.2327843183 0.0000000000 -0.0055870000 0.2327843183 0.9725283858 0.0000000000 0.0098440000 0.0000000000 0.0000000000 1.0000000000 -0.0083190000
1772700837.0769267082 0.9710660737 -0.2388109722 0.0000000000 -0.0048870000 0.2388109722 0.9710660737 0.0000000000 0.0091340000 0.0000000000 0.0000000000 1.0000000000 -0.0074420000
1772700837.1769306660 0.9705544683 -0.2408817637 0.0000000000 -0.0041490000 0.2408817637 0.9705544683 0.0000000000 0.0081600000 0.0000000000 0.0000000000 1.0000000000 -0.0079520000
1772700837.2768445015 0.9716195877 -0.2365488889 0.0000000000 -0.0037020000 0.2365488889 0.9716195877 0.0000000000 0.0091660000 0.0000000000 0.0000000000 1.0000000000 -0.0076830000
1772700837.3768990040 0.9713851560 -0.2375097445 0.0000000000 -0.0042240000 0.2375097445 0.9713851560 0.0000000000 0.0105020000 0.0000000000 0.0000000000 1.0000000000 -0.0068610000
1772700837.4769082069 0.9722254945 -0.2340461235 0.0000000000 -0.0050920000 0.2340461235 0.9722254945 0.0000000000 0.0106300000 0.0000000000 0.0000000000 1.0000000000 -0.0063000000
1772700837.5769002438 0.9717028146 -0.2362067740 0.0000000000 -0.0060940000 0.2362067740 0.9717028146 0.0000000000 0.0103030000 0.0000000000 0.0000000000 1.0000000000 -0.0067360000
1772700837.6768100262 0.9716955385 -0.2362367045 0.0000000000 -0.0054880000 0.2362367045 0.9716955385 0.0000000000 0.0092470000 0.0000000000 0.0000000000 1.0000000000 -0.0079940000
1772700837.7766876221 0.9736997585 -0.2278349849 0.0000000000 -0.0044880000 0.2278349849 0.9736997585 0.0000000000 0.0086120000 0.0000000000 0.0000000000 1.0000000000 -0.0081850000
1772700837.8766677380 0.9722285929 -0.2340332524 0.0000000000 -0.0038710000 0.2340332524 0.9722285929 0.0000000000 0.0088320000 0.0000000000 0.0000000000 1.0000000000 -0.0081580000
1772700837.9767391682 0.9702287463 -0.2421903794 0.0000000000 -0.0041880000 0.2421903794 0.9702287463 0.0000000000 0.0098480000 0.0000000000 0.0000000000 1.0000000000 -0.0075280000
1772700838.0768225193 0.9692683775 -0.2460057160 0.0000000000 -0.0037380000 0.2460057160 0.9692683775 0.0000000000 0.0097340000 0.0000000000 0.0000000000 1.0000000000 -0.0072410000
1772700838.1769421101 0.9709590021 -0.2392459326 0.0000000000 -0.0037880000 0.2392459326 0.9709590021 0.0000000000 0.0093800000 0.0000000000 0.0000000000 1.0000000000 -0.0080990000
1772700838.2770595551 0.9691228665 -0.2465783234 0.0000000000 -0.0037600000 0.2465783234 0.9691228665 0.0000000000 0.0098950000 0.0000000000 0.0000000000 1.0000000000 -0.0063170000
1772700838.3771970272 0.9677673440 -0.2518459207 0.0000000000 -0.0043330000 0.2518459207 0.9677673440 0.0000000000 0.0109330000 0.0000000000 0.0000000000 1.0000000000 -0.0065100000
1772700838.4773378372 0.9680673408 -0.2506902943 0.0000000000 -0.0056670000 0.2506902943 0.9680673408 0.0000000000 0.0114160000 0.0000000000 0.0000000000 1.0000000000 -0.0075810000
1772700838.5774312019 0.9693931892 -0.2455134307 0.0000000000 -0.0060430000 0.2455134307 0.9693931892 0.0000000000 0.0123700000 0.0000000000 0.0000000000 1.0000000000 -0.0076080000
1772700838.6774177551 0.9702120876 -0.2422571053 0.0000000000 -0.0052220000 0.2422571053 0.9702120876 0.0000000000 0.0126990000 0.0000000000 0.0000000000 1.0000000000 -0.0086150000
1772700838.7774586678 0.9689377166 -0.2473048753 0.0000000000 -0.0046530000 0.2473048753 0.9689377166 0.0000000000 0.0115530000 0.0000000000 0.0000000000 1.0000000000 -0.0082350000
1772700838.8774461746 0.9720056897 -0.2349573134 0.0000000000 -0.0038320000 0.2349573134 0.9720056897 0.0000000000 0.0110710000 0.0000000000 0.0000000000 1.0000000000 -0.0076070000
1772700838.9775695801 0.9684277428 -0.2492944181 0.0000000000 -0.0031740000 0.2492944181 0.9684277428 0.0000000000 0.0121130000 0.0000000000 0.0000000000 1.0000000000 -0.0072790000
1772700839.0775864124 0.9707080727 -0.2402620185 0.0000000000 -0.0028410000 0.2402620185 0.9707080727 0.0000000000 0.0130870000 0.0000000000 0.0000000000 1.0000000000 -0.0073260000
1772700839.1776137352 0.9688914308 -0.2474861519 0.0000000000 -0.0030540000 0.2474861519 0.9688914308 0.0000000000 0.0140350000 0.0000000000 0.0000000000 1.0000000000 -0.0070680000
1772700839.2775671482 0.9669277582 -0.2550504075 0.0000000000 -0.0030210000 0.2550504075 0.9669277582 0.0000000000 0.0142040000 0.0000000000 0.0000000000 1.0000000000 -0.0075530000
1772700839.3775055408 0.9671079778 -0.2543661915 0.0000000000 -0.0032250000 0.2543661915 0.9671079778 0.0000000000 0.0129160000 0.0000000000 0.0000000000 1.0000000000 -0.0072470000
1772700839.4154455662 0.9699143542 -0.2434463914 0.0000000000 -0.0031550000 0.2434463914 0.9699143542 0.0000000000 0.0112080000 0.0000000000 0.0000000000 1.0000000000 -0.0076790000
1772700839.5773105621 0.9694361849 -0.2453436025 0.0000000000 -0.0038140000 0.2453436025 0.9694361849 0.0000000000 0.0105860000 0.0000000000 0.0000000000 1.0000000000 -0.0070900000
1772700839.6772973537 0.9693108059 -0.2458384866 0.0000000000 -0.0049870000 0.2458384866 0.9693108059 0.0000000000 0.0101020000 0.0000000000 0.0000000000 1.0000000000 -0.0072170000
1772700839.7772672176 0.9722035533 -0.2341372479 0.0000000000 -0.0056860000 0.2341372479 0.9722035533 0.0000000000 0.0100300000 0.0000000000 0.0000000000 1.0000000000 -0.0072610000
1772700839.8771624565 0.9710427484 -0.2389057989 0.0000000000 -0.0061090000 0.2389057989 0.9710427484 0.0000000000 0.0104910000 0.0000000000 0.0000000000 1.0000000000 -0.0068860000
1772700839.9771058559 0.9708285465 -0.2397747554 0.0000000000 -0.0057360000 0.2397747554 0.9708285465 0.0000000000 0.0100950000 0.0000000000 0.0000000000 1.0000000000 -0.0072730000
1772700840.0769779682 0.9688962219 -0.2474673942 0.0000000000 -0.0048180000 0.2474673942 0.9688962219 0.0000000000 0.0105050000 0.0000000000 0.0000000000 1.0000000000 -0.0072630000
1772700840.1769087315 0.9692551789 -0.2460577131 0.0000000000 -0.0041180000 0.2460577131 0.9692551789 0.0000000000 0.0108210000 0.0000000000 0.0000000000 1.0000000000 -0.0069970000
1772700840.2768564224 0.9698210341 -0.2438178866 0.0000000000 -0.0038940000 0.2438178866 0.9698210341 0.0000000000 0.0113730000 0.0000000000 0.0000000000 1.0000000000 -0.0068610000
1772700840.3158607483 0.9698945904 -0.2435251189 0.0000000000 -0.0040000000 0.2435251189 0.9698945904 0.0000000000 0.0127120000 0.0000000000 0.0000000000 1.0000000000 -0.0068550000
1772700840.4767730236 0.9687866187 -0.2478961223 0.0000000000 -0.0036930000 0.2478961223 0.9687866187 0.0000000000 0.0132230000 0.0000000000 0.0000000000 1.0000000000 -0.0074720000
1772700840.5767107010 0.9706857002 -0.2403523901 0.0000000000 -0.0038480000 0.2403523901 0.9706857002 0.0000000000 0.0123020000 0.0000000000 0.0000000000 1.0000000000 -0.0076600000
1772700840.6766281128 0.9715174573 -0.2369679939 0.0000000000 -0.0037910000 0.2369679939 0.9715174573 0.0000000000 0.0111480000 0.0000000000 0.0000000000 1.0000000000 -0.0081270000
1772700840.7766008377 0.9731120306 -0.2303323164 0.0000000000 -0.0033880000 0.2303323164 0.9731120306 0.0000000000 0.0098470000 0.0000000000 0.0000000000 1.0000000000 -0.0084820000
1772700840.8765833378 0.9735093877 -0.2286470469 0.0000000000 -0.0027640000 0.2286470469 0.9735093877 0.0000000000 0.0092360000 0.0000000000 0.0000000000 1.0000000000 -0.0070170000
1772700840.9765791893 0.9730726138 -0.2304987817 0.0000000000 -0.0025310000 0.2304987817 0.9730726138 0.0000000000 0.0093730000 0.0000000000 0.0000000000 1.0000000000 -0.0068240000
1772700841.0766360760 0.9725264306 -0.2327924864 0.0000000000 -0.0029420000 0.2327924864 0.9725264306 0.0000000000 0.0098620000 0.0000000000 0.0000000000 1.0000000000 -0.0070410000
1772700841.1767165661 0.9717574796 -0.2359817807 0.0000000000 -0.0034170000 0.2359817807 0.9717574796 0.0000000000 0.0103030000 0.0000000000 0.0000000000 1.0000000000 -0.0063370000
1772700841.2767727375 0.9709502847 -0.2392813088 0.0000000000 -0.0034960000 0.2392813088 0.9709502847 0.0000000000 0.0113750000 0.0000000000 0.0000000000 1.0000000000 -0.0072720000
1772700841.3768985271 0.9706189454 -0.2406218253 0.0000000000 -0.0040420000 0.2406218253 0.9706189454 0.0000000000 0.0125800000 0.0000000000 0.0000000000 1.0000000000 -0.0073050000
1772700841.4770946503 0.9678970734 -0.2513468823 0.0000000000 -0.0043400000 0.2513468823 0.9678970734 0.0000000000 0.0125620000 0.0000000000 0.0000000000 1.0000000000 -0.0074490000
1772700841.5772986412 0.9688152313 -0.2477842763 0.0000000000 -0.0045900000 0.2477842763 0.9688152313 0.0000000000 0.0129610000 0.0000000000 0.0000000000 1.0000000000 -0.0080960000
1772700841.6775085926 0.9685365161 -0.2488714870 0.0000000000 -0.0039370000 0.2488714870 0.9685365161 0.0000000000 0.0134790000 0.0000000000 0.0000000000 1.0000000000 -0.0076570000
1772700841.7776002884 0.9698560410 -0.2436785992 0.0000000000 -0.0040660000 0.2436785992 0.9698560410 0.0000000000 0.0127630000 0.0000000000 0.0000000000 1.0000000000 -0.0076570000
1772700841.8776209354 0.9706848800 -0.2403557024 0.0000000000 -0.0048930000 0.2403557024 0.9706848800 0.0000000000 0.0117640000 0.0000000000 0.0000000000 1.0000000000 -0.0076800000
1772700841.9776077271 0.9705335656 -0.2409659685 0.0000000000 -0.0047740000 0.2409659685 0.9705335656 0.0000000000 0.0106320000 0.0000000000 0.0000000000 1.0000000000 -0.0071250000
1772700842.0774950981 0.9700175996 -0.2430346818 0.0000000000 -0.0050760000 0.2430346818 0.9700175996 0.0000000000 0.0095690000 0.0000000000 0.0000000000 1.0000000000 -0.0062720000
1772700842.1773381233 0.9711005006 -0.2386709405 0.0000000000 -0.0053060000 0.2386709405 0.9711005006 0.0000000000 0.0095490000 0.0000000000 0.0000000000 1.0000000000 -0.0062690000
1772700842.2772154808 0.9683624964 -0.2495477420 0.0000000000 -0.0053060000 0.2495477420 0.9683624964 0.0000000000 0.0101020000 0.0000000000 0.0000000000 1.0000000000 -0.0069770000
1772700842.3770389557 0.9715862462 -0.2366857965 0.0000000000 -0.0051480000 0.2366857965 0.9715862462 0.0000000000 0.0098510000 0.0000000000 0.0000000000 1.0000000000 -0.0074120000
1772700842.4769101143 0.9693780265 -0.2455732920 0.0000000000 -0.0051370000 0.2455732920 0.9693780265 0.0000000000 0.0095850000 0.0000000000 0.0000000000 1.0000000000 -0.0074910000
1772700842.5768136978 0.9689880386 -0.2471076304 0.0000000000 -0.0045540000 0.2471076304 0.9689880386 0.0000000000 0.0103120000 0.0000000000 0.0000000000 1.0000000000 -0.0076820000
1772700842.6767780781 0.9718914141 -0.2354295633 0.0000000000 -0.0045960000 0.2354295633 0.9718914141 0.0000000000 0.0106030000 0.0000000000 0.0000000000 1.0000000000 -0.0073030000
1772700842.7768044472 0.9717419383 -0.2360457698 0.0000000000 -0.0051230000 0.2360457698 0.9717419383 0.0000000000 0.0110680000 0.0000000000 0.0000000000 1.0000000000 -0.0077370000
1772700842.8768553734 0.9720649282 -0.2347121117 0.0000000000 -0.0048040000 0.2347121117 0.9720649282 0.0000000000 0.0110060000 0.0000000000 0.0000000000 1.0000000000 -0.0071800000
1772700842.9766731262 0.9702283999 -0.2421917670 0.0000000000 -0.0047780000 0.2421917670 0.9702283999 0.0000000000 0.0101480000 0.0000000000 0.0000000000 1.0000000000 -0.0070450000
1772700843.0765800476 0.9708614252 -0.2396415929 0.0000000000 -0.0044170000 0.2396415929 0.9708614252 0.0000000000 0.0090540000 0.0000000000 0.0000000000 1.0000000000 -0.0071420000
1772700843.1764922142 0.9683415178 -0.2496291348 0.0000000000 -0.0044810000 0.2496291348 0.9683415178 0.0000000000 0.0096480000 0.0000000000 0.0000000000 1.0000000000 -0.0076290000
1772700843.2764074802 0.9674809875 -0.2529437464 0.0000000000 -0.0047390000 0.2529437464 0.9674809875 0.0000000000 0.0102310000 0.0000000000 0.0000000000 1.0000000000 -0.0071930000
1772700843.3763339520 0.9684403303 -0.2492455147 0.0000000000 -0.0043190000 0.2492455147 0.9684403303 0.0000000000 0.0102200000 0.0000000000 0.0000000000 1.0000000000 -0.0071680000
1772700843.4763925076 0.9695947265 -0.2447162977 0.0000000000 -0.0030250000 0.2447162977 0.9695947265 0.0000000000 0.0103490000 0.0000000000 0.0000000000 1.0000000000 -0.0072040000
1772700843.5764613152 0.9690894349 -0.2467096819 0.0000000000 -0.0023090000 0.2467096819 0.9690894349 0.0000000000 0.0102170000 0.0000000000 0.0000000000 1.0000000000 -0.0068320000
1772700843.6765708923 0.9694743793 -0.2451926341 0.0000000000 -0.0023250000 0.2451926341 0.9694743793 0.0000000000 0.0099070000 0.0000000000 0.0000000000 1.0000000000 -0.0065540000
1772700843.7766048908 0.9685118029 -0.2489676436 0.0000000000 -0.0033150000 0.2489676436 0.9685118029 0.0000000000 0.0092030000 0.0000000000 0.0000000000 1.0000000000 -0.0064450000
1772700843.8766677380 0.9704841109 -0.2411650688 0.0000000000 -0.0046220000 0.2411650688 0.9704841109 0.0000000000 0.0091810000 0.0000000000 0.0000000000 1.0000000000 -0.0068810000
1772700843.9768743515 0.9729156212 -0.2311605374 0.0000000000 -0.0046660000 0.2311605374 0.9729156212 0.0000000000 0.0093080000 0.0000000000 0.0000000000 1.0000000000 -0.0079350000
1772700844.0770194530 0.9689444131 -0.2472786372 0.0000000000 -0.0048540000 0.2472786372 0.9689444131 0.0000000000 0.0092580000 0.0000000000 0.0000000000 1.0000000000 -0.0079190000
1772700844.1770610809 0.9690996107 -0.2466697072 0.0000000000 -0.0054490000 0.2466697072 0.9690996107 0.0000000000 0.0100950000 0.0000000000 0.0000000000 1.0000000000 -0.0073820000
1772700844.2769205570 0.9723729705 -0.2334326589 0.0000000000 -0.0045090000 0.2334326589 0.9723729705 0.0000000000 0.0109750000 0.0000000000 0.0000000000 1.0000000000 -0.0070460000
1772700844.3767817020 0.9723832328 -0.2333899068 0.0000000000 -0.0044570000 0.2333899068 0.9723832328 0.0000000000 0.0119390000 0.0000000000 0.0000000000 1.0000000000 -0.0066690000
1772700844.4767146111 0.9713732187 -0.2375585610 0.0000000000 -0.0077310000 0.2375585610 0.9713732187 0.0000000000 0.0128420000 0.0000000000 0.0000000000 1.0000000000 -0.0066770000
1772700844.5766727924 0.9700508710 -0.2429018476 0.0000000000 -0.0119160000 0.2429018476 0.9700508710 0.0000000000 0.0131810000 0.0000000000 0.0000000000 1.0000000000 -0.0068250000
1772700844.6767542362 0.9693842779 -0.2455486137 0.0000000000 -0.0162680000 0.2455486137 0.9693842779 0.0000000000 0.0128960000 0.0000000000 0.0000000000 1.0000000000 -0.0066650000
1772700844.7768046856 0.9710011830 -0.2390746801 0.0000000000 -0.0214630000 0.2390746801 0.9710011830 0.0000000000 0.0123720000 0.0000000000 0.0000000000 1.0000000000 -0.0059740000
1772700844.8768441677 0.9724721182 -0.2330192681 0.0000000000 -0.0275730000 0.2330192681 0.9724721182 0.0000000000 0.0123920000 0.0000000000 0.0000000000 1.0000000000 -0.0057380000
1772700844.9768018723 0.9761948184 -0.2168955427 0.0000000000 -0.0355380000 0.2168955427 0.9761948184 0.0000000000 0.0112960000 0.0000000000 0.0000000000 1.0000000000 -0.0051550000
1772700845.0767481327 0.9785666746 -0.2059302389 0.0000000000 -0.0441280000 0.2059302389 0.9785666746 0.0000000000 0.0103430000 0.0000000000 0.0000000000 1.0000000000 -0.0047980000
1772700845.1768839359 0.9769875196 -0.2132964755 0.0000000000 -0.0540210000 0.2132964755 0.9769875196 0.0000000000 0.0108180000 0.0000000000 0.0000000000 1.0000000000 -0.0041240000
1772700845.2770805359 0.9769394457 -0.2135165555 0.0000000000 -0.0653250000 0.2135165555 0.9769394457 0.0000000000 0.0105290000 0.0000000000 0.0000000000 1.0000000000 -0.0046330000
1772700845.3772377968 0.9775169862 -0.2108566851 0.0000000000 -0.0762200000 0.2108566851 0.9775169862 0.0000000000 0.0097540000 0.0000000000 0.0000000000 1.0000000000 -0.0044450000
1772700845.4772579670 0.9772474351 -0.2121024529 0.0000000000 -0.0875350000 0.2121024529 0.9772474351 0.0000000000 0.0093480000 0.0000000000 0.0000000000 1.0000000000 -0.0030300000
1772700845.5773255825 0.9736085420 -0.2282244659 0.0000000000 -0.1004170000 0.2282244659 0.9736085420 0.0000000000 0.0087850000 0.0000000000 0.0000000000 1.0000000000 -0.0024140000
1772700845.6773755550 0.9759818279 -0.2178519489 0.0000000000 -0.1127500000 0.2178519489 0.9759818279 0.0000000000 0.0080760000 0.0000000000 0.0000000000 1.0000000000 -0.0021940000
1772700845.7774293423 0.9749859000 -0.2222667200 0.0000000000 -0.1244280000 0.2222667200 0.9749859000 0.0000000000 0.0072990000 0.0000000000 0.0000000000 1.0000000000 -0.0015610000
1772700845.8774302006 0.9762216812 -0.2167746044 0.0000000000 -0.1365130000 0.2167746044 0.9762216812 0.0000000000 0.0058680000 0.0000000000 0.0000000000 1.0000000000 -0.0010350000
1772700845.9773902893 0.9797258440 -0.2003428826 0.0000000000 -0.1505680000 0.2003428826 0.9797258440 0.0000000000 0.0053160000 0.0000000000 0.0000000000 1.0000000000 -0.0007740000
1772700846.0773279667 0.9816698135 -0.1905895517 0.0000000000 -0.1657920000 0.1905895517 0.9816698135 0.0000000000 0.0052450000 0.0000000000 0.0000000000 1.0000000000 -0.0008930000
1772700846.1773355007 0.9798169307 -0.1998969295 0.0000000000 -0.1820590000 0.1998969295 0.9798169307 0.0000000000 0.0051200000 0.0000000000 0.0000000000 1.0000000000 -0.0003390000
1772700846.2774555683 0.9812837420 -0.1925674365 0.0000000000 -0.2003000000 0.1925674365 0.9812837420 0.0000000000 0.0055310000 0.0000000000 0.0000000000 1.0000000000 -0.0003440000
1772700846.3773386478 0.9805561668 -0.1962386397 0.0000000000 -0.2173990000 0.1962386397 0.9805561668 0.0000000000 0.0072210000 0.0000000000 0.0000000000 1.0000000000 0.0002650000
1772700846.4772613049 0.9635318986 -0.2675934985 0.0000000000 -0.2354210000 0.2675934985 0.9635318986 0.0000000000 0.0092520000 0.0000000000 0.0000000000 1.0000000000 0.0003320000
1772700846.5771389008 0.8570855462 -0.5151741128 0.0000000000 -0.2528050000 0.5151741128 0.8570855462 0.0000000000 0.0084910000 0.0000000000 0.0000000000 1.0000000000 0.0017380000
1772700846.6771075726 0.6463137650 -0.7630717641 0.0000000000 -0.2689000000 0.7630717641 0.6463137650 0.0000000000 0.0071840000 0.0000000000 0.0000000000 1.0000000000 0.0031700000
1772700846.7771105766 0.4652185135 -0.8851958736 0.0000000000 -0.2852170000 0.8851958736 0.4652185135 0.0000000000 0.0065390000 0.0000000000 0.0000000000 1.0000000000 0.0037840000
1772700846.8772668839 0.2458060821 -0.9693190239 0.0000000000 -0.3029530000 0.9693190239 0.2458060821 0.0000000000 0.0050290000 0.0000000000 0.0000000000 1.0000000000 0.0036860000
1772700846.9772179127 -0.0706715057 -0.9974996433 0.0000000000 -0.3187240000 0.9974996433 -0.0706715057 0.0000000000 0.0035780000 0.0000000000 0.0000000000 1.0000000000 0.0045090000
1772700847.0772383213 -0.3890990380 -0.9211959285 0.0000000000 -0.3363740000 0.9211959285 -0.3890990380 0.0000000000 0.0016410000 0.0000000000 0.0000000000 1.0000000000 0.0051200000
1772700847.1772990227 -0.7492243983 -0.6623162394 0.0000000000 -0.3537670000 0.6623162394 -0.7492243983 0.0000000000 -0.0007680000 0.0000000000 0.0000000000 1.0000000000 0.0070390000
1772700847.2773053646 -0.9766525274 -0.2148251399 0.0000000000 -0.3706440000 0.2148251399 -0.9766525274 0.0000000000 -0.0036510000 0.0000000000 0.0000000000 1.0000000000 0.0082580000
1772700847.3772006035 -0.9526796509 0.3039761221 0.0000000000 -0.3878880000 -0.3039761221 -0.9526796509 0.0000000000 -0.0084550000 0.0000000000 0.0000000000 1.0000000000 0.0071000000
1772700847.4770431519 -0.6524807455 0.7578053026 0.0000000000 -0.4038480000 -0.7578053026 -0.6524807455 0.0000000000 -0.0119430000 0.0000000000 0.0000000000 1.0000000000 0.0076070000
1772700847.5769135952 -0.1603713004 0.9870567593 0.0000000000 -0.4207180000 -0.9870567593 -0.1603713004 0.0000000000 -0.0147440000 0.0000000000 0.0000000000 1.0000000000 0.0092470000
1772700847.6767489910 0.2313865864 0.9728618852 0.0000000000 -0.4381400000 -0.9728618852 0.2313865864 0.0000000000 -0.0183330000 0.0000000000 0.0000000000 1.0000000000 0.0087710000
1772700847.7767629623 0.5484136464 0.8362071947 0.0000000000 -0.4565030000 -0.8362071947 0.5484136464 0.0000000000 -0.0220220000 0.0000000000 0.0000000000 1.0000000000 0.0095330000
1772700847.8767344952 0.7632550485 0.6460973076 0.0000000000 -0.4742090000 -0.6460973076 0.7632550485 0.0000000000 -0.0256550000 0.0000000000 0.0000000000 1.0000000000 0.0092490000
1772700847.9767010212 0.8765175816 0.4813698466 0.0000000000 -0.4929850000 -0.4813698466 0.8765175816 0.0000000000 -0.0298110000 0.0000000000 0.0000000000 1.0000000000 0.0089120000
1772700848.0766904354 0.9395690015 0.3423595936 0.0000000000 -0.5121740000 -0.3423595936 0.9395690015 0.0000000000 -0.0335910000 0.0000000000 0.0000000000 1.0000000000 0.0089270000
1772700848.1766734123 0.9556369266 0.2945472195 0.0000000000 -0.5323580000 -0.2945472195 0.9556369266 0.0000000000 -0.0356560000 0.0000000000 0.0000000000 1.0000000000 0.0104560000
1772700848.2767388821 0.9575926579 0.2881254963 0.0000000000 -0.5518700000 -0.2881254963 0.9575926579 0.0000000000 -0.0370440000 0.0000000000 0.0000000000 1.0000000000 0.0120950000
1772700848.3768565655 0.9576487940 0.2879388605 0.0000000000 -0.5737650000 -0.2879388605 0.9576487940 0.0000000000 -0.0386080000 0.0000000000 0.0000000000 1.0000000000 0.0123280000
1772700848.4770514965 0.9611431656 0.2760503854 0.0000000000 -0.5959930000 -0.2760503854 0.9611431656 0.0000000000 -0.0385500000 0.0000000000 0.0000000000 1.0000000000 0.0123270000
1772700848.5772576332 0.9648394711 0.2628398657 0.0000000000 -0.6198480000 -0.2628398657 0.9648394711 0.0000000000 -0.0398850000 0.0000000000 0.0000000000 1.0000000000 0.0126180000
1772700848.6228866577 0.9578622909 0.2872278393 0.0000000000 -0.6444070000 -0.2872278393 0.9578622909 0.0000000000 -0.0425830000 0.0000000000 0.0000000000 1.0000000000 0.0113600000
1772700848.7774870396 0.9538655557 0.3002340780 0.0000000000 -0.6687830000 -0.3002340780 0.9538655557 0.0000000000 -0.0442130000 0.0000000000 0.0000000000 1.0000000000 0.0125580000
1772700848.8777379990 0.9463768560 0.3230647712 0.0000000000 -0.6936850000 -0.3230647712 0.9463768560 0.0000000000 -0.0461510000 0.0000000000 0.0000000000 1.0000000000 0.0135740000
1772700848.9779822826 0.9420788516 0.3353914687 0.0000000000 -0.7183710000 -0.3353914687 0.9420788516 0.0000000000 -0.0483780000 0.0000000000 0.0000000000 1.0000000000 0.0157610000
1772700849.0780169964 0.9482360319 0.3175664149 0.0000000000 -0.7413260000 -0.3175664149 0.9482360319 0.0000000000 -0.0520990000 0.0000000000 0.0000000000 1.0000000000 0.0175040000
1772700849.1776695251 0.9387554075 0.3445842202 0.0000000000 -0.7632030000 -0.3445842202 0.9387554075 0.0000000000 -0.0558710000 0.0000000000 0.0000000000 1.0000000000 0.0178490000
1772700849.2773263454 0.9493345106 0.3142673814 0.0000000000 -0.7866470000 -0.3142673814 0.9493345106 0.0000000000 -0.0610960000 0.0000000000 0.0000000000 1.0000000000 0.0182900000
1772700849.3770656586 0.9384432581 0.3454334254 0.0000000000 -0.8094540000 -0.3454334254 0.9384432581 0.0000000000 -0.0643260000 0.0000000000 0.0000000000 1.0000000000 0.0202460000
1772700849.4768629074 0.9435424230 0.3312517110 0.0000000000 -0.8304250000 -0.3312517110 0.9435424230 0.0000000000 -0.0669700000 0.0000000000 0.0000000000 1.0000000000 0.0221000000
1772700849.5768272877 0.9419397205 0.3357820171 0.0000000000 -0.8513380000 -0.3357820171 0.9419397205 0.0000000000 -0.0713980000 0.0000000000 0.0000000000 1.0000000000 0.0222110000
1772700849.6768136024 0.9322018592 0.3619387984 0.0000000000 -0.8729390000 -0.3619387984 0.9322018592 0.0000000000 -0.0755640000 0.0000000000 0.0000000000 1.0000000000 0.0253150000
1772700849.7768132687 0.9429657452 0.3328897765 0.0000000000 -0.8953450000 -0.3328897765 0.9429657452 0.0000000000 -0.0802240000 0.0000000000 0.0000000000 1.0000000000 0.0250060000
1772700849.8225216866 0.9375852728 0.3477554546 0.0000000000 -0.9181380000 -0.3477554546 0.9375852728 0.0000000000 -0.0847070000 0.0000000000 0.0000000000 1.0000000000 0.0247390000
1772700849.9767837524 0.9348202201 0.3551213258 0.0000000000 -0.9413230000 -0.3551213258 0.9348202201 0.0000000000 -0.0893750000 0.0000000000 0.0000000000 1.0000000000 0.0277000000
1772700850.0767214298 0.9414181754 0.3372414848 0.0000000000 -0.9639980000 -0.3372414848 0.9414181754 0.0000000000 -0.0936570000 0.0000000000 0.0000000000 1.0000000000 0.0266010000
1772700850.1219906807 0.9295350465 0.3687337756 0.0000000000 -0.9869720000 -0.3687337756 0.9295350465 0.0000000000 -0.0985370000 0.0000000000 0.0000000000 1.0000000000 0.0268550000
1772700850.2766084671 0.9383320340 0.3457354394 0.0000000000 -1.0095510000 -0.3457354394 0.9383320340 0.0000000000 -0.1019540000 0.0000000000 0.0000000000 1.0000000000 0.0277840000
1772700850.3765757084 0.9330019357 0.3598713493 0.0000000000 -1.0336110000 -0.3598713493 0.9330019357 0.0000000000 -0.1039500000 0.0000000000 0.0000000000 1.0000000000 0.0288460000
1772700850.4766311646 0.9402874937 0.3403812996 0.0000000000 -1.0578310000 -0.3403812996 0.9402874937 0.0000000000 -0.1060010000 0.0000000000 0.0000000000 1.0000000000 0.0285000000
1772700850.5768184662 0.9366598966 0.3502402577 0.0000000000 -1.0827810000 -0.3502402577 0.9366598966 0.0000000000 -0.1072750000 0.0000000000 0.0000000000 1.0000000000 0.0275060000
1772700850.6766941547 0.9439980849 0.3299509292 0.0000000000 -1.1074110000 -0.3299509292 0.9439980849 0.0000000000 -0.1088180000 0.0000000000 0.0000000000 1.0000000000 0.0289340000
1772700850.7229785919 0.9484512747 0.3169229868 0.0000000000 -1.1326110000 -0.3169229868 0.9484512747 0.0000000000 -0.1101560000 0.0000000000 0.0000000000 1.0000000000 0.0283090000
1772700850.8764710426 0.9537754033 0.3005203490 0.0000000000 -1.1588510000 -0.3005203490 0.9537754033 0.0000000000 -0.1133510000 0.0000000000 0.0000000000 1.0000000000 0.0273710000
1772700850.9765028954 0.9576538661 0.2879219908 0.0000000000 -1.1845510000 -0.2879219908 0.9576538661 0.0000000000 -0.1171200000 0.0000000000 0.0000000000 1.0000000000 0.0290800000
1772700851.0765731335 0.9551488333 0.2961261660 0.0000000000 -1.2091810000 -0.2961261660 0.9551488333 0.0000000000 -0.1202630000 0.0000000000 0.0000000000 1.0000000000 0.0300790000
1772700851.1765773296 0.9516740640 0.3071098759 0.0000000000 -1.2340210000 -0.3071098759 0.9516740640 0.0000000000 -0.1228570000 0.0000000000 0.0000000000 1.0000000000 0.0312260000
1772700851.2233157158 0.9594626050 0.2818359621 0.0000000000 -1.2611610000 -0.2818359621 0.9594626050 0.0000000000 -0.1260810000 0.0000000000 0.0000000000 1.0000000000 0.0296760000
1772700851.3767557144 0.9536076887 0.3010521152 0.0000000000 -1.2887210000 -0.3010521152 0.9536076887 0.0000000000 -0.1290680000 0.0000000000 0.0000000000 1.0000000000 0.0311380000
1772700851.4236645699 0.9429965254 0.3328025739 0.0000000000 -1.3159210000 -0.3328025739 0.9429965254 0.0000000000 -0.1327130000 0.0000000000 0.0000000000 1.0000000000 0.0329080000
1772700851.5768976212 0.9435930421 0.3311074913 0.0000000000 -1.3428310000 -0.3311074913 0.9435930421 0.0000000000 -0.1367000000 0.0000000000 0.0000000000 1.0000000000 0.0341340000
1772700851.6768755913 0.9404266845 0.3399965456 0.0000000000 -1.3712410000 -0.3399965456 0.9404266845 0.0000000000 -0.1401960000 0.0000000000 0.0000000000 1.0000000000 0.0339430000
1772700851.7767701149 0.9424881470 0.3342395738 0.0000000000 -1.3983310000 -0.3342395738 0.9424881470 0.0000000000 -0.1440380000 0.0000000000 0.0000000000 1.0000000000 0.0355410000
1772700851.8768138885 0.9294316057 0.3689944313 0.0000000000 -1.4257610000 -0.3689944313 0.9294316057 0.0000000000 -0.1474730000 0.0000000000 0.0000000000 1.0000000000 0.0365390000
1772700851.9768023491 0.9298686957 0.3678915720 0.0000000000 -1.4545410000 -0.3678915720 0.9298686957 0.0000000000 -0.1508510000 0.0000000000 0.0000000000 1.0000000000 0.0382680000
1772700852.0768523216 0.9302706314 0.3668740280 0.0000000000 -1.4852310000 -0.3668740280 0.9302706314 0.0000000000 -0.1545710000 0.0000000000 0.0000000000 1.0000000000 0.0377780000
1772700852.1232895851 0.9167416695 0.3994805519 0.0000000000 -1.5151210000 -0.3994805519 0.9167416695 0.0000000000 -0.1591280000 0.0000000000 0.0000000000 1.0000000000 0.0390930000
1772700852.2769434452 0.9163492525 0.4003798789 0.0000000000 -1.5447310000 -0.4003798789 0.9163492525 0.0000000000 -0.1635680000 0.0000000000 0.0000000000 1.0000000000 0.0407600000
1772700852.3245217800 0.8670713662 0.4981839479 0.0000000000 -1.5761110000 -0.4981839479 0.8670713662 0.0000000000 -0.1682450000 0.0000000000 0.0000000000 1.0000000000 0.0416550000
1772700852.4770512581 0.6166833373 0.7872113195 0.0000000000 -1.6087210000 -0.7872113195 0.6166833373 0.0000000000 -0.1713510000 0.0000000000 0.0000000000 1.0000000000 0.0428240000
1772700852.5771124363 -0.0199877037 0.9998002259 0.0000000000 -1.6402510000 -0.9998002259 -0.0199877037 0.0000000000 -0.1726690000 0.0000000000 0.0000000000 1.0000000000 0.0417040000
1772700852.6771576405 -0.7916183799 0.6110158268 0.0000000000 -1.6698710000 -0.6110158268 -0.7916183799 0.0000000000 -0.1727570000 0.0000000000 0.0000000000 1.0000000000 0.0433240000
1772700852.7771778107 -0.9596309748 -0.2812621413 0.0000000000 -1.6973310000 0.2812621413 -0.9596309748 0.0000000000 -0.1710390000 0.0000000000 0.0000000000 1.0000000000 0.0448080000
1772700852.8771729469 -0.3732240712 -0.9277412315 0.0000000000 -1.7226310000 0.9277412315 -0.3732240712 0.0000000000 -0.1695360000 0.0000000000 0.0000000000 1.0000000000 0.0457520000
1772700852.9771084785 0.2825626396 -0.9592488492 0.0000000000 -1.7426510000 0.9592488492 0.2825626396 0.0000000000 -0.1692560000 0.0000000000 0.0000000000 1.0000000000 0.0435270000
1772700853.0249397755 0.5987641890 -0.8009253686 0.0000000000 -1.7557610000 0.8009253686 0.5987641890 0.0000000000 -0.1688170000 0.0000000000 0.0000000000 1.0000000000 0.0434090000
1772700853.1769931316 0.6940381824 -0.7199381928 0.0000000000 -1.7661510000 0.7199381928 0.6940381824 0.0000000000 -0.1685320000 0.0000000000 0.0000000000 1.0000000000 0.0443140000
1772700853.2240116596 0.7135203569 -0.7006344984 0.0000000000 -1.7739710000 0.7006344984 0.7135203569 0.0000000000 -0.1673340000 0.0000000000 0.0000000000 1.0000000000 0.0456460000
1772700853.3240616322 0.7149704214 -0.6991547014 0.0000000000 -1.7787310000 0.6991547014 0.7149704214 0.0000000000 -0.1657440000 0.0000000000 0.0000000000 1.0000000000 0.0462830000
1772700853.4769594669 0.7168468394 -0.6972306711 0.0000000000 -1.7822410000 0.6972306711 0.7168468394 0.0000000000 -0.1647910000 0.0000000000 0.0000000000 1.0000000000 0.0449330000
1772700853.5245757103 0.7302449757 -0.6831853888 0.0000000000 -1.7839310000 0.6831853888 0.7302449757 0.0000000000 -0.1648070000 0.0000000000 0.0000000000 1.0000000000 0.0450060000
1772700853.6259157658 0.7362317597 -0.6767294851 0.0000000000 -1.7856610000 0.6767294851 0.7362317597 0.0000000000 -0.1649030000 0.0000000000 0.0000000000 1.0000000000 0.0443760000
1772700853.7251217365 0.7386114369 -0.6741314006 0.0000000000 -1.7869610000 0.6741314006 0.7386114369 0.0000000000 -0.1647950000 0.0000000000 0.0000000000 1.0000000000 0.0439380000
1772700853.8250126839 0.7432018715 -0.6690672449 0.0000000000 -1.7871110000 0.6690672449 0.7432018715 0.0000000000 -0.1650190000 0.0000000000 0.0000000000 1.0000000000 0.0444100000
1772700853.9248316288 0.7331306898 -0.6800877823 0.0000000000 -1.7875910000 0.6800877823 0.7331306898 0.0000000000 -0.1653450000 0.0000000000 0.0000000000 1.0000000000 0.0446950000
1772700854.0767562389 0.7398774933 -0.6727416257 0.0000000000 -1.7875510000 0.6727416257 0.7398774933 0.0000000000 -0.1656720000 0.0000000000 0.0000000000 1.0000000000 0.0447540000
1772700854.1244037151 0.7406303490 -0.6719127072 0.0000000000 -1.7873610000 0.6719127072 0.7406303490 0.0000000000 -0.1655740000 0.0000000000 0.0000000000 1.0000000000 0.0448890000
1772700854.2764909267 0.7397556010 -0.6728756577 0.0000000000 -1.7868010000 0.6728756577 0.7397556010 0.0000000000 -0.1657200000 0.0000000000 0.0000000000 1.0000000000 0.0451350000
1772700854.3250296116 0.7412089993 -0.6712743250 0.0000000000 -1.7868510000 0.6712743250 0.7412089993 0.0000000000 -0.1670850000 0.0000000000 0.0000000000 1.0000000000 0.0440820000
1772700854.4252276421 0.7419813143 -0.6704205615 0.0000000000 -1.7874210000 0.6704205615 0.7419813143 0.0000000000 -0.1682010000 0.0000000000 0.0000000000 1.0000000000 0.0442150000
1772700854.5251085758 0.7438223396 -0.6683773837 0.0000000000 -1.7878210000 0.6683773837 0.7438223396 0.0000000000 -0.1680360000 0.0000000000 0.0000000000 1.0000000000 0.0447870000
1772700854.6252226830 0.7403229568 -0.6722513813 0.0000000000 -1.7875710000 0.6722513813 0.7403229568 0.0000000000 -0.1670070000 0.0000000000 0.0000000000 1.0000000000 0.0446970000
1772700854.7253267765 0.7416526990 -0.6707840741 0.0000000000 -1.7869410000 0.6707840741 0.7416526990 0.0000000000 -0.1654460000 0.0000000000 0.0000000000 1.0000000000 0.0451310000
1772700854.8250117302 0.7417972117 -0.6706242589 0.0000000000 -1.7862410000 0.6706242589 0.7417972117 0.0000000000 -0.1647750000 0.0000000000 0.0000000000 1.0000000000 0.0455970000
1772700854.9255776405 0.7433367607 -0.6689173792 0.0000000000 -1.7861810000 0.6689173792 0.7433367607 0.0000000000 -0.1650520000 0.0000000000 0.0000000000 1.0000000000 0.0457920000
1772700855.0260326862 0.7403373577 -0.6722355218 0.0000000000 -1.7858810000 0.6722355218 0.7403373577 0.0000000000 -0.1650910000 0.0000000000 0.0000000000 1.0000000000 0.0451650000
1772700855.1761631966 0.7455723327 -0.6664247120 0.0000000000 -1.7853110000 0.6664247120 0.7455723327 0.0000000000 -0.1640560000 0.0000000000 0.0000000000 1.0000000000 0.0445260000
1772700855.2257077694 0.7380031728 -0.6747972413 0.0000000000 -1.7861610000 0.6747972413 0.7380031728 0.0000000000 -0.1627980000 0.0000000000 0.0000000000 1.0000000000 0.0448630000
1772700855.3254926205 0.7369359793 -0.6759625451 0.0000000000 -1.7860910000 0.6759625451 0.7369359793 0.0000000000 -0.1632800000 0.0000000000 0.0000000000 1.0000000000 0.0441700000
1772700855.4264516830 0.7395248080 -0.6731293028 0.0000000000 -1.7853810000 0.6731293028 0.7395248080 0.0000000000 -0.1636640000 0.0000000000 0.0000000000 1.0000000000 0.0442970000
1772700855.5263745785 0.7403242467 -0.6722499607 0.0000000000 -1.7853010000 0.6722499607 0.7403242467 0.0000000000 -0.1636050000 0.0000000000 0.0000000000 1.0000000000 0.0443800000
1772700855.6272726059 0.7382508072 -0.6745263121 0.0000000000 -1.7846410000 0.6745263121 0.7382508072 0.0000000000 -0.1632010000 0.0000000000 0.0000000000 1.0000000000 0.0447130000
1772700855.7257556915 0.7401192316 -0.6724756672 0.0000000000 -1.7838210000 0.6724756672 0.7401192316 0.0000000000 -0.1637880000 0.0000000000 0.0000000000 1.0000000000 0.0443650000
1772700855.8281657696 0.7398668858 -0.6727532916 0.0000000000 -1.7844510000 0.6727532916 0.7398668858 0.0000000000 -0.1643910000 0.0000000000 0.0000000000 1.0000000000 0.0443800000
1772700855.9263367653 0.7382168820 -0.6745634404 0.0000000000 -1.7859510000 0.6745634404 0.7382168820 0.0000000000 -0.1651440000 0.0000000000 0.0000000000 1.0000000000 0.0444020000
1772700856.0263726711 0.7364943453 -0.6764437001 0.0000000000 -1.7872610000 0.6764437001 0.7364943453 0.0000000000 -0.1652100000 0.0000000000 0.0000000000 1.0000000000 0.0441420000
1772700856.1259026527 0.7333185917 -0.6798851690 0.0000000000 -1.7873410000 0.6798851690 0.7333185917 0.0000000000 -0.1646680000 0.0000000000 0.0000000000 1.0000000000 0.0440470000
1772700856.2268877029 0.7400794750 -0.6725194203 0.0000000000 -1.7870910000 0.6725194203 0.7400794750 0.0000000000 -0.1640490000 0.0000000000 0.0000000000 1.0000000000 0.0441030000
1772700856.3766458035 0.7312378862 -0.6821225357 0.0000000000 -1.7866510000 0.6821225357 0.7312378862 0.0000000000 -0.1635910000 0.0000000000 0.0000000000 1.0000000000 0.0439700000
1772700856.4259767532 0.7356387483 -0.6773740709 0.0000000000 -1.7861310000 0.6773740709 0.7356387483 0.0000000000 -0.1633710000 0.0000000000 0.0000000000 1.0000000000 0.0446640000
1772700856.5267307758 0.7411431911 -0.6713469821 0.0000000000 -1.7858910000 0.6713469821 0.7411431911 0.0000000000 -0.1632940000 0.0000000000 0.0000000000 1.0000000000 0.0431890000
1772700856.6271567345 0.7431900556 -0.6690803698 0.0000000000 -1.7860510000 0.6690803698 0.7431900556 0.0000000000 -0.1639140000 0.0000000000 0.0000000000 1.0000000000 0.0430390000
1772700856.7278506756 0.7417843334 -0.6706385037 0.0000000000 -1.7861010000 0.6706385037 0.7417843334 0.0000000000 -0.1645400000 0.0000000000 0.0000000000 1.0000000000 0.0429430000
1772700856.8264086246 0.7481578583 -0.6635207751 0.0000000000 -1.7858710000 0.6635207751 0.7481578583 0.0000000000 -0.1643260000 0.0000000000 0.0000000000 1.0000000000 0.0435550000
1772700856.9282906055 0.7435590563 -0.6686702698 0.0000000000 -1.7867310000 0.6686702698 0.7435590563 0.0000000000 -0.1637170000 0.0000000000 0.0000000000 1.0000000000 0.0435380000
1772700857.0272226334 0.7397936081 -0.6728338706 0.0000000000 -1.7867810000 0.6728338706 0.7397936081 0.0000000000 -0.1636950000 0.0000000000 0.0000000000 1.0000000000 0.0443680000
1772700857.1268665791 0.7409419929 -0.6715690309 0.0000000000 -1.7864110000 0.6715690309 0.7409419929 0.0000000000 -0.1635570000 0.0000000000 0.0000000000 1.0000000000 0.0443020000
1772700857.2266356945 0.7374227110 -0.6754315253 0.0000000000 -1.7863910000 0.6754315253 0.7374227110 0.0000000000 -0.1631680000 0.0000000000 0.0000000000 1.0000000000 0.0452680000
1772700857.3277015686 0.7406410630 -0.6719008973 0.0000000000 -1.7860010000 0.6719008973 0.7406410630 0.0000000000 -0.1631050000 0.0000000000 0.0000000000 1.0000000000 0.0449410000
1772700857.4273357391 0.7330285086 -0.6801979165 0.0000000000 -1.7866410000 0.6801979165 0.7330285086 0.0000000000 -0.1627290000 0.0000000000 0.0000000000 1.0000000000 0.0444780000
1772700857.5272316933 0.7326128005 -0.6806456381 0.0000000000 -1.7864610000 0.6806456381 0.7326128005 0.0000000000 -0.1627030000 0.0000000000 0.0000000000 1.0000000000 0.0436090000
1772700857.6271567345 0.7398157180 -0.6728095595 0.0000000000 -1.7860310000 0.6728095595 0.7398157180 0.0000000000 -0.1628880000 0.0000000000 0.0000000000 1.0000000000 0.0439410000
1772700857.7270796299 0.7412376225 -0.6712427184 0.0000000000 -1.7858810000 0.6712427184 0.7412376225 0.0000000000 -0.1632210000 0.0000000000 0.0000000000 1.0000000000 0.0440950000
1772700857.8280477524 0.7353039485 -0.6777374885 0.0000000000 -1.7860510000 0.6777374885 0.7353039485 0.0000000000 -0.1641750000 0.0000000000 0.0000000000 1.0000000000 0.0449940000
1772700857.9273166656 0.7340620832 -0.6790823647 0.0000000000 -1.7868810000 0.6790823647 0.7340620832 0.0000000000 -0.1644780000 0.0000000000 0.0000000000 1.0000000000 0.0448820000
1772700858.0270946026 0.7373965282 -0.6754601100 0.0000000000 -1.7859610000 0.6754601100 0.7373965282 0.0000000000 -0.1641330000 0.0000000000 0.0000000000 1.0000000000 0.0440280000
1772700858.1274447441 0.7438618946 -0.6683333613 0.0000000000 -1.7847510000 0.6683333613 0.7438618946 0.0000000000 -0.1635650000 0.0000000000 0.0000000000 1.0000000000 0.0437770000
1772700858.2283775806 0.7311041960 -0.6822658240 0.0000000000 -1.7843310000 0.6822658240 0.7311041960 0.0000000000 -0.1625660000 0.0000000000 0.0000000000 1.0000000000 0.0441000000
1772700858.3280365467 0.7292719737 -0.6842239315 0.0000000000 -1.7856310000 0.6842239315 0.7292719737 0.0000000000 -0.1614920000 0.0000000000 0.0000000000 1.0000000000 0.0451780000
1772700858.4279804230 0.7319260012 -0.6813841272 0.0000000000 -1.7881310000 0.6813841272 0.7319260012 0.0000000000 -0.1614740000 0.0000000000 0.0000000000 1.0000000000 0.0452100000
1772700858.5278227329 0.7353706046 -0.6776651635 0.0000000000 -1.7906010000 0.6776651635 0.7353706046 0.0000000000 -0.1613290000 0.0000000000 0.0000000000 1.0000000000 0.0450150000
1772700858.6274726391 0.7382749829 -0.6744998515 0.0000000000 -1.7913510000 0.6744998515 0.7382749829 0.0000000000 -0.1617070000 0.0000000000 0.0000000000 1.0000000000 0.0437140000
1772700858.7277376652 0.7397147654 -0.6729205495 0.0000000000 -1.7911410000 0.6729205495 0.7397147654 0.0000000000 -0.1617590000 0.0000000000 0.0000000000 1.0000000000 0.0441550000
1772700858.8280725479 0.7324440901 -0.6808271843 0.0000000000 -1.7935310000 0.6808271843 0.7324440901 0.0000000000 -0.1621550000 0.0000000000 0.0000000000 1.0000000000 0.0446150000
1772700858.8766460419 0.7270941296 -0.6865377824 0.0000000000 -1.7988110000 0.6865377824 0.7270941296 0.0000000000 -0.1625460000 0.0000000000 0.0000000000 1.0000000000 0.0447870000
1772700859.0287177563 0.7389895210 -0.6737169197 0.0000000000 -1.8054310000 0.6737169197 0.7389895210 0.0000000000 -0.1621380000 0.0000000000 0.0000000000 1.0000000000 0.0450950000
1772700859.1281607151 0.7349518739 -0.6781192690 0.0000000000 -1.8129910000 0.6781192690 0.7349518739 0.0000000000 -0.1608580000 0.0000000000 0.0000000000 1.0000000000 0.0449600000
1772700859.2277796268 0.7279473317 -0.6856330522 0.0000000000 -1.8221110000 0.6856330522 0.7279473317 0.0000000000 -0.1606480000 0.0000000000 0.0000000000 1.0000000000 0.0441060000
1772700859.3281686306 0.7290179193 -0.6844946116 0.0000000000 -1.8310610000 0.6844946116 0.7290179193 0.0000000000 -0.1613330000 0.0000000000 0.0000000000 1.0000000000 0.0439410000
1772700859.4284467697 0.7195358499 -0.6944552978 0.0000000000 -1.8395910000 0.6944552978 0.7195358499 0.0000000000 -0.1616720000 0.0000000000 0.0000000000 1.0000000000 0.0446600000
1772700859.5285246372 0.7192519502 -0.6947493304 0.0000000000 -1.8495110000 0.6947493304 0.7192519502 0.0000000000 -0.1604460000 0.0000000000 0.0000000000 1.0000000000 0.0446840000
1772700859.6282765865 0.7170472538 -0.6970245590 0.0000000000 -1.8602410000 0.6970245590 0.7170472538 0.0000000000 -0.1594090000 0.0000000000 0.0000000000 1.0000000000 0.0448350000
1772700859.7288155556 0.7090966603 -0.7051112865 0.0000000000 -1.8711410000 0.7051112865 0.7090966603 0.0000000000 -0.1590660000 0.0000000000 0.0000000000 1.0000000000 0.0461290000
1772700859.8292336464 0.7097750525 -0.7044284030 0.0000000000 -1.8835810000 0.7044284030 0.7097750525 0.0000000000 -0.1585000000 0.0000000000 0.0000000000 1.0000000000 0.0460000000
1772700859.9299347401 0.7035054908 -0.7106898229 0.0000000000 -1.8956510000 0.7106898229 0.7035054908 0.0000000000 -0.1594030000 0.0000000000 0.0000000000 1.0000000000 0.0461860000
1772700860.0294675827 0.7142644418 -0.6998759227 0.0000000000 -1.9078310000 0.6998759227 0.7142644418 0.0000000000 -0.1607850000 0.0000000000 0.0000000000 1.0000000000 0.0472800000
1772700860.1303906441 0.7198132309 -0.6941677842 0.0000000000 -1.9210910000 0.6941677842 0.7198132309 0.0000000000 -0.1615360000 0.0000000000 0.0000000000 1.0000000000 0.0475200000
1772700860.2295045853 0.7238608332 -0.6899460081 0.0000000000 -1.9335010000 0.6899460081 0.7238608332 0.0000000000 -0.1614530000 0.0000000000 0.0000000000 1.0000000000 0.0474810000
1772700860.3302087784 0.7210607423 -0.6928718539 0.0000000000 -1.9455010000 0.6928718539 0.7210607423 0.0000000000 -0.1605360000 0.0000000000 0.0000000000 1.0000000000 0.0475110000
1772700860.4286377430 0.7295376799 -0.6839406214 0.0000000000 -1.9577410000 0.6839406214 0.7295376799 0.0000000000 -0.1600250000 0.0000000000 0.0000000000 1.0000000000 0.0482560000
1772700860.5293157101 0.7228285535 -0.6910274106 0.0000000000 -1.9708310000 0.6910274106 0.7228285535 0.0000000000 -0.1600070000 0.0000000000 0.0000000000 1.0000000000 0.0496690000
1772700860.6299395561 0.7240666609 -0.6897299983 0.0000000000 -1.9854610000 0.6897299983 0.7240666609 0.0000000000 -0.1606720000 0.0000000000 0.0000000000 1.0000000000 0.0494340000
1772700860.6771655083 0.7319791325 -0.6813270503 0.0000000000 -2.0007210000 0.6813270503 0.7319791325 0.0000000000 -0.1611920000 0.0000000000 0.0000000000 1.0000000000 0.0508880000
1772700860.8300206661 0.7297862928 -0.6836753373 0.0000000000 -2.0166410000 0.6836753373 0.7297862928 0.0000000000 -0.1622060000 0.0000000000 0.0000000000 1.0000000000 0.0514880000
1772700860.9296345711 0.7238825322 -0.6899232418 0.0000000000 -2.0332810000 0.6899232418 0.7238825322 0.0000000000 -0.1640460000 0.0000000000 0.0000000000 1.0000000000 0.0498910000
1772700861.0306317806 0.7112401883 -0.7029490697 0.0000000000 -2.0487610000 0.7029490697 0.7112401883 0.0000000000 -0.1651930000 0.0000000000 0.0000000000 1.0000000000 0.0508140000
1772700861.1305797100 0.7126488898 -0.7015208905 0.0000000000 -2.0628020000 0.7015208905 0.7126488898 0.0000000000 -0.1657130000 0.0000000000 0.0000000000 1.0000000000 0.0519800000
1772700861.2300705910 0.7164101043 -0.6976794124 0.0000000000 -2.0776220000 0.6976794124 0.7164101043 0.0000000000 -0.1657470000 0.0000000000 0.0000000000 1.0000000000 0.0516020000
1772700861.3298985958 0.7044330493 -0.7097704411 0.0000000000 -2.0937620000 0.7097704411 0.7044330493 0.0000000000 -0.1664890000 0.0000000000 0.0000000000 1.0000000000 0.0515970000
1772700861.4303667545 0.7169547970 -0.6971196591 0.0000000000 -2.1095120000 0.6971196591 0.7169547970 0.0000000000 -0.1670770000 0.0000000000 0.0000000000 1.0000000000 0.0522340000
1772700861.5300517082 0.6986236285 -0.7154893610 0.0000000000 -2.1291620000 0.7154893610 0.6986236285 0.0000000000 -0.1665460000 0.0000000000 0.0000000000 1.0000000000 0.0533690000
1772700861.6304187775 0.7091001841 -0.7051077427 0.0000000000 -2.1507020000 0.7051077427 0.7091001841 0.0000000000 -0.1656270000 0.0000000000 0.0000000000 1.0000000000 0.0530680000
1772700861.7300467491 0.7566503849 -0.6538196961 0.0000000000 -2.1748620000 0.6538196961 0.7566503849 0.0000000000 -0.1650820000 0.0000000000 0.0000000000 1.0000000000 0.0533610000
1772700861.8309097290 0.7887597427 -0.6147016091 0.0000000000 -2.2015120000 0.6147016091 0.7887597427 0.0000000000 -0.1663260000 0.0000000000 0.0000000000 1.0000000000 0.0542530000
1772700861.9318547249 0.8004878294 -0.5993490093 0.0000000000 -2.2301120000 0.5993490093 0.8004878294 0.0000000000 -0.1686390000 0.0000000000 0.0000000000 1.0000000000 0.0546140000
1772700862.0308756828 0.8249678974 -0.5651795894 0.0000000000 -2.2607220000 0.5651795894 0.8249678974 0.0000000000 -0.1705470000 0.0000000000 0.0000000000 1.0000000000 0.0539570000
1772700862.1303477287 0.8517722958 -0.5239121645 0.0000000000 -2.2900320000 0.5239121645 0.8517722958 0.0000000000 -0.1712540000 0.0000000000 0.0000000000 1.0000000000 0.0538750000
1772700862.2308635712 0.8614480431 -0.5078457138 0.0000000000 -2.3178720000 0.5078457138 0.8614480431 0.0000000000 -0.1724270000 0.0000000000 0.0000000000 1.0000000000 0.0554490000
1772700862.3327035904 0.8654266924 -0.5010355677 0.0000000000 -2.3460620000 0.5010355677 0.8654266924 0.0000000000 -0.1744250000 0.0000000000 0.0000000000 1.0000000000 0.0583500000
1772700862.4311096668 0.8604470839 -0.5095398079 0.0000000000 -2.3765820000 0.5095398079 0.8604470839 0.0000000000 -0.1764180000 0.0000000000 0.0000000000 1.0000000000 0.0586400000
1772700862.5305597782 0.8826247937 -0.4700781569 0.0000000000 -2.4082820000 0.4700781569 0.8826247937 0.0000000000 -0.1791140000 0.0000000000 0.0000000000 1.0000000000 0.0590110000
1772700862.6315116882 0.8891195875 -0.4576749492 0.0000000000 -2.4359320000 0.4576749492 0.8891195875 0.0000000000 -0.1806620000 0.0000000000 0.0000000000 1.0000000000 0.0599350000
1772700862.7313165665 0.8998787637 -0.4361401273 0.0000000000 -2.4657120000 0.4361401273 0.8998787637 0.0000000000 -0.1814360000 0.0000000000 0.0000000000 1.0000000000 0.0593640000
1772700862.8310246468 0.9155004767 -0.4023168866 0.0000000000 -2.4963620000 0.4023168866 0.9155004767 0.0000000000 -0.1824140000 0.0000000000 0.0000000000 1.0000000000 0.0605220000
1772700862.9314167500 0.9139233282 -0.4058868687 0.0000000000 -2.5279820000 0.4058868687 0.9139233282 0.0000000000 -0.1841250000 0.0000000000 0.0000000000 1.0000000000 0.0621550000
1772700863.0316295624 0.9188768697 -0.3945444187 0.0000000000 -2.5596620000 0.3945444187 0.9188768697 0.0000000000 -0.1835320000 0.0000000000 0.0000000000 1.0000000000 0.0644750000
1772700863.1316676140 0.9111458661 -0.4120839849 0.0000000000 -2.5909120000 0.4120839849 0.9111458661 0.0000000000 -0.1836370000 0.0000000000 0.0000000000 1.0000000000 0.0631320000
1772700863.2313015461 0.9018020292 -0.4321493956 0.0000000000 -2.6251120000 0.4321493956 0.9018020292 0.0000000000 -0.1834990000 0.0000000000 0.0000000000 1.0000000000 0.0624150000
1772700863.3315417767 0.8996460578 -0.4366199385 0.0000000000 -2.6598420000 0.4366199385 0.8996460578 0.0000000000 -0.1836530000 0.0000000000 0.0000000000 1.0000000000 0.0644720000
1772700863.4314825535 0.8987435752 -0.4384746128 0.0000000000 -2.6944920000 0.4384746128 0.8987435752 0.0000000000 -0.1846580000 0.0000000000 0.0000000000 1.0000000000 0.0666070000
1772700863.5321507454 0.8892049117 -0.4575091528 0.0000000000 -2.7286520000 0.4575091528 0.8892049117 0.0000000000 -0.1867850000 0.0000000000 0.0000000000 1.0000000000 0.0672930000
1772700863.6323387623 0.8927255218 -0.4506008685 0.0000000000 -2.7632220000 0.4506008685 0.8927255218 0.0000000000 -0.1885510000 0.0000000000 0.0000000000 1.0000000000 0.0670440000
1772700863.7322585583 0.9264998583 -0.3762951136 0.0000000000 -2.7990420000 0.3762951136 0.9264998583 0.0000000000 -0.1891830000 0.0000000000 0.0000000000 1.0000000000 0.0683850000
1772700863.8336496353 0.9994073902 -0.0344219174 0.0000000000 -2.8341620000 0.0344219174 0.9994073902 0.0000000000 -0.1877330000 0.0000000000 0.0000000000 1.0000000000 0.0685470000
1772700863.9322686195 0.8753179404 0.4835478293 0.0000000000 -2.8680320000 -0.4835478293 0.8753179404 -0.0000000000 -0.1849770000 -0.0000000000 0.0000000000 1.0000000000 0.0696320000
1772700864.0321207047 0.5290357776 0.8485995204 0.0000000000 -2.9028820000 -0.8485995204 0.5290357776 -0.0000000000 -0.1827150000 -0.0000000000 0.0000000000 1.0000000000 0.0683360000
1772700864.1322047710 0.0733465872 0.9973065116 0.0000000000 -2.9363120000 -0.9973065116 0.0733465872 -0.0000000000 -0.1813960000 -0.0000000000 0.0000000000 1.0000000000 0.0713410000
1772700864.2325866222 -0.1927928074 0.9812394883 0.0000000000 -2.9695220000 -0.9812394883 -0.1927928074 -0.0000000000 -0.1791080000 -0.0000000000 0.0000000000 1.0000000000 0.0717810000
1772700864.3320195675 -0.3736393645 0.9275740538 0.0000000000 -3.0028220000 -0.9275740538 -0.3736393645 -0.0000000000 -0.1759930000 -0.0000000000 0.0000000000 1.0000000000 0.0711340000
1772700864.4324147701 -0.4989679490 0.8666204393 0.0000000000 -3.0368920000 -0.8666204393 -0.4989679490 -0.0000000000 -0.1743650000 -0.0000000000 0.0000000000 1.0000000000 0.0711080000
1772700864.5321116447 -0.5955853345 0.8032920448 0.0000000000 -3.0719420000 -0.8032920448 -0.5955853345 -0.0000000000 -0.1736060000 -0.0000000000 0.0000000000 1.0000000000 0.0709030000
1772700864.6321976185 -0.6648449395 0.7469813963 0.0000000000 -3.1075920000 -0.7469813963 -0.6648449395 -0.0000000000 -0.1726500000 -0.0000000000 0.0000000000 1.0000000000 0.0712390000
1772700864.7325787544 -0.7515361190 0.6596919447 0.0000000000 -3.1437720000 -0.6596919447 -0.7515361190 -0.0000000000 -0.1727720000 -0.0000000000 0.0000000000 1.0000000000 0.0713090000
1772700864.8327217102 -0.7485305981 0.6631002516 0.0000000000 -3.1795120000 -0.6631002516 -0.7485305981 -0.0000000000 -0.1731020000 -0.0000000000 0.0000000000 1.0000000000 0.0723500000
1772700864.9337975979 -0.7522871453 0.6588353748 0.0000000000 -3.2152820000 -0.6588353748 -0.7522871453 -0.0000000000 -0.1720540000 -0.0000000000 0.0000000000 1.0000000000 0.0726410000
1772700865.0325167179 -0.7239946263 0.6898056111 0.0000000000 -3.2506820000 -0.6898056111 -0.7239946263 -0.0000000000 -0.1715430000 -0.0000000000 0.0000000000 1.0000000000 0.0747130000
1772700865.0767052174 -0.7802088714 0.6255190781 0.0000000000 -3.2879220000 -0.6255190781 -0.7802088714 -0.0000000000 -0.1720510000 -0.0000000000 0.0000000000 1.0000000000 0.0755590000
1772700865.2327497005 -0.8694072983 0.4940960935 0.0000000000 -3.3499620000 -0.4940960935 -0.8694072983 -0.0000000000 -0.2066620000 -0.0000000000 0.0000000000 1.0000000000 0.0646070000
1772700865.3327326775 -0.8594524590 0.5112156792 0.0000000000 -3.3896310000 -0.5112156792 -0.8594524590 -0.0000000000 -0.2054030000 -0.0000000000 0.0000000000 1.0000000000 0.0642130000
1772700865.4333636761 -0.8858295054 0.4640108699 0.0000000000 -3.4288700000 -0.4640108699 -0.8858295054 -0.0000000000 -0.2038610000 -0.0000000000 0.0000000000 1.0000000000 0.0627470000
1772700865.5330576897 -0.8947119860 0.4466435514 0.0000000000 -3.4684200000 -0.4466435514 -0.8947119860 -0.0000000000 -0.2024130000 -0.0000000000 0.0000000000 1.0000000000 0.0630380000
1772700865.6330666542 -0.8858065865 0.4640546211 0.0000000000 -3.5101480000 -0.4640546211 -0.8858065865 -0.0000000000 -0.1994090000 -0.0000000000 0.0000000000 1.0000000000 0.0648750000
1772700865.7328855991 -0.9070971921 0.4209212326 0.0000000000 -3.5541960000 -0.4209212326 -0.9070971921 -0.0000000000 -0.1957300000 -0.0000000000 0.0000000000 1.0000000000 0.0672900000
1772700865.8338077068 -0.8912278722 0.4535558178 0.0000000000 -3.5978140000 -0.4535558178 -0.8912278722 -0.0000000000 -0.1928150000 -0.0000000000 0.0000000000 1.0000000000 0.0679960000
1772700865.9335937500 -0.9071191564 0.4208738958 0.0000000000 -3.6417730000 -0.4208738958 -0.9071191564 -0.0000000000 -0.1908930000 -0.0000000000 0.0000000000 1.0000000000 0.0668440000
1772700866.0333156586 -0.9012950644 0.4332057328 0.0000000000 -3.6867430000 -0.4332057328 -0.9012950644 -0.0000000000 -0.1906550000 -0.0000000000 0.0000000000 1.0000000000 0.0678290000
1772700866.1330475807 -0.8952314752 0.4456013979 0.0000000000 -3.7321130000 -0.4456013979 -0.8952314752 -0.0000000000 -0.1913370000 -0.0000000000 0.0000000000 1.0000000000 0.0676520000
1772700866.2353556156 -0.9078864988 0.4192160604 0.0000000000 -3.7770240000 -0.4192160604 -0.9078864988 -0.0000000000 -0.1914380000 -0.0000000000 0.0000000000 1.0000000000 0.0678140000
1772700866.3336327076 -0.9164130093 0.4002339270 0.0000000000 -3.8193430000 -0.4002339270 -0.9164130093 -0.0000000000 -0.1909690000 -0.0000000000 0.0000000000 1.0000000000 0.0683880000
1772700866.4337656498 -0.9194205227 0.3932758604 0.0000000000 -3.8623020000 -0.3932758604 -0.9194205227 -0.0000000000 -0.1891330000 -0.0000000000 0.0000000000 1.0000000000 0.0673340000
1772700866.5337126255 -0.9162835633 0.4005301882 0.0000000000 -3.9036020000 -0.4005301882 -0.9162835633 -0.0000000000 -0.1884880000 -0.0000000000 0.0000000000 1.0000000000 0.0701670000
1772700866.6341156960 -0.9189362557 0.3944060826 0.0000000000 -3.9460020000 -0.3944060826 -0.9189362557 -0.0000000000 -0.1880630000 -0.0000000000 0.0000000000 1.0000000000 0.0702190000
1772700866.7357466221 -0.9146233310 0.4043070150 0.0000000000 -3.9890020000 -0.4043070150 -0.9146233310 -0.0000000000 -0.1887080000 -0.0000000000 0.0000000000 1.0000000000 0.0705750000
1772700866.8334505558 -0.9237846609 0.3829123924 0.0000000000 -4.0325410000 -0.3829123924 -0.9237846609 -0.0000000000 -0.1871760000 -0.0000000000 0.0000000000 1.0000000000 0.0700380000
1772700866.9347727299 -0.9036407255 0.4282913018 0.0000000000 -4.0754210000 -0.4282913018 -0.9036407255 -0.0000000000 -0.1859110000 -0.0000000000 0.0000000000 1.0000000000 0.0739540000
1772700867.0335335732 -0.9083141190 0.4182887296 0.0000000000 -4.1181000000 -0.4182887296 -0.9083141190 -0.0000000000 -0.1848710000 -0.0000000000 0.0000000000 1.0000000000 0.0732850000
1772700867.1344077587 -0.9066983133 0.4217797631 0.0000000000 -4.1615110000 -0.4217797631 -0.9066983133 -0.0000000000 -0.1849320000 -0.0000000000 0.0000000000 1.0000000000 0.0732790000
1772700867.2334547043 -0.9109048597 0.4126164522 0.0000000000 -4.2039800000 -0.4126164522 -0.9109048597 -0.0000000000 -0.1832200000 -0.0000000000 0.0000000000 1.0000000000 0.0769660000
1772700867.3342597485 -0.9343287200 0.3564124620 0.0000000000 -4.2465080000 -0.3564124620 -0.9343287200 -0.0000000000 -0.1801500000 -0.0000000000 0.0000000000 1.0000000000 0.0757980000
1772700867.4348077774 -0.9973164412 -0.0732114482 -0.0000000000 -4.2902750000 0.0732114482 -0.9973164412 0.0000000000 -0.1766300000 0.0000000000 -0.0000000000 1.0000000000 0.0732290000
1772700867.5362167358 -0.8821483263 -0.4709716875 -0.0000000000 -4.3340540000 0.4709716875 -0.8821483263 0.0000000000 -0.1739000000 0.0000000000 -0.0000000000 1.0000000000 0.0733070000
1772700867.6342697144 -0.8905641157 -0.4548577315 -0.0000000000 -4.3762020000 0.4548577315 -0.8905641157 0.0000000000 -0.1708740000 0.0000000000 -0.0000000000 1.0000000000 0.0745720000
1772700867.7349317074 -0.8139107211 -0.5809899638 -0.0000000000 -4.4182700000 0.5809899638 -0.8139107211 0.0000000000 -0.1677750000 0.0000000000 -0.0000000000 1.0000000000 0.0754440000
1772700867.8351826668 -0.7520199591 -0.6591403349 -0.0000000000 -4.4629590000 0.6591403349 -0.7520199591 0.0000000000 -0.1657840000 0.0000000000 -0.0000000000 1.0000000000 0.0757050000
1772700867.9350075722 -0.6963052369 -0.7177457886 -0.0000000000 -4.5082180000 0.7177457886 -0.6963052369 0.0000000000 -0.1646060000 0.0000000000 -0.0000000000 1.0000000000 0.0732580000
1772700868.0348236561 -0.6642095800 -0.7475464092 -0.0000000000 -4.5518370000 0.7475464092 -0.6642095800 0.0000000000 -0.1628800000 0.0000000000 -0.0000000000 1.0000000000 0.0729150000
1772700868.1356346607 -0.6006180368 -0.7995360992 -0.0000000000 -4.5955660000 0.7995360992 -0.6006180368 0.0000000000 -0.1605560000 0.0000000000 -0.0000000000 1.0000000000 0.0746780000
1772700868.2358436584 -0.3955192064 -0.9184577058 -0.0000000000 -4.6396440000 0.9184577058 -0.3955192064 0.0000000000 -0.1579370000 0.0000000000 -0.0000000000 1.0000000000 0.0751620000
1772700868.3351845741 -0.3720624648 -0.9282076935 -0.0000000000 -4.6842720000 0.9282076935 -0.3720624648 0.0000000000 -0.1538390000 0.0000000000 -0.0000000000 1.0000000000 0.0746000000
1772700868.4347915649 -0.3010826823 -0.9535980382 -0.0000000000 -4.7295510000 0.9535980382 -0.3010826823 0.0000000000 -0.1518580000 0.0000000000 -0.0000000000 1.0000000000 0.0758000000
1772700868.5351135731 -0.2758051506 -0.9612135657 -0.0000000000 -4.7747000000 0.9612135657 -0.2758051506 0.0000000000 -0.1501410000 0.0000000000 -0.0000000000 1.0000000000 0.0762980000
1772700868.6362435818 -0.2582117095 -0.9660883568 -0.0000000000 -4.8201880000 0.9660883568 -0.2582117095 0.0000000000 -0.1474890000 0.0000000000 -0.0000000000 1.0000000000 0.0766480000
1772700868.7354745865 -0.0515837052 -0.9986686745 -0.0000000000 -4.8630560000 0.9986686745 -0.0515837052 0.0000000000 -0.1444300000 0.0000000000 -0.0000000000 1.0000000000 0.0765890000
1772700868.8354835510 0.2730465035 -0.9620008352 -0.0000000000 -4.9062850000 0.9620008352 0.2730465035 0.0000000000 -0.1420940000 0.0000000000 -0.0000000000 1.0000000000 0.0771650000
1772700868.9389836788 0.2386936390 -0.9710949216 -0.0000000000 -4.9528940000 0.9710949216 0.2386936390 0.0000000000 -0.1396190000 0.0000000000 -0.0000000000 1.0000000000 0.0770530000
1772700869.0358295441 0.3538042667 -0.9353194860 -0.0000000000 -4.9989520000 0.9353194860 0.3538042667 0.0000000000 -0.1372620000 0.0000000000 -0.0000000000 1.0000000000 0.0769170000
1772700869.1359446049 0.3820156018 -0.9241558743 -0.0000000000 -5.0437710000 0.9241558743 0.3820156018 0.0000000000 -0.1345930000 0.0000000000 -0.0000000000 1.0000000000 0.0802150000
1772700869.2357985973 0.4287362927 -0.9034296826 -0.0000000000 -5.0888680000 0.9034296826 0.4287362927 0.0000000000 -0.1296710000 0.0000000000 -0.0000000000 1.0000000000 0.0823520000
1772700869.3366477489 0.4694775495 -0.8829444097 -0.0000000000 -5.1337660000 0.8829444097 0.4694775495 0.0000000000 -0.1258450000 0.0000000000 -0.0000000000 1.0000000000 0.0820610000
1772700869.4361376762 0.4702766403 -0.8825190545 -0.0000000000 -5.1800330000 0.8825190545 0.4702766403 0.0000000000 -0.1217200000 0.0000000000 -0.0000000000 1.0000000000 0.0802950000
1772700869.5361206532 0.4524950083 -0.8917669356 -0.0000000000 -5.2243610000 0.8917669356 0.4524950083 0.0000000000 -0.1183610000 0.0000000000 -0.0000000000 1.0000000000 0.0817900000
1772700869.6369185448 0.5053371525 -0.8629219909 -0.0000000000 -5.2659680000 0.8629219909 0.5053371525 0.0000000000 -0.1138480000 0.0000000000 -0.0000000000 1.0000000000 0.0820790000
1772700869.7357835770 0.5039659703 -0.8637235095 -0.0000000000 -5.3076870000 0.8637235095 0.5039659703 0.0000000000 -0.1109780000 0.0000000000 -0.0000000000 1.0000000000 0.0844360000
1772700869.8362085819 0.4629104453 -0.8864050539 -0.0000000000 -5.3505640000 0.8864050539 0.4629104453 0.0000000000 -0.1070230000 0.0000000000 -0.0000000000 1.0000000000 0.0823470000
1772700869.9361927509 0.4571115180 -0.8894093883 -0.0000000000 -5.3938320000 0.8894093883 0.4571115180 0.0000000000 -0.1031200000 0.0000000000 -0.0000000000 1.0000000000 0.0861720000
1772700870.0362076759 0.4760970511 -0.8793927438 -0.0000000000 -5.4368190000 0.8793927438 0.4760970511 0.0000000000 -0.0984450000 0.0000000000 -0.0000000000 1.0000000000 0.0850300000
1772700870.1360526085 0.4602242495 -0.8878027034 -0.0000000000 -5.4802860000 0.8878027034 0.4602242495 0.0000000000 -0.0929540000 0.0000000000 -0.0000000000 1.0000000000 0.0816460000
1772700870.2360336781 0.4508560396 -0.8925966791 -0.0000000000 -5.5226130000 0.8925966791 0.4508560396 0.0000000000 -0.0886860000 0.0000000000 -0.0000000000 1.0000000000 0.0843500000
1772700870.3367347717 0.4581630164 -0.8888681850 -0.0000000000 -5.5656710000 0.8888681850 0.4581630164 0.0000000000 -0.0856780000 0.0000000000 -0.0000000000 1.0000000000 0.0823990000
1772700870.4364385605 0.4705664825 -0.8823645423 -0.0000000000 -5.6097490000 0.8823645423 0.4705664825 0.0000000000 -0.0820250000 0.0000000000 -0.0000000000 1.0000000000 0.0834370000
1772700870.5362637043 0.4645175581 -0.8855639097 -0.0000000000 -5.6543760000 0.8855639097 0.4645175581 0.0000000000 -0.0779570000 0.0000000000 -0.0000000000 1.0000000000 0.0818580000
1772700870.6365847588 0.4474109504 -0.8943284863 -0.0000000000 -5.7007850000 0.8943284863 0.4474109504 0.0000000000 -0.0754120000 0.0000000000 -0.0000000000 1.0000000000 0.0825580000
1772700870.7370295525 0.4474301152 -0.8943188984 -0.0000000000 -5.7458040000 0.8943188984 0.4474301152 0.0000000000 -0.0730690000 0.0000000000 -0.0000000000 1.0000000000 0.0821340000
1772700870.8368117809 0.4379555304 -0.8989966371 -0.0000000000 -5.7888320000 0.8989966371 0.4379555304 0.0000000000 -0.0710780000 0.0000000000 -0.0000000000 1.0000000000 0.0832450000
1772700870.9366567135 0.4495260968 -0.8932671987 -0.0000000000 -5.8302900000 0.8932671987 0.4495260968 0.0000000000 -0.0664580000 0.0000000000 -0.0000000000 1.0000000000 0.0867540000
1772700871.0382306576 0.4387295290 -0.8986191632 -0.0000000000 -5.8720070000 0.8986191632 0.4387295290 0.0000000000 -0.0614830000 0.0000000000 -0.0000000000 1.0000000000 0.0845920000
1772700871.1379187107 0.4377828373 -0.8990807458 -0.0000000000 -5.9144230000 0.8990807458 0.4377828373 0.0000000000 -0.0560840000 0.0000000000 -0.0000000000 1.0000000000 0.0836130000
1772700871.2369575500 0.4348202648 -0.9005172610 -0.0000000000 -5.9565100000 0.9005172610 0.4348202648 0.0000000000 -0.0512230000 0.0000000000 -0.0000000000 1.0000000000 0.0848620000
1772700871.3364727497 0.4069579423 -0.9134468968 -0.0000000000 -5.9999480000 0.9134468968 0.4069579423 0.0000000000 -0.0470670000 0.0000000000 -0.0000000000 1.0000000000 0.0825900000
1772700871.4379105568 0.4309339492 -0.9023834725 -0.0000000000 -6.0432460000 0.9023834725 0.4309339492 0.0000000000 -0.0436630000 0.0000000000 -0.0000000000 1.0000000000 0.0825560000
1772700871.5372545719 0.4101560260 -0.9120153696 -0.0000000000 -6.0864430000 0.9120153696 0.4101560260 0.0000000000 -0.0396130000 0.0000000000 -0.0000000000 1.0000000000 0.0834760000
1772700871.6377146244 0.4069759659 -0.9134388667 -0.0000000000 -6.1299610000 0.9134388667 0.4069759659 0.0000000000 -0.0356900000 0.0000000000 -0.0000000000 1.0000000000 0.0848430000
1772700871.7373917103 0.3982624815 -0.9172714952 -0.0000000000 -6.1752190000 0.9172714952 0.3982624815 0.0000000000 -0.0329980000 0.0000000000 -0.0000000000 1.0000000000 0.0848350000
1772700871.8376736641 0.3844679070 -0.9231383582 -0.0000000000 -6.2218680000 0.9231383582 0.3844679070 0.0000000000 -0.0307810000 0.0000000000 -0.0000000000 1.0000000000 0.0837030000
1772700871.9377267361 0.4031517466 -0.9151331429 -0.0000000000 -6.2664160000 0.9151331429 0.4031517466 0.0000000000 -0.0278990000 0.0000000000 -0.0000000000 1.0000000000 0.0851720000
1772700872.0374746323 0.3897556231 -0.9209183212 -0.0000000000 -6.3124840000 0.9209183212 0.3897556231 0.0000000000 -0.0248490000 0.0000000000 -0.0000000000 1.0000000000 0.0838030000
1772700872.1377387047 0.4027644966 -0.9153036438 -0.0000000000 -6.3588520000 0.9153036438 0.4027644966 0.0000000000 -0.0207120000 0.0000000000 -0.0000000000 1.0000000000 0.0832330000
1772700872.2389416695 0.3873725052 -0.9219232844 -0.0000000000 -6.4031300000 0.9219232844 0.3873725052 0.0000000000 -0.0170260000 0.0000000000 -0.0000000000 1.0000000000 0.0843310000
1772700872.3385577202 0.4137330298 -0.9103982535 -0.0000000000 -6.4475570000 0.9103982535 0.4137330298 0.0000000000 -0.0130200000 0.0000000000 -0.0000000000 1.0000000000 0.0849560000
1772700872.4369275570 0.4264984349 -0.9044883001 -0.0000000000 -6.4912140000 0.9044883001 0.4264984349 0.0000000000 -0.0076360000 0.0000000000 -0.0000000000 1.0000000000 0.0865970000
1772700872.5396246910 0.4589988092 -0.8884368819 -0.0000000000 -6.5330310000 0.8884368819 0.4589988092 0.0000000000 -0.0027450000 0.0000000000 -0.0000000000 1.0000000000 0.0853720000
1772700872.6381397247 0.4524646506 -0.8917823389 -0.0000000000 -6.5769380000 0.8917823389 0.4524646506 0.0000000000 0.0012420000 0.0000000000 -0.0000000000 1.0000000000 0.0843960000
1772700872.7388126850 0.4137596796 -0.9103861420 -0.0000000000 -6.6212560000 0.9103861420 0.4137596796 0.0000000000 0.0050340000 0.0000000000 -0.0000000000 1.0000000000 0.0850100000
1772700872.8382256031 0.3963837265 -0.9180849314 -0.0000000000 -6.6667550000 0.9180849314 0.3963837265 0.0000000000 0.0075510000 0.0000000000 -0.0000000000 1.0000000000 0.0859690000
1772700872.9392356873 0.3909503423 -0.9204117719 -0.0000000000 -6.7132930000 0.9204117719 0.3909503423 0.0000000000 0.0103980000 0.0000000000 -0.0000000000 1.0000000000 0.0868340000
1772700873.0381145477 0.3804985506 -0.9247815164 -0.0000000000 -6.7591120000 0.9247815164 0.3804985506 0.0000000000 0.0126240000 0.0000000000 -0.0000000000 1.0000000000 0.0877850000
1772700873.1384875774 0.3885508235 -0.9214272937 -0.0000000000 -6.8060310000 0.9214272937 0.3885508235 0.0000000000 0.0147720000 0.0000000000 -0.0000000000 1.0000000000 0.0873930000
1772700873.2406966686 0.3988461820 -0.9170178423 -0.0000000000 -6.8521190000 0.9170178423 0.3988461820 0.0000000000 0.0171040000 0.0000000000 -0.0000000000 1.0000000000 0.0883800000
1772700873.3385117054 0.3766267177 -0.9263651092 -0.0000000000 -6.8978380000 0.9263651092 0.3766267177 0.0000000000 0.0194480000 0.0000000000 -0.0000000000 1.0000000000 0.0867350000
1772700873.4388687611 0.3507942248 -0.9364525679 -0.0000000000 -6.9434060000 0.9364525679 0.3507942248 0.0000000000 0.0226140000 0.0000000000 -0.0000000000 1.0000000000 0.0863480000
1772700873.5390956402 0.3340858136 -0.9425426617 -0.0000000000 -6.9885140000 0.9425426617 0.3340858136 0.0000000000 0.0250460000 0.0000000000 -0.0000000000 1.0000000000 0.0864730000
1772700873.6387186050 0.3041565638 -0.9526220576 -0.0000000000 -7.0340820000 0.9526220576 0.3041565638 0.0000000000 0.0272940000 0.0000000000 -0.0000000000 1.0000000000 0.0839900000
1772700873.7390205860 0.2899423875 -0.9570441014 -0.0000000000 -7.0782220000 0.9570441014 0.2899423875 0.0000000000 0.0293060000 0.0000000000 -0.0000000000 1.0000000000 0.0860640000
1772700873.8390617371 0.2750600376 -0.9614270517 -0.0000000000 -7.0952260000 0.9614270517 0.2750600376 0.0000000000 0.0533170000 0.0000000000 -0.0000000000 1.0000000000 0.0941930000
1772700873.9388287067 0.2683677022 -0.9633165505 -0.0000000000 -7.1403740000 0.9633165505 0.2683677022 0.0000000000 0.0559210000 0.0000000000 -0.0000000000 1.0000000000 0.0949330000
1772700874.0385406017 0.2876905472 -0.9577234199 -0.0000000000 -7.1863230000 0.9577234199 0.2876905472 0.0000000000 0.0579660000 0.0000000000 -0.0000000000 1.0000000000 0.0926130000
1772700874.1402506828 0.3228660205 -0.9464446803 -0.0000000000 -7.2294730000 0.9464446803 0.3228660205 0.0000000000 0.0595090000 0.0000000000 -0.0000000000 1.0000000000 0.0929140000
1772700874.2403566837 0.3128433847 -0.9498047255 -0.0000000000 -7.2717420000 0.9498047255 0.3128433847 0.0000000000 0.0602090000 0.0000000000 -0.0000000000 1.0000000000 0.0885550000
1772700874.3392536640 0.2746025049 -0.9615578320 -0.0000000000 -7.3149210000 0.9615578320 0.2746025049 0.0000000000 0.0625250000 0.0000000000 -0.0000000000 1.0000000000 0.0868510000
1772700874.4379916191 0.2921681357 -0.9563669696 -0.0000000000 -7.3589490000 0.9563669696 0.2921681357 0.0000000000 0.0658080000 0.0000000000 -0.0000000000 1.0000000000 0.0859480000
1772700874.5392205715 0.2843145711 -0.9587310492 -0.0000000000 -7.4027280000 0.9587310492 0.2843145711 0.0000000000 0.0684410000 0.0000000000 -0.0000000000 1.0000000000 0.0831630000
1772700874.6401445866 0.2752971905 -0.9613591716 -0.0000000000 -7.4457470000 0.9613591716 0.2752971905 0.0000000000 0.0701880000 0.0000000000 -0.0000000000 1.0000000000 0.0829510000
1772700874.7398626804 0.2367630587 -0.9715674213 -0.0000000000 -7.4879260000 0.9715674213 0.2367630587 0.0000000000 0.0712510000 0.0000000000 -0.0000000000 1.0000000000 0.0838250000
1772700874.8397896290 0.2438590809 -0.9698106767 -0.0000000000 -7.5313960000 0.9698106767 0.2438590809 0.0000000000 0.0724300000 0.0000000000 -0.0000000000 1.0000000000 0.0825380000
1772700874.9396016598 0.2440452518 -0.9697638450 -0.0000000000 -7.5765450000 0.9697638450 0.2440452518 0.0000000000 0.0740860000 0.0000000000 -0.0000000000 1.0000000000 0.0808570000
1772700875.0425336361 0.2235286856 -0.9746973513 -0.0000000000 -7.6215830000 0.9746973513 0.2235286856 0.0000000000 0.0777160000 0.0000000000 -0.0000000000 1.0000000000 0.0825650000
1772700875.1401977539 0.2340821702 -0.9722168161 -0.0000000000 -7.6666810000 0.9722168161 0.2340821702 0.0000000000 0.0826940000 0.0000000000 -0.0000000000 1.0000000000 0.0836330000
1772700875.2399387360 0.1836049109 -0.9830001204 -0.0000000000 -7.7104580000 0.9830001204 0.1836049109 0.0000000000 0.0881730000 0.0000000000 -0.0000000000 1.0000000000 0.0847860000
1772700875.3422107697 0.2295066871 -0.9733070844 -0.0000000000 -7.7525960000 0.9733070844 0.2295066871 0.0000000000 0.0925700000 0.0000000000 -0.0000000000 1.0000000000 0.0848130000
1772700875.4419846535 0.2165700219 -0.9762670872 -0.0000000000 -7.7940440000 0.9762670872 0.2165700219 0.0000000000 0.0963630000 0.0000000000 -0.0000000000 1.0000000000 0.0834200000
1772700875.5399515629 0.2234441972 -0.9747167233 -0.0000000000 -7.8376830000 0.9747167233 0.2234441972 0.0000000000 0.0974600000 0.0000000000 -0.0000000000 1.0000000000 0.0813690000
1772700875.6408605576 0.2071034195 -0.9783190551 -0.0000000000 -7.8817830000 0.9783190551 0.2071034195 0.0000000000 0.0986070000 0.0000000000 -0.0000000000 1.0000000000 0.0814900000
1772700875.7424366474 0.2111050349 -0.9774633826 -0.0000000000 -7.9253810000 0.9774633826 0.2111050349 0.0000000000 0.1019410000 0.0000000000 -0.0000000000 1.0000000000 0.0841030000
1772700875.8399195671 0.1927484935 -0.9812481940 -0.0000000000 -7.9696100000 0.9812481940 0.1927484935 0.0000000000 0.1050880000 0.0000000000 -0.0000000000 1.0000000000 0.0845940000
1772700875.9403336048 0.1694825084 -0.9855331955 -0.0000000000 -8.0134280000 0.9855331955 0.1694825084 0.0000000000 0.1085780000 0.0000000000 -0.0000000000 1.0000000000 0.0815090000
1772700876.0409157276 0.1630514127 -0.9866175737 -0.0000000000 -8.0562570000 0.9866175737 0.1630514127 0.0000000000 0.1106190000 0.0000000000 -0.0000000000 1.0000000000 0.0838060000
1772700876.1420776844 0.1321009720 -0.9912362651 -0.0000000000 -8.0991670000 0.9912362651 0.1321009720 0.0000000000 0.1111630000 0.0000000000 -0.0000000000 1.0000000000 0.0812510000
1772700876.2422015667 0.1552501978 -0.9878751824 -0.0000000000 -8.1442970000 0.9878751824 0.1552501978 0.0000000000 0.1109960000 0.0000000000 -0.0000000000 1.0000000000 0.0799570000
1772700876.3425097466 0.1783238201 -0.9839718569 -0.0000000000 -8.1892060000 0.9839718569 0.1783238201 0.0000000000 0.1129390000 0.0000000000 -0.0000000000 1.0000000000 0.0788480000
1772700876.4412376881 0.1763677529 -0.9843243448 -0.0000000000 -8.2337040000 0.9843243448 0.1763677529 0.0000000000 0.1164370000 0.0000000000 -0.0000000000 1.0000000000 0.0761390000
1772700876.5410537720 0.1621473965 -0.9867665488 -0.0000000000 -8.2783220000 0.9867665488 0.1621473965 0.0000000000 0.1198060000 0.0000000000 -0.0000000000 1.0000000000 0.0757180000
1772700876.6433777809 0.1450536920 -0.9894237851 -0.0000000000 -8.3217800000 0.9894237851 0.1450536920 0.0000000000 0.1245620000 0.0000000000 -0.0000000000 1.0000000000 0.0750420000
1772700876.7420907021 0.1721163201 -0.9850766327 -0.0000000000 -8.3643480000 0.9850766327 0.1721163201 0.0000000000 0.1284970000 0.0000000000 -0.0000000000 1.0000000000 0.0750920000
1772700876.8433337212 0.1475758332 -0.9890507436 -0.0000000000 -8.4076760000 0.9890507436 0.1475758332 0.0000000000 0.1321820000 0.0000000000 -0.0000000000 1.0000000000 0.0733520000
1772700876.9408855438 0.1587498340 -0.9873188392 -0.0000000000 -8.4503550000 0.9873188392 0.1587498340 0.0000000000 0.1353850000 0.0000000000 -0.0000000000 1.0000000000 0.0739750000
1772700877.0441477299 0.1759444568 -0.9844000955 -0.0000000000 -8.4934130000 0.9844000955 0.1759444568 0.0000000000 0.1380120000 0.0000000000 -0.0000000000 1.0000000000 0.0736620000
1772700877.1436176300 0.1414603649 -0.9899439202 -0.0000000000 -8.5366620000 0.9899439202 0.1414603649 0.0000000000 0.1414410000 0.0000000000 -0.0000000000 1.0000000000 0.0742090000
1772700877.2437837124 0.1537274402 -0.9881132901 -0.0000000000 -8.5800000000 0.9881132901 0.1537274402 0.0000000000 0.1457230000 0.0000000000 -0.0000000000 1.0000000000 0.0742260000
1772700877.3411197662 0.1559932480 -0.9877581215 -0.0000000000 -8.6225580000 0.9877581215 0.1559932480 0.0000000000 0.1488400000 0.0000000000 -0.0000000000 1.0000000000 0.0758080000
1772700877.4424467087 0.1284781605 -0.9917123385 -0.0000000000 -8.6658670000 0.9917123385 0.1284781605 0.0000000000 0.1510260000 0.0000000000 -0.0000000000 1.0000000000 0.0727580000
1772700877.5417356491 0.0899673686 -0.9959447136 -0.0000000000 -8.7092460000 0.9959447136 0.0899673686 0.0000000000 0.1532910000 0.0000000000 -0.0000000000 1.0000000000 0.0744510000
1772700877.6414165497 0.0953278155 -0.9954459340 -0.0000000000 -8.7515330000 0.9954459340 0.0953278155 0.0000000000 0.1585680000 0.0000000000 -0.0000000000 1.0000000000 0.0739330000
1772700877.7415487766 0.0948816497 -0.9954885597 -0.0000000000 -8.7946110000 0.9954885597 0.0948816497 0.0000000000 0.1624970000 0.0000000000 -0.0000000000 1.0000000000 0.0740610000
1772700877.8441336155 0.0897881286 -0.9959608888 -0.0000000000 -8.8389800000 0.9959608888 0.0897881286 0.0000000000 0.1653560000 0.0000000000 -0.0000000000 1.0000000000 0.0721180000
1772700877.9429187775 0.1043663140 -0.9945389246 -0.0000000000 -8.8826590000 0.9945389246 0.1043663140 0.0000000000 0.1678370000 0.0000000000 -0.0000000000 1.0000000000 0.0755030000
1772700878.0422477722 0.0748043156 -0.9971982322 -0.0000000000 -8.9253980000 0.9971982322 0.0748043156 0.0000000000 0.1703780000 0.0000000000 -0.0000000000 1.0000000000 0.0764760000
1772700878.1421506405 0.0452247595 -0.9989768371 -0.0000000000 -8.9695260000 0.9989768371 0.0452247595 0.0000000000 0.1737920000 0.0000000000 -0.0000000000 1.0000000000 0.0769620000
1772700878.2429337502 0.0525456258 -0.9986185244 -0.0000000000 -9.0131640000 0.9986185244 0.0525456258 0.0000000000 0.1773690000 0.0000000000 -0.0000000000 1.0000000000 0.0763480000
1772700878.3430457115 0.0141238774 -0.9999002531 -0.0000000000 -9.0572530000 0.9999002531 0.0141238774 0.0000000000 0.1811230000 0.0000000000 -0.0000000000 1.0000000000 0.0774680000
1772700878.4420316219 -0.0152643010 -0.9998834938 -0.0000000000 -9.1012600000 0.9998834938 -0.0152643010 0.0000000000 0.1855240000 0.0000000000 -0.0000000000 1.0000000000 0.0763370000
1772700878.5418987274 -0.0235509193 -0.9997226386 -0.0000000000 -9.1455390000 0.9997226386 -0.0235509193 0.0000000000 0.1889440000 0.0000000000 -0.0000000000 1.0000000000 0.0756280000
1772700878.6438395977 -0.0260339442 -0.9996610594 -0.0000000000 -9.1907180000 0.9996610594 -0.0260339442 0.0000000000 0.1910540000 0.0000000000 -0.0000000000 1.0000000000 0.0771490000
1772700878.7438476086 -0.0301966816 -0.9995439762 -0.0000000000 -9.2365060000 0.9995439762 -0.0301966816 0.0000000000 0.1941730000 0.0000000000 -0.0000000000 1.0000000000 0.0757280000
1772700878.8423557281 -0.0893218202 -0.9960028175 -0.0000000000 -9.2820840000 0.9960028175 -0.0893218202 0.0000000000 0.1975090000 0.0000000000 -0.0000000000 1.0000000000 0.0725220000
1772700878.9434685707 -0.1107044339 -0.9938533737 -0.0000000000 -9.3277730000 0.9938533737 -0.1107044339 0.0000000000 0.2004370000 0.0000000000 -0.0000000000 1.0000000000 0.0749220000
1772700879.0430526733 -0.1172781914 -0.9930991017 -0.0000000000 -9.3729220000 0.9930991017 -0.1172781914 0.0000000000 0.2031060000 0.0000000000 -0.0000000000 1.0000000000 0.0731800000
1772700879.1445915699 -0.1398832503 -0.9901680041 -0.0000000000 -9.4187710000 0.9901680041 -0.1398832503 0.0000000000 0.2033340000 0.0000000000 -0.0000000000 1.0000000000 0.0716110000
1772700879.2442257404 -0.1275061057 -0.9918377856 -0.0000000000 -9.4647110000 0.9918377856 -0.1275061057 0.0000000000 0.2037180000 0.0000000000 -0.0000000000 1.0000000000 0.0720620000
1772700879.3437745571 -0.1535894194 -0.9881347531 -0.0000000000 -9.5099210000 0.9881347531 -0.1535894194 0.0000000000 0.2048550000 0.0000000000 -0.0000000000 1.0000000000 0.0700920000
1772700879.4438257217 -0.1309436356 -0.9913898145 -0.0000000000 -9.5555600000 0.9913898145 -0.1309436356 0.0000000000 0.2060160000 0.0000000000 -0.0000000000 1.0000000000 0.0699320000
1772700879.5433857441 -0.1556699102 -0.9878091309 -0.0000000000 -9.6006700000 0.9878091309 -0.1556699102 0.0000000000 0.2075800000 0.0000000000 -0.0000000000 1.0000000000 0.0734850000
1772700879.6429407597 -0.1627241627 -0.9866716003 -0.0000000000 -9.6424680000 0.9866716003 -0.1627241627 0.0000000000 0.2101610000 0.0000000000 -0.0000000000 1.0000000000 0.0736430000
1772700879.7426977158 -0.1595406426 -0.9871913611 -0.0000000000 -9.6827070000 0.9871913611 -0.1595406426 0.0000000000 0.2118080000 0.0000000000 -0.0000000000 1.0000000000 0.0715420000
1772700879.8448226452 -0.1608294649 -0.9869822102 -0.0000000000 -9.7261160000 0.9869822102 -0.1608294649 0.0000000000 0.2153350000 0.0000000000 -0.0000000000 1.0000000000 0.0736830000
1772700879.9444386959 -0.1458140363 -0.9893120169 -0.0000000000 -9.7821330000 0.9893120169 -0.1458140363 0.0000000000 0.2209230000 0.0000000000 -0.0000000000 1.0000000000 0.0745840000
1772700880.0434577465 -0.1240689676 -0.9922735970 -0.0000000000 -9.8495210000 0.9922735970 -0.1240689676 0.0000000000 0.2249750000 0.0000000000 -0.0000000000 1.0000000000 0.0723660000
1772700880.1445705891 -0.1651979641 -0.9862604284 -0.0000000000 -9.9181290000 0.9862604284 -0.1651979641 0.0000000000 0.2289280000 0.0000000000 -0.0000000000 1.0000000000 0.0724340000
1772700880.2446036339 -0.2357807082 -0.9718062861 -0.0000000000 -9.9922460000 0.9718062861 -0.2357807082 0.0000000000 0.2350270000 0.0000000000 -0.0000000000 1.0000000000 0.0687880000
1772700880.3435387611 -0.2267427000 -0.9739546950 -0.0000000000 -10.0763120000 0.9739546950 -0.2267427000 0.0000000000 0.2419790000 0.0000000000 -0.0000000000 1.0000000000 0.0648950000
1772700880.4446127415 -0.2228650766 -0.9748493000 -0.0000000000 -10.1629100000 0.9748493000 -0.2228650766 0.0000000000 0.2472620000 0.0000000000 -0.0000000000 1.0000000000 0.0642600000
1772700880.5437057018 -0.2374580366 -0.9713977974 -0.0000000000 -10.2484080000 0.9713977974 -0.2374580366 0.0000000000 0.2500750000 0.0000000000 -0.0000000000 1.0000000000 0.0640960000
1772700880.6441097260 -0.2381139436 -0.9712372264 -0.0000000000 -10.3321070000 0.9712372264 -0.2381139436 0.0000000000 0.2515140000 0.0000000000 -0.0000000000 1.0000000000 0.0601890000
1772700880.7437136173 -0.2420064927 -0.9702746299 -0.0000000000 -10.4187070000 0.9702746299 -0.2420064927 0.0000000000 0.2533950000 0.0000000000 -0.0000000000 1.0000000000 0.0596890000
1772700880.8439667225 -0.2457870082 -0.9693238605 -0.0000000000 -10.5058040000 0.9693238605 -0.2457870082 0.0000000000 0.2576370000 0.0000000000 -0.0000000000 1.0000000000 0.0568520000
1772700880.9452066422 -0.2687127363 -0.9632203618 -0.0000000000 -10.5942010000 0.9632203618 -0.2687127363 0.0000000000 0.2636980000 0.0000000000 -0.0000000000 1.0000000000 0.0576680000
1772700881.0448367596 -0.2844806176 -0.9586817920 -0.0000000000 -10.6837990000 0.9586817920 -0.2844806176 0.0000000000 0.2696520000 0.0000000000 -0.0000000000 1.0000000000 0.0582750000
1772700881.1450395584 -0.3032606716 -0.9529076372 -0.0000000000 -10.7682950000 0.9529076372 -0.3032606716 0.0000000000 0.2763050000 0.0000000000 -0.0000000000 1.0000000000 0.0591510000
1772700881.2457976341 -0.2978129905 -0.9546242312 -0.0000000000 -10.8548920000 0.9546242312 -0.2978129905 0.0000000000 0.2824760000 0.0000000000 -0.0000000000 1.0000000000 0.0585300000
1772700881.3448157310 -0.3148000324 -0.9491580161 -0.0000000000 -10.9434900000 0.9491580161 -0.3148000324 0.0000000000 0.2878360000 0.0000000000 -0.0000000000 1.0000000000 0.0586490000
1772700881.4459955692 -0.3543274545 -0.9351214119 -0.0000000000 -11.0346860000 0.9351214119 -0.3543274545 0.0000000000 0.2962560000 0.0000000000 -0.0000000000 1.0000000000 0.0591760000
1772700881.5465886593 -0.4021891226 -0.9155566119 -0.0000000000 -11.1262810000 0.9155566119 -0.4021891226 0.0000000000 0.3051130000 0.0000000000 -0.0000000000 1.0000000000 0.0604170000
1772700881.6437246799 -0.3965961215 -0.9179932006 -0.0000000000 -11.2167780000 0.9179932006 -0.3965961215 0.0000000000 0.3118060000 0.0000000000 -0.0000000000 1.0000000000 0.0612010000
1772700881.7445557117 -0.4219997800 -0.9065959329 -0.0000000000 -11.3065760000 0.9065959329 -0.4219997800 0.0000000000 0.3162880000 0.0000000000 -0.0000000000 1.0000000000 0.0619910000
1772700881.8460197449 -0.4523494121 -0.8918407982 -0.0000000000 -11.3947740000 0.8918407982 -0.4523494121 0.0000000000 0.3211600000 0.0000000000 -0.0000000000 1.0000000000 0.0598500000
1772700881.9448366165 -0.4495290808 -0.8932656971 -0.0000000000 -11.4842710000 0.8932656971 -0.4495290808 0.0000000000 0.3254140000 0.0000000000 -0.0000000000 1.0000000000 0.0570300000
1772700882.0456607342 -0.4466571628 -0.8947051911 -0.0000000000 -11.5728690000 0.8947051911 -0.4466571628 0.0000000000 0.3292260000 0.0000000000 -0.0000000000 1.0000000000 0.0555020000
1772700882.1469047070 -0.4495236720 -0.8932684189 -0.0000000000 -11.6612680000 0.8932684189 -0.4495236720 0.0000000000 0.3321490000 0.0000000000 -0.0000000000 1.0000000000 0.0562460000
1772700882.2450506687 -0.4963629082 -0.8681151210 -0.0000000000 -11.7493660000 0.8681151210 -0.4963629082 0.0000000000 0.3359800000 0.0000000000 -0.0000000000 1.0000000000 0.0582000000
1772700882.3451385498 -0.5971916867 -0.8020985534 -0.0000000000 -11.8306900000 0.8020985534 -0.5971916867 0.0000000000 0.3421520000 0.0000000000 -0.0000000000 1.0000000000 0.0370050000
1772700882.4454865456 -0.5972866430 -0.8020278462 -0.0000000000 -11.9195960000 0.8020278462 -0.5972866430 0.0000000000 0.3466590000 0.0000000000 -0.0000000000 1.0000000000 0.0351880000
1772700882.5467426777 -0.6030360383 -0.7977139440 -0.0000000000 -12.0123040000 0.7977139440 -0.6030360383 0.0000000000 0.3522490000 0.0000000000 -0.0000000000 1.0000000000 0.0333420000
1772700882.6454596519 -0.6481867563 -0.7614814042 -0.0000000000 -12.1106110000 0.7614814042 -0.6481867563 0.0000000000 0.3586250000 0.0000000000 -0.0000000000 1.0000000000 0.0326560000
1772700882.7453546524 -0.6056819940 -0.7957068067 -0.0000000000 -12.2193150000 0.7957068067 -0.6056819940 0.0000000000 0.3619270000 0.0000000000 -0.0000000000 1.0000000000 0.0327000000
1772700882.8457617760 -0.6522123511 -0.7580363112 -0.0000000000 -12.3288150000 0.7580363112 -0.6522123511 0.0000000000 0.3624110000 0.0000000000 -0.0000000000 1.0000000000 0.0337590000
1772700882.9464466572 -0.6570781504 -0.7538224620 -0.0000000000 -12.4299180000 0.7538224620 -0.6570781504 0.0000000000 0.3648070000 0.0000000000 -0.0000000000 1.0000000000 0.0331840000
1772700883.0469305515 -0.6726015419 -0.7400048418 -0.0000000000 -12.5312300000 0.7400048418 -0.6726015419 0.0000000000 0.3730180000 0.0000000000 -0.0000000000 1.0000000000 0.0280510000
1772700883.1451277733 -0.5784722822 -0.8157020404 -0.0000000000 -12.6365380000 0.8157020404 -0.5784722822 0.0000000000 0.3820920000 0.0000000000 -0.0000000000 1.0000000000 0.0309650000
1772700883.2459037304 -0.2451918232 -0.9694745844 -0.0000000000 -12.7473500000 0.9694745844 -0.2451918232 0.0000000000 0.3900740000 0.0000000000 -0.0000000000 1.0000000000 0.0267220000
1772700883.3456525803 -0.2425943151 -0.9701278257 -0.0000000000 -12.8460570000 0.9701278257 -0.2425943151 0.0000000000 0.3955970000 0.0000000000 -0.0000000000 1.0000000000 0.0252080000
1772700883.4471676350 -0.2330786522 -0.9724578869 -0.0000000000 -12.9360630000 0.9724578869 -0.2330786522 0.0000000000 0.3990800000 0.0000000000 -0.0000000000 1.0000000000 0.0227290000
1772700883.5456166267 -0.1966187260 -0.9804800235 -0.0000000000 -13.0231700000 0.9804800235 -0.1966187260 0.0000000000 0.4043340000 0.0000000000 -0.0000000000 1.0000000000 0.0205370000
1772700883.6468596458 -0.1730204806 -0.9849182267 -0.0000000000 -13.1084750000 0.9849182267 -0.1730204806 0.0000000000 0.4096750000 0.0000000000 -0.0000000000 1.0000000000 0.0213480000
1772700883.7465887070 -0.1625400191 -0.9867019521 -0.0000000000 -13.1936840000 0.9867019521 -0.1625400191 0.0000000000 0.4157540000 0.0000000000 -0.0000000000 1.0000000000 0.0190640000
1772700883.8460495472 -0.1538110925 -0.9881002721 -0.0000000000 -13.2806920000 0.9881002721 -0.1538110925 0.0000000000 0.4214560000 0.0000000000 -0.0000000000 1.0000000000 0.0166350000
1772700883.9455807209 -0.1906930005 -0.9816497235 -0.0000000000 -13.3667980000 0.9816497235 -0.1906930005 0.0000000000 0.4269130000 0.0000000000 -0.0000000000 1.0000000000 0.0163830000
1772700884.0465457439 -0.1915521162 -0.9814824434 -0.0000000000 -13.4506050000 0.9814824434 -0.1915521162 0.0000000000 0.4361910000 0.0000000000 -0.0000000000 1.0000000000 0.0201950000
1772700884.1466035843 -0.1752203929 -0.9845292347 -0.0000000000 -13.5343130000 0.9845292347 -0.1752203929 0.0000000000 0.4441930000 0.0000000000 -0.0000000000 1.0000000000 0.0214030000
1772700884.2470817566 -0.1777936484 -0.9840677917 -0.0000000000 -13.6210190000 0.9840677917 -0.1777936484 0.0000000000 0.4481340000 0.0000000000 -0.0000000000 1.0000000000 0.0194990000
1772700884.3462107182 -0.1899175947 -0.9818000342 -0.0000000000 -13.7081260000 0.9818000342 -0.1899175947 0.0000000000 0.4535150000 0.0000000000 -0.0000000000 1.0000000000 0.0175010000
1772700884.4460916519 -0.2370326974 -0.9715016728 -0.0000000000 -13.7973320000 0.9715016728 -0.2370326974 0.0000000000 0.4579930000 0.0000000000 -0.0000000000 1.0000000000 0.0152280000
1772700884.5474097729 -0.2716152467 -0.9624059215 -0.0000000000 -13.8888400000 0.9624059215 -0.2716152467 0.0000000000 0.4637410000 0.0000000000 -0.0000000000 1.0000000000 0.0136400000
1772700884.6465706825 -0.3118167689 -0.9501422539 -0.0000000000 -13.9813450000 0.9501422539 -0.3118167689 0.0000000000 0.4701510000 0.0000000000 -0.0000000000 1.0000000000 0.0157830000
1772700884.7471776009 -0.3623681958 -0.9320350265 -0.0000000000 -14.0712510000 0.9320350265 -0.3623681958 0.0000000000 0.4749840000 0.0000000000 -0.0000000000 1.0000000000 0.0152080000
1772700884.8466367722 -0.3776024478 -0.9259678134 -0.0000000000 -14.1594550000 0.9259678134 -0.3776024478 0.0000000000 0.4778670000 0.0000000000 -0.0000000000 1.0000000000 0.0139640000
1772700884.9481067657 -0.3915243304 -0.9201677557 -0.0000000000 -14.2503600000 0.9201677557 -0.3915243304 0.0000000000 0.4806930000 0.0000000000 -0.0000000000 1.0000000000 0.0113820000
1772700885.0485837460 -0.4082875329 -0.9128533784 -0.0000000000 -14.3414590000 0.9128533784 -0.4082875329 0.0000000000 0.4813790000 0.0000000000 -0.0000000000 1.0000000000 0.0140610000
1772700885.1475815773 -0.4497510596 -0.8931539533 -0.0000000000 -14.4283600000 0.8931539533 -0.4497510596 0.0000000000 0.4821610000 0.0000000000 -0.0000000000 1.0000000000 0.0133970000
1772700885.2467997074 -0.4688945287 -0.8832541655 -0.0000000000 -14.5148640000 0.8832541655 -0.4688945287 0.0000000000 0.4827190000 0.0000000000 -0.0000000000 1.0000000000 0.0098530000
1772700885.3476226330 -0.4854028586 -0.8742906066 -0.0000000000 -14.6058710000 0.8742906066 -0.4854028586 0.0000000000 0.4859630000 0.0000000000 -0.0000000000 1.0000000000 0.0053280000
1772700885.4476697445 -0.5528641373 -0.8332714118 -0.0000000000 -14.6970740000 0.8332714118 -0.5528641373 0.0000000000 0.4892260000 0.0000000000 -0.0000000000 1.0000000000 0.0060950000
1772700885.5466446877 -0.5500675637 -0.8351201562 -0.0000000000 -14.7844780000 0.8351201562 -0.5500675637 0.0000000000 0.4936470000 0.0000000000 -0.0000000000 1.0000000000 0.0069530000
1772700885.6471936703 -0.5684708246 -0.8227034226 -0.0000000000 -14.8714850000 0.8227034226 -0.5684708246 0.0000000000 0.4982110000 0.0000000000 -0.0000000000 1.0000000000 0.0034550000
1772700885.7472505569 -0.5495070941 -0.8354890505 -0.0000000000 -14.9608940000 0.8354890505 -0.5495070941 0.0000000000 0.5031970000 0.0000000000 -0.0000000000 1.0000000000 -0.0010200000
1772700885.8477516174 -0.5568277094 -0.8306280166 -0.0000000000 -15.0491050000 0.8306280166 -0.5568277094 0.0000000000 0.5093090000 0.0000000000 -0.0000000000 1.0000000000 -0.0064220000
1772700885.9476046562 -0.2688745443 -0.9631752070 -0.0000000000 -15.1349120000 0.9631752070 -0.2688745443 0.0000000000 0.5147570000 0.0000000000 -0.0000000000 1.0000000000 -0.0080630000
1772700886.0483167171 -0.2571386705 -0.9663745155 -0.0000000000 -15.2212210000 0.9663745155 -0.2571386705 0.0000000000 0.5216130000 0.0000000000 -0.0000000000 1.0000000000 -0.0106940000
1772700886.1465387344 -0.2052039032 -0.9787192438 -0.0000000000 -15.3089310000 0.9787192438 -0.2052039032 0.0000000000 0.5296050000 0.0000000000 -0.0000000000 1.0000000000 -0.0127620000
1772700886.2476856709 -0.2788640631 -0.9603305859 -0.0000000000 -15.3973340000 0.9603305859 -0.2788640631 0.0000000000 0.5352180000 0.0000000000 -0.0000000000 1.0000000000 -0.0081910000
1772700886.3471486568 -0.2729395311 -0.9620311909 -0.0000000000 -15.4838420000 0.9620311909 -0.2729395311 0.0000000000 0.5414640000 0.0000000000 -0.0000000000 1.0000000000 -0.0092740000
1772700886.4478187561 0.2220929991 -0.9750254867 -0.0000000000 -15.5719510000 0.9750254867 0.2220929991 0.0000000000 0.5467710000 0.0000000000 -0.0000000000 1.0000000000 -0.0148650000
1772700886.5474035740 0.6242635008 -0.7812138514 -0.0000000000 -15.6608570000 0.7812138514 0.6242635008 0.0000000000 0.5540140000 0.0000000000 -0.0000000000 1.0000000000 -0.0110090000
1772700886.6475865841 0.5147951358 -0.8573132264 -0.0000000000 -15.7487680000 0.8573132264 0.5147951358 0.0000000000 0.5653880000 0.0000000000 -0.0000000000 1.0000000000 -0.0095100000
1772700886.7489497662 0.6164826420 -0.7873684983 -0.0000000000 -15.8360730000 0.7873684983 0.6164826420 0.0000000000 0.5729420000 0.0000000000 -0.0000000000 1.0000000000 -0.0056740000
1772700886.8483667374 0.6639700139 -0.7477591996 -0.0000000000 -15.9233850000 0.7477591996 0.6639700139 0.0000000000 0.5811770000 0.0000000000 -0.0000000000 1.0000000000 -0.0094260000
1772700886.9478366375 0.9583542103 -0.2855822255 -0.0000000000 -16.0123940000 0.2855822255 0.9583542103 0.0000000000 0.5864940000 0.0000000000 -0.0000000000 1.0000000000 -0.0141810000
1772700887.0481407642 0.8725321710 0.4885566606 0.0000000000 -16.1012970000 -0.4885566606 0.8725321710 0.0000000000 0.5891490000 0.0000000000 0.0000000000 1.0000000000 -0.0145690000
1772700887.1483325958 0.9572643127 0.2892145150 0.0000000000 -16.1873090000 -0.2892145150 0.9572643127 0.0000000000 0.5962720000 0.0000000000 0.0000000000 1.0000000000 -0.0200930000
1772700887.2483046055 0.8977308215 0.4405444042 0.0000000000 -16.2730160000 -0.4405444042 0.8977308215 0.0000000000 0.6028040000 0.0000000000 0.0000000000 1.0000000000 -0.0199120000
1772700887.3483777046 0.8628196920 0.5055117991 0.0000000000 -16.3617240000 -0.5055117991 0.8628196920 0.0000000000 0.6102630000 0.0000000000 0.0000000000 1.0000000000 -0.0199800000
1772700887.4481277466 0.8100935112 0.5863006934 0.0000000000 -16.4558310000 -0.5863006934 0.8100935112 0.0000000000 0.6384020000 0.0000000000 0.0000000000 1.0000000000 -0.0270610000
1772700887.5484087467 0.8345212646 0.5509757335 0.0000000000 -16.5410360000 -0.5509757335 0.8345212646 0.0000000000 0.6444720000 0.0000000000 0.0000000000 1.0000000000 -0.0324130000
1772700887.6486625671 0.7956568162 0.6057476627 0.0000000000 -16.6301390000 -0.6057476627 0.7956568162 0.0000000000 0.6489810000 0.0000000000 0.0000000000 1.0000000000 -0.0349270000
1772700887.7485775948 0.8115618991 0.5842664495 0.0000000000 -16.7210380000 -0.5842664495 0.8115618991 0.0000000000 0.6533050000 0.0000000000 0.0000000000 1.0000000000 -0.0307050000
1772700887.8487966061 0.8450215374 0.5347322708 0.0000000000 -16.8125400000 -0.5347322708 0.8450215374 0.0000000000 0.6612630000 0.0000000000 0.0000000000 1.0000000000 -0.0294740000
1772700887.9490406513 0.8714850401 0.4904220884 0.0000000000 -16.9072460000 -0.4904220884 0.8714850401 0.0000000000 0.6715790000 0.0000000000 0.0000000000 1.0000000000 -0.0329880000
1772700888.0488796234 0.8555205692 0.5177688246 0.0000000000 -16.9982500000 -0.5177688246 0.8555205692 0.0000000000 0.6816260000 0.0000000000 0.0000000000 1.0000000000 -0.0336470000
1772700888.1487035751 0.8721392682 0.4892576999 0.0000000000 -17.0862540000 -0.4892576999 0.8721392682 0.0000000000 0.6914230000 0.0000000000 0.0000000000 1.0000000000 -0.0350530000
1772700888.2504446507 0.8551736815 0.5183415616 0.0000000000 -17.1750580000 -0.5183415616 0.8551736815 0.0000000000 0.7000320000 0.0000000000 0.0000000000 1.0000000000 -0.0366060000
1772700888.3489456177 0.8575476110 0.5144046024 0.0000000000 -17.2640620000 -0.5144046024 0.8575476110 0.0000000000 0.7068240000 0.0000000000 0.0000000000 1.0000000000 -0.0389120000
1772700888.4496617317 0.8435816438 0.5370009406 0.0000000000 -17.3514680000 -0.5370009406 0.8435816438 0.0000000000 0.7162610000 0.0000000000 0.0000000000 1.0000000000 -0.0436380000
1772700888.5498125553 0.8742135685 0.4855415910 0.0000000000 -17.4365720000 -0.4855415910 0.8742135685 0.0000000000 0.7246800000 0.0000000000 0.0000000000 1.0000000000 -0.0465380000
1772700888.6493227482 0.8846501896 0.4662553399 0.0000000000 -17.5212770000 -0.4662553399 0.8846501896 0.0000000000 0.7350970000 0.0000000000 0.0000000000 1.0000000000 -0.0478080000
1772700888.7489075661 0.8876010982 0.4606129508 0.0000000000 -17.6074800000 -0.4606129508 0.8876010982 0.0000000000 0.7450340000 0.0000000000 0.0000000000 1.0000000000 -0.0475180000
1772700888.8488645554 0.8847028265 0.4661554555 0.0000000000 -17.6927840000 -0.4661554555 0.8847028265 0.0000000000 0.7552930000 0.0000000000 0.0000000000 1.0000000000 -0.0483250000
1772700888.9487695694 0.9006279505 0.4345909510 0.0000000000 -17.7766870000 -0.4345909510 0.9006279505 0.0000000000 0.7650650000 0.0000000000 0.0000000000 1.0000000000 -0.0455380000
1772700889.0494935513 0.9146698772 0.4042017019 0.0000000000 -17.8611910000 -0.4042017019 0.9146698772 0.0000000000 0.7730060000 0.0000000000 0.0000000000 1.0000000000 -0.0490920000
1772700889.1493725777 0.9141758527 0.4053177894 0.0000000000 -17.9485970000 -0.4053177894 0.9141758527 0.0000000000 0.7819880000 0.0000000000 0.0000000000 1.0000000000 -0.0538960000
1772700889.2507567406 0.9222390712 0.3866200919 0.0000000000 -18.0384030000 -0.3866200919 0.9222390712 0.0000000000 0.7929130000 0.0000000000 0.0000000000 1.0000000000 -0.0569360000
1772700889.3512597084 0.9391961986 0.3433809846 0.0000000000 -18.1264070000 -0.3433809846 0.9391961986 0.0000000000 0.8041850000 0.0000000000 0.0000000000 1.0000000000 -0.0572840000
1772700889.4501726627 0.9500422431 0.3121213487 0.0000000000 -18.2135140000 -0.3121213487 0.9500422431 0.0000000000 0.8160680000 0.0000000000 0.0000000000 1.0000000000 -0.0619480000
1772700889.5503296852 0.9443830993 0.3288473229 0.0000000000 -18.3022170000 -0.3288473229 0.9443830993 0.0000000000 0.8254880000 0.0000000000 0.0000000000 1.0000000000 -0.0622500000
1772700889.6498615742 0.9502785173 0.3114012518 0.0000000000 -18.3902200000 -0.3114012518 0.9502785173 0.0000000000 0.8323340000 0.0000000000 0.0000000000 1.0000000000 -0.0627590000
1772700889.7505445480 0.9399222560 0.3413885656 0.0000000000 -18.4780240000 -0.3413885656 0.9399222560 0.0000000000 0.8424400000 0.0000000000 0.0000000000 1.0000000000 -0.0633420000
1772700889.8506836891 0.9564903403 0.2917639951 0.0000000000 -18.5698280000 -0.2917639951 0.9564903403 0.0000000000 0.8515660000 0.0000000000 0.0000000000 1.0000000000 -0.0644150000
1772700889.9511036873 0.9181231337 0.3962952326 0.0000000000 -18.6589330000 -0.3962952326 0.9181231337 0.0000000000 0.8624930000 0.0000000000 0.0000000000 1.0000000000 -0.0668440000
1772700890.0497145653 0.9400731207 0.3409729136 0.0000000000 -18.7498360000 -0.3409729136 0.9400731207 0.0000000000 0.8741410000 0.0000000000 0.0000000000 1.0000000000 -0.0632830000
1772700890.1500496864 0.9510787381 0.3089485943 0.0000000000 -18.8433410000 -0.3089485943 0.9510787381 0.0000000000 0.8840890000 0.0000000000 0.0000000000 1.0000000000 -0.0660440000
1772700890.2518815994 0.9489018771 0.3155712720 0.0000000000 -18.9331460000 -0.3155712720 0.9489018771 0.0000000000 0.8928090000 0.0000000000 0.0000000000 1.0000000000 -0.0697680000
1772700890.3509385586 0.9485466396 0.3166374465 0.0000000000 -19.0217500000 -0.3166374465 0.9485466396 0.0000000000 0.9022870000 0.0000000000 0.0000000000 1.0000000000 -0.0709690000
1772700890.4501626492 0.9451943313 0.3265083093 0.0000000000 -19.1079550000 -0.3265083093 0.9451943313 0.0000000000 0.9118130000 0.0000000000 0.0000000000 1.0000000000 -0.0737690000
1772700890.5501246452 0.9559049341 0.2936762792 0.0000000000 -19.1944600000 -0.2936762792 0.9559049341 0.0000000000 0.9219360000 0.0000000000 0.0000000000 1.0000000000 -0.0765270000
1772700890.6507165432 0.9506323129 0.3103195219 0.0000000000 -19.2823650000 -0.3103195219 0.9506323129 0.0000000000 0.9308680000 0.0000000000 0.0000000000 1.0000000000 -0.0798220000
1772700890.7516577244 0.9375419774 0.3478721613 0.0000000000 -19.3668720000 -0.3478721613 0.9375419774 0.0000000000 0.9397480000 0.0000000000 0.0000000000 1.0000000000 -0.0868980000
1772700890.8522527218 0.9443611635 0.3289103114 0.0000000000 -19.4537770000 -0.3289103114 0.9443611635 0.0000000000 0.9482790000 0.0000000000 0.0000000000 1.0000000000 -0.0896620000
1772700890.9505066872 0.9443246301 0.3290151866 0.0000000000 -19.5408820000 -0.3290151866 0.9443246301 0.0000000000 0.9579550000 0.0000000000 0.0000000000 1.0000000000 -0.0933590000
1772700891.0509386063 0.9617596477 0.2738948341 0.0000000000 -19.6297850000 -0.2738948341 0.9617596477 0.0000000000 0.9687040000 0.0000000000 0.0000000000 1.0000000000 -0.0920840000
1772700891.1513466835 0.9574688387 0.2885366924 0.0000000000 -19.7162870000 -0.2885366924 0.9574688387 0.0000000000 0.9789550000 0.0000000000 0.0000000000 1.0000000000 -0.0885980000
1772700891.2503156662 0.9717522994 0.2360031115 0.0000000000 -19.7984920000 -0.2360031115 0.9717522994 0.0000000000 0.9899670000 0.0000000000 0.0000000000 1.0000000000 -0.0897330000
1772700891.3512597084 0.9665304551 0.2565519040 0.0000000000 -19.8814960000 -0.2565519040 0.9665304551 0.0000000000 1.0009310000 0.0000000000 0.0000000000 1.0000000000 -0.0901400000
1772700891.4514937401 0.9639749321 0.2659931018 0.0000000000 -19.9691030000 -0.2659931018 0.9639749321 0.0000000000 1.0121740000 0.0000000000 0.0000000000 1.0000000000 -0.0945420000
1772700891.5521767139 0.9654142165 0.2607209054 0.0000000000 -20.0605070000 -0.2607209054 0.9654142165 0.0000000000 1.0226560000 0.0000000000 0.0000000000 1.0000000000 -0.0953600000
1772700891.6512117386 0.9853134324 0.1707554978 0.0000000000 -20.1625090000 -0.1707554978 0.9853134324 0.0000000000 1.0347030000 0.0000000000 0.0000000000 1.0000000000 -0.0919570000
1772700891.7530567646 0.9895297142 0.1443292929 0.0000000000 -20.2669150000 -0.1443292929 0.9895297142 0.0000000000 1.0463290000 0.0000000000 0.0000000000 1.0000000000 -0.0946270000
1772700891.8534257412 0.9750456160 0.2220046098 0.0000000000 -20.3781200000 -0.2220046098 0.9750456160 0.0000000000 1.0561510000 0.0000000000 0.0000000000 1.0000000000 -0.0972220000
1772700891.9520936012 0.9447135607 0.3278967647 0.0000000000 -20.4934240000 -0.3278967647 0.9447135607 0.0000000000 1.0626620000 0.0000000000 0.0000000000 1.0000000000 -0.1084190000
1772700892.0517337322 0.9546476248 0.2977379928 0.0000000000 -20.6267160000 -0.2977379928 0.9546476248 0.0000000000 1.0722880000 0.0000000000 0.0000000000 1.0000000000 -0.1142660000
1772700892.1513335705 0.9702885760 0.2419505719 0.0000000000 -20.7552070000 -0.2419505719 0.9702885760 0.0000000000 1.0856520000 0.0000000000 0.0000000000 1.0000000000 -0.1109920000
1772700892.2523307800 0.9592653912 0.2825064764 0.0000000000 -20.8852960000 -0.2825064764 0.9592653912 0.0000000000 1.1029080000 0.0000000000 0.0000000000 1.0000000000 -0.1049500000
1772700892.3538737297 0.9592622452 0.2825171586 0.0000000000 -21.0152850000 -0.2825171586 0.9592622452 0.0000000000 1.1159930000 0.0000000000 0.0000000000 1.0000000000 -0.1080280000
1772700892.4517927170 0.9550973915 0.2962920395 0.0000000000 -21.1456800000 -0.2962920395 0.9550973915 0.0000000000 1.1233830000 0.0000000000 0.0000000000 1.0000000000 -0.1094510000
1772700892.5522506237 0.9613621135 0.2752869170 0.0000000000 -21.2785710000 -0.2752869170 0.9613621135 0.0000000000 1.1337900000 0.0000000000 0.0000000000 1.0000000000 -0.1155220000
1772700892.6527767181 0.9694345346 0.2453501234 0.0000000000 -21.4139600000 -0.2453501234 0.9694345346 0.0000000000 1.1494770000 0.0000000000 0.0000000000 1.0000000000 -0.1117610000
1772700892.7518496513 0.9657693813 0.2594022015 0.0000000000 -21.5467460000 -0.2594022015 0.9657693813 0.0000000000 1.1692260000 0.0000000000 0.0000000000 1.0000000000 -0.1089960000
1772700892.8526766300 0.9735282257 0.2285668256 0.0000000000 -21.6752370000 -0.2285668256 0.9735282257 0.0000000000 1.1834530000 0.0000000000 0.0000000000 1.0000000000 -0.1037400000
1772700892.9526546001 0.9890960322 0.1472719900 0.0000000000 -21.8004280000 -0.1472719900 0.9890960322 0.0000000000 1.1950450000 0.0000000000 0.0000000000 1.0000000000 -0.1069000000
1772700893.0548346043 0.9996465933 -0.0265836139 -0.0000000000 -21.9276220000 0.0265836139 0.9996465933 0.0000000000 1.2040940000 0.0000000000 -0.0000000000 1.0000000000 -0.1055480000
1772700893.1528847218 0.9956510644 -0.0931609247 -0.0000000000 -22.0599170000 0.0931609247 0.9956510644 0.0000000000 1.2133020000 0.0000000000 -0.0000000000 1.0000000000 -0.0966350000
1772700893.2522115707 0.9994969169 -0.0317161335 -0.0000000000 -22.1985080000 0.0317161335 0.9994969169 0.0000000000 1.2275080000 0.0000000000 -0.0000000000 1.0000000000 -0.0918190000
1772700893.3533127308 0.9995055030 0.0314443884 0.0000000000 -22.3401030000 -0.0314443884 0.9995055030 0.0000000000 1.2358610000 0.0000000000 0.0000000000 1.0000000000 -0.0885500000
1772700893.4540755749 0.9998800216 0.0154900731 0.0000000000 -22.4798950000 -0.0154900731 0.9998800216 0.0000000000 1.2449650000 0.0000000000 0.0000000000 1.0000000000 -0.0922820000
1772700893.5529847145 0.9999555590 0.0094276213 0.0000000000 -22.6160890000 -0.0094276213 0.9999555590 0.0000000000 1.2540800000 0.0000000000 0.0000000000 1.0000000000 -0.0937030000
1772700893.6540565491 0.9987316503 -0.0503496849 -0.0000000000 -22.7633810000 0.0503496849 0.9987316503 0.0000000000 1.2655160000 0.0000000000 -0.0000000000 1.0000000000 -0.0900350000
1772700893.7541816235 0.9140318492 -0.4056424270 -0.0000000000 -22.8969700000 0.4056424270 0.9140318492 0.0000000000 1.2774680000 0.0000000000 -0.0000000000 1.0000000000 -0.0976700000
1772700893.8538587093 0.9825102890 -0.1862083028 -0.0000000000 -23.0366660000 0.1862083028 0.9825102890 0.0000000000 1.2847250000 0.0000000000 -0.0000000000 1.0000000000 -0.0959550000
1772700893.9539027214 0.9561316707 -0.2929372428 -0.0000000000 -23.1508590000 0.2929372428 0.9561316707 0.0000000000 1.2932360000 0.0000000000 -0.0000000000 1.0000000000 -0.0982210000
1772700894.0533547401 0.9995699160 0.0293254688 0.0000000000 -23.2411600000 -0.0293254688 0.9995699160 0.0000000000 1.2913780000 0.0000000000 0.0000000000 1.0000000000 -0.0999800000
1772700894.1533796787 0.9865928728 0.1632008065 0.0000000000 -23.3363760000 -0.1632008065 0.9865928728 0.0000000000 1.3066160000 0.0000000000 0.0000000000 1.0000000000 -0.1222380000
1772700894.2529926300 0.9991618507 -0.0409340458 -0.0000000000 -23.4347850000 0.0409340458 0.9991618507 0.0000000000 1.3181600000 0.0000000000 -0.0000000000 1.0000000000 -0.1321580000
1772700894.3530867100 0.9319451749 0.3625992153 0.0000000000 -23.5343870000 -0.3625992153 0.9319451749 0.0000000000 1.3343040000 0.0000000000 0.0000000000 1.0000000000 -0.1192100000
1772700894.4533076286 0.9840408436 0.1779427384 0.0000000000 -23.6381960000 -0.1779427384 0.9840408436 0.0000000000 1.3502160000 0.0000000000 0.0000000000 1.0000000000 -0.1249840000
1772700894.5536797047 0.9929721483 -0.1183482690 -0.0000000000 -23.7191920000 0.1183482690 0.9929721483 0.0000000000 1.3500040000 0.0000000000 -0.0000000000 1.0000000000 -0.1132010000
1772700894.6547536850 0.9533943251 -0.3017271298 -0.0000000000 -23.8010930000 0.3017271298 0.9533943251 0.0000000000 1.3562200000 0.0000000000 -0.0000000000 1.0000000000 -0.1095890000
1772700894.7540616989 0.9482519994 -0.3175187327 -0.0000000000 -23.8794990000 0.3175187327 0.9482519994 0.0000000000 1.3646900000 0.0000000000 -0.0000000000 1.0000000000 -0.1147800000
1772700894.8528635502 0.8683978952 -0.4958680224 -0.0000000000 -23.9630060000 0.4958680224 0.8683978952 0.0000000000 1.3705200000 0.0000000000 -0.0000000000 1.0000000000 -0.1246940000
1772700894.9540755749 0.8413424266 -0.5405024711 -0.0000000000 -24.0586070000 0.5405024711 0.8413424266 0.0000000000 1.3781360000 0.0000000000 -0.0000000000 1.0000000000 -0.1180890000
1772700895.0536036491 0.8162438468 -0.5777075234 -0.0000000000 -24.1529100000 0.5777075234 0.8162438468 0.0000000000 1.3875000000 0.0000000000 -0.0000000000 1.0000000000 -0.1171820000
1772700895.1537816525 0.7956872420 -0.6057076960 -0.0000000000 -24.2446160000 0.6057076960 0.7956872420 0.0000000000 1.3973230000 0.0000000000 -0.0000000000 1.0000000000 -0.1200860000
1772700895.2534837723 0.8400282869 -0.5425426041 -0.0000000000 -24.3358170000 0.5425426041 0.8400282869 0.0000000000 1.4067270000 0.0000000000 -0.0000000000 1.0000000000 -0.1125860000
1772700895.3543477058 0.8183736489 -0.5746864978 -0.0000000000 -24.4234200000 0.5746864978 0.8183736489 0.0000000000 1.4146480000 0.0000000000 -0.0000000000 1.0000000000 -0.1102840000
1772700895.4547517300 0.8021038228 -0.5971846091 -0.0000000000 -24.5103250000 0.5971846091 0.8021038228 0.0000000000 1.4223690000 0.0000000000 -0.0000000000 1.0000000000 -0.1145520000
1772700895.5541217327 0.7688040999 -0.6394843672 -0.0000000000 -24.5985270000 0.6394843672 0.7688040999 0.0000000000 1.4288540000 0.0000000000 -0.0000000000 1.0000000000 -0.1111470000
1772700895.6535265446 0.7927925069 -0.6094916251 -0.0000000000 -24.6872320000 0.6094916251 0.7927925069 0.0000000000 1.4381600000 0.0000000000 -0.0000000000 1.0000000000 -0.1122220000
1772700895.7536454201 0.7569959287 -0.6534195926 -0.0000000000 -24.7740340000 0.6534195926 0.7569959287 0.0000000000 1.4490380000 0.0000000000 -0.0000000000 1.0000000000 -0.1051120000
1772700895.8543567657 0.6980784245 -0.7160213079 -0.0000000000 -24.8601390000 0.7160213079 0.6980784245 0.0000000000 1.4595180000 0.0000000000 -0.0000000000 1.0000000000 -0.1067900000
1772700895.9539186954 0.7271771582 -0.6864498383 -0.0000000000 -24.9472430000 0.6864498383 0.7271771582 0.0000000000 1.4690360000 0.0000000000 -0.0000000000 1.0000000000 -0.1062070000
1772700896.0536615849 0.8358697193 -0.5489278753 -0.0000000000 -25.0338470000 0.5489278753 0.8358697193 0.0000000000 1.4731950000 0.0000000000 -0.0000000000 1.0000000000 -0.1098170000
1772700896.1543056965 0.8050543128 -0.5932011070 -0.0000000000 -25.1191480000 0.5932011070 0.8050543128 0.0000000000 1.4784580000 0.0000000000 -0.0000000000 1.0000000000 -0.1078530000
1772700896.2544577122 0.8387668608 -0.5444907283 -0.0000000000 -25.2063510000 0.5444907283 0.8387668608 0.0000000000 1.4839280000 0.0000000000 -0.0000000000 1.0000000000 -0.1076210000
1772700896.3546576500 0.8236660131 -0.5670752144 -0.0000000000 -25.2964530000 0.5670752144 0.8236660131 0.0000000000 1.4892490000 0.0000000000 -0.0000000000 1.0000000000 -0.1078890000
1772700896.4563276768 0.8488988049 -0.5285554078 -0.0000000000 -25.3853570000 0.5285554078 0.8488988049 0.0000000000 1.4921420000 0.0000000000 -0.0000000000 1.0000000000 -0.1124900000
1772700896.5553886890 0.8208779892 -0.5711036043 -0.0000000000 -25.4754600000 0.5711036043 0.8208779892 0.0000000000 1.4967840000 0.0000000000 -0.0000000000 1.0000000000 -0.1151160000
1772700896.6550056934 0.8051639418 -0.5930522968 -0.0000000000 -25.5609630000 0.5930522968 0.8051639418 0.0000000000 1.5032350000 0.0000000000 -0.0000000000 1.0000000000 -0.1168980000
1772700896.7548437119 0.8047265715 -0.5936456393 -0.0000000000 -25.6448680000 0.5936456393 0.8047265715 0.0000000000 1.5107100000 0.0000000000 -0.0000000000 1.0000000000 -0.1194700000
1772700896.8561775684 0.8218043821 -0.5697697408 -0.0000000000 -25.7300680000 0.5697697408 0.8218043821 0.0000000000 1.5175180000 0.0000000000 -0.0000000000 1.0000000000 -0.1122760000
1772700896.9543297291 0.7670987161 -0.6415290794 -0.0000000000 -25.8133740000 0.6415290794 0.7670987161 0.0000000000 1.5259870000 0.0000000000 -0.0000000000 1.0000000000 -0.1177130000
1772700897.0570306778 0.7654573094 -0.6434866801 -0.0000000000 -25.8947780000 0.6434866801 0.7654573094 0.0000000000 1.5350250000 0.0000000000 -0.0000000000 1.0000000000 -0.1164440000
1772700897.1559886932 0.7734985196 -0.6337981068 -0.0000000000 -25.9787810000 0.6337981068 0.7734985196 0.0000000000 1.5424120000 0.0000000000 -0.0000000000 1.0000000000 -0.1153530000
1772700897.2548387051 0.7515383586 -0.6596893933 -0.0000000000 -26.0715820000 0.6596893933 0.7515383586 0.0000000000 1.5475410000 0.0000000000 -0.0000000000 1.0000000000 -0.1132170000
1772700897.3549497128 0.7093885705 -0.7048176048 -0.0000000000 -26.1651830000 0.7048176048 0.7093885705 0.0000000000 1.5513520000 0.0000000000 -0.0000000000 1.0000000000 -0.1115680000
1772700897.4568417072 0.6341462192 -0.7732131483 -0.0000000000 -26.2596870000 0.7732131483 0.6341462192 0.0000000000 1.5546500000 0.0000000000 -0.0000000000 1.0000000000 -0.1157610000
1772700897.5565707684 0.6386672678 -0.7694830220 -0.0000000000 -26.3517870000 0.7694830220 0.6386672678 0.0000000000 1.5572430000 0.0000000000 -0.0000000000 1.0000000000 -0.1124960000
1772700897.6545567513 0.7454457607 -0.6665662892 -0.0000000000 -26.4435890000 0.6665662892 0.7454457607 0.0000000000 1.5638820000 0.0000000000 -0.0000000000 1.0000000000 -0.1103040000
1772700897.7550365925 0.9064731840 0.4222633854 0.0000000000 -26.5300920000 -0.4222633854 0.9064731840 0.0000000000 1.5701810000 0.0000000000 0.0000000000 1.0000000000 -0.1119090000
1772700897.8556387424 -0.1045494750 0.9945196867 0.0000000000 -26.5981590000 -0.9945196867 -0.1045494750 0.0000000000 1.5929310000 0.0000000000 0.0000000000 1.0000000000 -0.1197530000
1772700897.9564366341 -0.1551177078 0.9878959949 0.0000000000 -26.6858620000 -0.9878959949 -0.1551177078 0.0000000000 1.6045590000 0.0000000000 0.0000000000 1.0000000000 -0.1261000000
1772700898.0550715923 -0.4893431900 0.8720913039 0.0000000000 -26.7706550000 -0.8720913039 -0.4893431900 0.0000000000 1.6171110000 0.0000000000 0.0000000000 1.0000000000 -0.1222680000
1772700898.1558625698 -0.5805134497 0.8142506584 0.0000000000 -26.8538520000 -0.8142506584 -0.5805134497 0.0000000000 1.6299650000 0.0000000000 0.0000000000 1.0000000000 -0.1224690000
1772700898.2559845448 -0.6825860889 0.7308051938 0.0000000000 -26.9419460000 -0.7308051938 -0.6825860889 0.0000000000 1.6431950000 0.0000000000 0.0000000000 1.0000000000 -0.1199570000
1772700898.3560466766 -0.7003398238 0.7138095903 0.0000000000 -27.0303480000 -0.7138095903 -0.7003398238 0.0000000000 1.6546360000 0.0000000000 0.0000000000 1.0000000000 -0.1251480000
1772700898.4555506706 -0.6692910846 0.7430002989 0.0000000000 -27.1171410000 -0.7430002989 -0.6692910846 0.0000000000 1.6667280000 0.0000000000 0.0000000000 1.0000000000 -0.1210690000
1772700898.5548765659 -0.7417834659 0.6706394632 0.0000000000 -27.2009350000 -0.6706394632 -0.7417834659 0.0000000000 1.6800870000 0.0000000000 0.0000000000 1.0000000000 -0.1185660000
1772700898.6567995548 -0.7134256376 0.7007309467 0.0000000000 -27.2897350000 -0.7007309467 -0.7134256376 0.0000000000 1.6931960000 0.0000000000 0.0000000000 1.0000000000 -0.1214030000
1772700898.7564756870 -0.6599507796 0.7513088369 0.0000000000 -27.3807380000 -0.7513088369 -0.6599507796 0.0000000000 1.7033900000 0.0000000000 0.0000000000 1.0000000000 -0.1268510000
1772700898.8555676937 -0.6596240773 0.7515956869 0.0000000000 -27.4719380000 -0.7515956869 -0.6596240773 0.0000000000 1.7125670000 0.0000000000 0.0000000000 1.0000000000 -0.1292900000
1772700898.9570755959 -0.6738813950 0.7388395397 0.0000000000 -27.5606330000 -0.7388395397 -0.6738813950 0.0000000000 1.7233520000 0.0000000000 0.0000000000 1.0000000000 -0.1276920000
1772700899.0581996441 -0.6720138418 0.7405385854 0.0000000000 -27.6500290000 -0.7405385854 -0.6720138418 0.0000000000 1.7321470000 0.0000000000 0.0000000000 1.0000000000 -0.1260020000
1772700899.1561455727 -0.6426387107 0.7661693596 0.0000000000 -27.7431280000 -0.7661693596 -0.6426387107 0.0000000000 1.7424910000 0.0000000000 0.0000000000 1.0000000000 -0.1275480000
1772700899.2556986809 -0.6344956433 0.7729264381 0.0000000000 -27.8368270000 -0.7729264381 -0.6344956433 0.0000000000 1.7538330000 0.0000000000 0.0000000000 1.0000000000 -0.1289450000
1772700899.3557395935 -0.5844483849 0.8114308876 0.0000000000 -27.9282240000 -0.8114308876 -0.5844483849 0.0000000000 1.7662700000 0.0000000000 0.0000000000 1.0000000000 -0.1293320000
1772700899.4561655521 -0.5635474989 0.8260836619 0.0000000000 -28.0166230000 -0.8260836619 -0.5635474989 0.0000000000 1.7808480000 0.0000000000 0.0000000000 1.0000000000 -0.1319430000
1772700899.5562007427 -0.5815338160 0.8135222313 0.0000000000 -28.1007170000 -0.8135222313 -0.5815338160 0.0000000000 1.7941180000 0.0000000000 0.0000000000 1.0000000000 -0.1296940000
1772700899.6558377743 -0.5623258490 0.8269157391 0.0000000000 -28.1844110000 -0.8269157391 -0.5623258490 0.0000000000 1.8058050000 0.0000000000 0.0000000000 1.0000000000 -0.1267220000
1772700899.7571086884 -0.5427735405 0.8398790887 0.0000000000 -28.2671110000 -0.8398790887 -0.5427735405 0.0000000000 1.8166620000 0.0000000000 0.0000000000 1.0000000000 -0.1294190000
1772700899.8568687439 -0.5925602805 0.8055261100 0.0000000000 -28.3524100000 -0.8055261100 -0.5925602805 0.0000000000 1.8268710000 0.0000000000 0.0000000000 1.0000000000 -0.1306600000
1772700899.9577276707 -0.5601958634 0.8283601841 0.0000000000 -28.4375100000 -0.8283601841 -0.5601958634 0.0000000000 1.8377990000 0.0000000000 0.0000000000 1.0000000000 -0.1335260000
1772700900.0580856800 -0.5721449740 0.8201525033 0.0000000000 -28.5242100000 -0.8201525033 -0.5721449740 0.0000000000 1.8507880000 0.0000000000 0.0000000000 1.0000000000 -0.1363170000
1772700900.1571297646 -0.5380324422 0.8429241313 0.0000000000 -28.6108090000 -0.8429241313 -0.5380324422 0.0000000000 1.8626260000 0.0000000000 0.0000000000 1.0000000000 -0.1391720000
1772700900.2571146488 -0.5496864812 0.8353710388 0.0000000000 -28.6956100000 -0.8353710388 -0.5496864812 0.0000000000 1.8773200000 0.0000000000 0.0000000000 1.0000000000 -0.1431350000
1772700900.3568427563 -0.5030301049 0.8642688896 0.0000000000 -28.7801070000 -0.8642688896 -0.5030301049 0.0000000000 1.8903860000 0.0000000000 0.0000000000 1.0000000000 -0.1437690000
1772700900.4576106071 -0.4944329908 0.8692157486 0.0000000000 -28.8659110000 -0.8692157486 -0.4944329908 0.0000000000 1.9000130000 0.0000000000 0.0000000000 1.0000000000 -0.1500440000
1772700900.5575356483 -0.4755943286 0.8796647285 0.0000000000 -28.9539070000 -0.8796647285 -0.4755943286 0.0000000000 1.9108780000 0.0000000000 0.0000000000 1.0000000000 -0.1485410000
1772700900.6586656570 -0.5008260502 0.8655479579 0.0000000000 -29.0394030000 -0.8655479579 -0.5008260502 0.0000000000 1.9216550000 0.0000000000 0.0000000000 1.0000000000 -0.1474190000
1772700900.7575967312 -0.5054273035 0.8628691911 0.0000000000 -29.1273020000 -0.8628691911 -0.5054273035 0.0000000000 1.9317760000 0.0000000000 0.0000000000 1.0000000000 -0.1487340000
1772700900.8571717739 -0.4990975914 0.8665457831 0.0000000000 -29.2119000000 -0.8665457831 -0.4990975914 0.0000000000 1.9409110000 0.0000000000 0.0000000000 1.0000000000 -0.1492330000
1772700900.9586975574 -0.5165809692 0.8562383443 0.0000000000 -29.2965020000 -0.8562383443 -0.5165809692 0.0000000000 1.9511120000 0.0000000000 0.0000000000 1.0000000000 -0.1543940000
1772700901.0582675934 -0.3286454060 0.9444533853 0.0000000000 -29.3854980000 -0.9444533853 -0.3286454060 0.0000000000 1.9621980000 0.0000000000 0.0000000000 1.0000000000 -0.1529590000
1772700901.1581096649 0.1038780202 0.9945900447 0.0000000000 -29.4726970000 -0.9945900447 0.1038780202 0.0000000000 1.9724190000 0.0000000000 0.0000000000 1.0000000000 -0.1543850000
1772700901.2571935654 0.0029326028 0.9999956999 0.0000000000 -29.5624970000 -0.9999956999 0.0029326028 0.0000000000 1.9805410000 0.0000000000 0.0000000000 1.0000000000 -0.1559390000
1772700901.3587827682 0.0969232168 0.9952918617 0.0000000000 -29.6530940000 -0.9952918617 0.0969232168 0.0000000000 1.9921870000 0.0000000000 0.0000000000 1.0000000000 -0.1561240000
1772700901.4576137066 0.1371967164 0.9905438208 0.0000000000 -29.7408910000 -0.9905438208 0.1371967164 0.0000000000 2.0029000000 0.0000000000 0.0000000000 1.0000000000 -0.1561310000
1772700901.5584795475 0.1575756191 0.9875069237 0.0000000000 -29.8282880000 -0.9875069237 0.1575756191 0.0000000000 2.0162980000 0.0000000000 0.0000000000 1.0000000000 -0.1569080000
1772700901.6573667526 0.1988652957 0.9800268334 0.0000000000 -29.9158830000 -0.9800268334 0.1988652957 0.0000000000 2.0297300000 0.0000000000 0.0000000000 1.0000000000 -0.1547110000
1772700901.7578315735 0.1831801279 0.9830793665 0.0000000000 -30.0059850000 -0.9830793665 0.1831801279 0.0000000000 2.0416610000 0.0000000000 0.0000000000 1.0000000000 -0.1597280000
1772700901.8584306240 0.2079149466 0.9781469087 0.0000000000 -30.0956770000 -0.9781469087 0.2079149466 0.0000000000 2.0518890000 0.0000000000 0.0000000000 1.0000000000 -0.1549620000
1772700901.9577536583 0.2240021907 0.9745886407 0.0000000000 -30.1875790000 -0.9745886407 0.2240021907 0.0000000000 2.0625560000 0.0000000000 0.0000000000 1.0000000000 -0.1590790000
1772700902.0590226650 0.3924344617 0.9197799700 0.0000000000 -30.2768720000 -0.9197799700 0.3924344617 0.0000000000 2.0733310000 0.0000000000 0.0000000000 1.0000000000 -0.1554650000
1772700902.1588416100 0.9981620681 0.0606010386 0.0000000000 -30.3670650000 -0.0606010386 0.9981620681 0.0000000000 2.0851930000 0.0000000000 0.0000000000 1.0000000000 -0.1513290000
1772700902.2579596043 0.6266834120 -0.7792739577 -0.0000000000 -30.4541680000 0.7792739577 0.6266834120 0.0000000000 2.0926120000 0.0000000000 -0.0000000000 1.0000000000 -0.1561590000
1772700902.3584127426 0.7088495769 -0.7053596794 -0.0000000000 -30.5390620000 0.7053596794 0.7088495769 0.0000000000 2.0969410000 0.0000000000 -0.0000000000 1.0000000000 -0.1516970000
1772700902.4582576752 0.4682439924 -0.8835992098 -0.0000000000 -30.6249620000 0.8835992098 0.4682439924 0.0000000000 2.1020390000 0.0000000000 -0.0000000000 1.0000000000 -0.1526330000
1772700902.5591747761 0.3775833413 -0.9259756046 -0.0000000000 -30.7125640000 0.9259756046 0.3775833413 0.0000000000 2.1057460000 0.0000000000 -0.0000000000 1.0000000000 -0.1551170000
1772700902.6589107513 0.1768079807 -0.9842453647 -0.0000000000 -30.7997630000 0.9842453647 0.1768079807 0.0000000000 2.1103990000 0.0000000000 -0.0000000000 1.0000000000 -0.1551370000
1772700902.7582757473 0.1366015647 -0.9906260710 -0.0000000000 -30.8877650000 0.9906260710 0.1366015647 0.0000000000 2.1159100000 0.0000000000 -0.0000000000 1.0000000000 -0.1583320000
1772700902.8600165844 0.1143088705 -0.9934452587 -0.0000000000 -30.9758640000 0.9934452587 0.1143088705 0.0000000000 2.1202450000 0.0000000000 -0.0000000000 1.0000000000 -0.1586190000
1772700902.9609665871 0.1318243876 -0.9912730859 -0.0000000000 -31.0642620000 0.9912730859 0.1318243876 0.0000000000 2.1240740000 0.0000000000 -0.0000000000 1.0000000000 -0.1578920000
1772700903.0600326061 0.2557701049 -0.9667376342 -0.0000000000 -31.1542640000 0.9667376342 0.2557701049 0.0000000000 2.1276340000 0.0000000000 -0.0000000000 1.0000000000 -0.1608590000
1772700903.1590917110 0.3129321985 -0.9497754677 -0.0000000000 -31.2437630000 0.9497754677 0.3129321985 0.0000000000 2.1300960000 0.0000000000 -0.0000000000 1.0000000000 -0.1604890000
1772700903.2591185570 0.3385186988 -0.9409596647 -0.0000000000 -31.3345680000 0.9409596647 0.3385186988 0.0000000000 2.1350690000 0.0000000000 -0.0000000000 1.0000000000 -0.1658160000
1772700903.3591856956 0.3269697098 -0.9450348189 -0.0000000000 -31.4226640000 0.9450348189 0.3269697098 0.0000000000 2.1437680000 0.0000000000 -0.0000000000 1.0000000000 -0.1649380000
1772700903.4597766399 0.5832169485 -0.8123164352 -0.0000000000 -31.5106680000 0.8123164352 0.5832169485 0.0000000000 2.1529230000 0.0000000000 -0.0000000000 1.0000000000 -0.1707960000
1772700903.5588786602 0.8092552932 -0.5874571223 -0.0000000000 -31.5972670000 0.5874571223 0.8092552932 0.0000000000 2.1601920000 0.0000000000 -0.0000000000 1.0000000000 -0.1719000000
1772700903.6586415768 0.7873601348 -0.6164933237 -0.0000000000 -31.6836710000 0.6164933237 0.7873601348 0.0000000000 2.1682440000 0.0000000000 -0.0000000000 1.0000000000 -0.1772660000
1772700903.7587716579 0.7734607942 -0.6338441447 -0.0000000000 -31.7471040000 0.6338441447 0.7734607942 0.0000000000 2.1642700000 0.0000000000 -0.0000000000 1.0000000000 -0.1813860000
1772700903.8596947193 0.8167233963 -0.5770293702 -0.0000000000 -31.8304150000 0.5770293702 0.8167233963 0.0000000000 2.1728950000 0.0000000000 -0.0000000000 1.0000000000 -0.1841860000
1772700903.9592015743 0.8215523197 -0.5701331301 -0.0000000000 -31.9168220000 0.5701331301 0.8215523197 0.0000000000 2.1816010000 0.0000000000 -0.0000000000 1.0000000000 -0.1840670000
1772700904.0589697361 0.8405339769 -0.5417588336 -0.0000000000 -32.0059320000 0.5417588336 0.8405339769 0.0000000000 2.1909890000 0.0000000000 -0.0000000000 1.0000000000 -0.1848490000
1772700904.1602036953 0.8461579738 -0.5329321565 -0.0000000000 -32.0952340000 0.5329321565 0.8461579738 0.0000000000 2.1999470000 0.0000000000 -0.0000000000 1.0000000000 -0.1805940000
1772700904.2593166828 0.8386775479 -0.5446282866 -0.0000000000 -32.1883440000 0.5446282866 0.8386775479 0.0000000000 2.2065480000 0.0000000000 -0.0000000000 1.0000000000 -0.1839650000
1772700904.3586766720 0.8441963159 -0.5360341222 -0.0000000000 -32.2818500000 0.5360341222 0.8441963159 0.0000000000 2.2127890000 0.0000000000 -0.0000000000 1.0000000000 -0.1843080000
1772700904.4585726261 0.8411000615 -0.5408795489 -0.0000000000 -32.3741550000 0.5408795489 0.8411000615 0.0000000000 2.2194940000 0.0000000000 -0.0000000000 1.0000000000 -0.1832530000
1772700904.5590107441 0.8317472214 -0.5551545368 -0.0000000000 -32.4605620000 0.5551545368 0.8317472214 0.0000000000 2.2254760000 0.0000000000 -0.0000000000 1.0000000000 -0.1842420000
1772700904.6592686176 0.8265565173 -0.5628537321 -0.0000000000 -32.5446680000 0.5628537321 0.8265565173 0.0000000000 2.2352340000 0.0000000000 -0.0000000000 1.0000000000 -0.1826310000
1772700904.7596497536 0.8303075523 -0.5573054536 -0.0000000000 -32.6292810000 0.5573054536 0.8303075523 0.0000000000 2.2451890000 0.0000000000 -0.0000000000 1.0000000000 -0.1855100000
1772700904.8586726189 0.8344235033 -0.5511237765 -0.0000000000 -32.7173960000 0.5511237765 0.8344235033 0.0000000000 2.2553010000 0.0000000000 -0.0000000000 1.0000000000 -0.1899800000
1772700904.9588997364 0.7941738250 -0.6076906579 -0.0000000000 -32.8090090000 0.6076906579 0.7941738250 0.0000000000 2.2641070000 0.0000000000 -0.0000000000 1.0000000000 -0.1941000000
1772700905.0602395535 0.7800339828 -0.6257371538 -0.0000000000 -32.8990200000 0.6257371538 0.7800339828 0.0000000000 2.2719670000 0.0000000000 -0.0000000000 1.0000000000 -0.1969170000
1772700905.1590087414 0.7890952611 -0.6142708433 -0.0000000000 -32.9854250000 0.6142708433 0.7890952611 0.0000000000 2.2777730000 0.0000000000 -0.0000000000 1.0000000000 -0.1969310000
1772700905.2594916821 0.8237213980 -0.5669947605 -0.0000000000 -33.0689330000 0.5669947605 0.8237213980 0.0000000000 2.2838440000 0.0000000000 -0.0000000000 1.0000000000 -0.1991170000
1772700905.3592905998 0.8037830527 -0.5949225195 -0.0000000000 -33.1537390000 0.5949225195 0.8037830527 0.0000000000 2.2894570000 0.0000000000 -0.0000000000 1.0000000000 -0.1999650000
1772700905.4599895477 0.7986821267 -0.6017531558 -0.0000000000 -33.2390440000 0.6017531558 0.7986821267 0.0000000000 2.2924340000 0.0000000000 -0.0000000000 1.0000000000 -0.2016170000
1772700905.5608167648 0.8127429903 -0.5826223748 -0.0000000000 -33.3218580000 0.5826223748 0.8127429903 0.0000000000 2.2953700000 0.0000000000 -0.0000000000 1.0000000000 -0.2094580000
1772700905.6592106819 0.8059358765 -0.5920028404 -0.0000000000 -33.4060710000 0.5920028404 0.8059358765 0.0000000000 2.3048670000 0.0000000000 -0.0000000000 1.0000000000 -0.2127230000
1772700905.7594416142 0.7763003988 -0.6303631420 -0.0000000000 -33.4911830000 0.6303631420 0.7763003988 0.0000000000 2.3155990000 0.0000000000 -0.0000000000 1.0000000000 -0.2151210000
1772700905.8605365753 0.7743727988 -0.6327296172 -0.0000000000 -33.5770030000 0.6327296172 0.7743727988 0.0000000000 2.3261720000 0.0000000000 -0.0000000000 1.0000000000 -0.2227810000
1772700905.9596085548 0.7762380107 -0.6304399660 -0.0000000000 -33.6641100000 0.6304399660 0.7762380107 0.0000000000 2.3362880000 0.0000000000 -0.0000000000 1.0000000000 -0.2213360000
1772700906.0606975555 0.7901884035 -0.6128640037 -0.0000000000 -33.7491210000 0.6128640037 0.7901884035 0.0000000000 2.3455500000 0.0000000000 -0.0000000000 1.0000000000 -0.2236930000
1772700906.1596686840 0.8046186624 -0.5937918896 -0.0000000000 -33.8346300000 0.5937918896 0.8046186624 0.0000000000 2.3537910000 0.0000000000 -0.0000000000 1.0000000000 -0.2244870000
1772700906.2600576878 0.7937721989 -0.6082151726 -0.0000000000 -33.9231380000 0.6082151726 0.7937721989 0.0000000000 2.3615040000 0.0000000000 -0.0000000000 1.0000000000 -0.2259480000
1772700906.3598625660 0.7775966892 -0.6287633808 -0.0000000000 -34.0106460000 0.6287633808 0.7775966892 0.0000000000 2.3676670000 0.0000000000 -0.0000000000 1.0000000000 -0.2272510000
1772700906.4618546963 0.7479878882 -0.6637123768 -0.0000000000 -34.1002420000 0.6637123768 0.7479878882 0.0000000000 2.3752170000 0.0000000000 -0.0000000000 1.0000000000 -0.2200280000
1772700906.5606126785 0.7462620018 -0.6656523302 -0.0000000000 -34.1910550000 0.6656523302 0.7462620018 0.0000000000 2.3816770000 0.0000000000 -0.0000000000 1.0000000000 -0.2247070000
1772700906.6604607105 0.7257224581 -0.6879875826 -0.0000000000 -34.2851610000 0.6879875826 0.7257224581 0.0000000000 2.3905000000 0.0000000000 -0.0000000000 1.0000000000 -0.2236610000
1772700906.7609326839 0.6911822294 -0.7226805143 -0.0000000000 -34.3776630000 0.7226805143 0.6911822294 0.0000000000 2.3979720000 0.0000000000 -0.0000000000 1.0000000000 -0.2205390000
1772700906.8599257469 0.6792093841 -0.7339445568 -0.0000000000 -34.4670720000 0.7339445568 0.6792093841 0.0000000000 2.4043880000 0.0000000000 -0.0000000000 1.0000000000 -0.2226080000
1772700906.9602236748 0.6972631174 -0.7168152797 -0.0000000000 -34.5514720000 0.7168152797 0.6972631174 0.0000000000 2.4102250000 0.0000000000 -0.0000000000 1.0000000000 -0.2191230000
1772700907.0604517460 0.7367840485 -0.6761281431 -0.0000000000 -34.6363830000 0.6761281431 0.7367840485 0.0000000000 2.4146630000 0.0000000000 -0.0000000000 1.0000000000 -0.2243420000
1772700907.1618816853 0.7467224894 -0.6651357183 -0.0000000000 -34.7241930000 0.6651357183 0.7467224894 0.0000000000 2.4203180000 0.0000000000 -0.0000000000 1.0000000000 -0.2275570000
1772700907.2621197701 0.7236925661 -0.6901225035 -0.0000000000 -34.8134030000 0.6901225035 0.7236925661 0.0000000000 2.4272910000 0.0000000000 -0.0000000000 1.0000000000 -0.2308520000
1772700907.3605647087 0.7070730380 -0.7071405228 -0.0000000000 -34.9015110000 0.7071405228 0.7070730380 0.0000000000 2.4349290000 0.0000000000 -0.0000000000 1.0000000000 -0.2315160000
1772700907.4616477489 0.7238955548 -0.6899095780 -0.0000000000 -34.9880210000 0.6899095780 0.7238955548 0.0000000000 2.4405760000 0.0000000000 -0.0000000000 1.0000000000 -0.2348900000
1772700907.5608167648 0.6691199761 -0.7431543969 -0.0000000000 -35.0782260000 0.7431543969 0.6691199761 0.0000000000 2.4448630000 0.0000000000 -0.0000000000 1.0000000000 -0.2357200000
1772700907.6610765457 0.6692837161 -0.7430069363 -0.0000000000 -35.1685320000 0.7430069363 0.6692837161 0.0000000000 2.4513570000 0.0000000000 -0.0000000000 1.0000000000 -0.2358870000
1772700907.7614607811 0.6444286241 -0.7646644678 -0.0000000000 -35.2567430000 0.7646644678 0.6444286241 0.0000000000 2.4577570000 0.0000000000 -0.0000000000 1.0000000000 -0.2400640000
1772700907.8620846272 0.6552956996 -0.7553724552 -0.0000000000 -35.3443500000 0.7553724552 0.6552956996 0.0000000000 2.4635080000 0.0000000000 -0.0000000000 1.0000000000 -0.2411120000
1772700907.9625077248 0.6741276235 -0.7386148842 -0.0000000000 -35.4319550000 0.7386148842 0.6741276235 0.0000000000 2.4679770000 0.0000000000 -0.0000000000 1.0000000000 -0.2418940000
1772700908.0629706383 0.6772042392 -0.7357950927 -0.0000000000 -35.5217620000 0.7357950927 0.6772042392 0.0000000000 2.4726740000 0.0000000000 -0.0000000000 1.0000000000 -0.2441590000
1772700908.1622457504 0.6835665375 -0.7298882030 -0.0000000000 -35.6069680000 0.7298882030 0.6835665375 0.0000000000 2.4794090000 0.0000000000 -0.0000000000 1.0000000000 -0.2439000000
1772700908.2620666027 0.6945243146 -0.7194692324 -0.0000000000 -35.6932790000 0.7194692324 0.6945243146 0.0000000000 2.4870450000 0.0000000000 -0.0000000000 1.0000000000 -0.2471720000
1772700908.3623206615 0.6704157555 -0.7419856567 -0.0000000000 -35.7811860000 0.7419856567 0.6704157555 0.0000000000 2.4940140000 0.0000000000 -0.0000000000 1.0000000000 -0.2477770000
1772700908.4638476372 0.6804553388 -0.7327895550 -0.0000000000 -35.8658950000 0.7327895550 0.6804553388 0.0000000000 2.4988720000 0.0000000000 -0.0000000000 1.0000000000 -0.2513040000
1772700908.5634655952 0.6791424145 -0.7340065265 -0.0000000000 -35.9502050000 0.7340065265 0.6791424145 0.0000000000 2.5050410000 0.0000000000 -0.0000000000 1.0000000000 -0.2547430000
1772700908.6637806892 0.6863935302 -0.7272303085 -0.0000000000 -36.0356200000 0.7272303085 0.6863935302 0.0000000000 2.5154060000 0.0000000000 -0.0000000000 1.0000000000 -0.2594410000
1772700908.7629866600 0.6843931881 -0.7291131353 -0.0000000000 -36.1214220000 0.7291131353 0.6843931881 0.0000000000 2.5282400000 0.0000000000 -0.0000000000 1.0000000000 -0.2524040000
1772700908.8621447086 0.7091161652 -0.7050916708 -0.0000000000 -36.2069330000 0.7050916708 0.7091161652 0.0000000000 2.5396310000 0.0000000000 -0.0000000000 1.0000000000 -0.2531080000
1772700908.9637227058 0.7205223812 -0.6934316824 -0.0000000000 -36.2911430000 0.6934316824 0.7205223812 0.0000000000 2.5504710000 0.0000000000 -0.0000000000 1.0000000000 -0.2534550000
1772700909.0624625683 0.7298511813 -0.6836060657 -0.0000000000 -36.3742500000 0.6836060657 0.7298511813 0.0000000000 2.5607390000 0.0000000000 -0.0000000000 1.0000000000 -0.2517250000
1772700909.1625146866 0.7156823200 -0.6984259566 -0.0000000000 -36.4567620000 0.6984259566 0.7156823200 0.0000000000 2.5703750000 0.0000000000 -0.0000000000 1.0000000000 -0.2543990000
1772700909.2622065544 0.7116539171 -0.7025302145 -0.0000000000 -36.5419700000 0.7025302145 0.7116539171 0.0000000000 2.5803300000 0.0000000000 -0.0000000000 1.0000000000 -0.2540250000
1772700909.3624866009 0.9909374767 -0.1343239270 -0.0000000000 -36.6184880000 0.1343239270 0.9909374767 0.0000000000 2.5767610000 0.0000000000 -0.0000000000 1.0000000000 -0.2577680000
1772700909.4630646706 0.9591389241 0.2829355479 0.0000000000 -36.7101900000 -0.2829355479 0.9591389241 0.0000000000 2.5825080000 0.0000000000 0.0000000000 1.0000000000 -0.2559000000
1772700909.5627756119 0.9856624416 0.1687292243 0.0000000000 -36.8016980000 -0.1687292243 0.9856624416 0.0000000000 2.5921970000 0.0000000000 0.0000000000 1.0000000000 -0.2544260000
1772700909.6624886990 0.9287257691 0.3707673743 0.0000000000 -36.8938090000 -0.3707673743 0.9287257691 0.0000000000 2.6008740000 0.0000000000 0.0000000000 1.0000000000 -0.2548100000
1772700909.7629835606 0.9110714205 0.4122485498 0.0000000000 -36.9819180000 -0.4122485498 0.9110714205 0.0000000000 2.6088310000 0.0000000000 0.0000000000 1.0000000000 -0.2544060000
1772700909.8627946377 0.8668512746 0.4985668136 0.0000000000 -37.0698280000 -0.4985668136 0.8668512746 0.0000000000 2.6185290000 0.0000000000 0.0000000000 1.0000000000 -0.2539870000
1772700909.9624285698 0.3445984054 0.9387502005 0.0000000000 -37.1573500000 -0.9387502005 0.3445984054 0.0000000000 2.6296960000 0.0000000000 0.0000000000 1.0000000000 -0.2575980000
1772700910.0622076988 -0.1586094097 0.9873414076 0.0000000000 -37.2444560000 -0.9873414076 -0.1586094097 0.0000000000 2.6405950000 0.0000000000 0.0000000000 1.0000000000 -0.2549090000
1772700910.1624217033 -0.1298834246 0.9915292714 0.0000000000 -37.3321840000 -0.9915292714 -0.1298834246 0.0000000000 2.6551640000 0.0000000000 0.0000000000 1.0000000000 -0.2590940000
1772700910.2626707554 -0.2761863776 0.9611040968 0.0000000000 -37.4184990000 -0.9611040968 -0.2761863776 0.0000000000 2.6685450000 0.0000000000 0.0000000000 1.0000000000 -0.2588460000
1772700910.3632566929 -0.3407455010 0.9401555741 0.0000000000 -37.5007980000 -0.9401555741 -0.3407455010 0.0000000000 2.6840750000 0.0000000000 0.0000000000 1.0000000000 -0.2510930000
1772700910.4646236897 -0.4353514640 0.9002605749 0.0000000000 -37.5848260000 -0.9002605749 -0.4353514640 0.0000000000 2.6970830000 0.0000000000 0.0000000000 1.0000000000 -0.2561590000
1772700910.5631587505 -0.4373794793 0.8992770380 0.0000000000 -37.6705410000 -0.8992770380 -0.4373794793 0.0000000000 2.7091570000 0.0000000000 0.0000000000 1.0000000000 -0.2564030000
1772700910.6638386250 -0.4799162989 0.8773142801 0.0000000000 -37.7548450000 -0.8773142801 -0.4799162989 0.0000000000 2.7225190000 0.0000000000 0.0000000000 1.0000000000 -0.2518020000
1772700910.7632045746 -0.4853671995 0.8743104035 0.0000000000 -37.8392750000 -0.8743104035 -0.4853671995 0.0000000000 2.7365280000 0.0000000000 0.0000000000 1.0000000000 -0.2572200000
1772700910.8633546829 -0.5285703136 0.8488895238 0.0000000000 -37.9239820000 -0.8488895238 -0.5285703136 0.0000000000 2.7540560000 0.0000000000 0.0000000000 1.0000000000 -0.2517450000
1772700910.9633576870 -0.9006775227 0.4344882049 0.0000000000 -38.0084990000 -0.4344882049 -0.9006775227 0.0000000000 2.7698880000 0.0000000000 0.0000000000 1.0000000000 -0.2513540000
1772700911.0632545948 -0.7798906267 0.6259158173 0.0000000000 -38.0953250000 -0.6259158173 -0.7798906267 0.0000000000 2.7827290000 0.0000000000 0.0000000000 1.0000000000 -0.2555930000
1772700911.1639065742 -0.8570813986 0.5151810131 0.0000000000 -38.1805390000 -0.5151810131 -0.8570813986 0.0000000000 2.7967480000 0.0000000000 0.0000000000 1.0000000000 -0.2546080000
1772700911.2631585598 -0.8606156526 0.5092550426 0.0000000000 -38.2661490000 -0.5092550426 -0.8606156526 0.0000000000 2.8123550000 0.0000000000 0.0000000000 1.0000000000 -0.2513800000
1772700911.3638956547 -0.8738869505 0.4861291987 0.0000000000 -38.3536680000 -0.4861291987 -0.8738869505 0.0000000000 2.8268290000 0.0000000000 0.0000000000 1.0000000000 -0.2522080000
1772700911.4651815891 -0.8791982903 0.4764560488 0.0000000000 -38.4421670000 -0.4764560488 -0.8791982903 0.0000000000 2.8405760000 0.0000000000 0.0000000000 1.0000000000 -0.2452410000
1772700911.5638797283 -0.8883851216 0.4590989825 0.0000000000 -38.5300780000 -0.4590989825 -0.8883851216 0.0000000000 2.8530490000 0.0000000000 0.0000000000 1.0000000000 -0.2436340000
1772700911.6636157036 -0.9118121696 0.4106075588 0.0000000000 -38.6187130000 -0.4106075588 -0.9118121696 0.0000000000 2.8642590000 0.0000000000 0.0000000000 1.0000000000 -0.2524280000
1772700911.7654736042 -0.9995261263 0.0307818581 0.0000000000 -38.7070130000 -0.0307818581 -0.9995261263 0.0000000000 2.8765500000 0.0000000000 0.0000000000 1.0000000000 -0.2464750000
1772700911.8662226200 -0.9882352156 0.1529416835 0.0000000000 -38.7956310000 -0.1529416835 -0.9882352156 0.0000000000 2.8900040000 0.0000000000 0.0000000000 1.0000000000 -0.2473590000
1772700911.9651086330 -0.9991920219 0.0401908366 0.0000000000 -38.8835420000 -0.0401908366 -0.9991920219 0.0000000000 2.9017980000 0.0000000000 0.0000000000 1.0000000000 -0.2462220000
1772700912.0653746128 -0.9989765081 0.0452320267 0.0000000000 -38.9695530000 -0.0452320267 -0.9989765081 0.0000000000 2.9132950000 0.0000000000 0.0000000000 1.0000000000 -0.2450960000
1772700912.1647827625 -0.9845456699 -0.1751280212 0.0000000000 -39.0588880000 0.1751280212 -0.9845456699 0.0000000000 2.9261210000 0.0000000000 0.0000000000 1.0000000000 -0.2532420000
1772700912.2645115852 -0.2911857201 -0.9566665440 0.0000000000 -39.1465180000 0.9566665440 -0.2911857201 0.0000000000 2.9380330000 0.0000000000 0.0000000000 1.0000000000 -0.2600930000
1772700912.3643887043 0.5062571384 -0.8623825774 0.0000000000 -39.2333180000 0.8623825774 0.5062571384 0.0000000000 2.9542470000 0.0000000000 0.0000000000 1.0000000000 -0.2520690000
1772700912.4645977020 0.5021784660 -0.8647640073 0.0000000000 -39.3169420000 0.8647640073 0.5021784660 0.0000000000 2.9725880000 0.0000000000 0.0000000000 1.0000000000 -0.2533180000
1772700912.5647907257 0.7536886377 -0.6572316466 0.0000000000 -39.4004540000 0.6572316466 0.7536886377 0.0000000000 2.9902460000 0.0000000000 0.0000000000 1.0000000000 -0.2497070000
1772700912.6666867733 0.8033899734 -0.5954532312 0.0000000000 -39.4827740000 0.5954532312 0.8033899734 0.0000000000 3.0086990000 0.0000000000 0.0000000000 1.0000000000 -0.2489590000
1772700912.7653157711 0.8844575242 -0.4666207110 0.0000000000 -39.5655930000 0.4666207110 0.8844575242 0.0000000000 3.0249350000 0.0000000000 0.0000000000 1.0000000000 -0.2490050000
1772700912.8672516346 0.8846774837 -0.4662035498 0.0000000000 -39.6516060000 0.4662035498 0.8846774837 0.0000000000 3.0426430000 0.0000000000 0.0000000000 1.0000000000 -0.2459340000
1772700912.9657325745 0.9201796851 -0.3914962925 0.0000000000 -39.7408130000 0.3914962925 0.9201796851 0.0000000000 3.0636470000 0.0000000000 0.0000000000 1.0000000000 -0.2386560000
1772700913.0681755543 0.9165058792 -0.4000212161 0.0000000000 -39.8318310000 0.4000212161 0.9165058792 0.0000000000 3.0813890000 0.0000000000 0.0000000000 1.0000000000 -0.2375620000
1772700913.1670687199 0.9992517296 -0.0386779134 0.0000000000 -39.9239560000 0.0386779134 0.9992517296 0.0000000000 3.0950320000 0.0000000000 0.0000000000 1.0000000000 -0.2415430000
1772700913.2672555447 0.7553767671 0.6552907291 0.0000000000 -40.0161640000 -0.6552907291 0.7553767671 -0.0000000000 3.1122730000 -0.0000000000 0.0000000000 1.0000000000 -0.2363090000
1772700913.3676517010 0.8692977580 0.4942887900 0.0000000000 -40.1054060000 -0.4942887900 0.8692977580 -0.0000000000 3.1359890000 -0.0000000000 0.0000000000 1.0000000000 -0.2422840000
1772700913.4665117264 0.7381881490 0.6745948834 0.0000000000 -40.1890180000 -0.6745948834 0.7381881490 -0.0000000000 3.1603140000 -0.0000000000 0.0000000000 1.0000000000 -0.2357100000
1772700913.5666956902 0.7066027872 0.7076104162 0.0000000000 -40.2682430000 -0.7076104162 0.7066027872 -0.0000000000 3.1846870000 -0.0000000000 0.0000000000 1.0000000000 -0.2343030000
1772700913.6671757698 0.1807118145 0.9835360899 0.0000000000 -40.3469750000 -0.9835360899 0.1807118145 -0.0000000000 3.2081250000 -0.0000000000 0.0000000000 1.0000000000 -0.2359680000
1772700913.7666525841 -0.9242334795 0.3818278086 0.0000000000 -40.4282910000 -0.3818278086 -0.9242334795 -0.0000000000 3.2291780000 -0.0000000000 0.0000000000 1.0000000000 -0.2327810000
1772700913.8687777519 -0.9796892862 0.2005215762 0.0000000000 -40.5099180000 -0.2005215762 -0.9796892862 -0.0000000000 3.2536120000 -0.0000000000 0.0000000000 1.0000000000 -0.2320370000
1772700913.9673986435 -0.9999999973 -0.0000739664 -0.0000000000 -40.5917510000 0.0000739664 -0.9999999973 0.0000000000 3.2789350000 0.0000000000 -0.0000000000 1.0000000000 -0.2334390000
1772700914.0669007301 -0.9883161693 -0.1524176813 -0.0000000000 -40.6745810000 0.1524176813 -0.9883161693 0.0000000000 3.3055690000 0.0000000000 -0.0000000000 1.0000000000 -0.2330020000
1772700914.1662666798 -0.7383234924 -0.6744467515 -0.0000000000 -40.7553110000 0.6744467515 -0.7383234924 0.0000000000 3.3356680000 0.0000000000 -0.0000000000 1.0000000000 -0.2309710000
1772700914.2674236298 0.6580412181 -0.7529819090 -0.0000000000 -40.8384460000 0.7529819090 0.6580412181 0.0000000000 3.3672600000 0.0000000000 -0.0000000000 1.0000000000 -0.2302230000
1772700914.3689587116 0.8788674423 0.4770660530 0.0000000000 -40.9207680000 -0.4770660530 0.8788674423 0.0000000000 3.3958260000 0.0000000000 0.0000000000 1.0000000000 -0.2259430000
1772700914.4674036503 0.8635315826 0.5042947608 0.0000000000 -40.9992080000 -0.5042947608 0.8635315826 0.0000000000 3.4469260000 0.0000000000 0.0000000000 1.0000000000 -0.2247890000
1772700914.5668387413 0.5995242905 0.8003565612 0.0000000000 -41.0790430000 -0.8003565612 0.5995242905 0.0000000000 3.4736220000 0.0000000000 0.0000000000 1.0000000000 -0.2221150000
1772700914.6677715778 0.4144701922 0.9100628878 0.0000000000 -41.1572760000 -0.9100628878 0.4144701922 0.0000000000 3.4988020000 0.0000000000 0.0000000000 1.0000000000 -0.2197830000
1772700914.7672357559 0.2271377504 0.9738626404 0.0000000000 -41.2379080000 -0.9738626404 0.2271377504 0.0000000000 3.5248520000 0.0000000000 0.0000000000 1.0000000000 -0.2160560000
1772700914.8683185577 0.1064785469 0.9943149999 0.0000000000 -41.3170400000 -0.9943149999 0.1064785469 0.0000000000 3.5525500000 0.0000000000 0.0000000000 1.0000000000 -0.2115350000
1772700914.9670536518 0.0936969361 0.9956007654 0.0000000000 -41.4004920000 -0.9956007654 0.0936969361 0.0000000000 3.5830170000 0.0000000000 0.0000000000 1.0000000000 -0.2139400000
1772700915.0676705837 -0.5216373214 0.8531673370 0.0000000000 -41.4834460000 -0.8531673370 -0.5216373214 0.0000000000 3.6147050000 0.0000000000 0.0000000000 1.0000000000 -0.2163500000
1772700915.1676566601 -0.8362424175 -0.5483599358 0.0000000000 -41.5614050000 0.5483599358 -0.8362424175 0.0000000000 3.6437230000 0.0000000000 0.0000000000 1.0000000000 -0.2232620000
1772700915.2680797577 0.4557244103 -0.8901209254 0.0000000000 -41.6396560000 0.8901209254 0.4557244103 0.0000000000 3.6752330000 0.0000000000 0.0000000000 1.0000000000 -0.2246300000
1772700915.3672387600 0.5837411056 -0.8119398510 0.0000000000 -41.7176150000 0.8119398510 0.5837411056 0.0000000000 3.7127500000 0.0000000000 0.0000000000 1.0000000000 -0.2254650000
1772700915.4672286510 0.8570971458 -0.5151548142 0.0000000000 -41.7937670000 0.5151548142 0.8570971458 0.0000000000 3.7526130000 0.0000000000 0.0000000000 1.0000000000 -0.2210970000
1772700915.5679175854 0.9423616694 -0.3345960011 0.0000000000 -41.8731260000 0.3345960011 0.9423616694 0.0000000000 3.7924410000 0.0000000000 0.0000000000 1.0000000000 -0.2203830000
1772700915.6687526703 0.9928202549 -0.1196158076 0.0000000000 -41.9519840000 0.1196158076 0.9928202549 0.0000000000 3.8329940000 0.0000000000 0.0000000000 1.0000000000 -0.2188370000
1772700915.7677037716 0.9998320496 0.0183268270 0.0000000000 -42.0311350000 -0.0183268270 0.9998320496 -0.0000000000 3.8727310000 -0.0000000000 0.0000000000 1.0000000000 -0.2141170000
1772700915.8688256741 0.9967485579 0.0805748860 0.0000000000 -42.1118900000 -0.0805748860 0.9967485579 -0.0000000000 3.9098160000 -0.0000000000 0.0000000000 1.0000000000 -0.2133640000
1772700915.9678895473 0.9113167577 0.4117059230 0.0000000000 -42.1886450000 -0.4117059230 0.9113167577 -0.0000000000 3.9442870000 -0.0000000000 0.0000000000 1.0000000000 -0.2145890000
1772700916.0695445538 -0.2983436757 0.9544585120 0.0000000000 -42.2661120000 -0.9544585120 -0.2983436757 -0.0000000000 3.9844140000 -0.0000000000 0.0000000000 1.0000000000 -0.2170620000
1772700916.1672387123 -0.9113423583 -0.4116492511 -0.0000000000 -42.3437800000 0.4116492511 -0.9113423583 0.0000000000 4.0285900000 0.0000000000 -0.0000000000 1.0000000000 -0.2174760000
1772700916.2690155506 -0.1014098213 -0.9948447357 -0.0000000000 -42.4198380000 0.9948447357 -0.1014098213 0.0000000000 4.0760630000 0.0000000000 -0.0000000000 1.0000000000 -0.2111540000
1772700916.3688616753 0.3157980395 -0.9488264321 -0.0000000000 -42.4958060000 0.9488264321 0.3157980395 0.0000000000 4.1222930000 0.0000000000 -0.0000000000 1.0000000000 -0.2099060000
1772700916.4682476521 0.6714764098 -0.7410259315 -0.0000000000 -42.5674680000 0.7410259315 0.6714764098 0.0000000000 4.1659650000 0.0000000000 -0.0000000000 1.0000000000 -0.2078910000
1772700916.5695457458 0.8235551243 -0.5672362446 -0.0000000000 -42.6415230000 0.5672362446 0.8235551243 0.0000000000 4.2089990000 0.0000000000 -0.0000000000 1.0000000000 -0.2030790000
1772700916.6700246334 0.9592812050 -0.2824527744 -0.0000000000 -42.7169910000 0.2824527744 0.9592812050 0.0000000000 4.2569230000 0.0000000000 -0.0000000000 1.0000000000 -0.2005210000
1772700916.7691707611 0.5580741543 0.8297910811 0.0000000000 -42.7934630000 -0.8297910811 0.5580741543 0.0000000000 4.3068990000 0.0000000000 0.0000000000 1.0000000000 -0.1986390000
1772700916.8683297634 -0.9894900502 0.1446009698 0.0000000000 -42.8688390000 -0.1446009698 -0.9894900502 0.0000000000 4.3587200000 0.0000000000 0.0000000000 1.0000000000 -0.1974870000
1772700916.9695615768 -0.2825769998 -0.9592446191 0.0000000000 -42.9434230000 0.9592446191 -0.2825769998 0.0000000000 4.4138670000 0.0000000000 0.0000000000 1.0000000000 -0.1971530000
1772700917.0689446926 0.0517898146 -0.9986580071 0.0000000000 -43.0132990000 0.9986580071 0.0517898146 0.0000000000 4.4669110000 0.0000000000 0.0000000000 1.0000000000 -0.1951060000
1772700917.1692707539 0.4568444685 -0.8895465877 0.0000000000 -43.0824810000 0.8895465877 0.4568444685 0.0000000000 4.5154970000 0.0000000000 0.0000000000 1.0000000000 -0.1988190000
1772700917.2701735497 0.6909471144 -0.7229053086 0.0000000000 -43.1505610000 0.7229053086 0.6909471144 0.0000000000 4.5678250000 0.0000000000 0.0000000000 1.0000000000 -0.1987820000
1772700917.3680856228 0.7966059471 -0.6044989372 0.0000000000 -43.2180430000 0.6044989372 0.7966059471 0.0000000000 4.6233980000 0.0000000000 0.0000000000 1.0000000000 -0.1976630000
1772700917.3680856228 0.9996994555 -0.0245152752 0.0000000000 -43.2869370000 0.0245152752 0.9996994555 0.0000000000 4.6777910000 0.0000000000 0.0000000000 1.0000000000 -0.2026620000
1772700917.5691976547 0.0226664083 0.9997430840 0.0000000000 -43.3533080000 -0.9997430840 0.0226664083 -0.0000000000 4.7352740000 -0.0000000000 0.0000000000 1.0000000000 -0.1952610000
1772700917.6685407162 -0.7223034024 -0.6915763117 -0.0000000000 -43.4160090000 0.6915763117 -0.7223034024 0.0000000000 4.7932290000 0.0000000000 -0.0000000000 1.0000000000 -0.2008990000
1772700917.7692255974 0.9998866810 -0.0150540729 -0.0000000000 -43.4764920000 0.0150540729 0.9998866810 0.0000000000 4.8575430000 0.0000000000 -0.0000000000 1.0000000000 -0.1939250000
1772700917.8712806702 -0.1985915554 0.9800823405 0.0000000000 -43.5285050000 -0.9800823405 -0.1985915554 0.0000000000 4.9200190000 0.0000000000 0.0000000000 1.0000000000 -0.2023910000
1772700917.9692325592 0.0175036608 -0.9998467992 0.0000000000 -43.5826910000 0.9998467992 0.0175036608 0.0000000000 4.9859940000 0.0000000000 0.0000000000 1.0000000000 -0.1957690000
1772700918.0691597462 0.8566771686 0.5158529138 0.0000000000 -43.6361060000 -0.5158529138 0.8566771686 -0.0000000000 5.0507420000 -0.0000000000 0.0000000000 1.0000000000 -0.2029950000
1772700918.1705145836 0.0810585462 0.9967093418 0.0000000000 -43.6882020000 -0.9967093418 0.0810585462 -0.0000000000 5.1151510000 -0.0000000000 0.0000000000 1.0000000000 -0.2023880000
1772700918.2714755535 -0.4918031979 0.8707063882 0.0000000000 -43.7365000000 -0.8707063882 -0.4918031979 -0.0000000000 5.1825190000 -0.0000000000 0.0000000000 1.0000000000 -0.2003250000
1772700918.3701066971 -0.8707357512 0.4917512091 0.0000000000 -43.7921180000 -0.4917512091 -0.8707357512 -0.0000000000 5.2530100000 -0.0000000000 0.0000000000 1.0000000000 -0.2050640000
1772700918.4698185921 -0.9859953143 0.1667730197 0.0000000000 -43.8437360000 -0.1667730197 -0.9859953143 -0.0000000000 5.3263090000 -0.0000000000 0.0000000000 1.0000000000 -0.2081280000
1772700918.5706696510 -0.8134761295 -0.5815983036 -0.0000000000 -43.8943400000 0.5815983036 -0.8134761295 0.0000000000 5.3998650000 0.0000000000 -0.0000000000 1.0000000000 -0.2043610000
1772700918.6696066856 0.6969277653 -0.7171413319 -0.0000000000 -43.9444590000 0.7171413319 0.6969277653 0.0000000000 5.4716630000 0.0000000000 -0.0000000000 1.0000000000 -0.2087990000
1772700918.7693996429 0.7621403916 0.6474117881 0.0000000000 -43.9950650000 -0.6474117881 0.7621403916 0.0000000000 5.5453840000 0.0000000000 0.0000000000 1.0000000000 -0.2060430000
1772700918.8690397739 0.6856477723 0.7279334669 0.0000000000 -44.0419990000 -0.7279334669 0.6856477723 0.0000000000 5.6190460000 0.0000000000 0.0000000000 1.0000000000 -0.2160130000
1772700918.9699456692 0.2608915979 0.9653681029 0.0000000000 -44.0872120000 -0.9653681029 0.2608915979 0.0000000000 5.6955610000 0.0000000000 0.0000000000 1.0000000000 -0.2146360000
1772700919.0703787804 -0.8907980067 0.4543995063 0.0000000000 -44.1269540000 -0.4543995063 -0.8907980067 0.0000000000 5.7730970000 0.0000000000 0.0000000000 1.0000000000 -0.2252110000
1772700919.1700446606 0.2116739170 -0.9773403465 0.0000000000 -44.1655980000 0.9773403465 0.2116739170 0.0000000000 5.8534830000 0.0000000000 0.0000000000 1.0000000000 -0.2353510000
1772700919.2707877159 0.8359586973 0.5487923618 0.0000000000 -44.2050230000 -0.5487923618 0.8359586973 -0.0000000000 5.9392910000 -0.0000000000 0.0000000000 1.0000000000 -0.2327370000
1772700919.3699216843 0.4779700786 0.8783761176 0.0000000000 -44.2407480000 -0.8783761176 0.4779700786 -0.0000000000 6.0294010000 -0.0000000000 0.0000000000 1.0000000000 -0.2273530000
1772700919.4725277424 -0.1396878929 0.9901955830 0.0000000000 -44.2727960000 -0.9901955830 -0.1396878929 -0.0000000000 6.1157210000 -0.0000000000 0.0000000000 1.0000000000 -0.2346910000
1772700919.5721647739 -0.9991549497 -0.0411021466 -0.0000000000 -44.3056170000 0.0411021466 -0.9991549497 0.0000000000 6.2010340000 0.0000000000 -0.0000000000 1.0000000000 -0.2309700000
1772700919.6696746349 0.3225423600 -0.9465550306 -0.0000000000 -44.3395500000 0.9465550306 0.3225423600 0.0000000000 6.2853950000 0.0000000000 -0.0000000000 1.0000000000 -0.2330840000
1772700919.7703816891 0.6498134509 -0.7600937304 -0.0000000000 -44.3658820000 0.7600937304 0.6498134509 0.0000000000 6.3697760000 0.0000000000 -0.0000000000 1.0000000000 -0.2349530000
1772700919.8710496426 0.9696884493 -0.2443446567 -0.0000000000 -44.3885140000 0.2443446567 0.9696884493 0.0000000000 6.4504730000 0.0000000000 -0.0000000000 1.0000000000 -0.2387780000
1772700919.9713046551 0.3699307236 0.9290593414 0.0000000000 -44.4150290000 -0.9290593414 0.3699307236 0.0000000000 6.5305400000 0.0000000000 0.0000000000 1.0000000000 -0.2360570000
1772700920.0710616112 -0.2815025681 0.9595604745 0.0000000000 -44.4439510000 -0.9595604745 -0.2815025681 0.0000000000 6.6083460000 0.0000000000 0.0000000000 1.0000000000 -0.2377950000
1772700920.1719045639 -0.5088788831 0.8608381279 0.0000000000 -44.4732740000 -0.8608381279 -0.5088788831 0.0000000000 6.6830850000 0.0000000000 0.0000000000 1.0000000000 -0.2420090000
1772700920.2706487179 -0.6538968901 0.7565836749 0.0000000000 -44.4947620000 -0.7565836749 -0.6538968901 0.0000000000 6.7556800000 0.0000000000 0.0000000000 1.0000000000 -0.2403910000
1772700920.3708567619 -0.7585560806 0.6516077598 0.0000000000 -44.5221170000 -0.6516077598 -0.7585560806 0.0000000000 6.8335720000 0.0000000000 0.0000000000 1.0000000000 -0.2452350000
1772700920.4720625877 -0.8952392414 0.4455857950 0.0000000000 -44.5519600000 -0.4455857950 -0.8952392414 0.0000000000 6.9105590000 0.0000000000 0.0000000000 1.0000000000 -0.2467830000
1772700920.5713446140 -0.8727829142 0.4881085788 0.0000000000 -44.5809080000 -0.4881085788 -0.8727829142 0.0000000000 6.9897910000 0.0000000000 0.0000000000 1.0000000000 -0.2486420000
1772700920.6731376648 -0.8611527192 0.5083463329 0.0000000000 -44.6087470000 -0.5083463329 -0.8611527192 0.0000000000 7.0696540000 0.0000000000 0.0000000000 1.0000000000 -0.2471820000
1772700920.7705845833 -0.9198135273 0.3923558014 0.0000000000 -44.6344030000 -0.3923558014 -0.9198135273 0.0000000000 7.1485160000 0.0000000000 0.0000000000 1.0000000000 -0.2515400000
1772700920.8709607124 -0.8203019997 -0.5719306159 0.0000000000 -44.6555380000 0.5719306159 -0.8203019997 0.0000000000 7.2326500000 0.0000000000 0.0000000000 1.0000000000 -0.2464430000
1772700920.9710307121 0.7746223032 -0.6324241357 0.0000000000 -44.6745650000 0.6324241357 0.7746223032 0.0000000000 7.3162440000 0.0000000000 0.0000000000 1.0000000000 -0.2390890000
1772700921.0728197098 -0.5417112913 0.8405646179 0.0000000000 -44.6904410000 -0.8405646179 -0.5417112913 -0.0000000000 7.3951020000 -0.0000000000 0.0000000000 1.0000000000 -0.2500420000
1772700921.1712777615 0.4345920662 -0.9006274124 -0.0000000000 -44.7007970000 0.9006274124 0.4345920662 0.0000000000 7.4844170000 0.0000000000 -0.0000000000 1.0000000000 -0.2486380000
1772700921.2724766731 0.2736477982 0.9618299655 0.0000000000 -44.7112540000 -0.9618299655 0.2736477982 0.0000000000 7.5822340000 0.0000000000 0.0000000000 1.0000000000 -0.2424530000
1772700921.3712596893 -0.7388750642 0.6738424441 0.0000000000 -44.7155450000 -0.6738424441 -0.7388750642 0.0000000000 7.6736800000 0.0000000000 0.0000000000 1.0000000000 -0.2512710000
1772700921.4725365639 -0.9978428889 0.0656473078 0.0000000000 -44.7182970000 -0.0656473078 -0.9978428889 0.0000000000 7.7582860000 0.0000000000 0.0000000000 1.0000000000 -0.2511340000
1772700921.4725365639 -0.2643679846 -0.9644218832 0.0000000000 -44.7199630000 0.9644218832 -0.2643679846 0.0000000000 7.8429810000 0.0000000000 0.0000000000 1.0000000000 -0.2555800000
1772700921.6718416214 0.9743262176 0.2251408930 0.0000000000 -44.7160160000 -0.2251408930 0.9743262176 -0.0000000000 7.9277510000 -0.0000000000 0.0000000000 1.0000000000 -0.2557980000
1772700921.7717425823 -0.9978243284 0.0659288231 0.0000000000 -44.7086630000 -0.0659288231 -0.9978243284 -0.0000000000 8.0081220000 -0.0000000000 0.0000000000 1.0000000000 -0.2567760000
1772700921.7717425823 0.9883760598 -0.1520288274 -0.0000000000 -44.6994180000 0.1520288274 0.9883760598 0.0000000000 8.0877240000 0.0000000000 -0.0000000000 1.0000000000 -0.2607780000
1772700921.9729115963 -0.2262049403 0.9740797324 0.0000000000 -44.6883750000 -0.9740797324 -0.2262049403 0.0000000000 8.1738500000 0.0000000000 0.0000000000 1.0000000000 -0.2615760000
1772700922.0724437237 -0.8354188672 0.5496137884 0.0000000000 -44.6727290000 -0.5496137884 -0.8354188672 0.0000000000 8.2650500000 0.0000000000 0.0000000000 1.0000000000 -0.2583470000
1772700922.1730666161 -0.8576656106 -0.5142078378 0.0000000000 -44.6567080000 0.5142078378 -0.8576656106 0.0000000000 8.3506300000 0.0000000000 0.0000000000 1.0000000000 -0.2666350000
1772700922.2727077007 0.7949696571 -0.6066491938 0.0000000000 -44.6413580000 0.6066491938 0.7949696571 0.0000000000 8.4375560000 0.0000000000 0.0000000000 1.0000000000 -0.2645800000
1772700922.3726265430 -0.4868440035 0.8734889331 0.0000000000 -44.6226300000 -0.8734889331 -0.4868440035 -0.0000000000 8.5208950000 -0.0000000000 0.0000000000 1.0000000000 -0.2719220000
1772700922.4716017246 -0.6120819291 -0.7907943551 -0.0000000000 -44.6021880000 0.7907943551 -0.6120819291 0.0000000000 8.6094300000 0.0000000000 -0.0000000000 1.0000000000 -0.2714550000
1772700922.5735146999 -0.0866684690 -0.9962372089 -0.0000000000 -44.5768510000 0.9962372089 -0.0866684690 0.0000000000 8.7006460000 0.0000000000 -0.0000000000 1.0000000000 -0.2712360000
1772700922.6747364998 0.3972766909 -0.9176988781 -0.0000000000 -44.5486130000 0.9176988781 0.3972766909 0.0000000000 8.7905410000 0.0000000000 -0.0000000000 1.0000000000 -0.2717410000
1772700922.7741816044 0.9871787062 0.1596189276 0.0000000000 -44.5212670000 -0.1596189276 0.9871787062 0.0000000000 8.8767500000 0.0000000000 0.0000000000 1.0000000000 -0.2714710000
1772700922.8719377518 -0.4118849042 0.9112358782 0.0000000000 -44.4962350000 -0.9112358782 -0.4118849042 0.0000000000 8.9596610000 0.0000000000 0.0000000000 1.0000000000 -0.2774640000
1772700922.9733386040 -0.9065951761 0.4220014061 0.0000000000 -44.4648140000 -0.4220014061 -0.9065951761 0.0000000000 9.0402050000 0.0000000000 0.0000000000 1.0000000000 -0.2885740000
1772700923.0726065636 -0.9751099682 0.2217217850 0.0000000000 -44.4309710000 -0.2217217850 -0.9751099682 0.0000000000 9.1232730000 0.0000000000 0.0000000000 1.0000000000 -0.2912800000
1772700923.1732916832 -0.9971297888 -0.0757111900 0.0000000000 -44.3977080000 0.0757111900 -0.9971297888 0.0000000000 9.2047670000 0.0000000000 0.0000000000 1.0000000000 -0.2884780000
1772700923.2728457451 -0.8334243169 -0.5526336110 0.0000000000 -44.3672620000 0.5526336110 -0.8334243169 0.0000000000 9.2802870000 0.0000000000 0.0000000000 1.0000000000 -0.2943080000
1772700923.3721807003 0.3097436477 -0.9508201053 0.0000000000 -44.3397130000 0.9508201053 0.3097436477 0.0000000000 9.3584280000 0.0000000000 0.0000000000 1.0000000000 -0.2977570000
1772700923.4735376835 0.5345340850 -0.8451469174 0.0000000000 -44.3073690000 0.8451469174 0.5345340850 0.0000000000 9.4389100000 0.0000000000 0.0000000000 1.0000000000 -0.3014950000
1772700923.5747816563 0.6286259132 -0.7777078251 0.0000000000 -44.2754260000 0.7777078251 0.6286259132 0.0000000000 9.5140810000 0.0000000000 0.0000000000 1.0000000000 -0.3086510000
1772700923.6723597050 0.6904118590 -0.7234165225 0.0000000000 -44.2444680000 0.7234165225 0.6904118590 0.0000000000 9.5949120000 0.0000000000 0.0000000000 1.0000000000 -0.3078460000
1772700923.7736947536 0.9467170468 -0.3220665044 0.0000000000 -44.2101320000 0.3220665044 0.9467170468 0.0000000000 9.6698430000 0.0000000000 0.0000000000 1.0000000000 -0.3175180000
1772700923.8751566410 0.4527369750 0.8916441170 0.0000000000 -44.1736750000 -0.8916441170 0.4527369750 -0.0000000000 9.7437580000 -0.0000000000 0.0000000000 1.0000000000 -0.3206740000
1772700923.9732766151 -0.5529043279 0.8332447445 0.0000000000 -44.1375320000 -0.8332447445 -0.5529043279 -0.0000000000 9.8230520000 -0.0000000000 0.0000000000 1.0000000000 -0.3254750000
1772700924.0727546215 -0.6437189444 0.7652619948 0.0000000000 -44.0992840000 -0.7652619948 -0.6437189444 -0.0000000000 9.9086100000 -0.0000000000 0.0000000000 1.0000000000 -0.3251290000
1772700924.1728806496 -0.8497613372 0.5271675918 0.0000000000 -44.0608500000 -0.5271675918 -0.8497613372 -0.0000000000 9.9901380000 -0.0000000000 0.0000000000 1.0000000000 -0.3315310000
1772700924.2754786015 -0.9112599604 0.4118316215 0.0000000000 -44.0211960000 -0.4118316215 -0.9112599604 -0.0000000000 10.0688390000 -0.0000000000 0.0000000000 1.0000000000 -0.3330700000
1772700924.3739635944 -0.9756517885 0.2193253007 0.0000000000 -43.9814600000 -0.2193253007 -0.9756517885 -0.0000000000 10.1462590000 -0.0000000000 0.0000000000 1.0000000000 -0.3410900000
1772700924.4735996723 -0.9883229494 -0.1523737108 -0.0000000000 -43.9405130000 0.1523737108 -0.9883229494 0.0000000000 10.2306370000 0.0000000000 -0.0000000000 1.0000000000 -0.3416960000
1772700924.5731856823 -0.8551270585 -0.5184184737 -0.0000000000 -43.8985670000 0.5184184737 -0.8551270585 0.0000000000 10.3124270000 0.0000000000 -0.0000000000 1.0000000000 -0.3440360000
1772700924.6751177311 -0.8911481521 -0.4537124320 -0.0000000000 -43.8540310000 0.4537124320 -0.8911481521 0.0000000000 10.3942420000 0.0000000000 -0.0000000000 1.0000000000 -0.3497430000
1772700924.7753984928 -0.8265616936 -0.5628461306 -0.0000000000 -43.8139980000 0.5628461306 -0.8265616936 0.0000000000 10.4741600000 0.0000000000 -0.0000000000 1.0000000000 -0.3574400000
1772700924.8736526966 -0.8565512646 -0.5160619450 -0.0000000000 -43.7757540000 0.5160619450 -0.8565512646 0.0000000000 10.5534560000 0.0000000000 -0.0000000000 1.0000000000 -0.3618690000
1772700924.9738366604 -0.4469999960 -0.8945339589 -0.0000000000 -43.7386980000 0.8945339589 -0.4469999960 0.0000000000 10.6342230000 0.0000000000 -0.0000000000 1.0000000000 -0.3617010000
1772700925.0744435787 0.2303122262 -0.9731167856 -0.0000000000 -43.7019480000 0.9731167856 0.2303122262 0.0000000000 10.7190850000 0.0000000000 -0.0000000000 1.0000000000 -0.3608370000
1772700925.1743927002 0.1213379294 -0.9926112567 -0.0000000000 -43.6599120000 0.9926112567 0.1213379294 0.0000000000 10.7973060000 0.0000000000 -0.0000000000 1.0000000000 -0.3683990000
1772700925.2733576298 0.2996015502 -0.9540644166 -0.0000000000 -43.6196570000 0.9540644166 0.2996015502 0.0000000000 10.8816680000 0.0000000000 -0.0000000000 1.0000000000 -0.3665570000
1772700925.3745756149 0.3855325825 -0.9226942223 -0.0000000000 -43.5795230000 0.9226942223 0.3855325825 0.0000000000 10.9611850000 0.0000000000 -0.0000000000 1.0000000000 -0.3739690000
1772700925.4748561382 0.4070402196 -0.9134102362 -0.0000000000 -43.5404680000 0.9134102362 0.4070402196 0.0000000000 11.0407620000 0.0000000000 -0.0000000000 1.0000000000 -0.3748870000
1772700925.5747690201 0.3769570626 -0.9262307342 -0.0000000000 -43.4997220000 0.9262307342 0.3769570626 0.0000000000 11.1143780000 0.0000000000 -0.0000000000 1.0000000000 -0.3819830000
1772700925.6747934818 0.3760499752 -0.9265993828 -0.0000000000 -43.4585710000 0.9265993828 0.3760499752 0.0000000000 11.1899780000 0.0000000000 -0.0000000000 1.0000000000 -0.3862910000
1772700925.7738876343 0.3063314672 -0.9519249089 -0.0000000000 -43.4195220000 0.9519249089 0.3063314672 0.0000000000 11.2639830000 0.0000000000 -0.0000000000 1.0000000000 -0.3920720000
1772700925.8744306564 0.2137498946 -0.9768884187 -0.0000000000 -43.3696530000 0.9768884187 0.2137498946 0.0000000000 11.3359000000 0.0000000000 -0.0000000000 1.0000000000 -0.3959900000
1772700925.9746677876 0.2136462620 -0.9769110885 -0.0000000000 -43.3286580000 0.9769110885 0.2136462620 0.0000000000 11.4131210000 0.0000000000 -0.0000000000 1.0000000000 -0.3986840000
1772700926.0742237568 0.2047457033 -0.9788152006 -0.0000000000 -43.2889740000 0.9788152006 0.2047457033 0.0000000000 11.4877680000 0.0000000000 -0.0000000000 1.0000000000 -0.4060030000
1772700926.1742136478 0.1863999725 -0.9824739438 -0.0000000000 -43.2497700000 0.9824739438 0.1863999725 0.0000000000 11.5642710000 0.0000000000 -0.0000000000 1.0000000000 -0.4066030000
1772700926.2742757797 0.1694275986 -0.9855426367 -0.0000000000 -43.2097950000 0.9855426367 0.1694275986 0.0000000000 11.6415220000 0.0000000000 -0.0000000000 1.0000000000 -0.4144470000
1772700926.3746635914 0.1561655300 -0.9877308982 -0.0000000000 -43.1685070000 0.9877308982 0.1561655300 0.0000000000 11.7233350000 0.0000000000 -0.0000000000 1.0000000000 -0.4156180000
1772700926.4746086597 0.1587679757 -0.9873159220 -0.0000000000 -43.1296220000 0.9873159220 0.1587679757 0.0000000000 11.8045500000 0.0000000000 -0.0000000000 1.0000000000 -0.4181620000
1772700926.4746086597 0.1086441664 -0.9940807035 -0.0000000000 -43.0934250000 0.9940807035 0.1086441664 0.0000000000 11.8814560000 0.0000000000 -0.0000000000 1.0000000000 -0.4203020000
1772700926.6746816635 0.0899587089 -0.9959454958 -0.0000000000 -43.0547470000 0.9959454958 0.0899587089 0.0000000000 11.9575050000 0.0000000000 -0.0000000000 1.0000000000 -0.4284020000
1772700926.7746887207 0.0310075601 -0.9995191500 -0.0000000000 -43.0166600000 0.9995191500 0.0310075601 0.0000000000 12.0337350000 0.0000000000 -0.0000000000 1.0000000000 -0.4337090000
1772700926.8745017052 0.0588049534 -0.9982694914 -0.0000000000 -42.9781780000 0.9982694914 0.0588049534 0.0000000000 12.1060900000 0.0000000000 -0.0000000000 1.0000000000 -0.4428500000
1772700926.9746556282 0.0346416936 -0.9993997964 -0.0000000000 -42.9417670000 0.9993997964 0.0346416936 0.0000000000 12.1845680000 0.0000000000 -0.0000000000 1.0000000000 -0.4403720000
1772700927.0750741959 0.0069277276 -0.9999760030 -0.0000000000 -42.9051920000 0.9999760030 0.0069277276 0.0000000000 12.2594200000 0.0000000000 -0.0000000000 1.0000000000 -0.4498660000
1772700927.1749770641 0.0298740106 -0.9995536721 -0.0000000000 -42.8679080000 0.9995536721 0.0298740106 0.0000000000 12.3348570000 0.0000000000 -0.0000000000 1.0000000000 -0.4565440000
1772700927.2747795582 -0.0045665428 -0.9999895733 -0.0000000000 -42.8286160000 0.9999895733 -0.0045665428 0.0000000000 12.4097870000 0.0000000000 -0.0000000000 1.0000000000 -0.4614080000
1772700927.3749837875 -0.0561638208 -0.9984215669 -0.0000000000 -42.7880150000 0.9984215669 -0.0561638208 0.0000000000 12.4880920000 0.0000000000 -0.0000000000 1.0000000000 -0.4615720000
1772700927.4749751091 -0.0447473147 -0.9989983373 -0.0000000000 -42.7457340000 0.9989983373 -0.0447473147 0.0000000000 12.5646430000 0.0000000000 -0.0000000000 1.0000000000 -0.4684700000
1772700927.5748782158 -0.1043180719 -0.9945439859 -0.0000000000 -42.7031270000 0.9945439859 -0.1043180719 0.0000000000 12.6457310000 0.0000000000 -0.0000000000 1.0000000000 -0.4652340000
1772700927.6749043465 -0.1172636650 -0.9931008171 -0.0000000000 -42.6656410000 0.9931008171 -0.1172636650 0.0000000000 12.7237550000 0.0000000000 -0.0000000000 1.0000000000 -0.4696590000
1772700927.7748441696 -0.1543042512 -0.9880233793 -0.0000000000 -42.6312470000 0.9880233793 -0.1543042512 0.0000000000 12.8007590000 0.0000000000 -0.0000000000 1.0000000000 -0.4723770000
1772700927.8748879433 -0.2104929043 -0.9775953852 -0.0000000000 -42.5952640000 0.9775953852 -0.2104929043 0.0000000000 12.8795810000 0.0000000000 -0.0000000000 1.0000000000 -0.4771190000
1772700927.9748678207 -0.2205178087 -0.9753829484 -0.0000000000 -42.5553890000 0.9753829484 -0.2205178087 0.0000000000 12.9642010000 0.0000000000 -0.0000000000 1.0000000000 -0.4800540000
1772700928.0749161243 -0.2335736326 -0.9723391169 -0.0000000000 -42.5145990000 0.9723391169 -0.2335736326 0.0000000000 13.0519840000 0.0000000000 -0.0000000000 1.0000000000 -0.4766640000
1772700928.1748609543 -0.2389301262 -0.9710367628 -0.0000000000 -42.4739300000 0.9710367628 -0.2389301262 0.0000000000 13.1317370000 0.0000000000 -0.0000000000 1.0000000000 -0.4845480000
1772700928.2748241425 -0.2338976582 -0.9722612229 -0.0000000000 -42.4342570000 0.9722612229 -0.2338976582 0.0000000000 13.2136720000 0.0000000000 -0.0000000000 1.0000000000 -0.4898700000
1772700928.3750333786 -0.2493417768 -0.9684155504 -0.0000000000 -42.3922720000 0.9684155504 -0.2493417768 0.0000000000 13.2961880000 0.0000000000 -0.0000000000 1.0000000000 -0.4913000000
1772700928.3758456707 -0.2129965702 -0.9770529469 -0.0000000000 -42.3505710000 0.9770529469 -0.2129965702 0.0000000000 13.3749950000 0.0000000000 -0.0000000000 1.0000000000 -0.4914230000
1772700928.5753386021 0.2187476669 -0.9757814603 -0.0000000000 -42.3086060000 0.9757814603 0.2187476669 0.0000000000 13.4485820000 0.0000000000 -0.0000000000 1.0000000000 -0.5044180000
1772700928.6753494740 0.5496968042 -0.8353642460 -0.0000000000 -42.2665050000 0.8353642460 0.5496968042 0.0000000000 13.5202190000 0.0000000000 -0.0000000000 1.0000000000 -0.5091340000
1772700928.7751545906 0.4390234130 -0.8984756217 -0.0000000000 -42.2250940000 0.8984756217 0.4390234130 0.0000000000 13.5908420000 0.0000000000 -0.0000000000 1.0000000000 -0.5119100000
1772700928.8749430180 0.5344865561 -0.8451769763 -0.0000000000 -42.1862800000 0.8451769763 0.5344865561 0.0000000000 13.6632450000 0.0000000000 -0.0000000000 1.0000000000 -0.5126370000
1772700928.9748404026 0.5730315165 -0.8195333313 -0.0000000000 -42.1454000000 0.8195333313 0.5730315165 0.0000000000 13.7360090000 0.0000000000 -0.0000000000 1.0000000000 -0.5221520000
1772700929.0747199059 0.5735613846 -0.8191625834 -0.0000000000 -42.1062150000 0.8191625834 0.5735613846 0.0000000000 13.8111500000 0.0000000000 -0.0000000000 1.0000000000 -0.5288050000
1772700929.0787396431 0.6073086190 -0.7944660102 -0.0000000000 -42.0659330000 0.7944660102 0.6073086190 0.0000000000 13.8898830000 0.0000000000 -0.0000000000 1.0000000000 -0.5337420000
1772700929.2746827602 0.6050704441 -0.7961719398 -0.0000000000 -42.0265500000 0.7961719398 0.6050704441 0.0000000000 13.9701060000 0.0000000000 -0.0000000000 1.0000000000 -0.5373740000
1772700929.3746216297 0.6203460890 -0.7843282029 -0.0000000000 -41.9876640000 0.7843282029 0.6203460890 0.0000000000 14.0493280000 0.0000000000 -0.0000000000 1.0000000000 -0.5409720000
1772700929.4746699333 0.6593832148 -0.7518070072 -0.0000000000 -41.9472900000 0.7518070072 0.6593832148 0.0000000000 14.1275780000 0.0000000000 -0.0000000000 1.0000000000 -0.5485510000
1772700929.5747570992 0.6162074073 -0.7875839201 -0.0000000000 -41.9058000000 0.7875839201 0.6162074073 0.0000000000 14.2090890000 0.0000000000 -0.0000000000 1.0000000000 -0.5494050000
1772700929.5766606331 0.5920494585 -0.8059016309 -0.0000000000 -41.8642050000 0.8059016309 0.5920494585 0.0000000000 14.2903950000 0.0000000000 -0.0000000000 1.0000000000 -0.5492990000
1772700929.7748684883 0.5965120667 -0.8026041081 -0.0000000000 -41.8217320000 0.8026041081 0.5965120667 0.0000000000 14.3678550000 0.0000000000 -0.0000000000 1.0000000000 -0.5576450000
1772700929.8748900890 0.5452931874 -0.8382453935 -0.0000000000 -41.7813360000 0.8382453935 0.5452931874 0.0000000000 14.4481590000 0.0000000000 -0.0000000000 1.0000000000 -0.5577180000
1772700929.9749357700 0.5176810279 -0.8555736984 -0.0000000000 -41.7425460000 0.8555736984 0.5176810279 0.0000000000 14.5275740000 0.0000000000 -0.0000000000 1.0000000000 -0.5602240000
1772700930.0749778748 0.5031090502 -0.8642229363 -0.0000000000 -41.7043420000 0.8642229363 0.5031090502 0.0000000000 14.6080580000 0.0000000000 -0.0000000000 1.0000000000 -0.5580670000
1772700930.1750431061 0.5105351017 -0.8598569125 -0.0000000000 -41.6658630000 0.8598569125 0.5105351017 0.0000000000 14.6862940000 0.0000000000 -0.0000000000 1.0000000000 -0.5642010000
1772700930.2752435207 0.4671739579 -0.8841654218 -0.0000000000 -41.6249820000 0.8841654218 0.4671739579 0.0000000000 14.7609480000 0.0000000000 -0.0000000000 1.0000000000 -0.5722540000
1772700930.3754026890 0.4540021056 -0.8910006106 -0.0000000000 -41.5826840000 0.8910006106 0.4540021056 0.0000000000 14.8384660000 0.0000000000 -0.0000000000 1.0000000000 -0.5737970000
1772700930.4755225182 0.4921438097 -0.8705139117 -0.0000000000 -41.5519370000 0.8705139117 0.4921438097 0.0000000000 14.9167780000 0.0000000000 -0.0000000000 1.0000000000 -0.5755050000
1772700930.5756299496 0.4652145845 -0.8851979385 -0.0000000000 -41.5129610000 0.8851979385 0.4652145845 0.0000000000 14.9901820000 0.0000000000 -0.0000000000 1.0000000000 -0.5839360000
1772700930.6756324768 0.4948756854 -0.8689637829 -0.0000000000 -41.4740870000 0.8689637829 0.4948756854 0.0000000000 15.0635930000 0.0000000000 -0.0000000000 1.0000000000 -0.5936730000
1772700930.7755696774 0.4589952223 -0.8884387350 -0.0000000000 -41.4315900000 0.8884387350 0.4589952223 0.0000000000 15.1458170000 0.0000000000 -0.0000000000 1.0000000000 -0.5869870000
1772700930.8754813671 0.4878812731 -0.8729099973 -0.0000000000 -41.3896150000 0.8729099973 0.4878812731 0.0000000000 15.2249100000 0.0000000000 -0.0000000000 1.0000000000 -0.5926640000
1772700930.9754159451 0.4641941977 -0.8857334513 -0.0000000000 -41.3482420000 0.8857334513 0.4641941977 0.0000000000 15.2996210000 0.0000000000 -0.0000000000 1.0000000000 -0.6017730000
1772700931.0753159523 0.4535447493 -0.8912335050 -0.0000000000 -41.3073510000 0.8912335050 0.4535447493 0.0000000000 15.3748850000 0.0000000000 -0.0000000000 1.0000000000 -0.6025990000
1772700931.1752531528 0.4013054779 -0.9159442742 -0.0000000000 -41.2670760000 0.9159442742 0.4013054779 0.0000000000 15.4514850000 0.0000000000 -0.0000000000 1.0000000000 -0.6099940000
1772700931.2752499580 0.4052547870 -0.9142037834 -0.0000000000 -41.2257870000 0.9142037834 0.4052547870 0.0000000000 15.5279470000 0.0000000000 -0.0000000000 1.0000000000 -0.6104390000
1772700931.3752481937 0.2755779812 -0.9612787194 -0.0000000000 -41.1881140000 0.9612787194 0.2755779812 0.0000000000 15.6028540000 0.0000000000 -0.0000000000 1.0000000000 -0.6197640000
1772700931.4752624035 0.3752527708 -0.9269225200 -0.0000000000 -41.1517310000 0.9269225200 0.3752527708 0.0000000000 15.6740470000 0.0000000000 -0.0000000000 1.0000000000 -0.6269860000
1772700931.5752727985 0.3489358508 -0.9371466118 -0.0000000000 -41.1124390000 0.9371466118 0.3489358508 0.0000000000 15.7568770000 0.0000000000 -0.0000000000 1.0000000000 -0.6220980000
1772700931.6753551960 0.3753032206 -0.9269020944 -0.0000000000 -41.0729680000 0.9269020944 0.3753032206 0.0000000000 15.8340840000 0.0000000000 -0.0000000000 1.0000000000 -0.6308930000
1772700931.7753880024 0.3624552524 -0.9320011749 -0.0000000000 -41.0345850000 0.9320011749 0.3624552524 0.0000000000 15.9071710000 0.0000000000 -0.0000000000 1.0000000000 -0.6366110000
1772700931.8754639626 0.3269420051 -0.9450444039 -0.0000000000 -40.9959960000 0.9450444039 0.3269420051 0.0000000000 15.9839300000 0.0000000000 -0.0000000000 1.0000000000 -0.6370990000
1772700931.9754004478 0.2745173924 -0.9615821344 -0.0000000000 -40.9558110000 0.9615821344 0.2745173924 0.0000000000 16.0672780000 0.0000000000 -0.0000000000 1.0000000000 -0.6352300000
1772700932.0753781796 0.3120924611 -0.9500517332 -0.0000000000 -40.9152190000 0.9500517332 0.3120924611 0.0000000000 16.1534990000 0.0000000000 -0.0000000000 1.0000000000 -0.6284610000
1772700932.1753072739 0.2866857456 -0.9580246778 -0.0000000000 -40.8735520000 0.9580246778 0.2866857456 0.0000000000 16.2332080000 0.0000000000 -0.0000000000 1.0000000000 -0.6371630000
1772700932.2751798630 0.2816707685 -0.9595111141 -0.0000000000 -40.8320670000 0.9595111141 0.2816707685 0.0000000000 16.3113780000 0.0000000000 -0.0000000000 1.0000000000 -0.6388800000
1772700932.3751740456 0.2910295987 -0.9567140496 -0.0000000000 -40.7886960000 0.9567140496 0.2910295987 0.0000000000 16.3890860000 0.0000000000 -0.0000000000 1.0000000000 -0.6468970000
1772700932.4751098156 0.6969361872 -0.7171331473 -0.0000000000 -40.7439130000 0.7171331473 0.6969361872 0.0000000000 16.4669660000 0.0000000000 -0.0000000000 1.0000000000 -0.6495490000
1772700932.5751430988 0.9514872904 -0.3076880501 -0.0000000000 -40.7039130000 0.3076880501 0.9514872904 0.0000000000 16.5453940000 0.0000000000 -0.0000000000 1.0000000000 -0.6442880000
1772700932.6751689911 0.9050782491 -0.4252450622 -0.0000000000 -40.6618350000 0.4252450622 0.9050782491 0.0000000000 16.6174030000 0.0000000000 -0.0000000000 1.0000000000 -0.6529280000
1772700932.7750341892 0.9592547630 -0.2825425626 -0.0000000000 -40.6177460000 0.2825425626 0.9592547630 0.0000000000 16.6866990000 0.0000000000 -0.0000000000 1.0000000000 -0.6585580000
1772700932.8748929501 0.9879249814 -0.1549329888 -0.0000000000 -40.5736620000 0.1549329888 0.9879249814 0.0000000000 16.7586950000 0.0000000000 -0.0000000000 1.0000000000 -0.6643270000
1772700932.9748182297 0.7864627520 0.6176377091 0.0000000000 -40.5340850000 -0.6176377091 0.7864627520 0.0000000000 16.8376810000 0.0000000000 0.0000000000 1.0000000000 -0.6693360000
1772700933.0747401714 0.7720695735 0.6355380190 0.0000000000 -40.4993030000 -0.6355380190 0.7720695735 0.0000000000 16.9165440000 0.0000000000 0.0000000000 1.0000000000 -0.6715650000
1772700933.1746695042 0.6681084993 0.7440638636 0.0000000000 -40.4626240000 -0.7440638636 0.6681084993 0.0000000000 16.9962160000 0.0000000000 0.0000000000 1.0000000000 -0.6749580000
1772700933.2746527195 0.6431852679 0.7657105923 0.0000000000 -40.4203500000 -0.7657105923 0.6431852679 0.0000000000 17.0804920000 0.0000000000 0.0000000000 1.0000000000 -0.6775450000
1772700933.3746542931 0.5608079286 0.8279459326 0.0000000000 -40.3708630000 -0.8279459326 0.5608079286 0.0000000000 17.1640480000 0.0000000000 0.0000000000 1.0000000000 -0.6747240000
1772700933.4747068882 -0.0387198281 0.9992501063 0.0000000000 -40.3240770000 -0.9992501063 -0.0387198281 0.0000000000 17.2390330000 0.0000000000 0.0000000000 1.0000000000 -0.6778730000
1772700933.4798827171 -0.1148226625 0.9933860056 0.0000000000 -40.2811890000 -0.9933860056 -0.1148226625 0.0000000000 17.3094250000 0.0000000000 0.0000000000 1.0000000000 -0.6832850000
1772700933.6748313904 -0.1717227938 0.9851453101 0.0000000000 -40.2398050000 -0.9851453101 -0.1717227938 0.0000000000 17.3786280000 0.0000000000 0.0000000000 1.0000000000 -0.6909230000
1772700933.7748701572 -0.2252727603 0.9742957372 0.0000000000 -40.1948230000 -0.9742957372 -0.2252727603 0.0000000000 17.4494380000 0.0000000000 0.0000000000 1.0000000000 -0.6989110000
1772700933.8749706745 -0.6229875419 0.7822317576 0.0000000000 -40.1489480000 -0.7822317576 -0.6229875419 0.0000000000 17.5210630000 0.0000000000 0.0000000000 1.0000000000 -0.7093370000
1772700933.9750213623 -0.9797818835 0.2000686403 0.0000000000 -40.1057640000 -0.2000686403 -0.9797818835 0.0000000000 17.5995340000 0.0000000000 0.0000000000 1.0000000000 -0.7109520000
1772700934.0750958920 -0.9269371455 0.3752166418 0.0000000000 -40.0591800000 -0.3752166418 -0.9269371455 0.0000000000 17.6750230000 0.0000000000 0.0000000000 1.0000000000 -0.7146900000
1772700934.1749370098 -0.9668164561 0.2554719948 0.0000000000 -40.0136840000 -0.2554719948 -0.9668164561 0.0000000000 17.7495830000 0.0000000000 0.0000000000 1.0000000000 -0.7137110000
1772700934.2749209404 -0.9981253326 0.0612031087 0.0000000000 -39.9655970000 -0.0612031087 -0.9981253326 0.0000000000 17.8227750000 0.0000000000 0.0000000000 1.0000000000 -0.7177200000
1772700934.3749597073 -0.4583515065 -0.8887710034 0.0000000000 -39.9180160000 0.8887710034 -0.4583515065 0.0000000000 17.8929910000 0.0000000000 0.0000000000 1.0000000000 -0.7261330000
1772700934.4749586582 0.3904176165 -0.9206378684 0.0000000000 -39.8714050000 0.9206378684 0.3904176165 0.0000000000 17.9712010000 0.0000000000 0.0000000000 1.0000000000 -0.7159400000
1772700934.5749812126 0.2829988860 -0.9591202378 0.0000000000 -39.8215300000 0.9591202378 0.2829988860 0.0000000000 18.0467150000 0.0000000000 0.0000000000 1.0000000000 -0.7234150000
1772700934.6749742031 0.5257293400 -0.8506519036 0.0000000000 -39.7712330000 0.8506519036 0.5257293400 0.0000000000 18.1202830000 0.0000000000 0.0000000000 1.0000000000 -0.7225820000
1772700934.7749590874 0.6066589850 -0.7949621852 0.0000000000 -39.7223660000 0.7949621852 0.6066589850 0.0000000000 18.1881480000 0.0000000000 0.0000000000 1.0000000000 -0.7394510000
1772700934.8749899864 0.7031686423 -0.7110231082 0.0000000000 -39.6739720000 0.7110231082 0.7031686423 0.0000000000 18.2604230000 0.0000000000 0.0000000000 1.0000000000 -0.7404250000
1772700934.9750542641 0.7813251547 -0.6241241885 0.0000000000 -39.6280820000 0.6241241885 0.7813251547 0.0000000000 18.3183870000 0.0000000000 0.0000000000 1.0000000000 -0.7513470000
1772700935.0751123428 0.7604170699 -0.6494350467 0.0000000000 -39.5793940000 0.6494350467 0.7604170699 0.0000000000 18.3900980000 0.0000000000 0.0000000000 1.0000000000 -0.7520000000
1772700935.1751034260 0.7813735619 -0.6240635839 0.0000000000 -39.5279300000 0.6240635839 0.7813735619 0.0000000000 18.4600560000 0.0000000000 0.0000000000 1.0000000000 -0.7609330000
1772700935.2750670910 0.7730519040 -0.6343427731 0.0000000000 -39.4790720000 0.6343427731 0.7730519040 0.0000000000 18.5263270000 0.0000000000 0.0000000000 1.0000000000 -0.7721220000
1772700935.3749816418 0.7488560376 -0.6627327025 0.0000000000 -39.4330900000 0.6627327025 0.7488560376 0.0000000000 18.5957490000 0.0000000000 0.0000000000 1.0000000000 -0.7748310000
1772700935.4747841358 0.7347880075 -0.6782968259 0.0000000000 -39.3881000000 0.6782968259 0.7347880075 0.0000000000 18.6695560000 0.0000000000 0.0000000000 1.0000000000 -0.7748810000
1772700935.5746009350 0.7156682413 -0.6984403829 0.0000000000 -39.3427320000 0.6984403829 0.7156682413 0.0000000000 18.7428050000 0.0000000000 0.0000000000 1.0000000000 -0.7823330000
1772700935.6744506359 0.6799555049 -0.7332533746 0.0000000000 -39.2944280000 0.7332533746 0.6799555049 0.0000000000 18.8189840000 0.0000000000 0.0000000000 1.0000000000 -0.7772090000
1772700935.7743008137 0.7562336455 -0.6543016685 0.0000000000 -39.2404530000 0.6543016685 0.7562336455 0.0000000000 18.8887210000 0.0000000000 0.0000000000 1.0000000000 -0.7824570000
1772700935.8741924763 0.9183798419 0.3956999698 0.0000000000 -39.1901770000 -0.3956999698 0.9183798419 -0.0000000000 18.9558570000 -0.0000000000 0.0000000000 1.0000000000 -0.7873970000
1772700935.9741294384 -0.3365940148 0.9416498655 0.0000000000 -39.1431980000 -0.9416498655 -0.3365940148 -0.0000000000 19.0234850000 -0.0000000000 0.0000000000 1.0000000000 -0.7912000000
1772700936.0741143227 -0.6675250427 0.7445873471 0.0000000000 -39.0888190000 -0.7445873471 -0.6675250427 -0.0000000000 19.0952150000 -0.0000000000 0.0000000000 1.0000000000 -0.7950410000
1772700936.1740794182 -0.7919957790 0.6105265645 0.0000000000 -39.0310500000 -0.6105265645 -0.7919957790 -0.0000000000 19.1665630000 -0.0000000000 0.0000000000 1.0000000000 -0.8021270000
1772700936.2740950584 -0.9048866914 0.4256525294 0.0000000000 -38.9754550000 -0.4256525294 -0.9048866914 -0.0000000000 19.2390620000 -0.0000000000 0.0000000000 1.0000000000 -0.8003850000
1772700936.3741004467 -0.9800983948 0.1985123080 0.0000000000 -38.9168870000 -0.1985123080 -0.9800983948 -0.0000000000 19.3129130000 -0.0000000000 0.0000000000 1.0000000000 -0.8080250000
1772700936.4740502834 -0.9959062739 0.0903918890 0.0000000000 -38.8619960000 -0.0903918890 -0.9959062739 -0.0000000000 19.3859190000 -0.0000000000 0.0000000000 1.0000000000 -0.8076370000
1772700936.5741708279 -0.9999103327 0.0133912851 0.0000000000 -38.8085140000 -0.0133912851 -0.9999103327 -0.0000000000 19.4553440000 -0.0000000000 0.0000000000 1.0000000000 -0.8105090000
1772700936.6742165089 -0.9999025659 -0.0139591784 -0.0000000000 -38.7544340000 0.0139591784 -0.9999025659 0.0000000000 19.5214720000 0.0000000000 -0.0000000000 1.0000000000 -0.8141180000
1772700936.7743628025 -0.9999674132 0.0080729451 0.0000000000 -38.7031530000 -0.0080729451 -0.9999674132 -0.0000000000 19.5867990000 -0.0000000000 0.0000000000 1.0000000000 -0.8175370000
1772700936.8745739460 -0.9997999406 -0.0200019681 -0.0000000000 -38.6513130000 0.0200019681 -0.9997999406 0.0000000000 19.6464050000 0.0000000000 -0.0000000000 1.0000000000 -0.8349890000
1772700936.9748163223 -0.9472065706 -0.3206239427 -0.0000000000 -38.5987270000 0.3206239427 -0.9472065706 0.0000000000 19.7137230000 0.0000000000 -0.0000000000 1.0000000000 -0.8367810000
1772700937.0749502182 -0.9822112206 -0.1877794403 -0.0000000000 -38.5452260000 0.1877794403 -0.9822112206 0.0000000000 19.7867070000 0.0000000000 -0.0000000000 1.0000000000 -0.8326740000
1772700937.1750507355 -0.9575119814 -0.2883934907 -0.0000000000 -38.4947310000 0.2883934907 -0.9575119814 0.0000000000 19.8590060000 0.0000000000 -0.0000000000 1.0000000000 -0.8310070000
1772700937.2750699520 -0.9744079350 -0.2247869576 -0.0000000000 -38.4399600000 0.2247869576 -0.9744079350 0.0000000000 19.9245520000 0.0000000000 -0.0000000000 1.0000000000 -0.8378820000
1772700937.3750944138 -0.9689049971 -0.2474330346 -0.0000000000 -38.3855790000 0.2474330346 -0.9689049971 0.0000000000 19.9934790000 0.0000000000 -0.0000000000 1.0000000000 -0.8411580000
1772700937.3836586475 -0.9630365327 -0.2693708164 -0.0000000000 -38.3323040000 0.2693708164 -0.9630365327 0.0000000000 20.0643150000 0.0000000000 -0.0000000000 1.0000000000 -0.8461310000
1772700937.5749378204 -0.9726412550 -0.2323122662 -0.0000000000 -38.2788100000 0.2323122662 -0.9726412550 0.0000000000 20.1394150000 0.0000000000 -0.0000000000 1.0000000000 -0.8446920000
1772700937.6749014854 -0.9858568537 -0.1675895701 -0.0000000000 -38.2251200000 0.1675895701 -0.9858568537 0.0000000000 20.2085230000 0.0000000000 -0.0000000000 1.0000000000 -0.8447490000
1772700937.7749819756 -0.9325189430 -0.3611210614 -0.0000000000 -38.1716370000 0.3611210614 -0.9325189430 0.0000000000 20.2781450000 0.0000000000 -0.0000000000 1.0000000000 -0.8472200000
1772700937.8749265671 -0.8888082129 -0.4582793479 -0.0000000000 -38.1198480000 0.4582793479 -0.8888082129 0.0000000000 20.3481550000 0.0000000000 -0.0000000000 1.0000000000 -0.8476350000
1772700937.9750919342 -0.9047564740 -0.4259292463 -0.0000000000 -38.0671810000 0.4259292463 -0.9047564740 0.0000000000 20.4139090000 0.0000000000 -0.0000000000 1.0000000000 -0.8558190000
1772700938.0749754906 -0.8752999611 -0.4835803740 -0.0000000000 -38.0126190000 0.4835803740 -0.8752999611 0.0000000000 20.4774720000 0.0000000000 -0.0000000000 1.0000000000 -0.8656720000
1772700938.1749637127 -0.8632196931 -0.5048284476 -0.0000000000 -37.9594460000 0.5048284476 -0.8632196931 0.0000000000 20.5453140000 0.0000000000 -0.0000000000 1.0000000000 -0.8716670000
1772700938.2750031948 -0.8613317553 -0.5080429188 -0.0000000000 -37.9072600000 0.5080429188 -0.8613317553 0.0000000000 20.6129310000 0.0000000000 -0.0000000000 1.0000000000 -0.8733320000
1772700938.3749842644 -0.8579854832 -0.5136739342 -0.0000000000 -37.8539930000 0.5136739342 -0.8579854832 0.0000000000 20.6786860000 0.0000000000 -0.0000000000 1.0000000000 -0.8815590000
1772700938.3833906651 -0.8684224782 -0.4958249684 -0.0000000000 -37.7995090000 0.4958249684 -0.8684224782 0.0000000000 20.7456060000 0.0000000000 -0.0000000000 1.0000000000 -0.8837380000
1772700938.5748414993 -0.8926793516 -0.4506923289 -0.0000000000 -37.7446400000 0.4506923289 -0.8926793516 0.0000000000 20.8173540000 0.0000000000 -0.0000000000 1.0000000000 -0.8908260000
1772700938.6749289036 -0.9995141201 -0.0311692762 -0.0000000000 -37.6913400000 0.0311692762 -0.9995141201 0.0000000000 20.8930420000 0.0000000000 -0.0000000000 1.0000000000 -0.8872300000
1772700938.7750723362 -0.9941920318 0.1076206486 0.0000000000 -37.6389480000 -0.1076206486 -0.9941920318 -0.0000000000 20.9687450000 -0.0000000000 0.0000000000 1.0000000000 -0.8863780000
1772700938.8752491474 -0.9821645217 0.1880235419 0.0000000000 -37.5838590000 -0.1880235419 -0.9821645217 -0.0000000000 21.0456530000 -0.0000000000 0.0000000000 1.0000000000 -0.8864040000
1772700938.9753267765 -0.9672855974 0.2536899151 0.0000000000 -37.5299920000 -0.2536899151 -0.9672855974 -0.0000000000 21.1175060000 -0.0000000000 0.0000000000 1.0000000000 -0.8943900000
1772700939.0753531456 -0.9480146482 0.3182266908 0.0000000000 -37.4752090000 -0.3182266908 -0.9480146482 -0.0000000000 21.1891270000 -0.0000000000 0.0000000000 1.0000000000 -0.8965760000
1772700939.1753396988 -0.9420951771 0.3353456087 0.0000000000 -37.4194400000 -0.3353456087 -0.9420951771 -0.0000000000 21.2574780000 -0.0000000000 0.0000000000 1.0000000000 -0.9041500000
1772700939.2751865387 -0.6224562611 0.7826545873 0.0000000000 -37.3637400000 -0.7826545873 -0.6224562611 -0.0000000000 21.3270660000 -0.0000000000 0.0000000000 1.0000000000 -0.9005800000
1772700939.3750679493 -0.6671607002 0.7449138206 0.0000000000 -37.3080610000 -0.7449138206 -0.6671607002 -0.0000000000 21.3984950000 -0.0000000000 0.0000000000 1.0000000000 -0.9043200000
1772700939.4748699665 -0.5530259901 0.8331640020 0.0000000000 -37.2556880000 -0.8331640020 -0.5530259901 -0.0000000000 21.4660370000 -0.0000000000 0.0000000000 1.0000000000 -0.9104680000
1772700939.5747511387 -0.4765448917 0.8791501386 0.0000000000 -37.2129360000 -0.8791501386 -0.4765448917 -0.0000000000 21.5332380000 -0.0000000000 0.0000000000 1.0000000000 -0.9148480000
1772700939.6746711731 -0.3983078514 0.9172517951 0.0000000000 -37.1643190000 -0.9172517951 -0.3983078514 -0.0000000000 21.6021170000 -0.0000000000 0.0000000000 1.0000000000 -0.9201180000
1772700939.7746076584 -0.3528081856 0.9356956686 0.0000000000 -37.1105010000 -0.9356956686 -0.3528081856 -0.0000000000 21.6763830000 -0.0000000000 0.0000000000 1.0000000000 -0.9219120000
1772700939.8746249676 -0.3458492136 0.9382901052 0.0000000000 -37.0588830000 -0.9382901052 -0.3458492136 -0.0000000000 21.7470550000 -0.0000000000 0.0000000000 1.0000000000 -0.9252290000
1772700939.9746425152 -0.3367744583 0.9415853462 0.0000000000 -37.0074510000 -0.9415853462 -0.3367744583 -0.0000000000 21.8162990000 -0.0000000000 0.0000000000 1.0000000000 -0.9233340000
1772700940.0747272968 -0.3144442185 0.9492759522 0.0000000000 -36.9553270000 -0.9492759522 -0.3144442185 -0.0000000000 21.8876570000 -0.0000000000 0.0000000000 1.0000000000 -0.9238190000
1772700940.1748192310 -0.2700377222 0.9628497435 0.0000000000 -36.9021100000 -0.9628497435 -0.2700377222 -0.0000000000 21.9614260000 -0.0000000000 0.0000000000 1.0000000000 -0.9263340000
1772700940.2748770714 -0.1496713577 0.9887358012 0.0000000000 -36.8483940000 -0.9887358012 -0.1496713577 -0.0000000000 22.0373950000 -0.0000000000 0.0000000000 1.0000000000 -0.9285590000
1772700940.2836997509 0.3555367329 0.9346623088 0.0000000000 -36.7941880000 -0.9346623088 0.3555367329 -0.0000000000 22.1079980000 -0.0000000000 0.0000000000 1.0000000000 -0.9373820000
1772700940.4751257896 0.2086766670 0.9779846873 0.0000000000 -36.7434700000 -0.9779846873 0.2086766670 -0.0000000000 22.1808640000 -0.0000000000 0.0000000000 1.0000000000 -0.9397160000
1772700940.5750918388 0.3393259822 0.9406688460 0.0000000000 -36.6901540000 -0.9406688460 0.3393259822 -0.0000000000 22.2522420000 -0.0000000000 0.0000000000 1.0000000000 -0.9439140000
1772700940.6750440598 0.3199684336 0.9474282039 0.0000000000 -36.6360460000 -0.9474282039 0.3199684336 -0.0000000000 22.3224440000 -0.0000000000 0.0000000000 1.0000000000 -0.9524900000
1772700940.7749781609 0.3738903471 0.9274729152 0.0000000000 -36.5844360000 -0.9274729152 0.3738903471 -0.0000000000 22.3913390000 -0.0000000000 0.0000000000 1.0000000000 -0.9602670000
1772700940.8747684956 0.4284058014 0.9035864482 0.0000000000 -36.5350140000 -0.9035864482 0.4284058014 -0.0000000000 22.4625000000 -0.0000000000 0.0000000000 1.0000000000 -0.9620170000
1772700940.9746840000 0.4733584897 0.8808698770 0.0000000000 -36.4864900000 -0.8808698770 0.4733584897 -0.0000000000 22.5300630000 -0.0000000000 0.0000000000 1.0000000000 -0.9643230000
1772700941.0747108459 0.5216833263 0.8531392073 0.0000000000 -36.4375720000 -0.8531392073 0.5216833263 -0.0000000000 22.5966420000 -0.0000000000 0.0000000000 1.0000000000 -0.9695360000
1772700941.1747198105 0.5497204643 0.8353486764 0.0000000000 -36.3873460000 -0.8353486764 0.5497204643 -0.0000000000 22.6639050000 -0.0000000000 0.0000000000 1.0000000000 -0.9712980000
1772700941.2747809887 0.5606383435 0.8280607755 0.0000000000 -36.3367280000 -0.8280607755 0.5606383435 -0.0000000000 22.7295890000 -0.0000000000 0.0000000000 1.0000000000 -0.9773000000
1772700941.3748207092 0.5595367014 0.8288055742 0.0000000000 -36.2850030000 -0.8288055742 0.5595367014 -0.0000000000 22.7990490000 -0.0000000000 0.0000000000 1.0000000000 -0.9782940000
1772700941.4748847485 0.5522275913 0.8336934013 0.0000000000 -36.2324860000 -0.8336934013 0.5522275913 -0.0000000000 22.8707230000 -0.0000000000 0.0000000000 1.0000000000 -0.9817680000
1772700941.5748984814 0.5919545673 0.8059713334 0.0000000000 -36.1792600000 -0.8059713334 0.5919545673 -0.0000000000 22.9473630000 -0.0000000000 0.0000000000 1.0000000000 -0.9787280000
1772700941.6748206615 0.6147280920 0.7887391032 0.0000000000 -36.1289700000 -0.7887391032 0.6147280920 -0.0000000000 23.0193970000 -0.0000000000 0.0000000000 1.0000000000 -0.9941060000
1772700941.7747697830 0.6036500548 0.7972494035 0.0000000000 -36.0771460000 -0.7972494035 0.6036500548 -0.0000000000 23.0945460000 -0.0000000000 0.0000000000 1.0000000000 -0.9930600000
1772700941.8746821880 0.6143339413 0.7890461385 0.0000000000 -36.0250410000 -0.7890461385 0.6143339413 -0.0000000000 23.1679430000 -0.0000000000 0.0000000000 1.0000000000 -1.0010350000
1772700941.9746408463 0.6445669357 0.7645478830 0.0000000000 -35.9728270000 -0.7645478830 0.6445669357 -0.0000000000 23.2412210000 -0.0000000000 0.0000000000 1.0000000000 -1.0054900000
1772700942.0745747089 0.6631124373 0.7485198030 0.0000000000 -35.9217080000 -0.7485198030 0.6631124373 -0.0000000000 23.3153830000 -0.0000000000 0.0000000000 1.0000000000 -1.0069280000
1772700942.1744453907 0.6716766101 0.7408444719 0.0000000000 -35.8714980000 -0.7408444719 0.6716766101 -0.0000000000 23.3890640000 -0.0000000000 0.0000000000 1.0000000000 -1.0124470000
1772700942.2743198872 0.7014963463 0.7126730500 0.0000000000 -35.8185900000 -0.7126730500 0.7014963463 -0.0000000000 23.4598620000 -0.0000000000 0.0000000000 1.0000000000 -1.0204270000
1772700942.3742218018 0.7140674308 0.7000769274 0.0000000000 -35.7649710000 -0.7000769274 0.7140674308 -0.0000000000 23.5348250000 -0.0000000000 0.0000000000 1.0000000000 -1.0217260000
1772700942.4741318226 0.7511372062 0.6601461183 0.0000000000 -35.7117680000 -0.6601461183 0.7511372062 -0.0000000000 23.6105220000 -0.0000000000 0.0000000000 1.0000000000 -1.0295410000
1772700942.5740609169 0.7612744061 0.6484298563 0.0000000000 -35.6607470000 -0.6484298563 0.7612744061 -0.0000000000 23.6826840000 -0.0000000000 0.0000000000 1.0000000000 -1.0309300000
1772700942.6740286350 0.7792105187 0.6267622895 0.0000000000 -35.6125270000 -0.6267622895 0.7792105187 -0.0000000000 23.7478630000 -0.0000000000 0.0000000000 1.0000000000 -1.0363280000
1772700942.7739572525 0.7437411506 0.6684677262 0.0000000000 -35.5651100000 -0.6684677262 0.7437411506 -0.0000000000 23.8148420000 -0.0000000000 0.0000000000 1.0000000000 -1.0419860000
1772700942.8739383221 0.7754281579 0.6314358019 0.0000000000 -35.5172940000 -0.6314358019 0.7754281579 -0.0000000000 23.8882090000 -0.0000000000 0.0000000000 1.0000000000 -1.0451310000
1772700942.9738729000 0.7626126903 0.6468553816 0.0000000000 -35.4691860000 -0.6468553816 0.7626126903 -0.0000000000 23.9585040000 -0.0000000000 0.0000000000 1.0000000000 -1.0534530000
1772700943.0739877224 0.7899180889 0.6132123717 0.0000000000 -35.4215630000 -0.6132123717 0.7899180889 -0.0000000000 24.0280640000 -0.0000000000 0.0000000000 1.0000000000 -1.0553770000
1772700943.1738016605 0.7764209934 0.6302145991 0.0000000000 -35.3705700000 -0.6302145991 0.7764209934 -0.0000000000 24.0986950000 -0.0000000000 0.0000000000 1.0000000000 -1.0701430000
1772700943.2738120556 0.8036148964 0.5951496435 0.0000000000 -35.3198530000 -0.5951496435 0.8036148964 -0.0000000000 24.1706650000 -0.0000000000 0.0000000000 1.0000000000 -1.0733520000
1772700943.3738396168 0.8370822769 0.5470770162 0.0000000000 -35.2684380000 -0.5470770162 0.8370822769 -0.0000000000 24.2422450000 -0.0000000000 0.0000000000 1.0000000000 -1.0781150000
1772700943.4739155769 0.8559180903 0.5171114220 0.0000000000 -35.2157080000 -0.5171114220 0.8559180903 -0.0000000000 24.3159830000 -0.0000000000 0.0000000000 1.0000000000 -1.0747690000
1772700943.5739729404 0.8544469289 0.5195386855 0.0000000000 -35.1645010000 -0.5195386855 0.8544469289 -0.0000000000 24.3860810000 -0.0000000000 0.0000000000 1.0000000000 -1.0832080000
1772700943.6739668846 0.8690620957 0.4947030158 0.0000000000 -35.1155790000 -0.4947030158 0.8690620957 -0.0000000000 24.4532510000 -0.0000000000 0.0000000000 1.0000000000 -1.0868180000
1772700943.7739973068 0.8667269697 0.4987828787 0.0000000000 -35.0669530000 -0.4987828787 0.8667269697 -0.0000000000 24.5200120000 -0.0000000000 0.0000000000 1.0000000000 -1.0886390000
1772700943.8740048409 0.8857653075 0.4641334076 0.0000000000 -35.0158310000 -0.4641334076 0.8857653075 -0.0000000000 24.5901780000 -0.0000000000 0.0000000000 1.0000000000 -1.0908180000
1772700943.9740049839 0.9282388310 0.3719847748 0.0000000000 -34.9675200000 -0.3719847748 0.9282388310 -0.0000000000 24.6593670000 -0.0000000000 0.0000000000 1.0000000000 -1.0980660000
1772700944.0739843845 0.9958952918 -0.0905128040 0.0000000000 -34.9178010000 0.0905128040 0.9958952918 0.0000000000 24.7291370000 0.0000000000 0.0000000000 1.0000000000 -1.1015740000
1772700944.1739461422 0.9990103783 0.0444776794 0.0000000000 -34.8684870000 -0.0444776794 0.9990103783 -0.0000000000 24.8122640000 -0.0000000000 0.0000000000 1.0000000000 -1.0926280000
1772700944.2739343643 0.9911182428 -0.1329835656 0.0000000000 -34.8216690000 0.1329835656 0.9911182428 0.0000000000 24.8880470000 0.0000000000 0.0000000000 1.0000000000 -1.0985450000
1772700944.3739004135 0.9720808546 -0.2346461422 0.0000000000 -34.7728570000 0.2346461422 0.9720808546 0.0000000000 24.9623510000 0.0000000000 0.0000000000 1.0000000000 -1.1072180000
1772700944.4738988876 0.9599035489 -0.2803304777 0.0000000000 -34.7239360000 0.2803304777 0.9599035489 0.0000000000 25.0262580000 0.0000000000 0.0000000000 1.0000000000 -1.1162540000
1772700944.5738611221 0.9676776597 -0.2521902990 0.0000000000 -34.6746000000 0.2521902990 0.9676776597 0.0000000000 25.0953120000 0.0000000000 0.0000000000 1.0000000000 -1.1178350000
1772700944.6739666462 0.9512284301 -0.3084873963 0.0000000000 -34.6249640000 0.3084873963 0.9512284301 0.0000000000 25.1699540000 0.0000000000 0.0000000000 1.0000000000 -1.1175270000
1772700944.7740581036 0.9588701565 -0.2838450687 0.0000000000 -34.5761330000 0.2838450687 0.9588701565 0.0000000000 25.2420150000 0.0000000000 0.0000000000 1.0000000000 -1.1200560000
1772700944.8741817474 0.9600426631 -0.2798536849 0.0000000000 -34.5281050000 0.2798536849 0.9600426631 0.0000000000 25.3156780000 0.0000000000 0.0000000000 1.0000000000 -1.1230410000
1772700944.9742829800 0.9542071796 -0.2991465501 0.0000000000 -34.4795760000 0.2991465501 0.9542071796 0.0000000000 25.3933310000 0.0000000000 0.0000000000 1.0000000000 -1.1244690000
1772700945.0743124485 0.9415722043 -0.3368111995 0.0000000000 -34.4287500000 0.3368111995 0.9415722043 0.0000000000 25.4718910000 0.0000000000 0.0000000000 1.0000000000 -1.1265970000
1772700945.1743662357 0.9252783928 -0.3792886709 0.0000000000 -34.3767230000 0.3792886709 0.9252783928 0.0000000000 25.5484560000 0.0000000000 0.0000000000 1.0000000000 -1.1292830000
1772700945.2743306160 0.9987677186 -0.0496290673 0.0000000000 -34.3236080000 0.0496290673 0.9987677186 0.0000000000 25.6206620000 0.0000000000 0.0000000000 1.0000000000 -1.1376620000
1772700945.3743762970 0.8344468903 0.5510883662 0.0000000000 -34.2717700000 -0.5510883662 0.8344468903 -0.0000000000 25.6975940000 -0.0000000000 0.0000000000 1.0000000000 -1.1357550000
1772700945.4744217396 0.9168284823 0.3992812717 0.0000000000 -34.2175550000 -0.3992812717 0.9168284823 -0.0000000000 25.7714970000 -0.0000000000 0.0000000000 1.0000000000 -1.1436450000
1772700945.5744521618 0.8578260327 0.5139401693 0.0000000000 -34.1686200000 -0.5139401693 0.8578260327 -0.0000000000 25.8410520000 -0.0000000000 0.0000000000 1.0000000000 -1.1452710000
1772700945.5883946419 0.8760734776 0.4821776247 0.0000000000 -34.1171020000 -0.4821776247 0.8760734776 -0.0000000000 25.9078600000 -0.0000000000 0.0000000000 1.0000000000 -1.1542740000
1772700945.7744183540 0.7561829457 0.6543602621 0.0000000000 -34.0642780000 -0.6543602621 0.7561829457 -0.0000000000 25.9761500000 -0.0000000000 0.0000000000 1.0000000000 -1.1603900000
1772700945.8742761612 0.2007637196 0.9796396934 0.0000000000 -34.0128420000 -0.9796396934 0.2007637196 -0.0000000000 26.0476020000 -0.0000000000 0.0000000000 1.0000000000 -1.1613900000
1772700945.9741420746 0.3553693649 0.9347259569 0.0000000000 -33.9585190000 -0.9347259569 0.3553693649 -0.0000000000 26.1158960000 -0.0000000000 0.0000000000 1.0000000000 -1.1679400000
1772700946.0740664005 0.1640255845 0.9864560850 0.0000000000 -33.9030000000 -0.9864560850 0.1640255845 -0.0000000000 26.1826050000 -0.0000000000 0.0000000000 1.0000000000 -1.1765850000
1772700946.1740763187 0.1451883366 0.9894040362 0.0000000000 -33.8488630000 -0.9894040362 0.1451883366 -0.0000000000 26.2495660000 -0.0000000000 0.0000000000 1.0000000000 -1.1785740000
1772700946.2741093636 0.1015315131 0.9948323235 0.0000000000 -33.7978250000 -0.9948323235 0.1015315131 -0.0000000000 26.3208110000 -0.0000000000 0.0000000000 1.0000000000 -1.1785140000
1772700946.3741142750 0.1440327162 0.9895729264 0.0000000000 -33.7488870000 -0.9895729264 0.1440327162 -0.0000000000 26.3911590000 -0.0000000000 0.0000000000 1.0000000000 -1.1791840000
1772700946.4741582870 0.1499118004 0.9886993740 0.0000000000 -33.6999620000 -0.9886993740 0.1499118004 -0.0000000000 26.4601420000 -0.0000000000 0.0000000000 1.0000000000 -1.1848450000
1772700946.5744011402 0.1734453856 0.9848434892 0.0000000000 -33.6502460000 -0.9848434892 0.1734453856 -0.0000000000 26.5264530000 -0.0000000000 0.0000000000 1.0000000000 -1.1944160000
1772700946.6742875576 0.2087774135 0.9779631852 0.0000000000 -33.5990990000 -0.9779631852 0.2087774135 -0.0000000000 26.6006710000 -0.0000000000 0.0000000000 1.0000000000 -1.1906260000
1772700946.7743060589 0.2579024551 0.9661709598 0.0000000000 -33.5481680000 -0.9661709598 0.2579024551 -0.0000000000 26.6795170000 -0.0000000000 0.0000000000 1.0000000000 -1.1908020000
1772700946.8743131161 0.2427581344 0.9700868457 0.0000000000 -33.4950560000 -0.9700868457 0.2427581344 -0.0000000000 26.7589140000 -0.0000000000 0.0000000000 1.0000000000 -1.1978510000
1772700946.9743185043 0.3063033817 0.9519339464 0.0000000000 -33.4430380000 -0.9519339464 0.3063033817 -0.0000000000 26.8361000000 -0.0000000000 0.0000000000 1.0000000000 -1.2036330000
1772700947.0741868019 0.5063121344 0.8623502900 0.0000000000 -33.3915210000 -0.8623502900 0.5063121344 -0.0000000000 26.9083970000 -0.0000000000 0.0000000000 1.0000000000 -1.2108770000
1772700947.1742241383 0.4044426774 0.9145633498 0.0000000000 -33.3395920000 -0.9145633498 0.4044426774 -0.0000000000 26.9783720000 -0.0000000000 0.0000000000 1.0000000000 -1.2150480000
1772700947.2742166519 0.4889326199 0.8723215538 0.0000000000 -33.2853610000 -0.8723215538 0.4889326199 -0.0000000000 27.0481400000 -0.0000000000 0.0000000000 1.0000000000 -1.2180080000
1772700947.3741815090 0.5283150598 0.8490484071 0.0000000000 -33.2315370000 -0.8490484071 0.5283150598 -0.0000000000 27.1204240000 -0.0000000000 0.0000000000 1.0000000000 -1.2231880000
1772700947.4742155075 0.5917986586 0.8060858190 0.0000000000 -33.1760150000 -0.8060858190 0.5917986586 -0.0000000000 27.1943080000 -0.0000000000 0.0000000000 1.0000000000 -1.2282030000
1772700947.5741810799 0.5919303014 0.8059891552 0.0000000000 -33.1236850000 -0.8059891552 0.5919303014 -0.0000000000 27.2678690000 -0.0000000000 0.0000000000 1.0000000000 -1.2304200000
1772700947.6740665436 0.6117832175 0.7910254704 0.0000000000 -33.0733550000 -0.7910254704 0.6117832175 -0.0000000000 27.3363420000 -0.0000000000 0.0000000000 1.0000000000 -1.2344080000
1772700947.7739849091 0.6616450165 0.7498172258 0.0000000000 -33.0233350000 -0.7498172258 0.6616450165 -0.0000000000 27.4006490000 -0.0000000000 0.0000000000 1.0000000000 -1.2434340000
1772700947.8739244938 0.7063659846 0.7078468024 0.0000000000 -32.9756970000 -0.7078468024 0.7063659846 -0.0000000000 27.4665050000 -0.0000000000 0.0000000000 1.0000000000 -1.2454030000
1772700947.9739880562 0.7276607761 0.6859371654 0.0000000000 -32.9303770000 -0.6859371654 0.7276607761 -0.0000000000 27.5310070000 -0.0000000000 0.0000000000 1.0000000000 -1.2542350000
1772700948.0740537643 0.7500758860 0.6613517712 0.0000000000 -32.8839510000 -0.6613517712 0.7500758860 -0.0000000000 27.6031780000 -0.0000000000 0.0000000000 1.0000000000 -1.2585960000
1772700948.1740295887 0.7554518181 0.6552042052 0.0000000000 -32.8361220000 -0.6552042052 0.7554518181 -0.0000000000 27.6743460000 -0.0000000000 0.0000000000 1.0000000000 -1.2621380000
1772700948.2740495205 0.7193756467 0.6946212486 0.0000000000 -32.7865970000 -0.6946212486 0.7193756467 -0.0000000000 27.7423310000 -0.0000000000 0.0000000000 1.0000000000 -1.2680970000
1772700948.3741281033 0.7138641877 0.7002841720 0.0000000000 -32.7352760000 -0.7002841720 0.7138641877 -0.0000000000 27.8098290000 -0.0000000000 0.0000000000 1.0000000000 -1.2756450000
1772700948.4741826057 0.7613698699 0.6483177626 0.0000000000 -32.6853520000 -0.6483177626 0.7613698699 -0.0000000000 27.8764190000 -0.0000000000 0.0000000000 1.0000000000 -1.2821550000
1772700948.5742802620 0.7736526303 0.6336099807 0.0000000000 -32.6365200000 -0.6336099807 0.7736526303 -0.0000000000 27.9426900000 -0.0000000000 0.0000000000 1.0000000000 -1.2862440000
1772700948.6742506027 0.7425179690 0.6698261459 0.0000000000 -32.5875960000 -0.6698261459 0.7425179690 -0.0000000000 28.0115750000 -0.0000000000 0.0000000000 1.0000000000 -1.2921950000
1772700948.7742815018 0.7699142873 0.6381473108 0.0000000000 -32.5343090000 -0.6381473108 0.7699142873 -0.0000000000 28.0678520000 -0.0000000000 0.0000000000 1.0000000000 -1.2785780000
1772700948.8742506504 0.8013514675 0.5981938027 0.0000000000 -32.4856880000 -0.5981938027 0.8013514675 -0.0000000000 28.1477090000 -0.0000000000 0.0000000000 1.0000000000 -1.2834490000
1772700948.9742820263 0.8186137418 0.5743444452 0.0000000000 -32.4339650000 -0.5743444452 0.8186137418 -0.0000000000 28.2283660000 -0.0000000000 0.0000000000 1.0000000000 -1.2873270000
1772700949.0742287636 0.9467542684 0.3219570706 0.0000000000 -32.3789430000 -0.3219570706 0.9467542684 -0.0000000000 28.3083270000 -0.0000000000 0.0000000000 1.0000000000 -1.2917980000
1772700949.1742894650 0.9250179483 0.3799234072 0.0000000000 -32.3242260000 -0.3799234072 0.9250179483 -0.0000000000 28.3859950000 -0.0000000000 0.0000000000 1.0000000000 -1.2982560000
1772700949.2742617130 0.9541129985 0.2994468003 0.0000000000 -32.2693030000 -0.2994468003 0.9541129985 -0.0000000000 28.4622590000 -0.0000000000 0.0000000000 1.0000000000 -1.3033610000
1772700949.3742265701 0.9374059338 0.3482385896 0.0000000000 -32.2163850000 -0.3482385896 0.9374059338 -0.0000000000 28.5338310000 -0.0000000000 0.0000000000 1.0000000000 -1.3112470000
1772700949.4741768837 0.9625488456 0.2711083174 0.0000000000 -32.1652520000 -0.2711083174 0.9625488456 -0.0000000000 28.6017870000 -0.0000000000 0.0000000000 1.0000000000 -1.3151910000
1772700949.5741114616 0.9929202322 0.1187830478 0.0000000000 -32.1167130000 -0.1187830478 0.9929202322 -0.0000000000 28.6643400000 -0.0000000000 0.0000000000 1.0000000000 -1.3187470000
1772700949.6740601063 0.8794759082 -0.4759434073 0.0000000000 -32.0669780000 0.4759434073 0.8794759082 0.0000000000 28.7229020000 0.0000000000 0.0000000000 1.0000000000 -1.3245830000
1772700949.7739830017 0.7652051675 -0.6437864954 0.0000000000 -32.0179880000 0.6437864954 0.7652051675 0.0000000000 28.7769210000 0.0000000000 0.0000000000 1.0000000000 -1.3455930000
1772700949.8739743233 0.9848956895 0.1731487244 0.0000000000 -31.9752820000 -0.1731487244 0.9848956895 -0.0000000000 28.8533950000 -0.0000000000 0.0000000000 1.0000000000 -1.3560080000
1772700949.9739632607 0.3949475702 -0.9187036610 0.0000000000 -31.9424520000 0.9187036610 0.3949475702 0.0000000000 28.9409220000 0.0000000000 0.0000000000 1.0000000000 -1.3559390000
1772700950.0739517212 -0.9281277672 0.3722618001 0.0000000000 -31.9116190000 -0.3722618001 -0.9281277672 0.0000000000 29.0320400000 0.0000000000 0.0000000000 1.0000000000 -1.3540710000
1772700950.1739654541 0.9981715557 0.0604445639 0.0000000000 -31.8672560000 -0.0604445639 0.9981715557 0.0000000000 29.1168580000 0.0000000000 0.0000000000 1.0000000000 -1.3758490000
1772700950.2739665508 0.2775735281 -0.9607043960 -0.0000000000 -31.8117060000 0.9607043960 0.2775735281 0.0000000000 29.1664340000 0.0000000000 -0.0000000000 1.0000000000 -1.4104980000
1772700950.3739593029 -0.6465579209 -0.7628648995 -0.0000000000 -31.7704670000 0.7628648995 -0.6465579209 0.0000000000 29.2547770000 0.0000000000 -0.0000000000 1.0000000000 -1.4390830000
1772700950.4739272594 -0.9648950291 0.2626358368 0.0000000000 -31.7633260000 -0.2626358368 -0.9648950291 -0.0000000000 29.3093810000 -0.0000000000 0.0000000000 1.0000000000 -1.4122880000
1772700950.5738835335 -0.9746360731 0.2237957215 0.0000000000 -31.7476560000 -0.2237957215 -0.9746360731 -0.0000000000 29.3601600000 -0.0000000000 0.0000000000 1.0000000000 -1.3772940000
1772700950.6737611294 -0.9823082589 0.1872711522 0.0000000000 -31.7328420000 -0.1872711522 -0.9823082589 -0.0000000000 29.4006170000 -0.0000000000 0.0000000000 1.0000000000 -1.3627970000
1772700950.7736597061 -0.9386081697 0.3449850775 0.0000000000 -31.7208950000 -0.3449850775 -0.9386081697 -0.0000000000 29.4355100000 -0.0000000000 0.0000000000 1.0000000000 -1.3594180000
1772700950.8735361099 -0.9484802338 0.3168363080 0.0000000000 -31.7053900000 -0.3168363080 -0.9484802338 -0.0000000000 29.4543190000 -0.0000000000 0.0000000000 1.0000000000 -1.3816320000
1772700950.9734938145 -0.9238218051 0.3828227690 0.0000000000 -31.7029900000 -0.3828227690 -0.9238218051 -0.0000000000 29.4673300000 -0.0000000000 0.0000000000 1.0000000000 -1.3837070000
1772700951.0735006332 -0.9171432920 0.3985576268 0.0000000000 -31.6992910000 -0.3985576268 -0.9171432920 -0.0000000000 29.4747150000 -0.0000000000 0.0000000000 1.0000000000 -1.3806900000
1772700951.1734683514 -0.9265736052 0.3761134857 0.0000000000 -31.6978930000 -0.3761134857 -0.9265736052 -0.0000000000 29.4843810000 -0.0000000000 0.0000000000 1.0000000000 -1.3736720000
1772700951.2734699249 -0.8940968653 0.4478736378 0.0000000000 -31.6909940000 -0.4478736378 -0.8940968653 -0.0000000000 29.5050620000 -0.0000000000 0.0000000000 1.0000000000 -1.3697690000
1772700951.3735194206 -0.9796896657 -0.2005197219 -0.0000000000 -31.6726910000 0.2005197219 -0.9796896657 0.0000000000 29.5313440000 0.0000000000 -0.0000000000 1.0000000000 -1.3862960000
1772700951.4735543728 -0.9674951671 -0.2528895047 -0.0000000000 -31.6628860000 0.2528895047 -0.9674951671 0.0000000000 29.5593540000 0.0000000000 -0.0000000000 1.0000000000 -1.4087060000
1772700951.5736389160 -0.8980169644 -0.4399608297 -0.0000000000 -31.6640860000 0.4399608297 -0.8980169644 0.0000000000 29.5740600000 0.0000000000 -0.0000000000 1.0000000000 -1.4097540000
1772700951.6737039089 -0.7604162479 -0.6494360092 -0.0000000000 -31.6593850000 0.6494360092 -0.7604162479 0.0000000000 29.5913780000 0.0000000000 -0.0000000000 1.0000000000 -1.4133980000
1772700951.7737658024 -0.5853949502 -0.8107482669 -0.0000000000 -31.6518860000 0.8107482669 -0.5853949502 0.0000000000 29.6094680000 0.0000000000 -0.0000000000 1.0000000000 -1.4113270000
1772700951.8739008904 -0.5617610841 -0.8272995131 -0.0000000000 -31.6452880000 0.8272995131 -0.5617610841 0.0000000000 29.6241370000 0.0000000000 -0.0000000000 1.0000000000 -1.4048640000
1772700951.9739546776 -0.5594172317 -0.8288862171 -0.0000000000 -31.6428900000 0.8288862171 -0.5594172317 0.0000000000 29.6317010000 0.0000000000 -0.0000000000 1.0000000000 -1.3974860000
1772700952.0741066933 -0.5543615093 -0.8322759861 -0.0000000000 -31.6384930000 0.8322759861 -0.5543615093 0.0000000000 29.6390440000 0.0000000000 -0.0000000000 1.0000000000 -1.3859190000
1772700952.1741545200 -0.5319997733 -0.8467444958 -0.0000000000 -31.6235940000 0.8467444958 -0.5319997733 0.0000000000 29.6567390000 0.0000000000 -0.0000000000 1.0000000000 -1.3847480000
1772700952.2741231918 0.0348781117 -0.9993915736 -0.0000000000 -31.6023880000 0.9993915736 0.0348781117 0.0000000000 29.6741720000 0.0000000000 -0.0000000000 1.0000000000 -1.4118070000
1772700952.3739893436 0.5190376906 -0.8547513532 -0.0000000000 -31.6001870000 0.8547513532 0.5190376906 0.0000000000 29.6945940000 0.0000000000 -0.0000000000 1.0000000000 -1.4161170000
1772700952.4738757610 0.7155586809 -0.6985526280 -0.0000000000 -31.5957450000 0.6985526280 0.7155586809 0.0000000000 29.7253890000 0.0000000000 -0.0000000000 1.0000000000 -1.4208940000
1772700952.5737748146 0.8358350032 -0.5489807350 -0.0000000000 -31.5805590000 0.5489807350 0.8358350032 0.0000000000 29.7488880000 0.0000000000 -0.0000000000 1.0000000000 -1.4177530000
1772700952.6737322807 0.9439425076 -0.3301098944 -0.0000000000 -31.5630700000 0.3301098944 0.9439425076 0.0000000000 29.7800770000 0.0000000000 -0.0000000000 1.0000000000 -1.4124950000
1772700952.7738161087 0.9941535189 -0.1079758345 -0.0000000000 -31.5421490000 0.1079758345 0.9941535189 0.0000000000 29.8096520000 0.0000000000 -0.0000000000 1.0000000000 -1.4198570000
1772700952.8738827705 0.9870987089 0.1601128944 0.0000000000 -31.5290770000 -0.1601128944 0.9870987089 0.0000000000 29.8351630000 0.0000000000 0.0000000000 1.0000000000 -1.4189420000
1772700952.9740314484 0.9483085911 0.3173496746 0.0000000000 -31.5158740000 -0.3173496746 0.9483085911 0.0000000000 29.8611370000 0.0000000000 0.0000000000 1.0000000000 -1.4122940000
1772700953.0741853714 0.8754689960 0.4832742876 0.0000000000 -31.4925860000 -0.4832742876 0.8754689960 0.0000000000 29.8868620000 0.0000000000 0.0000000000 1.0000000000 -1.4268040000
1772700953.1743235588 0.8396235204 0.5431687987 0.0000000000 -31.4733520000 -0.5431687987 0.8396235204 0.0000000000 29.9167190000 0.0000000000 0.0000000000 1.0000000000 -1.4317750000
1772700953.2744638920 0.8343085079 0.5512978447 0.0000000000 -31.4542100000 -0.5512978447 0.8343085079 0.0000000000 29.9475660000 0.0000000000 0.0000000000 1.0000000000 -1.4351680000
1772700953.3742787838 0.8342363574 0.5514070185 0.0000000000 -31.4386720000 -0.5514070185 0.8342363574 0.0000000000 29.9762160000 0.0000000000 0.0000000000 1.0000000000 -1.4396160000
1772700953.4742162228 0.8237884723 0.5668973037 0.0000000000 -31.4270240000 -0.5668973037 0.8237884723 0.0000000000 30.0041500000 0.0000000000 0.0000000000 1.0000000000 -1.4425380000
1772700953.5741043091 0.7874095301 0.6164302328 0.0000000000 -31.4190650000 -0.6164302328 0.7874095301 0.0000000000 30.0306690000 0.0000000000 0.0000000000 1.0000000000 -1.4437680000
1772700953.6740136147 0.7703001867 0.6376814427 0.0000000000 -31.4089400000 -0.6376814427 0.7703001867 0.0000000000 30.0566320000 0.0000000000 0.0000000000 1.0000000000 -1.4513050000
1772700953.7739639282 0.7358145928 0.6771830513 0.0000000000 -31.3977270000 -0.6771830513 0.7358145928 0.0000000000 30.0823110000 0.0000000000 0.0000000000 1.0000000000 -1.4611790000
1772700953.8740386963 0.7210122794 0.6929222849 0.0000000000 -31.3849740000 -0.6929222849 0.7210122794 0.0000000000 30.1104400000 0.0000000000 0.0000000000 1.0000000000 -1.4631350000
1772700953.9741103649 0.7275453996 0.6860595393 0.0000000000 -31.3663270000 -0.6860595393 0.7275453996 0.0000000000 30.1611250000 0.0000000000 0.0000000000 1.0000000000 -1.4685890000
1772700954.0741181374 0.7189307730 0.6950816812 0.0000000000 -31.3481330000 -0.6950816812 0.7189307730 0.0000000000 30.1911770000 0.0000000000 0.0000000000 1.0000000000 -1.4862810000
1772700954.1741759777 0.7237445613 0.6900679749 0.0000000000 -31.3307860000 -0.6900679749 0.7237445613 0.0000000000 30.2239150000 0.0000000000 0.0000000000 1.0000000000 -1.4880100000
1772700954.2740476131 0.7639998398 0.6452164325 0.0000000000 -31.3126490000 -0.6452164325 0.7639998398 0.0000000000 30.2551780000 0.0000000000 0.0000000000 1.0000000000 -1.4932420000
1772700954.3741180897 0.8155947972 0.5786234759 0.0000000000 -31.2960070000 -0.5786234759 0.8155947972 0.0000000000 30.2777530000 0.0000000000 0.0000000000 1.0000000000 -1.5003610000
1772700954.4741170406 0.8092209918 0.5875043714 0.0000000000 -31.2774450000 -0.5875043714 0.8092209918 0.0000000000 30.3024850000 0.0000000000 0.0000000000 1.0000000000 -1.5010720000
1772700954.5742230415 0.8429172064 0.5380432912 0.0000000000 -31.2600030000 -0.5380432912 0.8429172064 0.0000000000 30.3240660000 0.0000000000 0.0000000000 1.0000000000 -1.5089310000
1772700954.6742253304 0.8754754085 0.4832626709 0.0000000000 -31.2448340000 -0.4832626709 0.8754754085 0.0000000000 30.3467840000 0.0000000000 0.0000000000 1.0000000000 -1.5083640000
1772700954.7742149830 0.8628053327 0.5055363071 0.0000000000 -31.2302690000 -0.5055363071 0.8628053327 0.0000000000 30.3686140000 0.0000000000 0.0000000000 1.0000000000 -1.5096500000
1772700954.8741905689 0.8716894522 0.4900586689 0.0000000000 -31.2133340000 -0.4900586689 0.8716894522 0.0000000000 30.3953910000 0.0000000000 0.0000000000 1.0000000000 -1.5170210000
1772700954.9741957188 0.8705324774 0.4921109690 0.0000000000 -31.1925790000 -0.4921109690 0.8705324774 0.0000000000 30.4316080000 0.0000000000 0.0000000000 1.0000000000 -1.5152270000
1772700955.0742425919 0.8160281171 0.5780122076 0.0000000000 -31.1701330000 -0.5780122076 0.8160281171 0.0000000000 30.4681450000 0.0000000000 0.0000000000 1.0000000000 -1.5159170000
1772700955.1743032932 0.8035991271 0.5951709359 0.0000000000 -31.1466160000 -0.5951709359 0.8035991271 0.0000000000 30.5030460000 0.0000000000 0.0000000000 1.0000000000 -1.5252940000
1772700955.2744724751 0.7860786973 0.6181264285 0.0000000000 -31.1246090000 -0.6181264285 0.7860786973 0.0000000000 30.5376640000 0.0000000000 0.0000000000 1.0000000000 -1.5374460000
1772700955.3745718002 0.7902611274 0.6127702266 0.0000000000 -31.0990940000 -0.6127702266 0.7902611274 0.0000000000 30.5719730000 0.0000000000 0.0000000000 1.0000000000 -1.5475340000
1772700955.4745070934 0.8166108848 0.5771885851 0.0000000000 -31.0724620000 -0.5771885851 0.8166108848 0.0000000000 30.6147240000 0.0000000000 0.0000000000 1.0000000000 -1.5493250000
1772700955.5743877888 0.8560259801 0.5169328016 0.0000000000 -31.0467610000 -0.5169328016 0.8560259801 0.0000000000 30.6626240000 0.0000000000 0.0000000000 1.0000000000 -1.5581060000
1772700955.6742172241 0.8325072796 0.5540141057 0.0000000000 -31.0161800000 -0.5540141057 0.8325072796 0.0000000000 30.7145590000 0.0000000000 0.0000000000 1.0000000000 -1.5707460000
1772700955.7740151882 0.8131042973 0.5821180307 0.0000000000 -30.9872930000 -0.5821180307 0.8131042973 0.0000000000 30.7757520000 0.0000000000 0.0000000000 1.0000000000 -1.5779340000
1772700955.8738813400 0.8508848617 0.5253522171 0.0000000000 -30.9547580000 -0.5253522171 0.8508848617 0.0000000000 30.8361560000 0.0000000000 0.0000000000 1.0000000000 -1.5998610000
1772700955.9738795757 0.8469330305 0.5316995785 0.0000000000 -30.9216200000 -0.5316995785 0.8469330305 0.0000000000 30.8998450000 0.0000000000 0.0000000000 1.0000000000 -1.6196170000
1772700955.9947617054 0.8720775297 0.4893677371 0.0000000000 -30.8890700000 -0.4893677371 0.8720775297 0.0000000000 30.9616160000 0.0000000000 0.0000000000 1.0000000000 -1.6369040000
1772700956.1739885807 0.8453935179 0.5341439880 0.0000000000 -30.8584020000 -0.5341439880 0.8453935179 0.0000000000 31.0075960000 0.0000000000 0.0000000000 1.0000000000 -1.6348660000
1772700956.2740490437 0.8457523279 0.5335756740 0.0000000000 -30.8238550000 -0.5335756740 0.8457523279 0.0000000000 31.0609240000 0.0000000000 0.0000000000 1.0000000000 -1.6442480000
1772700956.3741326332 0.4082032093 0.9128910888 0.0000000000 -30.7876240000 -0.9128910888 0.4082032093 0.0000000000 31.1183020000 0.0000000000 0.0000000000 1.0000000000 -1.6576680000
1772700956.4741599560 -0.2567901573 0.9664671826 0.0000000000 -30.7508900000 -0.9664671826 -0.2567901573 0.0000000000 31.1743710000 0.0000000000 0.0000000000 1.0000000000 -1.6703750000
1772700956.5742273331 -0.9496495912 0.3133139862 0.0000000000 -30.7146790000 -0.3133139862 -0.9496495912 0.0000000000 31.2238290000 0.0000000000 0.0000000000 1.0000000000 -1.6905500000
1772700956.6742587090 -0.2716851198 -0.9623861988 0.0000000000 -30.6782520000 0.9623861988 -0.2716851198 0.0000000000 31.2762270000 0.0000000000 0.0000000000 1.0000000000 -1.7057110000
1772700956.7743353844 0.9767369949 -0.2144407675 0.0000000000 -30.6427860000 0.2144407675 0.9767369949 0.0000000000 31.3328830000 0.0000000000 0.0000000000 1.0000000000 -1.7090560000
1772700956.8743200302 0.7463789557 0.6655211902 0.0000000000 -30.6024400000 -0.6655211902 0.7463789557 -0.0000000000 31.3842190000 -0.0000000000 0.0000000000 1.0000000000 -1.7188820000
1772700956.9742352962 0.3931092358 0.9194917774 0.0000000000 -30.5632930000 -0.9194917774 0.3931092358 -0.0000000000 31.4304570000 -0.0000000000 0.0000000000 1.0000000000 -1.7290050000
1772700957.0740685463 -0.1707308195 0.9853177088 0.0000000000 -30.5254430000 -0.9853177088 -0.1707308195 -0.0000000000 31.4760880000 -0.0000000000 0.0000000000 1.0000000000 -1.7385710000
1772700957.1739547253 -0.7049782566 0.7092289177 0.0000000000 -30.4871090000 -0.7092289177 -0.7049782566 -0.0000000000 31.5174760000 -0.0000000000 0.0000000000 1.0000000000 -1.7528600000
1772700957.2738869190 -0.9636690719 -0.2670990826 -0.0000000000 -30.4479460000 0.2670990826 -0.9636690719 0.0000000000 31.5568670000 0.0000000000 -0.0000000000 1.0000000000 -1.7590640000
1772700957.3737447262 0.0362132915 -0.9993440836 -0.0000000000 -30.4106510000 0.9993440836 0.0362132915 0.0000000000 31.6023390000 0.0000000000 -0.0000000000 1.0000000000 -1.7553990000
1772700957.4737408161 0.2869500005 -0.9579455607 -0.0000000000 -30.3677820000 0.9579455607 0.2869500005 0.0000000000 31.6418120000 0.0000000000 -0.0000000000 1.0000000000 -1.7600260000
1772700957.5738201141 0.5987736766 -0.8009182756 -0.0000000000 -30.3189150000 0.8009182756 0.5987736766 0.0000000000 31.6794950000 0.0000000000 -0.0000000000 1.0000000000 -1.7652850000
1772700957.6737957001 0.8559496067 -0.5170592527 -0.0000000000 -30.2724510000 0.5170592527 0.8559496067 0.0000000000 31.7194850000 0.0000000000 -0.0000000000 1.0000000000 -1.7712280000
1772700957.7737362385 0.8962286828 0.4435923220 0.0000000000 -30.2261020000 -0.4435923220 0.8962286828 0.0000000000 31.7586290000 0.0000000000 0.0000000000 1.0000000000 -1.7816410000
1772700957.8736691475 0.3519684514 0.9360118638 0.0000000000 -30.1853280000 -0.9360118638 0.3519684514 0.0000000000 31.8002810000 0.0000000000 0.0000000000 1.0000000000 -1.7845650000
1772700957.9736864567 0.3152522000 0.9490079296 0.0000000000 -30.1433470000 -0.9490079296 0.3152522000 0.0000000000 31.8414090000 0.0000000000 0.0000000000 1.0000000000 -1.7854080000
1772700958.0735938549 0.0973360741 0.9952515705 0.0000000000 -30.1090080000 -0.9952515705 0.0973360741 0.0000000000 31.8836540000 0.0000000000 0.0000000000 1.0000000000 -1.7990730000
1772700958.1735699177 -0.4426437764 0.8966975450 0.0000000000 -30.0655550000 -0.8966975450 -0.4426437764 0.0000000000 31.9296390000 0.0000000000 0.0000000000 1.0000000000 -1.8045290000
1772700958.2735459805 -0.9998826999 -0.0153162179 0.0000000000 -30.0224040000 0.0153162179 -0.9998826999 0.0000000000 31.9736620000 0.0000000000 0.0000000000 1.0000000000 -1.8147200000
1772700958.3735094070 0.0679273577 -0.9976902696 0.0000000000 -29.9784480000 0.9976902696 0.0679273577 0.0000000000 32.0143720000 0.0000000000 0.0000000000 1.0000000000 -1.8232480000
1772700958.4734804630 0.8292314132 0.5589054154 0.0000000000 -29.9327870000 -0.5589054154 0.8292314132 -0.0000000000 32.0510690000 -0.0000000000 0.0000000000 1.0000000000 -1.8298580000
1772700958.5735542774 -0.8647010467 0.5022868701 0.0000000000 -29.8834200000 -0.5022868701 -0.8647010467 -0.0000000000 32.0837420000 -0.0000000000 0.0000000000 1.0000000000 -1.8330330000
1772700958.6736052036 -0.4113798138 -0.9114640140 -0.0000000000 -29.8334480000 0.9114640140 -0.4113798138 0.0000000000 32.1095290000 0.0000000000 -0.0000000000 1.0000000000 -1.8380620000
1772700958.7737228870 0.9492983177 0.3143766913 0.0000000000 -29.7831750000 -0.3143766913 0.9492983177 0.0000000000 32.1325400000 0.0000000000 0.0000000000 1.0000000000 -1.8460130000
1772700958.8737645149 -0.9390878137 0.3436772878 0.0000000000 -29.7299010000 -0.3436772878 -0.9390878137 0.0000000000 32.1557340000 0.0000000000 0.0000000000 1.0000000000 -1.8513950000
1772700958.9737777710 0.5652756213 -0.8249020984 0.0000000000 -29.6724240000 0.8249020984 0.5652756213 0.0000000000 32.1796950000 0.0000000000 0.0000000000 1.0000000000 -1.8520830000
1772700959.0738265514 -0.1223169673 0.9924910879 0.0000000000 -29.6126510000 -0.9924910879 -0.1223169673 -0.0000000000 32.2035040000 -0.0000000000 0.0000000000 1.0000000000 -1.8586740000
1772700959.1737761497 -0.3329001042 -0.9429620993 -0.0000000000 -29.5521750000 0.9429620993 -0.3329001042 0.0000000000 32.2249110000 0.0000000000 -0.0000000000 1.0000000000 -1.8648550000
1772700959.2738165855 0.6904798790 0.7233515996 0.0000000000 -29.4885940000 -0.7233515996 0.6904798790 0.0000000000 32.2441760000 0.0000000000 0.0000000000 1.0000000000 -1.8654240000
1772700959.3738641739 -0.9421683760 -0.3351398982 0.0000000000 -29.4242130000 0.3351398982 -0.9421683760 0.0000000000 32.2617720000 0.0000000000 0.0000000000 1.0000000000 -1.8697370000
1772700959.4738919735 0.9926602108 -0.1209367851 0.0000000000 -29.3596320000 0.1209367851 0.9926602108 0.0000000000 32.2746160000 0.0000000000 0.0000000000 1.0000000000 -1.8801680000
1772700959.5739052296 -0.8695389500 0.4938643684 0.0000000000 -29.2952410000 -0.4938643684 -0.8695389500 -0.0000000000 32.2822960000 -0.0000000000 0.0000000000 1.0000000000 -1.8825390000
1772700959.6738531590 0.4509391964 -0.8925546712 -0.0000000000 -29.2328420000 0.8925546712 0.4509391964 0.0000000000 32.2859310000 0.0000000000 -0.0000000000 1.0000000000 -1.8795100000
1772700959.7738566399 0.2786880613 0.9603816765 0.0000000000 -29.1747450000 -0.9603816765 0.2786880613 0.0000000000 32.2834420000 0.0000000000 0.0000000000 1.0000000000 -1.8866280000
1772700959.8738696575 -0.9905453698 -0.1371855328 0.0000000000 -29.1154480000 0.1371855328 -0.9905453698 0.0000000000 32.2850170000 0.0000000000 0.0000000000 1.0000000000 -1.8890140000
1772700959.9739277363 -0.1524291343 -0.9883144029 0.0000000000 -29.0573530000 0.9883144029 -0.1524291343 0.0000000000 32.2901850000 0.0000000000 0.0000000000 1.0000000000 -1.8905300000
1772700960.0741133690 0.5400722485 -0.8416186586 0.0000000000 -28.9991600000 0.8416186586 0.5400722485 0.0000000000 32.2952640000 0.0000000000 0.0000000000 1.0000000000 -1.8935880000
1772700960.1744320393 0.9020901215 -0.4315476946 0.0000000000 -28.9429650000 0.4315476946 0.9020901215 0.0000000000 32.3004220000 0.0000000000 0.0000000000 1.0000000000 -1.8941540000
1772700960.2745897770 0.9898898671 -0.1418381158 0.0000000000 -28.8851690000 0.1418381158 0.9898898671 0.0000000000 32.3007150000 0.0000000000 0.0000000000 1.0000000000 -1.8990690000
1772700960.3745276928 0.9866548734 0.1628255530 0.0000000000 -28.8277720000 -0.1628255530 0.9866548734 -0.0000000000 32.3001110000 -0.0000000000 0.0000000000 1.0000000000 -1.9043510000
1772700960.4743618965 0.5657827157 0.8245543758 0.0000000000 -28.7670720000 -0.8245543758 0.5657827157 -0.0000000000 32.2988830000 -0.0000000000 0.0000000000 1.0000000000 -1.9061900000
1772700960.5742621422 -0.6691598450 0.7431184978 0.0000000000 -28.7059710000 -0.7431184978 -0.6691598450 -0.0000000000 32.2966570000 -0.0000000000 0.0000000000 1.0000000000 -1.9082270000
1772700960.6741042137 -0.6657956144 0.7461341701 0.0000000000 -28.6461660000 -0.7461341701 -0.6657956144 0.0000000000 32.2959680000 0.0000000000 0.0000000000 1.0000000000 -1.9023500000
1772700960.7740974426 -0.5397291306 -0.8418387408 0.0000000000 -28.5849620000 0.8418387408 -0.5397291306 0.0000000000 32.2918210000 0.0000000000 0.0000000000 1.0000000000 -1.9017830000
1772700960.8742270470 0.9430353221 0.3326926229 0.0000000000 -28.5216570000 -0.3326926229 0.9430353221 -0.0000000000 32.2780770000 -0.0000000000 0.0000000000 1.0000000000 -1.9139520000
1772700960.9740049839 -0.8217834970 0.5697998632 0.0000000000 -28.4557430000 -0.5697998632 -0.8217834970 -0.0000000000 32.2638370000 -0.0000000000 0.0000000000 1.0000000000 -1.9137870000
1772700961.0739333630 -0.0656017761 -0.9978458834 -0.0000000000 -28.3949710000 0.9978458834 -0.0656017761 0.0000000000 32.2416100000 0.0000000000 -0.0000000000 1.0000000000 -1.9479890000
1772700961.1738727093 0.9799970424 0.1990120519 0.0000000000 -28.3332630000 -0.1990120519 0.9799970424 0.0000000000 32.2256150000 0.0000000000 0.0000000000 1.0000000000 -1.9454960000
1772700961.2738022804 0.3978929290 0.9174318596 0.0000000000 -28.2711620000 -0.9174318596 0.3978929290 0.0000000000 32.2082720000 0.0000000000 0.0000000000 1.0000000000 -1.9510430000
1772700961.3737754822 -0.2103121883 0.9776342790 0.0000000000 -28.2097620000 -0.9776342790 -0.2103121883 0.0000000000 32.1930270000 0.0000000000 0.0000000000 1.0000000000 -1.9561860000
1772700961.4737613201 -0.6480900448 0.7615637162 0.0000000000 -28.1467610000 -0.7615637162 -0.6480900448 0.0000000000 32.1772760000 0.0000000000 0.0000000000 1.0000000000 -1.9604330000
1772700961.5738821030 -0.8563520288 0.5163924891 0.0000000000 -28.0839680000 -0.5163924891 -0.8563520288 0.0000000000 32.1594830000 0.0000000000 0.0000000000 1.0000000000 -1.9735740000
1772700961.6739950180 -0.8936415354 0.4487814682 0.0000000000 -28.0178620000 -0.4487814682 -0.8936415354 0.0000000000 32.1448990000 0.0000000000 0.0000000000 1.0000000000 -1.9726170000
1772700961.7743432522 -0.9924556816 0.1226039151 0.0000000000 -27.9535610000 -0.1226039151 -0.9924556816 0.0000000000 32.1296480000 0.0000000000 0.0000000000 1.0000000000 -1.9766930000
1772700961.8745205402 -0.6567535101 -0.7541053155 0.0000000000 -27.8863620000 0.7541053155 -0.6567535101 0.0000000000 32.1132140000 0.0000000000 0.0000000000 1.0000000000 -1.9833490000
1772700961.9746122360 -0.1294394648 -0.9915873259 0.0000000000 -27.8168570000 0.9915873259 -0.1294394648 0.0000000000 32.0964430000 0.0000000000 0.0000000000 1.0000000000 -1.9842000000
1772700962.0745520592 -0.0962109207 -0.9953609691 0.0000000000 -27.7487590000 0.9953609691 -0.0962109207 0.0000000000 32.0766270000 0.0000000000 0.0000000000 1.0000000000 -1.9935190000
1772700962.1743433475 0.1245016894 -0.9922193958 0.0000000000 -27.6847560000 0.9922193958 0.1245016894 0.0000000000 32.0596650000 0.0000000000 0.0000000000 1.0000000000 -1.9959360000
1772700962.2741265297 0.2198352262 -0.9755370179 0.0000000000 -27.6209520000 0.9755370179 0.2198352262 0.0000000000 32.0415020000 0.0000000000 0.0000000000 1.0000000000 -1.9983400000
1772700962.3739421368 0.2669456065 -0.9637115975 0.0000000000 -27.5577490000 0.9637115975 0.2669456065 0.0000000000 32.0216460000 0.0000000000 0.0000000000 1.0000000000 -2.0018440000
1772700962.4738533497 0.2550349441 -0.9669318369 0.0000000000 -27.4992420000 0.9669318369 0.2550349441 0.0000000000 32.0025690000 0.0000000000 0.0000000000 1.0000000000 -2.0022690000
1772700962.5737032890 0.2943871541 -0.9556862474 0.0000000000 -27.4410370000 0.9556862474 0.2943871541 0.0000000000 31.9826990000 0.0000000000 0.0000000000 1.0000000000 -2.0037780000
1772700962.6736772060 0.2767122004 -0.9609528387 0.0000000000 -27.3793380000 0.9609528387 0.2767122004 0.0000000000 31.9621760000 0.0000000000 0.0000000000 1.0000000000 -2.0124850000
1772700962.7736487389 0.2702887467 -0.9627793067 0.0000000000 -27.3171350000 0.9627793067 0.2702887467 0.0000000000 31.9460090000 0.0000000000 0.0000000000 1.0000000000 -2.0142850000
1772700962.8736557961 0.5224620725 -0.8526625257 0.0000000000 -27.2594330000 0.8526625257 0.5224620725 0.0000000000 31.9324470000 0.0000000000 0.0000000000 1.0000000000 -2.0170820000
1772700962.9736611843 0.3901935664 -0.9207328498 0.0000000000 -27.2067310000 0.9207328498 0.3901935664 0.0000000000 31.9185850000 0.0000000000 0.0000000000 1.0000000000 -2.0200770000
1772700963.0737361908 0.4301575529 -0.9027538312 0.0000000000 -27.1487280000 0.9027538312 0.4301575529 0.0000000000 31.9032240000 0.0000000000 0.0000000000 1.0000000000 -2.0230470000
1772700963.1738219261 0.7049352636 -0.7092716505 0.0000000000 -27.0943290000 0.7092716505 0.7049352636 0.0000000000 31.8876780000 0.0000000000 0.0000000000 1.0000000000 -2.0285140000
1772700963.2739229202 0.9967252678 -0.0808624788 0.0000000000 -27.0379260000 0.0808624788 0.9967252678 0.0000000000 31.8738110000 0.0000000000 0.0000000000 1.0000000000 -2.0307030000
1772700963.3740320206 0.9994058116 -0.0344677195 0.0000000000 -26.9818230000 0.0344677195 0.9994058116 0.0000000000 31.8603430000 0.0000000000 0.0000000000 1.0000000000 -2.0326280000
1772700963.4740817547 0.9607453871 0.2774316154 0.0000000000 -26.9259210000 -0.2774316154 0.9607453871 -0.0000000000 31.8465790000 -0.0000000000 0.0000000000 1.0000000000 -2.0352650000
1772700963.5741307735 0.4707599907 0.8822613168 0.0000000000 -26.8686170000 -0.8822613168 0.4707599907 -0.0000000000 31.8279160000 -0.0000000000 0.0000000000 1.0000000000 -2.0379360000
1772700963.6741449833 -0.7290490873 0.6844614147 0.0000000000 -26.8093150000 -0.6844614147 -0.7290490873 -0.0000000000 31.8065700000 -0.0000000000 0.0000000000 1.0000000000 -2.0430660000
1772700963.7741482258 -0.3809062802 -0.9246136521 -0.0000000000 -26.7525100000 0.9246136521 -0.3809062802 0.0000000000 31.7829120000 0.0000000000 -0.0000000000 1.0000000000 -2.0465990000
1772700963.8741402626 0.9888330084 0.1490277875 0.0000000000 -26.6992990000 -0.1490277875 0.9888330084 0.0000000000 31.7603090000 0.0000000000 0.0000000000 1.0000000000 -2.0433410000
1772700963.9741563797 -0.2033983978 0.9790960585 0.0000000000 -26.6443930000 -0.9790960585 -0.2033983978 0.0000000000 31.7357450000 0.0000000000 0.0000000000 1.0000000000 -2.0460870000
1772700964.0741598606 -0.8719138848 0.4896592463 0.0000000000 -26.5923900000 -0.4896592463 -0.8719138848 0.0000000000 31.7064110000 0.0000000000 0.0000000000 1.0000000000 -2.0535620000
1772700964.1741213799 -0.6549838857 -0.7556428452 0.0000000000 -26.5422840000 0.7556428452 -0.6549838857 0.0000000000 31.6767530000 0.0000000000 0.0000000000 1.0000000000 -2.0574760000
1772700964.2740492821 0.9559228150 -0.2936180712 0.0000000000 -26.4926740000 0.2936180712 0.9559228150 0.0000000000 31.6447780000 0.0000000000 0.0000000000 1.0000000000 -2.0587760000
1772700964.3739020824 -0.4575162630 0.8892012534 0.0000000000 -26.4435660000 -0.8892012534 -0.4575162630 -0.0000000000 31.6117210000 -0.0000000000 0.0000000000 1.0000000000 -2.0628310000
1772700964.4737999439 -0.3501470970 -0.9366947264 -0.0000000000 -26.3966630000 0.9366947264 -0.3501470970 0.0000000000 31.5749000000 0.0000000000 -0.0000000000 1.0000000000 -2.0726600000
1772700964.5737435818 0.9638553721 -0.2664260155 -0.0000000000 -26.3469520000 0.2664260155 0.9638553721 0.0000000000 31.5367290000 0.0000000000 -0.0000000000 1.0000000000 -2.0745390000
1772700964.6736533642 0.8520988596 0.5233808685 0.0000000000 -26.2972390000 -0.5233808685 0.8520988596 0.0000000000 31.4931600000 0.0000000000 0.0000000000 1.0000000000 -2.0768540000
1772700964.7736504078 0.4354602051 0.9002079814 0.0000000000 -26.2457260000 -0.9002079814 0.4354602051 0.0000000000 31.4487930000 0.0000000000 0.0000000000 1.0000000000 -2.0793560000
1772700964.8736572266 -0.0943589590 0.9955382398 0.0000000000 -26.1905060000 -0.9955382398 -0.0943589590 0.0000000000 31.4046890000 0.0000000000 0.0000000000 1.0000000000 -2.0759100000
1772700964.9736144543 -0.3705848867 0.9287986013 0.0000000000 -26.1384970000 -0.9287986013 -0.3705848867 0.0000000000 31.3577520000 0.0000000000 0.0000000000 1.0000000000 -2.0829990000
1772700965.0735638142 -0.4698158888 0.8827644253 0.0000000000 -26.0892500000 -0.8827644253 -0.4698158888 0.0000000000 31.3207630000 0.0000000000 0.0000000000 1.0000000000 -2.0899020000
1772700965.1736159325 -0.5258866432 0.8505546652 0.0000000000 -26.0361950000 -0.8505546652 -0.5258866432 0.0000000000 31.2770540000 0.0000000000 0.0000000000 1.0000000000 -2.0922370000
1772700965.2737212181 -0.4963572842 0.8681183366 0.0000000000 -25.9798200000 -0.8681183366 -0.4963572842 0.0000000000 31.2390870000 0.0000000000 0.0000000000 1.0000000000 -2.0861400000
1772700965.3738448620 -0.4058400178 0.9139441339 0.0000000000 -25.9244710000 -0.9139441339 -0.4058400178 0.0000000000 31.2027720000 0.0000000000 0.0000000000 1.0000000000 -2.0873180000
1772700965.4738163948 -0.3809074799 0.9246131579 0.0000000000 -25.8694090000 -0.9246131579 -0.3809074799 0.0000000000 31.1687190000 0.0000000000 0.0000000000 1.0000000000 -2.0833070000
1772700965.5738401413 -0.5836953861 0.8119727189 0.0000000000 -25.8150590000 -0.8119727189 -0.5836953861 0.0000000000 31.1337950000 0.0000000000 0.0000000000 1.0000000000 -2.0834300000
1772700965.6738693714 -0.6098209669 0.7925392030 0.0000000000 -25.7614120000 -0.7925392030 -0.6098209669 0.0000000000 31.0944920000 0.0000000000 0.0000000000 1.0000000000 -2.0864640000
1772700965.7739541531 -0.5985245154 0.8011044904 0.0000000000 -25.7083630000 -0.8011044904 -0.5985245154 0.0000000000 31.0563790000 0.0000000000 0.0000000000 1.0000000000 -2.0881970000
1772700965.8739874363 -0.5658716018 0.8244933780 0.0000000000 -25.6539160000 -0.8244933780 -0.5658716018 0.0000000000 31.0134890000 0.0000000000 0.0000000000 1.0000000000 -2.0927810000
1772700965.9740386009 -0.6119828898 0.7908710025 0.0000000000 -25.5985540000 -0.7908710025 -0.6119828898 0.0000000000 30.9691690000 0.0000000000 0.0000000000 1.0000000000 -2.0933280000
1772700966.0741384029 -0.6629620604 0.7486529947 0.0000000000 -25.5436900000 -0.7486529947 -0.6629620604 0.0000000000 30.9215550000 0.0000000000 0.0000000000 1.0000000000 -2.0945890000
1772700966.1741354465 -0.6913443544 0.7225254207 0.0000000000 -25.4903570000 -0.7225254207 -0.6913443544 0.0000000000 30.8734120000 0.0000000000 0.0000000000 1.0000000000 -2.1057280000
1772700966.2741744518 -0.6875605508 0.7261270474 0.0000000000 -25.4344980000 -0.7261270474 -0.6875605508 0.0000000000 30.8283020000 0.0000000000 0.0000000000 1.0000000000 -2.1074330000
1772700966.3741812706 -0.7074408340 0.7067725705 0.0000000000 -25.3824460000 -0.7067725705 -0.7074408340 0.0000000000 30.7855960000 0.0000000000 0.0000000000 1.0000000000 -2.1103480000
1772700966.4741821289 -0.6968325723 0.7172338295 0.0000000000 -25.3319890000 -0.7172338295 -0.6968325723 0.0000000000 30.7427760000 0.0000000000 0.0000000000 1.0000000000 -2.1116970000
1772700966.5741527081 -0.6532671317 0.7571275022 0.0000000000 -25.2788120000 -0.7571275022 -0.6532671317 0.0000000000 30.7016100000 0.0000000000 0.0000000000 1.0000000000 -2.1064040000
1772700966.6741118431 -0.6084878432 0.7935631951 0.0000000000 -25.2212520000 -0.7935631951 -0.6084878432 0.0000000000 30.6600900000 0.0000000000 0.0000000000 1.0000000000 -2.1064770000
1772700966.7740249634 -0.6099125506 0.7924687253 0.0000000000 -25.1604830000 -0.7924687253 -0.6099125506 0.0000000000 30.6182570000 0.0000000000 0.0000000000 1.0000000000 -2.1040840000
1772700966.8739249706 -0.6168338188 0.7870934125 0.0000000000 -25.0995250000 -0.7870934125 -0.6168338188 0.0000000000 30.5732560000 0.0000000000 0.0000000000 1.0000000000 -2.1060250000
1772700966.9738283157 -0.6755038078 0.7373564983 0.0000000000 -25.0388620000 -0.7373564983 -0.6755038078 0.0000000000 30.5246570000 0.0000000000 0.0000000000 1.0000000000 -2.1082720000
1772700967.0737488270 -0.9997409164 -0.0227618097 0.0000000000 -24.9795970000 0.0227618097 -0.9997409164 0.0000000000 30.4774450000 0.0000000000 0.0000000000 1.0000000000 -2.1090440000
1772700967.1738078594 -0.4802339421 -0.8771404453 0.0000000000 -24.9210470000 0.8771404453 -0.4802339421 0.0000000000 30.4316620000 0.0000000000 0.0000000000 1.0000000000 -2.1138740000
1772700967.2738466263 -0.3944875273 -0.9189012955 0.0000000000 -24.8660880000 0.9189012955 -0.3944875273 0.0000000000 30.3847590000 0.0000000000 0.0000000000 1.0000000000 -2.1166790000
1772700967.3739545345 -0.1226907747 -0.9924449475 0.0000000000 -24.8111240000 0.9924449475 -0.1226907747 0.0000000000 30.3405330000 0.0000000000 0.0000000000 1.0000000000 -2.1163740000
1772700967.4740843773 0.0457526510 -0.9989527991 0.0000000000 -24.7571650000 0.9989527991 0.0457526510 0.0000000000 30.2945250000 0.0000000000 0.0000000000 1.0000000000 -2.1187200000
1772700967.5742697716 0.2284665200 -0.9735517702 0.0000000000 -24.7054200000 0.9735517702 0.2284665200 0.0000000000 30.2472480000 0.0000000000 0.0000000000 1.0000000000 -2.1256170000
1772700967.6743867397 0.2824374852 -0.9592857066 0.0000000000 -24.6542640000 0.9592857066 0.2824374852 0.0000000000 30.2001450000 0.0000000000 0.0000000000 1.0000000000 -2.1291020000
1772700967.7746071815 0.2985429880 -0.9543961883 0.0000000000 -24.6048030000 0.9543961883 0.2985429880 0.0000000000 30.1554220000 0.0000000000 0.0000000000 1.0000000000 -2.1301830000
1772700967.8747770786 0.4046428217 -0.9144748148 0.0000000000 -24.5577600000 0.9144748148 0.4046428217 0.0000000000 30.1112340000 0.0000000000 0.0000000000 1.0000000000 -2.1365210000
1772700967.9747338295 0.9211088666 -0.3893050935 0.0000000000 -24.5117230000 0.3893050935 0.9211088666 0.0000000000 30.0670580000 0.0000000000 0.0000000000 1.0000000000 -2.1445770000
1772700968.0745642185 0.8634889360 0.5043677799 0.0000000000 -24.4630580000 -0.5043677799 0.8634889360 -0.0000000000 30.0272080000 -0.0000000000 0.0000000000 1.0000000000 -2.1422280000
1772700968.1742930412 0.8113276687 0.5845916643 0.0000000000 -24.4148960000 -0.5845916643 0.8113276687 -0.0000000000 29.9870660000 -0.0000000000 0.0000000000 1.0000000000 -2.1411400000
1772700968.2740757465 0.6612548962 0.7501612909 0.0000000000 -24.3645520000 -0.7501612909 0.6612548962 -0.0000000000 29.9446740000 -0.0000000000 0.0000000000 1.0000000000 -2.1462260000
1772700968.3739743233 0.5239403308 0.8517549705 0.0000000000 -24.3130990000 -0.8517549705 0.5239403308 -0.0000000000 29.9029610000 -0.0000000000 0.0000000000 1.0000000000 -2.1482510000
1772700968.4736993313 0.3856336676 0.9226519790 0.0000000000 -24.2625490000 -0.9226519790 0.3856336676 -0.0000000000 29.8590610000 -0.0000000000 0.0000000000 1.0000000000 -2.1522790000
1772700968.5736293793 0.3061909614 0.9519701125 0.0000000000 -24.2145940000 -0.9519701125 0.3061909614 -0.0000000000 29.8134510000 -0.0000000000 0.0000000000 1.0000000000 -2.1555120000
1772700968.6737284660 0.2760986864 0.9611292917 0.0000000000 -24.1656320000 -0.9611292917 0.2760986864 -0.0000000000 29.7670310000 -0.0000000000 0.0000000000 1.0000000000 -2.1571240000
1772700968.7739112377 0.2932958498 0.9560217281 0.0000000000 -24.1169820000 -0.9560217281 0.2932958498 -0.0000000000 29.7208360000 -0.0000000000 0.0000000000 1.0000000000 -2.1621630000
1772700968.8740336895 0.2854526037 0.9583928271 0.0000000000 -24.0693400000 -0.9583928271 0.2854526037 -0.0000000000 29.6748560000 -0.0000000000 0.0000000000 1.0000000000 -2.1694670000
1772700968.9741077423 0.2605293892 0.9654659172 0.0000000000 -24.0214950000 -0.9654659172 0.2605293892 -0.0000000000 29.6319610000 -0.0000000000 0.0000000000 1.0000000000 -2.1745390000
1772700969.0741379261 0.3077986969 0.9514515028 0.0000000000 -23.9707450000 -0.9514515028 0.3077986969 -0.0000000000 29.5887580000 -0.0000000000 0.0000000000 1.0000000000 -2.1781430000
1772700969.1742117405 0.3355359675 0.9420273958 0.0000000000 -23.9191810000 -0.9420273958 0.3355359675 -0.0000000000 29.5429340000 -0.0000000000 0.0000000000 1.0000000000 -2.1787690000
1772700969.2742269039 0.3269246359 0.9450504127 0.0000000000 -23.8674210000 -0.9450504127 0.3269246359 -0.0000000000 29.4954240000 -0.0000000000 0.0000000000 1.0000000000 -2.1812580000
1772700969.3742933273 0.3687113519 0.9295439414 0.0000000000 -23.8133450000 -0.9295439414 0.3687113519 -0.0000000000 29.4460870000 -0.0000000000 0.0000000000 1.0000000000 -2.1797190000
1772700969.4742429256 0.4071289529 0.9133706891 0.0000000000 -23.7564520000 -0.9133706891 0.4071289529 -0.0000000000 29.3944250000 -0.0000000000 0.0000000000 1.0000000000 -2.1743060000
1772700969.5742285252 0.3933253169 0.9193993665 0.0000000000 -23.7233960000 -0.9193993665 0.3933253169 -0.0000000000 29.3370230000 -0.0000000000 0.0000000000 1.0000000000 -2.1806270000
1772700969.6741533279 0.4967546629 0.8678910098 0.0000000000 -23.6671060000 -0.8678910098 0.4967546629 -0.0000000000 29.2880260000 -0.0000000000 0.0000000000 1.0000000000 -2.1808160000
1772700969.7740843296 0.5336488370 0.8457061657 0.0000000000 -23.6124240000 -0.8457061657 0.5336488370 -0.0000000000 29.2407330000 -0.0000000000 0.0000000000 1.0000000000 -2.1823800000
1772700969.8740582466 0.8868295159 0.4620967537 0.0000000000 -23.5588610000 -0.4620967537 0.8868295159 -0.0000000000 29.1957530000 -0.0000000000 0.0000000000 1.0000000000 -2.1870680000
1772700969.9741437435 0.9803893938 -0.1970701312 0.0000000000 -23.5091140000 0.1970701312 0.9803893938 0.0000000000 29.1511840000 0.0000000000 0.0000000000 1.0000000000 -2.1955270000
1772700970.0743966103 0.9974113298 -0.0719071567 0.0000000000 -23.4581690000 0.0719071567 0.9974113298 0.0000000000 29.1073180000 0.0000000000 0.0000000000 1.0000000000 -2.2040790000
1772700970.1745107174 0.9509881085 -0.3092274526 0.0000000000 -23.4071840000 0.3092274526 0.9509881085 0.0000000000 29.0636060000 0.0000000000 0.0000000000 1.0000000000 -2.2031000000
1772700970.2745344639 0.9136410265 -0.4065219241 0.0000000000 -23.3564080000 0.4065219241 0.9136410265 0.0000000000 29.0207040000 0.0000000000 0.0000000000 1.0000000000 -2.2041550000
1772700970.3745040894 0.8630235671 -0.5051636593 0.0000000000 -23.3058480000 0.5051636593 0.8630235671 0.0000000000 28.9763200000 0.0000000000 0.0000000000 1.0000000000 -2.2093180000
1772700970.4744501114 0.8653323275 -0.5011985264 0.0000000000 -23.2546900000 0.5011985264 0.8653323275 0.0000000000 28.9307430000 0.0000000000 0.0000000000 1.0000000000 -2.2155180000
1772700970.5744292736 0.8302686210 -0.5573634514 0.0000000000 -23.1987200000 0.5573634514 0.8302686210 0.0000000000 28.8855610000 0.0000000000 0.0000000000 1.0000000000 -2.2188780000
1772700970.6743640900 0.7972246588 -0.6036827341 0.0000000000 -23.1450580000 0.6036827341 0.7972246588 0.0000000000 28.8395850000 0.0000000000 0.0000000000 1.0000000000 -2.2243210000
1772700970.7743842602 0.7499725316 -0.6614689727 0.0000000000 -23.0908740000 0.6614689727 0.7499725316 0.0000000000 28.7935860000 0.0000000000 0.0000000000 1.0000000000 -2.2248160000
1772700970.8743443489 0.7440702317 -0.6681014072 0.0000000000 -23.0374900000 0.6681014072 0.7440702317 0.0000000000 28.7487820000 0.0000000000 0.0000000000 1.0000000000 -2.2245430000
1772700970.9743728638 0.7557089125 -0.6549076573 0.0000000000 -22.9867120000 0.6549076573 0.7557089125 0.0000000000 28.7038800000 0.0000000000 0.0000000000 1.0000000000 -2.2257580000
1772700971.0743930340 0.7729505538 -0.6344662649 0.0000000000 -22.9366460000 0.6344662649 0.7729505538 0.0000000000 28.6591910000 0.0000000000 0.0000000000 1.0000000000 -2.2299100000
1772700971.1744844913 0.7875648165 -0.6162318231 0.0000000000 -22.8847690000 0.6162318231 0.7875648165 0.0000000000 28.6134950000 0.0000000000 0.0000000000 1.0000000000 -2.2318040000
1772700971.2744557858 0.7909074677 -0.6119357626 0.0000000000 -22.8297830000 0.6119357626 0.7909074677 0.0000000000 28.5662970000 0.0000000000 0.0000000000 1.0000000000 -2.2322590000
1772700971.3743081093 0.5482117063 -0.8363395991 0.0000000000 -22.7733760000 0.8363395991 0.5482117063 0.0000000000 28.5195770000 0.0000000000 0.0000000000 1.0000000000 -2.2275870000
1772700971.4740917683 0.2120623585 -0.9772561364 0.0000000000 -22.7183780000 0.9772561364 0.2120623585 0.0000000000 28.4729640000 0.0000000000 0.0000000000 1.0000000000 -2.2249590000
1772700971.5739190578 0.2306011423 -0.9730483612 0.0000000000 -22.6613970000 0.9730483612 0.2306011423 0.0000000000 28.4268720000 0.0000000000 0.0000000000 1.0000000000 -2.2259180000
1772700971.6737983227 0.1298410612 -0.9915348198 0.0000000000 -22.6039160000 0.9915348198 0.1298410612 0.0000000000 28.3802840000 0.0000000000 0.0000000000 1.0000000000 -2.2273400000
1772700971.7738497257 0.0333696609 -0.9994430778 0.0000000000 -22.5446330000 0.9994430778 0.0333696609 0.0000000000 28.3339950000 0.0000000000 0.0000000000 1.0000000000 -2.2280890000
1772700971.8056166172 -0.4241537382 -0.9055901978 0.0000000000 -22.4812480000 0.9055901978 -0.4241537382 0.0000000000 28.2865150000 0.0000000000 0.0000000000 1.0000000000 -2.2289910000
1772700971.9740703106 -0.9701641089 -0.2424491736 0.0000000000 -22.4190610000 0.2424491736 -0.9701641089 0.0000000000 28.2374320000 0.0000000000 0.0000000000 1.0000000000 -2.2298260000
1772700972.0741684437 -0.9732566353 -0.2297205300 0.0000000000 -22.3557790000 0.2297205300 -0.9732566353 0.0000000000 28.1932470000 0.0000000000 0.0000000000 1.0000000000 -2.2299020000
1772700972.1741461754 -0.9994000289 -0.0346349863 0.0000000000 -22.2931210000 0.0346349863 -0.9994000289 0.0000000000 28.1474920000 0.0000000000 0.0000000000 1.0000000000 -2.2362730000
1772700972.2740375996 -0.9999619152 0.0087274340 0.0000000000 -22.2280660000 -0.0087274340 -0.9999619152 0.0000000000 28.1042390000 0.0000000000 0.0000000000 1.0000000000 -2.2422520000
1772700972.3739175797 -0.9452001844 0.3264913649 0.0000000000 -22.1634040000 -0.3264913649 -0.9452001844 0.0000000000 28.0584840000 0.0000000000 0.0000000000 1.0000000000 -2.2478020000
1772700972.4067716599 -0.4368465944 0.8995360209 0.0000000000 -22.1029470000 -0.8995360209 -0.4368465944 0.0000000000 28.0100310000 0.0000000000 0.0000000000 1.0000000000 -2.2555170000
1772700972.4067716599 -0.4774407093 0.8786639682 0.0000000000 -22.0433820000 -0.8786639682 -0.4774407093 0.0000000000 27.9672560000 0.0000000000 0.0000000000 1.0000000000 -2.2589300000
1772700972.4067716599 -0.2527366080 0.9675351192 0.0000000000 -21.9818190000 -0.9675351192 -0.2527366080 0.0000000000 27.9241870000 0.0000000000 0.0000000000 1.0000000000 -2.2628230000
1772700972.7738516331 -0.1544161919 0.9880058905 0.0000000000 -21.9205620000 -0.9880058905 -0.1544161919 0.0000000000 27.8811250000 0.0000000000 0.0000000000 1.0000000000 -2.2683650000
1772700972.8738434315 -0.1707636960 0.9853120116 0.0000000000 -21.8601090000 -0.9853120116 -0.1707636960 0.0000000000 27.8340750000 0.0000000000 0.0000000000 1.0000000000 -2.2764930000
1772700972.9738566875 -0.7881160290 0.6155267052 0.0000000000 -21.8001670000 -0.6155267052 -0.7881160290 0.0000000000 27.7822440000 0.0000000000 0.0000000000 1.0000000000 -2.2890910000
1772700973.0738582611 -0.7532857758 -0.6576933480 0.0000000000 -21.7368840000 0.6576933480 -0.7532857758 0.0000000000 27.7290770000 0.0000000000 0.0000000000 1.0000000000 -2.2928010000
1772700973.1738569736 0.1218316824 -0.9925507751 0.0000000000 -21.6748840000 0.9925507751 0.1218316824 0.0000000000 27.6783830000 0.0000000000 0.0000000000 1.0000000000 -2.2913530000
1772700973.2738044262 0.1648027281 -0.9863265488 0.0000000000 -21.6207160000 0.9863265488 0.1648027281 0.0000000000 27.6249170000 0.0000000000 0.0000000000 1.0000000000 -2.2986940000
1772700973.3739316463 0.5270737133 -0.8498195695 0.0000000000 -21.5597430000 0.8498195695 0.5270737133 0.0000000000 27.5735530000 0.0000000000 0.0000000000 1.0000000000 -2.3039550000
1772700973.4740042686 0.7072959573 -0.7069175545 0.0000000000 -21.5013730000 0.7069175545 0.7072959573 0.0000000000 27.5226880000 0.0000000000 0.0000000000 1.0000000000 -2.3097520000
1772700973.5740561485 0.8443458260 -0.5357985873 0.0000000000 -21.4403930000 0.5357985873 0.8443458260 0.0000000000 27.4765050000 0.0000000000 0.0000000000 1.0000000000 -2.3110880000
1772700973.6740770340 0.8245291939 -0.5658194132 0.0000000000 -21.3811360000 0.5658194132 0.8245291939 0.0000000000 27.4304460000 0.0000000000 0.0000000000 1.0000000000 -2.3179560000
1772700973.7740504742 0.8343998667 -0.5511595617 0.0000000000 -21.3215620000 0.5511595617 0.8343998667 0.0000000000 27.3875610000 0.0000000000 0.0000000000 1.0000000000 -2.3192600000
1772700973.8740015030 0.7754505931 -0.6314082496 0.0000000000 -21.2635050000 0.6314082496 0.7754505931 0.0000000000 27.3412000000 0.0000000000 0.0000000000 1.0000000000 -2.3262040000
1772700973.9740080833 0.8488726584 -0.5285973986 0.0000000000 -21.2049500000 0.5285973986 0.8488726584 0.0000000000 27.2977350000 0.0000000000 0.0000000000 1.0000000000 -2.3321060000
1772700974.0740740299 0.5768383829 -0.8168582986 0.0000000000 -21.1448560000 0.8168582986 0.5768383829 0.0000000000 27.2567250000 0.0000000000 0.0000000000 1.0000000000 -2.3281730000
1772700974.1740899086 0.0620670800 -0.9980719802 0.0000000000 -21.0880020000 0.9980719802 0.0620670800 0.0000000000 27.2044770000 0.0000000000 0.0000000000 1.0000000000 -2.3381100000
1772700974.2740330696 0.2903125751 -0.9569318726 0.0000000000 -21.0445930000 0.9569318726 0.2903125751 0.0000000000 27.1404680000 0.0000000000 0.0000000000 1.0000000000 -2.3170070000
1772700974.3739390373 0.0101263520 -0.9999487272 0.0000000000 -20.9845430000 0.9999487272 0.0101263520 0.0000000000 27.0969330000 0.0000000000 0.0000000000 1.0000000000 -2.3211110000
1772700974.4738512039 -0.2790957781 -0.9602632694 0.0000000000 -20.9201880000 0.9602632694 -0.2790957781 0.0000000000 27.0501080000 0.0000000000 0.0000000000 1.0000000000 -2.3215710000
1772700974.5737767220 -0.8698496507 -0.4933169216 0.0000000000 -20.8521210000 0.4933169216 -0.8698496507 0.0000000000 26.9916800000 0.0000000000 0.0000000000 1.0000000000 -2.3275250000
1772700974.6736977100 -0.9998458816 0.0175559964 0.0000000000 -20.7844650000 -0.0175559964 -0.9998458816 0.0000000000 26.9453630000 0.0000000000 0.0000000000 1.0000000000 -2.3256380000
1772700974.7735722065 -0.4172932423 0.9087718911 0.0000000000 -20.7178150000 -0.9087718911 -0.4172932423 0.0000000000 26.9016380000 0.0000000000 0.0000000000 1.0000000000 -2.3288250000
1772700974.8735115528 0.9397810356 0.3417771278 0.0000000000 -20.6470600000 -0.3417771278 0.9397810356 0.0000000000 26.8539140000 0.0000000000 0.0000000000 1.0000000000 -2.3340370000
1772700974.9734163284 0.9582900296 -0.2857975144 -0.0000000000 -20.5764140000 0.2857975144 0.9582900296 0.0000000000 26.8116870000 0.0000000000 -0.0000000000 1.0000000000 -2.3409880000
1772700975.0733873844 0.9426044794 -0.3339113586 -0.0000000000 -20.5154680000 0.3339113586 0.9426044794 0.0000000000 26.7681410000 0.0000000000 -0.0000000000 1.0000000000 -2.3525920000
1772700975.1733531952 0.5867446107 -0.8097720431 -0.0000000000 -20.4494300000 0.8097720431 0.5867446107 0.0000000000 26.7331080000 0.0000000000 -0.0000000000 1.0000000000 -2.3601610000
1772700975.2733159065 0.4507661364 -0.8926420841 -0.0000000000 -20.3916010000 0.8926420841 0.4507661364 0.0000000000 26.7032580000 0.0000000000 -0.0000000000 1.0000000000 -2.3722350000
1772700975.3734731674 -0.0918523475 -0.9957726378 -0.0000000000 -20.3386920000 0.9957726378 -0.0918523475 0.0000000000 26.6875920000 0.0000000000 -0.0000000000 1.0000000000 -2.3914970000
1772700975.4735717773 0.3251595788 -0.9456591607 -0.0000000000 -20.2675680000 0.9456591607 0.3251595788 0.0000000000 26.6472040000 0.0000000000 -0.0000000000 1.0000000000 -2.4382010000
1772700975.5736179352 0.7058868702 -0.7083245912 -0.0000000000 -20.2056530000 0.7083245912 0.7058868702 0.0000000000 26.6144030000 0.0000000000 -0.0000000000 1.0000000000 -2.4862820000
1772700975.6736211777 0.2819660539 -0.9594243818 -0.0000000000 -20.1339200000 0.9594243818 0.2819660539 0.0000000000 26.5827760000 0.0000000000 -0.0000000000 1.0000000000 -2.4947800000
1772700975.7735724449 -0.5548963042 -0.8319195223 -0.0000000000 -20.0524580000 0.8319195223 -0.5548963042 0.0000000000 26.5279630000 0.0000000000 -0.0000000000 1.0000000000 -2.5010670000
1772700975.8735947609 -0.8536629146 -0.5208259098 -0.0000000000 -19.9730900000 0.5208259098 -0.8536629146 0.0000000000 26.4671420000 0.0000000000 -0.0000000000 1.0000000000 -2.5107930000
1772700975.9735612869 -0.8454481527 -0.5340575074 -0.0000000000 -19.8913950000 0.5340575074 -0.8454481527 0.0000000000 26.4446650000 0.0000000000 -0.0000000000 1.0000000000 -2.4695220000
1772700976.0735156536 -0.9827759449 -0.1848010881 -0.0000000000 -19.8350550000 0.1848010881 -0.9827759449 0.0000000000 26.3838140000 0.0000000000 -0.0000000000 1.0000000000 -2.4566940000
1772700976.1735503674 -0.9194468269 -0.3932143594 -0.0000000000 -19.7516730000 0.3932143594 -0.9194468269 0.0000000000 26.3527330000 0.0000000000 -0.0000000000 1.0000000000 -2.4393130000
1772700976.2734558582 -0.9912963726 -0.1316491613 -0.0000000000 -19.6814940000 0.1316491613 -0.9912963726 0.0000000000 26.3095490000 0.0000000000 -0.0000000000 1.0000000000 -2.4524300000
1772700976.3733820915 -0.9958626626 -0.0908711029 -0.0000000000 -19.6254350000 0.0908711029 -0.9958626626 0.0000000000 26.2771410000 0.0000000000 -0.0000000000 1.0000000000 -2.4630720000
1772700976.4732244015 -0.9850816002 0.1720878873 0.0000000000 -19.5605810000 -0.1720878873 -0.9850816002 -0.0000000000 26.2450410000 -0.0000000000 0.0000000000 1.0000000000 -2.4784410000
1772700976.5731308460 -0.9761741345 0.2169886154 0.0000000000 -19.4941900000 -0.2169886154 -0.9761741345 -0.0000000000 26.1893070000 -0.0000000000 0.0000000000 1.0000000000 -2.5089750000
1772700976.6731057167 -0.9680705947 0.2506777288 0.0000000000 -19.4296020000 -0.2506777288 -0.9680705947 -0.0000000000 26.1475440000 -0.0000000000 0.0000000000 1.0000000000 -2.5086210000
1772700976.7730486393 -0.9886274540 0.1503853626 0.0000000000 -19.3604020000 -0.1503853626 -0.9886274540 -0.0000000000 26.1023010000 -0.0000000000 0.0000000000 1.0000000000 -2.5038530000
1772700976.8729915619 -0.9986185346 0.0525454317 0.0000000000 -19.2934090000 -0.0525454317 -0.9986185346 -0.0000000000 26.0571370000 -0.0000000000 0.0000000000 1.0000000000 -2.5063330000
1772700976.9729700089 -0.9997976457 0.0201163539 0.0000000000 -19.2276050000 -0.0201163539 -0.9997976457 -0.0000000000 26.0089800000 -0.0000000000 0.0000000000 1.0000000000 -2.5045040000
1772700977.0729389191 -0.4473000282 -0.8943839694 -0.0000000000 -19.1650890000 0.8943839694 -0.4473000282 0.0000000000 25.9558210000 0.0000000000 -0.0000000000 1.0000000000 -2.5005410000
1772700977.1728916168 0.9861858903 -0.1656423548 -0.0000000000 -19.0995670000 0.1656423548 0.9861858903 0.0000000000 25.9034900000 0.0000000000 -0.0000000000 1.0000000000 -2.4879020000
1772700977.2729034424 0.2245445297 0.9744638291 0.0000000000 -19.0311470000 -0.9744638291 0.2245445297 0.0000000000 25.8559880000 0.0000000000 0.0000000000 1.0000000000 -2.4661080000
1772700977.3728923798 0.0450131309 0.9989863953 0.0000000000 -18.9688190000 -0.9989863953 0.0450131309 0.0000000000 25.7982350000 0.0000000000 0.0000000000 1.0000000000 -2.4594730000
1772700977.4728591442 -0.3975249457 0.9175913674 0.0000000000 -18.9051080000 -0.9175913674 -0.3975249457 0.0000000000 25.7457710000 0.0000000000 0.0000000000 1.0000000000 -2.4588320000
1772700977.5727732182 -0.6363169236 0.7714277496 0.0000000000 -18.8443960000 -0.7714277496 -0.6363169236 0.0000000000 25.6943080000 0.0000000000 0.0000000000 1.0000000000 -2.4553010000
1772700977.6726877689 -0.7978796985 0.6028167107 0.0000000000 -18.7844760000 -0.6028167107 -0.7978796985 0.0000000000 25.6396460000 0.0000000000 0.0000000000 1.0000000000 -2.4502210000
1772700977.7726471424 -0.8693890585 0.4941281868 0.0000000000 -18.7182540000 -0.4941281868 -0.8693890585 0.0000000000 25.5839960000 0.0000000000 0.0000000000 1.0000000000 -2.4459550000
1772700977.8726875782 -0.9105316176 0.4134394433 0.0000000000 -18.6535330000 -0.4134394433 -0.9105316176 0.0000000000 25.5312600000 0.0000000000 0.0000000000 1.0000000000 -2.4349040000
1772700977.9727897644 -0.9227452216 0.3854105031 0.0000000000 -18.5845130000 -0.3854105031 -0.9227452216 0.0000000000 25.4781260000 0.0000000000 0.0000000000 1.0000000000 -2.4263170000
1772700978.0728609562 -0.9275227689 0.3737666560 0.0000000000 -18.5118030000 -0.3737666560 -0.9275227689 0.0000000000 25.4262820000 0.0000000000 0.0000000000 1.0000000000 -2.4254260000
1772700978.1729784012 -0.9589216719 0.2836709840 0.0000000000 -18.4394950000 -0.2836709840 -0.9589216719 0.0000000000 25.3737260000 0.0000000000 0.0000000000 1.0000000000 -2.4290320000
1772700978.2730433941 -0.9458963119 0.3244690542 0.0000000000 -18.3672900000 -0.3244690542 -0.9458963119 0.0000000000 25.3244800000 0.0000000000 0.0000000000 1.0000000000 -2.4280570000
1772700978.3730032444 -0.8183503335 0.5747196983 0.0000000000 -18.2962830000 -0.5747196983 -0.8183503335 0.0000000000 25.2754400000 0.0000000000 0.0000000000 1.0000000000 -2.4241010000
1772700978.4730143547 -0.1893049027 0.9819183539 0.0000000000 -18.2282700000 -0.9819183539 -0.1893049027 0.0000000000 25.2238910000 0.0000000000 0.0000000000 1.0000000000 -2.4206760000
1772700978.5729961395 -0.3432092071 0.9392589846 0.0000000000 -18.1429910000 -0.9392589846 -0.3432092071 0.0000000000 25.1866300000 0.0000000000 0.0000000000 1.0000000000 -2.3640510000
1772700978.6729524136 -0.2072846565 0.9782806710 0.0000000000 -18.0733000000 -0.9782806710 -0.2072846565 0.0000000000 25.1346470000 0.0000000000 0.0000000000 1.0000000000 -2.3646550000
1772700978.7729363441 -0.1401514633 0.9901300760 0.0000000000 -18.0001900000 -0.9901300760 -0.1401514633 0.0000000000 25.0777740000 0.0000000000 0.0000000000 1.0000000000 -2.3654990000
1772700978.8728926182 -0.0481992178 0.9988377423 0.0000000000 -17.9162580000 -0.9988377423 -0.0481992178 0.0000000000 25.0146350000 0.0000000000 0.0000000000 1.0000000000 -2.3662740000
1772700978.9728078842 0.0806813721 0.9967399441 0.0000000000 -17.8285690000 -0.9967399441 0.0806813721 0.0000000000 24.9479970000 0.0000000000 0.0000000000 1.0000000000 -2.3695890000
1772700979.0727272034 0.0481334268 0.9988409149 0.0000000000 -17.7451970000 -0.9988409149 0.0481334268 0.0000000000 24.8745540000 0.0000000000 0.0000000000 1.0000000000 -2.3707910000
1772700979.1726577282 0.0697382876 0.9975653218 0.0000000000 -17.6476360000 -0.9975653218 0.0697382876 0.0000000000 24.7958400000 0.0000000000 0.0000000000 1.0000000000 -2.3758790000
1772700979.2726998329 0.2138158317 0.9768739889 0.0000000000 -17.5439720000 -0.9768739889 0.2138158317 0.0000000000 24.7228880000 0.0000000000 0.0000000000 1.0000000000 -2.3708720000
1772700979.3726799488 0.2445299978 0.9696417277 0.0000000000 -17.4475780000 -0.9696417277 0.2445299978 0.0000000000 24.6435860000 0.0000000000 0.0000000000 1.0000000000 -2.3721190000
1772700979.4726970196 0.1920773689 0.9813797860 0.0000000000 -17.3478790000 -0.9813797860 0.1920773689 0.0000000000 24.5668920000 0.0000000000 0.0000000000 1.0000000000 -2.3740470000
1772700979.5727398396 0.2407208060 0.9705944022 0.0000000000 -17.2446210000 -0.9705944022 0.2407208060 0.0000000000 24.4943150000 0.0000000000 0.0000000000 1.0000000000 -2.3744400000
1772700979.6728987694 0.8189258947 0.5738992760 0.0000000000 -17.1543260000 -0.5738992760 0.8189258947 0.0000000000 24.4168170000 0.0000000000 0.0000000000 1.0000000000 -2.3704510000
1772700979.7730321884 0.4691178197 0.8831355905 0.0000000000 -17.0611080000 -0.8831355905 0.4691178197 0.0000000000 24.3468640000 0.0000000000 0.0000000000 1.0000000000 -2.3578410000
1772700979.8731431961 0.3653633675 0.9308649793 0.0000000000 -16.9590660000 -0.9308649793 0.3653633675 0.0000000000 24.2793320000 0.0000000000 0.0000000000 1.0000000000 -2.3469540000
1772700979.9731845856 0.2065595734 0.9784340257 0.0000000000 -16.8679510000 -0.9784340257 0.2065595734 0.0000000000 24.2130230000 0.0000000000 0.0000000000 1.0000000000 -2.3461190000
1772700980.0732307434 0.2486513116 0.9685930648 0.0000000000 -16.7657060000 -0.9685930648 0.2486513116 0.0000000000 24.1498390000 0.0000000000 0.0000000000 1.0000000000 -2.3474990000
1772700980.1732153893 0.9956327780 -0.0933561536 -0.0000000000 -16.6654430000 0.0933561536 0.9956327780 0.0000000000 24.0727830000 0.0000000000 -0.0000000000 1.0000000000 -2.3642590000
1772700980.2731635571 0.5332744518 -0.8459422906 -0.0000000000 -16.5711510000 0.8459422906 0.5332744518 0.0000000000 23.9941020000 0.0000000000 -0.0000000000 1.0000000000 -2.3824580000
1772700980.3730323315 0.4263390525 -0.9045634374 -0.0000000000 -16.4753970000 0.9045634374 0.4263390525 0.0000000000 23.9308960000 0.0000000000 -0.0000000000 1.0000000000 -2.3843930000
1772700980.4728598595 0.2069965195 -0.9783416790 -0.0000000000 -16.3765900000 0.9783416790 0.2069965195 0.0000000000 23.8609920000 0.0000000000 -0.0000000000 1.0000000000 -2.3880070000
1772700980.5728015900 -0.6402180096 -0.7681932700 -0.0000000000 -16.2756700000 0.7681932700 -0.6402180096 0.0000000000 23.7925900000 0.0000000000 -0.0000000000 1.0000000000 -2.3926590000
1772700980.6118247509 -0.8885838468 0.4587142327 0.0000000000 -16.1756600000 -0.4587142327 -0.8885838468 -0.0000000000 23.7191910000 -0.0000000000 0.0000000000 1.0000000000 -2.3958370000
1772700980.7728934288 -0.9313611993 0.3640965756 0.0000000000 -16.0720370000 -0.3640965756 -0.9313611993 -0.0000000000 23.6518450000 -0.0000000000 0.0000000000 1.0000000000 -2.3895240000
1772700980.8729770184 -0.9690325883 0.2469328712 0.0000000000 -15.9772460000 -0.2469328712 -0.9690325883 -0.0000000000 23.5867520000 -0.0000000000 0.0000000000 1.0000000000 -2.3875780000
1772700980.9730720520 -0.9789234454 0.2042275398 0.0000000000 -15.8768620000 -0.2042275398 -0.9789234454 -0.0000000000 23.5266740000 -0.0000000000 0.0000000000 1.0000000000 -2.3860640000
1772700981.0731451511 -0.8799034436 0.4751525334 0.0000000000 -15.7631960000 -0.4751525334 -0.8799034436 -0.0000000000 23.4858820000 -0.0000000000 0.0000000000 1.0000000000 -2.3324020000
1772700981.1730566025 -0.8527930154 0.5222490525 0.0000000000 -15.6581340000 -0.5222490525 -0.8527930154 -0.0000000000 23.4237230000 -0.0000000000 0.0000000000 1.0000000000 -2.3254960000
1772700981.2730224133 -0.8256466913 0.5641875053 0.0000000000 -15.5438400000 -0.5641875053 -0.8256466913 -0.0000000000 23.3601450000 -0.0000000000 0.0000000000 1.0000000000 -2.3246290000
1772700981.3729333878 -0.7289851092 0.6845295542 0.0000000000 -15.4282260000 -0.6845295542 -0.7289851092 -0.0000000000 23.2979330000 -0.0000000000 0.0000000000 1.0000000000 -2.3153120000
1772700981.4727478027 -0.7521605523 0.6589798962 0.0000000000 -15.3155050000 -0.6589798962 -0.7521605523 -0.0000000000 23.2409390000 -0.0000000000 0.0000000000 1.0000000000 -2.3023020000
1772700981.5726444721 -0.6539133860 0.7565694176 0.0000000000 -15.2008080000 -0.7565694176 -0.6539133860 -0.0000000000 23.1836600000 -0.0000000000 0.0000000000 1.0000000000 -2.2880390000
1772700981.6725482941 -0.5301722525 0.8478899590 0.0000000000 -15.0881810000 -0.8478899590 -0.5301722525 -0.0000000000 23.1221330000 -0.0000000000 0.0000000000 1.0000000000 -2.2794990000
1772700981.7725546360 -0.6283726320 0.7779124857 0.0000000000 -14.9745000000 -0.7779124857 -0.6283726320 -0.0000000000 23.0550610000 -0.0000000000 0.0000000000 1.0000000000 -2.2775300000
1772700981.8726172447 -0.4971549828 0.8676617561 0.0000000000 -14.8551280000 -0.8676617561 -0.4971549828 -0.0000000000 23.0036680000 -0.0000000000 0.0000000000 1.0000000000 -2.2532590000
1772700981.9727046490 -0.5248716297 0.8511813980 0.0000000000 -14.7427650000 -0.8511813980 -0.5248716297 -0.0000000000 22.9351740000 -0.0000000000 0.0000000000 1.0000000000 -2.2262000000
1772700982.0727725029 -0.5544104046 0.8322434159 0.0000000000 -14.6293970000 -0.8322434159 -0.5544104046 -0.0000000000 22.8661830000 -0.0000000000 0.0000000000 1.0000000000 -2.1992970000
1772700982.1727869511 -0.4654366711 0.8850811856 0.0000000000 -14.5144300000 -0.8850811856 -0.4654366711 -0.0000000000 22.7930340000 -0.0000000000 0.0000000000 1.0000000000 -2.1669700000
1772700982.2728316784 -0.4141187694 0.9102228545 0.0000000000 -14.4003290000 -0.9102228545 -0.4141187694 -0.0000000000 22.7270390000 -0.0000000000 0.0000000000 1.0000000000 -2.1132470000
1772700982.3730244637 -0.3364781951 0.9416912574 0.0000000000 -14.2846970000 -0.9416912574 -0.3364781951 -0.0000000000 22.6514080000 -0.0000000000 0.0000000000 1.0000000000 -2.0788270000
1772700982.4731118679 -0.4179364752 0.9084762532 0.0000000000 -14.1696510000 -0.9084762532 -0.4179364752 -0.0000000000 22.5749660000 -0.0000000000 0.0000000000 1.0000000000 -2.0594580000
1772700982.5732078552 -0.2927549130 0.9561875135 0.0000000000 -14.0499960000 -0.9561875135 -0.2927549130 -0.0000000000 22.5078290000 -0.0000000000 0.0000000000 1.0000000000 -2.0273160000
1772700982.6732654572 -0.2985955221 0.9543797536 0.0000000000 -13.9351490000 -0.9543797536 -0.2985955221 -0.0000000000 22.4486430000 -0.0000000000 0.0000000000 1.0000000000 -1.9863790000
1772700982.7732028961 0.5541773566 0.8323986169 0.0000000000 -13.8258930000 -0.8323986169 0.5541773566 -0.0000000000 22.3964970000 -0.0000000000 0.0000000000 1.0000000000 -1.9517210000
1772700982.8730890751 0.9418701534 0.3359771036 0.0000000000 -13.7141570000 -0.3359771036 0.9418701534 -0.0000000000 22.3409680000 -0.0000000000 0.0000000000 1.0000000000 -1.9155870000
1772700982.9729852676 0.7483187906 0.6633392704 0.0000000000 -13.6369180000 -0.6633392704 0.7483187906 -0.0000000000 22.2746470000 -0.0000000000 0.0000000000 1.0000000000 -1.9216060000
1772700983.0730364323 0.6790670349 0.7340762645 0.0000000000 -13.5304150000 -0.7340762645 0.6790670349 -0.0000000000 22.2056010000 -0.0000000000 0.0000000000 1.0000000000 -1.9110360000
1772700983.1728799343 0.6301966151 0.7764355906 0.0000000000 -13.4215090000 -0.7764355906 0.6301966151 -0.0000000000 22.1350840000 -0.0000000000 0.0000000000 1.0000000000 -1.9142060000
1772700983.2730104923 0.6424962202 0.7662888535 0.0000000000 -13.3126650000 -0.7662888535 0.6424962202 -0.0000000000 22.0671590000 -0.0000000000 0.0000000000 1.0000000000 -1.9132800000
1772700983.3730056286 0.6781626044 0.7349118872 0.0000000000 -13.2025710000 -0.7349118872 0.6781626044 -0.0000000000 22.0091020000 -0.0000000000 0.0000000000 1.0000000000 -1.8958150000
1772700983.4731357098 0.6766311116 0.7363221705 0.0000000000 -13.0869250000 -0.7363221705 0.6766311116 -0.0000000000 21.9499550000 -0.0000000000 0.0000000000 1.0000000000 -1.8818310000
1772700983.5732357502 0.6312395030 -0.7755879639 0.0000000000 -12.9640480000 0.7755879639 0.6312395030 0.0000000000 21.8976780000 0.0000000000 0.0000000000 1.0000000000 -1.8497450000
1772700983.6733438969 -0.9922156371 0.1245316408 0.0000000000 -12.8485640000 -0.1245316408 -0.9922156371 0.0000000000 21.8378360000 0.0000000000 0.0000000000 1.0000000000 -1.8382940000
1772700983.7733948231 -0.8985808933 0.4388079058 0.0000000000 -12.7287860000 -0.4388079058 -0.8985808933 0.0000000000 21.7753240000 0.0000000000 0.0000000000 1.0000000000 -1.8398180000
1772700983.8733990192 -0.7513778140 0.6598722457 0.0000000000 -12.6003130000 -0.6598722457 -0.7513778140 0.0000000000 21.7203770000 0.0000000000 0.0000000000 1.0000000000 -1.8209660000
1772700983.9733982086 -0.6206791960 0.7840646247 0.0000000000 -12.4699120000 -0.7840646247 -0.6206791960 0.0000000000 21.6620340000 0.0000000000 0.0000000000 1.0000000000 -1.8037520000
1772700984.0733709335 -0.4671722346 0.8841663323 0.0000000000 -12.3428600000 -0.8841663323 -0.4671722346 0.0000000000 21.6053100000 0.0000000000 0.0000000000 1.0000000000 -1.7970060000
1772700984.1733267307 -0.2218540515 0.9750798838 0.0000000000 -12.2154830000 -0.9750798838 -0.2218540515 0.0000000000 21.5519760000 0.0000000000 0.0000000000 1.0000000000 -1.7852380000
1772700984.2732706070 -0.2242724931 0.9745264742 0.0000000000 -12.0930930000 -0.9745264742 -0.2242724931 0.0000000000 21.5091280000 0.0000000000 0.0000000000 1.0000000000 -1.7681120000
1772700984.3733253479 0.9769223159 0.2135949174 0.0000000000 -11.9613440000 -0.2135949174 0.9769223159 0.0000000000 21.4683820000 0.0000000000 0.0000000000 1.0000000000 -1.7482030000
1772700984.4733555317 -0.3896309548 -0.9209710739 -0.0000000000 -11.8302670000 0.9209710739 -0.3896309548 0.0000000000 21.3959410000 0.0000000000 -0.0000000000 1.0000000000 -1.7402120000
1772700984.5733215809 -0.6692508601 -0.7430365309 -0.0000000000 -11.6981570000 0.7430365309 -0.6692508601 0.0000000000 21.3443230000 0.0000000000 -0.0000000000 1.0000000000 -1.7508640000
1772700984.6732866764 -0.8522546132 -0.5231272067 -0.0000000000 -11.5668980000 0.5231272067 -0.8522546132 0.0000000000 21.3061220000 0.0000000000 -0.0000000000 1.0000000000 -1.7394630000
1772700984.7732691765 -0.9126501585 -0.4087415910 -0.0000000000 -11.4425840000 0.4087415910 -0.9126501585 0.0000000000 21.2608230000 0.0000000000 -0.0000000000 1.0000000000 -1.7322510000
1772700984.8732399940 -0.9867578975 -0.1622000363 -0.0000000000 -11.3195400000 0.1622000363 -0.9867578975 0.0000000000 21.2159340000 0.0000000000 -0.0000000000 1.0000000000 -1.7280700000
1772700984.9732463360 -0.9998640131 -0.0164910645 -0.0000000000 -11.1923420000 0.0164910645 -0.9998640131 0.0000000000 21.1742370000 0.0000000000 -0.0000000000 1.0000000000 -1.7198740000
1772700985.0732922554 -0.9514422516 0.3078272924 0.0000000000 -11.0666240000 -0.3078272924 -0.9514422516 -0.0000000000 21.1339460000 -0.0000000000 0.0000000000 1.0000000000 -1.7139090000
1772700985.1733453274 -0.9401218880 0.3408384304 0.0000000000 -10.9485820000 -0.3408384304 -0.9401218880 -0.0000000000 21.0874810000 -0.0000000000 0.0000000000 1.0000000000 -1.7189860000
1772700985.2735316753 -0.9673882569 0.2532981652 0.0000000000 -10.8239700000 -0.2532981652 -0.9673882569 -0.0000000000 21.0491230000 -0.0000000000 0.0000000000 1.0000000000 -1.7224450000
1772700985.3736746311 -0.9290538887 0.3699444173 0.0000000000 -10.6991220000 -0.3699444173 -0.9290538887 -0.0000000000 21.0090410000 -0.0000000000 0.0000000000 1.0000000000 -1.7194580000
1772700985.4737367630 -0.9839878977 0.1782352858 0.0000000000 -10.5776740000 -0.1782352858 -0.9839878977 -0.0000000000 20.9671520000 -0.0000000000 0.0000000000 1.0000000000 -1.7161830000
1772700985.5736975670 -0.9791885774 0.2029525310 0.0000000000 -10.4489260000 -0.2029525310 -0.9791885774 -0.0000000000 20.9221110000 -0.0000000000 0.0000000000 1.0000000000 -1.7220050000
1772700985.6735951900 -0.9653762594 0.2608614150 0.0000000000 -10.3207880000 -0.2608614150 -0.9653762594 -0.0000000000 20.8734620000 -0.0000000000 0.0000000000 1.0000000000 -1.7261760000
1772700985.7734603882 -0.8241189873 0.5664167147 0.0000000000 -10.1933980000 -0.5664167147 -0.8241189873 -0.0000000000 20.8354650000 -0.0000000000 0.0000000000 1.0000000000 -1.7178640000
1772700985.8733363152 -0.4001373569 0.9164551793 0.0000000000 -10.0674940000 -0.9164551793 -0.4001373569 -0.0000000000 20.7942680000 -0.0000000000 0.0000000000 1.0000000000 -1.7104900000
1772700985.9731574059 -0.6318294163 0.7751074691 0.0000000000 -9.9429960000 -0.7751074691 -0.6318294163 -0.0000000000 20.7399940000 -0.0000000000 0.0000000000 1.0000000000 -1.7411760000
1772700986.0730750561 -0.3680727748 0.9297969845 0.0000000000 -9.8169490000 -0.9297969845 -0.3680727748 -0.0000000000 20.6988960000 -0.0000000000 0.0000000000 1.0000000000 -1.7409290000
1772700986.1730201244 -0.2923808824 0.9563019500 0.0000000000 -9.6877820000 -0.9563019500 -0.2923808824 -0.0000000000 20.6610680000 -0.0000000000 0.0000000000 1.0000000000 -1.7315960000
1772700986.2730271816 -0.2665691932 0.9638157839 0.0000000000 -9.5605580000 -0.9638157839 -0.2665691932 -0.0000000000 20.6219680000 -0.0000000000 0.0000000000 1.0000000000 -1.7303400000
1772700986.3731303215 -0.2064857898 0.9784495994 0.0000000000 -9.4375590000 -0.9784495994 -0.2064857898 -0.0000000000 20.5891570000 -0.0000000000 0.0000000000 1.0000000000 -1.7271860000
1772700986.4732191563 -0.2747726203 0.9615092340 0.0000000000 -9.3231580000 -0.9615092340 -0.2747726203 -0.0000000000 20.5606580000 -0.0000000000 0.0000000000 1.0000000000 -1.7293190000
1772700986.5732431412 0.1290819775 0.9916339259 0.0000000000 -9.2207180000 -0.9916339259 0.1290819775 -0.0000000000 20.5328390000 -0.0000000000 0.0000000000 1.0000000000 -1.7285790000
1772700986.6732342243 0.6778434222 0.7352062942 0.0000000000 -9.1205940000 -0.7352062942 0.6778434222 -0.0000000000 20.5071970000 -0.0000000000 0.0000000000 1.0000000000 -1.7219050000
1772700986.7732141018 0.4266261530 0.9044280654 0.0000000000 -9.0208920000 -0.9044280654 0.4266261530 -0.0000000000 20.4731250000 -0.0000000000 0.0000000000 1.0000000000 -1.7349260000
1772700986.8731460571 0.6149292910 0.7885822513 0.0000000000 -8.9344000000 -0.7885822513 0.6149292910 -0.0000000000 20.4437960000 -0.0000000000 0.0000000000 1.0000000000 -1.7352520000
1772700986.9730458260 0.6330626022 0.7741006018 0.0000000000 -8.8484010000 -0.7741006018 0.6330626022 -0.0000000000 20.4190390000 -0.0000000000 0.0000000000 1.0000000000 -1.7273470000
1772700987.0730540752 0.6390273183 0.7691840394 0.0000000000 -8.7652190000 -0.7691840394 0.6390273183 -0.0000000000 20.3874270000 -0.0000000000 0.0000000000 1.0000000000 -1.7332260000
1772700987.1731677055 0.6907532188 0.7230905827 0.0000000000 -8.6771900000 -0.7230905827 0.6907532188 -0.0000000000 20.3602100000 -0.0000000000 0.0000000000 1.0000000000 -1.7362090000
1772700987.2731897831 0.7896563324 0.6135494086 0.0000000000 -8.5917380000 -0.6135494086 0.7896563324 -0.0000000000 20.3344620000 -0.0000000000 0.0000000000 1.0000000000 -1.7313230000
1772700987.3732728958 0.8507068409 0.5256404387 0.0000000000 -8.5077480000 -0.5256404387 0.8507068409 -0.0000000000 20.3053250000 -0.0000000000 0.0000000000 1.0000000000 -1.7296940000
1772700987.4733369350 0.9066103974 0.4219687041 0.0000000000 -8.4226930000 -0.4219687041 0.9066103974 -0.0000000000 20.2797540000 -0.0000000000 0.0000000000 1.0000000000 -1.7184620000
1772700987.5733726025 0.8629077316 0.5053615011 0.0000000000 -8.3697630000 -0.5053615011 0.8629077316 -0.0000000000 20.2725490000 -0.0000000000 0.0000000000 1.0000000000 -1.7231070000
1772700987.6734395027 0.8419283198 0.5395893849 0.0000000000 -8.2884160000 -0.5395893849 0.8419283198 -0.0000000000 20.2460460000 -0.0000000000 0.0000000000 1.0000000000 -1.7235280000
1772700987.7734582424 0.8448285138 0.5350371783 0.0000000000 -8.2073960000 -0.5350371783 0.8448285138 -0.0000000000 20.2218330000 -0.0000000000 0.0000000000 1.0000000000 -1.7224190000
1772700987.8735270500 0.8534612874 0.5211562443 0.0000000000 -8.1247320000 -0.5211562443 0.8534612874 -0.0000000000 20.1951530000 -0.0000000000 0.0000000000 1.0000000000 -1.7264580000
1772700987.9736475945 0.8761843277 0.4819761653 0.0000000000 -8.0414300000 -0.4819761653 0.8761843277 -0.0000000000 20.1737100000 -0.0000000000 0.0000000000 1.0000000000 -1.7198390000
1772700988.0737600327 0.9451190059 0.3267262840 0.0000000000 -7.9542620000 -0.3267262840 0.9451190059 -0.0000000000 20.1515930000 -0.0000000000 0.0000000000 1.0000000000 -1.7167260000
1772700988.1738293171 0.9984392261 -0.0558490089 0.0000000000 -7.8698460000 0.0558490089 0.9984392261 0.0000000000 20.1273180000 0.0000000000 0.0000000000 1.0000000000 -1.7212440000
1772700988.2738225460 0.9981735982 0.0604108260 0.0000000000 -7.7831470000 -0.0604108260 0.9981735982 -0.0000000000 20.1092850000 -0.0000000000 0.0000000000 1.0000000000 -1.7157410000
1772700988.3737375736 0.9998911552 -0.0147539070 0.0000000000 -7.7018620000 0.0147539070 0.9998911552 0.0000000000 20.0854120000 0.0000000000 0.0000000000 1.0000000000 -1.7211870000
1772700988.4736914635 0.9957315939 -0.0922962238 0.0000000000 -7.6180010000 0.0922962238 0.9957315939 0.0000000000 20.0668830000 0.0000000000 0.0000000000 1.0000000000 -1.7168260000
1772700988.5736327171 0.9856952683 -0.1685373493 0.0000000000 -7.5384480000 0.1685373493 0.9856952683 0.0000000000 20.0448140000 0.0000000000 0.0000000000 1.0000000000 -1.7233590000
1772700988.6735823154 0.9856006379 -0.1690898655 0.0000000000 -7.4550680000 0.1690898655 0.9856006379 0.0000000000 20.0182560000 0.0000000000 0.0000000000 1.0000000000 -1.7310010000
1772700988.7735383511 0.9804462848 -0.1967868964 0.0000000000 -7.3600720000 0.1967868964 0.9804462848 0.0000000000 19.9952580000 0.0000000000 0.0000000000 1.0000000000 -1.7296350000
1772700988.8735005856 0.9893226118 -0.1457421347 0.0000000000 -7.2472920000 0.1457421347 0.9893226118 0.0000000000 19.9621930000 0.0000000000 0.0000000000 1.0000000000 -1.7303740000
1772700988.9163095951 0.9577795927 -0.2875034813 0.0000000000 -7.1315220000 0.2875034813 0.9577795927 0.0000000000 19.9279250000 0.0000000000 0.0000000000 1.0000000000 -1.7299900000
1772700989.0736629963 0.7308770469 -0.6825091518 0.0000000000 -7.0196210000 0.6825091518 0.7308770469 0.0000000000 19.8913340000 0.0000000000 0.0000000000 1.0000000000 -1.7264880000
1772700989.1737654209 0.6071408697 -0.7945942136 0.0000000000 -6.9041590000 0.7945942136 0.6071408697 0.0000000000 19.8561020000 0.0000000000 0.0000000000 1.0000000000 -1.7322630000
1772700989.2739605904 0.3678058575 -0.9299026031 0.0000000000 -6.7885010000 0.9299026031 0.3678058575 0.0000000000 19.8306260000 0.0000000000 0.0000000000 1.0000000000 -1.7306070000
1772700989.3741104603 0.4141970608 -0.9101872307 0.0000000000 -6.6392020000 0.9101872307 0.4141970608 0.0000000000 19.7849690000 0.0000000000 0.0000000000 1.0000000000 -1.7313010000
1772700989.4740145206 0.3654790822 -0.9308195531 0.0000000000 -6.5111170000 0.9308195531 0.3654790822 0.0000000000 19.7525690000 0.0000000000 0.0000000000 1.0000000000 -1.7376700000
1772700989.5739283562 0.4260494945 -0.9046998554 0.0000000000 -6.3837290000 0.9046998554 0.4260494945 0.0000000000 19.7232500000 0.0000000000 0.0000000000 1.0000000000 -1.7410970000
1772700989.6738550663 0.3632179817 -0.9317041901 0.0000000000 -6.2534930000 0.9317041901 0.3632179817 0.0000000000 19.6917310000 0.0000000000 0.0000000000 1.0000000000 -1.7442120000
1772700989.7739069462 0.3219369683 -0.9467611042 0.0000000000 -6.1245010000 0.9467611042 0.3219369683 0.0000000000 19.6586930000 0.0000000000 0.0000000000 1.0000000000 -1.7445270000
1772700989.8738934994 0.3047177233 -0.9524427065 0.0000000000 -5.9956110000 0.9524427065 0.3047177233 0.0000000000 19.6260120000 0.0000000000 0.0000000000 1.0000000000 -1.7379100000
1772700989.9739401340 0.2982118506 -0.9544997078 0.0000000000 -5.8673420000 0.9544997078 0.2982118506 0.0000000000 19.5921860000 0.0000000000 0.0000000000 1.0000000000 -1.7401570000
1772700990.0739619732 0.3617385341 -0.9322795895 0.0000000000 -5.7383310000 0.9322795895 0.3617385341 0.0000000000 19.5603840000 0.0000000000 0.0000000000 1.0000000000 -1.7460950000
1772700990.1739230156 0.2783099873 -0.9604913071 0.0000000000 -5.6093350000 0.9604913071 0.2783099873 0.0000000000 19.5315440000 0.0000000000 0.0000000000 1.0000000000 -1.7459340000
1772700990.2738528252 0.3560734359 -0.9344579756 0.0000000000 -5.4820010000 0.9344579756 0.3560734359 0.0000000000 19.4985350000 0.0000000000 0.0000000000 1.0000000000 -1.7510340000
1772700990.3737120628 0.2773255240 -0.9607760164 0.0000000000 -5.3533240000 0.9607760164 0.2773255240 0.0000000000 19.4616700000 0.0000000000 0.0000000000 1.0000000000 -1.7630860000
1772700990.4736561775 0.2322796613 -0.9726490420 0.0000000000 -5.2261560000 0.9726490420 0.2322796613 0.0000000000 19.4259920000 0.0000000000 0.0000000000 1.0000000000 -1.7730150000
1772700990.5735931396 0.2686036226 -0.9632507949 0.0000000000 -5.1027430000 0.9632507949 0.2686036226 0.0000000000 19.3891210000 0.0000000000 0.0000000000 1.0000000000 -1.7845340000
1772700990.6736531258 -0.0773420344 -0.9970046187 0.0000000000 -4.9768770000 0.9970046187 -0.0773420344 0.0000000000 19.3596160000 0.0000000000 0.0000000000 1.0000000000 -1.7742140000
1772700990.7737224102 -0.1427243139 -0.9897624817 0.0000000000 -4.8520950000 0.9897624817 -0.1427243139 0.0000000000 19.3269770000 0.0000000000 0.0000000000 1.0000000000 -1.7745940000
1772700990.8737273216 -0.2968676775 -0.9549186259 0.0000000000 -4.7287550000 0.9549186259 -0.2968676775 0.0000000000 19.2934850000 0.0000000000 0.0000000000 1.0000000000 -1.7826830000
1772700990.9736814499 -0.4274550176 -0.9040366187 0.0000000000 -4.6014970000 0.9040366187 -0.4274550176 0.0000000000 19.2668320000 0.0000000000 0.0000000000 1.0000000000 -1.7805230000
1772700991.0736491680 -0.4676375210 -0.8839203295 0.0000000000 -4.4712010000 0.8839203295 -0.4676375210 0.0000000000 19.2386700000 0.0000000000 0.0000000000 1.0000000000 -1.7929270000
1772700991.1736218929 -0.9987585538 0.0498131628 0.0000000000 -4.3381520000 -0.0498131628 -0.9987585538 0.0000000000 19.2143070000 0.0000000000 0.0000000000 1.0000000000 -1.7887720000
1772700991.2735655308 -0.7172142285 0.6968527466 0.0000000000 -4.2161650000 -0.6968527466 -0.7172142285 0.0000000000 19.2010130000 0.0000000000 0.0000000000 1.0000000000 -1.8012620000
1772700991.3734672070 -0.8357390497 0.5491267985 0.0000000000 -4.0874620000 -0.5491267985 -0.8357390497 0.0000000000 19.1743210000 0.0000000000 0.0000000000 1.0000000000 -1.8068590000
1772700991.4734268188 -0.7114826365 0.7027036772 0.0000000000 -3.9589480000 -0.7027036772 -0.7114826365 0.0000000000 19.1475850000 0.0000000000 0.0000000000 1.0000000000 -1.8064570000
1772700991.5733408928 -0.6027873001 0.7979019180 0.0000000000 -3.8348200000 -0.7979019180 -0.6027873001 0.0000000000 19.1239630000 0.0000000000 0.0000000000 1.0000000000 -1.8087830000
1772700991.6732854843 -0.3479916359 0.9374976381 0.0000000000 -3.7035880000 -0.9374976381 -0.3479916359 0.0000000000 19.1017560000 0.0000000000 0.0000000000 1.0000000000 -1.8118810000
1772700991.7732479572 0.8062280138 0.5916049270 0.0000000000 -3.5741310000 -0.5916049270 0.8062280138 0.0000000000 19.0727750000 0.0000000000 0.0000000000 1.0000000000 -1.8190890000
1772700991.8732690811 0.6930495318 0.7208899683 0.0000000000 -3.4426340000 -0.7208899683 0.6930495318 0.0000000000 19.0575210000 0.0000000000 0.0000000000 1.0000000000 -1.8153460000
1772700991.9733331203 0.8983535817 0.4392730839 0.0000000000 -3.3135770000 -0.4392730839 0.8983535817 0.0000000000 19.0344720000 0.0000000000 0.0000000000 1.0000000000 -1.8130450000
1772700992.0733897686 0.7954450734 0.6060256885 0.0000000000 -3.1832810000 -0.6060256885 0.7954450734 0.0000000000 19.0123470000 0.0000000000 0.0000000000 1.0000000000 -1.8137790000
1772700992.1734743118 0.9226101127 0.3857338201 0.0000000000 -3.0587340000 -0.3857338201 0.9226101127 0.0000000000 18.9903590000 0.0000000000 0.0000000000 1.0000000000 -1.8208200000
1772700992.2735075951 0.9062668702 0.4227059970 0.0000000000 -2.9353280000 -0.4227059970 0.9062668702 0.0000000000 18.9670770000 0.0000000000 0.0000000000 1.0000000000 -1.8288780000
1772700992.3735716343 0.9710777142 0.2387636343 0.0000000000 -2.8076440000 -0.2387636343 0.9710777142 0.0000000000 18.9474400000 0.0000000000 0.0000000000 1.0000000000 -1.8284120000
1772700992.4736347198 0.9756871364 0.2191679991 0.0000000000 -2.6809610000 -0.2191679991 0.9756871364 0.0000000000 18.9219570000 0.0000000000 0.0000000000 1.0000000000 -1.8357030000
1772700992.5736799240 0.9734509855 0.2288955633 0.0000000000 -2.5476770000 -0.2288955633 0.9734509855 0.0000000000 18.9006240000 0.0000000000 0.0000000000 1.0000000000 -1.8348020000
1772700992.6737043858 0.9989627012 0.0455359368 0.0000000000 -2.4187080000 -0.0455359368 0.9989627012 0.0000000000 18.8818840000 0.0000000000 0.0000000000 1.0000000000 -1.8336410000
1772700992.7736535072 0.9995328222 0.0305636605 0.0000000000 -2.2830600000 -0.0305636605 0.9995328222 0.0000000000 18.8601210000 0.0000000000 0.0000000000 1.0000000000 -1.8422170000
1772700992.8735630512 0.9959100137 0.0903506757 0.0000000000 -2.1470620000 -0.0903506757 0.9959100137 0.0000000000 18.8370480000 0.0000000000 0.0000000000 1.0000000000 -1.8492300000
1772700992.9734981060 0.9875952851 0.1570208675 0.0000000000 -2.0120680000 -0.1570208675 0.9875952851 0.0000000000 18.8206820000 0.0000000000 0.0000000000 1.0000000000 -1.8432720000
1772700993.0733618736 0.9775542661 0.2106837838 0.0000000000 -1.8766080000 -0.2106837838 0.9775542661 0.0000000000 18.7956850000 0.0000000000 0.0000000000 1.0000000000 -1.8470820000
1772700993.1733584404 0.9834254632 0.1813128742 0.0000000000 -1.7447340000 -0.1813128742 0.9834254632 0.0000000000 18.7693180000 0.0000000000 0.0000000000 1.0000000000 -1.8557360000
1772700993.2732799053 0.8299246485 0.5578755039 0.0000000000 -1.6199320000 -0.5578755039 0.8299246485 0.0000000000 18.7448320000 0.0000000000 0.0000000000 1.0000000000 -1.8630330000
1772700993.3732655048 -0.7558627605 0.6547300873 0.0000000000 -1.4936290000 -0.6547300873 -0.7558627605 0.0000000000 18.7239540000 0.0000000000 0.0000000000 1.0000000000 -1.8711050000
1772700993.4732396603 -0.6359140530 0.7717598832 0.0000000000 -1.3801680000 -0.7717598832 -0.6359140530 0.0000000000 18.6936930000 0.0000000000 0.0000000000 1.0000000000 -1.8669370000
1772700993.5732157230 -0.8705694829 0.4920455014 0.0000000000 -1.2547340000 -0.4920455014 -0.8705694829 0.0000000000 18.6623050000 0.0000000000 0.0000000000 1.0000000000 -1.8797310000
1772700993.6194519997 -0.8247151510 0.5655483354 0.0000000000 -1.1261780000 -0.5655483354 -0.8247151510 0.0000000000 18.6351790000 0.0000000000 0.0000000000 1.0000000000 -1.8862830000
1772700993.7732598782 -0.8532983800 0.5214229326 0.0000000000 -0.9962940000 -0.5214229326 -0.8532983800 0.0000000000 18.6088580000 0.0000000000 0.0000000000 1.0000000000 -1.8936010000
1772700993.8732960224 -0.8440894292 0.5362024203 0.0000000000 -0.8677670000 -0.5362024203 -0.8440894292 0.0000000000 18.5838860000 0.0000000000 0.0000000000 1.0000000000 -1.8933490000
1772700993.9734206200 -0.8395744794 0.5432445983 0.0000000000 -0.7360080000 -0.5432445983 -0.8395744794 0.0000000000 18.5585130000 0.0000000000 0.0000000000 1.0000000000 -1.8925160000
1772700994.0734488964 -0.8092055546 0.5875256339 0.0000000000 -0.6057290000 -0.5875256339 -0.8092055546 0.0000000000 18.5276900000 0.0000000000 0.0000000000 1.0000000000 -1.8993820000
1772700994.1734137535 -0.8476784393 0.5305103802 0.0000000000 -0.4732560000 -0.5305103802 -0.8476784393 0.0000000000 18.4932820000 0.0000000000 0.0000000000 1.0000000000 -1.9082060000
1772700994.2734458447 -0.7667326538 0.6419665393 0.0000000000 -0.3393720000 -0.6419665393 -0.7667326538 0.0000000000 18.4627340000 0.0000000000 0.0000000000 1.0000000000 -1.9108030000
1772700994.3735072613 -0.7672554734 0.6413415927 0.0000000000 -0.2099200000 -0.6413415927 -0.7672554734 0.0000000000 18.4311370000 0.0000000000 0.0000000000 1.0000000000 -1.9216200000
1772700994.4734132290 -0.7554157145 0.6552458304 0.0000000000 -0.0803530000 -0.6552458304 -0.7554157145 0.0000000000 18.3999210000 0.0000000000 0.0000000000 1.0000000000 -1.9295530000
1772700994.5733053684 -0.7602281216 0.6496562192 0.0000000000 0.0456620000 -0.6496562192 -0.7602281216 0.0000000000 18.3732730000 0.0000000000 0.0000000000 1.0000000000 -1.9333700000
1772700994.6733100414 -0.7095205489 0.7046847456 0.0000000000 0.1711700000 -0.7046847456 -0.7095205489 0.0000000000 18.3498450000 0.0000000000 0.0000000000 1.0000000000 -1.9400590000
1772700994.7734332085 -0.6977473041 0.7163439813 0.0000000000 0.3006270000 -0.7163439813 -0.6977473041 0.0000000000 18.3239670000 0.0000000000 0.0000000000 1.0000000000 -1.9537570000
1772700994.8735251427 -0.6204667570 0.7842327483 0.0000000000 0.4244650000 -0.7842327483 -0.6204667570 0.0000000000 18.2960070000 0.0000000000 0.0000000000 1.0000000000 -1.9708490000
1772700994.9735665321 -0.6248349465 0.7807568697 0.0000000000 0.5491350000 -0.7807568697 -0.6248349465 0.0000000000 18.2738380000 0.0000000000 0.0000000000 1.0000000000 -1.9717460000
1772700995.0735888481 -0.2659313339 0.9639919738 0.0000000000 0.6753640000 -0.9639919738 -0.2659313339 0.0000000000 18.2508870000 0.0000000000 0.0000000000 1.0000000000 -1.9749960000
1772700995.1737041473 0.7503094721 0.6610867538 0.0000000000 0.8054960000 -0.6610867538 0.7503094721 0.0000000000 18.2192190000 0.0000000000 0.0000000000 1.0000000000 -1.9752180000
1772700995.2211396694 0.3487216425 0.9372263419 0.0000000000 0.9394630000 -0.9372263419 0.3487216425 0.0000000000 18.1936380000 0.0000000000 0.0000000000 1.0000000000 -1.9728310000
1772700995.3737659454 0.5203486834 0.8539538908 0.0000000000 1.0756790000 -0.8539538908 0.5203486834 0.0000000000 18.1695940000 0.0000000000 0.0000000000 1.0000000000 -1.9756790000
1772700995.4206326008 0.4030081963 0.9151963689 0.0000000000 1.2105110000 -0.9151963689 0.4030081963 0.0000000000 18.1472750000 0.0000000000 0.0000000000 1.0000000000 -1.9823840000
1772700995.5739138126 0.4131367447 0.9106690014 0.0000000000 1.3448960000 -0.9106690014 0.4131367447 0.0000000000 18.1246470000 0.0000000000 0.0000000000 1.0000000000 -1.9879450000
1772700995.6218576431 0.3155577702 0.9489063672 0.0000000000 1.4734490000 -0.9489063672 0.3155577702 0.0000000000 18.1032340000 0.0000000000 0.0000000000 1.0000000000 -1.9963890000
1772700995.7740292549 0.3820390614 0.9241461765 0.0000000000 1.5954980000 -0.9241461765 0.3820390614 0.0000000000 18.0835100000 0.0000000000 0.0000000000 1.0000000000 -2.0043180000
1772700995.8741049767 0.4635781704 0.8860560253 0.0000000000 1.7166910000 -0.8860560253 0.4635781704 0.0000000000 18.0620880000 0.0000000000 0.0000000000 1.0000000000 -2.0126940000
1772700995.9216825962 0.6351473337 0.7723910049 0.0000000000 1.8224530000 -0.7723910049 0.6351473337 0.0000000000 18.0322140000 0.0000000000 0.0000000000 1.0000000000 -2.0335660000
1772700996.0740747452 0.6458198846 0.7634898013 0.0000000000 1.9484230000 -0.7634898013 0.6458198846 0.0000000000 18.0073550000 0.0000000000 0.0000000000 1.0000000000 -2.0391140000
1772700996.1742274761 0.6797372856 0.7334556718 0.0000000000 2.0773540000 -0.7334556718 0.6797372856 0.0000000000 17.9795180000 0.0000000000 0.0000000000 1.0000000000 -2.0471830000
1772700996.2742705345 0.6046847169 0.7964649353 0.0000000000 2.2058590000 -0.7964649353 0.6046847169 0.0000000000 17.9520530000 0.0000000000 0.0000000000 1.0000000000 -2.0514420000
1772700996.3744149208 0.5860084718 0.8103049247 0.0000000000 2.3423490000 -0.8103049247 0.5860084718 0.0000000000 17.9221640000 0.0000000000 0.0000000000 1.0000000000 -2.0646740000
1772700996.4745507240 0.6970931469 0.7169805747 0.0000000000 2.4783530000 -0.7169805747 0.6970931469 0.0000000000 17.8972840000 0.0000000000 0.0000000000 1.0000000000 -2.0649340000
1772700996.5746219158 0.7228543833 0.6910003912 0.0000000000 2.6125200000 -0.6910003912 0.7228543833 0.0000000000 17.8699410000 0.0000000000 0.0000000000 1.0000000000 -2.0708340000
1772700996.6219377518 0.7589893072 0.6511030883 0.0000000000 2.7460810000 -0.6511030883 0.7589893072 0.0000000000 17.8434130000 0.0000000000 0.0000000000 1.0000000000 -2.0792420000
1772700996.7746310234 0.7935630169 0.6084880756 0.0000000000 2.8771130000 -0.6084880756 0.7935630169 0.0000000000 17.8244220000 0.0000000000 0.0000000000 1.0000000000 -2.0789660000
1772700996.8745028973 0.8016739464 0.5977615609 0.0000000000 3.0076030000 -0.5977615609 0.8016739464 0.0000000000 17.8036570000 0.0000000000 0.0000000000 1.0000000000 -2.0825650000
1772700996.9745242596 0.8163879014 0.5775039346 0.0000000000 3.1380790000 -0.5775039346 0.8163879014 0.0000000000 17.7847910000 0.0000000000 0.0000000000 1.0000000000 -2.0860510000
1772700997.0744669437 0.8052249206 0.5929694994 0.0000000000 3.2661170000 -0.5929694994 0.8052249206 0.0000000000 17.7628790000 0.0000000000 0.0000000000 1.0000000000 -2.0979350000
1772700997.1229946613 0.8183695462 0.5746923402 0.0000000000 3.3934080000 -0.5746923402 0.8183695462 0.0000000000 17.7435520000 0.0000000000 0.0000000000 1.0000000000 -2.1078470000
1772700997.2744555473 0.8190350011 0.5737435551 0.0000000000 3.5169070000 -0.5737435551 0.8190350011 0.0000000000 17.7257400000 0.0000000000 0.0000000000 1.0000000000 -2.1208030000
1772700997.3744077682 0.8159754989 0.5780864859 0.0000000000 3.6409040000 -0.5780864859 0.8159754989 0.0000000000 17.7060240000 0.0000000000 0.0000000000 1.0000000000 -2.1330900000
1772700997.4743409157 0.8723719748 0.4888426512 0.0000000000 3.7664050000 -0.4888426512 0.8723719748 0.0000000000 17.6884570000 0.0000000000 0.0000000000 1.0000000000 -2.1375710000
1772700997.5742781162 0.8932387753 0.4495825735 0.0000000000 3.8894630000 -0.4495825735 0.8932387753 0.0000000000 17.6678980000 0.0000000000 0.0000000000 1.0000000000 -2.1437790000
1772700997.6741542816 0.9200139875 0.3918855225 0.0000000000 4.0177250000 -0.3918855225 0.9200139875 0.0000000000 17.6403010000 0.0000000000 0.0000000000 1.0000000000 -2.1579310000
1772700997.7740304470 0.9134862229 0.4068696605 0.0000000000 4.1491060000 -0.4068696605 0.9134862229 0.0000000000 17.6144710000 0.0000000000 0.0000000000 1.0000000000 -2.1664190000
1772700997.8224365711 0.8565971382 0.5159857971 0.0000000000 4.2865830000 -0.5159857971 0.8565971382 0.0000000000 17.5902280000 0.0000000000 0.0000000000 1.0000000000 -2.1716250000
1772700997.9738078117 0.9108111841 0.4128231908 0.0000000000 4.4250040000 -0.4128231908 0.9108111841 0.0000000000 17.5676730000 0.0000000000 0.0000000000 1.0000000000 -2.1749030000
1772700998.0738189220 0.9598595263 0.2804811756 0.0000000000 4.5600380000 -0.2804811756 0.9598595263 0.0000000000 17.5416310000 0.0000000000 0.0000000000 1.0000000000 -2.1807880000
1772700998.1738092899 0.9890077554 0.1478636526 0.0000000000 4.6950970000 -0.1478636526 0.9890077554 0.0000000000 17.5169760000 0.0000000000 0.0000000000 1.0000000000 -2.1847730000
1772700998.2227015495 0.9936602527 0.1124246516 0.0000000000 4.8243370000 -0.1124246516 0.9936602527 0.0000000000 17.4966080000 0.0000000000 0.0000000000 1.0000000000 -2.1883780000
1772700998.3238515854 0.9845317959 0.1752060012 0.0000000000 4.9495380000 -0.1752060012 0.9845317959 0.0000000000 17.4767680000 0.0000000000 0.0000000000 1.0000000000 -2.1968070000
1772700998.4235837460 0.9949280586 -0.1005890562 -0.0000000000 5.0745260000 0.1005890562 0.9949280586 0.0000000000 17.4575140000 0.0000000000 -0.0000000000 1.0000000000 -2.2033540000
1772700998.5736820698 0.9988647221 -0.0476368231 -0.0000000000 5.1999930000 0.0476368231 0.9988647221 0.0000000000 17.4352970000 0.0000000000 -0.0000000000 1.0000000000 -2.2150970000
1772700998.6229367256 0.9758344421 -0.2185111935 -0.0000000000 5.3216580000 0.2185111935 0.9758344421 0.0000000000 17.4121890000 0.0000000000 -0.0000000000 1.0000000000 -2.2290830000
1772700998.7244117260 0.9906833698 -0.1361853916 -0.0000000000 5.4428490000 0.1361853916 0.9906833698 0.0000000000 17.3941940000 0.0000000000 -0.0000000000 1.0000000000 -2.2305960000
1772700998.8735227585 0.9809774118 -0.1941219143 -0.0000000000 5.5693000000 0.1941219143 0.9809774118 0.0000000000 17.3711600000 0.0000000000 -0.0000000000 1.0000000000 -2.2396490000
1772700998.9735991955 0.9763160274 0.2163492885 0.0000000000 5.6982700000 -0.2163492885 0.9763160274 0.0000000000 17.3393760000 0.0000000000 0.0000000000 1.0000000000 -2.2555350000
1772700999.0232117176 0.2366845924 0.9715865395 0.0000000000 5.8410100000 -0.9715865395 0.2366845924 0.0000000000 17.3299340000 0.0000000000 0.0000000000 1.0000000000 -2.2661200000
1772700999.1242086887 0.2342163666 0.9721844957 0.0000000000 5.9737300000 -0.9721844957 0.2342163666 0.0000000000 17.3045090000 0.0000000000 0.0000000000 1.0000000000 -2.2748290000
1772700999.2252106667 -0.2088724859 0.9779428841 0.0000000000 6.1077110000 -0.9779428841 -0.2088724859 0.0000000000 17.2794500000 0.0000000000 0.0000000000 1.0000000000 -2.2794850000
1772700999.3736305237 -0.2908077088 0.9567815197 0.0000000000 6.2411190000 -0.9567815197 -0.2908077088 0.0000000000 17.2485840000 0.0000000000 0.0000000000 1.0000000000 -2.2947180000
1772700999.4736883640 -0.3805731182 0.9247508322 0.0000000000 6.3654230000 -0.9247508322 -0.3805731182 0.0000000000 17.2237450000 0.0000000000 0.0000000000 1.0000000000 -2.3041500000
1772700999.5248715878 -0.4184187054 0.9082542524 0.0000000000 6.4842980000 -0.9082542524 -0.4184187054 0.0000000000 17.2048500000 0.0000000000 0.0000000000 1.0000000000 -2.3084470000
1772700999.6738142967 -0.4587084166 0.8885868492 0.0000000000 6.6062570000 -0.8885868492 -0.4587084166 0.0000000000 17.1841490000 0.0000000000 0.0000000000 1.0000000000 -2.3113690000
1772700999.7238976955 -0.3534082740 0.9354691827 0.0000000000 6.7243700000 -0.9354691827 -0.3534082740 0.0000000000 17.1582050000 0.0000000000 0.0000000000 1.0000000000 -2.3217640000
1772700999.8237407207 -0.2593382412 0.9657865585 0.0000000000 6.8477060000 -0.9657865585 -0.2593382412 0.0000000000 17.1347470000 0.0000000000 0.0000000000 1.0000000000 -2.3291410000
1772700999.9737601280 -0.0240274863 0.9997112983 0.0000000000 6.9784090000 -0.9997112983 -0.0240274863 0.0000000000 17.1070510000 0.0000000000 0.0000000000 1.0000000000 -2.3304630000
1772701000.0242135525 0.0022624951 0.9999974406 0.0000000000 7.1125210000 -0.9999974406 0.0022624951 0.0000000000 17.0751870000 0.0000000000 0.0000000000 1.0000000000 -2.3345290000
1772701000.1239087582 0.0405605920 0.9991770806 0.0000000000 7.2441320000 -0.9991770806 0.0405605920 0.0000000000 17.0389310000 0.0000000000 0.0000000000 1.0000000000 -2.3513920000
1772701000.2250916958 0.1172552279 0.9931018133 0.0000000000 7.3821030000 -0.9931018133 0.1172552279 0.0000000000 17.0135290000 0.0000000000 0.0000000000 1.0000000000 -2.3502130000
1772701000.3735268116 0.1735425664 0.9848263693 0.0000000000 7.5163770000 -0.9848263693 0.1735425664 0.0000000000 16.9856920000 0.0000000000 0.0000000000 1.0000000000 -2.3573030000
1772701000.4734368324 -0.0885890993 0.9960682564 0.0000000000 7.6463020000 -0.9960682564 -0.0885890993 0.0000000000 16.9532220000 0.0000000000 0.0000000000 1.0000000000 -2.3730040000
1772701000.5240917206 0.0161866706 0.9998689873 0.0000000000 7.7763450000 -0.9998689873 0.0161866706 0.0000000000 16.9332830000 0.0000000000 0.0000000000 1.0000000000 -2.3696220000
1772701000.6242077351 0.2110596037 0.9774731933 0.0000000000 7.9071610000 -0.9774731933 0.2110596037 0.0000000000 16.9131370000 0.0000000000 0.0000000000 1.0000000000 -2.3764370000
1772701000.7254407406 0.1738090954 0.9847793653 0.0000000000 8.0323490000 -0.9847793653 0.1738090954 0.0000000000 16.8894970000 0.0000000000 0.0000000000 1.0000000000 -2.3854220000
1772701000.8251147270 0.3182048389 0.9480219831 0.0000000000 8.1565360000 -0.9480219831 0.3182048389 0.0000000000 16.8720950000 0.0000000000 0.0000000000 1.0000000000 -2.3876290000
1772701000.9251856804 0.2674465825 0.9635726882 0.0000000000 8.2867820000 -0.9635726882 0.2674465825 0.0000000000 16.8505060000 0.0000000000 0.0000000000 1.0000000000 -2.3898600000
1772701001.0256097317 0.4178060074 0.9085362625 0.0000000000 8.4159330000 -0.9085362625 0.4178060074 0.0000000000 16.8237820000 0.0000000000 0.0000000000 1.0000000000 -2.3996650000
1772701001.1733040810 0.8508534603 0.5254030730 0.0000000000 8.5506890000 -0.5254030730 0.8508534603 0.0000000000 16.7940690000 0.0000000000 0.0000000000 1.0000000000 -2.4092880000
1772701001.2249076366 0.6133889116 0.7897810096 0.0000000000 8.6849530000 -0.7897810096 0.6133889116 0.0000000000 16.7670110000 0.0000000000 0.0000000000 1.0000000000 -2.4252210000
1772701001.3263945580 0.8014894739 0.5980088822 0.0000000000 8.8139560000 -0.5980088822 0.8014894739 0.0000000000 16.7426330000 0.0000000000 0.0000000000 1.0000000000 -2.4289960000
1772701001.4250867367 0.8380305687 0.5456232821 0.0000000000 8.9419800000 -0.5456232821 0.8380305687 0.0000000000 16.7258370000 0.0000000000 0.0000000000 1.0000000000 -2.4309600000
1772701001.5260536671 0.8962727873 0.4435032027 0.0000000000 9.0629690000 -0.4435032027 0.8962727873 0.0000000000 16.6960060000 0.0000000000 0.0000000000 1.0000000000 -2.4457840000
1772701001.6264016628 0.9424678076 0.3342969212 0.0000000000 9.1903670000 -0.3342969212 0.9424678076 0.0000000000 16.6711320000 0.0000000000 0.0000000000 1.0000000000 -2.4546640000
1772701001.7735824585 0.9489084413 0.3155515331 0.0000000000 9.3188940000 -0.3155515331 0.9489084413 0.0000000000 16.6505520000 0.0000000000 0.0000000000 1.0000000000 -2.4618830000
1772701001.8255336285 0.9649041888 0.2626021827 0.0000000000 9.4460580000 -0.2626021827 0.9649041888 0.0000000000 16.6324450000 0.0000000000 0.0000000000 1.0000000000 -2.4649660000
1772701001.9262456894 0.9209772575 0.3896163383 0.0000000000 9.5751050000 -0.3896163383 0.9209772575 0.0000000000 16.6098870000 0.0000000000 0.0000000000 1.0000000000 -2.4759320000
1772701002.0737740993 0.9308818176 0.3653204642 0.0000000000 9.7018110000 -0.3653204642 0.9308818176 0.0000000000 16.5911890000 0.0000000000 0.0000000000 1.0000000000 -2.4807220000
1772701002.1252036095 0.9403381484 0.3402413359 0.0000000000 9.8281050000 -0.3402413359 0.9403381484 0.0000000000 16.5697910000 0.0000000000 0.0000000000 1.0000000000 -2.4858100000
1772701002.2268266678 0.9497188689 0.3131039287 0.0000000000 9.9594760000 -0.3131039287 0.9497188689 0.0000000000 16.5488270000 0.0000000000 0.0000000000 1.0000000000 -2.4948410000
1772701002.3263225555 0.9869473102 0.1610434935 0.0000000000 10.0925990000 -0.1610434935 0.9869473102 0.0000000000 16.5260740000 0.0000000000 0.0000000000 1.0000000000 -2.5051100000
1772701002.4260735512 0.9845964917 0.1748420673 0.0000000000 10.2260180000 -0.1748420673 0.9845964917 0.0000000000 16.5024160000 0.0000000000 0.0000000000 1.0000000000 -2.5144520000
1772701002.5255465508 0.9935282192 0.1135855518 0.0000000000 10.3550410000 -0.1135855518 0.9935282192 0.0000000000 16.4776510000 0.0000000000 0.0000000000 1.0000000000 -2.5242400000
1772701002.6260247231 0.9849871858 0.1726274710 0.0000000000 10.4788670000 -0.1726274710 0.9849871858 0.0000000000 16.4542780000 0.0000000000 0.0000000000 1.0000000000 -2.5346570000
1772701002.7267105579 0.9592328061 0.2826170972 0.0000000000 10.6022850000 -0.2826170972 0.9592328061 0.0000000000 16.4345050000 0.0000000000 0.0000000000 1.0000000000 -2.5451460000
1772701002.8258326054 0.9788075055 0.2047824876 0.0000000000 10.7278490000 -0.2047824876 0.9788075055 0.0000000000 16.4142930000 0.0000000000 0.0000000000 1.0000000000 -2.5478330000
1772701002.9274666309 0.9996963352 0.0246421867 0.0000000000 10.8559530000 -0.0246421867 0.9996963352 0.0000000000 16.3934160000 0.0000000000 0.0000000000 1.0000000000 -2.5558950000
1772701003.0265567303 0.9945458802 -0.1043000103 -0.0000000000 10.9857520000 0.1043000103 0.9945458802 0.0000000000 16.3708370000 0.0000000000 -0.0000000000 1.0000000000 -2.5627960000
1772701003.1268415451 0.9901483865 -0.1400220438 -0.0000000000 11.1201560000 0.1400220438 0.9901483865 0.0000000000 16.3464680000 0.0000000000 -0.0000000000 1.0000000000 -2.5698250000
1772701003.2265596390 0.9727600611 -0.2318142868 -0.0000000000 11.2546260000 0.2318142868 0.9727600611 0.0000000000 16.3257770000 0.0000000000 -0.0000000000 1.0000000000 -2.5729330000
1772701003.3259787560 0.9858128311 -0.1678483302 -0.0000000000 11.3869880000 0.1678483302 0.9858128311 0.0000000000 16.3085820000 0.0000000000 -0.0000000000 1.0000000000 -2.5761450000
1772701003.4265096188 0.9759640136 -0.2179317419 -0.0000000000 11.5228980000 0.2179317419 0.9759640136 0.0000000000 16.2891300000 0.0000000000 -0.0000000000 1.0000000000 -2.5856160000
1772701003.5288896561 0.9634491112 -0.2678914147 -0.0000000000 11.6547970000 0.2678914147 0.9634491112 0.0000000000 16.2717640000 0.0000000000 -0.0000000000 1.0000000000 -2.5940330000
1772701003.6267557144 0.9814201657 -0.1918709419 -0.0000000000 11.7791300000 0.1918709419 0.9814201657 0.0000000000 16.2536080000 0.0000000000 -0.0000000000 1.0000000000 -2.6071560000
1772701003.7262115479 0.9980972949 -0.0616586565 -0.0000000000 11.9026680000 0.0616586565 0.9980972949 0.0000000000 16.2287430000 0.0000000000 -0.0000000000 1.0000000000 -2.6189940000
1772701003.8262605667 0.9994523633 -0.0330903842 -0.0000000000 12.0327380000 0.0330903842 0.9994523633 0.0000000000 16.2071410000 0.0000000000 -0.0000000000 1.0000000000 -2.6219570000
1772701003.9284627438 0.9927207008 -0.1204392390 -0.0000000000 12.1654380000 0.1204392390 0.9927207008 0.0000000000 16.1845690000 0.0000000000 -0.0000000000 1.0000000000 -2.6290270000
1772701004.0282146931 0.9731192246 -0.2303019209 -0.0000000000 12.2963970000 0.2303019209 0.9731192246 0.0000000000 16.1717930000 0.0000000000 -0.0000000000 1.0000000000 -2.6682720000
1772701004.1265497208 0.9486852404 -0.3162219388 -0.0000000000 12.4243380000 0.3162219388 0.9486852404 0.0000000000 16.1487810000 0.0000000000 -0.0000000000 1.0000000000 -2.6706490000
1772701004.2271225452 0.9305553982 -0.3661511311 -0.0000000000 12.5552540000 0.3661511311 0.9305553982 0.0000000000 16.1295340000 0.0000000000 -0.0000000000 1.0000000000 -2.6683310000
1772701004.3277387619 0.9504459923 -0.3108897164 -0.0000000000 12.6860910000 0.3108897164 0.9504459923 0.0000000000 16.1115310000 0.0000000000 -0.0000000000 1.0000000000 -2.6712020000
1772701004.4273116589 0.9609045181 -0.2768799507 -0.0000000000 12.8127730000 0.2768799507 0.9609045181 0.0000000000 16.0913030000 0.0000000000 -0.0000000000 1.0000000000 -2.6837020000
1772701004.5267145634 0.9496696483 -0.3132531867 -0.0000000000 12.9441270000 0.3132531867 0.9496696483 0.0000000000 16.0688210000 0.0000000000 -0.0000000000 1.0000000000 -2.6890590000
1772701004.6282937527 0.9196832926 -0.3926609750 -0.0000000000 13.0728800000 0.3926609750 0.9196832926 0.0000000000 16.0461340000 0.0000000000 -0.0000000000 1.0000000000 -2.6942000000
1772701004.7280435562 0.9296112687 -0.3685415704 -0.0000000000 13.2032880000 0.3685415704 0.9296112687 0.0000000000 16.0293780000 0.0000000000 -0.0000000000 1.0000000000 -2.6909730000
1772701004.8279917240 0.8852587904 -0.4650987788 -0.0000000000 13.3315510000 0.4650987788 0.8852587904 0.0000000000 16.0098170000 0.0000000000 -0.0000000000 1.0000000000 -2.6992390000
1772701004.9269886017 0.8628572768 -0.5054476431 -0.0000000000 13.4575200000 0.5054476431 0.8628572768 0.0000000000 15.9865550000 0.0000000000 -0.0000000000 1.0000000000 -2.7078370000
1772701005.0270967484 0.8488778591 -0.5285890467 -0.0000000000 13.5828740000 0.5285890467 0.8488778591 0.0000000000 15.9655690000 0.0000000000 -0.0000000000 1.0000000000 -2.7136780000
1772701005.1282117367 0.9271995932 -0.3745676365 -0.0000000000 13.7082270000 0.3745676365 0.9271995932 0.0000000000 15.9449830000 0.0000000000 -0.0000000000 1.0000000000 -2.7194950000
1772701005.2279446125 0.8999112040 -0.4360731875 -0.0000000000 13.8415900000 0.4360731875 0.8999112040 0.0000000000 15.9249290000 0.0000000000 -0.0000000000 1.0000000000 -2.7277840000
1772701005.3274836540 0.8574246854 -0.5146094722 -0.0000000000 13.9811620000 0.5146094722 0.8574246854 0.0000000000 15.8973810000 0.0000000000 -0.0000000000 1.0000000000 -2.7358680000
1772701005.4275856018 0.8316204001 -0.5553444968 -0.0000000000 14.1162320000 0.5553444968 0.8316204001 0.0000000000 15.8714250000 0.0000000000 -0.0000000000 1.0000000000 -2.7437890000
1772701005.5285387039 0.7201327269 -0.6938363320 -0.0000000000 14.2558810000 0.6938363320 0.7201327269 0.0000000000 15.8523540000 0.0000000000 -0.0000000000 1.0000000000 -2.7491210000
1772701005.6278855801 0.7727035350 -0.6347670809 -0.0000000000 14.3869450000 0.6347670809 0.7727035350 0.0000000000 15.8349040000 0.0000000000 -0.0000000000 1.0000000000 -2.7582680000
1772701005.7280576229 0.7225405255 -0.6913285681 -0.0000000000 14.5136030000 0.6913285681 0.7225405255 0.0000000000 15.8172360000 0.0000000000 -0.0000000000 1.0000000000 -2.7660850000
1772701005.8316926956 0.7071790640 -0.7070344910 -0.0000000000 14.6359800000 0.7070344910 0.7071790640 0.0000000000 15.7981980000 0.0000000000 -0.0000000000 1.0000000000 -2.7779630000
1772701005.9286105633 0.7089064866 -0.7053024835 -0.0000000000 14.7601340000 0.7053024835 0.7089064866 0.0000000000 15.7844280000 0.0000000000 -0.0000000000 1.0000000000 -2.7859190000
1772701006.0316827297 0.6769754438 -0.7360056036 -0.0000000000 14.8831930000 0.7360056036 0.6769754438 0.0000000000 15.7700660000 0.0000000000 -0.0000000000 1.0000000000 -2.7949040000
1772701006.1278545856 0.6857692835 -0.7278189953 -0.0000000000 15.0087600000 0.7278189953 0.6857692835 0.0000000000 15.7512110000 0.0000000000 -0.0000000000 1.0000000000 -2.8042960000
1772701006.2280147076 0.6838050470 -0.7296647570 -0.0000000000 15.1366070000 0.7296647570 0.6838050470 0.0000000000 15.7315180000 0.0000000000 -0.0000000000 1.0000000000 -2.8089660000
1772701006.3284876347 0.5786138603 -0.8156016189 -0.0000000000 15.2615570000 0.8156016189 0.5786138603 0.0000000000 15.7149370000 0.0000000000 -0.0000000000 1.0000000000 -2.8153110000
1772701006.4282555580 0.5769361280 -0.8167892655 -0.0000000000 15.3870170000 0.8167892655 0.5769361280 0.0000000000 15.6991770000 0.0000000000 -0.0000000000 1.0000000000 -2.8242180000
1772701006.5279805660 0.5528778551 -0.8332623101 -0.0000000000 15.5127580000 0.8332623101 0.5528778551 0.0000000000 15.6880920000 0.0000000000 -0.0000000000 1.0000000000 -2.8299940000
1772701006.6281657219 0.3715417060 -0.9284162648 -0.0000000000 15.6404150000 0.9284162648 0.3715417060 0.0000000000 15.6839650000 0.0000000000 -0.0000000000 1.0000000000 -2.8186520000
1772701006.7292656898 0.3415814806 -0.9398521650 -0.0000000000 15.7714240000 0.9398521650 0.3415814806 0.0000000000 15.6615890000 0.0000000000 -0.0000000000 1.0000000000 -2.8366310000
1772701006.8290827274 0.1930844398 -0.9811821437 -0.0000000000 15.9079160000 0.9811821437 0.1930844398 0.0000000000 15.6449020000 0.0000000000 -0.0000000000 1.0000000000 -2.8524780000
1772701006.9282426834 0.1499208331 -0.9886980044 -0.0000000000 16.0481030000 0.9886980044 0.1499208331 0.0000000000 15.6265070000 0.0000000000 -0.0000000000 1.0000000000 -2.8667120000
1772701007.0284535885 0.3227724024 -0.9464766116 -0.0000000000 16.1787770000 0.9464766116 0.3227724024 0.0000000000 15.6014570000 0.0000000000 -0.0000000000 1.0000000000 -2.8759850000
1772701007.1295876503 0.3535802405 -0.9354041980 -0.0000000000 16.3139140000 0.9354041980 0.3535802405 0.0000000000 15.5831710000 0.0000000000 -0.0000000000 1.0000000000 -2.8802700000
1772701007.2292087078 0.3020091892 -0.9533050140 -0.0000000000 16.4458620000 0.9533050140 0.3020091892 0.0000000000 15.5635510000 0.0000000000 -0.0000000000 1.0000000000 -2.8893120000
1772701007.3287687302 0.1695329473 -0.9855245201 -0.0000000000 16.5757080000 0.9855245201 0.1695329473 0.0000000000 15.5457290000 0.0000000000 -0.0000000000 1.0000000000 -2.8982830000
1772701007.4293255806 0.0690755330 -0.9976114327 -0.0000000000 16.7023180000 0.9976114327 0.0690755330 0.0000000000 15.5296140000 0.0000000000 -0.0000000000 1.0000000000 -2.8978400000
1772701007.5300607681 0.0593249321 -0.9982387252 -0.0000000000 16.8318710000 0.9982387252 0.0593249321 0.0000000000 15.5127120000 0.0000000000 -0.0000000000 1.0000000000 -2.9089840000
1772701007.6299135685 -0.0059906405 -0.9999820560 -0.0000000000 16.9632890000 0.9999820560 -0.0059906405 0.0000000000 15.4986230000 0.0000000000 -0.0000000000 1.0000000000 -2.9109240000
1772701007.7288656235 0.0575986251 -0.9983398211 -0.0000000000 17.0964420000 0.9983398211 0.0575986251 0.0000000000 15.4821230000 0.0000000000 -0.0000000000 1.0000000000 -2.9218900000
1772701007.8290357590 0.0082908185 -0.9999656306 -0.0000000000 17.2250180000 0.9999656306 0.0082908185 0.0000000000 15.4633750000 0.0000000000 -0.0000000000 1.0000000000 -2.9387660000
1772701007.9306006432 -0.0645344680 -0.9979154786 -0.0000000000 17.3480350000 0.9979154786 -0.0645344680 0.0000000000 15.4497800000 0.0000000000 -0.0000000000 1.0000000000 -2.9406720000
1772701008.0300407410 0.0132948221 -0.9999116199 -0.0000000000 17.4692440000 0.9999116199 0.0132948221 0.0000000000 15.4339600000 0.0000000000 -0.0000000000 1.0000000000 -2.9400460000
1772701008.1294627190 -0.0346454504 -0.9993996662 -0.0000000000 17.5954800000 0.9993996662 -0.0346454504 0.0000000000 15.4157080000 0.0000000000 -0.0000000000 1.0000000000 -2.9462550000
1772701008.2293276787 0.0801300572 -0.9967844170 -0.0000000000 17.7245520000 0.9967844170 0.0801300572 0.0000000000 15.3903390000 0.0000000000 -0.0000000000 1.0000000000 -2.9608320000
1772701008.3301815987 -0.0022136403 -0.9999975499 -0.0000000000 17.8609820000 0.9999975499 -0.0022136403 0.0000000000 15.3690720000 0.0000000000 -0.0000000000 1.0000000000 -2.9647230000
1772701008.4311106205 -0.1617761809 -0.9868274759 -0.0000000000 17.9976170000 0.9868274759 -0.1617761809 0.0000000000 15.3526290000 0.0000000000 -0.0000000000 1.0000000000 -2.9710360000
1772701008.5294747353 -0.1374255485 -0.9905120992 -0.0000000000 18.1358940000 0.9905120992 -0.1374255485 0.0000000000 15.3308850000 0.0000000000 -0.0000000000 1.0000000000 -2.9875040000
1772701008.6296887398 -0.1641848830 -0.9864295840 -0.0000000000 18.2709220000 0.9864295840 -0.1641848830 0.0000000000 15.3169250000 0.0000000000 -0.0000000000 1.0000000000 -2.9921890000
1772701008.7305767536 -0.1707536868 -0.9853137462 -0.0000000000 18.4052500000 0.9853137462 -0.1707536868 0.0000000000 15.3004630000 0.0000000000 -0.0000000000 1.0000000000 -2.9966810000
1772701008.8297207355 -0.2541500159 -0.9671648098 -0.0000000000 18.5472260000 0.9671648098 -0.2541500159 0.0000000000 15.2812230000 0.0000000000 -0.0000000000 1.0000000000 -3.0133820000
1772701008.9299554825 -0.2678091267 -0.9634719880 -0.0000000000 18.6855830000 0.9634719880 -0.2678091267 0.0000000000 15.2635350000 0.0000000000 -0.0000000000 1.0000000000 -3.0252910000
1772701009.0306725502 -0.2693582337 -0.9630400521 -0.0000000000 18.8212260000 0.9630400521 -0.2693582337 0.0000000000 15.2491140000 0.0000000000 -0.0000000000 1.0000000000 -3.0339590000
1772701009.1300716400 -0.2141464013 -0.9768015760 -0.0000000000 18.9484760000 0.9768015760 -0.2141464013 0.0000000000 15.2329050000 0.0000000000 -0.0000000000 1.0000000000 -3.0444540000
1772701009.2304975986 -0.0954150358 -0.9954375776 -0.0000000000 19.0703380000 0.9954375776 -0.0954150358 0.0000000000 15.2134140000 0.0000000000 -0.0000000000 1.0000000000 -3.0572420000
1772701009.3303205967 -0.1338910561 -0.9909960571 -0.0000000000 19.1885640000 0.9909960571 -0.1338910561 0.0000000000 15.1983370000 0.0000000000 -0.0000000000 1.0000000000 -3.0614100000
1772701009.4301607609 -0.3987954270 -0.9170399159 -0.0000000000 19.3112070000 0.9170399159 -0.3987954270 0.0000000000 15.1847090000 0.0000000000 -0.0000000000 1.0000000000 -3.0703280000
1772701009.5305826664 -0.3849345254 -0.9229438830 -0.0000000000 19.4378940000 0.9229438830 -0.3849345254 0.0000000000 15.1669900000 0.0000000000 -0.0000000000 1.0000000000 -3.0901910000
1772701009.6303856373 -0.4418069298 -0.8971101587 -0.0000000000 19.5696730000 0.8971101587 -0.4418069298 0.0000000000 15.1514600000 0.0000000000 -0.0000000000 1.0000000000 -3.1086240000
1772701009.7302637100 -0.5041032878 -0.8636433727 -0.0000000000 19.7067280000 0.8636433727 -0.5041032878 0.0000000000 15.1341660000 0.0000000000 -0.0000000000 1.0000000000 -3.1200240000
1772701009.8304207325 -0.5565046413 -0.8308445006 -0.0000000000 19.8453720000 0.8308445006 -0.5565046413 0.0000000000 15.1182460000 0.0000000000 -0.0000000000 1.0000000000 -3.1285650000
1772701009.9310076237 -0.5615487158 -0.8274436777 -0.0000000000 19.9739210000 0.8274436777 -0.5615487158 0.0000000000 15.0992280000 0.0000000000 -0.0000000000 1.0000000000 -3.1380830000
1772701010.0308146477 -0.5412671288 -0.8408506974 -0.0000000000 20.1024730000 0.8408506974 -0.5412671288 0.0000000000 15.0837240000 0.0000000000 -0.0000000000 1.0000000000 -3.1490570000
1772701010.1306855679 -0.5734110115 -0.8192678511 -0.0000000000 20.2458240000 0.8192678511 -0.5734110115 0.0000000000 15.0746270000 0.0000000000 -0.0000000000 1.0000000000 -3.1474820000
1772701010.2314357758 -0.5362305019 -0.8440715899 -0.0000000000 20.3734200000 0.8440715899 -0.5362305019 0.0000000000 15.0530070000 0.0000000000 -0.0000000000 1.0000000000 -3.1623440000
1772701010.3318436146 -0.5669545047 -0.8237491060 -0.0000000000 20.5040740000 0.8237491060 -0.5669545047 0.0000000000 15.0375430000 0.0000000000 -0.0000000000 1.0000000000 -3.1703770000
1772701010.4319195747 -0.6153530300 -0.7882516403 -0.0000000000 20.6318150000 0.7882516403 -0.6153530300 0.0000000000 15.0212590000 0.0000000000 -0.0000000000 1.0000000000 -3.1756810000
1772701010.5309746265 -0.6107356653 -0.7918345453 -0.0000000000 20.7635960000 0.7918345453 -0.6107356653 0.0000000000 15.0048270000 0.0000000000 -0.0000000000 1.0000000000 -3.1883650000
1772701010.6309585571 -0.6262654927 -0.7796098593 -0.0000000000 20.8912790000 0.7796098593 -0.6262654927 0.0000000000 14.9845930000 0.0000000000 -0.0000000000 1.0000000000 -3.2011670000
1772701010.7318997383 -0.6425619020 -0.7662337777 -0.0000000000 21.0192370000 0.7662337777 -0.6425619020 0.0000000000 14.9634270000 0.0000000000 -0.0000000000 1.0000000000 -3.2091030000
1772701010.8313887119 -0.6259001439 -0.7799032054 -0.0000000000 21.1477840000 0.7799032054 -0.6259001439 0.0000000000 14.9459510000 0.0000000000 -0.0000000000 1.0000000000 -3.2155910000
1772701010.9312906265 -0.6807808637 -0.7324871437 -0.0000000000 21.2748510000 0.7324871437 -0.6807808637 0.0000000000 14.9266970000 0.0000000000 -0.0000000000 1.0000000000 -3.2254500000
1772701011.0311815739 -0.7093252684 -0.7048813118 -0.0000000000 21.4017240000 0.7048813118 -0.7093252684 0.0000000000 14.9095520000 0.0000000000 -0.0000000000 1.0000000000 -3.2365950000
1772701011.1324176788 -0.6420204351 -0.7666875249 -0.0000000000 21.5255950000 0.7666875249 -0.6420204351 0.0000000000 14.8985070000 0.0000000000 -0.0000000000 1.0000000000 -3.2481650000
1772701011.2325077057 -0.8054222841 -0.5927013955 -0.0000000000 21.6534600000 0.5927013955 -0.8054222841 0.0000000000 14.8895590000 0.0000000000 -0.0000000000 1.0000000000 -3.2586990000
1772701011.3315556049 -0.9297143651 -0.3682814133 -0.0000000000 21.7791930000 0.3682814133 -0.9297143651 0.0000000000 14.8733640000 0.0000000000 -0.0000000000 1.0000000000 -3.2626840000
1772701011.4315886497 -0.8689290715 0.4949366311 0.0000000000 21.9027470000 -0.4949366311 -0.8689290715 -0.0000000000 14.8603970000 -0.0000000000 0.0000000000 1.0000000000 -3.2709490000
1772701011.5325236320 -0.9320556063 0.3623152587 0.0000000000 22.0405290000 -0.3623152587 -0.9320556063 -0.0000000000 14.8508750000 -0.0000000000 0.0000000000 1.0000000000 -3.2844730000
1772701011.6318666935 -0.8617941570 0.5072581502 0.0000000000 22.1773560000 -0.5072581502 -0.8617941570 -0.0000000000 14.8384820000 -0.0000000000 0.0000000000 1.0000000000 -3.2876710000
1772701011.7316367626 -0.8315504293 0.5554492628 0.0000000000 22.3146060000 -0.5554492628 -0.8315504293 -0.0000000000 14.8281210000 -0.0000000000 0.0000000000 1.0000000000 -3.2954340000
1772701011.8323206902 -0.6471471474 0.7623651157 0.0000000000 22.4445730000 -0.7623651157 -0.6471471474 -0.0000000000 14.8136720000 -0.0000000000 0.0000000000 1.0000000000 -3.3057540000
1772701011.9328536987 -0.6487204961 0.7610267524 0.0000000000 22.5779000000 -0.7610267524 -0.6487204961 -0.0000000000 14.8035800000 -0.0000000000 0.0000000000 1.0000000000 -3.3094160000
1772701012.0321695805 -0.5823612099 0.8129301453 0.0000000000 22.7078120000 -0.8129301453 -0.5823612099 -0.0000000000 14.7996700000 -0.0000000000 0.0000000000 1.0000000000 -3.3107740000
1772701012.1318657398 -0.5504365225 0.8348770177 0.0000000000 22.8268720000 -0.8348770177 -0.5504365225 -0.0000000000 14.7903100000 -0.0000000000 0.0000000000 1.0000000000 -3.3203590000
1772701012.2335166931 -0.5282994043 0.8490581484 0.0000000000 22.9526550000 -0.8490581484 -0.5282994043 -0.0000000000 14.7825840000 -0.0000000000 0.0000000000 1.0000000000 -3.3345660000
1772701012.3329546452 -0.4218206261 0.9066793035 0.0000000000 23.0801180000 -0.9066793035 -0.4218206261 -0.0000000000 14.7749340000 -0.0000000000 0.0000000000 1.0000000000 -3.3448940000
1772701012.4328546524 -0.4853526976 0.8743184540 0.0000000000 23.2121390000 -0.8743184540 -0.4853526976 -0.0000000000 14.7622560000 -0.0000000000 0.0000000000 1.0000000000 -3.3654210000
1772701012.5329465866 -0.5747511816 0.8183282222 0.0000000000 23.3427030000 -0.8183282222 -0.5747511816 -0.0000000000 14.7464020000 -0.0000000000 0.0000000000 1.0000000000 -3.3749870000
1772701012.6325716972 -0.6494624269 0.7603936849 0.0000000000 23.4667490000 -0.7603936849 -0.6494624269 -0.0000000000 14.7299230000 -0.0000000000 0.0000000000 1.0000000000 -3.3813830000
1772701012.7344117165 -0.6697257135 0.7426085568 0.0000000000 23.5845740000 -0.7426085568 -0.6697257135 -0.0000000000 14.7162140000 -0.0000000000 0.0000000000 1.0000000000 -3.3840540000
1772701012.8327295780 -0.5828163636 0.8126038926 0.0000000000 23.7128440000 -0.8126038926 -0.5828163636 -0.0000000000 14.7044720000 -0.0000000000 0.0000000000 1.0000000000 -3.3954450000
1772701012.9324026108 -0.3930104247 0.9195340157 0.0000000000 23.8394000000 -0.9195340157 -0.3930104247 -0.0000000000 14.6908990000 -0.0000000000 0.0000000000 1.0000000000 -3.4027050000
1772701013.0325665474 -0.4241157175 0.9056080047 0.0000000000 23.9790580000 -0.9056080047 -0.4241157175 -0.0000000000 14.6786290000 -0.0000000000 0.0000000000 1.0000000000 -3.4136990000
1772701013.1331577301 0.3793267238 0.9252627933 0.0000000000 24.1238610000 -0.9252627933 0.3793267238 -0.0000000000 14.6605150000 -0.0000000000 0.0000000000 1.0000000000 -3.4338220000
1772701013.2330195904 0.6979879098 0.7161095431 0.0000000000 24.2539720000 -0.7161095431 0.6979879098 -0.0000000000 14.6471830000 -0.0000000000 0.0000000000 1.0000000000 -3.4346460000
1772701013.3328506947 0.6885825884 0.7251579269 0.0000000000 24.3707850000 -0.7251579269 0.6885825884 -0.0000000000 14.6403500000 -0.0000000000 0.0000000000 1.0000000000 -3.4364130000
1772701013.4325726032 0.5244132575 0.8514638779 0.0000000000 24.4924040000 -0.8514638779 0.5244132575 -0.0000000000 14.6348510000 -0.0000000000 0.0000000000 1.0000000000 -3.4611320000
1772701013.5336055756 0.9040015426 0.4275291931 0.0000000000 24.6182550000 -0.4275291931 0.9040015426 -0.0000000000 14.6379520000 -0.0000000000 0.0000000000 1.0000000000 -3.4506600000
1772701013.6345286369 -0.0275117832 -0.9996214793 0.0000000000 24.7480480000 0.9996214793 -0.0275117832 0.0000000000 14.6408060000 0.0000000000 0.0000000000 1.0000000000 -3.4492010000
1772701013.7329266071 -0.8876920737 -0.4604375987 0.0000000000 24.8793450000 0.4604375987 -0.8876920737 0.0000000000 14.6304820000 0.0000000000 0.0000000000 1.0000000000 -3.4686420000
1772701013.8330876827 -0.6256905660 -0.7800713529 0.0000000000 25.0129520000 0.7800713529 -0.6256905660 0.0000000000 14.6299530000 0.0000000000 0.0000000000 1.0000000000 -3.4697460000
1772701013.9340357780 -0.8275886214 -0.5613350815 0.0000000000 25.1399480000 0.5613350815 -0.8275886214 0.0000000000 14.6327100000 0.0000000000 0.0000000000 1.0000000000 -3.4690510000
1772701014.0340075493 -0.9973154854 0.0732244677 0.0000000000 25.2674870000 -0.0732244677 -0.9973154854 0.0000000000 14.6312170000 0.0000000000 0.0000000000 1.0000000000 -3.4768780000
1772701014.1331796646 -0.6265057495 0.7794167986 0.0000000000 25.3982650000 -0.7794167986 -0.6265057495 0.0000000000 14.6235710000 0.0000000000 0.0000000000 1.0000000000 -3.4925560000
1772701014.2354545593 -0.8133807194 0.5817317297 0.0000000000 25.5293640000 -0.5817317297 -0.8133807194 0.0000000000 14.6277350000 0.0000000000 0.0000000000 1.0000000000 -3.4926340000
1772701014.3343186378 -0.7421760823 0.6702049409 0.0000000000 25.6586100000 -0.6702049409 -0.7421760823 0.0000000000 14.6262510000 0.0000000000 0.0000000000 1.0000000000 -3.5019130000
1772701014.4340486526 -0.6341055916 -0.7732464670 -0.0000000000 25.7785160000 0.7732464670 -0.6341055916 0.0000000000 14.6250140000 0.0000000000 -0.0000000000 1.0000000000 -3.5028440000
1772701014.5352907181 -0.8453011861 0.5342900942 0.0000000000 25.9066080000 -0.5342900942 -0.8453011861 -0.0000000000 14.6331700000 -0.0000000000 0.0000000000 1.0000000000 -3.5017630000
1772701014.6333956718 -0.1669918680 0.9859582730 0.0000000000 26.0290990000 -0.9859582730 -0.1669918680 -0.0000000000 14.6292380000 -0.0000000000 0.0000000000 1.0000000000 -3.5205480000
1772701014.7340536118 -0.5134376994 0.8581268722 0.0000000000 26.1552050000 -0.8581268722 -0.5134376994 -0.0000000000 14.6332070000 -0.0000000000 0.0000000000 1.0000000000 -3.5218800000
1772701014.8338975906 -0.4096252551 0.9122538848 0.0000000000 26.2894710000 -0.9122538848 -0.4096252551 -0.0000000000 14.6473360000 -0.0000000000 0.0000000000 1.0000000000 -3.5156550000
1772701014.9337747097 -0.3353281287 0.9421013991 0.0000000000 26.4274530000 -0.9421013991 -0.3353281287 -0.0000000000 14.6496050000 -0.0000000000 0.0000000000 1.0000000000 -3.5333730000
1772701015.0338516235 0.0509211159 0.9987026785 0.0000000000 26.5623760000 -0.9987026785 0.0509211159 -0.0000000000 14.6631790000 -0.0000000000 0.0000000000 1.0000000000 -3.5415150000
1772701015.1343216896 0.9893244507 -0.1457296515 0.0000000000 26.6838100000 0.1457296515 0.9893244507 0.0000000000 14.6768030000 0.0000000000 0.0000000000 1.0000000000 -3.5256640000
1772701015.2346537113 0.8023539311 -0.5968485312 0.0000000000 26.8035020000 0.5968485312 0.8023539311 0.0000000000 14.6913530000 0.0000000000 0.0000000000 1.0000000000 -3.5249130000
1772701015.3341057301 0.6551412448 -0.7555064192 0.0000000000 26.9380720000 0.7555064192 0.6551412448 0.0000000000 14.7055810000 0.0000000000 0.0000000000 1.0000000000 -3.5444280000
1772701015.4359436035 0.7250325999 -0.6887145484 0.0000000000 27.0679810000 0.6887145484 0.7250325999 0.0000000000 14.7205740000 0.0000000000 0.0000000000 1.0000000000 -3.5482150000
1772701015.5351426601 0.4599273704 -0.8879565383 0.0000000000 27.1950760000 0.8879565383 0.4599273704 0.0000000000 14.7420410000 0.0000000000 0.0000000000 1.0000000000 -3.5491170000
1772701015.6348986626 0.2497673586 -0.9683058745 0.0000000000 27.3270060000 0.9683058745 0.2497673586 0.0000000000 14.7608850000 0.0000000000 0.0000000000 1.0000000000 -3.5587730000
1772701015.7344856262 0.2251670466 -0.9743201738 0.0000000000 27.4603110000 0.9743201738 0.2251670466 0.0000000000 14.7767730000 0.0000000000 0.0000000000 1.0000000000 -3.5617790000
1772701015.8345155716 0.1547666761 -0.9879510494 0.0000000000 27.6010890000 0.9879510494 0.1547666761 0.0000000000 14.7994100000 0.0000000000 0.0000000000 1.0000000000 -3.5581990000
1772701015.9356677532 -0.0304546736 -0.9995361488 0.0000000000 27.7447890000 0.9995361488 -0.0304546736 0.0000000000 14.8172920000 0.0000000000 0.0000000000 1.0000000000 -3.5599380000
1772701016.0363357067 -0.0537701560 -0.9985533387 0.0000000000 27.8761810000 0.9985533387 -0.0537701560 0.0000000000 14.8328500000 0.0000000000 0.0000000000 1.0000000000 -3.5594330000
1772701016.1346917152 -0.1395435577 -0.9902159338 0.0000000000 28.0084480000 0.9902159338 -0.1395435577 0.0000000000 14.8408640000 0.0000000000 0.0000000000 1.0000000000 -3.5776000000
1772701016.2348875999 -0.2830023184 -0.9591192250 0.0000000000 28.1330480000 0.9591192250 -0.2830023184 0.0000000000 14.8579360000 0.0000000000 0.0000000000 1.0000000000 -3.5791690000
1772701016.3360135555 -0.1433273057 -0.9896753424 0.0000000000 28.2612740000 0.9896753424 -0.1433273057 0.0000000000 14.8701630000 0.0000000000 0.0000000000 1.0000000000 -3.5870650000
1772701016.4358026981 -0.1288147597 -0.9916686733 0.0000000000 28.3878240000 0.9916686733 -0.1288147597 0.0000000000 14.8799400000 0.0000000000 0.0000000000 1.0000000000 -3.6009780000
1772701016.5363826752 -0.2204280849 -0.9754032291 0.0000000000 28.5091660000 0.9754032291 -0.2204280849 0.0000000000 14.8844910000 0.0000000000 0.0000000000 1.0000000000 -3.6122460000
1772701016.6350567341 -0.1533501814 -0.9881719091 0.0000000000 28.6285870000 0.9881719091 -0.1533501814 0.0000000000 14.8899960000 0.0000000000 0.0000000000 1.0000000000 -3.6180420000
1772701016.7390925884 -0.2392390895 -0.9709606882 0.0000000000 28.7590900000 0.9709606882 -0.2392390895 0.0000000000 14.9061770000 0.0000000000 0.0000000000 1.0000000000 -3.6203060000
1772701016.8356926441 -0.2960378904 -0.9551761971 0.0000000000 28.8899100000 0.9551761971 -0.2960378904 0.0000000000 14.9165900000 0.0000000000 0.0000000000 1.0000000000 -3.6264170000
1772701016.9366347790 -0.3220744397 -0.9467143473 0.0000000000 29.0279270000 0.9467143473 -0.3220744397 0.0000000000 14.9322050000 0.0000000000 0.0000000000 1.0000000000 -3.6323970000
1772701017.0354795456 -0.6703571864 -0.7420385722 0.0000000000 29.1658300000 0.7420385722 -0.6703571864 0.0000000000 14.9505920000 0.0000000000 0.0000000000 1.0000000000 -3.6350240000
1772701017.1366496086 -0.5083387299 -0.8611572073 0.0000000000 29.3039090000 0.8611572073 -0.5083387299 0.0000000000 14.9723310000 0.0000000000 0.0000000000 1.0000000000 -3.6318620000
1772701017.2357926369 -0.3774229003 -0.9260410112 0.0000000000 29.4404840000 0.9260410112 -0.3774229003 0.0000000000 15.0003630000 0.0000000000 0.0000000000 1.0000000000 -3.6280330000
1772701017.3359746933 -0.6069049913 -0.7947743904 0.0000000000 29.5791080000 0.7947743904 -0.6069049913 0.0000000000 15.0194200000 0.0000000000 0.0000000000 1.0000000000 -3.6457080000
1772701017.4356305599 -0.5773120804 -0.8165235832 0.0000000000 29.7162000000 0.8165235832 -0.5773120804 0.0000000000 15.0357570000 0.0000000000 0.0000000000 1.0000000000 -3.6582180000
1772701017.5362615585 -0.5413382828 -0.8408048903 0.0000000000 29.8457650000 0.8408048903 -0.5413382828 0.0000000000 15.0583180000 0.0000000000 0.0000000000 1.0000000000 -3.6542020000
1772701017.6364696026 -0.5738641235 -0.8189505283 0.0000000000 29.9765480000 0.8189505283 -0.5738641235 0.0000000000 15.0744150000 0.0000000000 0.0000000000 1.0000000000 -3.6588790000
1772701017.7359166145 -0.3063085800 -0.9519322738 0.0000000000 30.1014570000 0.9519322738 -0.3063085800 0.0000000000 15.0826510000 0.0000000000 0.0000000000 1.0000000000 -3.6756550000
1772701017.8364217281 0.9919669076 0.1264976448 0.0000000000 30.2289480000 -0.1264976448 0.9919669076 -0.0000000000 15.0984700000 -0.0000000000 0.0000000000 1.0000000000 -3.6870280000
1772701017.9365017414 0.5908551223 0.8067776797 0.0000000000 30.3521260000 -0.8067776797 0.5908551223 -0.0000000000 15.1176520000 -0.0000000000 0.0000000000 1.0000000000 -3.6904720000
1772701018.0366506577 0.7072913494 0.7069221648 0.0000000000 30.4747300000 -0.7069221648 0.7072913494 -0.0000000000 15.1253700000 -0.0000000000 0.0000000000 1.0000000000 -3.7032020000
1772701018.1361377239 0.5499169727 0.8352193264 0.0000000000 30.6096870000 -0.8352193264 0.5499169727 -0.0000000000 15.1464010000 -0.0000000000 0.0000000000 1.0000000000 -3.6896960000
1772701018.2364656925 0.3977321321 0.9175015810 0.0000000000 30.7397020000 -0.9175015810 0.3977321321 -0.0000000000 15.1541680000 -0.0000000000 0.0000000000 1.0000000000 -3.7123770000
1772701018.3370115757 0.3468828492 0.9379084651 0.0000000000 30.8648020000 -0.9379084651 0.3468828492 -0.0000000000 15.1643840000 -0.0000000000 0.0000000000 1.0000000000 -3.7239050000
1772701018.4407975674 0.2767077360 0.9609541242 0.0000000000 30.9946990000 -0.9609541242 0.2767077360 -0.0000000000 15.1714860000 -0.0000000000 0.0000000000 1.0000000000 -3.7303290000
1772701018.5389606953 0.3398463375 0.9404809764 0.0000000000 31.1153110000 -0.9404809764 0.3398463375 -0.0000000000 15.1733990000 -0.0000000000 0.0000000000 1.0000000000 -3.7425340000
1772701018.6376187801 0.3324352131 0.9431260939 0.0000000000 31.2401250000 -0.9431260939 0.3324352131 -0.0000000000 15.1763300000 -0.0000000000 0.0000000000 1.0000000000 -3.7579300000
1772701018.7379977703 0.4385403831 0.8987114845 0.0000000000 31.3720280000 -0.8987114845 0.4385403831 -0.0000000000 15.1810430000 -0.0000000000 0.0000000000 1.0000000000 -3.7664210000
1772701018.8374016285 0.5864732829 0.8099685725 0.0000000000 31.5005980000 -0.8099685725 0.5864732829 -0.0000000000 15.1935730000 -0.0000000000 0.0000000000 1.0000000000 -3.7546460000
1772701018.9369635582 0.5744741266 0.8185227412 0.0000000000 31.6303050000 -0.8185227412 0.5744741266 -0.0000000000 15.2012080000 -0.0000000000 0.0000000000 1.0000000000 -3.7694980000
1772701019.0372495651 0.7291782329 0.6843238303 0.0000000000 31.7645740000 -0.6843238303 0.7291782329 -0.0000000000 15.2193710000 -0.0000000000 0.0000000000 1.0000000000 -3.7642640000
1772701019.1385776997 0.7825494585 0.6225884234 0.0000000000 31.9068580000 -0.6225884234 0.7825494585 -0.0000000000 15.2416270000 -0.0000000000 0.0000000000 1.0000000000 -3.7777710000
1772701019.2399666309 0.9785273981 0.2061167899 0.0000000000 32.0344930000 -0.2061167899 0.9785273981 -0.0000000000 15.2482650000 -0.0000000000 0.0000000000 1.0000000000 -3.7923440000
1772701019.3379697800 0.9579864659 0.2868134083 0.0000000000 32.1651850000 -0.2868134083 0.9579864659 -0.0000000000 15.2583160000 -0.0000000000 0.0000000000 1.0000000000 -3.7906800000
1772701019.4375085831 0.9908647783 0.1348591531 0.0000000000 32.2867810000 -0.1348591531 0.9908647783 -0.0000000000 15.2691750000 -0.0000000000 0.0000000000 1.0000000000 -3.7911050000
1772701019.5382666588 0.9848644395 0.1733263854 0.0000000000 32.3895740000 -0.1733263854 0.9848644395 -0.0000000000 15.2845210000 -0.0000000000 0.0000000000 1.0000000000 -3.7908660000
1772701019.6382017136 0.9932812042 -0.1157257504 0.0000000000 32.4837820000 0.1157257504 0.9932812042 0.0000000000 15.2898870000 0.0000000000 0.0000000000 1.0000000000 -3.7949720000
1772701019.7395217419 0.5861840101 -0.8101779473 0.0000000000 32.5920660000 0.8101779473 0.5861840101 0.0000000000 15.2998110000 0.0000000000 0.0000000000 1.0000000000 -3.7902070000
1772701019.8374855518 0.4346345275 -0.9006069217 0.0000000000 32.6923700000 0.9006069217 0.4346345275 0.0000000000 15.3075720000 0.0000000000 0.0000000000 1.0000000000 -3.7929950000
1772701019.9385607243 0.3231090096 -0.9463617532 0.0000000000 32.7851710000 0.9463617532 0.3231090096 0.0000000000 15.3159250000 0.0000000000 0.0000000000 1.0000000000 -3.7947990000
1772701020.0382306576 0.2266893037 -0.9739671245 0.0000000000 32.8741900000 0.9739671245 0.2266893037 0.0000000000 15.3182060000 0.0000000000 0.0000000000 1.0000000000 -3.8022150000
1772701020.1390967369 -0.0227805444 -0.9997404897 0.0000000000 32.9556870000 0.9997404897 -0.0227805444 0.0000000000 15.3240430000 0.0000000000 0.0000000000 1.0000000000 -3.8020320000
1772701020.2392656803 -0.5018730245 -0.8649413086 0.0000000000 33.0315150000 0.8649413086 -0.5018730245 0.0000000000 15.3250370000 0.0000000000 0.0000000000 1.0000000000 -3.8129700000
1772701020.3378067017 -0.4067701550 -0.9135305364 0.0000000000 33.1029460000 0.9135305364 -0.4067701550 0.0000000000 15.3296390000 0.0000000000 0.0000000000 1.0000000000 -3.8257900000
1772701020.4384756088 -0.5520996277 -0.8337781486 0.0000000000 33.1708720000 0.8337781486 -0.5520996277 0.0000000000 15.3369310000 0.0000000000 0.0000000000 1.0000000000 -3.8369040000
1772701020.5393786430 -0.6508880877 -0.7591736937 0.0000000000 33.2410690000 0.7591736937 -0.6508880877 0.0000000000 15.3524710000 0.0000000000 0.0000000000 1.0000000000 -3.8382180000
1772701020.6388425827 -0.9752587656 -0.2210663706 0.0000000000 33.3141170000 0.2210663706 -0.9752587656 0.0000000000 15.3776200000 0.0000000000 0.0000000000 1.0000000000 -3.8226320000
1772701020.7381386757 -0.9925458542 -0.1218717657 0.0000000000 33.3905800000 0.1218717657 -0.9925458542 0.0000000000 15.3942930000 0.0000000000 0.0000000000 1.0000000000 -3.8111130000
1772701020.8401527405 -0.9691682103 -0.2464000408 0.0000000000 33.4904800000 0.2464000408 -0.9691682103 0.0000000000 15.4041460000 0.0000000000 0.0000000000 1.0000000000 -3.8124100000
1772701020.9384427071 -0.9784074258 -0.2066855322 0.0000000000 33.6189630000 0.2066855322 -0.9784074258 0.0000000000 15.4220880000 0.0000000000 0.0000000000 1.0000000000 -3.8091690000
1772701021.0395617485 -0.9933343312 -0.1152688444 0.0000000000 33.7120190000 0.1152688444 -0.9933343312 0.0000000000 15.4507470000 0.0000000000 0.0000000000 1.0000000000 -3.7911740000
1772701021.1400625706 -0.9174704144 -0.3978040204 0.0000000000 33.8052780000 0.3978040204 -0.9174704144 0.0000000000 15.4651290000 0.0000000000 0.0000000000 1.0000000000 -3.7776960000
1772701021.2406857014 -0.9427535627 -0.3334902099 0.0000000000 33.9338010000 0.3334902099 -0.9427535627 0.0000000000 15.4763480000 0.0000000000 0.0000000000 1.0000000000 -3.7835950000
1772701021.3389067650 -0.9493223606 -0.3143040814 0.0000000000 34.0679920000 0.3143040814 -0.9493223606 0.0000000000 15.4862950000 0.0000000000 0.0000000000 1.0000000000 -3.7800640000
1772701021.4400255680 -0.9841126242 -0.1775453262 0.0000000000 34.1961260000 0.1775453262 -0.9841126242 0.0000000000 15.5142070000 0.0000000000 0.0000000000 1.0000000000 -3.7580100000
1772701021.5399746895 -0.5588252121 0.8292854649 0.0000000000 34.3211710000 -0.8292854649 -0.5588252121 0.0000000000 15.5419470000 0.0000000000 0.0000000000 1.0000000000 -3.7396070000
1772701021.6391377449 0.1485849335 0.9888996499 0.0000000000 34.4366630000 -0.9888996499 0.1485849335 0.0000000000 15.5566960000 0.0000000000 0.0000000000 1.0000000000 -3.7358430000
1772701021.7390487194 -0.1541903150 0.9880411665 0.0000000000 34.5498460000 -0.9880411665 -0.1541903150 0.0000000000 15.5817240000 0.0000000000 0.0000000000 1.0000000000 -3.7290600000
1772701021.8404877186 -0.6915711314 0.7223083623 0.0000000000 34.7006420000 -0.7223083623 -0.6915711314 0.0000000000 15.5982760000 0.0000000000 0.0000000000 1.0000000000 -3.7264650000
1772701021.9388616085 -0.6449372066 0.7642355655 0.0000000000 34.8369850000 -0.7642355655 -0.6449372066 0.0000000000 15.6312040000 0.0000000000 0.0000000000 1.0000000000 -3.7068660000
1772701022.0389065742 -0.6519074676 0.7582985254 0.0000000000 34.9566700000 -0.7582985254 -0.6519074676 0.0000000000 15.6534350000 0.0000000000 0.0000000000 1.0000000000 -3.7005820000
1772701022.1407196522 -0.5402068653 0.8415322589 0.0000000000 35.0756490000 -0.8415322589 -0.5402068653 0.0000000000 15.6713560000 0.0000000000 0.0000000000 1.0000000000 -3.6931230000
1772701022.2391436100 -0.4395488829 0.8982186702 0.0000000000 35.1834980000 -0.8982186702 -0.4395488829 0.0000000000 15.6942100000 0.0000000000 0.0000000000 1.0000000000 -3.6761340000
1772701022.3394505978 -0.2289376725 0.9734410830 0.0000000000 35.2990680000 -0.9734410830 -0.2289376725 0.0000000000 15.7150080000 0.0000000000 0.0000000000 1.0000000000 -3.6653640000
1772701022.4414196014 0.0130286273 0.9999151238 0.0000000000 35.4276670000 -0.9999151238 0.0130286273 0.0000000000 15.7280720000 0.0000000000 0.0000000000 1.0000000000 -3.6640290000
1772701022.5397427082 0.0506468127 0.9987166267 0.0000000000 35.5549800000 -0.9987166267 0.0506468127 0.0000000000 15.7372690000 0.0000000000 0.0000000000 1.0000000000 -3.6670060000
1772701022.6393966675 0.1591810020 0.9872494156 0.0000000000 35.6733790000 -0.9872494156 0.1591810020 0.0000000000 15.7502360000 0.0000000000 0.0000000000 1.0000000000 -3.6656160000
1772701022.7392926216 0.1304253508 0.9914581322 0.0000000000 35.7942150000 -0.9914581322 0.1304253508 0.0000000000 15.7723580000 0.0000000000 0.0000000000 1.0000000000 -3.6448190000
1772701022.8391265869 0.0535336328 0.9985660470 0.0000000000 35.8777380000 -0.9985660470 0.0535336328 0.0000000000 15.7748670000 0.0000000000 0.0000000000 1.0000000000 -3.6335890000
1772701022.9400217533 0.0399526316 0.9992015749 0.0000000000 36.0065200000 -0.9992015749 0.0399526316 0.0000000000 15.7958060000 0.0000000000 0.0000000000 1.0000000000 -3.6054570000
1772701023.0395157337 0.1212229447 0.9926253058 0.0000000000 36.1325260000 -0.9926253058 0.1212229447 0.0000000000 15.8163840000 0.0000000000 0.0000000000 1.0000000000 -3.5839170000
1772701023.1414616108 -0.0471708385 0.9988868364 0.0000000000 36.2630800000 -0.9988868364 -0.0471708385 0.0000000000 15.8353470000 0.0000000000 0.0000000000 1.0000000000 -3.5754410000
1772701023.2400527000 0.0477645849 0.9988586208 0.0000000000 36.3750640000 -0.9988586208 0.0477645849 0.0000000000 15.8608800000 0.0000000000 0.0000000000 1.0000000000 -3.5488910000
1772701023.3405127525 -0.3342533503 0.9424832613 0.0000000000 36.4870200000 -0.9424832613 -0.3342533503 0.0000000000 15.8924760000 0.0000000000 0.0000000000 1.0000000000 -3.5161720000
1772701023.4402356148 -0.3682080048 0.9297434405 0.0000000000 36.6042320000 -0.9297434405 -0.3682080048 0.0000000000 15.9170610000 0.0000000000 0.0000000000 1.0000000000 -3.4971690000
1772701023.5406355858 -0.0243911938 0.9997024906 0.0000000000 36.7278660000 -0.9997024906 -0.0243911938 0.0000000000 15.9327790000 0.0000000000 0.0000000000 1.0000000000 -3.4824680000
1772701023.6397726536 0.1089304830 0.9940493699 0.0000000000 36.8495930000 -0.9940493699 0.1089304830 0.0000000000 15.9515860000 0.0000000000 0.0000000000 1.0000000000 -3.4661950000
1772701023.7403266430 0.1942073472 0.9809605019 0.0000000000 36.9669200000 -0.9809605019 0.1942073472 0.0000000000 15.9831360000 0.0000000000 0.0000000000 1.0000000000 -3.4254370000
1772701023.8410277367 0.2667198250 0.9637741099 0.0000000000 37.1044210000 -0.9637741099 0.2667198250 0.0000000000 16.0017860000 0.0000000000 0.0000000000 1.0000000000 -3.4299290000
1772701023.9410836697 0.2562573057 0.9666086040 0.0000000000 37.2381520000 -0.9666086040 0.2562573057 0.0000000000 16.0252180000 0.0000000000 0.0000000000 1.0000000000 -3.4160440000
1772701024.0412306786 0.3693582181 0.9292870960 0.0000000000 37.3630640000 -0.9292870960 0.3693582181 0.0000000000 16.0582500000 0.0000000000 0.0000000000 1.0000000000 -3.3712400000
1772701024.1421077251 0.0422790763 0.9991058401 0.0000000000 37.5051910000 -0.9991058401 0.0422790763 0.0000000000 16.0719420000 0.0000000000 0.0000000000 1.0000000000 -3.3817770000
1772701024.2405476570 0.2480375473 0.9687504194 0.0000000000 37.6394680000 -0.9687504194 0.2480375473 0.0000000000 16.0914480000 0.0000000000 0.0000000000 1.0000000000 -3.3796750000
1772701024.3404247761 0.6552695332 0.7553951542 0.0000000000 37.7450150000 -0.7553951542 0.6552695332 0.0000000000 16.1317970000 0.0000000000 0.0000000000 1.0000000000 -3.3344160000
1772701024.4426286221 0.5290608054 0.8485839170 0.0000000000 37.8497180000 -0.8485839170 0.5290608054 0.0000000000 16.1513280000 0.0000000000 0.0000000000 1.0000000000 -3.2872920000
1772701024.5405607224 0.5894705948 0.8077898352 0.0000000000 37.9629350000 -0.8077898352 0.5894705948 0.0000000000 16.1781190000 0.0000000000 0.0000000000 1.0000000000 -3.2635970000
1772701024.6418106556 0.9761879467 0.2169264686 0.0000000000 38.1065780000 -0.2169264686 0.9761879467 0.0000000000 16.2048980000 0.0000000000 0.0000000000 1.0000000000 -3.2443960000
1772701024.7428157330 0.0339805884 0.9994224930 0.0000000000 38.2505020000 -0.9994224930 0.0339805884 0.0000000000 16.2139370000 0.0000000000 0.0000000000 1.0000000000 -3.2516510000
1772701024.8416917324 -0.3058267088 0.9520871936 0.0000000000 38.3746450000 -0.9520871936 -0.3058267088 0.0000000000 16.2284410000 0.0000000000 0.0000000000 1.0000000000 -3.2098510000
1772701024.9426186085 -0.9284036436 0.3715732426 0.0000000000 38.5257210000 -0.3715732426 -0.9284036436 0.0000000000 16.2471630000 0.0000000000 0.0000000000 1.0000000000 -3.2118780000
1772701025.0413587093 -0.9156298398 0.4020223831 0.0000000000 38.6764770000 -0.4020223831 -0.9156298398 0.0000000000 16.2694720000 0.0000000000 0.0000000000 1.0000000000 -3.2116650000
1772701025.1417157650 -0.7686675327 -0.6396485161 0.0000000000 38.8288370000 0.6396485161 -0.7686675327 0.0000000000 16.2738570000 0.0000000000 0.0000000000 1.0000000000 -3.2237720000
1772701025.2434315681 0.9943196918 -0.1064347239 0.0000000000 38.9776610000 0.1064347239 0.9943196918 0.0000000000 16.2815030000 0.0000000000 0.0000000000 1.0000000000 -3.2303890000
1772701025.3406717777 0.5889940075 0.8081374012 0.0000000000 39.1188360000 -0.8081374012 0.5889940075 -0.0000000000 16.3039030000 -0.0000000000 0.0000000000 1.0000000000 -3.2154880000
1772701025.4422357082 0.6688291707 0.7434161287 0.0000000000 39.2512360000 -0.7434161287 0.6688291707 -0.0000000000 16.3175940000 -0.0000000000 0.0000000000 1.0000000000 -3.2019470000
1772701025.5410666466 0.1675664835 0.9858607780 0.0000000000 39.3636870000 -0.9858607780 0.1675664835 -0.0000000000 16.3301970000 -0.0000000000 0.0000000000 1.0000000000 -3.1974140000
1772701025.6423187256 -0.1925056808 0.9812958590 0.0000000000 39.4633830000 -0.9812958590 -0.1925056808 -0.0000000000 16.3365090000 -0.0000000000 0.0000000000 1.0000000000 -3.1986180000
1772701025.7417457104 -0.3026525864 0.9531009453 0.0000000000 39.5433650000 -0.9531009453 -0.3026525864 -0.0000000000 16.3469750000 -0.0000000000 0.0000000000 1.0000000000 -3.1989250000
1772701025.8431286812 -0.3959568651 0.9182691114 0.0000000000 39.6522150000 -0.9182691114 -0.3959568651 -0.0000000000 16.3480710000 -0.0000000000 0.0000000000 1.0000000000 -3.2105180000
1772701025.9426836967 -0.6232390533 0.7820313820 0.0000000000 39.7140970000 -0.7820313820 -0.6232390533 -0.0000000000 16.3544410000 -0.0000000000 0.0000000000 1.0000000000 -3.2074050000
1772701026.0418887138 -0.9417979663 0.3361794024 0.0000000000 39.7663940000 -0.3361794024 -0.9417979663 -0.0000000000 16.3561050000 -0.0000000000 0.0000000000 1.0000000000 -3.2068250000
1772701026.1422517300 -0.7601895675 -0.6497013325 -0.0000000000 39.8161120000 0.6497013325 -0.7601895675 0.0000000000 16.3518770000 0.0000000000 -0.0000000000 1.0000000000 -3.2104490000
1772701026.2416346073 -0.9806540456 -0.1957489282 0.0000000000 39.8654070000 0.1957489282 -0.9806540456 0.0000000000 16.3480320000 0.0000000000 0.0000000000 1.0000000000 -3.2077230000
1772701026.3426415920 0.0525575191 -0.9986178985 0.0000000000 39.9113190000 0.9986178985 0.0525575191 0.0000000000 16.3416920000 0.0000000000 0.0000000000 1.0000000000 -3.2088540000
1772701026.4428505898 0.9828248005 0.1845410837 0.0000000000 39.9566270000 -0.1845410837 0.9828248005 -0.0000000000 16.3352480000 -0.0000000000 0.0000000000 1.0000000000 -3.2086080000
1772701026.5427196026 -0.4032160967 0.9151047915 0.0000000000 40.0005310000 -0.9151047915 -0.4032160967 -0.0000000000 16.3292000000 -0.0000000000 0.0000000000 1.0000000000 -3.2074150000
1772701026.6425466537 -0.7879643582 -0.6157208541 -0.0000000000 40.0424340000 0.6157208541 -0.7879643582 0.0000000000 16.3226490000 0.0000000000 -0.0000000000 1.0000000000 -3.2059110000
1772701026.7432706356 0.7932143109 -0.6089425728 -0.0000000000 40.0851470000 0.6089425728 0.7932143109 0.0000000000 16.3119020000 0.0000000000 -0.0000000000 1.0000000000 -3.2056940000
1772701026.8429427147 0.2925718702 0.9562435363 0.0000000000 40.1263990000 -0.9562435363 0.2925718702 0.0000000000 16.2934750000 0.0000000000 0.0000000000 1.0000000000 -3.2142310000
1772701026.9429535866 -0.9805444810 0.1962970216 0.0000000000 40.1685200000 -0.1962970216 -0.9805444810 0.0000000000 16.2744260000 0.0000000000 0.0000000000 1.0000000000 -3.2135060000
1772701027.0448877811 -0.5697871518 -0.8217923105 0.0000000000 40.2106590000 0.8217923105 -0.5697871518 0.0000000000 16.2561900000 0.0000000000 0.0000000000 1.0000000000 -3.2180390000
1772701027.1423707008 0.0215322298 -0.9997681547 0.0000000000 40.2521700000 0.9997681547 0.0215322298 0.0000000000 16.2414370000 0.0000000000 0.0000000000 1.0000000000 -3.2159960000
1772701027.2439677715 0.5445161077 -0.8387503851 0.0000000000 40.2949910000 0.8387503851 0.5445161077 0.0000000000 16.2259910000 0.0000000000 0.0000000000 1.0000000000 -3.2161700000
1772701027.3435056210 0.9746396447 -0.2237801666 0.0000000000 40.3388070000 0.2237801666 0.9746396447 0.0000000000 16.2118440000 0.0000000000 0.0000000000 1.0000000000 -3.2156780000
1772701027.4440727234 0.6847237066 0.7288027481 0.0000000000 40.3810350000 -0.7288027481 0.6847237066 -0.0000000000 16.1938020000 -0.0000000000 0.0000000000 1.0000000000 -3.2174200000
1772701027.5443615913 -0.5720215312 0.8202386042 0.0000000000 40.4200710000 -0.8202386042 -0.5720215312 -0.0000000000 16.1730570000 -0.0000000000 0.0000000000 1.0000000000 -3.2202800000
1772701027.6424546242 -0.9101287797 -0.4143254811 -0.0000000000 40.4615940000 0.4143254811 -0.9101287797 0.0000000000 16.1527070000 0.0000000000 -0.0000000000 1.0000000000 -3.2194110000
1772701027.7428307533 0.3786275439 -0.9255491251 -0.0000000000 40.5023410000 0.9255491251 0.3786275439 0.0000000000 16.1283710000 0.0000000000 -0.0000000000 1.0000000000 -3.2244140000
1772701027.8438906670 0.9820483779 0.1886292224 0.0000000000 40.5434730000 -0.1886292224 0.9820483779 0.0000000000 16.1046230000 0.0000000000 0.0000000000 1.0000000000 -3.2249740000
1772701027.9444487095 0.5516216222 0.8340944706 0.0000000000 40.5831090000 -0.8340944706 0.5516216222 0.0000000000 16.0814780000 0.0000000000 0.0000000000 1.0000000000 -3.2270480000
1772701028.0431826115 0.1463505670 0.9892327894 0.0000000000 40.6210400000 -0.9892327894 0.1463505670 0.0000000000 16.0587280000 0.0000000000 0.0000000000 1.0000000000 -3.2278960000
1772701028.1426806450 -0.3451571441 0.9385449088 0.0000000000 40.6601670000 -0.9385449088 -0.3451571441 0.0000000000 16.0379770000 0.0000000000 0.0000000000 1.0000000000 -3.2279460000
1772701028.2438316345 -0.8644287153 0.5027554038 0.0000000000 40.7003060000 -0.5027554038 -0.8644287153 0.0000000000 16.0159350000 0.0000000000 0.0000000000 1.0000000000 -3.2312650000
1772701028.3429577351 -0.8768608655 -0.4807442382 0.0000000000 40.7381370000 0.4807442382 -0.8768608655 0.0000000000 15.9930850000 0.0000000000 0.0000000000 1.0000000000 -3.2321640000
1772701028.4445016384 0.2550735710 -0.9669216480 0.0000000000 40.7712790000 0.9669216480 0.2550735710 0.0000000000 15.9683340000 0.0000000000 0.0000000000 1.0000000000 -3.2353740000
1772701028.5435876846 0.9989434713 0.0459558604 0.0000000000 40.8037990000 -0.0459558604 0.9989434713 -0.0000000000 15.9458680000 -0.0000000000 0.0000000000 1.0000000000 -3.2327700000
1772701028.6446475983 0.3077604154 0.9514638862 0.0000000000 40.8395170000 -0.9514638862 0.3077604154 -0.0000000000 15.9245070000 -0.0000000000 0.0000000000 1.0000000000 -3.2302720000
1772701028.7444117069 -0.3328133195 0.9429927329 0.0000000000 40.8752370000 -0.9429927329 -0.3328133195 -0.0000000000 15.9030460000 -0.0000000000 0.0000000000 1.0000000000 -3.2280950000
1772701028.7717533112 -0.6751289157 0.7376997677 0.0000000000 40.9081570000 -0.7376997677 -0.6751289157 -0.0000000000 15.8819830000 -0.0000000000 0.0000000000 1.0000000000 -3.2261660000
1772701028.9436466694 -0.8983531379 0.4392739915 0.0000000000 40.9430050000 -0.4392739915 -0.8983531379 -0.0000000000 15.8572390000 -0.0000000000 0.0000000000 1.0000000000 -3.2311900000
1772701029.0438256264 -0.9849268329 0.1729714825 0.0000000000 40.9808330000 -0.1729714825 -0.9849268329 -0.0000000000 15.8339860000 -0.0000000000 0.0000000000 1.0000000000 -3.2311000000
1772701029.1440405846 -0.9991354898 0.0415725042 0.0000000000 41.0191570000 -0.0415725042 -0.9991354898 -0.0000000000 15.8132320000 -0.0000000000 0.0000000000 1.0000000000 -3.2303420000
1772701029.2443177700 -0.9729530995 -0.2310027406 -0.0000000000 41.0572030000 0.2310027406 -0.9729530995 0.0000000000 15.7888910000 0.0000000000 -0.0000000000 1.0000000000 -3.2349340000
1772701029.3447265625 -0.6935510022 -0.7204075287 -0.0000000000 41.0957410000 0.7204075287 -0.6935510022 0.0000000000 15.7645450000 0.0000000000 -0.0000000000 1.0000000000 -3.2372940000
1772701029.4436526299 -0.4279696528 -0.9037931048 -0.0000000000 41.1342750000 0.9037931048 -0.4279696528 0.0000000000 15.7409960000 0.0000000000 -0.0000000000 1.0000000000 -3.2385930000
1772701029.5443246365 -0.4713824509 -0.8819289002 -0.0000000000 41.1704730000 0.8819289002 -0.4713824509 0.0000000000 15.7174980000 0.0000000000 -0.0000000000 1.0000000000 -3.2433300000
1772701029.6456086636 -0.3416244746 -0.9398365381 -0.0000000000 41.2098080000 0.9398365381 -0.3416244746 0.0000000000 15.6944580000 0.0000000000 -0.0000000000 1.0000000000 -3.2447450000
1772701029.7439775467 -0.2805618763 -0.9598359410 -0.0000000000 41.2498490000 0.9598359410 -0.2805618763 0.0000000000 15.6700300000 0.0000000000 -0.0000000000 1.0000000000 -3.2490030000
1772701029.8439226151 -0.2038849392 -0.9789948578 -0.0000000000 41.2890870000 0.9789948578 -0.2038849392 0.0000000000 15.6450900000 0.0000000000 -0.0000000000 1.0000000000 -3.2504350000
1772701029.9456226826 -0.1511383812 -0.9885126149 -0.0000000000 41.3278270000 0.9885126149 -0.1511383812 0.0000000000 15.6195520000 0.0000000000 -0.0000000000 1.0000000000 -3.2523400000
1772701030.0453827381 -0.1536122289 -0.9881312075 -0.0000000000 41.3650640000 0.9881312075 -0.1536122289 0.0000000000 15.5936050000 0.0000000000 -0.0000000000 1.0000000000 -3.2524780000
1772701030.1439907551 0.1840894386 -0.9829094966 -0.0000000000 41.3997980000 0.9829094966 0.1840894386 0.0000000000 15.5683520000 0.0000000000 -0.0000000000 1.0000000000 -3.2517290000
1772701030.2450475693 0.7990651351 -0.6012444676 -0.0000000000 41.4349370000 0.6012444676 0.7990651351 0.0000000000 15.5432090000 0.0000000000 -0.0000000000 1.0000000000 -3.2537580000
1772701030.3446176052 0.8624749691 0.5060997211 0.0000000000 41.4694740000 -0.5060997211 0.8624749691 0.0000000000 15.5182600000 0.0000000000 0.0000000000 1.0000000000 -3.2545480000
1772701030.4444205761 -0.3367147685 0.9416066932 0.0000000000 41.5011070000 -0.9416066932 -0.3367147685 0.0000000000 15.4914950000 0.0000000000 0.0000000000 1.0000000000 -3.2517880000
1772701030.5443177223 -0.9592426436 -0.2825837057 0.0000000000 41.5322580000 0.2825837057 -0.9592426436 0.0000000000 15.4605530000 0.0000000000 0.0000000000 1.0000000000 -3.2555750000
1772701030.6451516151 0.3464281566 -0.9380765066 0.0000000000 41.5630050000 0.9380765066 0.3464281566 0.0000000000 15.4287010000 0.0000000000 0.0000000000 1.0000000000 -3.2569050000
1772701030.7453787327 0.8808002554 0.4734880253 0.0000000000 41.5929490000 -0.4734880253 0.8808002554 -0.0000000000 15.3985450000 -0.0000000000 0.0000000000 1.0000000000 -3.2575010000
1772701030.8464827538 -0.6730132922 0.7396303864 0.0000000000 41.6216010000 -0.7396303864 -0.6730132922 -0.0000000000 15.3650950000 -0.0000000000 0.0000000000 1.0000000000 -3.2602100000
1772701030.9450995922 -0.5680230883 -0.8230126191 -0.0000000000 41.6475590000 0.8230126191 -0.5680230883 0.0000000000 15.3274420000 0.0000000000 -0.0000000000 1.0000000000 -3.2630280000
1772701031.0449016094 0.9443521527 -0.3289361818 -0.0000000000 41.6735170000 0.3289361818 0.9443521527 0.0000000000 15.2891870000 0.0000000000 -0.0000000000 1.0000000000 -3.2654990000
1772701031.1458065510 0.1068077412 0.9942796922 0.0000000000 41.6962730000 -0.9942796922 0.1068077412 0.0000000000 15.2515240000 0.0000000000 0.0000000000 1.0000000000 -3.2669330000
1772701031.2449536324 -0.9991053677 0.0422902378 0.0000000000 41.7205200000 -0.0422902378 -0.9991053677 0.0000000000 15.2162520000 0.0000000000 0.0000000000 1.0000000000 -3.2651660000
1772701031.3450956345 -0.3860769987 -0.9224665582 0.0000000000 41.7427640000 0.9224665582 -0.3860769987 0.0000000000 15.1807700000 0.0000000000 0.0000000000 1.0000000000 -3.2613630000
1772701031.4455187321 0.9179270122 -0.3967492914 0.0000000000 41.7626080000 0.3967492914 0.9179270122 0.0000000000 15.1455870000 0.0000000000 0.0000000000 1.0000000000 -3.2583730000
1772701031.5467526913 0.2131015470 0.9770300562 0.0000000000 41.7827630000 -0.9770300562 0.2131015470 -0.0000000000 15.1076190000 -0.0000000000 0.0000000000 1.0000000000 -3.2591520000
1772701031.6452126503 -0.9756138433 0.2194940292 0.0000000000 41.8027130000 -0.2194940292 -0.9756138433 -0.0000000000 15.0700400000 -0.0000000000 0.0000000000 1.0000000000 -3.2571910000
1772701031.7458536625 -0.0903881511 -0.9959066132 -0.0000000000 41.8203650000 0.9959066132 -0.0903881511 0.0000000000 15.0326630000 0.0000000000 -0.0000000000 1.0000000000 -3.2567020000
1772701031.8470957279 0.9976052890 0.0691642064 0.0000000000 41.8374300000 -0.0691642064 0.9976052890 0.0000000000 14.9910990000 0.0000000000 0.0000000000 1.0000000000 -3.2600990000
1772701031.9457306862 0.0136621471 0.9999066685 0.0000000000 41.8555810000 -0.9999066685 0.0136621471 0.0000000000 14.9523160000 0.0000000000 0.0000000000 1.0000000000 -3.2577550000
1772701032.0455915928 -0.8731155183 0.4875133759 0.0000000000 41.8733390000 -0.4875133759 -0.8731155183 0.0000000000 14.9118430000 0.0000000000 0.0000000000 1.0000000000 -3.2583470000
1772701032.1474115849 -0.7633961774 -0.6459305507 0.0000000000 41.8909110000 0.6459305507 -0.7633961774 0.0000000000 14.8660820000 0.0000000000 0.0000000000 1.0000000000 -3.2624880000
1772701032.2458176613 0.6400921170 -0.7682981725 0.0000000000 41.9063820000 0.7682981725 0.6400921170 0.0000000000 14.8186120000 0.0000000000 0.0000000000 1.0000000000 -3.2649280000
1772701032.3468055725 0.7184947155 0.6955324175 0.0000000000 41.9196490000 -0.6955324175 0.7184947155 -0.0000000000 14.7714300000 -0.0000000000 0.0000000000 1.0000000000 -3.2647110000
1772701032.4459376335 -0.7366981759 0.6762217074 0.0000000000 41.9301070000 -0.6762217074 -0.7366981759 -0.0000000000 14.7262330000 -0.0000000000 0.0000000000 1.0000000000 -3.2613420000
1772701032.5458576679 -0.5732951194 -0.8193489526 -0.0000000000 41.9377740000 0.8193489526 -0.5732951194 0.0000000000 14.6794460000 0.0000000000 -0.0000000000 1.0000000000 -3.2620930000
1772701032.6456847191 0.8881965182 -0.4594637583 -0.0000000000 41.9430420000 0.4594637583 0.8881965182 0.0000000000 14.6316540000 0.0000000000 -0.0000000000 1.0000000000 -3.2622120000
1772701032.7464885712 0.2704253473 0.9627409473 0.0000000000 41.9497000000 -0.9627409473 0.2704253473 0.0000000000 14.5878540000 0.0000000000 0.0000000000 1.0000000000 -3.2596840000
1772701032.8460426331 -0.9996472936 0.0265572680 0.0000000000 41.9561540000 -0.0265572680 -0.9996472936 0.0000000000 14.5472550000 0.0000000000 0.0000000000 1.0000000000 -3.2575760000
1772701032.9472947121 0.2214833418 -0.9751641551 0.0000000000 41.9612090000 0.9751641551 0.2214833418 0.0000000000 14.5055550000 0.0000000000 0.0000000000 1.0000000000 -3.2553930000
1772701033.0462627411 0.8514223232 0.5244807218 0.0000000000 41.9644630000 -0.5244807218 0.8514223232 -0.0000000000 14.4654530000 -0.0000000000 0.0000000000 1.0000000000 -3.2535580000
1772701033.1466426849 -0.7348657182 0.6782126335 0.0000000000 41.9672210000 -0.6782126335 -0.7348657182 -0.0000000000 14.4225510000 -0.0000000000 0.0000000000 1.0000000000 -3.2520940000
1772701033.2463147640 -0.4477081948 -0.8941797204 -0.0000000000 41.9668730000 0.8941797204 -0.4477081948 0.0000000000 14.3839450000 0.0000000000 -0.0000000000 1.0000000000 -3.2505600000
1772701033.3466436863 0.9767695685 -0.2142923474 -0.0000000000 41.9638360000 0.2142923474 0.9767695685 0.0000000000 14.3417460000 0.0000000000 -0.0000000000 1.0000000000 -3.2522230000
1772701033.4465765953 0.2649069885 0.9642739691 0.0000000000 41.9602970000 -0.9642739691 0.2649069885 0.0000000000 14.2969370000 0.0000000000 0.0000000000 1.0000000000 -3.2512460000
1772701033.5474586487 -0.6777147474 0.7353249086 0.0000000000 41.9557600000 -0.7353249086 -0.6777147474 0.0000000000 14.2519290000 0.0000000000 0.0000000000 1.0000000000 -3.2507010000
1772701033.6473157406 -0.9442605004 0.3291991910 0.0000000000 41.9511140000 -0.3291991910 -0.9442605004 0.0000000000 14.2078050000 0.0000000000 0.0000000000 1.0000000000 -3.2457830000
1772701033.7469246387 -0.9961209291 -0.0879948552 0.0000000000 41.9500750000 0.0879948552 -0.9961209291 0.0000000000 14.1623950000 0.0000000000 0.0000000000 1.0000000000 -3.2434540000
1772701033.8466587067 -0.9031379795 -0.4293504280 0.0000000000 41.9506420000 0.4293504280 -0.9031379795 0.0000000000 14.1172030000 0.0000000000 0.0000000000 1.0000000000 -3.2455710000
1772701033.9466946125 -0.8401786055 -0.5423097924 0.0000000000 41.9526990000 0.5423097924 -0.8401786055 0.0000000000 14.0729930000 0.0000000000 0.0000000000 1.0000000000 -3.2420530000
1772701034.0471987724 -0.7773668159 -0.6290475606 0.0000000000 41.9540610000 0.6290475606 -0.7773668159 0.0000000000 14.0268890000 0.0000000000 0.0000000000 1.0000000000 -3.2404720000
1772701034.1486546993 -0.7723965573 -0.6351405814 0.0000000000 41.9549180000 0.6351405814 -0.7723965573 0.0000000000 13.9811740000 0.0000000000 0.0000000000 1.0000000000 -3.2358710000
1772701034.2481336594 -0.6601777903 -0.7511093697 0.0000000000 41.9553810000 0.7511093697 -0.6601777903 0.0000000000 13.9352680000 0.0000000000 0.0000000000 1.0000000000 -3.2342310000
1772701034.3473446369 -0.1593896073 -0.9872157581 0.0000000000 41.9538440000 0.9872157581 -0.1593896073 0.0000000000 13.8904650000 0.0000000000 0.0000000000 1.0000000000 -3.2339600000
1772701034.4473536015 0.6864109871 -0.7272138316 0.0000000000 41.9532000000 0.7272138316 0.6864109871 0.0000000000 13.8487590000 0.0000000000 0.0000000000 1.0000000000 -3.2324980000
1772701034.5470216274 0.9836724151 -0.1799682746 0.0000000000 41.9531550000 0.1799682746 0.9836724151 0.0000000000 13.8064480000 0.0000000000 0.0000000000 1.0000000000 -3.2296860000
1772701034.6469435692 0.9999777090 0.0066769373 0.0000000000 41.9500160000 -0.0066769373 0.9999777090 -0.0000000000 13.7628420000 -0.0000000000 0.0000000000 1.0000000000 -3.2293740000
1772701034.7471826077 0.9708456465 0.2397055081 0.0000000000 41.9467810000 -0.2397055081 0.9708456465 -0.0000000000 13.7179410000 -0.0000000000 0.0000000000 1.0000000000 -3.2302170000
1772701034.8490567207 0.8373836370 0.5466156277 0.0000000000 41.9422430000 -0.5466156277 0.8373836370 -0.0000000000 13.6734300000 -0.0000000000 0.0000000000 1.0000000000 -3.2292500000
1772701034.9473567009 0.3392907882 0.9406815407 0.0000000000 41.9375970000 -0.9406815407 0.3392907882 -0.0000000000 13.6324150000 -0.0000000000 0.0000000000 1.0000000000 -3.2268020000
1772701035.0485627651 -0.5528996844 0.8332478256 0.0000000000 41.9339560000 -0.8332478256 -0.5528996844 -0.0000000000 13.5905110000 -0.0000000000 0.0000000000 1.0000000000 -3.2271340000
1772701035.1482815742 -0.9269767706 0.3751187370 0.0000000000 41.9285090000 -0.3751187370 -0.9269767706 -0.0000000000 13.5489890000 -0.0000000000 0.0000000000 1.0000000000 -3.2232090000
1772701035.2480776310 -0.9760510715 0.2175415037 0.0000000000 41.9235670000 -0.2175415037 -0.9760510715 -0.0000000000 13.5048730000 -0.0000000000 0.0000000000 1.0000000000 -3.2207420000
1772701035.3482837677 -0.9984017992 -0.0565141340 -0.0000000000 41.9204270000 0.0565141340 -0.9984017992 0.0000000000 13.4618670000 0.0000000000 -0.0000000000 1.0000000000 -3.2204880000
1772701035.4483375549 -0.9783111429 -0.2071407921 -0.0000000000 41.9163750000 0.2071407921 -0.9783111429 0.0000000000 13.4214430000 0.0000000000 -0.0000000000 1.0000000000 -3.2151860000
1772701035.5482087135 -0.9527294751 -0.3038199259 -0.0000000000 41.9130380000 0.3038199259 -0.9527294751 0.0000000000 13.3776380000 0.0000000000 -0.0000000000 1.0000000000 -3.2153450000
1772701035.6484887600 -0.9271766829 -0.3746243433 -0.0000000000 41.9098010000 0.3746243433 -0.9271766829 0.0000000000 13.3312290000 0.0000000000 -0.0000000000 1.0000000000 -3.2142030000
1772701035.7495207787 -0.9221381275 -0.3868607939 -0.0000000000 41.9054670000 0.3868607939 -0.9221381275 0.0000000000 13.2845210000 0.0000000000 -0.0000000000 1.0000000000 -3.2136240000
1772701035.8494956493 -0.9066990958 -0.4217780811 -0.0000000000 41.9021350000 0.4217780811 -0.9066990958 0.0000000000 13.2374190000 0.0000000000 -0.0000000000 1.0000000000 -3.2146250000
1772701035.9491076469 -0.7453222660 -0.6667043721 -0.0000000000 41.8988920000 0.6667043721 -0.7453222660 0.0000000000 13.1930020000 0.0000000000 -0.0000000000 1.0000000000 -3.2111360000
1772701036.0480926037 -0.0717209303 -0.9974247381 -0.0000000000 41.8914560000 0.9974247381 -0.0717209303 0.0000000000 13.1508010000 0.0000000000 -0.0000000000 1.0000000000 -3.2138160000
1772701036.1487226486 0.7700000817 -0.6380437871 -0.0000000000 41.8846160000 0.6380437871 0.7700000817 0.0000000000 13.1080890000 0.0000000000 -0.0000000000 1.0000000000 -3.2134570000
1772701036.2489836216 0.9401364885 -0.3407981558 -0.0000000000 41.8773640000 0.3407981558 0.9401364885 0.0000000000 13.0677600000 0.0000000000 -0.0000000000 1.0000000000 -3.2081010000
1772701036.3485307693 0.9931581057 -0.1167774679 -0.0000000000 41.8697230000 0.1167774679 0.9931581057 0.0000000000 13.0266510000 0.0000000000 -0.0000000000 1.0000000000 -3.2085970000
1772701036.4504625797 0.9883626538 0.1521159578 0.0000000000 41.8628780000 -0.1521159578 0.9883626538 0.0000000000 12.9840290000 0.0000000000 0.0000000000 1.0000000000 -3.2054480000
1772701036.5489296913 0.9492906283 0.3143999093 0.0000000000 41.8557330000 -0.3143999093 0.9492906283 0.0000000000 12.9416100000 0.0000000000 0.0000000000 1.0000000000 -3.2027990000
1772701036.6485006809 0.9087386105 0.4173657124 0.0000000000 41.8489840000 -0.4173657124 0.9087386105 0.0000000000 12.8999830000 0.0000000000 0.0000000000 1.0000000000 -3.1979460000
1772701036.7494306564 0.8631878330 0.5048829221 0.0000000000 41.8419480000 -0.5048829221 0.8631878330 0.0000000000 12.8568790000 0.0000000000 0.0000000000 1.0000000000 -3.1998590000
1772701036.8503947258 0.8643388258 0.5029099265 0.0000000000 41.8349030000 -0.5029099265 0.8643388258 0.0000000000 12.8149580000 0.0000000000 0.0000000000 1.0000000000 -3.1968370000
1772701036.9508566856 0.8640918189 0.5033342115 0.0000000000 41.8275620000 -0.5033342115 0.8640918189 0.0000000000 12.7735500000 0.0000000000 0.0000000000 1.0000000000 -3.1973550000
1772701037.0489797592 0.8780107852 0.4786408478 0.0000000000 41.8220140000 -0.4786408478 0.8780107852 0.0000000000 12.7323280000 0.0000000000 0.0000000000 1.0000000000 -3.1935380000
1772701037.1491596699 0.9040148731 0.4275010050 0.0000000000 41.8150710000 -0.4275010050 0.9040148731 0.0000000000 12.6894100000 0.0000000000 0.0000000000 1.0000000000 -3.1913500000
1772701037.2509067059 0.9263210819 0.3767349907 0.0000000000 41.8106070000 -0.3767349907 0.9263210819 0.0000000000 12.6482480000 0.0000000000 0.0000000000 1.0000000000 -3.1891640000
1772701037.3490786552 0.9349876286 0.3546803269 0.0000000000 41.8031970000 -0.3546803269 0.9349876286 0.0000000000 12.6031240000 0.0000000000 0.0000000000 1.0000000000 -3.1867350000
1772701037.4492166042 0.9376819711 0.3474946346 0.0000000000 41.7932960000 -0.3474946346 0.9376819711 0.0000000000 12.5532930000 0.0000000000 0.0000000000 1.0000000000 -3.1840570000
1772701037.5495755672 0.9740735440 0.2262315866 0.0000000000 41.7836150000 -0.2262315866 0.9740735440 0.0000000000 12.4850280000 0.0000000000 0.0000000000 1.0000000000 -3.1713830000
1772701037.6495835781 0.9777970959 0.2095539055 0.0000000000 41.7731780000 -0.2095539055 0.9777970959 0.0000000000 12.4055990000 0.0000000000 0.0000000000 1.0000000000 -3.1694800000
1772701037.7490465641 0.5757719208 0.8176103566 0.0000000000 41.7609310000 -0.8176103566 0.5757719208 0.0000000000 12.3316690000 0.0000000000 0.0000000000 1.0000000000 -3.1684800000
1772701037.8495349884 -0.8726907141 0.4882734044 0.0000000000 41.7431920000 -0.4882734044 -0.8726907141 0.0000000000 12.2497120000 0.0000000000 0.0000000000 1.0000000000 -3.1629290000
1772701037.9495167732 0.4863827486 -0.8737458566 0.0000000000 41.7179690000 0.8737458566 0.4863827486 0.0000000000 12.1649590000 0.0000000000 0.0000000000 1.0000000000 -3.1630510000
1772701038.0498976707 -0.3618539687 0.9322347909 0.0000000000 41.6886280000 -0.9322347909 -0.3618539687 -0.0000000000 12.0844770000 -0.0000000000 0.0000000000 1.0000000000 -3.1575360000
1772701038.1513106823 -0.0724319308 -0.9973733581 -0.0000000000 41.6547840000 0.9973733581 -0.0724319308 0.0000000000 12.0057910000 0.0000000000 -0.0000000000 1.0000000000 -3.1533040000
1772701038.2500376701 0.8610524731 0.5085161144 0.0000000000 41.6184430000 -0.5085161144 0.8610524731 0.0000000000 11.9274050000 0.0000000000 0.0000000000 1.0000000000 -3.1507150000
1772701038.3496756554 -0.0941553147 0.9955575205 0.0000000000 41.5816890000 -0.9955575205 -0.0941553147 0.0000000000 11.8487920000 0.0000000000 0.0000000000 1.0000000000 -3.1405770000
1772701038.4514346123 -0.6530856035 0.7572840910 0.0000000000 41.5459430000 -0.7572840910 -0.6530856035 0.0000000000 11.7712010000 0.0000000000 0.0000000000 1.0000000000 -3.1361650000
1772701038.5497117043 -0.9589402438 0.2836081961 0.0000000000 41.5129970000 -0.2836081961 -0.9589402438 0.0000000000 11.6924110000 0.0000000000 0.0000000000 1.0000000000 -3.1303610000
1772701038.6496937275 -0.9986504454 -0.0519354213 0.0000000000 41.4804610000 0.0519354213 -0.9986504454 0.0000000000 11.6135410000 0.0000000000 0.0000000000 1.0000000000 -3.1301460000
1772701038.7502226830 -0.9747729698 -0.2231986947 0.0000000000 41.4482110000 0.2231986947 -0.9747729698 0.0000000000 11.5350460000 0.0000000000 0.0000000000 1.0000000000 -3.1224200000
1772701038.8519356251 -0.9430745961 -0.3325812775 0.0000000000 41.4128750000 0.3325812775 -0.9430745961 0.0000000000 11.4557680000 0.0000000000 0.0000000000 1.0000000000 -3.1215920000
1772701038.9506266117 -0.3314190587 -0.9434836551 0.0000000000 41.3755250000 0.9434836551 -0.3314190587 0.0000000000 11.3787680000 0.0000000000 0.0000000000 1.0000000000 -3.1156500000
1772701039.0500235558 0.9147305727 -0.4040643257 0.0000000000 41.3373610000 0.4040643257 0.9147305727 0.0000000000 11.3056550000 0.0000000000 0.0000000000 1.0000000000 -3.1063160000
1772701039.1513776779 0.9766863382 0.2146713692 0.0000000000 41.2996000000 -0.2146713692 0.9766863382 -0.0000000000 11.2319480000 -0.0000000000 0.0000000000 1.0000000000 -3.0985940000
1772701039.2509136200 0.9675941529 0.2525105054 0.0000000000 41.2609580000 -0.2525105054 0.9675941529 -0.0000000000 11.1558630000 -0.0000000000 0.0000000000 1.0000000000 -3.0975110000
1772701039.3509767056 0.8464560002 0.5324586742 0.0000000000 41.2241170000 -0.5324586742 0.8464560002 -0.0000000000 11.0785800000 -0.0000000000 0.0000000000 1.0000000000 -3.0961590000
1772701039.4503047466 0.7579820430 0.6522754192 0.0000000000 41.1853580000 -0.6522754192 0.7579820430 -0.0000000000 11.0039710000 -0.0000000000 0.0000000000 1.0000000000 -3.0885210000
1772701039.5521516800 0.7265693166 0.6870931729 0.0000000000 41.1450960000 -0.6870931729 0.7265693166 -0.0000000000 10.9277450000 -0.0000000000 0.0000000000 1.0000000000 -3.0765920000
1772701039.6517965794 0.6954498316 0.7185746529 0.0000000000 41.1068510000 -0.7185746529 0.6954498316 -0.0000000000 10.8507530000 -0.0000000000 0.0000000000 1.0000000000 -3.0735920000
1772701039.7503726482 0.6671052744 0.7449634574 0.0000000000 41.0693030000 -0.7449634574 0.6671052744 -0.0000000000 10.7724520000 -0.0000000000 0.0000000000 1.0000000000 -3.0674050000
1772701039.8517606258 0.6282784990 0.7779885139 0.0000000000 41.0280540000 -0.7779885139 0.6282784990 -0.0000000000 10.6940400000 -0.0000000000 0.0000000000 1.0000000000 -3.0604050000
1772701039.9522895813 0.6982935819 0.7158114790 0.0000000000 40.9853950000 -0.7158114790 0.6982935819 -0.0000000000 10.6169120000 -0.0000000000 0.0000000000 1.0000000000 -3.0493940000
1772701040.0518627167 0.7107194760 0.7034755337 0.0000000000 40.9456440000 -0.7034755337 0.7107194760 -0.0000000000 10.5404080000 -0.0000000000 0.0000000000 1.0000000000 -3.0436440000
1772701040.1504635811 0.7429061156 0.6693956255 0.0000000000 40.9057000000 -0.6693956255 0.7429061156 -0.0000000000 10.4628120000 -0.0000000000 0.0000000000 1.0000000000 -3.0404390000
1772701040.2512526512 0.7703360043 0.6376381736 0.0000000000 40.8688420000 -0.6376381736 0.7703360043 -0.0000000000 10.3879060000 -0.0000000000 0.0000000000 1.0000000000 -3.0324990000
1772701040.3519985676 0.7878707283 0.6158406575 0.0000000000 40.8303970000 -0.6158406575 0.7878707283 -0.0000000000 10.3119180000 -0.0000000000 0.0000000000 1.0000000000 -3.0303560000
1772701040.4515225887 0.8179344237 0.5753114622 0.0000000000 40.7925430000 -0.5753114622 0.8179344237 -0.0000000000 10.2377210000 -0.0000000000 0.0000000000 1.0000000000 -3.0256350000
1772701040.5511717796 0.8613846666 0.5079532027 0.0000000000 40.7537900000 -0.5079532027 0.8613846666 -0.0000000000 10.1605220000 -0.0000000000 0.0000000000 1.0000000000 -3.0179660000
1772701040.6524157524 0.8441266880 0.5361437630 0.0000000000 40.7157440000 -0.5361437630 0.8441266880 -0.0000000000 10.0833670000 -0.0000000000 0.0000000000 1.0000000000 -3.0137060000
1772701040.7537016869 0.7262186495 0.6874637977 0.0000000000 40.6746890000 -0.6874637977 0.7262186495 -0.0000000000 10.0072330000 -0.0000000000 0.0000000000 1.0000000000 -3.0059480000
1772701040.8512496948 -0.3788284887 0.9254668963 0.0000000000 40.6310800000 -0.9254668963 -0.3788284887 -0.0000000000 9.9342070000 -0.0000000000 0.0000000000 1.0000000000 -2.9882600000
1772701040.9522137642 -0.9996381743 -0.0268983354 -0.0000000000 40.5875380000 0.0268983354 -0.9996381743 0.0000000000 9.8580910000 0.0000000000 -0.0000000000 1.0000000000 -2.9820480000
1772701041.0518455505 -0.9999853028 -0.0054216443 -0.0000000000 40.5417900000 0.0054216443 -0.9999853028 0.0000000000 9.7825720000 0.0000000000 -0.0000000000 1.0000000000 -2.9720660000
1772701041.1524906158 -0.9433042403 -0.3319293754 -0.0000000000 40.4984400000 0.3319293754 -0.9433042403 0.0000000000 9.7102190000 0.0000000000 -0.0000000000 1.0000000000 -2.9662560000
1772701041.2517917156 -0.8975157474 -0.4409824069 -0.0000000000 40.4536850000 0.4409824069 -0.8975157474 0.0000000000 9.6386740000 0.0000000000 -0.0000000000 1.0000000000 -2.9567330000
1772701041.3517606258 -0.8221753539 -0.5692342993 -0.0000000000 40.4068280000 0.5692342993 -0.8221753539 0.0000000000 9.5666760000 0.0000000000 -0.0000000000 1.0000000000 -2.9453450000
1772701041.4519417286 -0.7973916220 -0.6034621787 -0.0000000000 40.3599740000 0.6034621787 -0.7973916220 0.0000000000 9.4938120000 0.0000000000 -0.0000000000 1.0000000000 -2.9348010000
1772701041.5520226955 -0.5064171698 -0.8622886118 -0.0000000000 40.3139170000 0.8622886118 -0.5064171698 0.0000000000 9.4218920000 0.0000000000 -0.0000000000 1.0000000000 -2.9228620000
1772701041.6527845860 0.7405270246 -0.6720265812 -0.0000000000 40.2674750000 0.6720265812 0.7405270246 0.0000000000 9.3492840000 0.0000000000 -0.0000000000 1.0000000000 -2.9235660000
1772701041.7518396378 0.8657375890 0.5004981789 0.0000000000 40.2222220000 -0.5004981789 0.8657375890 0.0000000000 9.2754600000 0.0000000000 0.0000000000 1.0000000000 -2.9123950000
1772701041.8520617485 0.8398235917 0.5428594062 0.0000000000 40.1719800000 -0.5428594062 0.8398235917 0.0000000000 9.1990160000 0.0000000000 0.0000000000 1.0000000000 -2.9055530000
1772701041.9549946785 0.5666918658 0.8239298084 0.0000000000 40.1221400000 -0.8239298084 0.5666918658 0.0000000000 9.1235290000 0.0000000000 0.0000000000 1.0000000000 -2.9017850000
1772701042.0522947311 0.4524710460 0.8917790940 0.0000000000 40.0715960000 -0.8917790940 0.4524710460 0.0000000000 9.0454910000 0.0000000000 0.0000000000 1.0000000000 -2.8901200000
1772701042.1519856453 0.2627788777 0.9648560833 0.0000000000 40.0216540000 -0.9648560833 0.2627788777 0.0000000000 8.9708490000 0.0000000000 0.0000000000 1.0000000000 -2.8874880000
1772701042.2544806004 0.1619800343 0.9867940355 0.0000000000 39.9724940000 -0.9867940355 0.1619800343 0.0000000000 8.9006860000 0.0000000000 0.0000000000 1.0000000000 -2.8762530000
1772701042.3535706997 0.1594081253 0.9872127682 0.0000000000 39.9232370000 -0.9872127682 0.1594081253 0.0000000000 8.8302570000 0.0000000000 0.0000000000 1.0000000000 -2.8677800000
1772701042.4523825645 0.1494694262 0.9887663478 0.0000000000 39.8734800000 -0.9887663478 0.1494694262 0.0000000000 8.7613090000 0.0000000000 0.0000000000 1.0000000000 -2.8619200000
1772701042.5533857346 0.1594353461 0.9872083723 0.0000000000 39.8240120000 -0.9872083723 0.1594353461 0.0000000000 8.6943140000 0.0000000000 0.0000000000 1.0000000000 -2.8503810000
1772701042.6542196274 0.2096550886 0.9777754056 0.0000000000 39.7761530000 -0.9777754056 0.2096550886 0.0000000000 8.6267870000 0.0000000000 0.0000000000 1.0000000000 -2.8458020000
1772701042.7531375885 0.2461038805 0.9692434575 0.0000000000 39.7294870000 -0.9692434575 0.2461038805 0.0000000000 8.5611670000 0.0000000000 0.0000000000 1.0000000000 -2.8380420000
1772701042.8530166149 0.2940184945 0.9557997305 0.0000000000 39.6802160000 -0.9557997305 0.2940184945 0.0000000000 8.4956040000 0.0000000000 0.0000000000 1.0000000000 -2.8266450000
1772701042.9545347691 0.3228682549 0.9464439180 0.0000000000 39.6314580000 -0.9464439180 0.3228682549 0.0000000000 8.4261780000 0.0000000000 0.0000000000 1.0000000000 -2.8187670000
1772701043.0529756546 0.3489012360 0.9371594995 0.0000000000 39.5836010000 -0.9371594995 0.3489012360 0.0000000000 8.3548440000 0.0000000000 0.0000000000 1.0000000000 -2.8086860000
1772701043.1543877125 0.3472804819 0.9377613059 0.0000000000 39.5338520000 -0.9377613059 0.3472804819 0.0000000000 8.2802170000 0.0000000000 0.0000000000 1.0000000000 -2.7987540000
1772701043.2532534599 0.3500489305 0.9367314163 0.0000000000 39.4860080000 -0.9367314163 0.3500489305 0.0000000000 8.2064870000 0.0000000000 0.0000000000 1.0000000000 -2.7956650000
1772701043.3525557518 0.3708056907 0.9287104714 0.0000000000 39.4395440000 -0.9287104714 0.3708056907 0.0000000000 8.1371020000 0.0000000000 0.0000000000 1.0000000000 -2.7828840000
1772701043.4532046318 0.3986846040 0.9170881019 0.0000000000 39.3928850000 -0.9170881019 0.3986846040 0.0000000000 8.0686560000 0.0000000000 0.0000000000 1.0000000000 -2.7759180000
1772701043.5553076267 0.4160136846 0.9093583530 0.0000000000 39.3463280000 -0.9093583530 0.4160136846 0.0000000000 7.9978190000 0.0000000000 0.0000000000 1.0000000000 -2.7667940000
1772701043.6540975571 0.4109830195 0.9116429990 0.0000000000 39.3010730000 -0.9116429990 0.4109830195 0.0000000000 7.9265700000 0.0000000000 0.0000000000 1.0000000000 -2.7585410000
1772701043.7538566589 0.4047134926 0.9144435406 0.0000000000 39.2535080000 -0.9144435406 0.4047134926 0.0000000000 7.8579750000 0.0000000000 0.0000000000 1.0000000000 -2.7460270000
1772701043.8542826176 0.3906155380 0.9205539101 0.0000000000 39.2052480000 -0.9205539101 0.3906155380 0.0000000000 7.7871500000 0.0000000000 0.0000000000 1.0000000000 -2.7339240000
1772701043.9540526867 0.4762077844 0.8793327846 0.0000000000 39.1574010000 -0.8793327846 0.4762077844 0.0000000000 7.7124160000 0.0000000000 0.0000000000 1.0000000000 -2.7260410000
1772701044.0537436008 0.4730317545 0.8810453786 0.0000000000 39.1107480000 -0.8810453786 0.4730317545 0.0000000000 7.6387550000 0.0000000000 0.0000000000 1.0000000000 -2.7140100000
1772701044.1535167694 0.5193606712 0.8545551434 0.0000000000 39.0658930000 -0.8545551434 0.5193606712 0.0000000000 7.5636910000 0.0000000000 0.0000000000 1.0000000000 -2.6984750000
1772701044.2539687157 0.4927486216 0.8701717048 0.0000000000 39.0191540000 -0.8701717048 0.4927486216 0.0000000000 7.4871550000 0.0000000000 0.0000000000 1.0000000000 -2.6937790000
1772701044.3541345596 0.6223505324 0.7827386632 0.0000000000 38.9727000000 -0.7827386632 0.6223505324 0.0000000000 7.4128690000 0.0000000000 0.0000000000 1.0000000000 -2.6806310000
1772701044.4546897411 0.7092578588 0.7049491398 0.0000000000 38.9240650000 -0.7049491398 0.7092578588 0.0000000000 7.3354620000 0.0000000000 0.0000000000 1.0000000000 -2.6784620000
1772701044.5543956757 0.6840170233 0.7294660457 0.0000000000 38.8767060000 -0.7294660457 0.6840170233 0.0000000000 7.2618870000 0.0000000000 0.0000000000 1.0000000000 -2.6618420000
1772701044.6551997662 0.7030675758 0.7111230441 0.0000000000 38.8292570000 -0.7111230441 0.7030675758 0.0000000000 7.1891650000 0.0000000000 0.0000000000 1.0000000000 -2.6561280000
1772701044.7542905807 0.7178965855 0.6961497630 0.0000000000 38.7828010000 -0.6961497630 0.7178965855 0.0000000000 7.1176140000 0.0000000000 0.0000000000 1.0000000000 -2.6461170000
1772701044.8556506634 0.7124060887 0.7017674578 0.0000000000 38.7357340000 -0.7017674578 0.7124060887 0.0000000000 7.0495270000 0.0000000000 0.0000000000 1.0000000000 -2.6330000000
1772701044.9557516575 0.7494824781 0.6620241801 0.0000000000 38.6887700000 -0.6620241801 0.7494824781 0.0000000000 6.9807640000 0.0000000000 0.0000000000 1.0000000000 -2.6206860000
1772701045.0563685894 0.7461702750 0.6657551507 0.0000000000 38.6501160000 -0.6657551507 0.7461702750 0.0000000000 6.9107080000 0.0000000000 0.0000000000 1.0000000000 -2.6237490000
1772701045.1551387310 0.7775065134 0.6288748855 0.0000000000 38.6049430000 -0.6288748855 0.7775065134 0.0000000000 6.8401860000 0.0000000000 0.0000000000 1.0000000000 -2.6199780000
1772701045.2541477680 0.7777121960 0.6286205057 0.0000000000 38.5565590000 -0.6286205057 0.7777121960 0.0000000000 6.7681020000 0.0000000000 0.0000000000 1.0000000000 -2.6093500000
1772701045.3539357185 0.7807604405 0.6248304846 0.0000000000 38.5057750000 -0.6248304846 0.7807604405 0.0000000000 6.6935140000 0.0000000000 0.0000000000 1.0000000000 -2.5962460000
1772701045.4545507431 0.8004105521 0.5994522067 0.0000000000 38.4513010000 -0.5994522067 0.8004105521 0.0000000000 6.6190480000 0.0000000000 0.0000000000 1.0000000000 -2.5882680000
1772701045.5557496548 0.7994633378 0.6007148837 0.0000000000 38.3989280000 -0.6007148837 0.7994633378 0.0000000000 6.5470770000 0.0000000000 0.0000000000 1.0000000000 -2.5830970000
1772701045.6546766758 0.8056653865 0.5923709016 0.0000000000 38.3521220000 -0.5923709016 0.8056653865 0.0000000000 6.4770310000 0.0000000000 0.0000000000 1.0000000000 -2.5631380000
1772701045.7569437027 0.8341729867 0.5515028815 0.0000000000 38.3030520000 -0.5515028815 0.8341729867 0.0000000000 6.4017610000 0.0000000000 0.0000000000 1.0000000000 -2.5566930000
1772701045.8546686172 0.8501549280 0.5265326185 0.0000000000 38.2540800000 -0.5265326185 0.8501549280 0.0000000000 6.3239880000 0.0000000000 0.0000000000 1.0000000000 -2.5465870000
1772701045.9551715851 0.8421307919 0.5392733346 0.0000000000 38.2029100000 -0.5392733346 0.8421307919 0.0000000000 6.2443460000 0.0000000000 0.0000000000 1.0000000000 -2.5352830000
1772701046.0558485985 0.8599545533 0.5103706166 0.0000000000 38.1536450000 -0.5103706166 0.8599545533 0.0000000000 6.1683530000 0.0000000000 0.0000000000 1.0000000000 -2.5304210000
1772701046.1558976173 0.9019499651 0.4318405498 0.0000000000 38.1045670000 -0.4318405498 0.9019499651 0.0000000000 6.0910080000 0.0000000000 0.0000000000 1.0000000000 -2.5174640000
1772701046.2548706532 0.9078612372 0.4192707645 0.0000000000 38.0585020000 -0.4192707645 0.9078612372 0.0000000000 6.0157440000 0.0000000000 0.0000000000 1.0000000000 -2.5133730000
1772701046.3550605774 0.8895056830 0.4569241074 0.0000000000 38.0123180000 -0.4569241074 0.8895056830 0.0000000000 5.9440140000 0.0000000000 0.0000000000 1.0000000000 -2.5028290000
1772701046.4558427334 0.9349181806 0.3548633477 0.0000000000 37.9663350000 -0.3548633477 0.9349181806 0.0000000000 5.8721380000 0.0000000000 0.0000000000 1.0000000000 -2.4929750000
1772701046.5561156273 0.9173581171 0.3980629159 0.0000000000 37.9218280000 -0.3980629159 0.9173581171 0.0000000000 5.8035390000 0.0000000000 0.0000000000 1.0000000000 -2.4739750000
1772701046.6555407047 0.9431088140 0.3324842326 0.0000000000 37.8784470000 -0.3324842326 0.9431088140 0.0000000000 5.7333880000 0.0000000000 0.0000000000 1.0000000000 -2.4666890000
1772701046.7554907799 0.9373608832 0.3483598349 0.0000000000 37.8354780000 -0.3483598349 0.9373608832 0.0000000000 5.6585220000 0.0000000000 0.0000000000 1.0000000000 -2.4606810000
1772701046.8552186489 0.9533588463 0.3018392124 0.0000000000 37.7928030000 -0.3018392124 0.9533588463 0.0000000000 5.5827010000 0.0000000000 0.0000000000 1.0000000000 -2.4506450000
1772701046.9551627636 0.9713880598 0.2374978680 0.0000000000 37.7469200000 -0.2374978680 0.9713880598 0.0000000000 5.5069800000 0.0000000000 0.0000000000 1.0000000000 -2.4369460000
1772701047.0554087162 0.9800133241 0.1989318590 0.0000000000 37.7038340000 -0.1989318590 0.9800133241 0.0000000000 5.4339090000 0.0000000000 0.0000000000 1.0000000000 -2.4245500000
1772701047.1557536125 0.9802961451 0.1975334601 0.0000000000 37.6598670000 -0.1975334601 0.9802961451 0.0000000000 5.3585630000 0.0000000000 0.0000000000 1.0000000000 -2.4188850000
1772701047.2559485435 0.9951456033 0.0984135573 0.0000000000 37.6138070000 -0.0984135573 0.9951456033 0.0000000000 5.2823170000 0.0000000000 0.0000000000 1.0000000000 -2.4105970000
1772701047.3565027714 0.9912460403 0.1320276015 0.0000000000 37.5643460000 -0.1320276015 0.9912460403 0.0000000000 5.2004770000 0.0000000000 0.0000000000 1.0000000000 -2.4064520000
1772701047.4568307400 0.9809794843 0.1941114404 0.0000000000 37.5127810000 -0.1941114404 0.9809794843 0.0000000000 5.1204010000 0.0000000000 0.0000000000 1.0000000000 -2.4018520000
1772701047.5564036369 0.9831760921 0.1826602636 0.0000000000 37.4623780000 -0.1826602636 0.9831760921 0.0000000000 5.0449510000 0.0000000000 0.0000000000 1.0000000000 -2.3829980000
1772701047.6579747200 0.9838572021 0.1789553183 0.0000000000 37.4115020000 -0.1789553183 0.9838572021 0.0000000000 4.9676430000 0.0000000000 0.0000000000 1.0000000000 -2.3757040000
1772701047.7562336922 0.9847815607 0.1737966559 0.0000000000 37.3635370000 -0.1737966559 0.9847815607 0.0000000000 4.8872020000 0.0000000000 0.0000000000 1.0000000000 -2.3706290000
1772701047.8577725887 0.9814142917 0.1919009850 0.0000000000 37.3132890000 -0.1919009850 0.9814142917 0.0000000000 4.8052120000 0.0000000000 0.0000000000 1.0000000000 -2.3732160000
1772701047.9563436508 0.9877941268 0.1557650892 0.0000000000 37.2668100000 -0.1557650892 0.9877941268 0.0000000000 4.7264980000 0.0000000000 0.0000000000 1.0000000000 -2.3628590000
1772701048.0582916737 0.9610802152 0.2762694698 0.0000000000 37.2206420000 -0.2762694698 0.9610802152 0.0000000000 4.6528420000 0.0000000000 0.0000000000 1.0000000000 -2.3624890000
1772701048.1565575600 0.8181613252 0.5749887355 0.0000000000 37.1725550000 -0.5749887355 0.8181613252 0.0000000000 4.5794810000 0.0000000000 0.0000000000 1.0000000000 -2.3534210000
1772701048.2568666935 0.8396551060 0.5431199711 0.0000000000 37.1207740000 -0.5431199711 0.8396551060 0.0000000000 4.5060360000 0.0000000000 0.0000000000 1.0000000000 -2.3468400000
1772701048.3570797443 0.7936678162 0.6083513767 0.0000000000 37.0725930000 -0.6083513767 0.7936678162 0.0000000000 4.4323760000 0.0000000000 0.0000000000 1.0000000000 -2.3399940000
1772701048.4584937096 0.7411037049 0.6713905708 0.0000000000 37.0218960000 -0.6713905708 0.7411037049 0.0000000000 4.3595790000 0.0000000000 0.0000000000 1.0000000000 -2.3263880000
1772701048.5562446117 -0.1494413590 0.9887705903 0.0000000000 36.9686280000 -0.9887705903 -0.1494413590 0.0000000000 4.2885630000 0.0000000000 0.0000000000 1.0000000000 -2.3288090000
1772701048.6576366425 -0.9045433265 -0.4263817193 0.0000000000 36.9160420000 0.4263817193 -0.9045433265 0.0000000000 4.2211690000 0.0000000000 0.0000000000 1.0000000000 -2.3250020000
1772701048.7569856644 0.5563715195 -0.8309336509 0.0000000000 36.8625310000 0.8309336509 0.5563715195 0.0000000000 4.1537180000 0.0000000000 0.0000000000 1.0000000000 -2.3093070000
1772701048.8574466705 0.7824836613 -0.6226711169 0.0000000000 36.8034560000 0.6226711169 0.7824836613 0.0000000000 4.0849020000 0.0000000000 0.0000000000 1.0000000000 -2.3098500000
1772701048.9564757347 0.9624135872 -0.2715880835 0.0000000000 36.7463630000 0.2715880835 0.9624135872 0.0000000000 4.0161580000 0.0000000000 0.0000000000 1.0000000000 -2.3013380000
1772701049.0582246780 0.9993743596 0.0353679144 0.0000000000 36.6902660000 -0.0353679144 0.9993743596 -0.0000000000 3.9495490000 -0.0000000000 0.0000000000 1.0000000000 -2.2935040000
1772701049.1570515633 0.9487362029 0.3160690073 0.0000000000 36.6337550000 -0.3160690073 0.9487362029 -0.0000000000 3.8860960000 -0.0000000000 0.0000000000 1.0000000000 -2.2806860000
1772701049.2572467327 0.1266762528 0.9919441148 0.0000000000 36.5717710000 -0.9919441148 0.1266762528 -0.0000000000 3.8243150000 -0.0000000000 0.0000000000 1.0000000000 -2.2831820000
1772701049.3585166931 -0.9999842582 -0.0056109971 -0.0000000000 36.5113630000 0.0056109971 -0.9999842582 0.0000000000 3.7613570000 0.0000000000 -0.0000000000 1.0000000000 -2.2731690000
1772701049.4592325687 -0.7058755398 -0.7083358825 -0.0000000000 36.4501690000 0.7083358825 -0.7058755398 0.0000000000 3.6960090000 0.0000000000 -0.0000000000 1.0000000000 -2.2673800000
1772701049.5575716496 -0.6298725598 -0.7766984991 -0.0000000000 36.3877660000 0.7766984991 -0.6298725598 0.0000000000 3.6302650000 0.0000000000 -0.0000000000 1.0000000000 -2.2568050000
1772701049.6592917442 -0.3852121581 -0.9228280410 -0.0000000000 36.3276660000 0.9228280410 -0.3852121581 0.0000000000 3.5641730000 0.0000000000 -0.0000000000 1.0000000000 -2.2476960000
1772701049.7572216988 0.1023349452 -0.9947499982 -0.0000000000 36.2653620000 0.9947499982 0.1023349452 0.0000000000 3.5046730000 0.0000000000 -0.0000000000 1.0000000000 -2.2421920000
1772701049.8581357002 0.9991444573 0.0413564194 0.0000000000 36.1995630000 -0.0413564194 0.9991444573 0.0000000000 3.4481420000 0.0000000000 0.0000000000 1.0000000000 -2.2419500000
1772701049.9584856033 -0.4092447510 0.9124246455 0.0000000000 36.1324740000 -0.9124246455 -0.4092447510 0.0000000000 3.3866310000 0.0000000000 0.0000000000 1.0000000000 -2.2421750000
1772701050.0578916073 -0.8713185758 0.4907177798 0.0000000000 36.0683220000 -0.4907177798 -0.8713185758 0.0000000000 3.3246160000 0.0000000000 0.0000000000 1.0000000000 -2.2475230000
1772701050.1590876579 -0.9596723271 0.2811210143 0.0000000000 36.0040480000 -0.2811210143 -0.9596723271 0.0000000000 3.2652780000 0.0000000000 0.0000000000 1.0000000000 -2.2433790000
1772701050.2597987652 -0.9671260170 -0.2542975958 0.0000000000 35.9359570000 0.2542975958 -0.9671260170 0.0000000000 3.2074700000 0.0000000000 0.0000000000 1.0000000000 -2.2355090000
1772701050.3583755493 -0.0523756765 -0.9986274523 0.0000000000 35.8630610000 0.9986274523 -0.0523756765 0.0000000000 3.1534550000 0.0000000000 0.0000000000 1.0000000000 -2.2285230000
1772701050.4584836960 0.8917227172 0.4525821423 0.0000000000 35.7911680000 -0.4525821423 0.8917227172 -0.0000000000 3.1051120000 -0.0000000000 0.0000000000 1.0000000000 -2.2265910000
1772701050.5591697693 -0.9843474228 0.1762389039 0.0000000000 35.7192650000 -0.1762389039 -0.9843474228 -0.0000000000 3.0547020000 -0.0000000000 0.0000000000 1.0000000000 -2.2200910000
1772701050.6577737331 -0.6532416374 -0.7571494985 -0.0000000000 35.6447650000 0.7571494985 -0.6532416374 0.0000000000 3.0025760000 0.0000000000 -0.0000000000 1.0000000000 -2.2134600000
1772701050.7582106590 -0.3229464280 -0.9464172466 -0.0000000000 35.5724570000 0.9464172466 -0.3229464280 0.0000000000 2.9549880000 0.0000000000 -0.0000000000 1.0000000000 -2.2074850000
1772701050.8581047058 0.1798389272 -0.9836960711 -0.0000000000 35.5004510000 0.9836960711 0.1798389272 0.0000000000 2.9099160000 0.0000000000 -0.0000000000 1.0000000000 -2.2039940000
1772701050.9587457180 0.4492039616 -0.8934292367 -0.0000000000 35.4277400000 0.8934292367 0.4492039616 0.0000000000 2.8653040000 0.0000000000 -0.0000000000 1.0000000000 -2.1992040000
1772701051.0583546162 0.5986569411 -0.8010055349 -0.0000000000 35.3569280000 0.8010055349 0.5986569411 0.0000000000 2.8184970000 0.0000000000 -0.0000000000 1.0000000000 -2.1926490000
1772701051.1583967209 0.6734418970 -0.7392401582 -0.0000000000 35.2841530000 0.7392401582 0.6734418970 0.0000000000 2.7659450000 0.0000000000 -0.0000000000 1.0000000000 -2.1931550000
1772701051.2593746185 0.6954603373 -0.7185644851 -0.0000000000 35.2092400000 0.7185644851 0.6954603373 0.0000000000 2.7139550000 0.0000000000 -0.0000000000 1.0000000000 -2.1825640000
1772701051.3583855629 0.6720506226 -0.7405052064 -0.0000000000 35.1336880000 0.7405052064 0.6720506226 0.0000000000 2.6685350000 0.0000000000 -0.0000000000 1.0000000000 -2.1653370000
1772701051.4589736462 0.6920277210 -0.7218709257 -0.0000000000 35.0580790000 0.7218709257 0.6920277210 0.0000000000 2.6238700000 0.0000000000 -0.0000000000 1.0000000000 -2.1610860000
1772701051.5596847534 0.6099590666 -0.7924329228 -0.0000000000 34.9795770000 0.7924329228 0.6099590666 0.0000000000 2.5753150000 0.0000000000 -0.0000000000 1.0000000000 -2.1563480000
1772701051.6594727039 0.5964529615 -0.8026480329 -0.0000000000 34.9022530000 0.8026480329 0.5964529615 0.0000000000 2.5278290000 0.0000000000 -0.0000000000 1.0000000000 -2.1456490000
1772701051.7592046261 0.5331141785 -0.8460433042 -0.0000000000 34.8341300000 0.8460433042 0.5331141785 0.0000000000 2.4823440000 0.0000000000 -0.0000000000 1.0000000000 -2.1366780000
1772701051.8603646755 -0.1097598353 -0.9939581372 -0.0000000000 34.7670540000 0.9939581372 -0.1097598353 0.0000000000 2.4291210000 0.0000000000 -0.0000000000 1.0000000000 -2.1362880000
1772701051.9596667290 -0.9480194964 0.3182122475 0.0000000000 34.6965960000 -0.3182122475 -0.9480194964 -0.0000000000 2.3660110000 -0.0000000000 0.0000000000 1.0000000000 -2.1343660000
1772701052.0615336895 0.9705908841 0.2407349905 0.0000000000 34.6301380000 -0.2407349905 0.9705908841 -0.0000000000 2.3014740000 -0.0000000000 0.0000000000 1.0000000000 -2.1314490000
1772701052.1607427597 -0.0328308346 -0.9994609228 0.0000000000 34.5633850000 0.9994609228 -0.0328308346 0.0000000000 2.2430300000 0.0000000000 0.0000000000 1.0000000000 -2.1342180000
1772701052.2605826855 -0.6746644556 -0.7381245642 0.0000000000 34.4975850000 0.7381245642 -0.6746644556 0.0000000000 2.1831040000 0.0000000000 0.0000000000 1.0000000000 -2.1222230000
1772701052.3596167564 -0.9577059831 -0.2877485882 0.0000000000 34.4332230000 0.2877485882 -0.9577059831 0.0000000000 2.1194470000 0.0000000000 0.0000000000 1.0000000000 -2.1184730000
1772701052.4593417645 -0.9921833123 0.1247889206 0.0000000000 34.3704620000 -0.1247889206 -0.9921833123 0.0000000000 2.0580990000 0.0000000000 0.0000000000 1.0000000000 -2.1170760000
1772701052.5601866245 -0.9181294558 0.3962805855 0.0000000000 34.3060020000 -0.3962805855 -0.9181294558 0.0000000000 1.9981620000 0.0000000000 0.0000000000 1.0000000000 -2.1166860000
1772701052.6590535641 -0.7854510650 0.6189237630 0.0000000000 34.2420200000 -0.6189237630 -0.7854510650 0.0000000000 1.9417820000 0.0000000000 0.0000000000 1.0000000000 -2.1121040000
1772701052.7598567009 -0.7252904596 0.6884429890 0.0000000000 34.1752310000 -0.6884429890 -0.7252904596 0.0000000000 1.8852150000 0.0000000000 0.0000000000 1.0000000000 -2.1056420000
1772701052.8597817421 -0.7051986374 0.7090097896 0.0000000000 34.1087460000 -0.7090097896 -0.7051986374 0.0000000000 1.8265960000 0.0000000000 0.0000000000 1.0000000000 -2.0988710000
1772701052.9615116119 -0.9651229244 0.2617971367 0.0000000000 34.0407970000 -0.2617971367 -0.9651229244 0.0000000000 1.7679350000 0.0000000000 0.0000000000 1.0000000000 -2.1026850000
1772701053.0617086887 -0.2592759964 -0.9658032707 0.0000000000 33.9722280000 0.9658032707 -0.2592759964 0.0000000000 1.7125930000 0.0000000000 0.0000000000 1.0000000000 -2.1030630000
1772701053.1606416702 0.9858270253 -0.1677649434 0.0000000000 33.9015270000 0.1677649434 0.9858270253 0.0000000000 1.6579320000 0.0000000000 0.0000000000 1.0000000000 -2.0940130000
1772701053.2603547573 0.9951797148 0.0980680129 0.0000000000 33.8318180000 -0.0980680129 0.9951797148 -0.0000000000 1.6064740000 -0.0000000000 0.0000000000 1.0000000000 -2.0851120000
1772701053.3597927094 0.8843640402 0.4667978625 0.0000000000 33.7600360000 -0.4667978625 0.8843640402 -0.0000000000 1.5561420000 -0.0000000000 0.0000000000 1.0000000000 -2.0851810000
1772701053.4600117207 0.6731716278 0.7394862809 0.0000000000 33.6869390000 -0.7394862809 0.6731716278 -0.0000000000 1.5055300000 -0.0000000000 0.0000000000 1.0000000000 -2.0804660000
1772701053.5603027344 -0.1501391577 0.9886648741 0.0000000000 33.6140350000 -0.9886648741 -0.1501391577 -0.0000000000 1.4592120000 -0.0000000000 0.0000000000 1.0000000000 -2.0763760000
1772701053.6602747440 -0.9936957989 -0.1121100314 -0.0000000000 33.5449300000 0.1121100314 -0.9936957989 0.0000000000 1.4104740000 0.0000000000 -0.0000000000 1.0000000000 -2.0707170000
1772701053.7598567009 -0.8194171400 -0.5731976541 -0.0000000000 33.4755250000 0.5731976541 -0.8194171400 0.0000000000 1.3614330000 0.0000000000 -0.0000000000 1.0000000000 -2.0646110000
1772701053.8609137535 -0.6998562211 -0.7142837460 -0.0000000000 33.4044170000 0.7142837460 -0.6998562211 0.0000000000 1.3137890000 0.0000000000 -0.0000000000 1.0000000000 -2.0588120000
1772701053.9618666172 -0.5863546438 -0.8100544621 -0.0000000000 33.3297240000 0.8100544621 -0.5863546438 0.0000000000 1.2638120000 0.0000000000 -0.0000000000 1.0000000000 -2.0556790000
1772701054.0612447262 -0.3145920479 -0.9492269715 -0.0000000000 33.2534260000 0.9492269715 -0.3145920479 0.0000000000 1.2159310000 0.0000000000 -0.0000000000 1.0000000000 -2.0524490000
1772701054.1608877182 0.6793826112 -0.7337842105 -0.0000000000 33.1813810000 0.7337842105 0.6793826112 0.0000000000 1.1743260000 0.0000000000 -0.0000000000 1.0000000000 -2.0398390000
1772701054.2627446651 0.9174700129 -0.3978049464 -0.0000000000 33.1054700000 0.3978049464 0.9174700129 0.0000000000 1.1278460000 0.0000000000 -0.0000000000 1.0000000000 -2.0338100000
1772701054.3607785702 0.9204831390 -0.3907822805 -0.0000000000 33.0253910000 0.3907822805 0.9204831390 0.0000000000 1.0778440000 0.0000000000 -0.0000000000 1.0000000000 -2.0347250000
1772701054.4607245922 0.9929602934 -0.1184476923 -0.0000000000 32.9420030000 0.1184476923 0.9929602934 0.0000000000 1.0253390000 0.0000000000 -0.0000000000 1.0000000000 -2.0313750000
1772701054.5606787205 0.4102342308 0.9119801949 0.0000000000 32.8629850000 -0.9119801949 0.4102342308 0.0000000000 0.9813310000 0.0000000000 0.0000000000 1.0000000000 -2.0250420000
1772701054.6609725952 -0.9491179415 0.3149208363 0.0000000000 32.7909730000 -0.3149208363 -0.9491179415 0.0000000000 0.9389550000 0.0000000000 0.0000000000 1.0000000000 -2.0216860000
1772701054.7608296871 -0.9982491971 0.0591484607 0.0000000000 32.7158490000 -0.0591484607 -0.9982491971 0.0000000000 0.8990390000 0.0000000000 0.0000000000 1.0000000000 -2.0163570000
1772701054.8625276089 -0.9768949538 -0.2137200256 0.0000000000 32.6388290000 0.2137200256 -0.9768949538 0.0000000000 0.8597880000 0.0000000000 0.0000000000 1.0000000000 -2.0128600000
1772701054.9608466625 -0.9057001409 -0.4239189247 0.0000000000 32.5578990000 0.4239189247 -0.9057001409 0.0000000000 0.8199400000 0.0000000000 0.0000000000 1.0000000000 -2.0056190000
1772701055.0632345676 -0.4948269754 -0.8689915215 0.0000000000 32.4785810000 0.8689915215 -0.4948269754 0.0000000000 0.7831640000 0.0000000000 0.0000000000 1.0000000000 -2.0044860000
1772701055.1617667675 0.8450525402 -0.5346832748 0.0000000000 32.4040500000 0.5346832748 0.8450525402 0.0000000000 0.7450240000 0.0000000000 0.0000000000 1.0000000000 -1.9982540000
1772701055.2613606453 0.9602208948 0.2792415319 0.0000000000 32.3273270000 -0.2792415319 0.9602208948 -0.0000000000 0.7026600000 -0.0000000000 0.0000000000 1.0000000000 -1.9917140000
1772701055.3615176678 0.9447972242 0.3276556196 0.0000000000 32.2451970000 -0.3276556196 0.9447972242 -0.0000000000 0.6633690000 -0.0000000000 0.0000000000 1.0000000000 -1.9849740000
1772701055.4613237381 0.7940239813 0.6078864343 0.0000000000 32.1627630000 -0.6078864343 0.7940239813 -0.0000000000 0.6239780000 -0.0000000000 0.0000000000 1.0000000000 -1.9772960000
1772701055.5616066456 0.6567665516 0.7540939575 0.0000000000 32.0821570000 -0.7540939575 0.6567665516 -0.0000000000 0.5874000000 -0.0000000000 0.0000000000 1.0000000000 -1.9795950000
1772701055.6614196301 -0.3197610499 0.9474982169 0.0000000000 32.0026190000 -0.9474982169 -0.3197610499 -0.0000000000 0.5535760000 -0.0000000000 0.0000000000 1.0000000000 -1.9744260000
1772701055.7616426945 -0.8908586642 0.4542805745 0.0000000000 31.9243670000 -0.4542805745 -0.8908586642 -0.0000000000 0.5160070000 -0.0000000000 0.0000000000 1.0000000000 -1.9625930000
1772701055.8616616726 -0.8432263879 0.5375586096 0.0000000000 31.8461520000 -0.5375586096 -0.8432263879 -0.0000000000 0.4823180000 -0.0000000000 0.0000000000 1.0000000000 -1.9642680000
1772701055.9611277580 -0.9561794031 0.2927814017 0.0000000000 31.7679380000 -0.2927814017 -0.9561794031 -0.0000000000 0.4462620000 -0.0000000000 0.0000000000 1.0000000000 -1.9647070000
1772701056.0624296665 -0.9668479069 0.2553529418 0.0000000000 31.6903990000 -0.2553529418 -0.9668479069 -0.0000000000 0.4106080000 -0.0000000000 0.0000000000 1.0000000000 -1.9582510000
1772701056.1626696587 -0.9917346458 0.1283058548 0.0000000000 31.6110680000 -0.1283058548 -0.9917346458 -0.0000000000 0.3756930000 -0.0000000000 0.0000000000 1.0000000000 -1.9543460000
1772701056.2619485855 -0.9871209752 0.1599755618 0.0000000000 31.5324350000 -0.1599755618 -0.9871209752 -0.0000000000 0.3420050000 -0.0000000000 0.0000000000 1.0000000000 -1.9507630000
1772701056.3624465466 -0.9917801575 0.1279535818 0.0000000000 31.4808090000 -0.1279535818 -0.9917801575 -0.0000000000 0.3200440000 -0.0000000000 0.0000000000 1.0000000000 -1.9798880000
1772701056.4619965553 -0.9915163721 0.1299818594 0.0000000000 31.3994660000 -0.1299818594 -0.9915163721 -0.0000000000 0.2913540000 -0.0000000000 0.0000000000 1.0000000000 -1.9791580000
1772701056.5639085770 -0.9782279574 0.2075332826 0.0000000000 31.3173590000 -0.2075332826 -0.9782279574 -0.0000000000 0.2602540000 -0.0000000000 0.0000000000 1.0000000000 -1.9669250000
1772701056.6618766785 -0.9785524327 0.2059979042 0.0000000000 31.2363610000 -0.2059979042 -0.9785524327 -0.0000000000 0.2275990000 -0.0000000000 0.0000000000 1.0000000000 -1.9555120000
1772701056.7624416351 -0.9687169451 0.2481682500 0.0000000000 31.1571790000 -0.2481682500 -0.9687169451 -0.0000000000 0.1943520000 -0.0000000000 0.0000000000 1.0000000000 -1.9464910000
1772701056.8636667728 -0.9627209682 0.2704964647 0.0000000000 31.0769240000 -0.2704964647 -0.9627209682 -0.0000000000 0.1575850000 -0.0000000000 0.0000000000 1.0000000000 -1.9407840000
1772701056.9644477367 -0.9817689048 0.1900784512 0.0000000000 30.9961230000 -0.1900784512 -0.9817689048 -0.0000000000 0.1208210000 -0.0000000000 0.0000000000 1.0000000000 -1.9438900000
1772701057.0619456768 -0.9659719839 0.2586467212 0.0000000000 30.9172410000 -0.2586467212 -0.9659719839 -0.0000000000 0.0856820000 -0.0000000000 0.0000000000 1.0000000000 -1.9343670000
1772701057.1637465954 -0.9605402078 0.2781411676 0.0000000000 30.8399810000 -0.2781411676 -0.9605402078 -0.0000000000 0.0524860000 -0.0000000000 0.0000000000 1.0000000000 -1.9290640000
1772701057.2622725964 -0.9549745454 0.2966877445 0.0000000000 30.7713610000 -0.2966877445 -0.9549745454 -0.0000000000 0.0200290000 -0.0000000000 0.0000000000 1.0000000000 -1.9305860000
1772701057.3624956608 -0.9580244108 0.2866866379 0.0000000000 30.7086540000 -0.2866866379 -0.9580244108 -0.0000000000 -0.0119640000 -0.0000000000 0.0000000000 1.0000000000 -1.9344610000
1772701057.4619626999 -0.9743246486 0.2251476831 0.0000000000 30.6343890000 -0.2251476831 -0.9743246486 -0.0000000000 -0.0491530000 -0.0000000000 0.0000000000 1.0000000000 -1.9268590000
1772701057.5631086826 -0.8946153850 0.4468370093 0.0000000000 30.5618090000 -0.4468370093 -0.8946153850 -0.0000000000 -0.0837310000 -0.0000000000 0.0000000000 1.0000000000 -1.9178050000
1772701057.6643135548 -0.8893123841 0.4573002115 0.0000000000 30.4911360000 -0.4573002115 -0.8893123841 -0.0000000000 -0.1138230000 -0.0000000000 0.0000000000 1.0000000000 -1.9113180000
1772701057.7629086971 -0.9403895709 0.3400991840 0.0000000000 30.4164700000 -0.3400991840 -0.9403895709 -0.0000000000 -0.1454970000 -0.0000000000 0.0000000000 1.0000000000 -1.9056420000
1772701057.8628337383 -0.9380353594 0.3465395569 0.0000000000 30.3372020000 -0.3465395569 -0.9380353594 -0.0000000000 -0.1766110000 -0.0000000000 0.0000000000 1.0000000000 -1.8997820000
1772701057.9639155865 -0.9144308499 0.4047421657 0.0000000000 30.2559400000 -0.4047421657 -0.9144308499 -0.0000000000 -0.2107650000 -0.0000000000 0.0000000000 1.0000000000 -1.8937980000
1772701058.0633165836 -0.9285751479 0.3711444392 0.0000000000 30.1721740000 -0.3711444392 -0.9285751479 -0.0000000000 -0.2440740000 -0.0000000000 0.0000000000 1.0000000000 -1.8874650000
1772701058.1635487080 -0.8975509746 0.4409107030 0.0000000000 30.0923550000 -0.4409107030 -0.8975509746 -0.0000000000 -0.2765100000 -0.0000000000 0.0000000000 1.0000000000 -1.8727140000
1772701058.2638986111 -0.8884757114 0.4589236432 0.0000000000 30.0124850000 -0.4589236432 -0.8884757114 -0.0000000000 -0.3069250000 -0.0000000000 0.0000000000 1.0000000000 -1.8668340000
1772701058.3649466038 -0.8839889144 0.4675078600 0.0000000000 29.9339970000 -0.4675078600 -0.8839889144 -0.0000000000 -0.3411720000 -0.0000000000 0.0000000000 1.0000000000 -1.8566130000
1772701058.4638967514 -0.8811815913 0.4727779640 0.0000000000 29.8521420000 -0.4727779640 -0.8811815913 -0.0000000000 -0.3776200000 -0.0000000000 0.0000000000 1.0000000000 -1.8508240000
1772701058.5640957355 -0.8796601413 0.4756028131 0.0000000000 29.7717620000 -0.4756028131 -0.8796601413 -0.0000000000 -0.4142720000 -0.0000000000 0.0000000000 1.0000000000 -1.8410470000
1772701058.6636285782 -0.8542746974 0.5198218362 0.0000000000 29.6896830000 -0.5198218362 -0.8542746974 -0.0000000000 -0.4499250000 -0.0000000000 0.0000000000 1.0000000000 -1.8316360000
1772701058.7649445534 -0.8852384663 0.4651374612 0.0000000000 29.6075090000 -0.4651374612 -0.8852384663 -0.0000000000 -0.4847210000 -0.0000000000 0.0000000000 1.0000000000 -1.8235510000
1772701058.8639297485 -0.8522193003 0.5231847324 0.0000000000 29.5247310000 -0.5231847324 -0.8522193003 -0.0000000000 -0.5186600000 -0.0000000000 0.0000000000 1.0000000000 -1.8150450000
1772701058.9643266201 -0.8352915410 0.5498072767 0.0000000000 29.4452540000 -0.5498072767 -0.8352915410 -0.0000000000 -0.5532750000 -0.0000000000 0.0000000000 1.0000000000 -1.8064020000
1772701059.0636677742 -0.8358822416 0.5489088068 0.0000000000 29.3652070000 -0.5489088068 -0.8358822416 -0.0000000000 -0.5890950000 -0.0000000000 0.0000000000 1.0000000000 -1.8022700000
1772701059.1638655663 -0.8381661199 0.5454150305 0.0000000000 29.2848480000 -0.5454150305 -0.8381661199 -0.0000000000 -0.6225010000 -0.0000000000 0.0000000000 1.0000000000 -1.7970770000
1772701059.2646305561 -0.8627151142 0.5056902527 0.0000000000 29.2043730000 -0.5056902527 -0.8627151142 -0.0000000000 -0.6553250000 -0.0000000000 0.0000000000 1.0000000000 -1.7893720000
1772701059.3637576103 -0.8678112885 0.4968939198 0.0000000000 29.1232170000 -0.4968939198 -0.8678112885 -0.0000000000 -0.6896480000 -0.0000000000 0.0000000000 1.0000000000 -1.7843580000
1772701059.4634046555 -0.8779027807 0.4788389161 0.0000000000 29.0363700000 -0.4788389161 -0.8779027807 -0.0000000000 -0.7244550000 -0.0000000000 0.0000000000 1.0000000000 -1.7807410000
1772701059.5630707741 -0.9965084871 0.0834915270 0.0000000000 28.9434190000 -0.0834915270 -0.9965084871 -0.0000000000 -0.7576710000 -0.0000000000 0.0000000000 1.0000000000 -1.7769640000
1772701059.6654157639 -0.4253634348 -0.9050226231 -0.0000000000 28.8510280000 0.9050226231 -0.4253634348 0.0000000000 -0.7871620000 0.0000000000 -0.0000000000 1.0000000000 -1.7678640000
1772701059.7635366917 0.9907229333 0.1358972751 0.0000000000 28.7643130000 -0.1358972751 0.9907229333 0.0000000000 -0.8086590000 0.0000000000 0.0000000000 1.0000000000 -1.7578610000
1772701059.8647305965 -0.9999717214 -0.0075203930 0.0000000000 28.6815100000 0.0075203930 -0.9999717214 0.0000000000 -0.8227600000 0.0000000000 0.0000000000 1.0000000000 -1.7524390000
1772701059.9639887810 0.9977233543 -0.0674396639 0.0000000000 28.5998060000 0.0674396639 0.9977233543 0.0000000000 -0.8328750000 0.0000000000 0.0000000000 1.0000000000 -1.7483510000
1772701060.0641355515 -0.9829472390 -0.1838878065 -0.0000000000 28.5176850000 0.1838878065 -0.9829472390 0.0000000000 -0.8400120000 0.0000000000 -0.0000000000 1.0000000000 -1.7425910000
1772701060.1636877060 0.9528556772 -0.3034238922 -0.0000000000 28.4337770000 0.3034238922 0.9528556772 0.0000000000 -0.8451590000 0.0000000000 -0.0000000000 1.0000000000 -1.7395720000
1772701060.2640917301 0.5406525129 0.8412460165 0.0000000000 28.3468400000 -0.8412460165 0.5406525129 0.0000000000 -0.8476530000 0.0000000000 0.0000000000 1.0000000000 -1.7328880000
1772701060.3655536175 -0.1221441935 0.9925123657 0.0000000000 28.2578880000 -0.9925123657 -0.1221441935 0.0000000000 -0.8515950000 0.0000000000 0.0000000000 1.0000000000 -1.7231230000
1772701060.4659335613 -0.7324347662 0.6808372150 0.0000000000 28.1701280000 -0.6808372150 -0.7324347662 0.0000000000 -0.8562280000 0.0000000000 0.0000000000 1.0000000000 -1.7118750000
1772701060.5645985603 -0.9180298115 0.3965113683 0.0000000000 28.0849010000 -0.3965113683 -0.9180298115 0.0000000000 -0.8622820000 0.0000000000 0.0000000000 1.0000000000 -1.7054280000
1772701060.6646797657 -0.9828071615 0.1846350003 0.0000000000 27.9994050000 -0.1846350003 -0.9828071615 0.0000000000 -0.8690120000 0.0000000000 0.0000000000 1.0000000000 -1.7039160000
1772701060.7659907341 -0.9875542745 0.1572785901 0.0000000000 27.9130730000 -0.1572785901 -0.9875542745 0.0000000000 -0.8743990000 0.0000000000 0.0000000000 1.0000000000 -1.6969930000
1772701060.8657727242 -0.9928501826 0.1193671436 0.0000000000 27.8246620000 -0.1193671436 -0.9928501826 0.0000000000 -0.8799750000 0.0000000000 0.0000000000 1.0000000000 -1.6934230000
1772701060.9653429985 -0.9849601624 0.1727815919 0.0000000000 27.7347260000 -0.1727815919 -0.9849601624 0.0000000000 -0.8851950000 0.0000000000 0.0000000000 1.0000000000 -1.6857210000
1772701061.0656297207 -0.9645689653 0.2638308380 0.0000000000 27.6452940000 -0.2638308380 -0.9645689653 0.0000000000 -0.8900090000 0.0000000000 0.0000000000 1.0000000000 -1.6790130000
1772701061.1651136875 -0.9519272345 0.3063242404 0.0000000000 27.5543850000 -0.3063242404 -0.9519272345 0.0000000000 -0.8970810000 0.0000000000 0.0000000000 1.0000000000 -1.6752960000
1772701061.2649607658 -0.9577487518 0.2876062039 0.0000000000 27.4533500000 -0.2876062039 -0.9577487518 0.0000000000 -0.9032660000 0.0000000000 0.0000000000 1.0000000000 -1.6675350000
1772701061.3646466732 -0.8929821473 0.4500920847 0.0000000000 27.3378890000 -0.4500920847 -0.8929821473 0.0000000000 -0.9104350000 0.0000000000 0.0000000000 1.0000000000 -1.6552160000
1772701061.4653027058 -0.8687446716 0.4952602301 0.0000000000 27.2187740000 -0.4952602301 -0.8687446716 0.0000000000 -0.9173150000 0.0000000000 0.0000000000 1.0000000000 -1.6506870000
1772701061.5654315948 -0.8883079634 0.4592482576 0.0000000000 27.0987660000 -0.4592482576 -0.8883079634 0.0000000000 -0.9275770000 0.0000000000 0.0000000000 1.0000000000 -1.6459910000
1772701061.6658306122 -0.8828757339 0.4696066848 0.0000000000 26.9709290000 -0.4696066848 -0.8828757339 0.0000000000 -0.9401940000 0.0000000000 0.0000000000 1.0000000000 -1.6356930000
1772701061.7654025555 -0.8889545618 0.4579954006 0.0000000000 26.8376130000 -0.4579954006 -0.8889545618 0.0000000000 -0.9497220000 0.0000000000 0.0000000000 1.0000000000 -1.6299930000
1772701061.8659856319 -0.8832223301 0.4689544920 0.0000000000 26.7112510000 -0.4689544920 -0.8832223301 0.0000000000 -0.9511080000 0.0000000000 0.0000000000 1.0000000000 -1.6379730000
1772701061.9663426876 -0.7919357905 -0.6106043757 0.0000000000 26.5859850000 0.6106043757 -0.7919357905 0.0000000000 -0.9555260000 0.0000000000 0.0000000000 1.0000000000 -1.6297490000
1772701062.0676987171 0.8886332634 -0.4586184942 0.0000000000 26.4616170000 0.4586184942 0.8886332634 0.0000000000 -0.9650580000 0.0000000000 0.0000000000 1.0000000000 -1.6199440000
1772701062.1650326252 0.8481162198 -0.5298102280 0.0000000000 26.3364710000 0.5298102280 0.8481162198 0.0000000000 -0.9703300000 0.0000000000 0.0000000000 1.0000000000 -1.6137720000
1772701062.2673506737 0.9860490077 -0.1664552623 0.0000000000 26.2090920000 0.1664552623 0.9860490077 0.0000000000 -0.9731670000 0.0000000000 0.0000000000 1.0000000000 -1.6044510000
1772701062.3681125641 0.9792377673 -0.2027150588 0.0000000000 26.0724070000 0.2027150588 0.9792377673 0.0000000000 -0.9758080000 0.0000000000 0.0000000000 1.0000000000 -1.5946200000
1772701062.4658327103 0.9992249263 -0.0393642826 0.0000000000 25.9354520000 0.0393642826 0.9992249263 0.0000000000 -0.9748540000 0.0000000000 0.0000000000 1.0000000000 -1.5891490000
1772701062.5662777424 0.6742906995 0.7384660132 0.0000000000 25.7999060000 -0.7384660132 0.6742906995 -0.0000000000 -0.9665080000 -0.0000000000 0.0000000000 1.0000000000 -1.5867120000
1772701062.6659097672 -0.9792004937 -0.2028950298 -0.0000000000 25.6631190000 0.2028950298 -0.9792004937 0.0000000000 -0.9592910000 0.0000000000 -0.0000000000 1.0000000000 -1.5791590000
1772701062.7661037445 0.3131174027 -0.9497144266 -0.0000000000 25.5284800000 0.9497144266 0.3131174027 0.0000000000 -0.9526590000 0.0000000000 -0.0000000000 1.0000000000 -1.5654490000
1772701062.8677155972 0.4477019685 -0.8941828378 -0.0000000000 25.3996520000 0.8941828378 0.4477019685 0.0000000000 -0.9390940000 0.0000000000 -0.0000000000 1.0000000000 -1.5548560000
1772701062.9658107758 0.8718427283 -0.4897859299 -0.0000000000 25.2736000000 0.4897859299 0.8718427283 0.0000000000 -0.9261640000 0.0000000000 -0.0000000000 1.0000000000 -1.5528720000
1772701063.0664815903 0.9378155294 -0.3471340272 -0.0000000000 25.1461940000 0.3471340272 0.9378155294 0.0000000000 -0.9087030000 0.0000000000 -0.0000000000 1.0000000000 -1.5458140000
1772701063.1663587093 0.9809695590 -0.1941615931 -0.0000000000 25.0192710000 0.1941615931 0.9809695590 0.0000000000 -0.8894260000 0.0000000000 -0.0000000000 1.0000000000 -1.5373860000
1772701063.2669286728 0.9838014521 -0.1792615485 -0.0000000000 24.8917030000 0.1792615485 0.9838014521 0.0000000000 -0.8692880000 0.0000000000 -0.0000000000 1.0000000000 -1.5238900000
1772701063.3671855927 0.9886425443 -0.1502861254 -0.0000000000 24.7677610000 0.1502861254 0.9886425443 0.0000000000 -0.8477080000 0.0000000000 -0.0000000000 1.0000000000 -1.5137380000
1772701063.4667775631 0.9392213210 -0.3433122633 -0.0000000000 24.6415300000 0.3433122633 0.9392213210 0.0000000000 -0.8275900000 0.0000000000 -0.0000000000 1.0000000000 -1.5161120000
1772701063.5683057308 0.9777987737 -0.2095460764 -0.0000000000 24.5118800000 0.2095460764 0.9777987737 0.0000000000 -0.8151380000 0.0000000000 -0.0000000000 1.0000000000 -1.5026400000
1772701063.6659877300 0.9800643531 -0.1986803055 -0.0000000000 24.3776890000 0.1986803055 0.9800643531 0.0000000000 -0.7987300000 0.0000000000 -0.0000000000 1.0000000000 -1.4971940000
1772701063.7669236660 0.9960379234 -0.0889294953 -0.0000000000 24.2476070000 0.0889294953 0.9960379234 0.0000000000 -0.7855120000 0.0000000000 -0.0000000000 1.0000000000 -1.4802230000
1772701063.8665835857 0.4140053399 -0.9102744523 -0.0000000000 24.1188170000 0.9102744523 0.4140053399 0.0000000000 -0.7723980000 0.0000000000 -0.0000000000 1.0000000000 -1.4623610000
1772701063.9685626030 -0.0753255025 -0.9971589987 -0.0000000000 23.9926320000 0.9971589987 -0.0753255025 0.0000000000 -0.7617610000 0.0000000000 -0.0000000000 1.0000000000 -1.4558750000
1772701064.0674216747 0.0179262444 -0.9998393120 -0.0000000000 23.8620190000 0.9998393120 0.0179262444 0.0000000000 -0.7596580000 0.0000000000 -0.0000000000 1.0000000000 -1.4439550000
1772701064.1671557426 -0.0525911177 -0.9986161296 -0.0000000000 23.7354270000 0.9986161296 -0.0525911177 0.0000000000 -0.7532490000 0.0000000000 -0.0000000000 1.0000000000 -1.4356670000
1772701064.2666776180 -0.1558732075 -0.9877770716 -0.0000000000 23.6089280000 0.9877770716 -0.1558732075 0.0000000000 -0.7504630000 0.0000000000 -0.0000000000 1.0000000000 -1.4255600000
1772701064.3679866791 -0.6190433371 -0.7853568277 -0.0000000000 23.4811290000 0.7853568277 -0.6190433371 0.0000000000 -0.7516490000 0.0000000000 -0.0000000000 1.0000000000 -1.4143470000
1772701064.4669437408 -0.3551876887 0.9347950074 0.0000000000 23.3515010000 -0.9347950074 -0.3551876887 -0.0000000000 -0.7513900000 -0.0000000000 0.0000000000 1.0000000000 -1.4118450000
1772701064.5667126179 0.2734583009 0.9618838587 0.0000000000 23.2266330000 -0.9618838587 0.2734583009 -0.0000000000 -0.7547820000 -0.0000000000 0.0000000000 1.0000000000 -1.4036650000
1772701064.6668276787 0.3214745697 0.9469182124 0.0000000000 23.0971230000 -0.9469182124 0.3214745697 -0.0000000000 -0.7581020000 -0.0000000000 0.0000000000 1.0000000000 -1.3906430000
1772701064.7672457695 0.5841497456 0.8116459048 0.0000000000 22.9684990000 -0.8116459048 0.5841497456 -0.0000000000 -0.7605420000 -0.0000000000 0.0000000000 1.0000000000 -1.3762720000
1772701064.8677966595 0.6620180255 0.7494879145 0.0000000000 22.8405560000 -0.7494879145 0.6620180255 -0.0000000000 -0.7652260000 -0.0000000000 0.0000000000 1.0000000000 -1.3705920000
1772701064.9673826694 0.7130587521 0.7011042832 0.0000000000 22.7095270000 -0.7011042832 0.7130587521 -0.0000000000 -0.7699070000 -0.0000000000 0.0000000000 1.0000000000 -1.3665790000
1772701065.0675735474 0.7901823780 0.6128717725 0.0000000000 22.5810680000 -0.6128717725 0.7901823780 -0.0000000000 -0.7740920000 -0.0000000000 0.0000000000 1.0000000000 -1.3593020000
1772701065.1688146591 0.8203422552 0.5718728742 0.0000000000 22.4498640000 -0.5718728742 0.8203422552 -0.0000000000 -0.7778310000 -0.0000000000 0.0000000000 1.0000000000 -1.3469370000
1772701065.2683017254 0.7222805848 -0.6916001423 0.0000000000 22.3166080000 0.6916001423 0.7222805848 0.0000000000 -0.7852080000 0.0000000000 0.0000000000 1.0000000000 -1.3390320000
1772701065.3676047325 -0.4191943503 -0.9078965231 0.0000000000 22.1839390000 0.9078965231 -0.4191943503 0.0000000000 -0.7897820000 0.0000000000 0.0000000000 1.0000000000 -1.3305320000
1772701065.4692666531 -0.1683140185 -0.9857334281 0.0000000000 22.0543480000 0.9857334281 -0.1683140185 0.0000000000 -0.8031590000 0.0000000000 0.0000000000 1.0000000000 -1.3169950000
1772701065.5693316460 -0.4892514927 -0.8721427503 0.0000000000 21.9256890000 0.8721427503 -0.4892514927 0.0000000000 -0.8126040000 0.0000000000 0.0000000000 1.0000000000 -1.3082970000
1772701065.6681675911 -0.5570982047 -0.8304466210 0.0000000000 21.7970310000 0.8304466210 -0.5570982047 0.0000000000 -0.8223680000 0.0000000000 0.0000000000 1.0000000000 -1.2995700000
1772701065.7674345970 -0.6895985980 -0.7241918072 0.0000000000 21.6648430000 0.7241918072 -0.6895985980 0.0000000000 -0.8303660000 0.0000000000 0.0000000000 1.0000000000 -1.2878680000
1772701065.8676927090 -0.7152008034 -0.6989190302 0.0000000000 21.5295790000 0.6989190302 -0.7152008034 0.0000000000 -0.8380600000 0.0000000000 0.0000000000 1.0000000000 -1.2790310000
1772701065.9695496559 -0.7601721744 -0.6497216829 0.0000000000 21.3966900000 0.6497216829 -0.7601721744 0.0000000000 -0.8458190000 0.0000000000 0.0000000000 1.0000000000 -1.2672840000
1772701066.0694675446 -0.7442473626 -0.6679040824 0.0000000000 21.2668540000 0.6679040824 -0.7442473626 0.0000000000 -0.8535690000 0.0000000000 0.0000000000 1.0000000000 -1.2616910000
1772701066.1680927277 -0.7528505534 -0.6581914951 0.0000000000 21.1345170000 0.6581914951 -0.7528505534 0.0000000000 -0.8603320000 0.0000000000 0.0000000000 1.0000000000 -1.2562460000
1772701066.2694747448 -0.7495020562 -0.6620020150 0.0000000000 21.0099450000 0.6620020150 -0.7495020562 0.0000000000 -0.8635310000 0.0000000000 0.0000000000 1.0000000000 -1.2476220000
1772701066.3687696457 0.2159632838 -0.9764014851 0.0000000000 20.9008560000 0.9764014851 0.2159632838 0.0000000000 -0.8622480000 0.0000000000 0.0000000000 1.0000000000 -1.2382190000
1772701066.4697036743 0.9983656541 0.0571491090 0.0000000000 20.7913270000 -0.0571491090 0.9983656541 -0.0000000000 -0.8660650000 -0.0000000000 0.0000000000 1.0000000000 -1.2227470000
1772701066.5685255527 0.9980414519 0.0625560564 0.0000000000 20.6863380000 -0.0625560564 0.9980414519 -0.0000000000 -0.8652710000 -0.0000000000 0.0000000000 1.0000000000 -1.2131710000
1772701066.6682717800 0.9585429483 0.2849480941 0.0000000000 20.5968620000 -0.2849480941 0.9585429483 -0.0000000000 -0.8649480000 -0.0000000000 0.0000000000 1.0000000000 -1.2049520000
1772701066.7690846920 0.9302733647 0.3668670971 0.0000000000 20.5176910000 -0.3668670971 0.9302733647 -0.0000000000 -0.8508110000 -0.0000000000 0.0000000000 1.0000000000 -1.2386010000
1772701066.8681795597 0.8893924622 0.4571444499 0.0000000000 20.4611250000 -0.4571444499 0.8893924622 -0.0000000000 -0.8493690000 -0.0000000000 0.0000000000 1.0000000000 -1.2319860000
1772701066.9684526920 0.8459081803 0.5333285578 0.0000000000 20.4037370000 -0.5333285578 0.8459081803 -0.0000000000 -0.8475420000 -0.0000000000 0.0000000000 1.0000000000 -1.2230950000
1772701067.0685687065 0.8467032953 0.5320653434 0.0000000000 20.3496700000 -0.5320653434 0.8467032953 -0.0000000000 -0.8484730000 -0.0000000000 0.0000000000 1.0000000000 -1.2157940000
1772701067.1706676483 0.8533918343 0.5212699658 0.0000000000 20.3004200000 -0.5212699658 0.8533918343 -0.0000000000 -0.8489690000 -0.0000000000 0.0000000000 1.0000000000 -1.2103660000
1772701067.2697145939 0.8699966397 0.4930576506 0.0000000000 20.2547780000 -0.4930576506 0.8699966397 -0.0000000000 -0.8493720000 -0.0000000000 0.0000000000 1.0000000000 -1.2058750000
1772701067.3702156544 0.8691714517 0.4945108569 0.0000000000 20.2084620000 -0.4945108569 0.8691714517 -0.0000000000 -0.8498230000 -0.0000000000 0.0000000000 1.0000000000 -1.2042400000
1772701067.4688186646 0.8754429562 0.4833214567 0.0000000000 20.1526650000 -0.4833214567 0.8754429562 -0.0000000000 -0.8507430000 -0.0000000000 0.0000000000 1.0000000000 -1.1936540000
1772701067.5693316460 0.9098104695 0.4150239868 0.0000000000 20.0831870000 -0.4150239868 0.9098104695 -0.0000000000 -0.8531610000 -0.0000000000 0.0000000000 1.0000000000 -1.1849340000
1772701067.6686837673 0.9199941027 0.3919322021 0.0000000000 20.0125750000 -0.3919322021 0.9199941027 -0.0000000000 -0.8549280000 -0.0000000000 0.0000000000 1.0000000000 -1.1835100000
1772701067.7704505920 0.9109393742 0.4125402485 0.0000000000 19.9374600000 -0.4125402485 0.9109393742 -0.0000000000 -0.8538290000 -0.0000000000 0.0000000000 1.0000000000 -1.1714860000
1772701067.8689067364 0.8973327041 0.4413547532 0.0000000000 19.8560320000 -0.4413547532 0.8973327041 -0.0000000000 -0.8549510000 -0.0000000000 0.0000000000 1.0000000000 -1.1576250000
1772701067.9697246552 0.9036798074 0.4282088343 0.0000000000 19.7723710000 -0.4282088343 0.9036798074 -0.0000000000 -0.8555760000 -0.0000000000 0.0000000000 1.0000000000 -1.1511510000
1772701068.0713605881 0.9347421681 0.3553267218 0.0000000000 19.6851040000 -0.3553267218 0.9347421681 -0.0000000000 -0.8576070000 -0.0000000000 0.0000000000 1.0000000000 -1.1438210000
1772701068.1702537537 0.9440182413 0.3298932555 0.0000000000 19.5986820000 -0.3298932555 0.9440182413 -0.0000000000 -0.8588110000 -0.0000000000 0.0000000000 1.0000000000 -1.1415270000
1772701068.2703166008 0.9279023392 0.3728233482 0.0000000000 19.5121450000 -0.3728233482 0.9279023392 -0.0000000000 -0.8599190000 -0.0000000000 0.0000000000 1.0000000000 -1.1375730000
1772701068.3705186844 0.9337757993 0.3578585706 0.0000000000 19.4256940000 -0.3578585706 0.9337757993 -0.0000000000 -0.8628270000 -0.0000000000 0.0000000000 1.0000000000 -1.1316410000
1772701068.4707705975 0.9495881213 0.3135002392 0.0000000000 19.3387410000 -0.3135002392 0.9495881213 -0.0000000000 -0.8624940000 -0.0000000000 0.0000000000 1.0000000000 -1.1263810000
1772701068.5706715584 0.9681667323 0.2503061694 0.0000000000 19.2514200000 -0.2503061694 0.9681667323 -0.0000000000 -0.8644980000 -0.0000000000 0.0000000000 1.0000000000 -1.1130200000
1772701068.6709237099 0.9589519818 0.2835685043 0.0000000000 19.1633780000 -0.2835685043 0.9589519818 -0.0000000000 -0.8645430000 -0.0000000000 0.0000000000 1.0000000000 -1.1089120000
1772701068.7698795795 0.9648776974 0.2626995034 0.0000000000 19.0756750000 -0.2626995034 0.9648776974 -0.0000000000 -0.8672840000 -0.0000000000 0.0000000000 1.0000000000 -1.1082910000
1772701068.8718047142 0.9685647973 0.2487613985 0.0000000000 18.9861950000 -0.2487613985 0.9685647973 -0.0000000000 -0.8662700000 -0.0000000000 0.0000000000 1.0000000000 -1.1001790000
1772701068.9703226089 0.9612269264 0.2757585829 0.0000000000 18.9010300000 -0.2757585829 0.9612269264 -0.0000000000 -0.8641390000 -0.0000000000 0.0000000000 1.0000000000 -1.0940390000
1772701069.0697937012 0.9742064916 0.2256583961 0.0000000000 18.8131870000 -0.2256583961 0.9742064916 -0.0000000000 -0.8640490000 -0.0000000000 0.0000000000 1.0000000000 -1.0788380000
1772701069.1715016365 0.9106075243 0.4132722307 0.0000000000 18.7255570000 -0.4132722307 0.9106075243 -0.0000000000 -0.8658220000 -0.0000000000 0.0000000000 1.0000000000 -1.0755790000
1772701069.2705967426 0.2633481089 0.9647008726 0.0000000000 18.6407900000 -0.9647008726 0.2633481089 -0.0000000000 -0.8711260000 -0.0000000000 0.0000000000 1.0000000000 -1.0673290000
1772701069.3714087009 0.3187266702 0.9478466699 0.0000000000 18.5523180000 -0.9478466699 0.3187266702 -0.0000000000 -0.8766660000 -0.0000000000 0.0000000000 1.0000000000 -1.0584940000
1772701069.4705755711 0.1403600095 0.9901005342 0.0000000000 18.4606330000 -0.9901005342 0.1403600095 -0.0000000000 -0.8803500000 -0.0000000000 0.0000000000 1.0000000000 -1.0486640000
1772701069.5710096359 0.2421792201 0.9702315318 0.0000000000 18.3642110000 -0.9702315318 0.2421792201 -0.0000000000 -0.8835250000 -0.0000000000 0.0000000000 1.0000000000 -1.0459660000
1772701069.6714155674 0.1668634664 0.9859800118 0.0000000000 18.2670680000 -0.9859800118 0.1668634664 -0.0000000000 -0.8826410000 -0.0000000000 0.0000000000 1.0000000000 -1.0419440000
1772701069.7704565525 -0.0141712943 0.9998995822 0.0000000000 18.1725890000 -0.9998995822 -0.0141712943 -0.0000000000 -0.8806870000 -0.0000000000 0.0000000000 1.0000000000 -1.0341710000
1772701069.8708505630 -0.7398367102 0.6727864760 0.0000000000 18.0817850000 -0.6727864760 -0.7398367102 -0.0000000000 -0.8802760000 -0.0000000000 0.0000000000 1.0000000000 -1.0233850000
1772701069.9717791080 -0.9245829865 0.3809807095 0.0000000000 17.9928460000 -0.3809807095 -0.9245829865 -0.0000000000 -0.8800910000 -0.0000000000 0.0000000000 1.0000000000 -1.0196040000
1772701070.0710885525 -0.9350134548 0.3546122381 0.0000000000 17.9069920000 -0.3546122381 -0.9350134548 -0.0000000000 -0.8798500000 -0.0000000000 0.0000000000 1.0000000000 -1.0141640000
1772701070.1708626747 -0.9710036143 0.2390648053 0.0000000000 17.8211700000 -0.2390648053 -0.9710036143 -0.0000000000 -0.8801060000 -0.0000000000 0.0000000000 1.0000000000 -1.0120680000
1772701070.2714047432 -0.9532910855 0.3020531516 0.0000000000 17.7370180000 -0.3020531516 -0.9532910855 -0.0000000000 -0.8793700000 -0.0000000000 0.0000000000 1.0000000000 -1.0069600000
1772701070.3712124825 -0.9656241191 0.2599424179 0.0000000000 17.6463790000 -0.2599424179 -0.9656241191 -0.0000000000 -0.8781870000 -0.0000000000 0.0000000000 1.0000000000 -1.0033970000
1772701070.4711205959 -0.9678393737 0.2515689702 0.0000000000 17.5522410000 -0.2515689702 -0.9678393737 -0.0000000000 -0.8770610000 -0.0000000000 0.0000000000 1.0000000000 -1.0000670000
1772701070.5710065365 -0.9728022757 0.2316370705 0.0000000000 17.4606090000 -0.2316370705 -0.9728022757 -0.0000000000 -0.8732410000 -0.0000000000 0.0000000000 1.0000000000 -0.9979050000
1772701070.6709375381 -0.9700444354 0.2429275477 0.0000000000 17.3721090000 -0.2429275477 -0.9700444354 -0.0000000000 -0.8704450000 -0.0000000000 0.0000000000 1.0000000000 -0.9881210000
1772701070.7708854675 -0.9810224246 0.1938943072 0.0000000000 17.2883540000 -0.1938943072 -0.9810224246 -0.0000000000 -0.8635430000 -0.0000000000 0.0000000000 1.0000000000 -0.9841550000
1772701070.8709309101 -0.9805397988 0.1963204089 0.0000000000 17.2081540000 -0.1963204089 -0.9805397988 -0.0000000000 -0.8596860000 -0.0000000000 0.0000000000 1.0000000000 -0.9746280000
1772701070.9710037708 -0.9717259736 0.2361114828 0.0000000000 17.1247710000 -0.2361114828 -0.9717259736 -0.0000000000 -0.8541450000 -0.0000000000 0.0000000000 1.0000000000 -0.9672680000
1772701071.0710666180 -0.9522643253 0.3052747201 0.0000000000 17.0381910000 -0.3052747201 -0.9522643253 -0.0000000000 -0.8472070000 -0.0000000000 0.0000000000 1.0000000000 -0.9607180000
1772701071.1711115837 -0.9338350938 0.3577038127 0.0000000000 16.9500260000 -0.3577038127 -0.9338350938 -0.0000000000 -0.8439500000 -0.0000000000 0.0000000000 1.0000000000 -0.9548580000
1772701071.2711498737 -0.9380667663 0.3464545310 0.0000000000 16.8607110000 -0.3464545310 -0.9380667663 -0.0000000000 -0.8397560000 -0.0000000000 0.0000000000 1.0000000000 -0.9546620000
1772701071.3711256981 -0.9403392976 0.3402381599 0.0000000000 16.7738510000 -0.3402381599 -0.9403392976 -0.0000000000 -0.8380030000 -0.0000000000 0.0000000000 1.0000000000 -0.9489810000
1772701071.4711008072 -0.8733596516 0.4870758863 0.0000000000 16.6921620000 -0.4870758863 -0.8733596516 -0.0000000000 -0.8352450000 -0.0000000000 0.0000000000 1.0000000000 -0.9402260000
1772701071.5710639954 -0.8890227725 0.4578629816 0.0000000000 16.6238170000 -0.4578629816 -0.8890227725 -0.0000000000 -0.8316160000 -0.0000000000 0.0000000000 1.0000000000 -0.9366020000
1772701071.6710565090 -0.9193980739 0.3933283383 0.0000000000 16.5620170000 -0.3933283383 -0.9193980739 -0.0000000000 -0.8289770000 -0.0000000000 0.0000000000 1.0000000000 -0.9375370000
1772701071.7710840702 -0.9301840684 0.3670934472 0.0000000000 16.5021860000 -0.3670934472 -0.9301840684 -0.0000000000 -0.8298020000 -0.0000000000 0.0000000000 1.0000000000 -0.9341880000
1772701071.8711569309 -0.9286100682 0.3710570594 0.0000000000 16.4451830000 -0.3710570594 -0.9286100682 -0.0000000000 -0.8311350000 -0.0000000000 0.0000000000 1.0000000000 -0.9338870000
1772701071.9712603092 -0.9278617110 0.3729244498 0.0000000000 16.3871490000 -0.3729244498 -0.9278617110 -0.0000000000 -0.8300700000 -0.0000000000 0.0000000000 1.0000000000 -0.9306380000
1772701071.9732086658 -0.9009348098 0.4339544544 0.0000000000 16.3168800000 -0.4339544544 -0.9009348098 -0.0000000000 -0.8287500000 -0.0000000000 0.0000000000 1.0000000000 -0.9238190000
1772701072.1713542938 -0.9017318995 0.4322957106 0.0000000000 16.2442650000 -0.4322957106 -0.9017318995 -0.0000000000 -0.8241120000 -0.0000000000 0.0000000000 1.0000000000 -0.9236180000
1772701072.2712945938 -0.8720285599 0.4894549935 0.0000000000 16.1700970000 -0.4894549935 -0.8720285599 -0.0000000000 -0.8191190000 -0.0000000000 0.0000000000 1.0000000000 -0.9178280000
1772701072.3712403774 -0.8805575267 0.4739392811 0.0000000000 16.0912020000 -0.4739392811 -0.8805575267 -0.0000000000 -0.8154230000 -0.0000000000 0.0000000000 1.0000000000 -0.9087200000
1772701072.4712343216 -0.9072522534 0.4205869098 0.0000000000 16.0086030000 -0.4205869098 -0.9072522534 -0.0000000000 -0.8136420000 -0.0000000000 0.0000000000 1.0000000000 -0.8987000000
1772701072.5712854862 -0.8787557210 0.4772718123 0.0000000000 15.9216330000 -0.4772718123 -0.8787557210 -0.0000000000 -0.8129050000 -0.0000000000 0.0000000000 1.0000000000 -0.8916970000
1772701072.6713252068 -0.8299078277 0.5579005266 0.0000000000 15.8368640000 -0.5579005266 -0.8299078277 -0.0000000000 -0.8127640000 -0.0000000000 0.0000000000 1.0000000000 -0.8845380000
1772701072.7713854313 -0.8182249562 0.5748981832 0.0000000000 15.7557040000 -0.5748981832 -0.8182249562 -0.0000000000 -0.8131070000 -0.0000000000 0.0000000000 1.0000000000 -0.8783390000
1772701072.8714029789 -0.8016327310 0.5978168320 0.0000000000 15.6707590000 -0.5978168320 -0.8016327310 -0.0000000000 -0.8132170000 -0.0000000000 0.0000000000 1.0000000000 -0.8737240000
1772701072.9714536667 -0.7903600536 0.6126426248 0.0000000000 15.5843200000 -0.6126426248 -0.7903600536 -0.0000000000 -0.8115550000 -0.0000000000 0.0000000000 1.0000000000 -0.8703300000
1772701073.0715034008 -0.7747471685 0.6322711641 0.0000000000 15.4967680000 -0.6322711641 -0.7747471685 -0.0000000000 -0.8078860000 -0.0000000000 0.0000000000 1.0000000000 -0.8659910000
1772701073.1715464592 -0.7837104004 0.6211264029 0.0000000000 15.4084930000 -0.6211264029 -0.7837104004 -0.0000000000 -0.8046950000 -0.0000000000 0.0000000000 1.0000000000 -0.8590160000
1772701073.2715539932 -0.8096306657 0.5869396776 0.0000000000 15.3082380000 -0.5869396776 -0.8096306657 -0.0000000000 -0.7867870000 -0.0000000000 0.0000000000 1.0000000000 -0.8751660000
1772701073.3716228008 -0.8037255990 0.5950001357 0.0000000000 15.2222600000 -0.5950001357 -0.8037255990 -0.0000000000 -0.7833910000 -0.0000000000 0.0000000000 1.0000000000 -0.8636190000
1772701073.4716856480 -0.7996739925 0.6004344308 0.0000000000 15.1372360000 -0.6004344308 -0.7996739925 -0.0000000000 -0.7827940000 -0.0000000000 0.0000000000 1.0000000000 -0.8602780000
1772701073.5717990398 -0.8385418022 0.5448372656 0.0000000000 15.0511260000 -0.5448372656 -0.8385418022 -0.0000000000 -0.7847300000 -0.0000000000 0.0000000000 1.0000000000 -0.8584240000
1772701073.6719174385 -0.7896960905 0.6134982353 0.0000000000 14.9666060000 -0.6134982353 -0.7896960905 -0.0000000000 -0.7867210000 -0.0000000000 0.0000000000 1.0000000000 -0.8549990000
1772701073.7720611095 -0.7630182812 0.6463769044 0.0000000000 14.8800640000 -0.6463769044 -0.7630182812 -0.0000000000 -0.7857970000 -0.0000000000 0.0000000000 1.0000000000 -0.8487160000
1772701073.8722176552 -0.7853961678 0.6189934245 0.0000000000 14.7928260000 -0.6189934245 -0.7853961678 -0.0000000000 -0.7821420000 -0.0000000000 0.0000000000 1.0000000000 -0.8436310000
1772701073.9722626209 -0.8068363897 0.5907749488 0.0000000000 14.7062810000 -0.5907749488 -0.8068363897 -0.0000000000 -0.7790530000 -0.0000000000 0.0000000000 1.0000000000 -0.8374740000
1772701074.0723793507 -0.7765101621 0.6301047280 0.0000000000 14.6193660000 -0.6301047280 -0.7765101621 -0.0000000000 -0.7769620000 -0.0000000000 0.0000000000 1.0000000000 -0.8357570000
1772701074.1723997593 -0.7927086715 0.6096006580 0.0000000000 14.5338460000 -0.6096006580 -0.7927086715 -0.0000000000 -0.7763120000 -0.0000000000 0.0000000000 1.0000000000 -0.8329840000
1772701074.2724347115 -0.7737608143 0.6334778625 0.0000000000 14.4458090000 -0.6334778625 -0.7737608143 -0.0000000000 -0.7745530000 -0.0000000000 0.0000000000 1.0000000000 -0.8277130000
1772701074.3723490238 -0.7382212299 0.6745586822 0.0000000000 14.3554670000 -0.6745586822 -0.7382212299 -0.0000000000 -0.7701950000 -0.0000000000 0.0000000000 1.0000000000 -0.8221630000
1772701074.4721920490 -0.6901965124 0.7236219830 0.0000000000 14.2641230000 -0.7236219830 -0.6901965124 -0.0000000000 -0.7684070000 -0.0000000000 0.0000000000 1.0000000000 -0.8158840000
1772701074.5720369816 -0.7212455002 0.6926795279 0.0000000000 14.1752820000 -0.6926795279 -0.7212455002 -0.0000000000 -0.7669790000 -0.0000000000 0.0000000000 1.0000000000 -0.8098160000
1772701074.6718661785 -0.6718164606 0.7407176542 0.0000000000 14.0873250000 -0.7407176542 -0.6718164606 -0.0000000000 -0.7652280000 -0.0000000000 0.0000000000 1.0000000000 -0.8013400000
1772701074.7718274593 -0.6635515329 0.7481305789 0.0000000000 13.9970690000 -0.7481305789 -0.6635515329 -0.0000000000 -0.7625810000 -0.0000000000 0.0000000000 1.0000000000 -0.7931390000
1772701074.8717944622 -0.6566142590 0.7542265673 0.0000000000 13.9044170000 -0.7542265673 -0.6566142590 -0.0000000000 -0.7607000000 -0.0000000000 0.0000000000 1.0000000000 -0.7854540000
1772701074.9719424248 -0.6191087603 0.7853052546 0.0000000000 13.8141900000 -0.7853052546 -0.6191087603 -0.0000000000 -0.7586910000 -0.0000000000 0.0000000000 1.0000000000 -0.7819540000
1772701075.0720369816 -0.5744468655 0.8185418735 0.0000000000 13.7243600000 -0.8185418735 -0.5744468655 -0.0000000000 -0.7582730000 -0.0000000000 0.0000000000 1.0000000000 -0.7775080000
1772701075.1719980240 -0.5599802335 0.8285059674 0.0000000000 13.6338370000 -0.8285059674 -0.5599802335 -0.0000000000 -0.7594860000 -0.0000000000 0.0000000000 1.0000000000 -0.7736690000
1772701075.2720277309 -0.5406822390 0.8412269114 0.0000000000 13.5490980000 -0.8412269114 -0.5406822390 -0.0000000000 -0.7591490000 -0.0000000000 0.0000000000 1.0000000000 -0.7677300000
1772701075.3719730377 -0.5440859775 0.8390294686 0.0000000000 13.4638570000 -0.8390294686 -0.5440859775 -0.0000000000 -0.7570080000 -0.0000000000 0.0000000000 1.0000000000 -0.7618680000
1772701075.4719605446 -0.5492611229 0.8356507756 0.0000000000 13.3777980000 -0.8356507756 -0.5492611229 -0.0000000000 -0.7524540000 -0.0000000000 0.0000000000 1.0000000000 -0.7537720000
1772701075.5718564987 -0.5487877666 0.8359617140 0.0000000000 13.2917350000 -0.8359617140 -0.5487877666 -0.0000000000 -0.7479090000 -0.0000000000 0.0000000000 1.0000000000 -0.7449230000
1772701075.6717641354 -0.5705523591 0.8212612285 0.0000000000 13.2073980000 -0.8212612285 -0.5705523591 -0.0000000000 -0.7480580000 -0.0000000000 0.0000000000 1.0000000000 -0.7391910000
1772701075.7717308998 -0.6065277249 0.7950623365 0.0000000000 13.1184850000 -0.7950623365 -0.6065277249 -0.0000000000 -0.7499110000 -0.0000000000 0.0000000000 1.0000000000 -0.7368340000
1772701075.8716948032 -0.5800661124 0.8145693987 0.0000000000 13.0283540000 -0.8145693987 -0.5800661124 -0.0000000000 -0.7508990000 -0.0000000000 0.0000000000 1.0000000000 -0.7319070000
1772701075.9716436863 -0.5064725622 0.8622560778 0.0000000000 12.9378010000 -0.8622560778 -0.5064725622 -0.0000000000 -0.7506670000 -0.0000000000 0.0000000000 1.0000000000 -0.7237250000
1772701076.0716044903 -0.3989723242 0.9169629679 0.0000000000 12.8471630000 -0.9169629679 -0.3989723242 -0.0000000000 -0.7496640000 -0.0000000000 0.0000000000 1.0000000000 -0.7181730000
1772701076.1715118885 -0.4244918556 0.9054317558 0.0000000000 12.7561270000 -0.9054317558 -0.4244918556 -0.0000000000 -0.7463060000 -0.0000000000 0.0000000000 1.0000000000 -0.7133730000
1772701076.2714755535 -0.3730535037 0.9278098315 0.0000000000 12.6670920000 -0.9278098315 -0.3730535037 -0.0000000000 -0.7457030000 -0.0000000000 0.0000000000 1.0000000000 -0.7081760000
1772701076.3714640141 -0.3906586630 0.9205356099 0.0000000000 12.5815400000 -0.9205356099 -0.3906586630 -0.0000000000 -0.7436020000 -0.0000000000 0.0000000000 1.0000000000 -0.7005690000
1772701076.4714968204 -0.3672361087 0.9301277549 0.0000000000 12.4946950000 -0.9301277549 -0.3672361087 -0.0000000000 -0.7408060000 -0.0000000000 0.0000000000 1.0000000000 -0.6942520000
1772701076.5715308189 -0.3963189649 0.9181128896 0.0000000000 12.4094420000 -0.9181128896 -0.3963189649 -0.0000000000 -0.7402420000 -0.0000000000 0.0000000000 1.0000000000 -0.6860110000
1772701076.6716589928 -0.4450646425 0.8954984444 0.0000000000 12.3261060000 -0.8954984444 -0.4450646425 -0.0000000000 -0.7393890000 -0.0000000000 0.0000000000 1.0000000000 -0.6806990000
1772701076.7717826366 -0.3836791780 0.9234664522 0.0000000000 12.2419650000 -0.9234664522 -0.3836791780 -0.0000000000 -0.7409600000 -0.0000000000 0.0000000000 1.0000000000 -0.6740050000
1772701076.8718857765 -0.3244828416 0.9458915823 0.0000000000 12.1584210000 -0.9458915823 -0.3244828416 -0.0000000000 -0.7432580000 -0.0000000000 0.0000000000 1.0000000000 -0.6665160000
1772701076.9719574451 -0.3159074245 0.9487900185 0.0000000000 12.0757770000 -0.9487900185 -0.3159074245 -0.0000000000 -0.7425240000 -0.0000000000 0.0000000000 1.0000000000 -0.6598730000
1772701077.0719475746 -0.3022350879 0.9532334193 0.0000000000 11.9931270000 -0.9532334193 -0.3022350879 -0.0000000000 -0.7407570000 -0.0000000000 0.0000000000 1.0000000000 -0.6524980000
1772701077.1718966961 -0.2734575771 0.9618840645 0.0000000000 11.9116650000 -0.9618840645 -0.2734575771 -0.0000000000 -0.7368540000 -0.0000000000 0.0000000000 1.0000000000 -0.6436500000
1772701077.2717945576 -0.2811586725 0.9596612949 0.0000000000 11.8306170000 -0.9596612949 -0.2811586725 -0.0000000000 -0.7328440000 -0.0000000000 0.0000000000 1.0000000000 -0.6371820000
1772701077.3716628551 -0.2507297084 0.9680571333 0.0000000000 11.7484470000 -0.9680571333 -0.2507297084 -0.0000000000 -0.7284540000 -0.0000000000 0.0000000000 1.0000000000 -0.6270480000
1772701077.4715692997 -0.2266682872 0.9739720158 0.0000000000 11.6640900000 -0.9739720158 -0.2266682872 -0.0000000000 -0.7237850000 -0.0000000000 0.0000000000 1.0000000000 -0.6192730000
1772701077.5714230537 -0.2232338492 0.9747649197 0.0000000000 11.5750550000 -0.9747649197 -0.2232338492 -0.0000000000 -0.7203100000 -0.0000000000 0.0000000000 1.0000000000 -0.6147200000
1772701077.5763995647 -0.2023374839 0.9793158544 0.0000000000 11.4870340000 -0.9793158544 -0.2023374839 -0.0000000000 -0.7165210000 -0.0000000000 0.0000000000 1.0000000000 -0.6124300000
1772701077.7711451054 -0.1476022989 0.9890467943 0.0000000000 11.3973980000 -0.9890467943 -0.1476022989 -0.0000000000 -0.7130780000 -0.0000000000 0.0000000000 1.0000000000 -0.6077230000
1772701077.8710215092 -0.1052223763 0.9944487174 0.0000000000 11.3056850000 -0.9944487174 -0.1052223763 -0.0000000000 -0.7110450000 -0.0000000000 0.0000000000 1.0000000000 -0.6064570000
1772701077.9709305763 -0.1818595880 0.9833245091 0.0000000000 11.2135570000 -0.9833245091 -0.1818595880 -0.0000000000 -0.7105520000 -0.0000000000 0.0000000000 1.0000000000 -0.6022770000
1772701078.0708591938 -0.1911227254 0.9815661485 0.0000000000 11.1114070000 -0.9815661485 -0.1911227254 -0.0000000000 -0.7374160000 -0.0000000000 0.0000000000 1.0000000000 -0.6147130000
1772701078.1708552837 -0.2532141177 0.9674102597 0.0000000000 11.0190860000 -0.9674102597 -0.2532141177 -0.0000000000 -0.7379190000 -0.0000000000 0.0000000000 1.0000000000 -0.6094460000
1772701078.2708520889 -0.2350644357 0.9719797894 0.0000000000 10.9305420000 -0.9719797894 -0.2350644357 -0.0000000000 -0.7369720000 -0.0000000000 0.0000000000 1.0000000000 -0.5990320000
1772701078.3709230423 -0.2069708101 0.9783471182 0.0000000000 10.8437970000 -0.9783471182 -0.2069708101 -0.0000000000 -0.7336860000 -0.0000000000 0.0000000000 1.0000000000 -0.5888830000
1772701078.4709715843 -0.1907182437 0.9816448194 0.0000000000 10.7578610000 -0.9816448194 -0.1907182437 -0.0000000000 -0.7301220000 -0.0000000000 0.0000000000 1.0000000000 -0.5808140000
1772701078.4773597717 -0.1098665770 0.9939463443 0.0000000000 10.6720310000 -0.9939463443 -0.1098665770 -0.0000000000 -0.7294040000 -0.0000000000 0.0000000000 1.0000000000 -0.5738900000
1772701078.6708288193 -0.1307597373 0.9914140866 0.0000000000 10.5873990000 -0.9914140866 -0.1307597373 -0.0000000000 -0.7295340000 -0.0000000000 0.0000000000 1.0000000000 -0.5659200000
1772701078.7707836628 -0.1180105053 0.9930123467 0.0000000000 10.4999770000 -0.9930123467 -0.1180105053 -0.0000000000 -0.7294380000 -0.0000000000 0.0000000000 1.0000000000 -0.5606280000
1772701078.8707149029 -0.0871818871 0.9961924104 0.0000000000 10.4143430000 -0.9961924104 -0.0871818871 -0.0000000000 -0.7260880000 -0.0000000000 0.0000000000 1.0000000000 -0.5532480000
1772701078.9706964493 -0.0849400446 0.9963860641 0.0000000000 10.3244280000 -0.9963860641 -0.0849400446 -0.0000000000 -0.7224440000 -0.0000000000 0.0000000000 1.0000000000 -0.5507230000
1772701079.0706574917 -0.0812373808 0.9966947817 0.0000000000 10.2335130000 -0.9966947817 -0.0812373808 -0.0000000000 -0.7186540000 -0.0000000000 0.0000000000 1.0000000000 -0.5479510000
1772701079.1706950665 -0.0877128691 0.9961457989 0.0000000000 10.1448950000 -0.9961457989 -0.0877128691 -0.0000000000 -0.7167820000 -0.0000000000 0.0000000000 1.0000000000 -0.5442580000
1772701079.2708535194 -0.0321368797 0.9994834771 0.0000000000 10.0560570000 -0.9994834771 -0.0321368797 -0.0000000000 -0.7157730000 -0.0000000000 0.0000000000 1.0000000000 -0.5352010000
1772701079.3708927631 -0.0456121943 0.9989592223 0.0000000000 9.9680430000 -0.9989592223 -0.0456121943 -0.0000000000 -0.7118720000 -0.0000000000 0.0000000000 1.0000000000 -0.5278960000
1772701079.4709179401 -0.0058282690 0.9999830155 0.0000000000 9.8800040000 -0.9999830155 -0.0058282690 -0.0000000000 -0.7077200000 -0.0000000000 0.0000000000 1.0000000000 -0.5168390000
1772701079.5709362030 0.0164827926 0.9998641495 0.0000000000 9.7914860000 -0.9998641495 0.0164827926 -0.0000000000 -0.7050740000 -0.0000000000 0.0000000000 1.0000000000 -0.5106630000
1772701079.6708769798 0.0136732782 0.9999065164 0.0000000000 9.7046130000 -0.9999065164 0.0136732782 -0.0000000000 -0.7015390000 -0.0000000000 0.0000000000 1.0000000000 -0.5036480000
1772701079.7708833218 0.0400747058 0.9991966863 0.0000000000 9.6177990000 -0.9991966863 0.0400747058 -0.0000000000 -0.6959370000 -0.0000000000 0.0000000000 1.0000000000 -0.4942830000
1772701079.8710722923 0.0606972691 0.9981562210 0.0000000000 9.5319750000 -0.9981562210 0.0606972691 -0.0000000000 -0.6898320000 -0.0000000000 0.0000000000 1.0000000000 -0.4875030000
1772701079.9709014893 0.0667512036 0.9977696512 0.0000000000 9.4457590000 -0.9977696512 0.0667512036 -0.0000000000 -0.6850320000 -0.0000000000 0.0000000000 1.0000000000 -0.4846900000
1772701080.0709471703 0.0580035709 0.9983163756 0.0000000000 9.3609040000 -0.9983163756 0.0580035709 -0.0000000000 -0.6826050000 -0.0000000000 0.0000000000 1.0000000000 -0.4793860000
1772701080.1710081100 0.0589364882 0.9982617344 0.0000000000 9.2740050000 -0.9982617344 0.0589364882 -0.0000000000 -0.6810040000 -0.0000000000 0.0000000000 1.0000000000 -0.4751140000
1772701080.2710278034 0.0626163296 0.9980376723 0.0000000000 9.1869050000 -0.9980376723 0.0626163296 -0.0000000000 -0.6798700000 -0.0000000000 0.0000000000 1.0000000000 -0.4706320000
1772701080.3711590767 0.0681671707 0.9976739131 0.0000000000 9.0991820000 -0.9976739131 0.0681671707 -0.0000000000 -0.6796870000 -0.0000000000 0.0000000000 1.0000000000 -0.4652510000
1772701080.4713594913 0.0904783852 0.9958984194 0.0000000000 9.0139810000 -0.9958984194 0.0904783852 -0.0000000000 -0.6796920000 -0.0000000000 0.0000000000 1.0000000000 -0.4626960000
1772701080.5715425014 0.1164773927 0.9931933432 0.0000000000 8.9265490000 -0.9931933432 0.1164773927 -0.0000000000 -0.6789830000 -0.0000000000 0.0000000000 1.0000000000 -0.4576460000
1772701080.6716945171 0.1120132034 0.9937067184 0.0000000000 8.8376660000 -0.9937067184 0.1120132034 -0.0000000000 -0.6778510000 -0.0000000000 0.0000000000 1.0000000000 -0.4523150000
1772701080.7717783451 0.0892353418 0.9960105691 0.0000000000 8.7500320000 -0.9960105691 0.0892353418 -0.0000000000 -0.6769200000 -0.0000000000 0.0000000000 1.0000000000 -0.4443120000
1772701080.8717551231 0.0863917725 0.9962612417 0.0000000000 8.6639370000 -0.9962612417 0.0863917725 -0.0000000000 -0.6758230000 -0.0000000000 0.0000000000 1.0000000000 -0.4360460000
1772701080.9717283249 0.1004639043 0.9949407037 0.0000000000 8.5758580000 -0.9949407037 0.1004639043 -0.0000000000 -0.6758110000 -0.0000000000 0.0000000000 1.0000000000 -0.4315450000
1772701081.0717272758 0.1299302698 0.9915231339 0.0000000000 8.4857930000 -0.9915231339 0.1299302698 -0.0000000000 -0.6750730000 -0.0000000000 0.0000000000 1.0000000000 -0.4280180000
1772701081.1716678143 0.1327674100 0.9911472216 0.0000000000 8.3969140000 -0.9911472216 0.1327674100 -0.0000000000 -0.6741870000 -0.0000000000 0.0000000000 1.0000000000 -0.4188770000
1772701081.2716827393 0.2176778116 0.9760206813 0.0000000000 8.3100230000 -0.9760206813 0.2176778116 -0.0000000000 -0.6750180000 -0.0000000000 0.0000000000 1.0000000000 -0.4135220000
1772701081.3716263771 0.2004666405 0.9797005288 0.0000000000 8.2198530000 -0.9797005288 0.2004666405 -0.0000000000 -0.6753550000 -0.0000000000 0.0000000000 1.0000000000 -0.4111810000
1772701081.4716870785 0.1839127694 0.9829425686 0.0000000000 8.1290560000 -0.9829425686 0.1839127694 -0.0000000000 -0.6769870000 -0.0000000000 0.0000000000 1.0000000000 -0.4093340000
1772701081.4789056778 0.2447201697 0.9695937492 0.0000000000 8.0408670000 -0.9695937492 0.2447201697 -0.0000000000 -0.6791870000 -0.0000000000 0.0000000000 1.0000000000 -0.4040720000
1772701081.6715481281 0.2890457560 0.9573152829 0.0000000000 7.9551350000 -0.9573152829 0.2890457560 -0.0000000000 -0.6818730000 -0.0000000000 0.0000000000 1.0000000000 -0.3982520000
1772701081.7715260983 0.3050825303 0.9523259157 0.0000000000 7.8700300000 -0.9523259157 0.3050825303 -0.0000000000 -0.6828510000 -0.0000000000 0.0000000000 1.0000000000 -0.3919550000
1772701081.8712661266 0.3295703896 0.9441310070 0.0000000000 7.7868060000 -0.9441310070 0.3295703896 -0.0000000000 -0.6841600000 -0.0000000000 0.0000000000 1.0000000000 -0.3882800000
1772701081.9710865021 0.3011470149 0.9535777238 0.0000000000 7.7034360000 -0.9535777238 0.3011470149 -0.0000000000 -0.6818400000 -0.0000000000 0.0000000000 1.0000000000 -0.3816600000
1772701082.0709533691 0.2861163765 0.9581948753 0.0000000000 7.6179080000 -0.9581948753 0.2861163765 -0.0000000000 -0.6782570000 -0.0000000000 0.0000000000 1.0000000000 -0.3733180000
1772701082.1709856987 0.3240541997 0.9460385170 0.0000000000 7.5293590000 -0.9460385170 0.3240541997 -0.0000000000 -0.6770370000 -0.0000000000 0.0000000000 1.0000000000 -0.3640420000
1772701082.2710800171 0.2604158854 0.9654965389 0.0000000000 7.4414770000 -0.9654965389 0.2604158854 -0.0000000000 -0.6778920000 -0.0000000000 0.0000000000 1.0000000000 -0.3559830000
1772701082.3712267876 0.3315028941 0.9434542020 0.0000000000 7.3542820000 -0.9434542020 0.3315028941 -0.0000000000 -0.6786900000 -0.0000000000 0.0000000000 1.0000000000 -0.3497310000
1772701082.4714386463 0.3626961637 0.9319074486 0.0000000000 7.2661520000 -0.9319074486 0.3626961637 -0.0000000000 -0.6771150000 -0.0000000000 0.0000000000 1.0000000000 -0.3480030000
1772701082.5716278553 0.2144954136 0.9767249959 0.0000000000 7.1788930000 -0.9767249959 0.2144954136 -0.0000000000 -0.6734810000 -0.0000000000 0.0000000000 1.0000000000 -0.3416890000
1772701082.6717360020 -0.7380544337 0.6747411747 0.0000000000 7.0953530000 -0.6747411747 -0.7380544337 -0.0000000000 -0.6669690000 -0.0000000000 0.0000000000 1.0000000000 -0.3309920000
1772701082.7717299461 -0.4674797889 -0.8840037596 -0.0000000000 7.0129150000 0.8840037596 -0.4674797889 0.0000000000 -0.6609880000 0.0000000000 -0.0000000000 1.0000000000 -0.3232360000
1772701082.8716890812 0.6742436211 -0.7385089975 -0.0000000000 6.9273040000 0.7385089975 0.6742436211 0.0000000000 -0.6508710000 0.0000000000 -0.0000000000 1.0000000000 -0.3182910000
1772701082.9716329575 0.8790448873 -0.4767390126 -0.0000000000 6.8396740000 0.4767390126 0.8790448873 0.0000000000 -0.6378450000 0.0000000000 -0.0000000000 1.0000000000 -0.3115740000
1772701083.0714859962 0.9946349204 -0.1034474509 -0.0000000000 6.7516840000 0.1034474509 0.9946349204 0.0000000000 -0.6271540000 0.0000000000 -0.0000000000 1.0000000000 -0.3044700000
1772701083.1713960171 0.9821991626 0.1878425002 0.0000000000 6.6626440000 -0.1878425002 0.9821991626 0.0000000000 -0.6175800000 0.0000000000 0.0000000000 1.0000000000 -0.2995780000
1772701083.2713558674 0.9013827658 0.4330232206 0.0000000000 6.5745460000 -0.4330232206 0.9013827658 0.0000000000 -0.6075760000 0.0000000000 0.0000000000 1.0000000000 -0.2903870000
1772701083.3713545799 0.8322588186 0.5543872824 0.0000000000 6.4833990000 -0.5543872824 0.8322588186 0.0000000000 -0.6154900000 0.0000000000 0.0000000000 1.0000000000 -0.2872660000
1772701083.4713866711 0.7850466996 0.6194365823 0.0000000000 6.3939420000 -0.6194365823 0.7850466996 0.0000000000 -0.6057190000 0.0000000000 0.0000000000 1.0000000000 -0.2866490000
1772701083.5714316368 0.7880588765 0.6155998758 0.0000000000 6.3070320000 -0.6155998758 0.7880588765 0.0000000000 -0.5952610000 0.0000000000 0.0000000000 1.0000000000 -0.2810970000
1772701083.6715190411 0.8084241957 0.5886003057 0.0000000000 6.2207300000 -0.5886003057 0.8084241957 0.0000000000 -0.5862270000 0.0000000000 0.0000000000 1.0000000000 -0.2745100000
1772701083.6816446781 0.8102810271 0.5860415149 0.0000000000 6.1332540000 -0.5860415149 0.8102810271 0.0000000000 -0.5764830000 0.0000000000 0.0000000000 1.0000000000 -0.2704440000
1772701083.8716855049 0.8200357304 0.5723123280 0.0000000000 6.0460060000 -0.5723123280 0.8200357304 0.0000000000 -0.5642110000 0.0000000000 0.0000000000 1.0000000000 -0.2621890000
1772701083.9717457294 0.8502887551 0.5263164761 0.0000000000 5.9572270000 -0.5263164761 0.8502887551 0.0000000000 -0.5517260000 0.0000000000 0.0000000000 1.0000000000 -0.2611080000
1772701084.0717167854 0.8414230175 0.5403770033 0.0000000000 5.8710220000 -0.5403770033 0.8414230175 0.0000000000 -0.5412120000 0.0000000000 0.0000000000 1.0000000000 -0.2576510000
1772701084.1716537476 0.8448869941 0.5349448264 0.0000000000 5.7863240000 -0.5349448264 0.8448869941 0.0000000000 -0.5334040000 0.0000000000 0.0000000000 1.0000000000 -0.2525710000
1772701084.2715342045 0.8773011948 0.4799402188 0.0000000000 5.6992450000 -0.4799402188 0.8773011948 0.0000000000 -0.5231650000 0.0000000000 0.0000000000 1.0000000000 -0.2510320000
1772701084.3714008331 0.8663523154 0.4994333446 0.0000000000 5.6079950000 -0.4994333446 0.8663523154 0.0000000000 -0.5114930000 0.0000000000 0.0000000000 1.0000000000 -0.2454920000
1772701084.4713377953 0.8566984765 0.5158175262 0.0000000000 5.5148380000 -0.5158175262 0.8566984765 0.0000000000 -0.4986850000 0.0000000000 0.0000000000 1.0000000000 -0.2415700000
1772701084.5713376999 0.8387669898 0.5444905296 0.0000000000 5.4245710000 -0.5444905296 0.8387669898 0.0000000000 -0.4874580000 0.0000000000 0.0000000000 1.0000000000 -0.2374300000
1772701084.6713113785 0.8678637775 0.4968022380 0.0000000000 5.3349730000 -0.4968022380 0.8678637775 0.0000000000 -0.4771310000 0.0000000000 0.0000000000 1.0000000000 -0.2288250000
1772701084.7712633610 0.8701294180 0.4928232908 0.0000000000 5.2492570000 -0.4928232908 0.8701294180 0.0000000000 -0.4673320000 0.0000000000 0.0000000000 1.0000000000 -0.2211720000
1772701084.8711972237 0.8950399848 0.4459859029 0.0000000000 5.1632670000 -0.4459859029 0.8950399848 0.0000000000 -0.4608980000 0.0000000000 0.0000000000 1.0000000000 -0.2147530000
1772701084.9711787701 0.8978337819 0.4403345320 0.0000000000 5.0792910000 -0.4403345320 0.8978337819 0.0000000000 -0.4564650000 0.0000000000 0.0000000000 1.0000000000 -0.2096630000
1772701085.0711882114 0.9123484401 0.4094146111 0.0000000000 4.9944590000 -0.4094146111 0.9123484401 0.0000000000 -0.4501530000 0.0000000000 0.0000000000 1.0000000000 -0.2026500000
1772701085.1712017059 0.9271827066 0.3746094348 0.0000000000 4.9076550000 -0.3746094348 0.9271827066 0.0000000000 -0.4417470000 0.0000000000 0.0000000000 1.0000000000 -0.1952170000
1772701085.2711572647 0.9046144898 0.4262307179 0.0000000000 4.8203840000 -0.4262307179 0.9046144898 0.0000000000 -0.4328660000 0.0000000000 0.0000000000 1.0000000000 -0.1892990000
1772701085.3712680340 0.9042320657 0.4270414165 0.0000000000 4.7330770000 -0.4270414165 0.9042320657 0.0000000000 -0.4234510000 0.0000000000 0.0000000000 1.0000000000 -0.1807920000
1772701085.4710888863 0.9178191362 0.3969987825 0.0000000000 4.6467150000 -0.3969987825 0.9178191362 0.0000000000 -0.4166990000 0.0000000000 0.0000000000 1.0000000000 -0.1777820000
1772701085.5710935593 0.9142433075 0.4051656139 0.0000000000 4.5607040000 -0.4051656139 0.9142433075 0.0000000000 -0.4094990000 0.0000000000 0.0000000000 1.0000000000 -0.1748800000
1772701085.6710660458 0.9205085990 0.3907223044 0.0000000000 4.4733970000 -0.3907223044 0.9205085990 0.0000000000 -0.4016920000 0.0000000000 0.0000000000 1.0000000000 -0.1737130000
1772701085.7710902691 0.9059542962 0.4233754990 0.0000000000 4.3861260000 -0.4233754990 0.9059542962 0.0000000000 -0.3921500000 0.0000000000 0.0000000000 1.0000000000 -0.1716820000
1772701085.8710227013 0.9307507855 0.3656541743 0.0000000000 4.2979750000 -0.3656541743 0.9307507855 0.0000000000 -0.3813090000 0.0000000000 0.0000000000 1.0000000000 -0.1657100000
1772701085.9709515572 0.9291875627 0.3696085407 0.0000000000 4.2100610000 -0.3696085407 0.9291875627 0.0000000000 -0.3676980000 0.0000000000 0.0000000000 1.0000000000 -0.1591910000
1772701086.0708699226 0.9386076867 0.3449863917 0.0000000000 4.1229240000 -0.3449863917 0.9386076867 0.0000000000 -0.3562490000 0.0000000000 0.0000000000 1.0000000000 -0.1551480000
1772701086.1707894802 0.9561663833 0.2928239188 0.0000000000 4.0380090000 -0.2928239188 0.9561663833 0.0000000000 -0.3444070000 0.0000000000 0.0000000000 1.0000000000 -0.1477710000
1772701086.2708299160 0.9539025149 0.3001166308 0.0000000000 3.9511670000 -0.3001166308 0.9539025149 0.0000000000 -0.3351920000 0.0000000000 0.0000000000 1.0000000000 -0.1452240000
1772701086.3707931042 0.9438072881 0.3304962979 0.0000000000 3.8638950000 -0.3304962979 0.9438072881 0.0000000000 -0.3239890000 0.0000000000 0.0000000000 1.0000000000 -0.1426530000
1772701086.4708297253 0.9522632269 0.3052781464 0.0000000000 3.7734450000 -0.3052781464 0.9522632269 0.0000000000 -0.3117580000 0.0000000000 0.0000000000 1.0000000000 -0.1375220000
1772701086.5708916187 0.9588022078 0.2840745083 0.0000000000 3.6831340000 -0.2840745083 0.9588022078 0.0000000000 -0.2984440000 0.0000000000 0.0000000000 1.0000000000 -0.1323210000
1772701086.6709461212 0.9581917044 0.2861269955 0.0000000000 3.5913430000 -0.2861269955 0.9581917044 0.0000000000 -0.2860220000 0.0000000000 0.0000000000 1.0000000000 -0.1303840000
1772701086.7710146904 0.9630440294 0.2693440133 0.0000000000 3.5011100000 -0.2693440133 0.9630440294 0.0000000000 -0.2762090000 0.0000000000 0.0000000000 1.0000000000 -0.1272370000
1772701086.8711094856 0.9506601263 0.3102343055 0.0000000000 3.4082320000 -0.3102343055 0.9506601263 0.0000000000 -0.2673180000 0.0000000000 0.0000000000 1.0000000000 -0.1260370000
1772701086.9711394310 0.9738300324 0.2272775131 0.0000000000 3.3192060000 -0.2272775131 0.9738300324 0.0000000000 -0.2587210000 0.0000000000 0.0000000000 1.0000000000 -0.1218540000
1772701087.0711715221 0.9720731803 0.2346779329 0.0000000000 3.2308890000 -0.2346779329 0.9720731803 0.0000000000 -0.2518690000 0.0000000000 0.0000000000 1.0000000000 -0.1092780000
1772701087.1711671352 0.9635091340 0.2676754540 0.0000000000 3.1448170000 -0.2676754540 0.9635091340 0.0000000000 -0.2431580000 0.0000000000 0.0000000000 1.0000000000 -0.1063350000
1772701087.2711958885 0.9682147028 0.2501205494 0.0000000000 3.0581390000 -0.2501205494 0.9682147028 0.0000000000 -0.2371610000 0.0000000000 0.0000000000 1.0000000000 -0.1047370000
1772701087.3712861538 0.9772271906 0.2121957066 0.0000000000 2.9687490000 -0.2121957066 0.9772271906 0.0000000000 -0.2317420000 0.0000000000 0.0000000000 1.0000000000 -0.1019760000
1772701087.4712967873 0.9659703222 0.2586529269 0.0000000000 2.8841560000 -0.2586529269 0.9659703222 0.0000000000 -0.2388800000 0.0000000000 0.0000000000 1.0000000000 -0.1053390000
1772701087.5713038445 0.9746651282 0.2236691480 0.0000000000 2.7961400000 -0.2236691480 0.9746651282 0.0000000000 -0.2327090000 0.0000000000 0.0000000000 1.0000000000 -0.1032610000
1772701087.6713087559 0.9667339152 0.2557841615 0.0000000000 2.7083460000 -0.2557841615 0.9667339152 0.0000000000 -0.2237350000 0.0000000000 0.0000000000 1.0000000000 -0.0985520000
1772701087.7713341713 0.9745203732 0.2242990018 0.0000000000 2.6204240000 -0.2242990018 0.9745203732 0.0000000000 -0.2164000000 0.0000000000 0.0000000000 1.0000000000 -0.0981750000
1772701087.8713531494 0.9777988847 0.2095455586 0.0000000000 2.5324980000 -0.2095455586 0.9777988847 0.0000000000 -0.2060880000 0.0000000000 0.0000000000 1.0000000000 -0.0926650000
1772701087.9715838432 0.9779803285 0.2086970941 0.0000000000 2.4472000000 -0.2086970941 0.9779803285 0.0000000000 -0.1948180000 0.0000000000 0.0000000000 1.0000000000 -0.0822970000
1772701088.0716853142 0.9763535873 0.2161797229 0.0000000000 2.3628260000 -0.2161797229 0.9763535873 0.0000000000 -0.1836380000 0.0000000000 0.0000000000 1.0000000000 -0.0814660000
1772701088.1716027260 0.9861387403 0.1659228280 0.0000000000 2.2735900000 -0.1659228280 0.9861387403 0.0000000000 -0.1768530000 0.0000000000 0.0000000000 1.0000000000 -0.0794650000
1772701088.2714760303 0.9154967447 -0.4023253788 -0.0000000000 2.1822540000 0.4023253788 0.9154967447 0.0000000000 -0.1682840000 0.0000000000 -0.0000000000 1.0000000000 -0.0697400000
1772701088.3712952137 0.7131547493 -0.7010066358 -0.0000000000 2.0938770000 0.7010066358 0.7131547493 0.0000000000 -0.1586650000 0.0000000000 -0.0000000000 1.0000000000 -0.0676270000
1772701088.4712827206 0.6972961146 -0.7167831810 -0.0000000000 2.0064140000 0.7167831810 0.6972961146 0.0000000000 -0.1523340000 0.0000000000 -0.0000000000 1.0000000000 -0.0628740000
1772701088.5712585449 0.6224155721 -0.7826869461 -0.0000000000 1.9216380000 0.7826869461 0.6224155721 0.0000000000 -0.1457040000 0.0000000000 -0.0000000000 1.0000000000 -0.0651770000
1772701088.6712470055 0.5525409573 -0.8334857470 -0.0000000000 1.8338380000 0.8334857470 0.5525409573 0.0000000000 -0.1407700000 0.0000000000 -0.0000000000 1.0000000000 -0.0575330000
1772701088.7712266445 -0.2318399730 -0.9727539395 -0.0000000000 1.7430830000 0.9727539395 -0.2318399730 0.0000000000 -0.1356680000 0.0000000000 -0.0000000000 1.0000000000 -0.0479990000
1772701088.8712334633 -0.9349264240 -0.3548416292 -0.0000000000 1.6526590000 0.3548416292 -0.9349264240 0.0000000000 -0.1303750000 0.0000000000 -0.0000000000 1.0000000000 -0.0505930000
1772701088.9712691307 -0.8883851016 -0.4590990212 -0.0000000000 1.5654530000 0.4590990212 -0.8883851016 0.0000000000 -0.1300330000 0.0000000000 -0.0000000000 1.0000000000 -0.0483910000
1772701089.0713095665 -0.9919979192 -0.1262542211 -0.0000000000 1.4796130000 0.1262542211 -0.9919979192 0.0000000000 -0.1274650000 0.0000000000 -0.0000000000 1.0000000000 -0.0446680000
1772701089.1713049412 -0.9976060450 -0.0691533010 -0.0000000000 1.3930370000 0.0691533010 -0.9976060450 0.0000000000 -0.1247390000 0.0000000000 -0.0000000000 1.0000000000 -0.0386940000
1772701089.2713234425 -0.9994259173 0.0338797262 0.0000000000 1.3046020000 -0.0338797262 -0.9994259173 -0.0000000000 -0.1199100000 -0.0000000000 0.0000000000 1.0000000000 -0.0328900000
1772701089.3713140488 -0.9995996110 -0.0282951901 -0.0000000000 1.2211240000 0.0282951901 -0.9995996110 0.0000000000 -0.1168460000 0.0000000000 -0.0000000000 1.0000000000 -0.0258440000
1772701089.4712767601 -0.9988947232 0.0470035323 0.0000000000 1.1368180000 -0.0470035323 -0.9988947232 -0.0000000000 -0.1145970000 -0.0000000000 0.0000000000 1.0000000000 -0.0238290000
1772701089.5714600086 -0.9961776021 0.0873509309 0.0000000000 1.0469170000 -0.0873509309 -0.9961776021 -0.0000000000 -0.1150080000 -0.0000000000 0.0000000000 1.0000000000 -0.0234420000
1772701089.6712307930 -0.9925216691 0.1220685721 0.0000000000 0.9545070000 -0.1220685721 -0.9925216691 -0.0000000000 -0.1159580000 -0.0000000000 0.0000000000 1.0000000000 -0.0217470000
1772701089.7711813450 -0.9962454917 0.0865732072 0.0000000000 0.8626890000 -0.0865732072 -0.9962454917 -0.0000000000 -0.1146250000 -0.0000000000 0.0000000000 1.0000000000 -0.0223820000
1772701089.8711240292 -0.9955381761 0.0943596310 0.0000000000 0.7696810000 -0.0943596310 -0.9955381761 -0.0000000000 -0.1154780000 -0.0000000000 0.0000000000 1.0000000000 -0.0224240000
1772701089.9710164070 -0.9991216410 0.0419040151 0.0000000000 0.6804300000 -0.0419040151 -0.9991216410 -0.0000000000 -0.1110820000 -0.0000000000 0.0000000000 1.0000000000 -0.0153700000
1772701090.0709934235 -0.9997554842 0.0221127072 0.0000000000 0.5940380000 -0.0221127072 -0.9997554842 -0.0000000000 -0.1057450000 -0.0000000000 0.0000000000 1.0000000000 -0.0095490000
1772701090.1710245609 -0.9997257350 -0.0234191111 -0.0000000000 0.5076980000 0.0234191111 -0.9997257350 0.0000000000 -0.0982820000 0.0000000000 -0.0000000000 1.0000000000 -0.0068550000
1772701090.2710704803 -0.9995691290 -0.0293522816 -0.0000000000 0.4226870000 0.0293522816 -0.9995691290 0.0000000000 -0.0932760000 0.0000000000 -0.0000000000 1.0000000000 -0.0056050000
1772701090.3710770607 -0.9999991344 -0.0013157749 -0.0000000000 0.3352890000 0.0013157749 -0.9999991344 0.0000000000 -0.0853700000 0.0000000000 -0.0000000000 1.0000000000 -0.0031890000
1772701090.4711699486 -0.9983661707 0.0571400844 0.0000000000 0.2476040000 -0.0571400844 -0.9983661707 -0.0000000000 -0.0785500000 -0.0000000000 0.0000000000 1.0000000000 0.0040470000
1772701090.5711870193 -0.9957752973 0.0918235120 0.0000000000 0.1578110000 -0.0918235120 -0.9957752973 -0.0000000000 -0.0749550000 -0.0000000000 0.0000000000 1.0000000000 0.0067280000
1772701090.6712527275 -0.9986133252 0.0526443414 0.0000000000 0.0724690000 -0.0526443414 -0.9986133252 -0.0000000000 -0.0715100000 -0.0000000000 0.0000000000 1.0000000000 0.0066370000
1772701090.7713305950 -0.9961965472 0.0871346043 0.0000000000 -0.0126100000 -0.0871346043 -0.9961965472 -0.0000000000 -0.0712750000 -0.0000000000 0.0000000000 1.0000000000 0.0112620000
1772701090.8714070320 -0.9893244815 0.1457294424 0.0000000000 -0.0957930000 -0.1457294424 -0.9893244815 -0.0000000000 -0.0679180000 -0.0000000000 0.0000000000 1.0000000000 0.0131670000
1772701090.9714074135 -0.9962932934 0.0860213549 0.0000000000 -0.1803980000 -0.0860213549 -0.9962932934 -0.0000000000 -0.0672610000 -0.0000000000 0.0000000000 1.0000000000 0.0196810000
1772701091.0713071823 -0.9941881928 0.1076561063 0.0000000000 -0.2683620000 -0.1076561063 -0.9941881928 -0.0000000000 -0.0640890000 -0.0000000000 0.0000000000 1.0000000000 0.0242880000
1772701091.1712465286 -0.9928958699 0.1189865182 0.0000000000 -0.3561600000 -0.1189865182 -0.9928958699 -0.0000000000 -0.0606080000 -0.0000000000 0.0000000000 1.0000000000 0.0241170000
1772701091.2713766098 -0.9905484123 0.1371635625 0.0000000000 -0.4459280000 -0.1371635625 -0.9905484123 -0.0000000000 -0.0571390000 -0.0000000000 0.0000000000 1.0000000000 0.0248030000
1772701091.3714914322 -0.9941750089 0.1077777885 0.0000000000 -0.5383350000 -0.1077777885 -0.9941750089 -0.0000000000 -0.0550150000 -0.0000000000 0.0000000000 1.0000000000 0.0268390000
1772701091.4715147018 -0.9948186610 0.1016652929 0.0000000000 -0.6313570000 -0.1016652929 -0.9948186610 -0.0000000000 -0.0497210000 -0.0000000000 0.0000000000 1.0000000000 0.0265790000
1772701091.5714366436 -0.9808216721 0.1949072796 0.0000000000 -0.7247100000 -0.1949072796 -0.9808216721 -0.0000000000 -0.0475250000 -0.0000000000 0.0000000000 1.0000000000 0.0267640000
1772701091.6712982655 -0.9688369931 0.2476991739 0.0000000000 -0.8047560000 -0.2476991739 -0.9688369931 -0.0000000000 -0.0514580000 -0.0000000000 0.0000000000 1.0000000000 0.0264870000
1772701091.7711739540 -0.9607432432 0.2774390397 0.0000000000 -0.8942820000 -0.2774390397 -0.9607432432 -0.0000000000 -0.0512870000 -0.0000000000 0.0000000000 1.0000000000 0.0297440000
1772701091.8709974289 -0.9651998839 0.2615132580 0.0000000000 -0.9842040000 -0.2615132580 -0.9651998839 -0.0000000000 -0.0482330000 -0.0000000000 0.0000000000 1.0000000000 0.0310840000
1772701091.9709107876 -0.9720738155 0.2346753017 0.0000000000 -1.0708340000 -0.2346753017 -0.9720738155 -0.0000000000 -0.0439680000 -0.0000000000 0.0000000000 1.0000000000 0.0356690000
1772701092.0709037781 -0.9716574244 0.2363934213 0.0000000000 -1.1592850000 -0.2363934213 -0.9716574244 -0.0000000000 -0.0392530000 -0.0000000000 0.0000000000 1.0000000000 0.0407310000
1772701092.1708257198 -0.9695516703 0.2448868282 0.0000000000 -1.2467960000 -0.2448868282 -0.9695516703 -0.0000000000 -0.0368280000 -0.0000000000 0.0000000000 1.0000000000 0.0407870000
1772701092.2707879543 -0.9628230623 0.2701328390 0.0000000000 -1.3330210000 -0.2701328390 -0.9628230623 -0.0000000000 -0.0355870000 -0.0000000000 0.0000000000 1.0000000000 0.0482540000
1772701092.3708181381 -0.9767690890 0.2142945329 0.0000000000 -1.4204330000 -0.2142945329 -0.9767690890 -0.0000000000 -0.0309600000 -0.0000000000 0.0000000000 1.0000000000 0.0488850000
1772701092.4708313942 -0.9764252162 0.2158559637 0.0000000000 -1.5097870000 -0.2158559637 -0.9764252162 -0.0000000000 -0.0278000000 -0.0000000000 0.0000000000 1.0000000000 0.0454800000
1772701092.5708212852 -0.9689721390 0.2471699694 0.0000000000 -1.5982990000 -0.2471699694 -0.9689721390 -0.0000000000 -0.0271570000 -0.0000000000 0.0000000000 1.0000000000 0.0461470000
1772701092.6708176136 -0.9691667696 0.2464057076 0.0000000000 -1.6854680000 -0.2464057076 -0.9691667696 -0.0000000000 -0.0247040000 -0.0000000000 0.0000000000 1.0000000000 0.0505090000
1772701092.7707653046 -0.9577450066 0.2876186753 0.0000000000 -1.7719790000 -0.2876186753 -0.9577450066 -0.0000000000 -0.0224680000 -0.0000000000 0.0000000000 1.0000000000 0.0508340000
1772701092.8706264496 -0.9535494480 0.3012365352 0.0000000000 -1.8577220000 -0.3012365352 -0.9535494480 -0.0000000000 -0.0187980000 -0.0000000000 0.0000000000 1.0000000000 0.0567310000
1772701092.9706282616 -0.9630312604 0.2693896649 0.0000000000 -1.9446880000 -0.2693896649 -0.9630312604 -0.0000000000 -0.0136640000 -0.0000000000 0.0000000000 1.0000000000 0.0595250000
1772701093.0706138611 -0.9484728669 0.3168583606 0.0000000000 -2.0345210000 -0.3168583606 -0.9484728669 -0.0000000000 -0.0108690000 -0.0000000000 0.0000000000 1.0000000000 0.0606590000
1772701093.1706843376 -0.9326041801 0.3609008774 0.0000000000 -2.1222640000 -0.3609008774 -0.9326041801 -0.0000000000 -0.0074930000 -0.0000000000 0.0000000000 1.0000000000 0.0616810000
1772701093.2706098557 -0.9328971788 0.3601428241 0.0000000000 -2.2100570000 -0.3601428241 -0.9328971788 -0.0000000000 -0.0057040000 -0.0000000000 0.0000000000 1.0000000000 0.0630560000
1772701093.3705322742 -0.9238523435 0.3827490658 0.0000000000 -2.2980590000 -0.3827490658 -0.9238523435 -0.0000000000 -0.0036830000 -0.0000000000 0.0000000000 1.0000000000 0.0635430000
1772701093.4704904556 -0.9273172547 0.3742762472 0.0000000000 -2.3875150000 -0.3742762472 -0.9273172547 -0.0000000000 -0.0001340000 -0.0000000000 0.0000000000 1.0000000000 0.0661680000
1772701093.5704431534 -0.9282814246 0.3718784703 0.0000000000 -2.4797160000 -0.3718784703 -0.9282814246 -0.0000000000 0.0022490000 -0.0000000000 0.0000000000 1.0000000000 0.0664790000
1772701093.6705102921 -0.9466375074 0.3223002166 0.0000000000 -2.5700760000 -0.3223002166 -0.9466375074 -0.0000000000 0.0039390000 -0.0000000000 0.0000000000 1.0000000000 0.0663150000
1772701093.7705562115 -0.9547159549 0.2975188154 0.0000000000 -2.6591420000 -0.2975188154 -0.9547159549 -0.0000000000 0.0062430000 -0.0000000000 0.0000000000 1.0000000000 0.0690350000
1772701093.8705875874 -0.9380383848 0.3465313676 0.0000000000 -2.7466260000 -0.3465313676 -0.9380383848 -0.0000000000 0.0082220000 -0.0000000000 0.0000000000 1.0000000000 0.0706850000
1772701093.9705998898 -0.9359245087 0.3522006730 0.0000000000 -2.8338130000 -0.3522006730 -0.9359245087 -0.0000000000 0.0099070000 -0.0000000000 0.0000000000 1.0000000000 0.0743050000
1772701094.0706148148 -0.9079566309 0.4190641435 0.0000000000 -2.9210040000 -0.4190641435 -0.9079566309 -0.0000000000 0.0128260000 -0.0000000000 0.0000000000 1.0000000000 0.0741190000
1772701094.1706414223 -0.9281745267 0.3721451973 0.0000000000 -3.0097740000 -0.3721451973 -0.9281745267 -0.0000000000 0.0142370000 -0.0000000000 0.0000000000 1.0000000000 0.0740480000
1772701094.2706789970 -0.9160601114 0.4010409858 0.0000000000 -3.0981280000 -0.4010409858 -0.9160601114 -0.0000000000 0.0163930000 -0.0000000000 0.0000000000 1.0000000000 0.0754970000
1772701094.3707144260 -0.9106827304 0.4131064810 0.0000000000 -3.1867140000 -0.4131064810 -0.9106827304 -0.0000000000 0.0195660000 -0.0000000000 0.0000000000 1.0000000000 0.0782610000
1772701094.4707300663 -0.9145778418 0.4044099051 0.0000000000 -3.2757670000 -0.4044099051 -0.9145778418 -0.0000000000 0.0236040000 -0.0000000000 0.0000000000 1.0000000000 0.0792930000
1772701094.5707969666 -0.9109245058 0.4125730781 0.0000000000 -3.3671950000 -0.4125730781 -0.9109245058 -0.0000000000 0.0258940000 -0.0000000000 0.0000000000 1.0000000000 0.0830470000
1772701094.6708278656 -0.8984171017 0.4391431558 0.0000000000 -3.4609490000 -0.4391431558 -0.8984171017 -0.0000000000 0.0281140000 -0.0000000000 0.0000000000 1.0000000000 0.0797430000
1772701094.7708587646 -0.8907123027 0.4545674800 0.0000000000 -3.5546530000 -0.4545674800 -0.8907123027 -0.0000000000 0.0323600000 -0.0000000000 0.0000000000 1.0000000000 0.0761470000
1772701094.8708620071 -0.9911621100 0.1326562159 0.0000000000 -3.6458130000 -0.1326562159 -0.9911621100 -0.0000000000 0.0357020000 -0.0000000000 0.0000000000 1.0000000000 0.0807530000
1772701094.9708518982 -0.7345884354 -0.6785129554 -0.0000000000 -3.7331000000 0.6785129554 -0.7345884354 0.0000000000 0.0387810000 0.0000000000 -0.0000000000 1.0000000000 0.0839920000
1772701095.0708980560 -0.8713554284 -0.4906523387 -0.0000000000 -3.8197180000 0.4906523387 -0.8713554284 0.0000000000 0.0445120000 0.0000000000 -0.0000000000 1.0000000000 0.0824390000
1772701095.1709616184 -0.7524154744 -0.6586888142 -0.0000000000 -3.9068740000 0.6586888142 -0.7524154744 0.0000000000 0.0482710000 0.0000000000 -0.0000000000 1.0000000000 0.0848480000
1772701095.2710821629 -0.7029223120 -0.7112666331 -0.0000000000 -3.9912770000 0.7112666331 -0.7029223120 0.0000000000 0.0529370000 0.0000000000 -0.0000000000 1.0000000000 0.0860540000
1772701095.3713400364 -0.6644522014 -0.7473307648 -0.0000000000 -4.0781080000 0.7473307648 -0.6644522014 0.0000000000 0.0554720000 0.0000000000 -0.0000000000 1.0000000000 0.0912580000
1772701095.4715220928 -0.6256078838 -0.7801376646 -0.0000000000 -4.1626890000 0.7801376646 -0.6256078838 0.0000000000 0.0606970000 0.0000000000 -0.0000000000 1.0000000000 0.0909310000
1772701095.5715835094 -0.6090195380 -0.7931552196 -0.0000000000 -4.2461710000 0.7931552196 -0.6090195380 0.0000000000 0.0651380000 0.0000000000 -0.0000000000 1.0000000000 0.0917020000
1772701095.6715114117 -0.5507738572 -0.8346545143 -0.0000000000 -4.3322500000 0.8346545143 -0.5507738572 0.0000000000 0.0683310000 0.0000000000 -0.0000000000 1.0000000000 0.0906600000
1772701095.7714910507 -0.6052468838 -0.7960378193 -0.0000000000 -4.4212170000 0.7960378193 -0.6052468838 0.0000000000 0.0709160000 0.0000000000 -0.0000000000 1.0000000000 0.0890080000
1772701095.8714056015 -0.6377164211 -0.7702712290 -0.0000000000 -4.5116250000 0.7702712290 -0.6377164211 0.0000000000 0.0741600000 0.0000000000 -0.0000000000 1.0000000000 0.0874710000
1772701095.9713227749 -0.6201592536 -0.7844759399 -0.0000000000 -4.6004430000 0.7844759399 -0.6201592536 0.0000000000 0.0777540000 0.0000000000 -0.0000000000 1.0000000000 0.0856920000
1772701096.0712296963 -0.6170578264 -0.7869178094 -0.0000000000 -4.6903640000 0.7869178094 -0.6170578264 0.0000000000 0.0817210000 0.0000000000 -0.0000000000 1.0000000000 0.0858790000
1772701096.1711375713 -0.6513349630 -0.7587903307 -0.0000000000 -4.7794360000 0.7587903307 -0.6513349630 0.0000000000 0.0859480000 0.0000000000 -0.0000000000 1.0000000000 0.0861670000
1772701096.2712550163 -0.6559682154 -0.7547885137 -0.0000000000 -4.8710350000 0.7547885137 -0.6559682154 0.0000000000 0.0913410000 0.0000000000 -0.0000000000 1.0000000000 0.0851320000
1772701096.3713152409 -0.6971954548 -0.7168810904 -0.0000000000 -4.9596430000 0.7168810904 -0.6971954548 0.0000000000 0.0958860000 0.0000000000 -0.0000000000 1.0000000000 0.0887990000
1772701096.4712941647 -0.6842116256 -0.7292835192 -0.0000000000 -5.0485680000 0.7292835192 -0.6842116256 0.0000000000 0.1042270000 0.0000000000 -0.0000000000 1.0000000000 0.0903930000
1772701096.5712115765 -0.7116499760 -0.7025342067 -0.0000000000 -5.1385370000 0.7025342067 -0.7116499760 0.0000000000 0.1122700000 0.0000000000 -0.0000000000 1.0000000000 0.0940680000
1772701096.6710457802 -0.7077071199 -0.7065059323 -0.0000000000 -5.2268320000 0.7065059323 -0.7077071199 0.0000000000 0.1182120000 0.0000000000 -0.0000000000 1.0000000000 0.0956080000
1772701096.7709412575 -0.6880373731 -0.7256752533 -0.0000000000 -5.3141990000 0.7256752533 -0.6880373731 0.0000000000 0.1224260000 0.0000000000 -0.0000000000 1.0000000000 0.0934810000
1772701096.8708243370 -0.6859863714 -0.7276143884 -0.0000000000 -5.4006850000 0.7276143884 -0.6859863714 0.0000000000 0.1240780000 0.0000000000 -0.0000000000 1.0000000000 0.0963950000
1772701096.9708704948 -0.6805495657 -0.7327020463 -0.0000000000 -5.4945770000 0.7327020463 -0.6805495657 0.0000000000 0.1221280000 0.0000000000 -0.0000000000 1.0000000000 0.0917990000
1772701097.0708892345 -0.6807180256 -0.7325455410 -0.0000000000 -5.5813380000 0.7325455410 -0.6807180256 0.0000000000 0.1262350000 0.0000000000 -0.0000000000 1.0000000000 0.0918360000
1772701097.1709547043 -0.7010485092 -0.7131135869 -0.0000000000 -5.6670220000 0.7131135869 -0.7010485092 0.0000000000 0.1301690000 0.0000000000 -0.0000000000 1.0000000000 0.0945860000
1772701097.2710142136 -0.7390624647 -0.6736369002 -0.0000000000 -5.7545550000 0.6736369002 -0.7390624647 0.0000000000 0.1361170000 0.0000000000 -0.0000000000 1.0000000000 0.0961200000
1772701097.3709995747 -0.7632611020 -0.6460901564 -0.0000000000 -5.8430340000 0.6460901564 -0.7632611020 0.0000000000 0.1419370000 0.0000000000 -0.0000000000 1.0000000000 0.0949840000
1772701097.4709661007 -0.7595237333 -0.6504795911 -0.0000000000 -5.9290520000 0.6504795911 -0.7595237333 0.0000000000 0.1467420000 0.0000000000 -0.0000000000 1.0000000000 0.0922540000
1772701097.5709729195 -0.7472759604 -0.6645138366 -0.0000000000 -6.0072950000 0.6645138366 -0.7472759604 0.0000000000 0.1512800000 0.0000000000 -0.0000000000 1.0000000000 0.0946360000
1772701097.6710379124 -0.7277068798 -0.6858882541 -0.0000000000 -6.0818800000 0.6858882541 -0.7277068798 0.0000000000 0.1558900000 0.0000000000 -0.0000000000 1.0000000000 0.0973090000
1772701097.7711160183 -0.7150619960 -0.6990610430 -0.0000000000 -6.1539080000 0.6990610430 -0.7150619960 0.0000000000 0.1594560000 0.0000000000 -0.0000000000 1.0000000000 0.0952900000
1772701097.8712005615 -0.6933035086 -0.7206457139 -0.0000000000 -6.2213860000 0.7206457139 -0.6933035086 0.0000000000 0.1629550000 0.0000000000 -0.0000000000 1.0000000000 0.0933250000
1772701097.9712686539 -0.7128956418 -0.7012701362 -0.0000000000 -6.2832480000 0.7012701362 -0.7128956418 0.0000000000 0.1673280000 0.0000000000 -0.0000000000 1.0000000000 0.0946780000
1772701098.0713515282 -0.7304402395 -0.6829766149 -0.0000000000 -6.3347090000 0.6829766149 -0.7304402395 0.0000000000 0.1719280000 0.0000000000 -0.0000000000 1.0000000000 0.0945790000
1772701098.1714503765 -0.7305545944 -0.6828542924 -0.0000000000 -6.3831810000 0.6828542924 -0.7305545944 0.0000000000 0.1746250000 0.0000000000 -0.0000000000 1.0000000000 0.0960920000
1772701098.2714810371 -0.7747852097 -0.6322245478 -0.0000000000 -6.4163690000 0.6322245478 -0.7747852097 0.0000000000 0.1764070000 0.0000000000 -0.0000000000 1.0000000000 0.0941010000
1772701098.3714058399 -0.7681121240 -0.6403153636 -0.0000000000 -6.4436090000 0.6403153636 -0.7681121240 0.0000000000 0.1786450000 0.0000000000 -0.0000000000 1.0000000000 0.0939200000
1772701098.4713509083 -0.7510350923 -0.6602622889 -0.0000000000 -6.4649010000 0.6602622889 -0.7510350923 0.0000000000 0.1797960000 0.0000000000 -0.0000000000 1.0000000000 0.0950320000
1772701098.5712437630 -0.7285454736 -0.6849974401 -0.0000000000 -6.4757290000 0.6849974401 -0.7285454736 0.0000000000 0.1806220000 0.0000000000 -0.0000000000 1.0000000000 0.0937960000
1772701098.6710932255 -0.7292685234 -0.6842276089 -0.0000000000 -6.4792090000 0.6842276089 -0.7292685234 0.0000000000 0.1812540000 0.0000000000 -0.0000000000 1.0000000000 0.0931820000
1772701098.7709972858 -0.7322866020 -0.6809965731 -0.0000000000 -6.4799490000 0.6809965731 -0.7322866020 0.0000000000 0.1815090000 0.0000000000 -0.0000000000 1.0000000000 0.0932890000
1772701098.8709092140 -0.7318296051 -0.6814876588 -0.0000000000 -6.4793800000 0.6814876588 -0.7318296051 0.0000000000 0.1812470000 0.0000000000 -0.0000000000 1.0000000000 0.0937770000
1772701098.9708244801 -0.7392032682 -0.6734823890 -0.0000000000 -6.4785790000 0.6734823890 -0.7392032682 0.0000000000 0.1798990000 0.0000000000 -0.0000000000 1.0000000000 0.0931450000
1772701099.0707459450 -0.7383335454 -0.6744357462 -0.0000000000 -6.4792380000 0.6744357462 -0.7383335454 0.0000000000 0.1784120000 0.0000000000 -0.0000000000 1.0000000000 0.0925180000
1772701099.1707251072 -0.7401230693 -0.6724714435 -0.0000000000 -6.4802680000 0.6724714435 -0.7401230693 0.0000000000 0.1778930000 0.0000000000 -0.0000000000 1.0000000000 0.0930570000
1772701099.2706754208 -0.7339163934 -0.6792398159 -0.0000000000 -6.4802680000 0.6792398159 -0.7339163934 0.0000000000 0.1782620000 0.0000000000 -0.0000000000 1.0000000000 0.0927590000
1772701099.3706583977 -0.7425880945 -0.6697484019 -0.0000000000 -6.4792760000 0.6697484019 -0.7425880945 0.0000000000 0.1778980000 0.0000000000 -0.0000000000 1.0000000000 0.0916820000
1772701099.4706840515 -0.7383881635 -0.6743759485 -0.0000000000 -6.4780160000 0.6743759485 -0.7383881635 0.0000000000 0.1776740000 0.0000000000 -0.0000000000 1.0000000000 0.0914200000
1772701099.5707414150 -0.7368434510 -0.6760634059 -0.0000000000 -6.4769270000 0.6760634059 -0.7368434510 0.0000000000 0.1768480000 0.0000000000 -0.0000000000 1.0000000000 0.0922570000
1772701099.6707420349 -0.7412673208 -0.6712099218 -0.0000000000 -6.4765180000 0.6712099218 -0.7412673208 0.0000000000 0.1761120000 0.0000000000 -0.0000000000 1.0000000000 0.0933090000
1772701099.7707474232 -0.7457618939 -0.6662125769 -0.0000000000 -6.4777890000 0.6662125769 -0.7457618939 0.0000000000 0.1769660000 0.0000000000 -0.0000000000 1.0000000000 0.0935650000
1772701099.8708660603 -0.7365907126 -0.6763387628 -0.0000000000 -6.4786070000 0.6763387628 -0.7365907126 0.0000000000 0.1782770000 0.0000000000 -0.0000000000 1.0000000000 0.0924030000
1772701099.9710354805 -0.7397001380 -0.6729366284 -0.0000000000 -6.4793290000 0.6729366284 -0.7397001380 0.0000000000 0.1791670000 0.0000000000 -0.0000000000 1.0000000000 0.0932100000
1772701100.0712153912 -0.7416135217 -0.6708273880 -0.0000000000 -6.4793170000 0.6708273880 -0.7416135217 0.0000000000 0.1785360000 0.0000000000 -0.0000000000 1.0000000000 0.0922120000
1772701100.1713049412 -0.7393963757 -0.6732703763 -0.0000000000 -6.4791780000 0.6732703763 -0.7393963757 0.0000000000 0.1783620000 0.0000000000 -0.0000000000 1.0000000000 0.0926000000
1772701100.2713422775 -0.7430062495 -0.6692844786 -0.0000000000 -6.4792160000 0.6692844786 -0.7430062495 0.0000000000 0.1775170000 0.0000000000 -0.0000000000 1.0000000000 0.0916160000
1772701100.3712420464 -0.7368137227 -0.6760958054 -0.0000000000 -6.4792670000 0.6760958054 -0.7368137227 0.0000000000 0.1776520000 0.0000000000 -0.0000000000 1.0000000000 0.0920690000
1772701100.4711613655 -0.7435317487 -0.6687006345 -0.0000000000 -6.4799480000 0.6687006345 -0.7435317487 0.0000000000 0.1788620000 0.0000000000 -0.0000000000 1.0000000000 0.0924650000
1772701100.5711116791 -0.7489802932 -0.6625922731 -0.0000000000 -6.4800180000 0.6625922731 -0.7489802932 0.0000000000 0.1791650000 0.0000000000 -0.0000000000 1.0000000000 0.0931020000
1772701100.6710872650 -0.7456542752 -0.6663330263 -0.0000000000 -6.4801780000 0.6663330263 -0.7456542752 0.0000000000 0.1788040000 0.0000000000 -0.0000000000 1.0000000000 0.0931820000
1772701100.7711081505 -0.7459548165 -0.6659965553 -0.0000000000 -6.4813980000 0.6659965553 -0.7459548165 0.0000000000 0.1786170000 0.0000000000 -0.0000000000 1.0000000000 0.0929780000
1772701100.8711845875 -0.7414330091 -0.6710268944 -0.0000000000 -6.4819480000 0.6710268944 -0.7414330091 0.0000000000 0.1785140000 0.0000000000 -0.0000000000 1.0000000000 0.0930510000
1772701100.9712128639 -0.7497622814 -0.6617072777 -0.0000000000 -6.4822880000 0.6617072777 -0.7497622814 0.0000000000 0.1788440000 0.0000000000 -0.0000000000 1.0000000000 0.0927360000
1772701101.0711967945 -0.7434171798 -0.6688280024 -0.0000000000 -6.4823280000 0.6688280024 -0.7434171798 0.0000000000 0.1787760000 0.0000000000 -0.0000000000 1.0000000000 0.0924290000
1772701101.1713457108 -0.7511689678 -0.6601099770 -0.0000000000 -6.4825980000 0.6601099770 -0.7511689678 0.0000000000 0.1779410000 0.0000000000 -0.0000000000 1.0000000000 0.0928090000
1772701101.2713687420 -0.7453300996 -0.6666956147 -0.0000000000 -6.4832670000 0.6666956147 -0.7453300996 0.0000000000 0.1774710000 0.0000000000 -0.0000000000 1.0000000000 0.0925590000
1772701101.3712902069 -0.7513748296 -0.6598756439 -0.0000000000 -6.4843280000 0.6598756439 -0.7513748296 0.0000000000 0.1783170000 0.0000000000 -0.0000000000 1.0000000000 0.0932470000
1772701101.4711043835 -0.7534142408 -0.6575461822 -0.0000000000 -6.4847270000 0.6575461822 -0.7534142408 0.0000000000 0.1788450000 0.0000000000 -0.0000000000 1.0000000000 0.0923990000
1772701101.5709731579 -0.7483475111 -0.6633068692 -0.0000000000 -6.4851770000 0.6633068692 -0.7483475111 0.0000000000 0.1789190000 0.0000000000 -0.0000000000 1.0000000000 0.0923320000
1772701101.6709432602 -0.7417543178 -0.6706717021 -0.0000000000 -6.4847560000 0.6706717021 -0.7417543178 0.0000000000 0.1770890000 0.0000000000 -0.0000000000 1.0000000000 0.0915170000
1772701101.7709486485 -0.7454735433 -0.6665352176 -0.0000000000 -6.4835760000 0.6665352176 -0.7454735433 0.0000000000 0.1754920000 0.0000000000 -0.0000000000 1.0000000000 0.0916760000
1772701101.8710231781 -0.7442216489 -0.6679327341 -0.0000000000 -6.4819160000 0.6679327341 -0.7442216489 0.0000000000 0.1755260000 0.0000000000 -0.0000000000 1.0000000000 0.0919760000
1772701101.9711039066 -0.7436345599 -0.6685863006 -0.0000000000 -6.4813360000 0.6685863006 -0.7436345599 0.0000000000 0.1759050000 0.0000000000 -0.0000000000 1.0000000000 0.0912630000
1772701102.0712409019 -0.7488601928 -0.6627280073 -0.0000000000 -6.4826870000 0.6627280073 -0.7488601928 0.0000000000 0.1766230000 0.0000000000 -0.0000000000 1.0000000000 0.0921190000
1772701102.1713447571 -0.7454717319 -0.6665372435 -0.0000000000 -6.4837360000 0.6665372435 -0.7454717319 0.0000000000 0.1766950000 0.0000000000 -0.0000000000 1.0000000000 0.0915060000
1772701102.2715771198 -0.7447211441 -0.6673757694 -0.0000000000 -6.4839050000 0.6673757694 -0.7447211441 0.0000000000 0.1764210000 0.0000000000 -0.0000000000 1.0000000000 0.0909870000
1772701102.3717563152 -0.7432403180 -0.6690245359 -0.0000000000 -6.4836650000 0.6690245359 -0.7432403180 0.0000000000 0.1762480000 0.0000000000 -0.0000000000 1.0000000000 0.0908530000
1772701102.4719200134 -0.7448893743 -0.6671879945 -0.0000000000 -6.4839760000 0.6671879945 -0.7448893743 0.0000000000 0.1762820000 0.0000000000 -0.0000000000 1.0000000000 0.0911450000
1772701102.5718917847 -0.7460132639 -0.6659310851 -0.0000000000 -6.4839960000 0.6659310851 -0.7460132639 0.0000000000 0.1763410000 0.0000000000 -0.0000000000 1.0000000000 0.0913420000
1772701102.6717343330 -0.7431859420 -0.6690849391 -0.0000000000 -6.4839460000 0.6690849391 -0.7431859420 0.0000000000 0.1760690000 0.0000000000 -0.0000000000 1.0000000000 0.0912550000
1772701102.7716894150 -0.7512071804 -0.6600664906 -0.0000000000 -6.4836060000 0.6600664906 -0.7512071804 0.0000000000 0.1754980000 0.0000000000 -0.0000000000 1.0000000000 0.0917210000
1772701102.8716869354 -0.7439762593 -0.6682060502 -0.0000000000 -6.4831570000 0.6682060502 -0.7439762593 0.0000000000 0.1757010000 0.0000000000 -0.0000000000 1.0000000000 0.0921430000
1772701102.9716262817 -0.7406332623 -0.6719094959 -0.0000000000 -6.4831660000 0.6719094959 -0.7406332623 0.0000000000 0.1761080000 0.0000000000 -0.0000000000 1.0000000000 0.0913100000
1772701103.0715391636 -0.7390615894 -0.6736378604 -0.0000000000 -6.4839560000 0.6736378604 -0.7390615894 0.0000000000 0.1764800000 0.0000000000 -0.0000000000 1.0000000000 0.0911470000
1772701103.1714682579 -0.7433537093 -0.6688985446 -0.0000000000 -6.4843260000 0.6688985446 -0.7433537093 0.0000000000 0.1762240000 0.0000000000 -0.0000000000 1.0000000000 0.0915470000
1772701103.2713818550 -0.7486826684 -0.6629285497 -0.0000000000 -6.4838260000 0.6629285497 -0.7486826684 0.0000000000 0.1765070000 0.0000000000 -0.0000000000 1.0000000000 0.0915480000
1772701103.3712255955 -0.7513605194 -0.6598919381 -0.0000000000 -6.4835470000 0.6598919381 -0.7513605194 0.0000000000 0.1776980000 0.0000000000 -0.0000000000 1.0000000000 0.0920750000
1772701103.4710371494 -0.7475818244 -0.6641697192 -0.0000000000 -6.4843170000 0.6641697192 -0.7475818244 0.0000000000 0.1782160000 0.0000000000 -0.0000000000 1.0000000000 0.0919810000
1772701103.5708749294 -0.7473213927 -0.6644627424 -0.0000000000 -6.4840560000 0.6644627424 -0.7473213927 0.0000000000 0.1775750000 0.0000000000 -0.0000000000 1.0000000000 0.0912700000
1772701103.6709308624 -0.7500034457 -0.6614339207 -0.0000000000 -6.4850460000 0.6614339207 -0.7500034457 0.0000000000 0.1780940000 0.0000000000 -0.0000000000 1.0000000000 0.0916390000
1772701103.7709255219 -0.7532531495 -0.6577307145 -0.0000000000 -6.4867270000 0.6577307145 -0.7532531495 0.0000000000 0.1786260000 0.0000000000 -0.0000000000 1.0000000000 0.0923550000
1772701103.8710346222 -0.7495417678 -0.6619570517 -0.0000000000 -6.4878390000 0.6619570517 -0.7495417678 0.0000000000 0.1785200000 0.0000000000 -0.0000000000 1.0000000000 0.0932610000
1772701103.9710962772 -0.7534412533 -0.6575152301 -0.0000000000 -6.4885470000 0.6575152301 -0.7534412533 0.0000000000 0.1780310000 0.0000000000 -0.0000000000 1.0000000000 0.0924650000
1772701104.0712738037 -0.7487510509 -0.6628513134 -0.0000000000 -6.4880670000 0.6628513134 -0.7487510509 0.0000000000 0.1781130000 0.0000000000 -0.0000000000 1.0000000000 0.0921130000
1772701104.1714375019 -0.7497724657 -0.6616957380 -0.0000000000 -6.4868470000 0.6616957380 -0.7497724657 0.0000000000 0.1778390000 0.0000000000 -0.0000000000 1.0000000000 0.0918340000
1772701104.2714743614 -0.7467937480 -0.6650557104 -0.0000000000 -6.4860770000 0.6650557104 -0.7467937480 0.0000000000 0.1769140000 0.0000000000 -0.0000000000 1.0000000000 0.0920550000
1772701104.3714530468 -0.7518224751 -0.6593655784 -0.0000000000 -6.4865760000 0.6593655784 -0.7518224751 0.0000000000 0.1754240000 0.0000000000 -0.0000000000 1.0000000000 0.0916390000
1772701104.4713363647 -0.7434699471 -0.6687693457 -0.0000000000 -6.4880570000 0.6687693457 -0.7434699471 0.0000000000 0.1754100000 0.0000000000 -0.0000000000 1.0000000000 0.0920260000
1772701104.5712587833 -0.7435776019 -0.6686496466 -0.0000000000 -6.4884070000 0.6686496466 -0.7435776019 0.0000000000 0.1766290000 0.0000000000 -0.0000000000 1.0000000000 0.0921230000
1772701104.6712024212 -0.7434723688 -0.6687666535 -0.0000000000 -6.4874160000 0.6687666535 -0.7434723688 0.0000000000 0.1767880000 0.0000000000 -0.0000000000 1.0000000000 0.0915110000
1772701104.7711565495 -0.7430363044 -0.6692511115 -0.0000000000 -6.4860160000 0.6692511115 -0.7430363044 0.0000000000 0.1766520000 0.0000000000 -0.0000000000 1.0000000000 0.0916370000
1772701104.8711037636 -0.7467459982 -0.6651093250 -0.0000000000 -6.4849870000 0.6651093250 -0.7467459982 0.0000000000 0.1771860000 0.0000000000 -0.0000000000 1.0000000000 0.0919520000
1772701104.9711191654 -0.7472481027 -0.6645451626 -0.0000000000 -6.4850160000 0.6645451626 -0.7472481027 0.0000000000 0.1779450000 0.0000000000 -0.0000000000 1.0000000000 0.0916290000
1772701105.0711297989 -0.7502114646 -0.6611979721 -0.0000000000 -6.4853970000 0.6611979721 -0.7502114646 0.0000000000 0.1794310000 0.0000000000 -0.0000000000 1.0000000000 0.0919720000
1772701105.1711902618 -0.7547152656 -0.6560524886 -0.0000000000 -6.4858460000 0.6560524886 -0.7547152656 0.0000000000 0.1806950000 0.0000000000 -0.0000000000 1.0000000000 0.0913230000
1772701105.2712681293 -0.7446711972 -0.6674315007 -0.0000000000 -6.4858560000 0.6674315007 -0.7446711972 0.0000000000 0.1813230000 0.0000000000 -0.0000000000 1.0000000000 0.0908450000
1772701105.3713004589 -0.7511614545 -0.6601185267 -0.0000000000 -6.4857560000 0.6601185267 -0.7511614545 0.0000000000 0.1809120000 0.0000000000 -0.0000000000 1.0000000000 0.0912100000
1772701105.4713346958 -0.7527879703 -0.6582630719 -0.0000000000 -6.4856760000 0.6582630719 -0.7527879703 0.0000000000 0.1804660000 0.0000000000 -0.0000000000 1.0000000000 0.0909050000
1772701105.5713512897 -0.7504327226 -0.6609468427 -0.0000000000 -6.4855860000 0.6609468427 -0.7504327226 0.0000000000 0.1805150000 0.0000000000 -0.0000000000 1.0000000000 0.0906550000
1772701105.6713700294 -0.7569010229 -0.6535295261 -0.0000000000 -6.4860950000 0.6535295261 -0.7569010229 0.0000000000 0.1810470000 0.0000000000 -0.0000000000 1.0000000000 0.0904390000
1772701105.7713708878 -0.7533599241 -0.6576084129 -0.0000000000 -6.4868370000 0.6576084129 -0.7533599241 0.0000000000 0.1813570000 0.0000000000 -0.0000000000 1.0000000000 0.0916610000
1772701105.8713018894 -0.7567427728 -0.6537127625 -0.0000000000 -6.4871170000 0.6537127625 -0.7567427728 0.0000000000 0.1809580000 0.0000000000 -0.0000000000 1.0000000000 0.0915930000
1772701105.9712083340 -0.7477945620 -0.6639301869 -0.0000000000 -6.4867570000 0.6639301869 -0.7477945620 0.0000000000 0.1806620000 0.0000000000 -0.0000000000 1.0000000000 0.0917730000
1772701106.0711145401 -0.7541625528 -0.6566877827 -0.0000000000 -6.4859860000 0.6566877827 -0.7541625528 0.0000000000 0.1803460000 0.0000000000 -0.0000000000 1.0000000000 0.0911650000
1772701106.1710062027 -0.7454088171 -0.6666076022 -0.0000000000 -6.4851350000 0.6666076022 -0.7454088171 0.0000000000 0.1795400000 0.0000000000 -0.0000000000 1.0000000000 0.0902480000
1772701106.2709417343 -0.7468334178 -0.6650111623 -0.0000000000 -6.4857550000 0.6650111623 -0.7468334178 0.0000000000 0.1798790000 0.0000000000 -0.0000000000 1.0000000000 0.0903130000
1772701106.3709211349 -0.7520581101 -0.6590968055 -0.0000000000 -6.4855440000 0.6590968055 -0.7520581101 0.0000000000 0.1794490000 0.0000000000 -0.0000000000 1.0000000000 0.0897220000
1772701106.4708905220 -0.7501058054 -0.6613178364 -0.0000000000 -6.4850850000 0.6613178364 -0.7501058054 0.0000000000 0.1785170000 0.0000000000 -0.0000000000 1.0000000000 0.0903940000
1772701106.5708885193 -0.7540124549 -0.6568601205 -0.0000000000 -6.4842560000 0.6568601205 -0.7540124549 0.0000000000 0.1774670000 0.0000000000 -0.0000000000 1.0000000000 0.0914810000
1772701106.6709203720 -0.7551406113 -0.6555628552 -0.0000000000 -6.4840860000 0.6555628552 -0.7551406113 0.0000000000 0.1776310000 0.0000000000 -0.0000000000 1.0000000000 0.0911950000
1772701106.7709312439 -0.7547217701 -0.6560450058 -0.0000000000 -6.4852750000 0.6560450058 -0.7547217701 0.0000000000 0.1773210000 0.0000000000 -0.0000000000 1.0000000000 0.0909280000
1772701106.8710374832 -0.7487300934 -0.6628749861 -0.0000000000 -6.4856260000 0.6628749861 -0.7487300934 0.0000000000 0.1758920000 0.0000000000 -0.0000000000 1.0000000000 0.0912130000
1772701106.9711337090 -0.7550073568 -0.6557163191 -0.0000000000 -6.4862460000 0.6557163191 -0.7550073568 0.0000000000 0.1762280000 0.0000000000 -0.0000000000 1.0000000000 0.0912560000
1772701107.0712766647 -0.7538111686 -0.6570911063 -0.0000000000 -6.4872770000 0.6570911063 -0.7538111686 0.0000000000 0.1767150000 0.0000000000 -0.0000000000 1.0000000000 0.0919510000
1772701107.1713304520 -0.7499827017 -0.6614574417 -0.0000000000 -6.4882860000 0.6614574417 -0.7499827017 0.0000000000 0.1775470000 0.0000000000 -0.0000000000 1.0000000000 0.0913780000
1772701107.2713465691 -0.7547758367 -0.6559828019 -0.0000000000 -6.4891460000 0.6559828019 -0.7547758367 0.0000000000 0.1788680000 0.0000000000 -0.0000000000 1.0000000000 0.0908120000
1772701107.3713440895 -0.7581032355 -0.6521345600 -0.0000000000 -6.4894460000 0.6521345600 -0.7581032355 0.0000000000 0.1789980000 0.0000000000 -0.0000000000 1.0000000000 0.0910880000
1772701107.4712815285 -0.7515683499 -0.6596552247 -0.0000000000 -6.4898850000 0.6596552247 -0.7515683499 0.0000000000 0.1787480000 0.0000000000 -0.0000000000 1.0000000000 0.0907720000
1772701107.5711789131 -0.7507066153 -0.6606357375 -0.0000000000 -6.4893760000 0.6606357375 -0.7507066153 0.0000000000 0.1788490000 0.0000000000 -0.0000000000 1.0000000000 0.0910230000
1772701107.6711153984 -0.7494046419 -0.6621122886 -0.0000000000 -6.4879960000 0.6621122886 -0.7494046419 0.0000000000 0.1785920000 0.0000000000 -0.0000000000 1.0000000000 0.0908790000
1772701107.7711143494 -0.7536077178 -0.6573244310 -0.0000000000 -6.4879450000 0.6573244310 -0.7536077178 0.0000000000 0.1789750000 0.0000000000 -0.0000000000 1.0000000000 0.0906310000
1772701107.8711397648 -0.7534427877 -0.6575134718 -0.0000000000 -6.4880160000 0.6575134718 -0.7534427877 0.0000000000 0.1789920000 0.0000000000 -0.0000000000 1.0000000000 0.0908180000
1772701107.9711525440 -0.7540359096 -0.6568331957 -0.0000000000 -6.4885660000 0.6568331957 -0.7540359096 0.0000000000 0.1784840000 0.0000000000 -0.0000000000 1.0000000000 0.0913530000
1772701108.0711746216 -0.7494115953 -0.6621044184 -0.0000000000 -6.4884560000 0.6621044184 -0.7494115953 0.0000000000 0.1778430000 0.0000000000 -0.0000000000 1.0000000000 0.0915480000
1772701108.1712141037 -0.7492574751 -0.6622788204 -0.0000000000 -6.4876160000 0.6622788204 -0.7492574751 0.0000000000 0.1779350000 0.0000000000 -0.0000000000 1.0000000000 0.0916950000
1772701108.2712531090 -0.7497608505 -0.6617088990 -0.0000000000 -6.4869660000 0.6617088990 -0.7497608505 0.0000000000 0.1787800000 0.0000000000 -0.0000000000 1.0000000000 0.0913590000
1772701108.3712425232 -0.7509037190 -0.6604116935 -0.0000000000 -6.4861960000 0.6604116935 -0.7509037190 0.0000000000 0.1790270000 0.0000000000 -0.0000000000 1.0000000000 0.0912380000
1772701108.4712529182 -0.7463862192 -0.6655130440 -0.0000000000 -6.4863360000 0.6655130440 -0.7463862192 0.0000000000 0.1792130000 0.0000000000 -0.0000000000 1.0000000000 0.0909250000
1772701108.5712852478 -0.7499025760 -0.6615482798 -0.0000000000 -6.4865860000 0.6615482798 -0.7499025760 0.0000000000 0.1797680000 0.0000000000 -0.0000000000 1.0000000000 0.0909140000
1772701108.6713199615 -0.7501316200 -0.6612885547 -0.0000000000 -6.4861360000 0.6612885547 -0.7501316200 0.0000000000 0.1799650000 0.0000000000 -0.0000000000 1.0000000000 0.0912080000
1772701108.7713499069 -0.7490757409 -0.6624843654 -0.0000000000 -6.4879570000 0.6624843654 -0.7490757409 0.0000000000 0.1807860000 0.0000000000 -0.0000000000 1.0000000000 0.0916610000
1772701108.8713448048 -0.7497821778 -0.6616847330 -0.0000000000 -6.4892470000 0.6616847330 -0.7497821778 0.0000000000 0.1813410000 0.0000000000 -0.0000000000 1.0000000000 0.0919560000
1772701108.9713697433 -0.7497290423 -0.6617449381 -0.0000000000 -6.4900770000 0.6617449381 -0.7497290423 0.0000000000 0.1815990000 0.0000000000 -0.0000000000 1.0000000000 0.0913450000
1772701109.0714120865 -0.7431670543 -0.6691059180 -0.0000000000 -6.4892550000 0.6691059180 -0.7431670543 0.0000000000 0.1818000000 0.0000000000 -0.0000000000 1.0000000000 0.0902640000
1772701109.1714620590 -0.7413821990 -0.6710830314 -0.0000000000 -6.4896150000 0.6710830314 -0.7413821990 0.0000000000 0.1810780000 0.0000000000 -0.0000000000 1.0000000000 0.0903700000
1772701109.2715294361 -0.7384507621 -0.6743074017 -0.0000000000 -6.4902460000 0.6743074017 -0.7384507621 0.0000000000 0.1805400000 0.0000000000 -0.0000000000 1.0000000000 0.0908620000
1772701109.3715710640 -0.7440153622 -0.6681625108 -0.0000000000 -6.4898760000 0.6681625108 -0.7440153622 0.0000000000 0.1798250000 0.0000000000 -0.0000000000 1.0000000000 0.0912260000
1772701109.4716291428 -0.7439324824 -0.6682547879 -0.0000000000 -6.4889970000 0.6682547879 -0.7439324824 0.0000000000 0.1791040000 0.0000000000 -0.0000000000 1.0000000000 0.0920700000
1772701109.5717563629 -0.7439432589 -0.6682427909 -0.0000000000 -6.4878970000 0.6682427909 -0.7439432589 0.0000000000 0.1782380000 0.0000000000 -0.0000000000 1.0000000000 0.0923490000
1772701109.6720192432 -0.7457123604 -0.6662680208 -0.0000000000 -6.4882270000 0.6662680208 -0.7457123604 0.0000000000 0.1779790000 0.0000000000 -0.0000000000 1.0000000000 0.0921210000
1772701109.7721617222 -0.7464413564 -0.6654512014 -0.0000000000 -6.4882260000 0.6654512014 -0.7464413564 0.0000000000 0.1771320000 0.0000000000 -0.0000000000 1.0000000000 0.0911640000
1772701109.8722357750 -0.7455275416 -0.6664748192 -0.0000000000 -6.4875760000 0.6664748192 -0.7455275416 0.0000000000 0.1765330000 0.0000000000 -0.0000000000 1.0000000000 0.0914670000
1772701109.9722678661 -0.7397458789 -0.6728863460 -0.0000000000 -6.4866660000 0.6728863460 -0.7397458789 0.0000000000 0.1758180000 0.0000000000 -0.0000000000 1.0000000000 0.0915840000
1772701110.0722532272 -0.7425748410 -0.6697630965 -0.0000000000 -6.4867070000 0.6697630965 -0.7425748410 0.0000000000 0.1765880000 0.0000000000 -0.0000000000 1.0000000000 0.0923600000
1772701110.1723198891 -0.7425067256 -0.6698386093 -0.0000000000 -6.4862070000 0.6698386093 -0.7425067256 0.0000000000 0.1774810000 0.0000000000 -0.0000000000 1.0000000000 0.0924640000
1772701110.2722692490 -0.7483394279 -0.6633159885 -0.0000000000 -6.4852480000 0.6633159885 -0.7483394279 0.0000000000 0.1776390000 0.0000000000 -0.0000000000 1.0000000000 0.0926090000
1772701110.3721280098 -0.7415581444 -0.6708886036 -0.0000000000 -6.4846570000 0.6708886036 -0.7415581444 0.0000000000 0.1776670000 0.0000000000 -0.0000000000 1.0000000000 0.0921710000
1772701110.4719753265 -0.7486479429 -0.6629677651 -0.0000000000 -6.4851270000 0.6629677651 -0.7486479429 0.0000000000 0.1774660000 0.0000000000 -0.0000000000 1.0000000000 0.0921230000
1772701110.5716927052 -0.7471413498 -0.6646651814 -0.0000000000 -6.4849960000 0.6646651814 -0.7471413498 0.0000000000 0.1774440000 0.0000000000 -0.0000000000 1.0000000000 0.0916550000
1772701110.6715588570 -0.7515279908 -0.6597012044 -0.0000000000 -6.4858460000 0.6597012044 -0.7515279908 0.0000000000 0.1781870000 0.0000000000 -0.0000000000 1.0000000000 0.0913710000
1772701110.6982185841 -0.7522129091 -0.6589201313 -0.0000000000 -6.4869160000 0.6589201313 -0.7522129091 0.0000000000 0.1788000000 0.0000000000 -0.0000000000 1.0000000000 0.0914300000
1772701110.8714265823 -0.7587700064 -0.6513586396 -0.0000000000 -6.4875170000 0.6513586396 -0.7587700064 0.0000000000 0.1780520000 0.0000000000 -0.0000000000 1.0000000000 0.0919670000
1772701110.9713764191 -0.7479831484 -0.6637177184 -0.0000000000 -6.4878060000 0.6637177184 -0.7479831484 0.0000000000 0.1769820000 0.0000000000 -0.0000000000 1.0000000000 0.0917910000
1772701111.0714230537 -0.7508666850 -0.6604537996 -0.0000000000 -6.4881860000 0.6604537996 -0.7508666850 0.0000000000 0.1766330000 0.0000000000 -0.0000000000 1.0000000000 0.0912820000
1772701111.1715784073 -0.7457196186 -0.6662598971 -0.0000000000 -6.4890460000 0.6662598971 -0.7457196186 0.0000000000 0.1775020000 0.0000000000 -0.0000000000 1.0000000000 0.0914870000
1772701111.2716391087 -0.7434326538 -0.6688108023 -0.0000000000 -6.4892160000 0.6688108023 -0.7434326538 0.0000000000 0.1782450000 0.0000000000 -0.0000000000 1.0000000000 0.0910580000
1772701111.3715858459 -0.7419291318 -0.6704783094 -0.0000000000 -6.4891660000 0.6704783094 -0.7419291318 0.0000000000 0.1785150000 0.0000000000 -0.0000000000 1.0000000000 0.0913050000
1772701111.4715886116 -0.7443119940 -0.6678320564 -0.0000000000 -6.4893060000 0.6678320564 -0.7443119940 0.0000000000 0.1784410000 0.0000000000 -0.0000000000 1.0000000000 0.0913560000
1772701111.5715343952 -0.7433005875 -0.6689575746 -0.0000000000 -6.4892360000 0.6689575746 -0.7433005875 0.0000000000 0.1782470000 0.0000000000 -0.0000000000 1.0000000000 0.0910850000
1772701111.6714775562 -0.7460616204 -0.6658769095 -0.0000000000 -6.4882170000 0.6658769095 -0.7460616204 0.0000000000 0.1781380000 0.0000000000 -0.0000000000 1.0000000000 0.0919800000
1772701111.7714974880 -0.7415641098 -0.6708820098 -0.0000000000 -6.4871960000 0.6708820098 -0.7415641098 0.0000000000 0.1780760000 0.0000000000 -0.0000000000 1.0000000000 0.0911960000
1772701111.8714907169 -0.7478348048 -0.6638848580 -0.0000000000 -6.4868280000 0.6638848580 -0.7478348048 0.0000000000 0.1795420000 0.0000000000 -0.0000000000 1.0000000000 0.0924550000
1772701111.9714155197 -0.7468416278 -0.6650019421 -0.0000000000 -6.4860280000 0.6650019421 -0.7468416278 0.0000000000 0.1802940000 0.0000000000 -0.0000000000 1.0000000000 0.0923880000
1772701112.0712935925 -0.7463604159 -0.6655419818 -0.0000000000 -6.4852880000 0.6655419818 -0.7463604159 0.0000000000 0.1799640000 0.0000000000 -0.0000000000 1.0000000000 0.0927910000
1772701112.1712088585 -0.7448130689 -0.6672731768 -0.0000000000 -6.4856170000 0.6672731768 -0.7448130689 0.0000000000 0.1792440000 0.0000000000 -0.0000000000 1.0000000000 0.0917870000
1772701112.2712159157 -0.7476272544 -0.6641185802 -0.0000000000 -6.4873960000 0.6641185802 -0.7476272544 0.0000000000 0.1795670000 0.0000000000 -0.0000000000 1.0000000000 0.0914680000
1772701112.3711748123 -0.7384119238 -0.6743499320 -0.0000000000 -6.4881260000 0.6743499320 -0.7384119238 0.0000000000 0.1797100000 0.0000000000 -0.0000000000 1.0000000000 0.0908170000
1772701112.4712343216 -0.7436184903 -0.6686041736 -0.0000000000 -6.4888960000 0.6686041736 -0.7436184903 0.0000000000 0.1790730000 0.0000000000 -0.0000000000 1.0000000000 0.0910810000
1772701112.5713634491 -0.7407210223 -0.6718127471 -0.0000000000 -6.4894170000 0.6718127471 -0.7407210223 0.0000000000 0.1781720000 0.0000000000 -0.0000000000 1.0000000000 0.0920260000
1772701112.6714797020 -0.7392499904 -0.6734311039 -0.0000000000 -6.4887970000 0.6734311039 -0.7392499904 0.0000000000 0.1784060000 0.0000000000 -0.0000000000 1.0000000000 0.0920260000
1772701112.7715907097 -0.7436565932 -0.6685617933 -0.0000000000 -6.4880660000 0.6685617933 -0.7436565932 0.0000000000 0.1792790000 0.0000000000 -0.0000000000 1.0000000000 0.0912080000
1772701112.8716373444 -0.7448975262 -0.6671788931 -0.0000000000 -6.4874660000 0.6671788931 -0.7448975262 0.0000000000 0.1795910000 0.0000000000 -0.0000000000 1.0000000000 0.0907600000
1772701112.9716379642 -0.7437169929 -0.6684946031 -0.0000000000 -6.4871770000 0.6684946031 -0.7437169929 0.0000000000 0.1795490000 0.0000000000 -0.0000000000 1.0000000000 0.0916400000
1772701113.0716273785 -0.7454042407 -0.6666127196 -0.0000000000 -6.4877060000 0.6666127196 -0.7454042407 0.0000000000 0.1799610000 0.0000000000 -0.0000000000 1.0000000000 0.0912420000
1772701113.1715073586 -0.7488770554 -0.6627089527 -0.0000000000 -6.4882570000 0.6627089527 -0.7488770554 0.0000000000 0.1798300000 0.0000000000 -0.0000000000 1.0000000000 0.0920180000
1772701113.2713763714 -0.7497649095 -0.6617042999 -0.0000000000 -6.4884470000 0.6617042999 -0.7497649095 0.0000000000 0.1792640000 0.0000000000 -0.0000000000 1.0000000000 0.0919590000
1772701113.3712370396 -0.7453542228 -0.6666686453 -0.0000000000 -6.4885570000 0.6666686453 -0.7453542228 0.0000000000 0.1791770000 0.0000000000 -0.0000000000 1.0000000000 0.0916490000
1772701113.4711318016 -0.7428929683 -0.6694102162 -0.0000000000 -6.4882150000 0.6694102162 -0.7428929683 0.0000000000 0.1785750000 0.0000000000 -0.0000000000 1.0000000000 0.0907740000
1772701113.5711181164 -0.7495928940 -0.6618991565 -0.0000000000 -6.4886170000 0.6618991565 -0.7495928940 0.0000000000 0.1788130000 0.0000000000 -0.0000000000 1.0000000000 0.0916010000
1772701113.6711311340 -0.7491956460 -0.6623487631 -0.0000000000 -6.4922570000 0.6623487631 -0.7491956460 0.0000000000 0.1804880000 0.0000000000 -0.0000000000 1.0000000000 0.0921360000
1772701113.7711896896 -0.7551857372 -0.6555108713 -0.0000000000 -6.4981600000 0.6555108713 -0.7551857372 0.0000000000 0.1823000000 0.0000000000 -0.0000000000 1.0000000000 0.0936730000
1772701113.8711304665 -0.7582979161 -0.6519081764 -0.0000000000 -6.4917690000 0.6519081764 -0.7582979161 0.0000000000 0.1838670000 0.0000000000 -0.0000000000 1.0000000000 0.0927220000
1772701113.9710545540 -0.7286971037 -0.6848361345 -0.0000000000 -6.4985210000 0.6848361345 -0.7286971037 0.0000000000 0.1823160000 0.0000000000 -0.0000000000 1.0000000000 0.0951420000
1772701114.0710082054 -0.7317072903 -0.6816189855 -0.0000000000 -6.5024470000 0.6816189855 -0.7317072903 0.0000000000 0.1814540000 0.0000000000 -0.0000000000 1.0000000000 0.0916670000
1772701114.1709053516 -0.7437700555 -0.6684355650 -0.0000000000 -6.5034270000 0.6684355650 -0.7437700555 0.0000000000 0.1805140000 0.0000000000 -0.0000000000 1.0000000000 0.0915910000
1772701114.2709805965 -0.7373793505 -0.6754788623 -0.0000000000 -6.5051370000 0.6754788623 -0.7373793505 0.0000000000 0.1795710000 0.0000000000 -0.0000000000 1.0000000000 0.0914990000
1772701114.3709838390 -0.7394996162 -0.6731569785 -0.0000000000 -6.5080160000 0.6731569785 -0.7394996162 0.0000000000 0.1791280000 0.0000000000 -0.0000000000 1.0000000000 0.0910030000
1772701114.4710295200 -0.7362222340 -0.6767398483 -0.0000000000 -6.5089960000 0.6767398483 -0.7362222340 0.0000000000 0.1789060000 0.0000000000 -0.0000000000 1.0000000000 0.0913050000
1772701114.5709450245 -0.7403543383 -0.6722168205 -0.0000000000 -6.5087950000 0.6722168205 -0.7403543383 0.0000000000 0.1775880000 0.0000000000 -0.0000000000 1.0000000000 0.0907910000
1772701114.6709029675 -0.7404108308 -0.6721545965 -0.0000000000 -6.5094650000 0.6721545965 -0.7404108308 0.0000000000 0.1770400000 0.0000000000 -0.0000000000 1.0000000000 0.0906570000
1772701114.7707982063 -0.7361608936 -0.6768065741 -0.0000000000 -6.5091860000 0.6768065741 -0.7361608936 0.0000000000 0.1774930000 0.0000000000 -0.0000000000 1.0000000000 0.0916220000
1772701114.8706822395 -0.7341166346 -0.6790233919 -0.0000000000 -6.5089250000 0.6790233919 -0.7341166346 0.0000000000 0.1782810000 0.0000000000 -0.0000000000 1.0000000000 0.0904300000
1772701114.9707138538 -0.7313571989 -0.6819946097 -0.0000000000 -6.5093260000 0.6819946097 -0.7313571989 0.0000000000 0.1788830000 0.0000000000 -0.0000000000 1.0000000000 0.0910930000
1772701115.0707826614 -0.7341962533 -0.6789373032 -0.0000000000 -6.5096650000 0.6789373032 -0.7341962533 0.0000000000 0.1796540000 0.0000000000 -0.0000000000 1.0000000000 0.0905230000
1772701115.1708607674 -0.7333543532 -0.6798465950 -0.0000000000 -6.5097560000 0.6798465950 -0.7333543532 0.0000000000 0.1809570000 0.0000000000 -0.0000000000 1.0000000000 0.0906660000
1772701115.2709903717 -0.7394755972 -0.6731833637 -0.0000000000 -6.5094250000 0.6731833637 -0.7394755972 0.0000000000 0.1815380000 0.0000000000 -0.0000000000 1.0000000000 0.0902830000
1772701115.3709819317 -0.7373381273 -0.6755238605 -0.0000000000 -6.5086560000 0.6755238605 -0.7373381273 0.0000000000 0.1816780000 0.0000000000 -0.0000000000 1.0000000000 0.0910930000
1772701115.4709439278 -0.7396441321 -0.6729981856 -0.0000000000 -6.5086860000 0.6729981856 -0.7396441321 0.0000000000 0.1804160000 0.0000000000 -0.0000000000 1.0000000000 0.0909940000
1772701115.5709643364 -0.7363164188 -0.6766373707 -0.0000000000 -6.5099770000 0.6766373707 -0.7363164188 0.0000000000 0.1794600000 0.0000000000 -0.0000000000 1.0000000000 0.0918800000
1772701115.6710999012 -0.7390657869 -0.6736332553 -0.0000000000 -6.5120760000 0.6736332553 -0.7390657869 0.0000000000 0.1798490000 0.0000000000 -0.0000000000 1.0000000000 0.0913540000
1772701115.7712187767 -0.7404308129 -0.6721325846 -0.0000000000 -6.5135950000 0.6721325846 -0.7404308129 0.0000000000 0.1803150000 0.0000000000 -0.0000000000 1.0000000000 0.0905430000
1772701115.8713223934 -0.7420015195 -0.6703981988 -0.0000000000 -6.5130750000 0.6703981988 -0.7420015195 0.0000000000 0.1801030000 0.0000000000 -0.0000000000 1.0000000000 0.0901940000
1772701115.9713490009 -0.7369151092 -0.6759852971 -0.0000000000 -6.5121740000 0.6759852971 -0.7369151092 0.0000000000 0.1791130000 0.0000000000 -0.0000000000 1.0000000000 0.0898790000
1772701116.0712909698 -0.7410755782 -0.6714216167 -0.0000000000 -6.5111850000 0.6714216167 -0.7410755782 0.0000000000 0.1784910000 0.0000000000 -0.0000000000 1.0000000000 0.0904270000
1772701116.1711180210 -0.7428135517 -0.6694983401 -0.0000000000 -6.5111750000 0.6694983401 -0.7428135517 0.0000000000 0.1779380000 0.0000000000 -0.0000000000 1.0000000000 0.0907590000
1772701116.2711312771 -0.7428008562 -0.6695124256 -0.0000000000 -6.5117350000 0.6695124256 -0.7428008562 0.0000000000 0.1769940000 0.0000000000 -0.0000000000 1.0000000000 0.0906550000
1772701116.3712821007 -0.7410332137 -0.6714683732 -0.0000000000 -6.5113250000 0.6714683732 -0.7410332137 0.0000000000 0.1766100000 0.0000000000 -0.0000000000 1.0000000000 0.0904460000
1772701116.4713957310 -0.7394593457 -0.6732012151 -0.0000000000 -6.5106150000 0.6732012151 -0.7394593457 0.0000000000 0.1770170000 0.0000000000 -0.0000000000 1.0000000000 0.0907000000
1772701116.5714948177 -0.7299922182 -0.6834554567 -0.0000000000 -6.5099850000 0.6834554567 -0.7299922182 0.0000000000 0.1778190000 0.0000000000 -0.0000000000 1.0000000000 0.0903490000
1772701116.6716022491 -0.7320782185 -0.6812205824 -0.0000000000 -6.5095560000 0.6812205824 -0.7320782185 0.0000000000 0.1792610000 0.0000000000 -0.0000000000 1.0000000000 0.0911900000
1772701116.7716104984 -0.7306794683 -0.6827206710 -0.0000000000 -6.5095260000 0.6827206710 -0.7306794683 0.0000000000 0.1803380000 0.0000000000 -0.0000000000 1.0000000000 0.0909950000
1772701116.8716197014 -0.7356949527 -0.6773130270 -0.0000000000 -6.5101260000 0.6773130270 -0.7356949527 0.0000000000 0.1804710000 0.0000000000 -0.0000000000 1.0000000000 0.0906750000
1772701116.9715952873 -0.7299117878 -0.6835413535 -0.0000000000 -6.5099440000 0.6835413535 -0.7299117878 0.0000000000 0.1790220000 0.0000000000 -0.0000000000 1.0000000000 0.0898540000
1772701117.0717561245 -0.7308923114 -0.6824928051 -0.0000000000 -6.5088550000 0.6824928051 -0.7308923114 0.0000000000 0.1786990000 0.0000000000 -0.0000000000 1.0000000000 0.0906300000
1772701117.1718587875 -0.7365204008 -0.6764153304 -0.0000000000 -6.5085460000 0.6764153304 -0.7365204008 0.0000000000 0.1793220000 0.0000000000 -0.0000000000 1.0000000000 0.0911950000
1772701117.2718400955 -0.7397194265 -0.6729154256 -0.0000000000 -6.5078560000 0.6729154256 -0.7397194265 0.0000000000 0.1786890000 0.0000000000 -0.0000000000 1.0000000000 0.0912080000
1772701117.3718025684 -0.7426005736 -0.6697345654 -0.0000000000 -6.5074370000 0.6697345654 -0.7426005736 0.0000000000 0.1785880000 0.0000000000 -0.0000000000 1.0000000000 0.0917130000
1772701117.4717147350 -0.7322991998 -0.6809830262 -0.0000000000 -6.5083750000 0.6809830262 -0.7322991998 0.0000000000 0.1796850000 0.0000000000 -0.0000000000 1.0000000000 0.0906560000
1772701117.5717256069 -0.7328502298 -0.6803899917 -0.0000000000 -6.5083860000 0.6803899917 -0.7328502298 0.0000000000 0.1792200000 0.0000000000 -0.0000000000 1.0000000000 0.0912060000
1772701117.6717433929 -0.7424841547 -0.6698636279 -0.0000000000 -6.5081650000 0.6698636279 -0.7424841547 0.0000000000 0.1777410000 0.0000000000 -0.0000000000 1.0000000000 0.0905520000
1772701117.7718770504 -0.7449015031 -0.6671744530 -0.0000000000 -6.5085040000 0.6671744530 -0.7449015031 0.0000000000 0.1768580000 0.0000000000 -0.0000000000 1.0000000000 0.0899370000
1772701117.8718850613 -0.7414760792 -0.6709793022 -0.0000000000 -6.5087040000 0.6709793022 -0.7414760792 0.0000000000 0.1759220000 0.0000000000 -0.0000000000 1.0000000000 0.0902520000
1772701117.9720065594 -0.7395942305 -0.6730530248 -0.0000000000 -6.5093850000 0.6730530248 -0.7395942305 0.0000000000 0.1757990000 0.0000000000 -0.0000000000 1.0000000000 0.0905360000
1772701118.0720820427 -0.7447603263 -0.6673320436 -0.0000000000 -6.5106660000 0.6673320436 -0.7447603263 0.0000000000 0.1767740000 0.0000000000 -0.0000000000 1.0000000000 0.0910150000
1772701118.1719992161 -0.7482155000 -0.6634557751 -0.0000000000 -6.5105760000 0.6634557751 -0.7482155000 0.0000000000 0.1772730000 0.0000000000 -0.0000000000 1.0000000000 0.0913250000
1772701118.2720043659 -0.7473533379 -0.6644268119 -0.0000000000 -6.5108660000 0.6644268119 -0.7473533379 0.0000000000 0.1773360000 0.0000000000 -0.0000000000 1.0000000000 0.0912090000
1772701118.3718798161 -0.7410855258 -0.6714106369 -0.0000000000 -6.5112950000 0.6714106369 -0.7410855258 0.0000000000 0.1778970000 0.0000000000 -0.0000000000 1.0000000000 0.0905260000
1772701118.4718148708 -0.7451027853 -0.6669496527 -0.0000000000 -6.5112140000 0.6669496527 -0.7451027853 0.0000000000 0.1781520000 0.0000000000 -0.0000000000 1.0000000000 0.0897050000
1772701118.5717394352 -0.7416297166 -0.6708094838 -0.0000000000 -6.5101750000 0.6708094838 -0.7416297166 0.0000000000 0.1783440000 0.0000000000 -0.0000000000 1.0000000000 0.0901580000
1772701118.6717021465 -0.7447954379 -0.6672928560 -0.0000000000 -6.5082250000 0.6672928560 -0.7447954379 0.0000000000 0.1781840000 0.0000000000 -0.0000000000 1.0000000000 0.0904120000
1772701118.7716364861 -0.7366782458 -0.6762434193 -0.0000000000 -6.5071650000 0.6762434193 -0.7366782458 0.0000000000 0.1785290000 0.0000000000 -0.0000000000 1.0000000000 0.0902470000
1772701118.8716123104 -0.7445548938 -0.6675612407 -0.0000000000 -6.5074650000 0.6675612407 -0.7445548938 0.0000000000 0.1809200000 0.0000000000 -0.0000000000 1.0000000000 0.0899230000
1772701118.9715180397 -0.7427047901 -0.6696189922 -0.0000000000 -6.5079150000 0.6696189922 -0.7427047901 0.0000000000 0.1813550000 0.0000000000 -0.0000000000 1.0000000000 0.0902210000
1772701119.0713636875 -0.7410427628 -0.6714578346 -0.0000000000 -6.5083460000 0.6714578346 -0.7410427628 0.0000000000 0.1806100000 0.0000000000 -0.0000000000 1.0000000000 0.0910430000
1772701119.1714680195 -0.7429757700 -0.6693183139 -0.0000000000 -6.5084770000 0.6693183139 -0.7429757700 0.0000000000 0.1797710000 0.0000000000 -0.0000000000 1.0000000000 0.0914600000
1772701119.2711200714 -0.7363001788 -0.6766550426 -0.0000000000 -6.5087670000 0.6766550426 -0.7363001788 0.0000000000 0.1796760000 0.0000000000 -0.0000000000 1.0000000000 0.0916910000
1772701119.3711719513 -0.7344041461 -0.6787124209 -0.0000000000 -6.5095260000 0.6787124209 -0.7344041461 0.0000000000 0.1801370000 0.0000000000 -0.0000000000 1.0000000000 0.0907790000
1772701119.4712839127 -0.7377272511 -0.6750988838 -0.0000000000 -6.5102570000 0.6750988838 -0.7377272511 0.0000000000 0.1803460000 0.0000000000 -0.0000000000 1.0000000000 0.0918120000
1772701119.5714912415 -0.7388938229 -0.6738218745 -0.0000000000 -6.5104270000 0.6738218745 -0.7388938229 0.0000000000 0.1804410000 0.0000000000 -0.0000000000 1.0000000000 0.0916810000
1772701119.6716592312 -0.7421101275 -0.6702779712 -0.0000000000 -6.5103960000 0.6702779712 -0.7421101275 0.0000000000 0.1801690000 0.0000000000 -0.0000000000 1.0000000000 0.0906260000
1772701119.7716422081 -0.7361055911 -0.6768667216 -0.0000000000 -6.5110150000 0.6768667216 -0.7361055911 0.0000000000 0.1804110000 0.0000000000 -0.0000000000 1.0000000000 0.0903560000
1772701119.8717596531 -0.7390473456 -0.6736534873 -0.0000000000 -6.5121350000 0.6736534873 -0.7390473456 0.0000000000 0.1805280000 0.0000000000 -0.0000000000 1.0000000000 0.0904610000
1772701119.9719047546 -0.7368322274 -0.6760756383 -0.0000000000 -6.5128660000 0.6760756383 -0.7368322274 0.0000000000 0.1799190000 0.0000000000 -0.0000000000 1.0000000000 0.0911990000
1772701120.0718891621 -0.7442812090 -0.6678663653 -0.0000000000 -6.5121560000 0.6678663653 -0.7442812090 0.0000000000 0.1788490000 0.0000000000 -0.0000000000 1.0000000000 0.0914680000
1772701120.1717166901 -0.7330231693 -0.6802036704 -0.0000000000 -6.5112870000 0.6802036704 -0.7330231693 0.0000000000 0.1797920000 0.0000000000 -0.0000000000 1.0000000000 0.0920380000
1772701120.2715752125 -0.7439366583 -0.6682501391 -0.0000000000 -6.5111460000 0.6682501391 -0.7439366583 0.0000000000 0.1806310000 0.0000000000 -0.0000000000 1.0000000000 0.0912080000
1772701120.3714070320 -0.7409371205 -0.6715744065 -0.0000000000 -6.5120160000 0.6715744065 -0.7409371205 0.0000000000 0.1816760000 0.0000000000 -0.0000000000 1.0000000000 0.0912040000
1772701120.4713041782 -0.7500420730 -0.6613901184 -0.0000000000 -6.5123460000 0.6613901184 -0.7500420730 0.0000000000 0.1817080000 0.0000000000 -0.0000000000 1.0000000000 0.0907230000
1772701120.5712563992 -0.7475828436 -0.6641685720 -0.0000000000 -6.5126060000 0.6641685720 -0.7475828436 0.0000000000 0.1817090000 0.0000000000 -0.0000000000 1.0000000000 0.0904950000
1772701120.6712348461 -0.7509110126 -0.6604034004 -0.0000000000 -6.5128770000 0.6604034004 -0.7509110126 0.0000000000 0.1818960000 0.0000000000 -0.0000000000 1.0000000000 0.0915690000
1772701120.7711558342 -0.7475070092 -0.6642539208 -0.0000000000 -6.5120070000 0.6642539208 -0.7475070092 0.0000000000 0.1821360000 0.0000000000 -0.0000000000 1.0000000000 0.0916030000
1772701120.8710732460 -0.7478587054 -0.6638579341 -0.0000000000 -6.5117270000 0.6638579341 -0.7478587054 0.0000000000 0.1830330000 0.0000000000 -0.0000000000 1.0000000000 0.0912970000
1772701120.9709773064 -0.7500614066 -0.6613681927 -0.0000000000 -6.5123670000 0.6613681927 -0.7500614066 0.0000000000 0.1828780000 0.0000000000 -0.0000000000 1.0000000000 0.0913520000
1772701121.0709774494 -0.7446535239 -0.6674512187 -0.0000000000 -6.5121970000 0.6674512187 -0.7446535239 0.0000000000 0.1819040000 0.0000000000 -0.0000000000 1.0000000000 0.0911960000
1772701121.1709206104 -0.7446518887 -0.6674530431 -0.0000000000 -6.5121070000 0.6674530431 -0.7446518887 0.0000000000 0.1816050000 0.0000000000 -0.0000000000 1.0000000000 0.0916660000
1772701121.2708756924 -0.7403895131 -0.6721780782 -0.0000000000 -6.5117260000 0.6721780782 -0.7403895131 0.0000000000 0.1812050000 0.0000000000 -0.0000000000 1.0000000000 0.0910960000
1772701121.3708612919 -0.7439753136 -0.6682071031 -0.0000000000 -6.5110250000 0.6682071031 -0.7439753136 0.0000000000 0.1819840000 0.0000000000 -0.0000000000 1.0000000000 0.0903530000
1772701121.4709479809 -0.7469753606 -0.6648517208 -0.0000000000 -6.5102960000 0.6648517208 -0.7469753606 0.0000000000 0.1822350000 0.0000000000 -0.0000000000 1.0000000000 0.0905860000
1772701121.5711159706 -0.7454828780 -0.6665247771 -0.0000000000 -6.5101660000 0.6665247771 -0.7454828780 0.0000000000 0.1807460000 0.0000000000 -0.0000000000 1.0000000000 0.0909050000
1772701121.6711919308 -0.7433760570 -0.6688737084 -0.0000000000 -6.5097860000 0.6688737084 -0.7433760570 0.0000000000 0.1803250000 0.0000000000 -0.0000000000 1.0000000000 0.0909430000
1772701121.7711575031 -0.7427758448 -0.6695401738 -0.0000000000 -6.5101870000 0.6695401738 -0.7427758448 0.0000000000 0.1810430000 0.0000000000 -0.0000000000 1.0000000000 0.0918010000
1772701121.8710281849 -0.7490192116 -0.6625482780 -0.0000000000 -6.5109460000 0.6625482780 -0.7490192116 0.0000000000 0.1801620000 0.0000000000 -0.0000000000 1.0000000000 0.0914070000
1772701121.9709358215 -0.7492708353 -0.6622637053 -0.0000000000 -6.5114080000 0.6622637053 -0.7492708353 0.0000000000 0.1791930000 0.0000000000 -0.0000000000 1.0000000000 0.0925040000
1772701122.0708951950 -0.7463802493 -0.6655197394 -0.0000000000 -6.5113670000 0.6655197394 -0.7463802493 0.0000000000 0.1788500000 0.0000000000 -0.0000000000 1.0000000000 0.0917480000
1772701122.1709630489 -0.7539405838 -0.6569426124 -0.0000000000 -6.5111070000 0.6569426124 -0.7539405838 0.0000000000 0.1792350000 0.0000000000 -0.0000000000 1.0000000000 0.0915770000
1772701122.2709515095 -0.7518362846 -0.6593498321 -0.0000000000 -6.5111380000 0.6593498321 -0.7518362846 0.0000000000 0.1792000000 0.0000000000 -0.0000000000 1.0000000000 0.0924730000
1772701122.3708727360 -0.7503016889 -0.6610955873 -0.0000000000 -6.5126470000 0.6610955873 -0.7503016889 0.0000000000 0.1788730000 0.0000000000 -0.0000000000 1.0000000000 0.0921470000
1772701122.4709835052 -0.7472276110 -0.6645682037 -0.0000000000 -6.5129570000 0.6645682037 -0.7472276110 0.0000000000 0.1785290000 0.0000000000 -0.0000000000 1.0000000000 0.0922910000
1772701122.5710754395 -0.7460214677 -0.6659218946 -0.0000000000 -6.5114070000 0.6659218946 -0.7460214677 0.0000000000 0.1779980000 0.0000000000 -0.0000000000 1.0000000000 0.0917560000
1772701122.6712923050 -0.7446365225 -0.6674701862 -0.0000000000 -6.5109170000 0.6674701862 -0.7446365225 0.0000000000 0.1785450000 0.0000000000 -0.0000000000 1.0000000000 0.0916880000
1772701122.7714343071 -0.7519709653 -0.6591962283 -0.0000000000 -6.5114670000 0.6591962283 -0.7519709653 0.0000000000 0.1799180000 0.0000000000 -0.0000000000 1.0000000000 0.0915620000
1772701122.8714504242 -0.7506352510 -0.6607168228 -0.0000000000 -6.5114770000 0.6607168228 -0.7506352510 0.0000000000 0.1807250000 0.0000000000 -0.0000000000 1.0000000000 0.0916900000
1772701122.9071536064 -0.7445998295 -0.6675111190 -0.0000000000 -6.5106360000 0.6675111190 -0.7445998295 0.0000000000 0.1803160000 0.0000000000 -0.0000000000 1.0000000000 0.0908150000
1772701123.0714931488 -0.7443601790 -0.6677783494 -0.0000000000 -6.5102250000 0.6677783494 -0.7443601790 0.0000000000 0.1789850000 0.0000000000 -0.0000000000 1.0000000000 0.0907160000
1772701123.1716406345 -0.7468978791 -0.6649387627 -0.0000000000 -6.5099050000 0.6649387627 -0.7468978791 0.0000000000 0.1780370000 0.0000000000 -0.0000000000 1.0000000000 0.0906260000
1772701123.2717251778 -0.7449401489 -0.6671313023 -0.0000000000 -6.5097450000 0.6671313023 -0.7449401489 0.0000000000 0.1782090000 0.0000000000 -0.0000000000 1.0000000000 0.0907820000
1772701123.3715479374 -0.7377634966 -0.6750592737 -0.0000000000 -6.5096150000 0.6750592737 -0.7377634966 0.0000000000 0.1790400000 0.0000000000 -0.0000000000 1.0000000000 0.0902950000
1772701123.4714684486 -0.7376660113 -0.6751657988 -0.0000000000 -6.5097750000 0.6751657988 -0.7376660113 0.0000000000 0.1789790000 0.0000000000 -0.0000000000 1.0000000000 0.0900180000
1772701123.5713989735 -0.7364711552 -0.6764689479 -0.0000000000 -6.5094940000 0.6764689479 -0.7364711552 0.0000000000 0.1790020000 0.0000000000 -0.0000000000 1.0000000000 0.0895290000
1772701123.6713712215 -0.7420903576 -0.6702998591 -0.0000000000 -6.5105550000 0.6702998591 -0.7420903576 0.0000000000 0.1790990000 0.0000000000 -0.0000000000 1.0000000000 0.0900150000
1772701123.7713882923 -0.7374230166 -0.6754311916 -0.0000000000 -6.5120750000 0.6754311916 -0.7374230166 0.0000000000 0.1790830000 0.0000000000 -0.0000000000 1.0000000000 0.0904320000
1772701123.8714513779 -0.7359273151 -0.6770605489 -0.0000000000 -6.5129560000 0.6770605489 -0.7359273151 0.0000000000 0.1794870000 0.0000000000 -0.0000000000 1.0000000000 0.0913850000
1772701123.9714651108 -0.7440489313 -0.6681251289 -0.0000000000 -6.5127260000 0.6681251289 -0.7440489313 0.0000000000 0.1790060000 0.0000000000 -0.0000000000 1.0000000000 0.0912410000
1772701124.0714130402 -0.7443022728 -0.6678428907 -0.0000000000 -6.5120450000 0.6678428907 -0.7443022728 0.0000000000 0.1785530000 0.0000000000 -0.0000000000 1.0000000000 0.0907220000
1772701124.1713736057 -0.7426569735 -0.6696720240 -0.0000000000 -6.5103150000 0.6696720240 -0.7426569735 0.0000000000 0.1784010000 0.0000000000 -0.0000000000 1.0000000000 0.0902500000
1772701124.2713096142 -0.7418728040 -0.6705406346 -0.0000000000 -6.5085950000 0.6705406346 -0.7418728040 0.0000000000 0.1785070000 0.0000000000 -0.0000000000 1.0000000000 0.0901840000
1772701124.3712596893 -0.7493226935 -0.6622050295 -0.0000000000 -6.5084150000 0.6622050295 -0.7493226935 0.0000000000 0.1790070000 0.0000000000 -0.0000000000 1.0000000000 0.0907000000
1772701124.4711236954 -0.7465231096 -0.6653594869 -0.0000000000 -6.5089370000 0.6653594869 -0.7465231096 0.0000000000 0.1796010000 0.0000000000 -0.0000000000 1.0000000000 0.0920310000
1772701124.5709617138 -0.7406891191 -0.6718479210 -0.0000000000 -6.5089970000 0.6718479210 -0.7406891191 0.0000000000 0.1794650000 0.0000000000 -0.0000000000 1.0000000000 0.0915840000
1772701124.6710045338 -0.7408133933 -0.6717108874 -0.0000000000 -6.5100460000 0.6717108874 -0.7408133933 0.0000000000 0.1796640000 0.0000000000 -0.0000000000 1.0000000000 0.0908320000
1772701124.7710824013 -0.7387001901 -0.6740341454 -0.0000000000 -6.5112070000 0.6740341454 -0.7387001901 0.0000000000 0.1797950000 0.0000000000 -0.0000000000 1.0000000000 0.0915770000
1772701124.8711850643 -0.7349636569 -0.6781064984 -0.0000000000 -6.5116260000 0.6781064984 -0.7349636569 0.0000000000 0.1798750000 0.0000000000 -0.0000000000 1.0000000000 0.0911310000
1772701124.9714565277 -0.7373054036 -0.6755595768 -0.0000000000 -6.5103260000 0.6755595768 -0.7373054036 0.0000000000 0.1792490000 0.0000000000 -0.0000000000 1.0000000000 0.0915150000
1772701125.0716173649 -0.7470930314 -0.6647194915 -0.0000000000 -6.5102650000 0.6647194915 -0.7470930314 0.0000000000 0.1779430000 0.0000000000 -0.0000000000 1.0000000000 0.0903530000
1772701125.1716160774 -0.7442804886 -0.6678671681 -0.0000000000 -6.5107450000 0.6678671681 -0.7442804886 0.0000000000 0.1785560000 0.0000000000 -0.0000000000 1.0000000000 0.0904390000
1772701125.2715265751 -0.7366092196 -0.6763186065 -0.0000000000 -6.5114660000 0.6763186065 -0.7366092196 0.0000000000 0.1800750000 0.0000000000 -0.0000000000 1.0000000000 0.0909610000
1772701125.3716406822 -0.7436503853 -0.6685686983 -0.0000000000 -6.5126570000 0.6685686983 -0.7436503853 0.0000000000 0.1807940000 0.0000000000 -0.0000000000 1.0000000000 0.0914060000
1772701125.4716439247 -0.7438955837 -0.6682958630 -0.0000000000 -6.5126460000 0.6682958630 -0.7438955837 0.0000000000 0.1812520000 0.0000000000 -0.0000000000 1.0000000000 0.0912310000
1772701125.5715777874 -0.7375555169 -0.6752865018 -0.0000000000 -6.5126760000 0.6752865018 -0.7375555169 0.0000000000 0.1809360000 0.0000000000 -0.0000000000 1.0000000000 0.0906050000
1772701125.6714806557 -0.7431753919 -0.6690966573 -0.0000000000 -6.5134960000 0.6690966573 -0.7431753919 0.0000000000 0.1804480000 0.0000000000 -0.0000000000 1.0000000000 0.0905710000
1772701125.7713761330 -0.7408031336 -0.6717222024 -0.0000000000 -6.5136860000 0.6717222024 -0.7408031336 0.0000000000 0.1803380000 0.0000000000 -0.0000000000 1.0000000000 0.0908500000
1772701125.8714289665 -0.7344038122 -0.6787127822 -0.0000000000 -6.5139370000 0.6787127822 -0.7344038122 0.0000000000 0.1804200000 0.0000000000 -0.0000000000 1.0000000000 0.0915550000
1772701125.9714317322 -0.7261926617 -0.6874912494 -0.0000000000 -6.5147170000 0.6874912494 -0.7261926617 0.0000000000 0.1804170000 0.0000000000 -0.0000000000 1.0000000000 0.0915700000
1772701126.0714304447 -0.7369354813 -0.6759630881 -0.0000000000 -6.5148880000 0.6759630881 -0.7369354813 0.0000000000 0.1796760000 0.0000000000 -0.0000000000 1.0000000000 0.0923190000
1772701126.1714544296 -0.7241674328 -0.6896241943 -0.0000000000 -6.5140770000 0.6896241943 -0.7241674328 0.0000000000 0.1784390000 0.0000000000 -0.0000000000 1.0000000000 0.0918030000
1772701126.2714281082 -0.7282549819 -0.6853062683 -0.0000000000 -6.5132860000 0.6853062683 -0.7282549819 0.0000000000 0.1782160000 0.0000000000 -0.0000000000 1.0000000000 0.0915420000
1772701126.3712308407 -0.7280978772 -0.6854731806 -0.0000000000 -6.5132160000 0.6854731806 -0.7280978772 0.0000000000 0.1787320000 0.0000000000 -0.0000000000 1.0000000000 0.0911910000
1772701126.4710781574 -0.7259103529 -0.6877893279 -0.0000000000 -6.5134760000 0.6877893279 -0.7259103529 0.0000000000 0.1789500000 0.0000000000 -0.0000000000 1.0000000000 0.0908410000
1772701126.5710170269 -0.7249902416 -0.6887591376 -0.0000000000 -6.5137460000 0.6887591376 -0.7249902416 0.0000000000 0.1797410000 0.0000000000 -0.0000000000 1.0000000000 0.0912700000
1772701126.6710746288 -0.7305948828 -0.6828111871 -0.0000000000 -6.5140460000 0.6828111871 -0.7305948828 0.0000000000 0.1801100000 0.0000000000 -0.0000000000 1.0000000000 0.0912390000
1772701126.7711932659 -0.7333800770 -0.6798188455 -0.0000000000 -6.5146770000 0.6798188455 -0.7333800770 0.0000000000 0.1807460000 0.0000000000 -0.0000000000 1.0000000000 0.0918730000
1772701126.8712899685 -0.7318253846 -0.6814921911 -0.0000000000 -6.5161470000 0.6814921911 -0.7318253846 0.0000000000 0.1814050000 0.0000000000 -0.0000000000 1.0000000000 0.0919320000
1772701126.9087567329 -0.7289098638 -0.6846096774 -0.0000000000 -6.5165060000 0.6846096774 -0.7289098638 0.0000000000 0.1807140000 0.0000000000 -0.0000000000 1.0000000000 0.0911340000
1772701127.0711400509 -0.7357861388 -0.6772139676 -0.0000000000 -6.5157970000 0.6772139676 -0.7357861388 0.0000000000 0.1806500000 0.0000000000 -0.0000000000 1.0000000000 0.0917930000
1772701127.1710991859 -0.7321507150 -0.6811426653 -0.0000000000 -6.5154570000 0.6811426653 -0.7321507150 0.0000000000 0.1811970000 0.0000000000 -0.0000000000 1.0000000000 0.0916990000
1772701127.2711358070 -0.7394265400 -0.6732372478 -0.0000000000 -6.5144470000 0.6732372478 -0.7394265400 0.0000000000 0.1802490000 0.0000000000 -0.0000000000 1.0000000000 0.0914800000
1772701127.3712110519 -0.7390074136 -0.6736972931 -0.0000000000 -6.5137760000 0.6736972931 -0.7390074136 0.0000000000 0.1787780000 0.0000000000 -0.0000000000 1.0000000000 0.0910580000
1772701127.4712638855 -0.7425204630 -0.6698233812 -0.0000000000 -6.5130660000 0.6698233812 -0.7425204630 0.0000000000 0.1777250000 0.0000000000 -0.0000000000 1.0000000000 0.0916760000
1772701127.5712914467 -0.7391398154 -0.6735520272 -0.0000000000 -6.5121470000 0.6735520272 -0.7391398154 0.0000000000 0.1777790000 0.0000000000 -0.0000000000 1.0000000000 0.0921100000
1772701127.6713497639 -0.7422046035 -0.6701733556 -0.0000000000 -6.5114070000 0.6701733556 -0.7422046035 0.0000000000 0.1785920000 0.0000000000 -0.0000000000 1.0000000000 0.0922860000
1772701127.7713298798 -0.7438844089 -0.6683083017 -0.0000000000 -6.5115770000 0.6683083017 -0.7438844089 0.0000000000 0.1802910000 0.0000000000 -0.0000000000 1.0000000000 0.0920520000
1772701127.8713319302 -0.7407983386 -0.6717274905 -0.0000000000 -6.5125470000 0.6717274905 -0.7407983386 0.0000000000 0.1821740000 0.0000000000 -0.0000000000 1.0000000000 0.0913520000
1772701127.9712026119 -0.7427504578 -0.6695683366 -0.0000000000 -6.5135670000 0.6695683366 -0.7427504578 0.0000000000 0.1828990000 0.0000000000 -0.0000000000 1.0000000000 0.0910760000
1772701128.0709893703 -0.7507499048 -0.6605865428 -0.0000000000 -6.5137060000 0.6605865428 -0.7507499048 0.0000000000 0.1824210000 0.0000000000 -0.0000000000 1.0000000000 0.0905440000
1772701128.1708192825 -0.7406213390 -0.6719226385 -0.0000000000 -6.5130070000 0.6719226385 -0.7406213390 0.0000000000 0.1819740000 0.0000000000 -0.0000000000 1.0000000000 0.0914630000
1772701128.2707629204 -0.7427627892 -0.6695546572 -0.0000000000 -6.5125470000 0.6695546572 -0.7427627892 0.0000000000 0.1818170000 0.0000000000 -0.0000000000 1.0000000000 0.0917730000
1772701128.3707799911 -0.7424808734 -0.6698672649 -0.0000000000 -6.5125180000 0.6698672649 -0.7424808734 0.0000000000 0.1826060000 0.0000000000 -0.0000000000 1.0000000000 0.0920560000
1772701128.4708101749 -0.7418169997 -0.6706023702 -0.0000000000 -6.5135980000 0.6706023702 -0.7418169997 0.0000000000 0.1831140000 0.0000000000 -0.0000000000 1.0000000000 0.0923660000
1772701128.5710253716 -0.7375389661 -0.6753045783 -0.0000000000 -6.5135280000 0.6753045783 -0.7375389661 0.0000000000 0.1824510000 0.0000000000 -0.0000000000 1.0000000000 0.0925950000
1772701128.6711044312 -0.7403293386 -0.6722443532 -0.0000000000 -6.5132880000 0.6722443532 -0.7403293386 0.0000000000 0.1803230000 0.0000000000 -0.0000000000 1.0000000000 0.0924440000
1772701128.7710983753 -0.7413929289 -0.6710711773 -0.0000000000 -6.5130670000 0.6710711773 -0.7413929289 0.0000000000 0.1790540000 0.0000000000 -0.0000000000 1.0000000000 0.0920400000
1772701128.8710479736 -0.7424980621 -0.6698482125 -0.0000000000 -6.5133560000 0.6698482125 -0.7424980621 0.0000000000 0.1789570000 0.0000000000 -0.0000000000 1.0000000000 0.0908580000
1772701128.9710829258 -0.7456061642 -0.6663868606 -0.0000000000 -6.5140550000 0.6663868606 -0.7456061642 0.0000000000 0.1789580000 0.0000000000 -0.0000000000 1.0000000000 0.0903830000
1772701129.0710501671 -0.7460897418 -0.6658454003 -0.0000000000 -6.5150450000 0.6658454003 -0.7460897418 0.0000000000 0.1790900000 0.0000000000 -0.0000000000 1.0000000000 0.0899750000
1772701129.1710522175 -0.7414438223 -0.6710149465 -0.0000000000 -6.5153050000 0.6710149465 -0.7414438223 0.0000000000 0.1787060000 0.0000000000 -0.0000000000 1.0000000000 0.0900540000
1772701129.2710111141 -0.7370338359 -0.6758558461 -0.0000000000 -6.5148560000 0.6758558461 -0.7370338359 0.0000000000 0.1790240000 0.0000000000 -0.0000000000 1.0000000000 0.0910610000
1772701129.3708438873 -0.7338988240 -0.6792587990 -0.0000000000 -6.5154270000 0.6792587990 -0.7338988240 0.0000000000 0.1805100000 0.0000000000 -0.0000000000 1.0000000000 0.0914890000
1772701129.4708147049 -0.7325061710 -0.6807603907 -0.0000000000 -6.5159470000 0.6807603907 -0.7325061710 0.0000000000 0.1818540000 0.0000000000 -0.0000000000 1.0000000000 0.0914930000
1772701129.5707743168 -0.7318421900 -0.6814741440 -0.0000000000 -6.5157770000 0.6814741440 -0.7318421900 0.0000000000 0.1824710000 0.0000000000 -0.0000000000 1.0000000000 0.0916960000
1772701129.6707584858 -0.7330897327 -0.6801319312 -0.0000000000 -6.5149160000 0.6801319312 -0.7330897327 0.0000000000 0.1818890000 0.0000000000 -0.0000000000 1.0000000000 0.0910440000
1772701129.7707381248 -0.7312228262 -0.6821386798 -0.0000000000 -6.5132960000 0.6821386798 -0.7312228262 0.0000000000 0.1814250000 0.0000000000 -0.0000000000 1.0000000000 0.0910230000
1772701129.8707790375 -0.7327819680 -0.6804635092 -0.0000000000 -6.5116570000 0.6804635092 -0.7327819680 0.0000000000 0.1816750000 0.0000000000 -0.0000000000 1.0000000000 0.0916260000
1772701129.9707682133 -0.7363026913 -0.6766523086 -0.0000000000 -6.5118570000 0.6766523086 -0.7363026913 0.0000000000 0.1818200000 0.0000000000 -0.0000000000 1.0000000000 0.0914760000
1772701130.0707275867 -0.7348198465 -0.6782623336 -0.0000000000 -6.5127170000 0.6782623336 -0.7348198465 0.0000000000 0.1817530000 0.0000000000 -0.0000000000 1.0000000000 0.0913200000
1772701130.1707348824 -0.7365613346 -0.6763707566 -0.0000000000 -6.5138060000 0.6763707566 -0.7365613346 0.0000000000 0.1823420000 0.0000000000 -0.0000000000 1.0000000000 0.0905880000
1772701130.2707033157 -0.7378659022 -0.6749473390 -0.0000000000 -6.5146160000 0.6749473390 -0.7378659022 0.0000000000 0.1834850000 0.0000000000 -0.0000000000 1.0000000000 0.0909270000
1772701130.3707587719 -0.7385257397 -0.6742252827 -0.0000000000 -6.5152070000 0.6742252827 -0.7385257397 0.0000000000 0.1833830000 0.0000000000 -0.0000000000 1.0000000000 0.0912580000
1772701130.4708652496 -0.7357771858 -0.6772236948 -0.0000000000 -6.5160170000 0.6772236948 -0.7357771858 0.0000000000 0.1823900000 0.0000000000 -0.0000000000 1.0000000000 0.0918120000
1772701130.5708899498 -0.7421976638 -0.6701810411 -0.0000000000 -6.5167970000 0.6701810411 -0.7421976638 0.0000000000 0.1813530000 0.0000000000 -0.0000000000 1.0000000000 0.0919220000
1772701130.6709363461 -0.7334039070 -0.6797931371 -0.0000000000 -6.5162470000 0.6797931371 -0.7334039070 0.0000000000 0.1809120000 0.0000000000 -0.0000000000 1.0000000000 0.0915910000
1772701130.7708828449 -0.7403712940 -0.6721981456 -0.0000000000 -6.5156570000 0.6721981456 -0.7403712940 0.0000000000 0.1819920000 0.0000000000 -0.0000000000 1.0000000000 0.0913590000
1772701130.8708777428 -0.7397076999 -0.6729283161 -0.0000000000 -6.5147370000 0.6729283161 -0.7397076999 0.0000000000 0.1833960000 0.0000000000 -0.0000000000 1.0000000000 0.0912960000
1772701130.9708657265 -0.7476716568 -0.6640685910 -0.0000000000 -6.5146080000 0.6640685910 -0.7476716568 0.0000000000 0.1832980000 0.0000000000 -0.0000000000 1.0000000000 0.0921960000
1772701131.0708777905 -0.7478603545 -0.6638560764 -0.0000000000 -6.5143570000 0.6638560764 -0.7478603545 0.0000000000 0.1833320000 0.0000000000 -0.0000000000 1.0000000000 0.0918080000
1772701131.1709702015 -0.7459268651 -0.6660278612 -0.0000000000 -6.5142170000 0.6660278612 -0.7459268651 0.0000000000 0.1829670000 0.0000000000 -0.0000000000 1.0000000000 0.0916470000
1772701131.2711741924 -0.7413983967 -0.6710651364 -0.0000000000 -6.5135070000 0.6710651364 -0.7413983967 0.0000000000 0.1829050000 0.0000000000 -0.0000000000 1.0000000000 0.0915150000
1772701131.3712460995 -0.7412602739 -0.6712177041 -0.0000000000 -6.5126370000 0.6712177041 -0.7412602739 0.0000000000 0.1826180000 0.0000000000 -0.0000000000 1.0000000000 0.0919090000
1772701131.4712600708 -0.7452576248 -0.6667766288 -0.0000000000 -6.5119870000 0.6667766288 -0.7452576248 0.0000000000 0.1815820000 0.0000000000 -0.0000000000 1.0000000000 0.0914180000
1772701131.5712089539 -0.7477646677 -0.6639638557 -0.0000000000 -6.5123870000 0.6639638557 -0.7477646677 0.0000000000 0.1814880000 0.0000000000 -0.0000000000 1.0000000000 0.0913910000
1772701131.6711125374 -0.7453065458 -0.6667219457 -0.0000000000 -6.5129780000 0.6667219457 -0.7453065458 0.0000000000 0.1822690000 0.0000000000 -0.0000000000 1.0000000000 0.0922070000
1772701131.7710113525 -0.7406186125 -0.6719256438 -0.0000000000 -6.5143280000 0.6719256438 -0.7406186125 0.0000000000 0.1827400000 0.0000000000 -0.0000000000 1.0000000000 0.0920080000
1772701131.8711764812 -0.7423662065 -0.6699943399 -0.0000000000 -6.5156080000 0.6699943399 -0.7423662065 0.0000000000 0.1821310000 0.0000000000 -0.0000000000 1.0000000000 0.0921330000
1772701131.9711742401 -0.7455433164 -0.6664571730 -0.0000000000 -6.5157270000 0.6664571730 -0.7455433164 0.0000000000 0.1805040000 0.0000000000 -0.0000000000 1.0000000000 0.0918040000
1772701132.0712614059 -0.7433374922 -0.6689165663 -0.0000000000 -6.5146470000 0.6689165663 -0.7433374922 0.0000000000 0.1798770000 0.0000000000 -0.0000000000 1.0000000000 0.0917310000
1772701132.1712570190 -0.7387529140 -0.6739763587 -0.0000000000 -6.5144470000 0.6739763587 -0.7387529140 0.0000000000 0.1796710000 0.0000000000 -0.0000000000 1.0000000000 0.0916280000
1772701132.2712402344 -0.7378028947 -0.6750162136 -0.0000000000 -6.5148170000 0.6750162136 -0.7378028947 0.0000000000 0.1791550000 0.0000000000 -0.0000000000 1.0000000000 0.0920050000
1772701132.3713543415 -0.7363950057 -0.6765518425 -0.0000000000 -6.5143560000 0.6765518425 -0.7363950057 0.0000000000 0.1800040000 0.0000000000 -0.0000000000 1.0000000000 0.0913160000
1772701132.4713485241 -0.7427136476 -0.6696091679 -0.0000000000 -6.5139280000 0.6696091679 -0.7427136476 0.0000000000 0.1811850000 0.0000000000 -0.0000000000 1.0000000000 0.0923480000
1772701132.5713639259 -0.7379219849 -0.6748860231 -0.0000000000 -6.5140070000 0.6748860231 -0.7379219849 0.0000000000 0.1807690000 0.0000000000 -0.0000000000 1.0000000000 0.0914200000
1772701132.6712005138 -0.7411879644 -0.6712975506 -0.0000000000 -6.5156570000 0.6712975506 -0.7411879644 0.0000000000 0.1813310000 0.0000000000 -0.0000000000 1.0000000000 0.0915240000
1772701132.7712173462 -0.7398484980 -0.6727735131 -0.0000000000 -6.5170870000 0.6727735131 -0.7398484980 0.0000000000 0.1822490000 0.0000000000 -0.0000000000 1.0000000000 0.0913930000
1772701132.8711621761 -0.7342298941 -0.6789009225 -0.0000000000 -6.5174770000 0.6789009225 -0.7342298941 0.0000000000 0.1824640000 0.0000000000 -0.0000000000 1.0000000000 0.0919150000
1772701132.9711432457 -0.7386228449 -0.6741189013 -0.0000000000 -6.5170180000 0.6741189013 -0.7386228449 0.0000000000 0.1813030000 0.0000000000 -0.0000000000 1.0000000000 0.0920760000
1772701133.0711557865 -0.7409193285 -0.6715940356 -0.0000000000 -6.5171660000 0.6715940356 -0.7409193285 0.0000000000 0.1808290000 0.0000000000 -0.0000000000 1.0000000000 0.0911010000
1772701133.1710202694 -0.7375468975 -0.6752959159 -0.0000000000 -6.5179860000 0.6752959159 -0.7375468975 0.0000000000 0.1817770000 0.0000000000 -0.0000000000 1.0000000000 0.0907730000
1772701133.2709619999 -0.7370572870 -0.6758302714 -0.0000000000 -6.5190760000 0.6758302714 -0.7370572870 0.0000000000 0.1823800000 0.0000000000 -0.0000000000 1.0000000000 0.0906210000
1772701133.3708999157 -0.7435533066 -0.6686766635 -0.0000000000 -6.5192960000 0.6686766635 -0.7435533066 0.0000000000 0.1822750000 0.0000000000 -0.0000000000 1.0000000000 0.0903850000
1772701133.4709260464 -0.7359287372 -0.6770590032 -0.0000000000 -6.5189160000 0.6770590032 -0.7359287372 0.0000000000 0.1819010000 0.0000000000 -0.0000000000 1.0000000000 0.0910160000
1772701133.5709106922 -0.7391396680 -0.6735521890 -0.0000000000 -6.5184870000 0.6735521890 -0.7391396680 0.0000000000 0.1813200000 0.0000000000 -0.0000000000 1.0000000000 0.0914130000
1772701133.6709485054 -0.7347732110 -0.6783128544 -0.0000000000 -6.5187580000 0.6783128544 -0.7347732110 0.0000000000 0.1811720000 0.0000000000 -0.0000000000 1.0000000000 0.0924200000
1772701133.7710311413 -0.7369272694 -0.6759720406 -0.0000000000 -6.5187580000 0.6759720406 -0.7369272694 0.0000000000 0.1817580000 0.0000000000 -0.0000000000 1.0000000000 0.0921390000
1772701133.8709836006 -0.7387143716 -0.6740186030 -0.0000000000 -6.5190670000 0.6740186030 -0.7387143716 0.0000000000 0.1823680000 0.0000000000 -0.0000000000 1.0000000000 0.0919140000
1772701133.9710390568 -0.7335759340 -0.6796074963 -0.0000000000 -6.5188370000 0.6796074963 -0.7335759340 0.0000000000 0.1819480000 0.0000000000 -0.0000000000 1.0000000000 0.0915110000
1772701134.0709831715 -0.7367421002 -0.6761738518 -0.0000000000 -6.5180260000 0.6761738518 -0.7367421002 0.0000000000 0.1812310000 0.0000000000 -0.0000000000 1.0000000000 0.0908140000
1772701134.1710062027 -0.7315027531 -0.6818384869 -0.0000000000 -6.5174360000 0.6818384869 -0.7315027531 0.0000000000 0.1805510000 0.0000000000 -0.0000000000 1.0000000000 0.0910190000
1772701134.2710385323 -0.7334330380 -0.6797617073 -0.0000000000 -6.5170750000 0.6797617073 -0.7334330380 0.0000000000 0.1796400000 0.0000000000 -0.0000000000 1.0000000000 0.0904860000
1772701134.3710534573 -0.7360714908 -0.6769038044 -0.0000000000 -6.5169150000 0.6769038044 -0.7360714908 0.0000000000 0.1795130000 0.0000000000 -0.0000000000 1.0000000000 0.0905550000
1772701134.4710369110 -0.7432564027 -0.6690066665 -0.0000000000 -6.5167460000 0.6690066665 -0.7432564027 0.0000000000 0.1793330000 0.0000000000 -0.0000000000 1.0000000000 0.0907390000
1772701134.5710425377 -0.7361498124 -0.6768186269 -0.0000000000 -6.5167160000 0.6768186269 -0.7361498124 0.0000000000 0.1783490000 0.0000000000 -0.0000000000 1.0000000000 0.0912450000
1772701134.6711075306 -0.7329537394 -0.6802784841 -0.0000000000 -6.5173370000 0.6802784841 -0.7329537394 0.0000000000 0.1784190000 0.0000000000 -0.0000000000 1.0000000000 0.0917420000
1772701134.7711896896 -0.7289494433 -0.6845675344 -0.0000000000 -6.5181270000 0.6845675344 -0.7289494433 0.0000000000 0.1789380000 0.0000000000 -0.0000000000 1.0000000000 0.0919760000
1772701134.8712325096 -0.7295963280 -0.6838780579 -0.0000000000 -6.5185270000 0.6838780579 -0.7295963280 0.0000000000 0.1790750000 0.0000000000 -0.0000000000 1.0000000000 0.0917490000
1772701134.9712796211 -0.7362522141 -0.6767072315 -0.0000000000 -6.5178960000 0.6767072315 -0.7362522141 0.0000000000 0.1795860000 0.0000000000 -0.0000000000 1.0000000000 0.0914190000
1772701135.0713343620 -0.7342966757 -0.6788286912 -0.0000000000 -6.5178060000 0.6788286912 -0.7342966757 0.0000000000 0.1794100000 0.0000000000 -0.0000000000 1.0000000000 0.0914450000
1772701135.1713023186 -0.7399638204 -0.6726466714 -0.0000000000 -6.5183160000 0.6726466714 -0.7399638204 0.0000000000 0.1794820000 0.0000000000 -0.0000000000 1.0000000000 0.0913320000
1772701135.2713246346 -0.7428887003 -0.6694149528 -0.0000000000 -6.5180260000 0.6694149528 -0.7428887003 0.0000000000 0.1792180000 0.0000000000 -0.0000000000 1.0000000000 0.0910130000
1772701135.3713185787 -0.7420020703 -0.6703975892 -0.0000000000 -6.5170460000 0.6703975892 -0.7420020703 0.0000000000 0.1785980000 0.0000000000 -0.0000000000 1.0000000000 0.0914790000
1772701135.4712572098 -0.7456864967 -0.6662969673 -0.0000000000 -6.5157860000 0.6662969673 -0.7456864967 0.0000000000 0.1782110000 0.0000000000 -0.0000000000 1.0000000000 0.0911580000
1772701135.5711214542 -0.7368755559 -0.6760284130 -0.0000000000 -6.5154250000 0.6760284130 -0.7368755559 0.0000000000 0.1798720000 0.0000000000 -0.0000000000 1.0000000000 0.0904840000
1772701135.6709432602 -0.7348281887 -0.6782532956 -0.0000000000 -6.5154460000 0.6782532956 -0.7348281887 0.0000000000 0.1813230000 0.0000000000 -0.0000000000 1.0000000000 0.0906420000
1772701135.7708187103 -0.7324807219 -0.6807877732 -0.0000000000 -6.5148360000 0.6807877732 -0.7324807219 0.0000000000 0.1812650000 0.0000000000 -0.0000000000 1.0000000000 0.0907020000
1772701135.8707199097 -0.7341214230 -0.6790182149 -0.0000000000 -6.5147170000 0.6790182149 -0.7341214230 0.0000000000 0.1820620000 0.0000000000 -0.0000000000 1.0000000000 0.0913700000
1772701135.9706144333 -0.7382275363 -0.6745517805 -0.0000000000 -6.5153270000 0.6745517805 -0.7382275363 0.0000000000 0.1827210000 0.0000000000 -0.0000000000 1.0000000000 0.0916310000
1772701136.0705158710 -0.7463402378 -0.6655646096 -0.0000000000 -6.5166170000 0.6655646096 -0.7463402378 0.0000000000 0.1826080000 0.0000000000 -0.0000000000 1.0000000000 0.0917970000
1772701136.1704754829 -0.7395388846 -0.6731138375 -0.0000000000 -6.5167470000 0.6731138375 -0.7395388846 0.0000000000 0.1818020000 0.0000000000 -0.0000000000 1.0000000000 0.0915100000
1772701136.2705471516 -0.7421293464 -0.6702566920 -0.0000000000 -6.5155970000 0.6702566920 -0.7421293464 0.0000000000 0.1806900000 0.0000000000 -0.0000000000 1.0000000000 0.0917240000
1772701136.3706865311 -0.7379593553 -0.6748451600 -0.0000000000 -6.5151780000 0.6748451600 -0.7379593553 0.0000000000 0.1803020000 0.0000000000 -0.0000000000 1.0000000000 0.0923180000
1772701136.4707541466 -0.7331545910 -0.6800620160 -0.0000000000 -6.5158180000 0.6800620160 -0.7331545910 0.0000000000 0.1806180000 0.0000000000 -0.0000000000 1.0000000000 0.0928310000
1772701136.5707137585 -0.7381601541 -0.6746255161 -0.0000000000 -6.5158690000 0.6746255161 -0.7381601541 0.0000000000 0.1813600000 0.0000000000 -0.0000000000 1.0000000000 0.0929590000
1772701136.6706607342 -0.7309778038 -0.6824012386 -0.0000000000 -6.5166280000 0.6824012386 -0.7309778038 0.0000000000 0.1818070000 0.0000000000 -0.0000000000 1.0000000000 0.0927410000
1772701136.7705650330 -0.7377844003 -0.6750364277 -0.0000000000 -6.5175990000 0.6750364277 -0.7377844003 0.0000000000 0.1819020000 0.0000000000 -0.0000000000 1.0000000000 0.0931550000
1772701136.8705115318 -0.7382735403 -0.6745014305 -0.0000000000 -6.5169980000 0.6745014305 -0.7382735403 0.0000000000 0.1816350000 0.0000000000 -0.0000000000 1.0000000000 0.0923140000
1772701136.9705240726 -0.7350481173 -0.6780149448 -0.0000000000 -6.5165370000 0.6780149448 -0.7350481173 0.0000000000 0.1804610000 0.0000000000 -0.0000000000 1.0000000000 0.0920940000
1772701137.0705473423 -0.7344757098 -0.6786349768 -0.0000000000 -6.5163680000 0.6786349768 -0.7344757098 0.0000000000 0.1799590000 0.0000000000 -0.0000000000 1.0000000000 0.0923390000
1772701137.1706173420 -0.7351453149 -0.6779095559 -0.0000000000 -6.5156470000 0.6779095559 -0.7351453149 0.0000000000 0.1799600000 0.0000000000 -0.0000000000 1.0000000000 0.0918410000
1772701137.2706739902 -0.7386046245 -0.6741388645 -0.0000000000 -6.5152980000 0.6741388645 -0.7386046245 0.0000000000 0.1801980000 0.0000000000 -0.0000000000 1.0000000000 0.0926730000
1772701137.3707315922 -0.7449452409 -0.6671256164 -0.0000000000 -6.5156180000 0.6671256164 -0.7449452409 0.0000000000 0.1796780000 0.0000000000 -0.0000000000 1.0000000000 0.0930470000
1772701137.4707927704 -0.7359083755 -0.6770811346 -0.0000000000 -6.5158080000 0.6770811346 -0.7359083755 0.0000000000 0.1795320000 0.0000000000 -0.0000000000 1.0000000000 0.0928030000
1772701137.5708019733 -0.7404491991 -0.6721123296 -0.0000000000 -6.5154780000 0.6721123296 -0.7404491991 0.0000000000 0.1806170000 0.0000000000 -0.0000000000 1.0000000000 0.0923680000
1772701137.6707799435 -0.7482602693 -0.6634052829 -0.0000000000 -6.5152390000 0.6634052829 -0.7482602693 0.0000000000 0.1816580000 0.0000000000 -0.0000000000 1.0000000000 0.0932280000
1772701137.7707884312 -0.7456720560 -0.6663131283 -0.0000000000 -6.5160680000 0.6663131283 -0.7456720560 0.0000000000 0.1820440000 0.0000000000 -0.0000000000 1.0000000000 0.0919950000
1772701137.8708257675 -0.7471558510 -0.6646488805 -0.0000000000 -6.5175880000 0.6646488805 -0.7471558510 0.0000000000 0.1815120000 0.0000000000 -0.0000000000 1.0000000000 0.0921690000
1772701137.9710514545 -0.7534965873 -0.6574518179 -0.0000000000 -6.5185480000 0.6574518179 -0.7534965873 0.0000000000 0.1806420000 0.0000000000 -0.0000000000 1.0000000000 0.0928740000
1772701138.0712471008 -0.7379788596 -0.6748238309 -0.0000000000 -6.5181280000 0.6748238309 -0.7379788596 0.0000000000 0.1791160000 0.0000000000 -0.0000000000 1.0000000000 0.0926860000
1772701138.1713559628 -0.7458142669 -0.6661539456 -0.0000000000 -6.5177070000 0.6661539456 -0.7458142669 0.0000000000 0.1779800000 0.0000000000 -0.0000000000 1.0000000000 0.0924630000
1772701138.2713491917 -0.7457908697 -0.6661801399 -0.0000000000 -6.5180270000 0.6661801399 -0.7457908697 0.0000000000 0.1768300000 0.0000000000 -0.0000000000 1.0000000000 0.0919420000
1772701138.3714506626 -0.7476869875 -0.6640513299 -0.0000000000 -6.5175260000 0.6640513299 -0.7476869875 0.0000000000 0.1763070000 0.0000000000 -0.0000000000 1.0000000000 0.0912480000
1772701138.4712364674 -0.7426420542 -0.6696885690 -0.0000000000 -6.5163470000 0.6696885690 -0.7426420542 0.0000000000 0.1771500000 0.0000000000 -0.0000000000 1.0000000000 0.0917990000
1772701138.5711684227 -0.7476213945 -0.6641251769 -0.0000000000 -6.5153570000 0.6641251769 -0.7476213945 0.0000000000 0.1780090000 0.0000000000 -0.0000000000 1.0000000000 0.0916850000
1772701138.6710271835 -0.7430184575 -0.6692709256 -0.0000000000 -6.5139170000 0.6692709256 -0.7430184575 0.0000000000 0.1778700000 0.0000000000 -0.0000000000 1.0000000000 0.0923310000
1772701138.7710213661 -0.7431905444 -0.6690798268 -0.0000000000 -6.5127880000 0.6690798268 -0.7431905444 0.0000000000 0.1781920000 0.0000000000 -0.0000000000 1.0000000000 0.0928770000
1772701138.8711242676 -0.7471704401 -0.6646324800 -0.0000000000 -6.5125280000 0.6646324800 -0.7471704401 0.0000000000 0.1783100000 0.0000000000 -0.0000000000 1.0000000000 0.0925650000
1772701138.9712080956 -0.7410778306 -0.6714191306 -0.0000000000 -6.5126760000 0.6714191306 -0.7410778306 0.0000000000 0.1773770000 0.0000000000 -0.0000000000 1.0000000000 0.0916350000
1772701139.0712313652 -0.7405187033 -0.6720357505 -0.0000000000 -6.5120360000 0.6720357505 -0.7405187033 0.0000000000 0.1775540000 0.0000000000 -0.0000000000 1.0000000000 0.0913320000
1772701139.1712446213 -0.7401081992 -0.6724878092 -0.0000000000 -6.5120460000 0.6724878092 -0.7401081992 0.0000000000 0.1784740000 0.0000000000 -0.0000000000 1.0000000000 0.0913610000
1772701139.2173256874 -0.7415643633 -0.6708817296 -0.0000000000 -6.5129270000 0.6708817296 -0.7415643633 0.0000000000 0.1797210000 0.0000000000 -0.0000000000 1.0000000000 0.0916910000
1772701139.3712253571 -0.7374723659 -0.6753773090 -0.0000000000 -6.5140370000 0.6753773090 -0.7374723659 0.0000000000 0.1805930000 0.0000000000 -0.0000000000 1.0000000000 0.0919890000
1772701139.4711160660 -0.7426956036 -0.6696291813 -0.0000000000 -6.5148360000 0.6696291813 -0.7426956036 0.0000000000 0.1803280000 0.0000000000 -0.0000000000 1.0000000000 0.0910810000
1772701139.5709967613 -0.7392218979 -0.6734619408 -0.0000000000 -6.5166360000 0.6734619408 -0.7392218979 0.0000000000 0.1798790000 0.0000000000 -0.0000000000 1.0000000000 0.0913520000
1772701139.6708617210 -0.7466846991 -0.6651781417 -0.0000000000 -6.5182380000 0.6651781417 -0.7466846991 0.0000000000 0.1805270000 0.0000000000 -0.0000000000 1.0000000000 0.0924030000
1772701139.7708189487 -0.7461687268 -0.6657568859 -0.0000000000 -6.5180180000 0.6657568859 -0.7461687268 0.0000000000 0.1806960000 0.0000000000 -0.0000000000 1.0000000000 0.0922430000
1772701139.8707764149 -0.7435021954 -0.6687334936 -0.0000000000 -6.5171870000 0.6687334936 -0.7435021954 0.0000000000 0.1807380000 0.0000000000 -0.0000000000 1.0000000000 0.0917170000
1772701139.9708814621 -0.7361276113 -0.6768427734 -0.0000000000 -6.5168560000 0.6768427734 -0.7361276113 0.0000000000 0.1809890000 0.0000000000 -0.0000000000 1.0000000000 0.0908030000
1772701140.0709583759 -0.7401328567 -0.6724606713 -0.0000000000 -6.5164960000 0.6724606713 -0.7401328567 0.0000000000 0.1817520000 0.0000000000 -0.0000000000 1.0000000000 0.0904340000
1772701140.1711330414 -0.7402896309 -0.6722880799 -0.0000000000 -6.5173260000 0.6722880799 -0.7402896309 0.0000000000 0.1811910000 0.0000000000 -0.0000000000 1.0000000000 0.0911820000
1772701140.2712213993 -0.7355112341 -0.6775125272 -0.0000000000 -6.5182670000 0.6775125272 -0.7355112341 0.0000000000 0.1802320000 0.0000000000 -0.0000000000 1.0000000000 0.0916800000
1772701140.3712072372 -0.7353502930 -0.6776872041 -0.0000000000 -6.5183660000 0.6776872041 -0.7353502930 0.0000000000 0.1795790000 0.0000000000 -0.0000000000 1.0000000000 0.0911060000
1772701140.4711215496 -0.7369211343 -0.6759787289 -0.0000000000 -6.5182870000 0.6759787289 -0.7369211343 0.0000000000 0.1806120000 0.0000000000 -0.0000000000 1.0000000000 0.0916670000
1772701140.5197577477 -0.7440666107 -0.6681054400 -0.0000000000 -6.5184070000 0.6681054400 -0.7440666107 0.0000000000 0.1812660000 0.0000000000 -0.0000000000 1.0000000000 0.0918260000
1772701140.6707971096 -0.7394530418 -0.6732081394 -0.0000000000 -6.5189270000 0.6732081394 -0.7394530418 0.0000000000 0.1813360000 0.0000000000 -0.0000000000 1.0000000000 0.0920170000
1772701140.7706725597 -0.7404569329 -0.6721038094 -0.0000000000 -6.5188870000 0.6721038094 -0.7404569329 0.0000000000 0.1816980000 0.0000000000 -0.0000000000 1.0000000000 0.0916610000
1772701140.8707044125 -0.7375530546 -0.6752891912 -0.0000000000 -6.5184460000 0.6752891912 -0.7375530546 0.0000000000 0.1821360000 0.0000000000 -0.0000000000 1.0000000000 0.0910390000
1772701140.9708321095 -0.7371842729 -0.6756917551 -0.0000000000 -6.5182260000 0.6756917551 -0.7371842729 0.0000000000 0.1820850000 0.0000000000 -0.0000000000 1.0000000000 0.0905730000
1772701141.0709922314 -0.7450733158 -0.6669825741 -0.0000000000 -6.5173660000 0.6669825741 -0.7450733158 0.0000000000 0.1810770000 0.0000000000 -0.0000000000 1.0000000000 0.0905120000
1772701141.1710927486 -0.7417466761 -0.6706801536 -0.0000000000 -6.5165560000 0.6706801536 -0.7417466761 0.0000000000 0.1810560000 0.0000000000 -0.0000000000 1.0000000000 0.0905790000
1772701141.2711787224 -0.7411872867 -0.6712982989 -0.0000000000 -6.5170650000 0.6712982989 -0.7411872867 0.0000000000 0.1818410000 0.0000000000 -0.0000000000 1.0000000000 0.0903730000
1772701141.3711402416 -0.7417148363 -0.6707153656 -0.0000000000 -6.5181560000 0.6707153656 -0.7417148363 0.0000000000 0.1821670000 0.0000000000 -0.0000000000 1.0000000000 0.0908730000
1772701141.4710817337 -0.7432525889 -0.6690109035 -0.0000000000 -6.5189460000 0.6690109035 -0.7432525889 0.0000000000 0.1828000000 0.0000000000 -0.0000000000 1.0000000000 0.0904460000
1772701141.5185296535 -0.7381210263 -0.6746683263 -0.0000000000 -6.5181760000 0.6746683263 -0.7381210263 0.0000000000 0.1832200000 0.0000000000 -0.0000000000 1.0000000000 0.0905160000
1772701141.6193325520 -0.7467944392 -0.6650549342 -0.0000000000 -6.5180350000 0.6650549342 -0.7467944392 0.0000000000 0.1831330000 0.0000000000 -0.0000000000 1.0000000000 0.0894440000
1772701141.7707612514 -0.7445983479 -0.6675127716 -0.0000000000 -6.5181550000 0.6675127716 -0.7445983479 0.0000000000 0.1835570000 0.0000000000 -0.0000000000 1.0000000000 0.0898460000
1772701141.8706772327 -0.7437537539 -0.6684537033 -0.0000000000 -6.5172460000 0.6684537033 -0.7437537539 0.0000000000 0.1836950000 0.0000000000 -0.0000000000 1.0000000000 0.0909370000
1772701141.9706134796 -0.7436481496 -0.6685711851 -0.0000000000 -6.5157670000 0.6685711851 -0.7436481496 0.0000000000 0.1840440000 0.0000000000 -0.0000000000 1.0000000000 0.0910820000
1772701142.0706076622 -0.7478005337 -0.6639234608 -0.0000000000 -6.5152460000 0.6639234608 -0.7478005337 0.0000000000 0.1853320000 0.0000000000 -0.0000000000 1.0000000000 0.0904430000
1772701142.1706566811 -0.7408382546 -0.6716834675 -0.0000000000 -6.5145450000 0.6716834675 -0.7408382546 0.0000000000 0.1861590000 0.0000000000 -0.0000000000 1.0000000000 0.0894720000
1772701142.2707474232 -0.7414527886 -0.6710050390 -0.0000000000 -6.5136260000 0.6710050390 -0.7414527886 0.0000000000 0.1860380000 0.0000000000 -0.0000000000 1.0000000000 0.0899370000
1772701142.3707859516 -0.7419947057 -0.6704057404 -0.0000000000 -6.5130660000 0.6704057404 -0.7419947057 0.0000000000 0.1866640000 0.0000000000 -0.0000000000 1.0000000000 0.0898140000
1772701142.4204616547 -0.7508345400 -0.6604903433 -0.0000000000 -6.5134950000 0.6604903433 -0.7508345400 0.0000000000 0.1871160000 0.0000000000 -0.0000000000 1.0000000000 0.0896400000
1772701142.5708761215 -0.7457757974 -0.6661970129 -0.0000000000 -6.5137460000 0.6661970129 -0.7457757974 0.0000000000 0.1872400000 0.0000000000 -0.0000000000 1.0000000000 0.0898820000
1772701142.6709187031 -0.7399669741 -0.6726432020 -0.0000000000 -6.5135760000 0.6726432020 -0.7399669741 0.0000000000 0.1867670000 0.0000000000 -0.0000000000 1.0000000000 0.0902970000
1772701142.7710652351 -0.7367853259 -0.6761267510 -0.0000000000 -6.5148960000 0.6761267510 -0.7367853259 0.0000000000 0.1868280000 0.0000000000 -0.0000000000 1.0000000000 0.0903470000
1772701142.8208045959 -0.7352150340 -0.6778339427 -0.0000000000 -6.5152050000 0.6778339427 -0.7352150340 0.0000000000 0.1865320000 0.0000000000 -0.0000000000 1.0000000000 0.0891590000
1772701142.9710521698 -0.7357539107 -0.6772489814 -0.0000000000 -6.5151140000 0.6772489814 -0.7357539107 0.0000000000 0.1850510000 0.0000000000 -0.0000000000 1.0000000000 0.0888540000
1772701143.0710330009 -0.7397557198 -0.6728755272 -0.0000000000 -6.5149850000 0.6728755272 -0.7397557198 0.0000000000 0.1834830000 0.0000000000 -0.0000000000 1.0000000000 0.0895300000
1772701143.1198706627 -0.7363287147 -0.6766239900 -0.0000000000 -6.5137850000 0.6766239900 -0.7363287147 0.0000000000 0.1827810000 0.0000000000 -0.0000000000 1.0000000000 0.0901450000
1772701143.2708175182 -0.7392761063 -0.6734024344 -0.0000000000 -6.5131550000 0.6734024344 -0.7392761063 0.0000000000 0.1828210000 0.0000000000 -0.0000000000 1.0000000000 0.0900610000
1772701143.3706383705 -0.7398482542 -0.6727737813 -0.0000000000 -6.5134150000 0.6727737813 -0.7398482542 0.0000000000 0.1827330000 0.0000000000 -0.0000000000 1.0000000000 0.0900290000
1772701143.4706583023 -0.7357275766 -0.6772775893 -0.0000000000 -6.5132140000 0.6772775893 -0.7357275766 0.0000000000 0.1823290000 0.0000000000 -0.0000000000 1.0000000000 0.0892320000
1772701143.5704128742 -0.7361732670 -0.6767931153 -0.0000000000 -6.5134140000 0.6767931153 -0.7361732670 0.0000000000 0.1814040000 0.0000000000 -0.0000000000 1.0000000000 0.0893750000
1772701143.6703729630 -0.7398491753 -0.6727727683 -0.0000000000 -6.5134140000 0.6727727683 -0.7398491753 0.0000000000 0.1803080000 0.0000000000 -0.0000000000 1.0000000000 0.0896820000
1772701143.7703909874 -0.7286699162 -0.6848650621 -0.0000000000 -6.5129250000 0.6848650621 -0.7286699162 0.0000000000 0.1795520000 0.0000000000 -0.0000000000 1.0000000000 0.0901370000
1772701143.8704931736 -0.7314431332 -0.6819024439 -0.0000000000 -6.5126840000 0.6819024439 -0.7314431332 0.0000000000 0.1786050000 0.0000000000 -0.0000000000 1.0000000000 0.0894420000
1772701143.9704794884 -0.7300497093 -0.6833940459 -0.0000000000 -6.5126530000 0.6833940459 -0.7300497093 0.0000000000 0.1772980000 0.0000000000 -0.0000000000 1.0000000000 0.0893240000
1772701144.0704343319 -0.7236287620 -0.6901894050 -0.0000000000 -6.5125030000 0.6901894050 -0.7236287620 0.0000000000 0.1757240000 0.0000000000 -0.0000000000 1.0000000000 0.0893120000
1772701144.1209356785 -0.7277422367 -0.6858507396 -0.0000000000 -6.5131130000 0.6858507396 -0.7277422367 0.0000000000 0.1751210000 0.0000000000 -0.0000000000 1.0000000000 0.0888990000
1772701144.2705707550 -0.7294994818 -0.6839813638 -0.0000000000 -6.5146130000 0.6839813638 -0.7294994818 0.0000000000 0.1753460000 0.0000000000 -0.0000000000 1.0000000000 0.0887590000
1772701144.3704550266 -0.7338613404 -0.6792992956 -0.0000000000 -6.5167220000 0.6792992956 -0.7338613404 0.0000000000 0.1759710000 0.0000000000 -0.0000000000 1.0000000000 0.0880970000
1772701144.4704320431 -0.7331290549 -0.6800895447 -0.0000000000 -6.5181120000 0.6800895447 -0.7331290549 0.0000000000 0.1763970000 0.0000000000 -0.0000000000 1.0000000000 0.0885210000
1772701144.5704712868 -0.7338141898 -0.6793502299 -0.0000000000 -6.5178940000 0.6793502299 -0.7338141898 0.0000000000 0.1773780000 0.0000000000 -0.0000000000 1.0000000000 0.0898020000
1772701144.6206197739 -0.7383119167 -0.6744594233 -0.0000000000 -6.5184750000 0.6744594233 -0.7383119167 0.0000000000 0.1791120000 0.0000000000 -0.0000000000 1.0000000000 0.0900390000
1772701144.7211277485 -0.7377996391 -0.6750197719 -0.0000000000 -6.5196350000 0.6750197719 -0.7377996391 0.0000000000 0.1794460000 0.0000000000 -0.0000000000 1.0000000000 0.0902390000
1772701144.8708219528 -0.7322008177 -0.6810888066 -0.0000000000 -6.5195640000 0.6810888066 -0.7322008177 0.0000000000 0.1786310000 0.0000000000 -0.0000000000 1.0000000000 0.0898720000
1772701144.9709537029 -0.7324655114 -0.6808041382 -0.0000000000 -6.5196640000 0.6808041382 -0.7324655114 0.0000000000 0.1783330000 0.0000000000 -0.0000000000 1.0000000000 0.0899880000
1772701145.0710861683 -0.7355329132 -0.6774889914 -0.0000000000 -6.5195630000 0.6774889914 -0.7355329132 0.0000000000 0.1778390000 0.0000000000 -0.0000000000 1.0000000000 0.0891810000
1772701145.1711297035 -0.7325905537 -0.6806695825 -0.0000000000 -6.5187620000 0.6806695825 -0.7325905537 0.0000000000 0.1772880000 0.0000000000 -0.0000000000 1.0000000000 0.0883710000
1772701145.2711088657 -0.7306455585 -0.6827569610 -0.0000000000 -6.5187320000 0.6827569610 -0.7306455585 0.0000000000 0.1769730000 0.0000000000 -0.0000000000 1.0000000000 0.0882530000
1772701145.3710732460 -0.7309472457 -0.6824339705 -0.0000000000 -6.5188630000 0.6824339705 -0.7309472457 0.0000000000 0.1779310000 0.0000000000 -0.0000000000 1.0000000000 0.0891920000
1772701145.4709179401 -0.7332617606 -0.6799464614 -0.0000000000 -6.5196840000 0.6799464614 -0.7332617606 0.0000000000 0.1793630000 0.0000000000 -0.0000000000 1.0000000000 0.0898170000
1772701145.5706994534 -0.7332315173 -0.6799790747 -0.0000000000 -6.5196050000 0.6799790747 -0.7332315173 0.0000000000 0.1795240000 0.0000000000 -0.0000000000 1.0000000000 0.0900050000
1772701145.7703955173 -0.7282889618 -0.6852701570 -0.0000000000 -6.5180050000 0.6852701570 -0.7282889618 0.0000000000 0.1787650000 0.0000000000 -0.0000000000 1.0000000000 0.0906390000
1772701145.8702912331 -0.7297529434 -0.6837109343 -0.0000000000 -6.5170060000 0.6837109343 -0.7297529434 0.0000000000 0.1779750000 0.0000000000 -0.0000000000 1.0000000000 0.0908970000
1772701145.9702751637 -0.7273803724 -0.6862345036 -0.0000000000 -6.5165340000 0.6862345036 -0.7273803724 0.0000000000 0.1770780000 0.0000000000 -0.0000000000 1.0000000000 0.0901600000
1772701146.0703129768 -0.7268822567 -0.6867621022 -0.0000000000 -6.5166950000 0.6867621022 -0.7268822567 0.0000000000 0.1772250000 0.0000000000 -0.0000000000 1.0000000000 0.0907580000
1772701146.1704373360 -0.7331017864 -0.6801189387 -0.0000000000 -6.5171150000 0.6801189387 -0.7331017864 0.0000000000 0.1781700000 0.0000000000 -0.0000000000 1.0000000000 0.0905280000
1772701146.2705438137 -0.7328062733 -0.6804373342 -0.0000000000 -6.5164750000 0.6804373342 -0.7328062733 0.0000000000 0.1787590000 0.0000000000 -0.0000000000 1.0000000000 0.0906300000
1772701146.3223206997 -0.7303699714 -0.6830517586 -0.0000000000 -6.5166050000 0.6830517586 -0.7303699714 0.0000000000 0.1783860000 0.0000000000 -0.0000000000 1.0000000000 0.0902600000
1772701146.4239776134 -0.7262444642 -0.6874365267 -0.0000000000 -6.5171350000 0.6874365267 -0.7262444642 0.0000000000 0.1784180000 0.0000000000 -0.0000000000 1.0000000000 0.0906000000
1772701146.5705170631 -0.7232976076 -0.6905364370 -0.0000000000 -6.5174470000 0.6905364370 -0.7232976076 0.0000000000 0.1794790000 0.0000000000 -0.0000000000 1.0000000000 0.0915740000
1772701146.6218285561 -0.7280080912 -0.6855685372 -0.0000000000 -6.5184660000 0.6855685372 -0.7280080912 0.0000000000 0.1801480000 0.0000000000 -0.0000000000 1.0000000000 0.0909680000
1772701146.7705712318 -0.7305160576 -0.6828955188 -0.0000000000 -6.5197960000 0.6828955188 -0.7305160576 0.0000000000 0.1811030000 0.0000000000 -0.0000000000 1.0000000000 0.0909460000
1772701146.8225467205 -0.7297712946 -0.6836913468 -0.0000000000 -6.5200160000 0.6836913468 -0.7297712946 0.0000000000 0.1826870000 0.0000000000 -0.0000000000 1.0000000000 0.0905440000
1772701146.9707586765 -0.7361299723 -0.6768402056 -0.0000000000 -6.5194450000 0.6768402056 -0.7361299723 0.0000000000 0.1833730000 0.0000000000 -0.0000000000 1.0000000000 0.0900970000
1772701147.0707569122 -0.7393181193 -0.6733563087 -0.0000000000 -6.5196660000 0.6733563087 -0.7393181193 0.0000000000 0.1832510000 0.0000000000 -0.0000000000 1.0000000000 0.0902400000
1772701147.1222145557 -0.7408371907 -0.6716846409 -0.0000000000 -6.5208660000 0.6716846409 -0.7408371907 0.0000000000 0.1824230000 0.0000000000 -0.0000000000 1.0000000000 0.0904240000
1772701147.2707173824 -0.7421606090 -0.6702220755 -0.0000000000 -6.5207350000 0.6702220755 -0.7421606090 0.0000000000 0.1805460000 0.0000000000 -0.0000000000 1.0000000000 0.0902970000
1772701147.3225927353 -0.7429928398 -0.6692993650 -0.0000000000 -6.5192850000 0.6692993650 -0.7429928398 0.0000000000 0.1797230000 0.0000000000 -0.0000000000 1.0000000000 0.0904040000
1772701147.4708223343 -0.7431702095 -0.6691024135 -0.0000000000 -6.5187450000 0.6691024135 -0.7431702095 0.0000000000 0.1795890000 0.0000000000 -0.0000000000 1.0000000000 0.0903700000
1772701147.5708849430 -0.7429523919 -0.6693442637 -0.0000000000 -6.5191650000 0.6693442637 -0.7429523919 0.0000000000 0.1796170000 0.0000000000 -0.0000000000 1.0000000000 0.0902990000
1772701147.6232416630 -0.7361072581 -0.6768649087 -0.0000000000 -6.5177040000 0.6768649087 -0.7361072581 0.0000000000 0.1799210000 0.0000000000 -0.0000000000 1.0000000000 0.0897030000
1772701147.7250566483 -0.7423425990 -0.6700204965 -0.0000000000 -6.5166740000 0.6700204965 -0.7423425990 0.0000000000 0.1802540000 0.0000000000 -0.0000000000 1.0000000000 0.0896820000
1772701147.8223326206 -0.7393362778 -0.6733363709 -0.0000000000 -6.5171250000 0.6733363709 -0.7393362778 0.0000000000 0.1804510000 0.0000000000 -0.0000000000 1.0000000000 0.0899170000
1772701147.9225885868 -0.7390151765 -0.6736887774 -0.0000000000 -6.5180640000 0.6736887774 -0.7390151765 0.0000000000 0.1803650000 0.0000000000 -0.0000000000 1.0000000000 0.0897310000
1772701148.0233316422 -0.7379939390 -0.6748073399 -0.0000000000 -6.5189060000 0.6748073399 -0.7379939390 0.0000000000 0.1802810000 0.0000000000 -0.0000000000 1.0000000000 0.0906780000
1772701148.1261456013 -0.7416258644 -0.6708137426 -0.0000000000 -6.5194560000 0.6708137426 -0.7416258644 0.0000000000 0.1800800000 0.0000000000 -0.0000000000 1.0000000000 0.0913780000
