1772700810.078173161 -0.005161 0.009471 -0.007055 0.001020 -0.020097 0.002287 0.999795
1772700810.178200245 -0.005435 0.010877 -0.006088 0.000886 -0.020145 0.002157 0.999794
1772700810.278194904 -0.006424 0.011827 -0.006656 0.000923 -0.020211 0.002169 0.999793
1772700810.378247023 -0.006281 0.011589 -0.004947 0.000904 -0.020144 0.002100 0.999794
1772700810.397518635 -0.006211 0.011517 -0.004799 0.000782 -0.020468 0.001870 0.999788
1772700810.578329563 -0.006340 0.010411 -0.003937 0.000985 -0.020142 0.002199 0.999794
1772700810.678360462 -0.006794 0.009941 -0.004492 0.000907 -0.020192 0.002158 0.999793
1772700810.778379440 -0.007499 0.010645 -0.004383 0.000924 -0.020290 0.002207 0.999791
1772700810.878526449 -0.007705 0.010411 -0.003736 0.000985 -0.020469 0.002079 0.999788
1772700810.978599072 -0.006722 0.009948 -0.004012 0.000886 -0.020079 0.002246 0.999795
1772700811.078646421 -0.005802 0.010400 -0.004538 0.000824 -0.020284 0.002117 0.999792
1772700811.178637505 -0.004074 0.010428 -0.004228 0.000939 -0.020058 0.002119 0.999796
1772700811.278591156 -0.003074 0.011201 -0.004232 0.001011 -0.020251 0.002070 0.999792
1772700811.378512144 -0.002551 0.011601 -0.003319 0.000766 -0.020320 0.002172 0.999791
1772700811.478414774 -0.002299 0.010873 -0.004201 0.000895 -0.020289 0.002119 0.999791
1772700811.578417540 -0.002382 0.009960 -0.003859 0.000884 -0.020160 0.002145 0.999794
1772700811.678387165 -0.002353 0.009804 -0.004603 0.001001 -0.020316 0.002134 0.999791
1772700811.778414249 -0.003080 0.009468 -0.004577 0.000875 -0.020224 0.002227 0.999793
1772700811.878440619 -0.004232 0.009718 -0.004739 0.000856 -0.020393 0.002068 0.999790
1772700811.978529692 -0.005200 0.009575 -0.005087 0.000842 -0.020280 0.002147 0.999792
1772700812.078594685 -0.005445 0.009924 -0.005028 0.001014 -0.020208 0.002167 0.999793
1772700812.178655624 -0.005368 0.010437 -0.005217 0.000712 -0.020312 0.002212 0.999791
1772700812.278654337 -0.005732 0.010901 -0.005430 0.000901 -0.020165 0.002175 0.999794
1772700812.378640175 -0.006193 0.010839 -0.004843 0.000887 -0.020247 0.002140 0.999792
1772700812.478595018 -0.006518 0.010558 -0.004755 0.000941 -0.020461 0.002097 0.999788
1772700812.578538418 -0.006600 0.009701 -0.004126 0.000840 -0.020248 0.002300 0.999792
1772700812.678401709 -0.008142 0.009129 -0.004112 0.000890 -0.020336 0.002211 0.999790
1772700812.778331757 -0.007684 0.009531 -0.004053 0.000935 -0.020289 0.002234 0.999791
1772700812.878257036 -0.005889 0.011084 -0.004682 0.000984 -0.020379 0.002205 0.999789
1772700812.978244781 -0.005689 0.011331 -0.004283 0.000846 -0.020207 0.002256 0.999793
1772700813.078248978 -0.005580 0.010850 -0.004243 0.000923 -0.020389 0.002162 0.999789
1772700813.178332806 -0.005540 0.010705 -0.003892 0.001028 -0.020145 0.002196 0.999794
1772700813.278424740 -0.006265 0.010230 -0.004316 0.000984 -0.020346 0.002111 0.999790
1772700813.378578186 -0.005972 0.009546 -0.004084 0.000889 -0.020146 0.002227 0.999794
1772700813.478620052 -0.005628 0.008475 -0.004152 0.000906 -0.020419 0.002204 0.999789
1772700813.578706026 -0.005400 0.008870 -0.005030 0.000865 -0.020251 0.002202 0.999792
1772700813.678711414 -0.005113 0.009442 -0.004228 0.001089 -0.020172 0.002207 0.999794
1772700813.778717756 -0.004437 0.008997 -0.005096 0.000870 -0.020063 0.002088 0.999796
1772700813.878704309 -0.003314 0.008485 -0.004935 0.000939 -0.020214 0.002251 0.999793
1772700813.978657722 -0.002501 0.007979 -0.004883 0.000847 -0.020215 0.002187 0.999793
1772700814.078565598 -0.002654 0.008211 -0.004640 0.000990 -0.020148 0.002211 0.999794
1772700814.178618908 -0.003632 0.008609 -0.004073 0.000937 -0.020150 0.002246 0.999794
1772700814.278290749 -0.003999 0.008664 -0.003680 0.000927 -0.020217 0.002194 0.999793
1772700814.299696684 -0.004017 0.008655 -0.003405 0.000943 -0.020298 0.002012 0.999791
1772700814.478131294 -0.004188 0.009684 -0.004655 0.001117 -0.020188 0.002157 0.999793
1772700814.578146219 -0.004490 0.010148 -0.005054 0.000786 -0.020237 0.002130 0.999793
1772700814.678218365 -0.005081 0.010069 -0.005695 0.000925 -0.020220 0.002155 0.999793
1772700814.778227091 -0.005571 0.010346 -0.004892 0.000936 -0.020201 0.002091 0.999793
1772700814.878190279 -0.005722 0.010882 -0.004848 0.001033 -0.020300 0.002215 0.999791
1772700814.978108168 -0.004910 0.010403 -0.005047 0.000859 -0.020251 0.002186 0.999792
1772700815.078143835 -0.004322 0.009340 -0.004998 0.000873 -0.020248 0.002205 0.999792
1772700815.178196192 -0.005155 0.007631 -0.004345 0.000913 -0.020282 0.002171 0.999792
1772700815.278363466 -0.005260 0.006045 -0.004489 0.000887 -0.020287 0.002203 0.999791
1772700815.378420353 -0.003711 0.005553 -0.004770 0.000888 -0.020071 0.002142 0.999796
1772700815.478454351 -0.002653 0.006713 -0.004378 0.000875 -0.020304 0.002148 0.999791
1772700815.578420162 -0.002941 0.009213 -0.004881 0.000843 -0.020287 0.002178 0.999792
1772700815.678368807 -0.003807 0.010526 -0.005080 0.000966 -0.020319 0.002139 0.999791
1772700815.778405666 -0.004274 0.010252 -0.005293 0.000849 -0.020104 0.002179 0.999795
1772700815.878300428 -0.004277 0.010845 -0.005028 0.000953 -0.020084 0.002206 0.999795
1772700815.978262424 -0.005527 0.011420 -0.005092 0.000836 -0.020312 0.002139 0.999791
1772700816.078223467 -0.006030 0.011174 -0.004994 0.001022 -0.020214 0.002150 0.999793
1772700816.178237438 -0.005399 0.010506 -0.004871 0.000928 -0.020098 0.002164 0.999795
1772700816.278381824 -0.004706 0.010331 -0.004993 0.000977 -0.020274 0.002181 0.999792
1772700816.378491402 -0.004258 0.010984 -0.004924 0.000912 -0.020209 0.002180 0.999793
1772700816.478601933 -0.004266 0.012432 -0.005184 0.000898 -0.020422 0.002082 0.999789
1772700816.578668594 -0.004612 0.013322 -0.004698 0.000906 -0.020302 0.002279 0.999791
1772700816.678675652 -0.006057 0.012235 -0.005271 0.000982 -0.020135 0.002159 0.999794
1772700816.778616905 -0.007595 0.010566 -0.005030 0.001035 -0.020056 0.002217 0.999796
1772700816.878614902 -0.007216 0.009705 -0.004918 0.001031 -0.020243 0.002161 0.999792
1772700816.978601456 -0.006295 0.009336 -0.005224 0.000825 -0.020298 0.002289 0.999791
1772700817.078632593 -0.005591 0.009091 -0.004388 0.000931 -0.020201 0.002151 0.999793
1772700817.178677559 -0.004447 0.008754 -0.004417 0.000959 -0.020290 0.002110 0.999791
1772700817.278764725 -0.002962 0.008742 -0.004856 0.001028 -0.020270 0.002092 0.999792
1772700817.378931284 -0.003024 0.009429 -0.005443 0.000720 -0.020199 0.002144 0.999793
1772700817.479073048 -0.004660 0.009735 -0.005524 0.000921 -0.020100 0.002106 0.999795
1772700817.579130411 -0.004961 0.010602 -0.004945 0.000971 -0.020226 0.002196 0.999792
1772700817.679140568 -0.004713 0.011708 -0.004393 0.000928 -0.020349 0.002085 0.999790
1772700817.779161215 -0.004359 0.012179 -0.004162 0.000827 -0.020195 0.002159 0.999793
1772700817.879153728 -0.003864 0.012747 -0.004501 0.000900 -0.020472 0.002119 0.999788
1772700817.979172945 -0.003075 0.013311 -0.004528 0.000943 -0.020093 0.002188 0.999795
1772700818.079126835 -0.003669 0.014097 -0.004033 0.001054 -0.020155 0.002158 0.999794
1772700818.179070473 -0.004809 0.014058 -0.004294 0.000864 -0.020249 0.002200 0.999792
1772700818.279025316 -0.005394 0.012962 -0.004048 0.001037 -0.020136 0.002168 0.999794
1772700818.378906727 -0.005574 0.011582 -0.004216 0.000957 -0.020168 0.002130 0.999794
1772700818.478864193 -0.005872 0.010787 -0.004316 0.001070 -0.020377 0.002099 0.999790
1772700818.578773499 -0.005273 0.010256 -0.004386 0.000841 -0.020177 0.002253 0.999794
1772700818.678644896 -0.005461 0.010100 -0.004886 0.000997 -0.020245 0.002196 0.999792
1772700818.778596401 -0.005489 0.010456 -0.004568 0.000867 -0.020307 0.002220 0.999791
1772700818.878472328 -0.005163 0.010720 -0.004532 0.000998 -0.020154 0.002242 0.999794
1772700818.978398323 -0.005304 0.010352 -0.005014 0.000909 -0.020330 0.002252 0.999790
1772700819.078345060 -0.005653 0.010488 -0.004942 0.001083 -0.020086 0.002133 0.999795
1772700819.178388834 -0.005478 0.011142 -0.004471 0.000919 -0.020217 0.002179 0.999793
1772700819.278469086 -0.004335 0.011327 -0.004303 0.001051 -0.020319 0.002097 0.999791
1772700819.378671169 -0.004234 0.011502 -0.004973 0.001021 -0.020043 0.002182 0.999796
1772700819.478750706 -0.004356 0.011369 -0.004808 0.000909 -0.020200 0.002171 0.999793
1772700819.578857899 -0.004010 0.010819 -0.004881 0.000837 -0.020348 0.002138 0.999790
1772700819.678964853 -0.003340 0.010460 -0.004746 0.001078 -0.020232 0.002218 0.999792
1772700819.779057980 -0.002740 0.010581 -0.003911 0.000919 -0.020214 0.002217 0.999793
1772700819.879108191 -0.002708 0.009996 -0.003627 0.000874 -0.020370 0.002154 0.999790
1772700819.979088545 -0.004016 0.009196 -0.003835 0.000933 -0.020169 0.002035 0.999794
1772700820.079000473 -0.004219 0.009184 -0.004593 0.000958 -0.020245 0.002107 0.999792
1772700820.178915262 -0.004384 0.010627 -0.004836 0.000918 -0.020135 0.002259 0.999794
1772700820.278871059 -0.006383 0.011810 -0.005045 0.000913 -0.020198 0.002220 0.999793
1772700820.378883362 -0.007093 0.012646 -0.005400 0.000986 -0.020062 0.002241 0.999796
1772700820.478921413 -0.006712 0.012912 -0.005362 0.000928 -0.020405 0.002127 0.999789
1772700820.578943014 -0.005612 0.012315 -0.004983 0.000825 -0.020230 0.002191 0.999793
1772700820.679031372 -0.004636 0.011789 -0.004989 0.000900 -0.020267 0.002075 0.999792
1772700820.779035091 -0.004123 0.011536 -0.005948 0.000905 -0.020276 0.002089 0.999792
1772700820.878986120 -0.004691 0.010698 -0.005749 0.000990 -0.020194 0.002143 0.999793
1772700820.978793621 -0.005114 0.010065 -0.005164 0.000853 -0.020173 0.002225 0.999794
1772700821.078630209 -0.003915 0.010494 -0.005071 0.000885 -0.020512 0.002182 0.999787
1772700821.178464651 -0.003006 0.010691 -0.005575 0.000895 -0.020317 0.002178 0.999791
1772700821.278368950 -0.001953 0.010575 -0.004924 0.000960 -0.020324 0.002166 0.999791
1772700821.378317356 -0.001559 0.011620 -0.005503 0.000855 -0.020212 0.002201 0.999793
1772700821.478311777 -0.001530 0.012734 -0.005117 0.001029 -0.020305 0.002256 0.999791
1772700821.578316689 -0.002938 0.012963 -0.005370 0.000952 -0.020237 0.002294 0.999792
1772700821.678294659 -0.003939 0.013085 -0.005434 0.001065 -0.020112 0.002142 0.999795
1772700821.778236389 -0.004232 0.013184 -0.005229 0.000910 -0.020148 0.002270 0.999794
1772700821.878201723 -0.004355 0.012474 -0.006030 0.000938 -0.020153 0.002242 0.999794
1772700821.978133202 -0.003889 0.010373 -0.005012 0.000894 -0.020193 0.002190 0.999793
1772700822.078095913 -0.004376 0.009107 -0.004743 0.000959 -0.020229 0.002197 0.999792
1772700822.178067684 -0.005131 0.009234 -0.004979 0.000845 -0.020133 0.002253 0.999794
1772700822.277991056 -0.005964 0.010134 -0.004975 0.000944 -0.020339 0.002253 0.999790
1772700822.377861500 -0.005848 0.010867 -0.005248 0.000880 -0.020417 0.002148 0.999789
1772700822.477757931 -0.004755 0.010089 -0.005756 0.001035 -0.020333 0.002196 0.999790
1772700822.577692509 -0.004026 0.009053 -0.005416 0.000917 -0.020140 0.002225 0.999794
1772700822.677637339 -0.004201 0.009586 -0.005664 0.001015 -0.020151 0.002186 0.999794
1772700822.777734518 -0.004150 0.010321 -0.005447 0.000895 -0.020355 0.002131 0.999790
1772700822.877817392 -0.003246 0.010513 -0.005454 0.000946 -0.020277 0.002113 0.999792
1772700822.977997303 -0.003167 0.010260 -0.004493 0.000948 -0.020066 0.002238 0.999796
1772700823.078109503 -0.003503 0.010713 -0.004929 0.001022 -0.020255 0.002206 0.999792
1772700823.178110123 -0.003803 0.010777 -0.005533 0.000876 -0.020289 0.002189 0.999791
1772700823.278069735 -0.004290 0.011244 -0.005121 0.001052 -0.020249 0.002192 0.999792
1772700823.378116131 -0.003875 0.011318 -0.005236 0.000965 -0.020044 0.002314 0.999796
1772700823.478247166 -0.002895 0.011240 -0.005788 0.001016 -0.020270 0.002277 0.999791
1772700823.578269720 -0.002327 0.011627 -0.005409 0.000913 -0.020179 0.002342 0.999793
1772700823.678232431 -0.002514 0.012338 -0.005215 0.001041 -0.020347 0.002271 0.999790
1772700823.778136015 -0.002837 0.012503 -0.005111 0.000887 -0.020253 0.002377 0.999792
1772700823.878004551 -0.003620 0.012699 -0.004997 0.001019 -0.020241 0.002272 0.999792
1772700823.977928638 -0.003774 0.012866 -0.005244 0.000984 -0.020308 0.002266 0.999791
1772700824.077854633 -0.004285 0.013407 -0.005445 0.001100 -0.020175 0.002187 0.999794
1772700824.177791357 -0.004229 0.014039 -0.005572 0.000887 -0.020128 0.002263 0.999794
1772700824.277766466 -0.004498 0.014157 -0.005512 0.001051 -0.020079 0.002215 0.999795
1772700824.377750874 -0.005510 0.014028 -0.006018 0.000893 -0.020311 0.002132 0.999791
1772700824.477840662 -0.006154 0.013886 -0.006763 0.000983 -0.020206 0.002152 0.999793
1772700824.577930927 -0.005932 0.013554 -0.006532 0.000878 -0.020223 0.002204 0.999793
1772700824.677983284 -0.004989 0.012214 -0.006286 0.000964 -0.020208 0.002258 0.999793
1772700824.778079748 -0.004193 0.010614 -0.005569 0.000995 -0.020101 0.002289 0.999795
1772700824.878147125 -0.003277 0.011159 -0.005506 0.001066 -0.020205 0.002124 0.999793
1772700824.978119612 -0.001873 0.011872 -0.005712 0.000962 -0.020153 0.002289 0.999794
1772700825.078095198 -0.000905 0.012167 -0.006271 0.000919 -0.020222 0.002228 0.999793
1772700825.178081751 -0.000046 0.012071 -0.006193 0.000909 -0.020240 0.002183 0.999792
1772700825.278082132 -0.000021 0.011941 -0.006524 0.001038 -0.020183 0.002141 0.999793
1772700825.378193378 -0.001816 0.012658 -0.006982 0.000863 -0.020105 0.002160 0.999795
1772700825.478026628 -0.002545 0.013417 -0.006489 0.000987 -0.020293 0.002155 0.999791
1772700825.578025579 -0.002727 0.012610 -0.006271 0.000967 -0.020131 0.002188 0.999794
1772700825.678004026 -0.002753 0.010909 -0.006011 0.001039 -0.020166 0.002229 0.999794
1772700825.777931690 -0.003097 0.011136 -0.006124 0.000914 -0.020180 0.002310 0.999793
1772700825.877990246 -0.003522 0.010997 -0.005851 0.000911 -0.020443 0.002270 0.999788
1772700825.977952719 -0.004357 0.009847 -0.005650 0.000953 -0.020226 0.002297 0.999792
1772700826.077934980 -0.005042 0.009526 -0.006178 0.000953 -0.020297 0.002238 0.999791
1772700826.177975416 -0.004702 0.009526 -0.006489 0.000933 -0.020129 0.002305 0.999794
1772700826.278039217 -0.005132 0.009570 -0.006256 0.000985 -0.020086 0.002285 0.999795
1772700826.378032207 -0.004976 0.009801 -0.005897 0.000850 -0.020148 0.002329 0.999794
1772700826.477963924 -0.004615 0.010011 -0.006109 0.000952 -0.020289 0.002271 0.999791
1772700826.577852964 -0.004380 0.011305 -0.005353 0.000947 -0.020067 0.002311 0.999795
1772700826.677741766 -0.005042 0.013200 -0.005490 0.001003 -0.020171 0.002239 0.999793
1772700826.777774811 -0.005966 0.014325 -0.005717 0.000928 -0.020245 0.002275 0.999792
1772700826.877791166 -0.005516 0.013550 -0.006228 0.001042 -0.020238 0.002170 0.999792
1772700826.977904558 -0.004508 0.012272 -0.005563 0.000903 -0.020240 0.002268 0.999792
1772700827.077934027 -0.004078 0.012582 -0.005519 0.000930 -0.020306 0.002244 0.999791
1772700827.177966595 -0.003330 0.012970 -0.005162 0.000958 -0.020200 0.002318 0.999793
1772700827.277926683 -0.003169 0.012818 -0.005470 0.001089 -0.020158 0.002305 0.999794
1772700827.377892733 -0.003386 0.012250 -0.005234 0.000956 -0.020259 0.002347 0.999791
1772700827.477985382 -0.002816 0.011885 -0.005360 0.001021 -0.020194 0.002266 0.999793
1772700827.578028679 -0.002824 0.012362 -0.005405 0.000881 -0.020351 0.002222 0.999790
1772700827.678038120 -0.003075 0.011935 -0.005352 0.001010 -0.020289 0.002340 0.999791
1772700827.778040171 -0.002996 0.010729 -0.004505 0.000956 -0.020314 0.002293 0.999791
1772700827.877990961 -0.003543 0.009748 -0.004150 0.000947 -0.020374 0.002231 0.999789
1772700827.978023767 -0.002978 0.009474 -0.004737 0.001004 -0.020256 0.002255 0.999792
1772700828.077984571 -0.002328 0.010453 -0.005221 0.001001 -0.020439 0.002191 0.999788
1772700828.177931547 -0.003094 0.011228 -0.004726 0.000920 -0.020231 0.002317 0.999792
1772700828.277901649 -0.004449 0.012146 -0.004701 0.001018 -0.020369 0.002324 0.999789
1772700828.377832174 -0.004161 0.012800 -0.005001 0.000880 -0.020221 0.002178 0.999793
1772700828.477686882 -0.003454 0.012177 -0.004553 0.001070 -0.020311 0.002258 0.999791
1772700828.577703714 -0.003216 0.010932 -0.004699 0.000937 -0.020079 0.002211 0.999795
1772700828.677671432 -0.004332 0.011074 -0.005422 0.001009 -0.020209 0.002219 0.999793
1772700828.777805805 -0.004814 0.010885 -0.005791 0.000934 -0.020339 0.002264 0.999790
1772700828.877550125 -0.003406 0.010628 -0.006269 0.001026 -0.020406 0.002233 0.999789
1772700828.977540016 -0.001897 0.010919 -0.006651 0.000859 -0.020328 0.002224 0.999791
1772700829.077541828 -0.000658 0.012208 -0.006695 0.000974 -0.020467 0.002189 0.999788
1772700829.177498341 -0.000560 0.012840 -0.006045 0.000957 -0.020222 0.002253 0.999792
1772700829.277468920 -0.001267 0.012034 -0.005900 0.001010 -0.020329 0.002196 0.999790
1772700829.377447844 -0.002261 0.011161 -0.006341 0.000902 -0.020125 0.002267 0.999794
1772700829.477443933 -0.002386 0.010489 -0.006625 0.001045 -0.020193 0.002169 0.999793
1772700829.577391624 -0.001904 0.010201 -0.006281 0.001012 -0.020142 0.002180 0.999794
1772700829.677404404 -0.000952 0.010786 -0.006097 0.000917 -0.020345 0.002265 0.999790
1772700829.777328968 -0.001039 0.011549 -0.005772 0.000990 -0.020214 0.002235 0.999793
1772700829.877254963 -0.000447 0.012315 -0.005783 0.000931 -0.020305 0.002322 0.999791
1772700829.977249622 -0.000130 0.012232 -0.005674 0.000900 -0.020220 0.002323 0.999792
1772700830.077224016 -0.000346 0.011796 -0.005435 0.001021 -0.020351 0.002280 0.999790
1772700830.177249193 -0.001566 0.012125 -0.005197 0.000859 -0.020260 0.002333 0.999792
1772700830.277297020 -0.003663 0.011534 -0.005150 0.000961 -0.020335 0.002312 0.999790
1772700830.377380133 -0.004412 0.010733 -0.005074 0.000989 -0.020176 0.002295 0.999793
1772700830.477422237 -0.003758 0.009952 -0.005729 0.001051 -0.020177 0.002250 0.999793
1772700830.577407837 -0.003361 0.010536 -0.005768 0.001004 -0.020184 0.002341 0.999793
1772700830.677394867 -0.004376 0.010924 -0.005238 0.001081 -0.020112 0.002239 0.999795
1772700830.777384281 -0.005410 0.010987 -0.005391 0.000975 -0.020328 0.002264 0.999790
1772700830.877364159 -0.004967 0.010625 -0.004796 0.000901 -0.020389 0.002251 0.999789
1772700830.977310181 -0.004903 0.009987 -0.003854 0.000940 -0.020213 0.002349 0.999792
1772700831.077322006 -0.005298 0.009492 -0.004443 0.000986 -0.020297 0.002259 0.999791
1772700831.177337646 -0.005373 0.009685 -0.004242 0.000926 -0.020217 0.002281 0.999793
1772700831.277337313 -0.004935 0.009893 -0.004581 0.000993 -0.020316 0.002289 0.999790
1772700831.377327681 -0.003610 0.009442 -0.005253 0.000972 -0.020094 0.002289 0.999795
1772700831.477273226 -0.003279 0.009832 -0.004983 0.000933 -0.020311 0.002240 0.999791
1772700831.577226400 -0.002757 0.010510 -0.005624 0.001010 -0.020338 0.002216 0.999790
1772700831.677153826 -0.002129 0.010732 -0.005438 0.001036 -0.020375 0.002307 0.999789
1772700831.777123451 -0.001371 0.010389 -0.005120 0.000916 -0.020329 0.002228 0.999790
1772700831.877157688 -0.001886 0.010096 -0.005932 0.000872 -0.020418 0.002223 0.999789
1772700831.977194309 -0.000980 0.009814 -0.005557 0.000919 -0.020323 0.002179 0.999791
1772700832.077238321 -0.000756 0.009363 -0.005016 0.001064 -0.020425 0.002167 0.999789
1772700832.177309513 -0.001365 0.008598 -0.005004 0.000918 -0.020268 0.002198 0.999792
1772700832.277384996 -0.001542 0.008755 -0.005020 0.001031 -0.020274 0.002146 0.999792
1772700832.377468109 -0.001055 0.008002 -0.005210 0.000914 -0.020340 0.002151 0.999790
1772700832.477568865 -0.001914 0.007067 -0.005503 0.000991 -0.020255 0.002202 0.999792
1772700832.577672720 -0.002751 0.006681 -0.004790 0.000833 -0.020309 0.002278 0.999791
1772700832.677745342 -0.004458 0.008250 -0.005221 0.000886 -0.020209 0.002272 0.999793
1772700832.777742386 -0.007003 0.010638 -0.005049 0.000914 -0.020025 0.002201 0.999797
1772700832.877703190 -0.013160 0.011659 -0.003829 0.001152 -0.020086 0.002294 0.999795
1772700832.977690220 -0.024089 0.011791 -0.003445 0.000934 -0.019597 0.002325 0.999805
1772700833.077740908 -0.039191 0.010781 -0.003309 0.000597 -0.020096 0.002219 0.999795
1772700833.177671432 -0.057942 0.010731 -0.004000 0.000025 -0.019432 0.002117 0.999809
1772700833.277647018 -0.078381 0.007313 -0.001557 0.000031 -0.020654 0.002840 0.999783
1772700833.377590179 -0.097798 0.010121 -0.003039 0.000602 -0.019808 0.002133 0.999801
1772700833.477559090 -0.120369 0.010232 -0.002502 0.000440 -0.020249 0.001891 0.999793
1772700833.577446222 -0.141416 0.010077 -0.003069 0.000574 -0.020376 0.001701 0.999791
1772700833.677275896 -0.161390 0.010198 -0.003397 0.000756 -0.020337 0.001409 0.999792
1772700833.777159691 -0.179197 0.009571 -0.002874 0.000465 -0.020110 0.001578 0.999796
1772700833.877005816 -0.196746 0.009390 -0.002603 0.000442 -0.020196 0.001518 0.999795
1772700833.977019548 -0.215369 0.008336 0.000203 -0.000033 -0.020272 0.001880 0.999793
1772700834.077087402 -0.232724 0.009149 -0.001399 0.000495 -0.020542 0.001846 0.999787
1772700834.177227020 -0.251002 0.008671 -0.000442 0.000465 -0.020424 0.001916 0.999790
1772700834.277393818 -0.270641 0.008036 0.000996 0.000843 -0.020479 0.001985 0.999788
1772700834.377617121 -0.290867 0.008578 -0.001222 0.000675 -0.020254 0.001929 0.999793
1772700834.477681160 -0.312972 0.007513 -0.000602 0.000609 -0.020525 0.002267 0.999787
1772700834.577727318 -0.344628 0.005258 0.010577 0.000689 -0.016626 0.002211 0.999859
1772700834.677623749 -0.382679 0.002112 0.009252 0.000115 -0.018192 0.002892 0.999830
1772700834.777509212 -0.415147 0.000796 0.004957 0.000216 -0.020359 0.002758 0.999789
1772700834.877375126 -0.452926 0.002839 0.008576 0.000666 -0.020388 0.002955 0.999788
1772700834.977267981 -0.495376 0.004013 0.011544 0.000669 -0.020550 0.003664 0.999782
1772700835.077193975 -0.538028 0.007907 0.011102 0.000869 -0.020586 0.003298 0.999782
1772700835.177164078 -0.580477 0.008667 0.012871 0.001489 -0.020586 0.003610 0.999780
1772700835.277143478 -0.622418 0.009205 0.013641 0.001251 -0.020555 0.003689 0.999781
1772700835.377083540 -0.664580 0.011649 0.013741 0.000930 -0.020271 0.003868 0.999787
1772700835.477054834 -0.707593 0.013820 0.013980 0.001268 -0.020441 0.003996 0.999782
1772700835.577035666 -0.752989 0.014065 0.017337 0.000597 -0.020120 0.004502 0.999787
1772700835.677074909 -0.798517 0.013972 0.018911 0.001338 -0.020340 0.004508 0.999782
1772700835.777114391 -0.845298 0.013510 0.021104 0.000996 -0.019863 0.004844 0.999790
1772700835.877083540 -0.895379 0.013934 0.023351 0.001037 -0.019778 0.004881 0.999792
1772700835.977014065 -0.947512 0.013691 0.026535 0.000904 -0.019464 0.004797 0.999799
1772700836.076944590 -1.000555 0.012951 0.030063 0.001626 -0.018991 0.005257 0.999804
1772700836.176898956 -1.056615 0.012953 0.030959 0.001027 -0.018983 0.005122 0.999806
1772700836.276867151 -1.114345 0.013705 0.030738 0.000943 -0.018655 0.005407 0.999811
1772700836.376816273 -1.175665 0.013812 0.031676 0.000829 -0.019078 0.005859 0.999800
1772700836.476827860 -1.238426 0.015287 0.035408 0.000711 -0.017909 0.005945 0.999822
1772700836.576882124 -1.304347 0.015374 0.038456 0.000539 -0.017798 0.006217 0.999822
1772700836.676999569 -1.371497 0.015762 0.041389 0.000410 -0.017584 0.006349 0.999825
1772700836.777014256 -1.440918 0.016455 0.045784 0.000505 -0.017410 0.006656 0.999826
1772700836.876998663 -1.511479 0.016816 0.051108 0.000983 -0.017305 0.006975 0.999825
1772700836.976966858 -1.584349 0.016864 0.054701 0.000471 -0.016537 0.007186 0.999837
1772700837.076926708 -1.660830 0.017174 0.058122 0.001215 -0.016347 0.007680 0.999836
1772700837.176930666 -1.741560 0.018182 0.059421 0.000762 -0.014742 0.007719 0.999861
1772700837.276844501 -1.825031 0.019250 0.061870 0.000935 -0.016046 0.007995 0.999839
1772700837.376899004 -1.906052 0.017921 0.067706 0.001092 -0.015072 0.008440 0.999850
1772700837.476908207 -1.917276 -0.014830 0.028518 -0.004418 -0.027590 0.008041 0.999577
1772700837.576900244 -1.981169 -0.011238 0.028508 -0.003891 -0.027328 0.007802 0.999589
1772700837.676810026 -2.048274 -0.013868 0.036599 -0.003792 -0.024445 0.008198 0.999660
1772700837.776687622 -2.111071 -0.017968 0.039192 -0.003539 -0.024098 0.008564 0.999667
1772700837.876667738 -2.165204 -0.021355 0.040652 -0.003634 -0.024377 0.008869 0.999657
1772700837.976739168 -2.213045 -0.026456 0.045093 -0.003181 -0.023514 0.009017 0.999678
1772700838.076822519 -2.258210 -0.032775 0.045277 -0.003215 -0.023886 0.009180 0.999667
1772700838.176942110 -2.299494 -0.034792 0.044344 -0.003290 -0.023228 0.009438 0.999680
1772700838.277059555 -2.341143 -0.037734 0.047385 -0.002927 -0.022832 0.009632 0.999689
1772700838.377197027 -2.382151 -0.039801 0.047701 -0.003405 -0.022686 0.009637 0.999690
1772700838.477337837 -2.422139 -0.041742 0.048624 -0.002866 -0.023197 0.009773 0.999679
1772700838.577431202 -2.462171 -0.042190 0.048862 -0.002840 -0.022845 0.010043 0.999685
1772700838.677417755 -2.503678 -0.039973 0.048589 -0.003374 -0.022765 0.010164 0.999684
1772700838.777458668 -2.546728 -0.038019 0.052303 -0.002847 -0.022626 0.010215 0.999688
1772700838.877446175 -2.589051 -0.036235 0.052815 -0.002871 -0.022372 0.010713 0.999688
1772700838.977569580 -2.630968 -0.036536 0.054963 -0.003363 -0.022335 0.010860 0.999686
1772700839.077586412 -2.673183 -0.037326 0.054222 -0.003183 -0.022207 0.011350 0.999684
1772700839.177613735 -2.714497 -0.039004 0.052752 -0.002765 -0.022625 0.011393 0.999675
1772700839.277567148 -2.757722 -0.040567 0.055724 -0.002809 -0.022453 0.011473 0.999678
1772700839.377505541 -2.813898 -0.037405 0.054824 -0.003074 -0.018280 0.011600 0.999761
1772700839.415445566 -2.841650 -0.037315 0.054670 -0.002243 -0.018039 0.011685 0.999766
1772700839.577310562 -2.982191 -0.034433 0.072969 -0.002621 -0.014231 0.012446 0.999818
1772700839.677297354 -3.059894 -0.035875 0.063993 -0.002883 -0.023878 0.013361 0.999621
1772700839.777267218 -3.136892 -0.036357 0.070283 -0.002544 -0.019799 0.013264 0.999713
1772700839.877162457 -3.219185 -0.039525 0.076933 -0.001794 -0.020131 0.014432 0.999692
1772700839.977105856 -3.303310 -0.040398 0.077950 -0.001885 -0.019490 0.013812 0.999713
1772700840.076977968 -3.391191 -0.042894 0.085154 -0.001564 -0.019458 0.014310 0.999707
1772700840.176908731 -3.477507 -0.043727 0.086181 -0.001691 -0.019153 0.014590 0.999709
1772700840.276856422 -3.564186 -0.046770 0.088785 -0.001663 -0.019305 0.015158 0.999697
1772700840.315860748 -3.598415 -0.048952 0.091457 -0.000350 -0.018634 0.014902 0.999715
1772700840.476773024 -3.740671 -0.054233 0.102405 -0.001273 -0.017833 0.015331 0.999723
1772700840.576710701 -3.829621 -0.056218 0.099716 -0.001203 -0.018187 0.015454 0.999714
1772700840.676628113 -3.917662 -0.059784 0.103988 -0.000887 -0.017736 0.015850 0.999717
1772700840.776600838 -3.920304 -0.084076 0.061968 -0.000001 -0.025834 0.014708 0.999558
1772700840.876583338 -4.004867 -0.091333 0.066291 0.001054 -0.024868 0.015195 0.999575
1772700840.976579189 -4.091985 -0.092989 0.062509 0.000733 -0.025520 0.015944 0.999547
1772700841.076636076 -4.178447 -0.095823 0.064265 0.000891 -0.025379 0.015730 0.999554
1772700841.176716566 -4.266939 -0.097658 0.067181 0.000641 -0.024759 0.014702 0.999585
1772700841.276772738 -4.356506 -0.098248 0.067056 0.000914 -0.024705 0.015240 0.999578
1772700841.376898527 -4.448153 -0.101035 0.072999 0.001103 -0.024682 0.015807 0.999570
1772700841.477094650 -4.538527 -0.100649 0.077611 0.001570 -0.024455 0.015720 0.999576
1772700841.577298641 -4.629586 -0.104484 0.083767 0.001833 -0.024174 0.016087 0.999577
1772700841.677508593 -4.723239 -0.106483 0.085789 0.002501 -0.025300 0.016330 0.999543
1772700841.777600288 -4.817351 -0.109182 0.090444 0.002146 -0.024939 0.016687 0.999547
1772700841.877620935 -4.911036 -0.115559 0.098640 0.003797 -0.024439 0.017012 0.999549
1772700841.977607727 -5.003867 -0.118657 0.099946 0.002586 -0.024130 0.016822 0.999564
1772700842.077495098 -5.096900 -0.125339 0.102243 0.003125 -0.024228 0.016063 0.999572
1772700842.177338123 -5.188253 -0.132459 0.107273 0.003292 -0.023329 0.016726 0.999582
1772700842.277215481 -5.279564 -0.142557 0.111657 0.002980 -0.022400 0.016364 0.999611
1772700842.377038956 -5.371360 -0.154029 0.118742 0.003248 -0.020583 0.017043 0.999638
1772700842.476910114 -5.463841 -0.162900 0.123235 0.003290 -0.019875 0.016893 0.999654
1772700842.576813698 -5.555740 -0.168324 0.133370 0.003362 -0.018526 0.017771 0.999665
1772700842.676778078 -5.640598 -0.165180 0.134060 0.003749 -0.017530 0.017272 0.999690
1772700842.776804447 -5.721439 -0.164765 0.135418 0.003820 -0.016580 0.014569 0.999749
1772700842.876855373 -5.803787 -0.168382 0.141469 0.003436 -0.014233 0.009215 0.999850
1772700842.976673126 -5.888620 -0.165412 0.141204 0.003376 -0.014092 0.011186 0.999832
1772700843.076580048 -5.971903 -0.168031 0.147200 0.003691 -0.012751 0.010074 0.999861
1772700843.176492214 -6.055233 -0.168135 0.150656 0.003456 -0.013084 0.009820 0.999860
1772700843.276407480 -6.138305 -0.169894 0.156186 0.003311 -0.012222 0.009604 0.999874
1772700843.376333952 -6.222785 -0.170448 0.154295 0.003593 -0.012776 0.009634 0.999866
1772700843.476392508 -6.308693 -0.170807 0.156778 0.002992 -0.012329 0.009014 0.999879
1772700843.576461315 -6.395623 -0.175641 0.167652 0.003773 -0.012512 0.009761 0.999867
1772700843.676570892 -6.483609 -0.178706 0.176102 0.003596 -0.011468 0.009923 0.999879
1772700843.776604891 -6.573913 -0.181440 0.178672 0.003494 -0.012435 0.010643 0.999860
1772700843.876667738 -6.575976 -0.208434 0.177846 0.008096 -0.025873 0.010755 0.999575
1772700843.976874352 -6.666300 -0.211015 0.181051 0.007918 -0.025367 0.010936 0.999587
1772700844.077019453 -6.759055 -0.213699 0.183228 0.008776 -0.025936 0.011354 0.999561
1772700844.177061081 -6.851195 -0.217662 0.188621 0.009084 -0.025882 0.011783 0.999554
1772700844.276920557 -6.939673 -0.223809 0.194914 0.009136 -0.025094 0.012251 0.999568
1772700844.376781702 -7.027315 -0.225529 0.197105 0.009761 -0.024399 0.012407 0.999578
1772700844.476714611 -7.117681 -0.226935 0.195410 0.009008 -0.025540 0.012543 0.999555
1772700844.576672792 -7.207331 -0.231538 0.199053 0.010045 -0.025048 0.013141 0.999549
1772700844.676754236 -7.295300 -0.236346 0.204676 0.010404 -0.023512 0.013565 0.999577
1772700844.776804686 -7.382461 -0.241160 0.205644 0.010392 -0.023314 0.013683 0.999581
1772700844.876844168 -7.470807 -0.247512 0.207180 0.011001 -0.022671 0.014108 0.999583
1772700844.976801872 -7.560071 -0.251097 0.206928 0.010168 -0.021343 0.014026 0.999622
1772700845.076748133 -7.649391 -0.257780 0.212692 0.010742 -0.020510 0.014790 0.999623
1772700845.176883936 -7.735244 -0.265281 0.216600 0.010650 -0.018990 0.014902 0.999652
1772700845.277080536 -7.821241 -0.272624 0.219768 0.010861 -0.019148 0.015366 0.999640
1772700845.377237797 -7.906697 -0.280501 0.228394 0.011133 -0.017965 0.015781 0.999652
1772700845.477257967 -7.994196 -0.285042 0.228373 0.010732 -0.018087 0.016179 0.999648
1772700845.577325583 -8.082659 -0.291026 0.232967 0.011321 -0.017752 0.016823 0.999637
1772700845.677375555 -8.171896 -0.299297 0.237101 0.011385 -0.017375 0.016149 0.999654
1772700845.777429342 -8.264067 -0.304511 0.241115 0.010666 -0.016522 0.015287 0.999690
1772700845.877430201 -8.356934 -0.311296 0.248823 0.011519 -0.016511 0.016194 0.999666
1772700845.977390289 -8.449247 -0.316261 0.253375 0.010521 -0.014873 0.016158 0.999703
1772700846.077327967 -8.544084 -0.324256 0.256696 0.010681 -0.015669 0.016730 0.999680
1772700846.177335501 -8.638454 -0.333165 0.263416 0.010220 -0.014186 0.015116 0.999733
1772700846.277455568 -8.731548 -0.345477 0.268667 0.010052 -0.012931 0.009236 0.999823
1772700846.377338648 -8.824243 -0.355956 0.273619 0.009935 -0.013104 0.009052 0.999824
1772700846.477261305 -8.914200 -0.362772 0.278978 0.009555 -0.011993 0.008367 0.999847
1772700846.577138901 -9.005556 -0.371988 0.289417 0.009140 -0.010411 0.007936 0.999872
1772700846.677107573 -9.099653 -0.379533 0.290547 0.008460 -0.010102 0.007501 0.999885
1772700846.777110577 -9.194994 -0.384783 0.290083 0.007998 -0.009300 0.005328 0.999911
1772700846.877266884 -9.288229 -0.393213 0.290808 0.007230 -0.008807 -0.000542 0.999935
1772700846.977217913 -9.380992 -0.398621 0.290767 0.007050 -0.007041 0.000087 0.999950
1772700847.077238321 -9.467560 -0.396842 0.301477 0.006522 -0.007153 -0.000765 0.999953
1772700847.177299023 -9.550170 -0.395689 0.311000 0.006925 -0.007416 -0.000737 0.999948
1772700847.277305365 -9.633117 -0.392898 0.314758 0.006406 -0.007223 -0.001438 0.999952
1772700847.377200603 -9.719225 -0.391470 0.318968 0.006499 -0.007705 -0.001401 0.999948
1772700847.477043152 -9.807530 -0.391679 0.326335 0.006921 -0.007402 -0.001205 0.999948
1772700847.576913595 -9.896303 -0.389219 0.328192 0.006791 -0.007641 -0.000750 0.999947
1772700847.676748991 -9.982750 -0.388641 0.331175 0.007451 -0.008828 -0.000933 0.999933
1772700847.776762962 -10.067777 -0.390449 0.343420 0.006960 -0.007586 -0.000303 0.999947
1772700847.876734495 -10.154174 -0.392743 0.346979 0.007328 -0.007700 -0.000382 0.999943
1772700847.976701021 -10.241444 -0.393642 0.353427 0.007389 -0.007129 -0.001475 0.999946
1772700848.076690435 -10.331618 -0.397640 0.364472 0.006986 -0.007199 -0.001950 0.999948
1772700848.176673412 -10.421306 -0.395543 0.363269 0.006613 -0.006852 -0.002380 0.999952
1772700848.276738882 -10.468759 -0.402016 0.186916 0.021723 -0.023775 -0.002131 0.999479
1772700848.376856565 -10.558929 -0.405697 0.199525 0.022082 -0.021868 -0.001560 0.999516
1772700848.477051497 -10.650408 -0.407745 0.207950 0.022283 -0.020045 -0.001821 0.999549
1772700848.577257633 -10.741174 -0.410249 0.207532 0.021661 -0.020807 -0.001273 0.999548
1772700848.622886658 -10.782238 -0.410976 0.207361 0.020881 -0.020918 -0.001215 0.999562
1772700848.777487040 -10.916111 -0.416494 0.213493 0.021210 -0.020974 -0.000179 0.999555
1772700848.877737999 -11.004088 -0.423239 0.224959 0.020961 -0.018751 -0.000555 0.999604
1772700848.977982283 -11.093479 -0.423046 0.220737 0.019970 -0.018396 -0.006076 0.999613
1772700849.078016996 -11.184020 -0.425064 0.223356 0.019300 -0.017893 -0.014452 0.999549
1772700849.177669525 -11.275492 -0.425832 0.230710 0.019066 -0.016383 -0.013927 0.999587
1772700849.277326345 -11.367452 -0.430012 0.235487 0.019654 -0.016322 -0.015487 0.999553
1772700849.377065659 -11.458263 -0.428338 0.234781 0.016837 -0.016150 -0.016398 0.999593
1772700849.476862907 -11.547139 -0.432337 0.245317 0.017830 -0.015071 -0.016607 0.999589
1772700849.576827288 -11.635139 -0.431460 0.248915 0.016785 -0.014147 -0.017094 0.999613
1772700849.676813602 -11.726912 -0.430088 0.255350 0.016405 -0.014254 -0.017205 0.999616
1772700849.776813269 -11.820444 -0.427664 0.261325 0.016429 -0.013528 -0.017109 0.999627
1772700849.822521687 -11.862692 -0.425727 0.263301 0.015016 -0.013145 -0.019229 0.999616
1772700849.976783752 -12.003267 -0.431861 0.277796 0.015457 -0.012329 -0.025873 0.999469
1772700850.076721430 -12.095569 -0.429748 0.278047 0.014562 -0.011788 -0.025381 0.999502
1772700850.121990681 -12.135695 -0.430383 0.280762 0.014339 -0.011547 -0.025920 0.999494
1772700850.276608467 -12.268729 -0.428918 0.285953 0.014062 -0.011482 -0.026329 0.999488
1772700850.376575708 -12.355801 -0.428967 0.289213 0.014069 -0.010809 -0.026388 0.999494
1772700850.476631165 -12.445435 -0.427658 0.290972 0.014270 -0.010777 -0.027702 0.999456
1772700850.576818466 -12.533311 -0.427553 0.297519 0.012370 -0.009975 -0.034892 0.999265
1772700850.676694155 -12.624469 -0.428760 0.304705 0.013575 -0.008488 -0.036021 0.999223
1772700850.722978592 -12.667530 -0.426827 0.303511 0.012304 -0.008977 -0.035852 0.999241
1772700850.876471043 -12.802585 -0.427201 0.296732 0.013459 -0.007477 -0.037176 0.999190
1772700850.976502895 -12.890626 -0.422280 0.281509 0.012874 -0.005521 -0.037625 0.999194
1772700851.076573133 -12.976199 -0.415860 0.298392 0.013264 -0.006305 -0.038010 0.999169
1772700851.176577330 -13.063606 -0.408383 0.312385 0.013198 -0.007076 -0.037877 0.999170
1772700851.223315716 -13.103916 -0.406232 0.317310 0.013182 -0.006365 -0.037677 0.999183
1772700851.376755714 -13.238365 -0.395290 0.326563 0.012420 -0.005491 -0.036878 0.999227
1772700851.423664570 -13.279025 -0.393887 0.328700 0.012834 -0.005877 -0.037079 0.999213
1772700851.576897621 -13.409305 -0.384442 0.335117 0.012309 -0.005597 -0.036021 0.999259
1772700851.676875591 -13.496738 -0.379281 0.345951 0.013530 -0.004839 -0.035881 0.999253
1772700851.776770115 -13.585936 -0.373386 0.354203 0.013942 -0.004023 -0.035478 0.999265
1772700851.876813889 -13.675541 -0.367196 0.359261 0.013863 -0.003771 -0.035485 0.999267
1772700851.976802349 -13.764427 -0.359371 0.362106 0.013355 -0.003585 -0.034792 0.999299
1772700852.076852322 -13.853104 -0.352346 0.369145 0.013228 -0.003543 -0.035098 0.999290
1772700852.123289585 -13.893929 -0.350021 0.374228 0.013367 -0.003277 -0.034493 0.999310
1772700852.276943445 -14.025353 -0.342370 0.384191 0.013277 -0.002074 -0.034010 0.999331
1772700852.324521780 -14.066572 -0.341102 0.386935 0.013674 -0.001668 -0.034222 0.999319
1772700852.477051258 -14.196403 -0.336047 0.397950 0.013560 -0.000899 -0.033309 0.999353
1772700852.577112436 -14.285221 -0.331690 0.399789 0.013201 -0.001210 -0.032866 0.999372
1772700852.677157640 -14.372780 -0.327498 0.405386 0.013284 -0.000367 -0.032839 0.999372
1772700852.777177811 -14.461650 -0.324180 0.412061 0.013080 -0.000031 -0.032413 0.999389
1772700852.877172947 -14.551127 -0.319780 0.417789 0.012771 0.000403 -0.032059 0.999404
1772700852.977108479 -14.640440 -0.318436 0.429114 0.012986 0.001770 -0.031449 0.999419
1772700853.024939775 -14.682926 -0.315905 0.431529 0.012607 0.002143 -0.031503 0.999422
1772700853.176993132 -14.815731 -0.310236 0.446507 0.013163 0.002753 -0.030964 0.999430
1772700853.224011660 -14.856540 -0.307381 0.450373 0.012360 0.003068 -0.030902 0.999441
1772700853.324061632 -14.942041 -0.302586 0.457647 0.011867 0.003095 -0.030730 0.999452
1772700853.476959467 -15.069312 -0.296853 0.466005 0.011890 0.004310 -0.030338 0.999459
1772700853.524575710 -15.109406 -0.295019 0.470740 0.011892 0.004417 -0.030126 0.999465
1772700853.625915766 -15.193075 -0.289678 0.476713 0.010970 0.004470 -0.029912 0.999482
1772700853.725121737 -15.274508 -0.287657 0.477807 0.011262 0.005425 -0.029483 0.999487
1772700853.825012684 -15.355069 -0.286331 0.479181 0.011119 0.006413 -0.028954 0.999498
1772700853.924831629 -15.436669 -0.280744 0.473648 0.010842 0.007512 -0.028669 0.999502
1772700854.076756239 -15.565735 -0.269143 0.493176 0.011311 0.006405 -0.028210 0.999517
1772700854.124403715 -15.606053 -0.266743 0.501474 0.011407 0.006704 -0.028755 0.999499
1772700854.276490927 -15.735175 -0.257815 0.509449 0.011506 0.006596 -0.028415 0.999508
1772700854.325029612 -15.747851 -0.293079 0.351593 -0.004526 -0.023593 -0.027310 0.999338
1772700854.425227642 -15.834782 -0.288435 0.356428 -0.004398 -0.023130 -0.027102 0.999356
1772700854.525108576 -15.921474 -0.286224 0.362327 -0.004262 -0.023370 -0.026446 0.999368
1772700854.625222683 -16.006646 -0.282521 0.366240 -0.003989 -0.022737 -0.026037 0.999395
1772700854.725326777 -16.093193 -0.275577 0.368590 -0.004021 -0.022729 -0.025908 0.999398
1772700854.825011730 -16.181093 -0.271106 0.369848 -0.003413 -0.022061 -0.025386 0.999428
1772700854.925577641 -16.271044 -0.266944 0.373918 -0.003360 -0.021814 -0.025468 0.999432
1772700855.026032686 -16.356817 -0.263936 0.375808 -0.003054 -0.021276 -0.024993 0.999457
1772700855.176163197 -16.484960 -0.258138 0.374951 -0.002940 -0.021143 -0.024602 0.999469
1772700855.225707769 -16.527985 -0.257269 0.377126 -0.002672 -0.020672 -0.024417 0.999485
1772700855.325492620 -16.615836 -0.253834 0.378717 -0.002169 -0.020361 -0.024048 0.999501
1772700855.426451683 -16.703314 -0.252235 0.384457 -0.002788 -0.020319 -0.023832 0.999506
1772700855.526374578 -16.789239 -0.250490 0.387329 -0.002530 -0.019388 -0.023035 0.999544
1772700855.627272606 -16.875845 -0.247960 0.393989 -0.002169 -0.019404 -0.022650 0.999553
1772700855.725755692 -16.961894 -0.244649 0.397020 -0.001560 -0.018677 -0.022407 0.999573
1772700855.828165770 -17.053019 -0.241943 0.400822 -0.000922 -0.018096 -0.022068 0.999592
1772700855.926336765 -17.139053 -0.236071 0.402454 -0.002800 -0.017721 -0.022592 0.999584
1772700856.026372671 -17.228813 -0.239276 0.407207 -0.000284 -0.016046 -0.021063 0.999650
1772700856.125902653 -17.319671 -0.236402 0.414550 -0.001055 -0.015803 -0.020950 0.999655
1772700856.226887703 -17.409832 -0.236729 0.417981 -0.001213 -0.014598 -0.020206 0.999689
1772700856.376645803 -17.541359 -0.238357 0.428590 -0.001085 -0.014559 -0.019667 0.999700
1772700856.425976753 -17.586128 -0.238542 0.431573 -0.001701 -0.014431 -0.019881 0.999697
1772700856.526730776 -17.678157 -0.238564 0.428707 -0.001442 -0.013228 -0.019292 0.999725
1772700856.627156734 -17.769340 -0.238894 0.427591 -0.001283 -0.011396 -0.019553 0.999743
1772700856.727850676 -17.862693 -0.236365 0.430081 -0.001678 -0.009829 -0.019321 0.999764
1772700856.826408625 -17.952121 -0.233236 0.436681 -0.000654 -0.008416 -0.018617 0.999791
1772700856.928290606 -18.040011 -0.227710 0.449097 -0.001829 -0.006480 -0.018575 0.999805
1772700857.027222633 -18.124775 -0.223499 0.470816 -0.001433 -0.006494 -0.018002 0.999816
1772700857.126866579 -18.196501 -0.224583 0.482012 -0.000143 -0.007322 -0.018047 0.999810
1772700857.226635695 -18.253561 -0.224667 0.460903 -0.001393 -0.003934 -0.017665 0.999835
1772700857.327701569 -18.315686 -0.222884 0.456345 -0.003780 -0.001764 -0.017938 0.999830
1772700857.427335739 -18.372757 -0.220563 0.473602 -0.003486 -0.000640 -0.018137 0.999829
1772700857.527231693 -18.418506 -0.213850 0.476429 -0.002961 0.000139 -0.017745 0.999838
1772700857.627156734 -18.457801 -0.206444 0.472798 -0.004679 0.002069 -0.017688 0.999830
1772700857.727079630 -18.501326 -0.204141 0.480224 -0.004435 0.002692 -0.018593 0.999814
1772700857.828047752 -18.544412 -0.198771 0.483492 -0.004757 0.002310 -0.016585 0.999848
1772700857.927316666 -18.583779 -0.195336 0.489540 -0.005304 0.002674 -0.017392 0.999831
1772700858.027094603 -18.622616 -0.191140 0.492137 -0.005476 0.002608 -0.017369 0.999831
1772700858.127444744 -18.661354 -0.187913 0.490118 -0.005134 0.003465 -0.017353 0.999830
1772700858.228377581 -18.700700 -0.186160 0.496679 -0.005450 0.003944 -0.016974 0.999833
1772700858.328036547 -18.741470 -0.182045 0.498028 -0.006421 0.003643 -0.017073 0.999827
1772700858.427980423 -18.793062 -0.179358 0.490105 -0.005823 0.005694 -0.016709 0.999827
1772700858.527822733 -18.872125 -0.169495 0.506352 -0.005643 0.008019 -0.016742 0.999812
1772700858.627472639 -18.972341 -0.157304 0.554356 -0.006860 0.013450 -0.016089 0.999757
1772700858.727737665 -19.055631 -0.149244 0.570446 -0.010362 0.011207 -0.015847 0.999758
1772700858.828072548 -19.114325 -0.152477 0.550065 -0.007282 0.007141 -0.015646 0.999826
1772700858.876646042 -19.143135 -0.152994 0.546612 -0.007168 0.008178 -0.015322 0.999824
1772700859.028717756 -19.266960 -0.155027 0.548549 -0.007103 0.005355 -0.014374 0.999857
1772700859.128160715 -19.335849 -0.196391 0.626015 -0.002391 0.002004 -0.015363 0.999877
1772700859.227779627 -19.420906 -0.197575 0.640835 -0.002241 0.001017 -0.014131 0.999897
1772700859.328168631 -19.509209 -0.195720 0.646964 -0.003150 0.000104 -0.013981 0.999897
1772700859.428446770 -19.595435 -0.193772 0.646510 -0.003170 0.000486 -0.013613 0.999902
1772700859.528524637 -19.683886 -0.190186 0.656095 -0.004449 -0.000442 -0.013488 0.999899
1772700859.628276587 -19.773146 -0.188933 0.664373 -0.005331 -0.001309 -0.012632 0.999905
1772700859.728815556 -19.861299 -0.185762 0.663964 -0.005703 -0.001042 -0.012138 0.999910
1772700859.829233646 -19.947487 -0.183020 0.667049 -0.005241 -0.000440 -0.011960 0.999915
1772700859.929934740 -20.033562 -0.180259 0.666932 -0.005610 0.000235 -0.011801 0.999915
1772700860.029467583 -20.117883 -0.179125 0.672228 -0.005750 0.001270 -0.011496 0.999917
1772700860.130390644 -20.203396 -0.176576 0.681792 -0.006381 0.001659 -0.011204 0.999916
1772700860.229504585 -20.286036 -0.174637 0.689860 -0.006853 0.002154 -0.010794 0.999916
1772700860.330208778 -20.371522 -0.172491 0.697369 -0.006365 0.002568 -0.010218 0.999924
1772700860.428637743 -20.456729 -0.170125 0.705664 -0.006507 0.002361 -0.009872 0.999927
1772700860.529315710 -20.543885 -0.169578 0.714072 -0.005575 0.002492 -0.009422 0.999937
1772700860.629939556 -20.628164 -0.164887 0.717920 -0.004362 0.003161 -0.007694 0.999956
1772700860.677165508 -20.668028 -0.162500 0.723322 -0.004085 0.003262 -0.008115 0.999954
1772700860.830020666 -20.807427 -0.156039 0.737952 -0.003545 0.002996 -0.007242 0.999963
1772700860.929634571 -20.896895 -0.147007 0.738895 -0.003297 0.002752 -0.006845 0.999968
1772700861.030631781 -20.985698 -0.138779 0.741975 -0.002366 0.003606 -0.006497 0.999970
1772700861.130579710 -21.072870 -0.132929 0.751839 -0.002448 0.003086 -0.006330 0.999972
1772700861.230070591 -21.155477 -0.126617 0.754149 -0.002285 0.003666 -0.005611 0.999975
1772700861.329898596 -21.236649 -0.124617 0.760662 -0.002378 0.004118 -0.005483 0.999974
1772700861.430366755 -21.322381 -0.132710 0.773250 -0.002369 0.004742 -0.004787 0.999975
1772700861.530051708 -21.409329 -0.129406 0.772277 -0.002812 0.005068 -0.005133 0.999970
1772700861.630418777 -21.500619 -0.135150 0.779188 -0.002114 0.005172 -0.000819 0.999984
1772700861.730046749 -21.590767 -0.134170 0.776663 -0.001094 0.005920 0.006368 0.999962
1772700861.830909729 -21.676966 -0.131556 0.784202 -0.001975 0.004715 0.010257 0.999934
1772700861.931854725 -21.757901 -0.136029 0.788493 0.001662 0.008348 0.016499 0.999828
1772700862.030875683 -21.847737 -0.127966 0.815514 -0.000996 0.006092 0.021992 0.999739
1772700862.130347729 -21.930274 -0.137400 0.820218 0.000666 0.007732 0.028923 0.999551
1772700862.230863571 -21.997466 -0.260157 0.861747 -0.006027 -0.000179 0.032826 0.999443
1772700862.332703590 -22.084243 -0.259623 0.869931 -0.005573 -0.000644 0.038867 0.999229
1772700862.431109667 -22.169858 -0.258491 0.873890 -0.005119 -0.000567 0.043581 0.999037
1772700862.530559778 -22.258080 -0.256836 0.879383 -0.004516 -0.000445 0.046813 0.998893
1772700862.631511688 -22.346789 -0.261095 0.885164 -0.004942 -0.000035 0.050467 0.998714
1772700862.731316566 -22.433187 -0.273317 0.893710 -0.004384 0.000266 0.059401 0.998225
1772700862.831024647 -22.516162 -0.277594 0.894671 -0.003930 0.000313 0.068703 0.997629
1772700862.931416750 -22.600784 -0.284783 0.901945 -0.002476 0.000900 0.074721 0.997201
1772700863.031629562 -22.687946 -0.294114 0.916009 -0.002297 0.000985 0.081031 0.996709
1772700863.131667614 -22.778109 -0.304237 0.928079 -0.002266 0.000744 0.088019 0.996116
1772700863.231301546 -22.869037 -0.314181 0.934752 -0.001239 0.000913 0.088642 0.996062
1772700863.331541777 -22.962292 -0.322805 0.943126 -0.000620 0.000534 0.091287 0.995824
1772700863.431482553 -23.054296 -0.331596 0.949601 -0.000124 0.000289 0.092694 0.995695
1772700863.532150745 -23.146993 -0.339304 0.953723 0.000550 -0.000405 0.093832 0.995588
1772700863.632338762 -23.236080 -0.349594 0.955179 0.002154 0.000112 0.094395 0.995532
1772700863.732258558 -23.323874 -0.361927 0.958449 0.003166 0.000358 0.094817 0.995490
1772700863.833649635 -23.412165 -0.375006 0.964489 0.003431 0.000757 0.095548 0.995419
1772700863.932268620 -23.500170 -0.389562 0.971734 0.003810 0.001119 0.095004 0.995469
1772700864.032120705 -23.582953 -0.404080 0.978741 0.003679 0.001925 0.095460 0.995425
1772700864.132204771 -23.661896 -0.418088 0.987587 0.003795 0.002562 0.095713 0.995399
1772700864.232586622 -23.745037 -0.439194 1.005551 0.003390 0.003522 0.095359 0.995431
1772700864.332019567 -23.840363 -0.481221 1.031463 0.003324 0.004837 0.100188 0.994951
1772700864.432414770 -23.932444 -0.502316 1.030609 0.002762 0.005336 0.108075 0.994125
1772700864.532111645 -24.017183 -0.528522 1.038014 0.005425 0.004988 0.116404 0.993175
1772700864.632197618 -24.101871 -0.562784 1.062583 0.005609 0.004768 0.129679 0.991529
1772700864.732578754 -24.180738 -0.593874 1.077944 0.006766 0.004151 0.142012 0.989833
1772700864.832721710 -24.261722 -0.629838 1.107903 0.008359 0.003745 0.156146 0.987692
1772700864.933797598 -24.272193 -0.736797 1.094256 0.004317 0.001186 0.169054 0.985597
1772700865.032516718 -24.345535 -0.753477 1.094898 0.006380 0.001770 0.183376 0.983021
1772700865.076705217 -24.378236 -0.758734 1.097215 0.007082 0.001559 0.187375 0.982262
1772700865.232749701 -24.503026 -0.787312 1.108923 0.008630 0.001850 0.199038 0.979952
1772700865.332732677 -24.583601 -0.816351 1.125156 0.008643 0.002217 0.204865 0.978750
1772700865.433363676 -24.667652 -0.852138 1.134705 0.008635 0.003440 0.206965 0.978304
1772700865.533057690 -24.749384 -0.886359 1.143309 0.010046 0.004069 0.208252 0.978015
1772700865.633066654 -24.829439 -0.918984 1.159922 0.010071 0.004993 0.209061 0.977838
1772700865.732885599 -24.908701 -0.957233 1.169894 0.010423 0.006064 0.211555 0.977292
1772700865.833807707 -24.989879 -0.998357 1.178045 0.010770 0.006654 0.213474 0.976867
1772700865.933593750 -25.072417 -1.038024 1.185354 0.011739 0.007383 0.214881 0.976542
1772700866.033315659 -25.151701 -1.076657 1.187760 0.012320 0.007338 0.216834 0.976103
1772700866.133047581 -25.229727 -1.116931 1.195396 0.012942 0.007635 0.217905 0.975854
1772700866.235355616 -25.310109 -1.157342 1.205861 0.012940 0.007574 0.219951 0.975396
1772700866.333632708 -25.387203 -1.196402 1.209605 0.013745 0.007962 0.220783 0.975194
1772700866.433765650 -25.461947 -1.234918 1.224273 0.013650 0.007772 0.222036 0.974912
1772700866.533712626 -25.534158 -1.280544 1.234943 0.013745 0.008256 0.223076 0.974669
1772700866.634115696 -25.606761 -1.325457 1.243364 0.014259 0.008833 0.225732 0.974045
1772700866.735746622 -25.681902 -1.370389 1.257233 0.015271 0.009425 0.229194 0.973215
1772700866.833450556 -25.754764 -1.411779 1.272637 0.015626 0.009318 0.232161 0.972507
1772700866.934772730 -25.827803 -1.457245 1.285032 0.016606 0.009486 0.235010 0.971805
1772700867.033533573 -25.902262 -1.504905 1.316521 0.017208 0.009531 0.238574 0.970925
1772700867.134407759 -25.980673 -1.553225 1.346268 0.018645 0.009471 0.241437 0.970191
1772700867.233454704 -26.057813 -1.600003 1.337975 0.018976 0.009362 0.243890 0.969572
1772700867.334259748 -26.132907 -1.643603 1.337381 0.019894 0.009134 0.246772 0.968826
1772700867.434807777 -26.207782 -1.691202 1.345906 0.021150 0.009237 0.250208 0.967917
1772700867.536216736 -26.283621 -1.736207 1.352578 0.022415 0.009031 0.253150 0.967125
1772700867.634269714 -26.353976 -1.783064 1.367454 0.022489 0.009094 0.255993 0.966374
1772700867.734931707 -26.424614 -1.828442 1.381168 0.023155 0.009381 0.258806 0.965606
1772700867.835182667 -26.495991 -1.866528 1.389762 0.024210 0.009948 0.261720 0.964789
1772700867.935007572 -26.572485 -1.901368 1.403558 0.024658 0.009986 0.263894 0.964185
1772700868.034823656 -26.647944 -1.946232 1.418598 0.024558 0.010695 0.266727 0.963400
1772700868.135634661 -26.723225 -1.990333 1.429959 0.024708 0.010960 0.269392 0.962651
1772700868.235843658 -26.798180 -2.034241 1.441764 0.024474 0.010800 0.272666 0.961737
1772700868.335184574 -26.870191 -2.079576 1.454105 0.024904 0.010630 0.275426 0.960941
1772700868.434791565 -26.943457 -2.126276 1.464400 0.024977 0.010576 0.277689 0.960288
1772700868.535113573 -26.907881 -2.176172 1.482623 0.022794 0.007609 0.278884 0.960024
1772700868.636243582 -26.980982 -2.221696 1.491921 0.022789 0.007388 0.280182 0.959648
1772700868.735474586 -27.051630 -2.266263 1.501725 0.022745 0.006916 0.280643 0.959518
1772700868.835483551 -27.123320 -2.319203 1.511432 0.022962 0.007374 0.280938 0.959423
1772700868.938983679 -27.196074 -2.371489 1.520862 0.022878 0.007291 0.281479 0.959267
1772700869.035829544 -27.264401 -2.421669 1.528510 0.022906 0.007683 0.281778 0.959175
1772700869.135944605 -27.334707 -2.471172 1.534288 0.023059 0.007476 0.281784 0.959172
1772700869.235798597 -27.406968 -2.522160 1.552845 0.022679 0.007588 0.281361 0.959304
1772700869.336647749 -27.483620 -2.593066 1.590535 0.021567 0.009038 0.280108 0.959684
1772700869.436137676 -27.558933 -2.635731 1.583869 0.020705 0.009216 0.279488 0.959882
1772700869.536120653 -27.632216 -2.681036 1.584054 0.022312 0.008979 0.278583 0.960111
1772700869.636918545 -27.705148 -2.732468 1.598140 0.022620 0.009203 0.278075 0.960249
1772700869.735783577 -27.774042 -2.788087 1.610711 0.022450 0.009206 0.278346 0.960174
1772700869.836208582 -27.842111 -2.840676 1.615364 0.023171 0.008841 0.277845 0.960306
1772700869.936192751 -27.897512 -2.877077 1.605928 0.023530 0.006352 0.277164 0.960514
1772700870.036207676 -27.943456 -2.904137 1.605826 0.024610 0.006055 0.277096 0.960508
1772700870.136052608 -27.991214 -2.939302 1.630834 0.024137 0.007230 0.277457 0.960408
1772700870.236033678 -28.034250 -2.970870 1.638793 0.023444 0.007953 0.278283 0.960180
1772700870.336734772 -28.074095 -2.995971 1.645686 0.023569 0.007757 0.278672 0.960066
1772700870.436438560 -28.112254 -3.025750 1.654277 0.023801 0.008454 0.278781 0.960022
1772700870.536263704 -28.149077 -3.053091 1.657572 0.023640 0.008077 0.278841 0.960012
1772700870.636584759 -28.184542 -3.080746 1.666511 0.023532 0.008130 0.279288 0.959885
1772700870.737029552 -28.219612 -3.102179 1.669319 0.023688 0.008053 0.278873 0.960002
1772700870.836811781 -28.255506 -3.126811 1.673683 0.023990 0.008164 0.278986 0.959961
1772700870.936656713 -28.292713 -3.153314 1.680587 0.024135 0.008246 0.279403 0.959836
1772700871.038230658 -28.329572 -3.175671 1.687914 0.023890 0.007907 0.279647 0.959773
1772700871.137918711 -28.370024 -3.197950 1.683735 0.024567 0.008232 0.279609 0.959764
1772700871.236957550 -28.431347 -3.233696 1.700892 0.025400 0.009723 0.279592 0.959734
1772700871.336472750 -28.515467 -3.294640 1.744329 0.023829 0.017510 0.279772 0.959611
1772700871.437910557 -28.529859 -3.379999 1.774734 0.018926 0.016573 0.279622 0.959780
1772700871.537254572 -28.579058 -3.406563 1.724306 0.020870 0.009647 0.279913 0.959750
1772700871.637714624 -28.630828 -3.436279 1.708022 0.022862 0.008131 0.279753 0.959765
1772700871.737391710 -28.692551 -3.476590 1.714399 0.024175 0.007313 0.280100 0.959638
1772700871.837673664 -28.762001 -3.517107 1.712390 0.024595 0.007074 0.280998 0.959367
1772700871.937726736 -28.835053 -3.555540 1.716858 0.025151 0.005733 0.280941 0.959378
1772700872.037474632 -28.906581 -3.602227 1.720483 0.026132 0.005456 0.281629 0.959152
1772700872.137738705 -28.977788 -3.645817 1.724681 0.026591 0.004602 0.281718 0.959118
1772700872.238941669 -29.052457 -3.693732 1.738516 0.026418 0.004433 0.282335 0.958942
1772700872.338557720 -29.125659 -3.744074 1.744798 0.027071 0.004523 0.282808 0.958784
1772700872.436927557 -29.196354 -3.791370 1.756590 0.027565 0.003880 0.282472 0.958871
1772700872.539624691 -29.269424 -3.844207 1.761581 0.028007 0.004029 0.283292 0.958616
1772700872.638139725 -29.342389 -3.895252 1.770767 0.028275 0.003838 0.283401 0.958577
1772700872.738812685 -29.419027 -3.948391 1.772646 0.028538 0.003540 0.283768 0.958462
1772700872.838225603 -29.490589 -3.999014 1.783527 0.028843 0.003171 0.284123 0.958349
1772700872.939235687 -29.562766 -4.047592 1.787784 0.029460 0.003293 0.284797 0.958129
1772700873.038114548 -29.635348 -4.093743 1.796268 0.029380 0.003571 0.285283 0.957986
1772700873.138487577 -29.706704 -4.140851 1.800556 0.030327 0.003853 0.285460 0.957903
1772700873.240696669 -29.778696 -4.192081 1.818255 0.030346 0.003791 0.285980 0.957747
1772700873.338511705 -29.851500 -4.239604 1.829362 0.029963 0.003711 0.286263 0.957675
1772700873.438868761 -29.927021 -4.291270 1.833908 0.030019 0.004405 0.286633 0.957560
1772700873.539095640 -30.001748 -4.342662 1.833397 0.030990 0.004032 0.287020 0.957414
1772700873.638718605 -30.075618 -4.394257 1.837329 0.031536 0.003532 0.287461 0.957266
1772700873.739020586 -30.148383 -4.442361 1.841482 0.032371 0.003050 0.287770 0.957147
1772700873.839061737 -30.217933 -4.489039 1.842315 0.032928 0.003448 0.288390 0.956941
1772700873.938828707 -30.288850 -4.535351 1.850100 0.033123 0.003076 0.288727 0.956833
1772700874.038540602 -30.356765 -4.589107 1.856306 0.033584 0.004122 0.290257 0.956350
1772700874.140250683 -30.426739 -4.639367 1.873629 0.034013 0.003795 0.291369 0.955998
1772700874.240356684 -30.497075 -4.690002 1.883977 0.034263 0.004081 0.293910 0.955210
1772700874.339253664 -30.568995 -4.740118 1.886868 0.034054 0.002548 0.297004 0.954265
1772700874.437991619 -30.640595 -4.798382 1.891928 0.034525 0.003323 0.300984 0.952998
1772700874.539220572 -30.712524 -4.835454 1.903505 0.037065 0.002198 0.306058 0.951289
1772700874.640144587 -30.779305 -4.884172 1.911959 0.038148 0.001744 0.309837 0.950022
1772700874.739862680 -30.845006 -4.931620 1.923227 0.039049 0.001274 0.314244 0.948538
1772700874.839789629 -30.913663 -4.988514 1.934147 0.039938 0.001858 0.318940 0.946931
1772700874.939601660 -30.980451 -5.053971 1.941503 0.040376 0.001698 0.324611 0.944984
1772700875.042533636 -31.051961 -5.111468 1.942129 0.041498 0.001800 0.329353 0.943293
1772700875.140197754 -31.117887 -5.171824 1.945340 0.042698 0.001036 0.334153 0.941551
1772700875.239938736 -31.182566 -5.230811 1.950019 0.043831 0.001401 0.339264 0.939669
1772700875.342210770 -31.244516 -5.295881 1.957158 0.044236 0.001409 0.344243 0.937837
1772700875.441984653 -31.306076 -5.360046 1.962880 0.046286 0.004482 0.350220 0.935512
1772700875.539951563 -31.368489 -5.421447 1.972996 0.047669 0.007091 0.354714 0.933732
1772700875.640860558 -31.426890 -5.490341 1.985737 0.048021 0.009480 0.359215 0.931970
1772700875.742436647 -31.479150 -5.565646 1.989915 0.049075 0.010757 0.364465 0.929861
1772700875.839919567 -31.531117 -5.635174 1.991291 0.047378 0.012968 0.369539 0.927916
1772700875.940333605 -31.589346 -5.697440 2.003924 0.050338 0.012891 0.373905 0.926010
1772700876.040915728 -31.650338 -5.760851 2.019128 0.052132 0.013674 0.378459 0.924047
1772700876.142077684 -31.715042 -5.823922 2.018140 0.051519 0.013268 0.381860 0.922688
1772700876.242201567 -31.772461 -5.899338 2.015952 0.052978 0.012269 0.387743 0.920162
1772700876.342509747 -31.835452 -5.964695 2.008317 0.053054 0.012282 0.391752 0.918458
1772700876.441237688 -31.896088 -6.034732 2.005073 0.054581 0.012811 0.395994 0.916540
1772700876.541053772 -31.959029 -6.107781 2.001514 0.054940 0.012771 0.400436 0.914587
1772700876.643377781 -32.067012 -6.420738 2.298042 0.036088 0.020296 0.410935 0.910724
1772700876.742090702 -32.130306 -6.495547 2.297586 0.035612 0.019922 0.415623 0.908621
1772700876.843333721 -32.192918 -6.574495 2.303729 0.036628 0.020425 0.419638 0.906722
1772700876.940885544 -32.252145 -6.654978 2.311413 0.037586 0.019730 0.423959 0.904686
1772700877.044147730 -32.313385 -6.737415 2.310409 0.038086 0.020069 0.428126 0.902693
1772700877.143617630 -32.371217 -6.816786 2.317666 0.038445 0.019839 0.431540 0.901056
1772700877.243783712 -32.426003 -6.900008 2.326290 0.039289 0.019439 0.434872 0.899425
1772700877.341119766 -32.480795 -6.977122 2.328369 0.039604 0.019911 0.437604 0.898075
1772700877.442446709 -32.531531 -7.057081 2.336394 0.040045 0.020164 0.441202 0.896287
1772700877.541735649 -32.581416 -7.133772 2.342475 0.041091 0.020773 0.444903 0.894394
1772700877.641416550 -32.632397 -7.212786 2.352685 0.040741 0.021128 0.448518 0.892595
1772700877.741548777 -32.679626 -7.294890 2.360154 0.041841 0.021246 0.453111 0.890218
1772700877.844133615 -32.728173 -7.375558 2.364408 0.041984 0.022017 0.457164 0.888118
1772700877.942918777 -32.774419 -7.454183 2.374879 0.043112 0.022293 0.461497 0.885813
1772700878.042247772 -32.825412 -7.532206 2.385593 0.043387 0.022292 0.464843 0.884048
1772700878.142150640 -32.871849 -7.617101 2.391846 0.044252 0.023032 0.468984 0.881796
1772700878.242933750 -32.918638 -7.706443 2.403763 0.044661 0.022771 0.472840 0.879721
1772700878.343045712 -32.961815 -7.800918 2.412760 0.045140 0.022730 0.476735 0.877593
1772700878.442031622 -33.005595 -7.891676 2.420936 0.045928 0.021172 0.480431 0.875573
1772700878.541898727 -33.051776 -7.969736 2.422850 0.045934 0.022187 0.483496 0.873859
1772700878.643839598 -33.095544 -8.050027 2.432778 0.046773 0.022057 0.486908 0.871921
1772700878.743847609 -33.137984 -8.127637 2.433801 0.046057 0.022202 0.490033 0.870203
1772700878.842355728 -33.176756 -8.203030 2.440316 0.047149 0.022282 0.493378 0.868251
1772700878.943468571 -33.221595 -8.276724 2.443376 0.045860 0.021872 0.496836 0.866356
1772700879.043052673 -33.263066 -8.349678 2.450459 0.045696 0.022248 0.499930 0.864573
1772700879.144591570 -33.298821 -8.380743 2.381437 0.049247 0.014314 0.502743 0.862913
1772700879.244225740 -33.339167 -8.457407 2.386248 0.049848 0.014487 0.505125 0.861484
1772700879.343774557 -33.379926 -8.536439 2.391199 0.049497 0.014487 0.507615 0.860039
1772700879.443825722 -33.421554 -8.613122 2.396764 0.048877 0.014100 0.510104 0.858607
1772700879.543385744 -33.462382 -8.690031 2.401935 0.049309 0.013929 0.512322 0.857264
1772700879.642940760 -33.503389 -8.767693 2.404105 0.048626 0.014613 0.514677 0.855879
1772700879.742697716 -33.541687 -8.849722 2.411605 0.048485 0.014643 0.517072 0.854442
1772700879.844822645 -33.581334 -8.933901 2.417360 0.047023 0.015566 0.519762 0.852874
1772700879.944438696 -33.618345 -9.017102 2.427554 0.047608 0.015969 0.522231 0.851325
1772700880.043457747 -33.655661 -9.095391 2.433103 0.047233 0.016651 0.524798 0.849752
1772700880.144570589 -33.691997 -9.177349 2.437576 0.047227 0.017682 0.527201 0.848243
1772700880.244603634 -33.728214 -9.260967 2.446441 0.046362 0.017552 0.530163 0.846446
1772700880.343538761 -33.762513 -9.345804 2.452070 0.046402 0.017741 0.532925 0.844703
1772700880.444612741 -33.795475 -9.429541 2.458085 0.046225 0.018173 0.535527 0.843056
1772700880.543705702 -33.829423 -9.511190 2.459927 0.045919 0.018255 0.537929 0.841541
1772700880.644109726 -33.860591 -9.596662 2.466732 0.046165 0.018547 0.540444 0.839908
1772700880.743713617 -33.891174 -9.679350 2.470123 0.046467 0.019018 0.542919 0.838283
1772700880.843966722 -33.922461 -9.757846 2.473246 0.045704 0.019336 0.545907 0.836375
1772700880.945206642 -33.955284 -9.835479 2.474874 0.045083 0.019901 0.548780 0.834513
1772700881.044836760 -33.985060 -9.912994 2.480000 0.044559 0.020370 0.552041 0.832377
1772700881.145039558 -34.015916 -9.989393 2.484370 0.043637 0.021033 0.555432 0.830150
1772700881.245797634 -34.045101 -10.069283 2.492158 0.043862 0.020691 0.558345 0.828190
1772700881.344815731 -34.072205 -10.147843 2.494823 0.043306 0.021184 0.561085 0.826353
1772700881.445995569 -34.097469 -10.230666 2.505014 0.043407 0.021192 0.564206 0.824220
1772700881.546588659 -34.124641 -10.312205 2.509133 0.043060 0.021586 0.567111 0.822232
1772700881.643724680 -34.152622 -10.390245 2.511571 0.042609 0.021517 0.570098 0.820189
1772700881.744555712 -34.180704 -10.472591 2.514225 0.041840 0.021586 0.573210 0.818055
1772700881.846019745 -34.204504 -10.559905 2.523507 0.042565 0.021956 0.576092 0.815981
1772700881.944836617 -34.230066 -10.645075 2.526956 0.041707 0.022277 0.579222 0.813798
1772700882.045660734 -34.256662 -10.732583 2.529605 0.041780 0.022063 0.582138 0.811716
1772700882.146904707 -34.311641 -10.747377 2.363218 0.046137 0.016438 0.583978 0.810291
1772700882.245050669 -34.334810 -10.833221 2.367824 0.046578 0.016796 0.587237 0.807899
1772700882.345138550 -34.357868 -10.920525 2.373848 0.046194 0.017042 0.589779 0.806062
1772700882.445486546 -34.378566 -11.007422 2.380312 0.045792 0.017185 0.592753 0.803898
1772700882.546742678 -34.399296 -11.091540 2.382566 0.045635 0.017425 0.595177 0.802108
1772700882.645459652 -34.419786 -11.173407 2.386533 0.045220 0.017801 0.597840 0.800141
1772700882.745354652 -34.436511 -11.259143 2.395439 0.045639 0.017705 0.600761 0.797929
1772700882.845761776 -34.455913 -11.344978 2.397250 0.044766 0.017915 0.603561 0.795858
1772700882.946446657 -34.474071 -11.431934 2.401876 0.044412 0.018520 0.606511 0.793618
1772700883.046930552 -34.493647 -11.517628 2.401629 0.044154 0.019233 0.609428 0.791377
1772700883.145127773 -34.512761 -11.599861 2.403467 0.043558 0.019540 0.612116 0.789325
1772700883.245903730 -34.530620 -11.687906 2.411974 0.043627 0.019858 0.614962 0.787098
1772700883.345652580 -34.547572 -11.774215 2.411427 0.042253 0.020613 0.617557 0.785120
1772700883.447167635 -34.561300 -11.866043 2.414064 0.042631 0.021546 0.620386 0.782841
1772700883.545616627 -34.575048 -11.952465 2.413356 0.041508 0.022626 0.622794 0.780956
1772700883.646859646 -34.586201 -12.038346 2.417719 0.041262 0.022105 0.625490 0.778827
1772700883.746588707 -34.595366 -12.120750 2.417985 0.041032 0.022634 0.628161 0.776671
1772700883.846049547 -34.604429 -12.206357 2.421661 0.041141 0.023454 0.630880 0.774433
1772700883.945580721 -34.613110 -12.291716 2.423540 0.040867 0.024259 0.633833 0.772008
1772700884.046545744 -34.619705 -12.379690 2.428622 0.041211 0.024240 0.636773 0.769568
1772700884.146603584 -34.624545 -12.466925 2.431704 0.040313 0.024686 0.639650 0.767212
1772700884.247081757 -34.626201 -12.558412 2.433353 0.040388 0.024973 0.642657 0.764681
1772700884.346210718 -34.625514 -12.650775 2.436018 0.041018 0.025792 0.645766 0.761997
1772700884.446091652 -34.635777 -12.734451 2.451013 0.041286 0.025521 0.648343 0.759800
1772700884.547409773 -34.649284 -12.815354 2.454347 0.040571 0.026429 0.650882 0.757634
1772700884.646570683 -34.659669 -12.899806 2.463231 0.041180 0.026409 0.653645 0.755219
1772700884.747177601 -34.669063 -12.989025 2.469951 0.041269 0.026232 0.656295 0.752918
1772700884.846636772 -34.673379 -13.076808 2.474891 0.041765 0.027686 0.658794 0.750652
1772700884.948106766 -34.680440 -13.166190 2.483137 0.041143 0.027692 0.660929 0.748807
1772700885.048583746 -34.687929 -13.252847 2.485207 0.040757 0.028641 0.663492 0.746523
1772700885.147581577 -34.748890 -13.257527 2.333687 0.043970 0.017540 0.666341 0.744144
1772700885.246799707 -34.752926 -13.345078 2.338296 0.043658 0.018134 0.668992 0.741765
1772700885.347622633 -34.755297 -13.434320 2.344584 0.043756 0.018654 0.671565 0.739418
1772700885.447669744 -34.757049 -13.524572 2.349955 0.043229 0.019138 0.674082 0.737143
1772700885.546644688 -34.759122 -13.616930 2.354473 0.043352 0.019608 0.676821 0.734608
1772700885.647193670 -34.761459 -13.710812 2.356093 0.042848 0.020150 0.680196 0.731500
1772700885.747250557 -34.761969 -13.806050 2.363631 0.043908 0.020804 0.684257 0.727621
1772700885.847751617 -34.764351 -13.896826 2.365920 0.042804 0.020979 0.687690 0.724438
1772700885.947604656 -34.765478 -13.988780 2.371234 0.043046 0.021235 0.691687 0.720601
1772700886.048316717 -34.763427 -14.079460 2.374770 0.042717 0.022168 0.695778 0.716643
1772700886.146538734 -34.760331 -14.168298 2.383624 0.043393 0.022448 0.699380 0.713079
1772700886.247685671 -34.758613 -14.252295 2.385062 0.042662 0.022676 0.702765 0.709780
1772700886.347148657 -34.753129 -14.335564 2.391127 0.043103 0.022984 0.706242 0.706284
1772700886.447818756 -34.747221 -14.417362 2.393992 0.042780 0.023553 0.709611 0.702900
1772700886.547403574 -34.740237 -14.496234 2.400245 0.043146 0.023892 0.712909 0.699521
1772700886.647586584 -34.736452 -14.571553 2.399867 0.041791 0.024282 0.715874 0.696555
1772700886.748949766 -34.727759 -14.646202 2.409445 0.042663 0.024530 0.719455 0.692794
1772700886.848366737 -34.723446 -14.711730 2.408153 0.041735 0.024649 0.722471 0.689701
1772700886.947836637 -34.714618 -14.775741 2.410461 0.042067 0.025359 0.725777 0.686174
1772700887.048140764 -34.704513 -14.838759 2.412569 0.041375 0.025494 0.728748 0.683056
1772700887.148332596 -34.694742 -14.900766 2.415699 0.041659 0.025938 0.732122 0.679404
1772700887.248304605 -34.683166 -14.959785 2.418126 0.041404 0.025998 0.735425 0.675840
1772700887.348377705 -34.672107 -15.016918 2.418786 0.041370 0.026400 0.739155 0.671746
1772700887.448127747 -34.658651 -15.076114 2.424659 0.041204 0.026214 0.743131 0.667362
1772700887.548408747 -34.643878 -15.140718 2.430125 0.041762 0.026639 0.747342 0.662591
1772700887.648662567 -34.628377 -15.200447 2.432880 0.041487 0.026813 0.751808 0.657530
1772700887.748577595 -34.613186 -15.255075 2.435670 0.041588 0.026584 0.756568 0.652049
1772700887.848796606 -34.596430 -15.307808 2.438358 0.041559 0.027161 0.761645 0.646090
1772700887.949040651 -34.579723 -15.358251 2.439927 0.041362 0.027280 0.766661 0.640138
1772700888.048879623 -34.820177 -15.277597 2.125058 0.086590 0.020742 0.760836 0.642807
1772700888.148703575 -34.797121 -15.334431 2.128902 0.087565 0.020451 0.766053 0.636456
1772700888.250444651 -34.774099 -15.391759 2.129083 0.088121 0.019988 0.771467 0.629821
1772700888.348945618 -34.759502 -15.437214 2.119387 0.084999 0.019289 0.776511 0.624046
1772700888.449661732 -34.733979 -15.489150 2.123723 0.087438 0.019343 0.781526 0.617411
1772700888.549812555 -34.714926 -15.539218 2.118443 0.086688 0.018435 0.786450 0.611262
1772700888.649322748 -34.693077 -15.588983 2.118510 0.086797 0.017513 0.791764 0.604374
1772700888.748907566 -34.669004 -15.640172 2.117612 0.087056 0.016855 0.797080 0.597327
1772700888.848864555 -34.644207 -15.686696 2.113509 0.086699 0.016218 0.802623 0.589928
1772700888.948769569 -34.618527 -15.729475 2.109974 0.086316 0.015195 0.807921 0.582737
1772700889.049493551 -34.588677 -15.771798 2.106479 0.086501 0.014538 0.813168 0.575382
1772700889.149372578 -34.555115 -15.812502 2.098675 0.086866 0.013638 0.818183 0.568193
1772700889.250756741 -34.520731 -15.849784 2.082981 0.086587 0.013175 0.823159 0.561014
1772700889.351259708 -34.486626 -15.887634 2.065111 0.086546 0.012254 0.828389 0.553290
1772700889.450172663 -34.467670 -15.932481 2.066829 0.086858 0.012142 0.832962 0.546335
1772700889.550329685 -34.451693 -15.981120 2.066514 0.087265 0.011533 0.837633 0.539093
1772700889.649861574 -34.427775 -16.031933 2.067923 0.087607 0.010803 0.842562 0.531316
1772700889.750544548 -34.403854 -16.078858 2.057242 0.087818 0.010945 0.847085 0.524037
1772700889.850683689 -34.374289 -16.125554 2.056827 0.089143 0.010584 0.850956 0.517507
1772700889.951103687 -34.348192 -16.171717 2.047314 0.089733 0.010376 0.854580 0.511403
1772700890.049714565 -34.318041 -16.219615 2.042967 0.090472 0.010653 0.858032 0.505451
1772700890.150049686 -34.288890 -16.268781 2.035072 0.091830 0.010749 0.861129 0.499909
1772700890.251881599 -34.262788 -16.317040 2.021841 0.092979 0.010385 0.864236 0.494311
1772700890.350938559 -34.237499 -16.364517 2.009460 0.093861 0.010642 0.867056 0.489173
1772700890.450162649 -34.277418 -16.465962 2.076429 0.097788 0.011689 0.866216 0.489868
1772700890.550124645 -34.244957 -16.515589 2.066797 0.098258 0.011727 0.868983 0.484846
1772700890.650716543 -34.207167 -16.566388 2.062932 0.098607 0.011247 0.871836 0.479638
1772700890.751657724 -34.173826 -16.613850 2.049692 0.099091 0.011403 0.874344 0.474947
1772700890.852252722 -34.134561 -16.658488 2.043751 0.099440 0.011417 0.877066 0.469826
1772700890.950506687 -34.098052 -16.704229 2.032935 0.100327 0.011056 0.879607 0.464870
1772700891.050938606 -34.059364 -16.755262 2.027102 0.100715 0.010984 0.882275 0.459702
1772700891.151346684 -34.019721 -16.801436 2.014204 0.100813 0.010949 0.885097 0.454225
1772700891.250315666 -33.978576 -16.843745 2.000857 0.101262 0.010486 0.887805 0.448819
1772700891.351259708 -33.935184 -16.890809 1.993551 0.101107 0.009760 0.890758 0.442981
1772700891.451493740 -33.899315 -16.939177 1.987251 0.101833 0.009829 0.893435 0.437386
1772700891.552176714 -33.868235 -16.983078 1.976818 0.102231 0.010354 0.896063 0.431872
1772700891.651211739 -33.837014 -17.027571 1.967888 0.102243 0.010978 0.898684 0.426372
1772700891.753056765 -33.800484 -17.072814 1.957120 0.102465 0.011354 0.901297 0.420755
1772700891.853425741 -33.765576 -17.115301 1.948663 0.101878 0.011798 0.903899 0.415268
1772700891.952093601 -33.698661 -17.188388 1.957746 0.104295 0.015080 0.908566 0.404232
1772700892.051733732 -33.667882 -17.225784 1.947345 0.104273 0.015671 0.910938 0.398841
1772700892.151333570 -33.635401 -17.260161 1.939329 0.103376 0.016611 0.913339 0.393509
1772700892.252330780 -33.602674 -17.295206 1.934262 0.103243 0.016563 0.915937 0.387460
1772700892.353873730 -33.571662 -17.334655 1.926499 0.102689 0.017495 0.918584 0.381251
1772700892.451792717 -33.537239 -17.376179 1.919702 0.102521 0.017377 0.921060 0.375282
1772700892.552250624 -33.497152 -17.417947 1.915599 0.102074 0.017916 0.924076 0.367891
1772700892.652776718 -33.457209 -17.453441 1.906728 0.102198 0.016312 0.927127 0.360175
1772700892.751849651 -33.415752 -17.472155 1.890402 0.103115 0.013778 0.930257 0.351852
1772700892.852676630 -33.372675 -17.489392 1.877243 0.104415 0.011526 0.933513 0.342809
1772700892.952654600 -33.331442 -17.503640 1.863742 0.105800 0.009618 0.936609 0.333882
1772700893.054834604 -33.289054 -17.517554 1.850733 0.107329 0.008197 0.939619 0.324853
1772700893.152884722 -33.250621 -17.533101 1.835253 0.108997 0.006857 0.942407 0.316135
1772700893.252211571 -33.210740 -17.549101 1.823551 0.110569 0.005555 0.945334 0.306737
1772700893.353312731 -33.171620 -17.564124 1.809060 0.111552 0.004840 0.948207 0.297382
1772700893.454075575 -32.887731 -17.538205 2.182660 0.066551 0.010482 0.956872 0.282591
1772700893.552984715 -32.844830 -17.551722 2.177824 0.067099 0.010014 0.959693 0.272740
1772700893.654056549 -32.803689 -17.568637 2.168399 0.068498 0.008865 0.962342 0.262919
1772700893.754181623 -32.761292 -17.583386 2.166028 0.069838 0.007862 0.965159 0.252052
1772700893.853858709 -32.720578 -17.596656 2.160463 0.070581 0.006442 0.967820 0.241457
1772700893.953902721 -32.679714 -17.606700 2.159331 0.071392 0.005586 0.970502 0.230215
1772700894.053354740 -32.636471 -17.616033 2.155143 0.071901 0.004809 0.972880 0.219801
1772700894.153379679 -32.595091 -17.622004 2.149118 0.072737 0.003665 0.974911 0.210346
1772700894.252992630 -32.552063 -17.627894 2.148745 0.072751 0.003514 0.977065 0.200100
1772700894.353086710 -32.511585 -17.637602 2.145790 0.073219 0.002936 0.979007 0.190201
1772700894.453307629 -32.471757 -17.646817 2.143889 0.073528 0.001967 0.980596 0.181720
1772700894.553679705 -32.431273 -17.651023 2.140943 0.073630 0.002437 0.982280 0.172334
1772700894.654753685 -32.390726 -17.655726 2.137687 0.073982 0.002469 0.983788 0.163348
1772700894.754061699 -32.352721 -17.662312 2.129799 0.074285 0.002444 0.985081 0.155213
1772700894.852863550 -32.312726 -17.669242 2.122592 0.073445 0.002469 0.986465 0.146584
1772700894.954075575 -32.269676 -17.674632 2.122169 0.073968 0.003066 0.987722 0.137564
1772700895.053603649 -32.230157 -17.683513 2.112462 0.073545 0.001987 0.988844 0.129522
1772700895.153781652 -32.191286 -17.690295 2.109595 0.073779 0.003064 0.989918 0.120871
1772700895.253483772 -32.098346 -17.716999 2.066249 0.076415 0.004215 0.990446 0.114720
1772700895.354347706 -32.056174 -17.725832 2.061528 0.076481 0.004431 0.991180 0.108139
1772700895.454751730 -32.011679 -17.733399 2.064659 0.076940 0.004733 0.991795 0.101979
1772700895.554121733 -31.964204 -17.745129 2.060734 0.077928 0.004395 0.992257 0.096614
1772700895.653526545 -31.916380 -17.753842 2.063133 0.080466 0.003659 0.992522 0.091719
1772700895.753645420 -31.874236 -17.759933 2.063221 0.085725 0.004043 0.992610 0.085787
1772700895.854356766 -31.837260 -17.767453 2.056209 0.090984 0.004161 0.992650 0.079695
1772700895.953918695 -31.806057 -17.770805 2.051444 0.099309 0.003858 0.992271 0.074309
1772700896.053661585 -31.777467 -17.770122 2.039186 0.104679 0.003705 0.991988 0.070627
1772700896.154305696 -31.745611 -17.767038 2.030778 0.109507 0.004390 0.991554 0.069358
1772700896.254457712 -31.715492 -17.765886 2.019050 0.112353 0.005063 0.991313 0.068184
1772700896.354657650 -31.686492 -17.765331 2.008569 0.117049 0.006258 0.990816 0.067410
1772700896.456327677 -31.657261 -17.765300 1.999716 0.119621 0.006722 0.990531 0.067042
1772700896.555388689 -31.630642 -17.765440 1.991944 0.122559 0.007468 0.990201 0.066526
1772700896.655005693 -31.605867 -17.766160 1.985004 0.125873 0.007929 0.989791 0.066383
1772700896.754843712 -31.579595 -17.767894 1.977272 0.129363 0.008534 0.989367 0.065920
1772700896.856177568 -31.554749 -17.768709 1.977916 0.131423 0.006906 0.989119 0.065758
1772700896.954329729 -31.524616 -17.772474 1.975572 0.135698 0.007009 0.988547 0.065659
1772700897.057030678 -31.493068 -17.776787 1.968386 0.139014 0.008166 0.988088 0.065506
1772700897.155988693 -31.465252 -17.781686 1.957753 0.141776 0.008634 0.987696 0.065436
1772700897.254838705 -31.437037 -17.784242 1.950483 0.144127 0.008949 0.987410 0.064560
1772700897.354949713 -31.410625 -17.786645 1.941700 0.144063 0.008648 0.987453 0.064090
1772700897.456841707 -31.381189 -17.787204 1.933319 0.145642 0.009514 0.987236 0.063740
1772700897.556570768 -31.353898 -17.788546 1.926158 0.146951 0.010049 0.987073 0.063176
1772700897.654556751 -31.327774 -17.790605 1.921316 0.149081 0.010850 0.986763 0.062904
1772700897.755036592 -31.299602 -17.791411 1.910833 0.149600 0.010509 0.986661 0.063325
1772700897.855638742 -31.267544 -17.790156 1.911703 0.153623 0.013114 0.986094 0.062018
1772700897.956436634 -31.245780 -17.796435 1.893372 0.159237 0.013927 0.985225 0.061495
1772700898.055071592 -31.226463 -17.799241 1.885941 0.163339 0.013012 0.984521 0.062204
1772700898.155862570 -31.206977 -17.798505 1.869198 0.162482 0.013259 0.984607 0.063040
1772700898.255984545 -31.182551 -17.792800 1.862165 0.161881 0.014195 0.984706 0.062833
1772700898.356046677 -31.157196 -17.793700 1.847868 0.161456 0.015396 0.984807 0.062042
1772700898.455550671 -31.133878 -17.793710 1.842914 0.160678 0.014524 0.984968 0.061726
1772700898.554876566 -31.112617 -17.792526 1.834080 0.159902 0.015694 0.985104 0.061290
1772700898.656799555 -31.088254 -17.790925 1.852692 0.163000 0.018137 0.984560 0.061194
1772700898.756475687 -31.071442 -17.789980 1.844197 0.165916 0.018570 0.984043 0.061541
1772700898.855567694 -31.055879 -17.792736 1.829590 0.162815 0.017529 0.984628 0.060765
1772700898.957075596 -31.034818 -17.789365 1.829248 0.162678 0.018888 0.984669 0.060053
1772700899.058199644 -31.013823 -17.787641 1.817289 0.160585 0.018623 0.984986 0.060561
1772700899.156145573 -30.989783 -17.789096 1.815168 0.159239 0.020137 0.985174 0.060585
1772700899.255698681 -30.966968 -17.793474 1.808700 0.158838 0.019668 0.985229 0.060898
1772700899.355739594 -30.948279 -17.792545 1.799164 0.157370 0.021044 0.985428 0.061018
1772700899.456165552 -30.930024 -17.791282 1.787492 0.155654 0.021811 0.985714 0.060540
1772700899.556200743 -30.911739 -17.790052 1.778400 0.151428 0.022197 0.986417 0.059651
1772700899.655837774 -30.889073 -17.788917 1.763543 0.148798 0.022525 0.986801 0.059798
1772700899.757108688 -30.863766 -17.788762 1.766830 0.143661 0.024033 0.987570 0.059068
1772700899.856868744 -30.840181 -17.789753 1.760416 0.140282 0.028210 0.987998 0.058185
1772700899.957727671 -30.823478 -17.795170 1.741458 0.139003 0.028883 0.988233 0.056909
1772700900.058085680 -30.805338 -17.799490 1.736167 0.138682 0.028744 0.988394 0.054943
1772700900.157129765 -30.789362 -17.805674 1.730767 0.136132 0.025017 0.989010 0.051978
1772700900.257114649 -30.770583 -17.806159 1.729769 0.135697 0.024780 0.989240 0.048750
1772700900.356842756 -30.774693 -17.807875 1.709669 0.130760 0.021218 0.990089 0.046643
1772700900.457610607 -30.755079 -17.810381 1.701433 0.128828 0.019098 0.990513 0.043850
1772700900.557535648 -30.726851 -17.812246 1.701286 0.126869 0.014176 0.991000 0.040282
1772700900.658665657 -30.697092 -17.808900 1.705623 0.132230 0.009060 0.990558 0.035039
1772700900.757596731 -30.671882 -17.806813 1.698444 0.132796 0.009658 0.990604 0.031232
1772700900.857171774 -30.639759 -17.809710 1.696015 0.135998 0.008971 0.990290 0.027394
1772700900.958697557 -30.608479 -17.811205 1.687586 0.136958 0.008716 0.990251 0.023850
1772700901.058267593 -30.577615 -17.811016 1.680659 0.138499 0.007791 0.990118 0.020597
1772700901.158109665 -30.547604 -17.810314 1.673910 0.140685 0.007924 0.989876 0.017017
1772700901.257193565 -30.518831 -17.811191 1.667052 0.143073 0.008057 0.989582 0.013899
1772700901.358782768 -30.488797 -17.809022 1.662551 0.146399 0.008299 0.989124 0.011515
1772700901.457613707 -30.463919 -17.804701 1.653451 0.150836 0.010463 0.988454 0.009891
1772700901.558479548 -30.438905 -17.800104 1.638903 0.153214 0.011800 0.988086 0.008574
1772700901.657366753 -30.410523 -17.794796 1.626724 0.155360 0.012308 0.987755 0.007229
1772700901.757831573 -30.384010 -17.791395 1.617131 0.156698 0.013472 0.987540 0.005433
1772700901.858430624 -30.364091 -17.790785 1.614733 0.160343 0.015129 0.986942 0.002701
1772700901.957753658 -30.338693 -17.788720 1.603433 0.161457 0.016023 0.986749 0.001136
1772700902.059022665 -30.313421 -17.788401 1.595687 0.163128 0.016211 0.986471 -0.001218
1772700902.158841610 -30.286929 -17.787589 1.587129 0.163992 0.015402 0.986336 -0.003275
1772700902.257959604 -30.259777 -17.784640 1.582589 0.164304 0.015897 0.986265 -0.005701
1772700902.358412743 -30.231460 -17.783888 1.576366 0.165248 0.016597 0.986082 -0.007725
1772700902.458257675 -30.205689 -17.784270 1.568174 0.165391 0.016624 0.986049 -0.008762
1772700902.559174776 -30.180437 -17.782047 1.560217 0.167056 0.017470 0.985744 -0.009760
1772700902.658910751 -30.153305 -17.779921 1.549869 0.167662 0.017875 0.985625 -0.010659
1772700902.758275747 -30.124574 -17.777640 1.541057 0.169693 0.018933 0.985249 -0.011370
1772700902.860016584 -30.096670 -17.776345 1.532200 0.169467 0.018486 0.985291 -0.011873
1772700902.960966587 -30.072084 -17.775260 1.520336 0.169171 0.018897 0.985331 -0.012081
1772700903.060032606 -30.050489 -17.774079 1.512137 0.169098 0.017850 0.985357 -0.012587
1772700903.159091711 -30.031028 -17.769706 1.499614 0.168268 0.018241 0.985487 -0.012943
1772700903.259118557 -30.008902 -17.764493 1.488520 0.166712 0.018761 0.985732 -0.013705
1772700903.359185696 -29.985361 -17.760989 1.476481 0.167130 0.018511 0.985642 -0.015282
1772700903.459776640 -29.961341 -17.754422 1.466634 0.166883 0.018434 0.985651 -0.017386
1772700903.558878660 -29.937365 -17.747462 1.457458 0.167118 0.018370 0.985567 -0.019766
1772700903.658641577 -29.915749 -17.741606 1.443709 0.166898 0.018718 0.985544 -0.022321
1772700903.758771658 -29.892478 -17.736939 1.434739 0.166781 0.017869 0.985506 -0.025342
1772700903.859694719 -29.866946 -17.732775 1.423470 0.167280 0.016887 0.985358 -0.028323
1772700903.959201574 -29.841108 -17.726860 1.415489 0.167559 0.016669 0.985223 -0.031334
1772700904.058969736 -29.816405 -17.719230 1.407675 0.168722 0.016665 0.984927 -0.034261
1772700904.160203695 -29.791420 -17.714161 1.396629 0.169005 0.015899 0.984762 -0.037791
1772700904.259316683 -29.765932 -17.712873 1.383526 0.168686 0.014512 0.984708 -0.041041
1772700904.358676672 -29.737210 -17.709353 1.379341 0.169443 0.013613 0.984470 -0.043848
1772700904.458572626 -29.710424 -17.702734 1.369963 0.170255 0.014141 0.984179 -0.046956
1772700904.559010744 -29.684397 -17.697158 1.364720 0.170008 0.013208 0.984118 -0.049346
1772700904.659268618 -29.659101 -17.694128 1.356187 0.169624 0.012262 0.984101 -0.051202
1772700904.759649754 -29.635047 -17.689681 1.347814 0.169677 0.011396 0.983967 -0.053739
1772700904.858672619 -29.611389 -17.686490 1.336589 0.169281 0.010729 0.983929 -0.055786
1772700904.958899736 -29.582712 -17.685034 1.329747 0.167824 0.008318 0.984080 -0.057899
1772700905.060239553 -29.552101 -17.680793 1.321847 0.168420 0.008197 0.983856 -0.059949
1772700905.159008741 -29.521293 -17.676944 1.313054 0.168760 0.006933 0.983704 -0.061631
1772700905.259491682 -29.488124 -17.669045 1.305478 0.169118 0.006894 0.983507 -0.063751
1772700905.359290600 -29.455493 -17.658700 1.295064 0.169702 0.006530 0.983251 -0.066143
1772700905.459989548 -29.426701 -17.649656 1.281593 0.169323 0.005914 0.983197 -0.067960
1772700905.560816765 -29.398353 -17.643700 1.275203 0.167800 0.004525 0.983337 -0.069789
1772700905.659210682 -29.370729 -17.636641 1.269376 0.166225 0.004507 0.983454 -0.071883
1772700905.759441614 -29.347816 -17.636195 1.224035 0.163924 0.004844 0.983734 -0.073303
1772700905.860536575 -29.326440 -17.629390 1.213651 0.162716 0.005683 0.983859 -0.074252
1772700905.959608555 -29.304160 -17.626212 1.204420 0.160473 0.003594 0.984182 -0.074975
1772700906.060697556 -29.283108 -17.622932 1.196528 0.159480 0.003830 0.984253 -0.076146
1772700906.159668684 -29.263258 -17.620053 1.190267 0.159220 0.002836 0.984174 -0.077737
1772700906.260057688 -29.241449 -17.616697 1.183555 0.159132 0.002308 0.984039 -0.079617
1772700906.359862566 -29.217838 -17.613386 1.178374 0.158480 0.001729 0.984041 -0.080903
1772700906.461854696 -29.194803 -17.607645 1.171419 0.158537 0.001509 0.983913 -0.082340
1772700906.560612679 -29.170927 -17.602489 1.162087 0.158139 0.000746 0.983882 -0.083477
1772700906.660460711 -29.144263 -17.598919 1.156592 0.158206 -0.000133 0.983761 -0.084765
1772700906.760932684 -29.117267 -17.594622 1.148358 0.157266 -0.001341 0.983749 -0.086621
1772700906.859925747 -29.089022 -17.586241 1.139909 0.155454 -0.001714 0.983892 -0.088251
1772700906.960223675 -29.060745 -17.576249 1.130547 0.152791 -0.003353 0.984155 -0.089906
1772700907.060451746 -29.035956 -17.566096 1.120296 0.150363 -0.005328 0.984422 -0.090978
1772700907.161881685 -29.014434 -17.560780 1.108712 0.149151 -0.006452 0.984539 -0.091628
1772700907.262119770 -28.994798 -17.555299 1.102689 0.148405 -0.007253 0.984571 -0.092435
1772700907.360564709 -28.977615 -17.550251 1.093905 0.147680 -0.007900 0.984615 -0.093069
1772700907.461647749 -28.956772 -17.543650 1.084484 0.147604 -0.007627 0.984544 -0.093960
1772700907.560816765 -28.933547 -17.539176 1.074361 0.147058 -0.008577 0.984537 -0.094802
1772700907.661076546 -28.909114 -17.536950 1.066857 0.146481 -0.009464 0.984534 -0.095643
1772700907.761460781 -28.883238 -17.533976 1.062069 0.144706 -0.010363 0.984650 -0.097047
1772700907.862084627 -28.856913 -17.528899 1.056375 0.143008 -0.012140 0.984741 -0.098419
1772700907.962507725 -28.832175 -17.520592 1.050242 0.141665 -0.012657 0.984810 -0.099599
1772700908.062970638 -28.808871 -17.512444 1.042290 0.139901 -0.013728 0.984929 -0.100772
1772700908.162245750 -28.785353 -17.506476 1.032349 0.139577 -0.013826 0.984897 -0.101512
1772700908.262066603 -28.758555 -17.498773 1.023892 0.139491 -0.015437 0.984741 -0.102903
1772700908.362320662 -28.731926 -17.489877 1.016267 0.139071 -0.015790 0.984617 -0.104590
1772700908.463847637 -28.704873 -17.481770 1.007175 0.138553 -0.015655 0.984578 -0.105662
1772700908.563465595 -28.678687 -17.475447 0.997704 0.137316 -0.015867 0.984678 -0.106316
1772700908.663780689 -28.652506 -17.469229 0.988693 0.136500 -0.015224 0.984674 -0.107488
1772700908.762986660 -28.627661 -17.462771 0.977921 0.135688 -0.015904 0.984670 -0.108447
1772700908.862144709 -28.601608 -17.455428 0.966869 0.135127 -0.016066 0.984611 -0.109649
1772700908.963722706 -28.572801 -17.445753 0.958304 0.135433 -0.016523 0.984426 -0.110864
1772700909.062462568 -28.544167 -17.438219 0.953467 0.134269 -0.016013 0.984463 -0.112020
1772700909.162514687 -28.517166 -17.433269 0.949292 0.133872 -0.016262 0.984430 -0.112749
1772700909.262206554 -28.492080 -17.425611 0.946967 0.133627 -0.016093 0.984350 -0.113757
1772700909.362486601 -28.468015 -17.413910 0.942235 0.133397 -0.015448 0.984287 -0.114658
1772700909.463064671 -28.445185 -17.403459 0.934737 0.132695 -0.014568 0.984333 -0.115188
1772700909.562775612 -28.420500 -17.393066 0.929891 0.131157 -0.014516 0.984513 -0.115420
1772700909.662488699 -28.391641 -17.382436 0.925202 0.129730 -0.013233 0.984674 -0.115815
1772700909.762983561 -28.359902 -17.368971 0.922490 0.129437 -0.012116 0.984673 -0.116268
1772700909.862794638 -28.328309 -17.359573 0.916971 0.126936 -0.010237 0.984972 -0.116674
1772700909.962428570 -28.320408 -17.342287 0.846533 0.123908 -0.009447 0.985292 -0.117290
1772700910.062207699 -28.293976 -17.330335 0.843742 0.122889 -0.008695 0.985367 -0.117794
1772700910.162421703 -28.266780 -17.321147 0.837029 0.121693 -0.008079 0.985549 -0.117548
1772700910.262670755 -28.238876 -17.311108 0.833507 0.121195 -0.006811 0.985568 -0.117985
1772700910.363256693 -28.211452 -17.305503 0.825111 0.120400 -0.007649 0.985667 -0.117921
1772700910.464623690 -28.181272 -17.299345 0.817271 0.119703 -0.007408 0.985720 -0.118204
1772700910.563158751 -28.149635 -17.294517 0.810129 0.119857 -0.007439 0.985675 -0.118420
1772700910.663838625 -28.112204 -17.287405 0.805613 0.120309 -0.007746 0.985432 -0.119953
1772700910.763204575 -28.077236 -17.275738 0.799668 0.118996 -0.006452 0.985585 -0.120088
1772700910.863354683 -28.044072 -17.267278 0.796375 0.117177 -0.005605 0.985882 -0.119479
1772700910.963357687 -28.014374 -17.263574 0.793495 0.116655 -0.005819 0.985873 -0.120051
1772700911.063254595 -27.987387 -17.257639 0.791397 0.115745 -0.006332 0.985911 -0.120594
1772700911.163906574 -27.955908 -17.246739 0.795065 0.113908 -0.004720 0.986080 -0.121032
1772700911.263158560 -27.923063 -17.235077 0.792054 0.112304 -0.003784 0.986195 -0.121626
1772700911.363895655 -27.890090 -17.220470 0.785197 0.111414 -0.002753 0.986292 -0.121683
1772700911.465181589 -27.854094 -17.205221 0.779513 0.109867 -0.001619 0.986469 -0.121676
1772700911.563879728 -27.818572 -17.191462 0.773551 0.110017 -0.000772 0.986354 -0.122476
1772700911.663615704 -27.782951 -17.180750 0.762976 0.108846 -0.000643 0.986589 -0.121629
1772700911.765473604 -27.748568 -17.170756 0.755452 0.107286 -0.000154 0.986738 -0.121808
1772700911.866222620 -27.714515 -17.163221 0.753119 0.106504 0.000197 0.986821 -0.121822
1772700911.965108633 -27.681392 -17.156472 0.750757 0.106247 0.000500 0.986800 -0.122214
1772700912.065374613 -27.645772 -17.151240 0.746818 0.105779 0.000439 0.986836 -0.122332
1772700912.164782763 -27.606465 -17.144837 0.740813 0.106298 0.000594 0.986657 -0.123323
1772700912.264511585 -27.561957 -17.137096 0.733745 0.106122 0.000462 0.986686 -0.123238
1772700912.364388704 -27.520560 -17.127513 0.726942 0.106317 0.000342 0.986594 -0.123811
1772700912.464597702 -27.484431 -17.117245 0.719439 0.107122 0.001121 0.986525 -0.123657
1772700912.564790726 -27.450581 -17.107445 0.711984 0.107551 0.001271 0.986446 -0.123914
1772700912.666686773 -27.413505 -17.095374 0.703197 0.108613 0.001329 0.986360 -0.123673
1772700912.765315771 -27.377364 -17.083175 0.693146 0.109328 0.002298 0.986320 -0.123346
1772700912.867251635 -27.343337 -17.072794 0.678816 0.110717 0.002289 0.986201 -0.123061
1772700912.965732574 -27.307271 -17.066029 0.663401 0.110740 0.001876 0.986238 -0.122749
1772700913.068175554 -27.266488 -17.056762 0.650403 0.112738 0.000891 0.985940 -0.123336
1772700913.167068720 -27.228223 -17.048639 0.635791 0.113223 0.000980 0.985856 -0.123559
1772700913.267255545 -27.191439 -17.040675 0.619588 0.112438 -0.000322 0.985966 -0.123404
1772700913.367651701 -27.153165 -17.031494 0.600171 0.113257 -0.000053 0.985880 -0.123345
1772700913.466511726 -27.115943 -17.022788 0.579949 0.113065 -0.001440 0.985903 -0.123325
1772700913.566695690 -27.079015 -17.011379 0.559866 0.113187 -0.001835 0.985926 -0.123022
1772700913.667175770 -27.045322 -16.998983 0.536552 0.113236 -0.002933 0.985901 -0.123161
1772700913.766652584 -27.012614 -16.989858 0.511942 0.112172 -0.003962 0.985994 -0.123358
1772700913.868777752 -26.979394 -16.979547 0.487862 0.109533 -0.006492 0.986047 -0.125184
1772700913.967398643 -26.949215 -16.970078 0.462665 0.109512 -0.007338 0.985948 -0.125936
1772700914.066900730 -26.915863 -16.959493 0.440682 0.109500 -0.008285 0.985821 -0.126881
1772700914.166266680 -26.882317 -16.948256 0.422315 0.108451 -0.009025 0.985947 -0.126746
1772700914.267423630 -26.855250 -16.935442 0.405426 0.106127 -0.011167 0.986026 -0.127927
1772700914.368958712 -26.818670 -16.900845 0.376688 0.102480 -0.013269 0.986070 -0.130337
1772700914.467403650 -26.794094 -16.891351 0.359526 0.102884 -0.014506 0.985770 -0.132143
1772700914.566838741 -26.764968 -16.883854 0.350795 0.100077 -0.015910 0.985738 -0.134360
1772700914.667771578 -26.733506 -16.878891 0.341980 0.098081 -0.016236 0.985652 -0.136410
1772700914.767235756 -26.697278 -16.872172 0.337929 0.096384 -0.017487 0.985480 -0.138682
1772700914.868318558 -26.656755 -16.862022 0.334234 0.096423 -0.017824 0.985144 -0.140982
1772700914.967053652 -26.622548 -16.849076 0.330528 0.095401 -0.017522 0.985026 -0.142536
1772700915.067670584 -26.588684 -16.835576 0.323531 0.093792 -0.018374 0.985025 -0.143500
1772700915.167656660 -26.554046 -16.823614 0.318354 0.091027 -0.019767 0.985086 -0.144666
1772700915.268079758 -26.518275 -16.813088 0.314362 0.087433 -0.021566 0.985166 -0.146078
1772700915.367238760 -26.483662 -16.802466 0.318329 0.084207 -0.023347 0.985050 -0.148464
1772700915.467228651 -26.450460 -16.795597 0.320573 0.081663 -0.024908 0.984915 -0.150507
1772700915.567917585 -26.417782 -16.791324 0.323095 0.078613 -0.026650 0.984805 -0.152540
1772700915.668752670 -26.384630 -16.789119 0.329537 0.076821 -0.027856 0.984631 -0.154350
1772700915.767703772 -26.351470 -16.784069 0.339653 0.074462 -0.028292 0.984630 -0.155429
1772700915.868825674 -26.316327 -16.775571 0.344686 0.071814 -0.029788 0.984626 -0.156421
1772700915.967889547 -26.283778 -16.764752 0.350881 0.068878 -0.029846 0.984682 -0.157373
1772700916.069544554 -26.250889 -16.750991 0.354128 0.065391 -0.030231 0.984750 -0.158361
1772700916.167238712 -26.222809 -16.736080 0.352151 0.062160 -0.030153 0.984804 -0.159338
1772700916.269015551 -26.191530 -16.721002 0.349258 0.060637 -0.031309 0.984688 -0.160415
1772700916.368861675 -26.156906 -16.705417 0.349216 0.060460 -0.030829 0.984407 -0.162288
1772700916.468247652 -26.119790 -16.692134 0.340180 0.059690 -0.031821 0.984201 -0.163625
1772700916.569545746 -26.077582 -16.677538 0.338405 0.059889 -0.032434 0.983896 -0.165259
1772700916.670024633 -26.034333 -16.661597 0.339295 0.060331 -0.032350 0.983624 -0.166727
1772700916.769170761 -25.993816 -16.644540 0.335299 0.059643 -0.031880 0.983489 -0.167855
1772700916.868329763 -25.991899 -16.643939 0.279030 0.062450 -0.032694 0.983355 -0.167462
1772700916.969561577 -25.948987 -16.627589 0.271076 0.062973 -0.033433 0.983218 -0.167922
1772700917.068944693 -25.904619 -16.609558 0.269455 0.063808 -0.032758 0.982998 -0.169024
1772700917.169270754 -25.859807 -16.589875 0.263819 0.063468 -0.033072 0.982897 -0.169683
1772700917.270173550 -25.812888 -16.566750 0.259605 0.064008 -0.031576 0.982731 -0.170719
1772700917.368085623 -25.754792 -16.548481 0.252293 0.063921 -0.032082 0.982642 -0.171172
1772700917.368085623 -25.811074 -16.535570 0.245644 0.064147 -0.031100 0.982710 -0.170879
1772700917.569197655 -25.712836 -16.494147 0.240402 0.063737 -0.030565 0.982473 -0.172481
1772700917.668540716 -25.654442 -16.480473 0.232260 0.063474 -0.031312 0.982422 -0.172737
1772700917.769225597 -25.606619 -16.467307 0.230786 0.062164 -0.031576 0.982429 -0.173121
1772700917.871280670 -25.565909 -16.451589 0.234612 0.062439 -0.030026 0.982380 -0.173577
1772700917.969232559 -25.532468 -16.437169 0.226608 0.060861 -0.030767 0.982591 -0.172810
1772700918.069159746 -25.497669 -16.425309 0.220951 0.059694 -0.031209 0.982574 -0.173234
1772700918.170514584 -25.464891 -16.416917 0.222438 0.058777 -0.030984 0.982430 -0.174401
1772700918.271475554 -25.435353 -16.410568 0.223991 0.059093 -0.031483 0.982253 -0.175203
1772700918.370106697 -25.407292 -16.400287 0.225194 0.058658 -0.030258 0.982167 -0.176042
1772700918.469818592 -25.374954 -16.387563 0.218263 0.058726 -0.031230 0.982224 -0.175532
1772700918.570669651 -25.339991 -16.367903 0.212612 0.058371 -0.029898 0.982325 -0.175320
1772700918.669606686 -25.305450 -16.347937 0.207043 0.058102 -0.029775 0.982331 -0.175396
1772700918.769399643 -25.269901 -16.328589 0.201492 0.057325 -0.030014 0.982442 -0.174990
1772700918.869039774 -25.232472 -16.309079 0.196263 0.057791 -0.029049 0.982338 -0.175582
1772700918.969945669 -25.189585 -16.290755 0.183234 0.057037 -0.029857 0.982383 -0.175438
1772700919.070378780 -25.141776 -16.272097 0.175617 0.058223 -0.029333 0.982317 -0.175506
1772700919.170044661 -25.095056 -16.253459 0.163800 0.057905 -0.029710 0.982205 -0.176176
1772700919.270787716 -25.048386 -16.239370 0.155361 0.058224 -0.029469 0.982254 -0.175839
1772700919.369921684 -25.004303 -16.230726 0.139345 0.057444 -0.031357 0.982306 -0.175475
1772700919.472527742 -24.959395 -16.223169 0.142007 0.057542 -0.030344 0.982305 -0.175624
1772700919.572164774 -24.919776 -16.215369 0.141355 0.058265 -0.030216 0.982092 -0.176602
1772700919.669674635 -24.883454 -16.204335 0.135690 0.058431 -0.029885 0.982452 -0.174584
1772700919.770381689 -24.845124 -16.190924 0.129095 0.058014 -0.030185 0.983315 -0.169747
1772700919.871049643 -24.805328 -16.176623 0.128273 0.058454 -0.029419 0.984132 -0.164926
1772700919.971304655 -24.765305 -16.160641 0.121694 0.058817 -0.029086 0.985032 -0.159393
1772700920.071061611 -24.720810 -16.177400 0.144038 0.059035 -0.027663 0.986003 -0.153451
1772700920.171904564 -24.680791 -16.159423 0.136879 0.057424 -0.028039 0.986970 -0.147667
1772700920.270648718 -24.642381 -16.144520 0.138243 0.058202 -0.026668 0.987140 -0.146478
1772700920.370856762 -24.602117 -16.132807 0.127584 0.056881 -0.028314 0.987543 -0.143949
1772700920.472062588 -24.559179 -16.122602 0.121228 0.056383 -0.027371 0.987731 -0.143035
1772700920.571344614 -24.516655 -16.115419 0.117278 0.054842 -0.028858 0.988191 -0.140136
1772700920.673137665 -24.476659 -16.103542 0.126204 0.055411 -0.027665 0.988726 -0.136330
1772700920.770584583 -24.438200 -16.090053 0.128553 0.055042 -0.027479 0.989134 -0.133528
1772700920.870960712 -24.396956 -16.074133 0.115832 0.053827 -0.028481 0.989283 -0.132708
1772700920.971030712 -24.353973 -16.060918 0.108689 0.052706 -0.027816 0.989495 -0.131714
1772700921.072819710 -24.311178 -16.052705 0.109938 0.051109 -0.027782 0.989810 -0.129970
1772700921.171277761 -24.272105 -16.041209 0.110751 0.050753 -0.028157 0.990187 -0.127130
1772700921.272476673 -24.231763 -16.020862 0.105562 0.051421 -0.026270 0.990525 -0.124604
1772700921.371259689 -24.186387 -15.998859 0.087504 0.049930 -0.027825 0.990814 -0.122555
1772700921.472536564 -24.125902 -15.975524 0.074401 0.048981 -0.027036 0.990935 -0.122139
1772700921.472536564 -24.189508 -15.979893 0.071671 0.048256 -0.025154 0.991047 -0.121922
1772700921.671841621 -24.081207 -15.943470 0.061691 0.046897 -0.025780 0.991228 -0.120843
1772700921.771742582 -24.012337 -15.926741 0.051184 0.045218 -0.024752 0.991403 -0.120259
1772700921.771742582 -24.066757 -15.924650 0.036757 0.044628 -0.024131 0.991469 -0.120062
1772700921.972911596 -23.942521 -15.896315 0.031653 0.043729 -0.023449 0.991476 -0.120468
1772700922.072443724 -23.890312 -15.889300 0.017187 0.042708 -0.024167 0.991492 -0.120560
1772700922.173066616 -23.843561 -15.883967 0.018344 0.042970 -0.023062 0.991492 -0.120686
1772700922.272707701 -23.797603 -15.876685 0.016884 0.041840 -0.023045 0.991565 -0.120486
1772700922.372626543 -23.753226 -15.859716 0.011207 0.042076 -0.020744 0.991571 -0.120771
1772700922.471601725 -23.706973 -15.838870 -0.003623 0.041345 -0.020484 0.991629 -0.120598
1772700922.573514700 -23.680352 -15.850385 0.130745 0.047366 -0.014128 0.991447 -0.120785
1772700922.674736500 -23.630079 -15.829485 0.111873 0.047848 -0.014028 0.991769 -0.117931
1772700922.774181604 -23.578052 -15.813897 0.101514 0.048065 -0.013143 0.992144 -0.114749
1772700922.871937752 -23.527946 -15.801074 0.092250 0.048447 -0.013051 0.992618 -0.110420
1772700922.973338604 -23.478365 -15.786149 0.079904 0.047884 -0.013059 0.993180 -0.105497
1772700923.072606564 -23.431674 -15.770957 0.075259 0.048352 -0.012074 0.993509 -0.102258
1772700923.173291683 -23.384647 -15.760275 0.069189 0.047885 -0.012001 0.993801 -0.099607
1772700923.272845745 -23.340612 -15.750640 0.064095 0.047178 -0.010590 0.994248 -0.095567
1772700923.372180700 -23.294616 -15.741051 0.053245 0.047255 -0.010488 0.994604 -0.091764
1772700923.473537683 -23.240290 -15.731617 0.036514 0.047720 -0.010417 0.994831 -0.089023
1772700923.574781656 -23.180073 -15.722879 0.022298 0.047504 -0.010288 0.994988 -0.087393
1772700923.672359705 -23.121113 -15.715104 0.015234 0.048280 -0.010402 0.995038 -0.086377
1772700923.773694754 -23.060226 -15.705376 0.001782 0.049505 -0.009962 0.995027 -0.085858
1772700923.875156641 -22.998473 -15.695071 -0.015630 0.049961 -0.010007 0.995043 -0.085398
1772700923.973276615 -22.940139 -15.680804 -0.031595 0.051233 -0.009164 0.995169 -0.083248
1772700924.072754622 -22.880293 -15.665270 -0.050667 0.051519 -0.009820 0.995365 -0.080612
1772700924.172880650 -22.818062 -15.646963 -0.063992 0.051262 -0.009129 0.995540 -0.078671
1772700924.275478601 -22.752243 -15.628413 -0.074967 0.052123 -0.008177 0.995546 -0.078128
1772700924.373963594 -22.690441 -15.612219 -0.097355 0.051578 -0.009479 0.995629 -0.077278
1772700924.473599672 -22.629623 -15.600987 -0.109900 0.052031 -0.009218 0.995591 -0.077501
1772700924.573185682 -22.571041 -15.595794 -0.111628 0.052954 -0.008498 0.995596 -0.076886
1772700924.675117731 -22.512696 -15.589512 -0.120218 0.053036 -0.009029 0.995734 -0.074970
1772700924.775398493 -22.456769 -15.584585 -0.126724 0.052709 -0.008222 0.995792 -0.074515
1772700924.873652697 -22.405640 -15.580663 -0.127682 0.051673 -0.008715 0.995956 -0.072979
1772700924.973836660 -22.355485 -15.576311 -0.122685 0.052049 -0.007305 0.995913 -0.073448
1772700925.074443579 -22.306058 -15.570958 -0.122761 0.050476 -0.007106 0.996000 -0.073381
1772700925.174392700 -22.257550 -15.564188 -0.122738 0.050711 -0.006453 0.996093 -0.072016
1772700925.273357630 -22.206577 -15.555364 -0.124015 0.050251 -0.005258 0.996179 -0.071243
1772700925.374575615 -22.149397 -15.546362 -0.133159 0.050475 -0.005564 0.996143 -0.071561
1772700925.474856138 -22.090350 -15.537393 -0.141951 0.051382 -0.005137 0.996133 -0.071086
1772700925.574769020 -22.029364 -15.530064 -0.154150 0.053238 -0.004462 0.995997 -0.071669
1772700925.674793482 -21.988236 -15.521620 -0.099657 0.053193 -0.007665 0.996079 -0.070268
1772700925.773887634 -21.923909 -15.515302 -0.106963 0.053509 -0.007580 0.996246 -0.067620
1772700925.874430656 -21.857412 -15.506933 -0.108542 0.055095 -0.006068 0.996137 -0.068099
1772700925.974667788 -21.793814 -15.498878 -0.126036 0.054654 -0.007311 0.996172 -0.067833
1772700926.074223757 -21.732906 -15.490801 -0.133482 0.054643 -0.007402 0.996261 -0.066509
1772700926.174213648 -21.673901 -15.482313 -0.131171 0.055740 -0.006084 0.996348 -0.064398
1772700926.274275780 -21.613598 -15.471726 -0.137984 0.056273 -0.005594 0.996476 -0.061942
1772700926.374663591 -21.542284 -15.463223 -0.146664 0.056022 -0.006197 0.996502 -0.061702
1772700926.474608660 -21.455643 -15.455701 -0.147282 0.057162 -0.005089 0.996484 -0.061039
1772700926.474608660 -21.498406 -15.445936 -0.161662 0.057281 -0.004639 0.996498 -0.060742
1772700926.674681664 -21.328525 -15.441035 -0.163151 0.056665 -0.006262 0.996556 -0.060215
1772700926.774688721 -21.243450 -15.429574 -0.168504 0.056847 -0.004681 0.996540 -0.060447
1772700926.874501705 -21.160101 -15.415067 -0.181224 0.057180 -0.003785 0.996520 -0.060524
1772700926.974655628 -21.071707 -15.398634 -0.199126 0.057367 -0.003803 0.996482 -0.060973
1772700927.075074196 -20.981111 -15.381649 -0.212499 0.059912 -0.001935 0.996322 -0.061231
1772700927.174977064 -20.888252 -15.370593 -0.230190 0.058981 -0.004096 0.996362 -0.061375
1772700927.274779558 -20.798572 -15.355395 -0.242316 0.061263 -0.001929 0.996201 -0.061852
1772700927.374983788 -20.711244 -15.341848 -0.258367 0.060557 -0.002226 0.996269 -0.061440
1772700927.474975109 -20.622357 -15.324527 -0.274688 0.060319 -0.002688 0.996322 -0.060795
1772700927.574878216 -20.539536 -15.305204 -0.290247 0.060650 -0.001282 0.996171 -0.062958
1772700927.674904346 -20.455106 -15.292809 -0.305768 0.061840 -0.002332 0.996176 -0.061673
1772700927.774844170 -20.360671 -15.259740 -0.307456 0.057069 -0.004045 0.996297 -0.064184
1772700927.874887943 -20.280456 -15.248391 -0.313902 0.059146 -0.002590 0.996204 -0.063823
1772700927.974867821 -20.194331 -15.234692 -0.327850 0.058567 -0.003783 0.996265 -0.063339
1772700928.074916124 -20.107563 -15.221722 -0.338760 0.057375 -0.002068 0.996423 -0.062003
1772700928.174860954 -20.025349 -15.214676 -0.350387 0.057434 -0.003479 0.996459 -0.061307
1772700928.274824142 -19.943134 -15.205093 -0.351219 0.057062 -0.001078 0.996427 -0.062255
1772700928.375033379 -19.846851 -15.195184 -0.360924 0.056859 -0.001685 0.996438 -0.062252
1772700928.375845671 -19.881644 -15.205708 -0.363784 0.056799 -0.002135 0.996435 -0.062341
1772700928.575338602 -19.698845 -15.188383 -0.374942 0.056763 -0.000630 0.996615 -0.059465
1772700928.675349474 -19.602447 -15.175084 -0.383057 0.056245 -0.000639 0.996810 -0.056621
1772700928.775154591 -19.508815 -15.161439 -0.391605 0.058159 0.000129 0.996754 -0.055674
1772700928.874943018 -19.417541 -15.151685 -0.411976 0.057437 -0.001678 0.996852 -0.054635
1772700928.974840403 -19.321879 -15.146554 -0.423869 0.057577 -0.002415 0.996840 -0.054675
1772700929.074719906 -19.217102 -15.142813 -0.428482 0.056672 -0.002373 0.996915 -0.054255
1772700929.078739643 -19.283181 -15.139887 -0.455467 0.054483 -0.003684 0.997038 -0.054157
1772700929.274682760 -19.133927 -15.146430 -0.448955 0.054435 -0.004132 0.997084 -0.053322
1772700929.374621630 -19.048272 -15.145304 -0.449795 0.057307 -0.002185 0.996922 -0.053460
1772700929.474669933 -18.956339 -15.139303 -0.463285 0.055821 -0.002381 0.996968 -0.054162
1772700929.574757099 -18.847727 -15.132566 -0.477538 0.058335 -0.002066 0.996843 -0.053813
1772700929.576660633 -18.854970 -15.093016 -0.502135 0.056556 -0.001419 0.996973 -0.053325
1772700929.774868488 -18.667459 -15.079402 -0.548525 0.053838 -0.003422 0.997178 -0.052212
1772700929.874890089 -18.579129 -15.073263 -0.579900 0.052991 -0.003618 0.997294 -0.050822
1772700929.974935770 -18.492142 -15.069153 -0.601965 0.055624 -0.002266 0.997212 -0.049684
1772700930.074977875 -18.405019 -15.055074 -0.600083 0.054675 -0.002458 0.997262 -0.049728
1772700930.175043106 -18.315865 -15.039092 -0.604691 0.054642 -0.001775 0.997273 -0.049575
1772700930.275243521 -18.228795 -15.025084 -0.607962 0.055177 -0.002215 0.997369 -0.046966
1772700930.375402689 -18.139584 -15.009492 -0.614647 0.054898 -0.001430 0.997427 -0.046073
1772700930.475522518 -18.046514 -14.995856 -0.622654 0.054483 -0.001962 0.997525 -0.044394
1772700930.575629950 -17.951753 -14.985199 -0.621230 0.053205 -0.001492 0.997689 -0.042234
1772700930.675632477 -17.862012 -14.977742 -0.623225 0.051232 -0.000522 0.997916 -0.039223
1772700930.775569677 -17.781564 -14.972194 -0.632734 0.050853 -0.002171 0.998025 -0.036812
1772700930.875481367 -17.694219 -14.968835 -0.628152 0.050791 -0.000316 0.998102 -0.034811
1772700930.975415945 -17.608628 -14.966213 -0.629865 0.047735 -0.000355 0.998335 -0.032366
1772700931.075315952 -17.524656 -14.964152 -0.633964 0.046887 -0.000889 0.998421 -0.030917
1772700931.175253153 -17.443107 -14.960562 -0.636322 0.046254 -0.000250 0.998520 -0.028611
1772700931.275249958 -17.361905 -14.960740 -0.643283 0.045237 -0.000698 0.998625 -0.026464
1772700931.375248194 -17.282426 -14.961313 -0.646331 0.044546 -0.001272 0.998720 -0.023918
1772700931.475262403 -17.199721 -14.958862 -0.644856 0.044726 -0.001025 0.998783 -0.020759
1772700931.575272799 -17.118484 -14.955427 -0.654389 0.044101 -0.001474 0.998877 -0.017246
1772700931.675355196 -17.034687 -14.948568 -0.657355 0.043957 -0.001288 0.998928 -0.014458
1772700931.775388002 -16.947623 -14.944163 -0.660438 0.044077 -0.000975 0.998966 -0.011087
1772700931.875463963 -16.859499 -14.940047 -0.668630 0.044443 -0.001692 0.998983 -0.007346
1772700931.975400448 -16.768758 -14.939088 -0.674146 0.044420 -0.001275 0.998998 -0.005318
1772700932.075378180 -16.679744 -14.936821 -0.676049 0.044895 -0.001142 0.998988 -0.002510
1772700932.175307274 -16.597193 -14.931210 -0.805302 0.047694 -0.002037 0.998859 -0.000715
1772700932.275179863 -16.512986 -14.927677 -0.809543 0.047787 -0.001864 0.998856 0.000324
1772700932.375174046 -16.427392 -14.926994 -0.810595 0.046922 -0.001522 0.998897 0.000923
1772700932.475109816 -16.344975 -14.927111 -0.817247 0.046662 -0.001364 0.998909 0.001247
1772700932.575143099 -16.259868 -14.925405 -0.820168 0.045330 -0.001661 0.998970 0.001359
1772700932.675168991 -16.173859 -14.923036 -0.820173 0.043770 -0.000787 0.999040 0.001702
1772700932.775034189 -16.088432 -14.916855 -0.820451 0.042182 -0.000482 0.999109 0.000986
1772700932.874892950 -16.003080 -14.909669 -0.821226 0.042043 -0.000080 0.999116 0.000531
1772700932.974818230 -15.919466 -14.902191 -0.829829 0.041205 -0.000442 0.999149 0.001448
1772700933.074740171 -15.831469 -14.897616 -0.835361 0.041145 -0.000515 0.999152 0.001209
1772700933.174669504 -15.743887 -14.896952 -0.838444 0.042096 0.000281 0.999112 0.001445
1772700933.274652719 -15.656017 -14.899786 -0.842671 0.041996 0.000297 0.999116 0.001852
1772700933.374654293 -15.566624 -14.899049 -0.846521 0.042523 0.000572 0.999094 0.001863
1772700933.474706888 -15.463617 -14.893594 -0.858201 0.042514 -0.000609 0.999090 0.003522
1772700933.479882717 -15.479859 -14.919092 -0.834375 0.043775 -0.001722 0.999034 0.003538
1772700933.674831390 -15.297952 -14.913736 -0.859930 0.045025 -0.000644 0.998954 0.007928
1772700933.774870157 -15.203895 -14.916817 -0.859283 0.046462 0.001488 0.998877 0.009148
1772700933.874970675 -15.118060 -14.925500 -0.865471 0.046087 -0.000444 0.998845 0.013553
1772700933.975021362 -15.034994 -14.930472 -0.866708 0.046685 -0.000564 0.998781 0.016032
1772700934.075095892 -14.956660 -14.934467 -0.866852 0.046312 0.000765 0.998780 0.017126
1772700934.174937010 -14.877704 -14.941647 -0.870539 0.044080 -0.000894 0.998832 0.019755
1772700934.274920940 -14.789814 -14.941806 -0.871394 0.043269 0.001827 0.998823 0.021825
1772700934.374959707 -14.708837 -14.935508 -0.884710 0.039865 -0.002418 0.998886 0.025110
1772700934.474958658 -14.624428 -14.935429 -0.897560 0.040404 -0.000876 0.998810 0.027291
1772700934.574981213 -14.537276 -14.937135 -0.907704 0.039286 -0.000914 0.998759 0.030613
1772700934.674974203 -14.448631 -14.935997 -0.915531 0.038616 -0.000376 0.998681 0.033835
1772700934.774959087 -14.357468 -14.934874 -0.925933 0.038467 -0.000241 0.998566 0.037231
1772700934.874989986 -14.261214 -14.935013 -0.939084 0.038514 0.000282 0.998451 0.040146
1772700934.975054264 -14.167741 -14.937959 -0.955672 0.038787 0.001012 0.998306 0.043365
1772700935.075112343 -14.074196 -14.945082 -0.974367 0.038711 0.000423 0.998088 0.048186
1772700935.175103426 -13.982212 -14.952721 -0.989316 0.038484 0.000709 0.997905 0.052007
1772700935.275067091 -13.892245 -14.960743 -1.002595 0.039141 0.001931 0.997672 0.055811
1772700935.374981642 -13.806173 -14.970440 -1.020185 0.038621 0.000849 0.997439 0.060191
1772700935.474784136 -13.716596 -14.981707 -1.029254 0.038255 0.002934 0.997217 0.063922
1772700935.574600935 -13.631293 -14.995994 -1.046591 0.038512 0.002292 0.996959 0.067706
1772700935.674450636 -13.548824 -15.011342 -1.062804 0.038056 0.002851 0.996744 0.071025
1772700935.774300814 -13.466306 -15.026333 -1.075510 0.037981 0.002961 0.996515 0.074210
1772700935.874192476 -13.379393 -15.042323 -1.086879 0.037709 0.003196 0.996237 0.077972
1772700935.974129438 -13.297062 -15.056577 -1.102366 0.038326 0.004389 0.996001 0.080589
1772700936.074114323 -13.214678 -15.073331 -1.126180 0.038462 0.003498 0.995756 0.083536
1772700936.174079418 -13.129005 -15.087321 -1.143770 0.038971 0.003967 0.995585 0.085300
1772700936.274095058 -13.043125 -15.105295 -1.163139 0.039347 0.003631 0.995513 0.085981
1772700936.374100447 -12.955391 -15.121782 -1.184256 0.041731 0.004656 0.995363 0.086534
1772700936.474050283 -12.867592 -15.135160 -1.189671 0.043117 0.006573 0.995373 0.085623
1772700936.574170828 -12.777105 -15.143310 -1.193309 0.044154 0.004944 0.995200 0.087191
1772700936.674216509 -12.686160 -15.154325 -1.192360 0.044397 0.005924 0.995282 0.086073
1772700936.774362803 -12.622014 -15.153133 -1.389696 0.062253 0.003088 0.994338 0.086068
1772700936.874573946 -12.543087 -15.165222 -1.397153 0.061542 0.002366 0.994440 0.085420
1772700936.974816322 -12.468839 -15.172290 -1.400682 0.060115 0.003676 0.994435 0.086441
1772700937.074950218 -12.387411 -15.178787 -1.400066 0.057890 0.001231 0.994593 0.086204
1772700937.175050735 -12.305244 -15.187078 -1.395454 0.055705 0.002646 0.994836 0.084800
1772700937.275069952 -12.218850 -15.200023 -1.397769 0.052789 0.002283 0.995018 0.084537
1772700937.375094414 -12.121853 -15.211399 -1.399446 0.051325 0.002326 0.995091 0.084582
1772700937.383658648 -12.145049 -15.240296 -1.396115 0.051497 0.001733 0.995090 0.084505
1772700937.574937820 -11.976281 -15.255392 -1.406165 0.052516 0.002511 0.995184 0.082729
1772700937.674901485 -11.881697 -15.266844 -1.416757 0.054041 0.002356 0.995117 0.082558
1772700937.774981976 -11.784303 -15.280207 -1.424658 0.054744 0.001201 0.995053 0.082895
1772700937.874926567 -11.688261 -15.292811 -1.429025 0.057432 0.002587 0.994956 0.082205
1772700937.975091934 -11.600520 -15.312755 -1.448249 0.058571 -0.000137 0.994991 0.081013
1772700938.074975491 -11.509930 -15.324996 -1.450055 0.059954 -0.000425 0.995012 0.079727
1772700938.174963713 -11.416903 -15.335798 -1.446176 0.061312 -0.000134 0.995097 0.077607
1772700938.275003195 -11.326974 -15.346502 -1.449149 0.061613 -0.000302 0.995267 0.075153
1772700938.374984264 -11.211870 -15.342664 -1.397786 0.050176 -0.005070 0.995932 0.074675
1772700938.383390665 -11.249796 -15.350731 -1.406114 0.049952 -0.005996 0.995923 0.074873
1772700938.574841499 -11.057291 -15.363748 -1.388116 0.052698 -0.005154 0.996211 0.068998
1772700938.674928904 -10.957259 -15.370855 -1.389464 0.053902 -0.004637 0.996449 0.064512
1772700938.775072336 -10.864106 -15.381030 -1.401345 0.053036 -0.006472 0.996610 0.062557
1772700938.875249147 -10.773216 -15.389704 -1.404141 0.053762 -0.006039 0.996628 0.061701
1772700938.975326777 -10.688018 -15.399076 -1.406203 0.053081 -0.006871 0.996795 0.059456
1772700939.075353146 -10.604857 -15.406436 -1.407051 0.053742 -0.006167 0.996824 0.058448
1772700939.175339699 -10.520878 -15.414339 -1.406994 0.052761 -0.006350 0.996865 0.058613
1772700939.275186539 -10.432049 -15.423735 -1.407356 0.052837 -0.005512 0.996850 0.058889
1772700939.375067949 -10.345973 -15.432028 -1.412991 0.051784 -0.005409 0.996934 0.058415
1772700939.474869967 -10.260767 -15.440196 -1.418846 0.051378 -0.005614 0.996952 0.058435
1772700939.574751139 -10.172971 -15.447623 -1.420861 0.051318 -0.005398 0.996982 0.057997
1772700939.674671173 -10.086660 -15.453438 -1.425828 0.051022 -0.005214 0.996976 0.058379
1772700939.774607658 -10.002044 -15.459915 -1.427169 0.050648 -0.005005 0.997024 0.057899
1772700939.874624968 -9.915942 -15.468093 -1.426061 0.050400 -0.004982 0.997037 0.057903
1772700939.974642515 -9.831579 -15.476359 -1.423970 0.049771 -0.004475 0.997088 0.057605
1772700940.074727297 -9.747325 -15.484392 -1.426720 0.049405 -0.004732 0.997099 0.057716
1772700940.174819231 -9.658750 -15.492606 -1.426199 0.049857 -0.004529 0.997117 0.057019
1772700940.274877071 -9.558456 -15.503208 -1.424363 0.049661 -0.003761 0.997146 0.056748
1772700940.283699751 -9.587483 -15.495131 -1.426228 0.050232 -0.003212 0.997115 0.056815
1772700940.475125790 -9.391201 -15.512722 -1.426920 0.051128 -0.002651 0.997136 0.055657
1772700940.575091839 -9.299084 -15.522684 -1.442130 0.049007 -0.002202 0.997320 0.054281
1772700940.675044060 -9.304217 -15.520770 -1.725037 0.060802 -0.004928 0.996614 0.055127
1772700940.774978161 -9.212910 -15.523086 -1.726598 0.061869 -0.004189 0.996555 0.055075
1772700940.874768496 -9.123680 -15.528993 -1.727152 0.061808 -0.003465 0.996582 0.054704
1772700940.974684000 -9.032610 -15.535215 -1.722790 0.060511 -0.003456 0.996675 0.054444
1772700941.074710846 -8.935223 -15.542227 -1.708779 0.059960 -0.000403 0.996649 0.055629
1772700941.174719810 -8.843484 -15.546440 -1.699385 0.057826 -0.000247 0.996773 0.055668
1772700941.274780989 -8.753973 -15.551739 -1.697476 0.057323 -0.000054 0.996876 0.054342
1772700941.374820709 -8.667001 -15.556358 -1.693253 0.056779 0.000452 0.996950 0.053535
1772700941.474884748 -8.575000 -15.561323 -1.688271 0.055970 0.000554 0.997020 0.053089
1772700941.574898481 -8.475922 -15.564509 -1.678884 0.054810 0.000658 0.997124 0.052341
1772700941.674820662 -8.374772 -15.566411 -1.673293 0.054857 0.001156 0.997157 0.051646
1772700941.774769783 -8.277631 -15.566253 -1.669450 0.053733 0.001199 0.997233 0.051361
1772700941.874682188 -8.184151 -15.566799 -1.660227 0.053331 0.000590 0.997271 0.051054
1772700941.974640846 -8.094697 -15.575700 -1.663997 0.052904 0.001474 0.997293 0.051043
1772700942.074574709 -8.008994 -15.586973 -1.668940 0.052054 0.001136 0.997350 0.050818
1772700942.174445391 -7.922392 -15.598889 -1.664736 0.051041 0.001110 0.997410 0.050661
1772700942.274319887 -7.834118 -15.608082 -1.656562 0.049951 0.001661 0.997494 0.050079
1772700942.374221802 -7.748430 -15.614586 -1.660487 0.049606 0.001696 0.997520 0.049903
1772700942.474131823 -7.660477 -15.618587 -1.660275 0.049700 0.002376 0.997556 0.049052
1772700942.574060917 -7.572870 -15.625372 -1.660347 0.048306 0.002320 0.997663 0.048258
1772700942.674028635 -7.485734 -15.632442 -1.666236 0.048893 0.001429 0.997636 0.048274
1772700942.773957253 -7.398721 -15.639585 -1.667112 0.048018 0.001573 0.997701 0.047794
1772700942.873938322 -7.309044 -15.645621 -1.669978 0.049002 0.001881 0.997656 0.047728
1772700942.973872900 -7.216266 -15.650904 -1.673574 0.049303 0.001874 0.997637 0.047810
1772700943.073987722 -7.224488 -15.685722 -1.858648 0.058535 0.005128 0.997152 0.047278
1772700943.173801661 -7.131653 -15.692207 -1.870288 0.059501 0.004896 0.997116 0.046860
1772700943.273812056 -7.041140 -15.698928 -1.878898 0.059130 0.005033 0.997172 0.046121
1772700943.373839617 -6.948822 -15.705506 -1.877155 0.058715 0.005593 0.997204 0.045883
1772700943.473915577 -6.858170 -15.713871 -1.877891 0.058955 0.005191 0.997145 0.046887
1772700943.573972940 -6.769436 -15.720039 -1.873649 0.058618 0.005823 0.997208 0.045893
1772700943.673966885 -6.681647 -15.724904 -1.872007 0.059069 0.006526 0.997169 0.046076
1772700943.773997307 -6.593787 -15.728924 -1.875170 0.059084 0.007129 0.997167 0.046011
1772700943.874004841 -6.506350 -15.734412 -1.875826 0.058054 0.007074 0.997222 0.046132
1772700943.974004984 -6.416948 -15.738450 -1.876335 0.058569 0.006703 0.997206 0.045879
1772700944.073984385 -6.327687 -15.744480 -1.880339 0.058078 0.006249 0.997242 0.045783
1772700944.173946142 -6.237759 -15.750527 -1.877749 0.058301 0.007169 0.997237 0.045468
1772700944.273934364 -6.148031 -15.758543 -1.872738 0.057163 0.007455 0.997310 0.045278
1772700944.373900414 -6.057372 -15.763153 -1.871893 0.057493 0.008031 0.997289 0.045214
1772700944.473898888 -5.967292 -15.767650 -1.877605 0.056601 0.007769 0.997372 0.044558
1772700944.573861122 -5.876833 -15.770857 -1.876656 0.055925 0.006843 0.997414 0.044610
1772700944.673966646 -5.788022 -15.774324 -1.875718 0.055595 0.007751 0.997461 0.043812
1772700944.774058104 -5.696582 -15.778394 -1.880094 0.055548 0.007613 0.997466 0.043797
1772700944.874181747 -5.604773 -15.782655 -1.885062 0.055571 0.007749 0.997429 0.044567
1772700944.974282980 -5.515363 -15.790165 -1.889901 0.054718 0.007264 0.997457 0.045091
1772700945.074312449 -5.426259 -15.797428 -1.886122 0.054150 0.007610 0.997485 0.045098
1772700945.174366236 -5.333232 -15.801867 -1.879598 0.053410 0.008407 0.997445 0.046694
1772700945.274330616 -5.243214 -15.806185 -1.877971 0.052523 0.008430 0.997508 0.046335
1772700945.374376297 -5.155945 -15.811778 -1.878313 0.051808 0.008202 0.997546 0.046370
1772700945.474421740 -5.065684 -15.821137 -1.878939 0.051311 0.007534 0.997602 0.045833
1772700945.574452162 -4.962628 -15.828513 -1.869347 0.050291 0.008278 0.997572 0.047470
1772700945.588394642 -4.987551 -15.821224 -1.878711 0.049965 0.009083 0.997547 0.048170
1772700945.774418354 -4.810597 -15.833107 -1.868241 0.048871 0.008823 0.997476 0.050751
1772700945.874276161 -4.809875 -15.865169 -1.996767 0.052430 0.012159 0.997237 0.051197
1772700945.974142075 -4.713445 -15.869227 -1.996142 0.052051 0.012516 0.997241 0.051425
1772700946.074066401 -4.614600 -15.874621 -1.996485 0.052224 0.011606 0.997241 0.051469
1772700946.174076319 -4.511141 -15.878685 -1.990077 0.052233 0.013100 0.997182 0.052233
1772700946.274109364 -4.418303 -15.885032 -2.007484 0.053867 0.011255 0.996891 0.056390
1772700946.374114275 -4.331149 -15.892548 -2.020385 0.052898 0.012080 0.996808 0.058572
1772700946.474158287 -4.241821 -15.907647 -2.027932 0.053176 0.010824 0.996817 0.058402
1772700946.574401140 -4.152716 -15.923638 -2.027114 0.053366 0.011233 0.996761 0.059096
1772700946.674287558 -4.066433 -15.939023 -2.023617 0.052470 0.011604 0.996809 0.059034
1772700946.774306059 -3.982829 -15.954008 -2.021614 0.051524 0.010884 0.996841 0.059462
1772700946.874313116 -3.898350 -15.962433 -2.022917 0.052565 0.011665 0.996607 0.062256
1772700946.974318504 -3.810297 -15.971814 -2.029785 0.052620 0.011754 0.996437 0.064863
1772700947.074186802 -3.719947 -15.979808 -2.034162 0.052293 0.011495 0.996487 0.064390
1772700947.174224138 -3.629427 -15.988894 -2.039100 0.052208 0.011617 0.996425 0.065397
1772700947.274216652 -3.541270 -15.998761 -2.038192 0.052871 0.011787 0.996323 0.066383
1772700947.374181509 -3.456234 -16.012944 -2.033463 0.051071 0.011322 0.996319 0.067913
1772700947.474215508 -3.368805 -16.022408 -2.027660 0.051119 0.012582 0.995988 0.072369
1772700947.574181080 -3.285804 -16.036912 -2.028458 0.050330 0.012522 0.995932 0.073688
1772700947.674066544 -3.200983 -16.049797 -2.027678 0.048892 0.012319 0.995994 0.073844
1772700947.773984909 -3.112847 -16.059856 -2.027051 0.048922 0.012219 0.996020 0.073490
1772700947.873924494 -3.020683 -16.068946 -2.025020 0.048861 0.013752 0.996029 0.073137
1772700947.973988056 -2.930052 -16.078301 -2.035659 0.049668 0.012672 0.995887 0.074716
1772700948.074053764 -2.907803 -16.085015 -2.159120 0.052446 0.014496 0.995590 0.076416
1772700948.174029589 -2.815466 -16.096098 -2.162245 0.051780 0.013721 0.995724 0.075258
1772700948.274049520 -2.726052 -16.106217 -2.165352 0.051622 0.013310 0.995722 0.075465
1772700948.374128103 -2.636024 -16.115908 -2.160593 0.051904 0.014299 0.995664 0.075864
1772700948.474182606 -2.548575 -16.130266 -2.159745 0.050656 0.013049 0.995650 0.077096
1772700948.574280262 -2.460401 -16.142758 -2.157913 0.049758 0.013099 0.995594 0.078396
1772700948.674250603 -2.373210 -16.156448 -2.155160 0.048986 0.012921 0.995594 0.078901
1772700948.774281502 -2.287759 -16.171243 -2.150308 0.048682 0.013166 0.995615 0.078786
1772700948.874250650 -2.200547 -16.186898 -2.149316 0.048535 0.013275 0.995658 0.078309
1772700948.974282026 -2.111034 -16.202361 -2.150473 0.048136 0.012677 0.995692 0.078224
1772700949.074228764 -2.016600 -16.216985 -2.149020 0.048838 0.013313 0.995683 0.077803
1772700949.174289465 -1.919795 -16.233195 -2.150910 0.049247 0.012596 0.995676 0.077749
1772700949.274261713 -1.823636 -16.247227 -2.155860 0.048869 0.011692 0.995757 0.077086
1772700949.374226570 -1.729228 -16.256093 -2.157087 0.049407 0.012378 0.995750 0.076727
1772700949.474176884 -1.638344 -16.267268 -2.163982 0.049568 0.011286 0.995737 0.076961
1772700949.574111462 -1.549287 -16.272719 -2.165001 0.048837 0.011756 0.995826 0.076204
1772700949.674060106 -1.460942 -16.282005 -2.158655 0.048758 0.011243 0.995820 0.076408
1772700949.773983002 -1.374240 -16.292765 -2.156779 0.048214 0.012178 0.995851 0.076214
1772700949.873974323 -1.290442 -16.302629 -2.156462 0.047231 0.012210 0.995910 0.076052
1772700949.973963261 -1.205992 -16.315821 -2.155534 0.046427 0.012701 0.995964 0.075753
1772700950.073951721 -1.121720 -16.327621 -2.158921 0.046260 0.012272 0.996003 0.075421
1772700950.173965454 -1.035649 -16.337575 -2.161593 0.046328 0.011850 0.996063 0.074637
1772700950.273966551 -0.948500 -16.351654 -2.159350 0.045940 0.012301 0.996108 0.074208
1772700950.373959303 -0.860452 -16.365075 -2.160913 0.046215 0.012644 0.996158 0.073303
1772700950.473927259 -0.771094 -16.378593 -2.168984 0.046469 0.012680 0.996169 0.072986
1772700950.573883533 -0.680675 -16.391292 -2.174236 0.046382 0.012185 0.996180 0.072980
1772700950.673761129 -0.589204 -16.405741 -2.173230 0.045874 0.011610 0.996263 0.072259
1772700950.773659706 -0.585858 -16.430073 -2.229346 0.048552 0.009996 0.996096 0.073048
1772700950.873536110 -0.491266 -16.443451 -2.236180 0.048919 0.011031 0.996087 0.072770
1772700950.973493814 -0.396910 -16.456659 -2.241236 0.048239 0.010441 0.996071 0.073529
1772700951.073500633 -0.304739 -16.466438 -2.245120 0.048038 0.009648 0.996118 0.073128
1772700951.173468351 -0.212251 -16.475395 -2.250358 0.048955 0.009419 0.996139 0.072268
1772700951.273469925 -0.119253 -16.485073 -2.250431 0.046587 0.008460 0.996272 0.072111
1772700951.373519421 -0.023578 -16.489751 -2.248753 0.044665 0.009070 0.996444 0.070864
1772700951.473554373 0.062026 -16.499273 -2.242913 0.043495 0.008661 0.996534 0.070384
1772700951.573638916 0.145282 -16.507529 -2.242207 0.043486 0.008911 0.996582 0.069662
1772700951.673703909 0.228147 -16.515045 -2.238149 0.042104 0.008849 0.996686 0.069034
1772700951.773765802 0.314462 -16.523244 -2.238956 0.040677 0.009162 0.996778 0.068514
1772700951.873900890 0.404764 -16.529365 -2.243326 0.041264 0.009438 0.996756 0.068444
1772700951.973954678 0.495704 -16.539425 -2.251411 0.040729 0.009477 0.996799 0.068144
1772700952.074106693 0.587705 -16.548917 -2.259171 0.041260 0.009695 0.996761 0.068345
1772700952.174154520 0.678199 -16.557195 -2.270571 0.041426 0.009603 0.996754 0.068364
1772700952.274123192 0.769273 -16.566117 -2.280588 0.041094 0.008887 0.996737 0.068904
1772700952.373989344 0.858544 -16.575267 -2.282467 0.040998 0.008502 0.996788 0.068274
1772700952.473875761 0.945899 -16.586888 -2.278713 0.040470 0.008656 0.996840 0.067807
1772700952.573774815 1.035376 -16.596291 -2.278278 0.040115 0.008042 0.996887 0.067398
1772700952.673732281 1.126373 -16.603602 -2.283938 0.041717 0.009184 0.996887 0.066271
1772700952.773816109 1.216454 -16.616106 -2.298531 0.041933 0.007891 0.996883 0.066367
1772700952.873882771 1.308512 -16.627268 -2.303094 0.042145 0.007468 0.996888 0.066196
1772700952.974031448 1.396254 -16.641189 -2.304652 0.042376 0.006476 0.996913 0.065776
1772700953.074185371 1.479518 -16.654721 -2.300454 0.042470 0.006851 0.996951 0.065106
1772700953.174323559 1.564876 -16.667434 -2.290073 0.041418 0.007945 0.996970 0.065355
1772700953.274463892 1.642714 -16.711316 -2.326392 0.040309 0.009967 0.996871 0.067265
1772700953.374278784 1.731855 -16.718997 -2.325995 0.040754 0.011091 0.996893 0.066479
1772700953.474216223 1.820148 -16.729887 -2.330215 0.039520 0.011396 0.996966 0.066075
1772700953.574104309 1.909351 -16.740240 -2.331862 0.039914 0.011054 0.997003 0.065337
1772700953.674013615 1.995297 -16.750125 -2.332231 0.038940 0.011333 0.997089 0.064563
1772700953.773963928 2.079826 -16.758862 -2.333318 0.038436 0.011004 0.997116 0.064509
1772700953.874038696 2.163601 -16.769838 -2.330529 0.038001 0.010970 0.997151 0.064223
1772700953.974110365 2.246990 -16.778191 -2.328438 0.037856 0.011143 0.997145 0.064384
1772700954.074118137 2.331548 -16.787777 -2.339586 0.038705 0.010525 0.997104 0.064607
1772700954.174175978 2.421059 -16.793637 -2.341207 0.038428 0.009884 0.997110 0.064785
1772700954.274047613 2.513456 -16.800086 -2.342021 0.040190 0.010061 0.997103 0.063790
1772700954.374118090 2.608874 -16.811403 -2.343733 0.041017 0.009678 0.997088 0.063549
1772700954.474117041 2.707622 -16.823245 -2.343152 0.040934 0.009162 0.997140 0.062869
1772700954.574223042 2.807067 -16.834801 -2.336190 0.040774 0.009672 0.997143 0.062853
1772700954.674225330 2.903080 -16.844942 -2.324100 0.040440 0.008664 0.997185 0.062542
1772700954.774214983 2.996029 -16.856346 -2.309133 0.038509 0.009199 0.997279 0.062185
1772700954.874190569 3.089312 -16.865068 -2.293459 0.035553 0.007973 0.997398 0.062204
1772700954.974195719 3.183197 -16.872665 -2.280462 0.034413 0.008776 0.997481 0.061403
1772700955.074242592 3.274879 -16.880227 -2.272535 0.032587 0.009408 0.997572 0.060822
1772700955.174303293 3.365043 -16.885652 -2.277634 0.032372 0.009631 0.997636 0.059842
1772700955.274472475 3.458371 -16.888579 -2.281372 0.031825 0.009258 0.997675 0.059548
1772700955.374571800 3.552412 -16.891952 -2.290014 0.031996 0.007573 0.997707 0.059164
1772700955.474507093 3.774116 -16.881353 -2.115459 -0.008329 -0.002491 0.998134 0.060436
1772700955.574387789 3.861537 -16.884097 -2.108663 -0.009409 -0.002668 0.998112 0.060645
1772700955.674217224 3.946421 -16.893330 -2.100372 -0.009013 -0.002503 0.998064 0.061486
1772700955.774015188 4.030944 -16.901915 -2.093206 -0.009402 -0.002462 0.998062 0.061470
1772700955.873881340 4.114995 -16.911035 -2.084636 -0.009385 -0.002760 0.998074 0.061255
1772700955.973879576 4.195378 -16.921649 -2.076376 -0.009551 -0.002699 0.998093 0.060922
1772700955.994761705 4.212823 -16.923998 -2.073844 -0.009895 -0.002659 0.998082 0.061048
1772700956.173988581 4.371347 -16.939459 -2.054426 -0.010992 -0.002579 0.998132 0.060043
1772700956.274049044 4.460349 -16.944718 -2.045537 -0.010135 -0.002187 0.998170 0.059571
1772700956.374132633 4.546030 -16.951457 -2.037606 -0.010673 -0.002063 0.998186 0.059216
1772700956.474159956 4.632372 -16.959106 -2.032925 -0.009706 -0.002072 0.998194 0.059251
1772700956.574227333 4.720545 -16.967452 -2.029795 -0.009568 -0.002767 0.998208 0.058998
1772700956.674258709 4.812741 -16.976095 -2.029917 -0.008517 -0.003443 0.998246 0.058480
1772700956.774335384 4.904195 -16.985289 -2.024997 -0.008922 -0.003647 0.998260 0.058172
1772700956.874320030 4.994614 -16.994644 -2.017448 -0.008906 -0.003087 0.998207 0.059113
1772700956.974235296 5.082817 -17.004511 -2.007805 -0.009425 -0.003712 0.998097 0.060822
1772700957.074068546 5.165810 -17.014092 -1.990647 -0.010945 -0.003209 0.998109 0.060401
1772700957.173954725 5.249294 -17.021888 -1.976366 -0.011111 -0.001996 0.998119 0.060258
1772700957.273886919 5.329860 -17.031839 -1.970100 -0.012356 -0.002635 0.998099 0.060332
1772700957.373744726 5.411098 -17.040457 -1.959374 -0.011922 -0.001854 0.998102 0.060383
1772700957.473740816 5.492775 -17.049926 -1.950459 -0.012312 -0.001800 0.998035 0.061406
1772700957.573820114 5.578910 -17.057533 -1.940913 -0.012545 -0.000955 0.997844 0.064422
1772700957.673795700 5.668322 -17.065574 -1.935929 -0.013536 -0.002052 0.997685 0.066622
1772700957.773736238 5.758298 -17.071567 -1.929760 -0.013483 -0.002141 0.997590 0.068032
1772700957.873669147 5.848203 -17.077630 -1.924441 -0.013823 -0.002439 0.997559 0.068410
1772700957.973686457 5.940146 -17.085784 -1.918083 -0.013602 -0.003103 0.997506 0.069186
1772700958.073593855 6.030555 -17.095489 -1.909055 -0.014053 -0.003048 0.997507 0.069082
1772700958.173569918 6.120968 -17.105717 -1.899332 -0.013689 -0.003647 0.997469 0.069679
1772700958.273545980 6.211475 -17.115408 -1.890764 -0.013942 -0.003431 0.997380 0.070903
1772700958.373509407 6.302616 -17.126068 -1.883676 -0.014240 -0.004339 0.997367 0.070976
1772700958.473480463 6.322867 -17.222187 -1.964519 -0.008518 -0.004665 0.997233 0.073702
1772700958.573554277 6.410161 -17.233351 -1.944352 -0.008722 -0.004076 0.997295 0.072863
1772700958.673605204 6.497826 -17.245431 -1.933338 -0.009950 -0.004727 0.997317 0.072370
1772700958.773722887 6.586618 -17.255412 -1.926479 -0.010515 -0.005011 0.997301 0.072492
1772700958.873764515 6.677989 -17.264120 -1.915201 -0.011762 -0.006453 0.997284 0.072422
1772700958.973777771 6.770414 -17.270007 -1.905575 -0.011483 -0.007006 0.997316 0.071971
1772700959.073826551 6.862426 -17.277288 -1.895728 -0.012079 -0.007552 0.997338 0.071510
1772700959.173776150 6.954598 -17.283765 -1.883079 -0.012073 -0.006849 0.997394 0.070797
1772700959.273816586 7.047317 -17.288676 -1.872984 -0.012054 -0.006909 0.997421 0.070411
1772700959.373864174 7.141951 -17.292275 -1.868241 -0.011821 -0.007775 0.997419 0.070387
1772700959.473891973 7.235846 -17.292444 -1.854302 -0.012141 -0.008149 0.997387 0.070743
1772700959.573905230 7.329830 -17.296072 -1.844918 -0.012446 -0.008389 0.997442 0.069883
1772700959.673853159 7.423814 -17.297470 -1.830221 -0.012020 -0.008179 0.997449 0.069886
1772700959.773856640 7.519214 -17.298192 -1.816238 -0.012549 -0.007788 0.997461 0.069661
1772700959.873869658 7.618315 -17.297752 -1.801719 -0.012297 -0.009220 0.997439 0.069848
1772700959.973927736 7.719552 -17.294079 -1.784134 -0.011142 -0.009017 0.997527 0.068805
1772700960.074113369 7.813046 -17.294546 -1.766776 -0.011845 -0.010269 0.997437 0.069809
1772700960.174432039 7.893070 -17.303395 -1.767281 -0.011637 -0.010247 0.997240 0.072604
1772700960.274589777 7.968979 -17.313895 -1.758996 -0.012149 -0.010570 0.997026 0.075361
1772700960.374527693 8.045755 -17.328271 -1.746302 -0.013943 -0.010749 0.996963 0.075861
1772700960.474361897 8.125575 -17.342430 -1.734176 -0.015235 -0.011562 0.996933 0.075880
1772700960.574262142 8.176304 -17.424048 -1.817429 -0.010114 -0.009970 0.996900 0.077379
1772700960.674104214 8.260172 -17.433236 -1.812655 -0.009510 -0.009774 0.996750 0.079394
1772700960.774097443 8.348828 -17.439797 -1.804292 -0.008666 -0.009277 0.996464 0.083053
1772700960.874227047 8.441577 -17.449705 -1.803140 -0.007751 -0.009803 0.996186 0.086355
1772700960.974004984 8.534295 -17.458984 -1.795920 -0.008607 -0.010702 0.996090 0.087272
1772700961.073933363 8.624113 -17.470622 -1.783054 -0.008289 -0.011500 0.996027 0.087913
1772700961.173872709 8.708274 -17.483850 -1.770401 -0.009546 -0.011642 0.995931 0.088854
1772700961.273802280 8.791373 -17.495787 -1.756033 -0.009227 -0.010672 0.995952 0.088766
1772700961.373775482 8.875838 -17.508042 -1.746291 -0.009563 -0.009001 0.995911 0.089374
1772700961.473761320 8.962271 -17.523808 -1.742299 -0.009245 -0.009865 0.995860 0.089892
1772700961.573882103 9.046324 -17.532928 -1.733130 -0.008955 -0.009156 0.995738 0.091334
1772700961.673995018 9.128885 -17.549088 -1.720948 -0.009148 -0.009042 0.995541 0.093448
1772700961.774343252 9.214511 -17.564299 -1.714314 -0.007983 -0.009033 0.995198 0.097137
1772700961.874520540 9.302383 -17.576682 -1.711430 -0.006019 -0.007309 0.994812 0.101287
1772700961.974612236 9.392509 -17.592835 -1.712587 -0.005909 -0.010373 0.994350 0.105476
1772700962.074552059 9.480393 -17.602888 -1.700177 -0.006717 -0.008337 0.994178 0.107215
1772700962.174343348 9.567669 -17.620439 -1.694369 -0.006451 -0.009160 0.994062 0.108240
1772700962.274126530 9.657139 -17.637651 -1.685649 -0.005407 -0.008977 0.994022 0.108672
1772700962.373942137 9.745611 -17.656256 -1.679468 -0.006540 -0.007309 0.994029 0.108671
1772700962.473853350 9.829021 -17.702432 -1.804360 -0.002756 -0.007049 0.993835 0.110608
1772700962.573703289 9.910683 -17.719123 -1.794559 -0.002824 -0.006703 0.993961 0.109488
1772700962.673677206 9.990302 -17.739448 -1.788517 -0.002913 -0.006951 0.993995 0.109166
1772700962.773648739 10.067558 -17.758739 -1.780060 -0.003699 -0.006207 0.994077 0.108435
1772700962.873655796 10.146985 -17.779736 -1.766639 -0.003963 -0.004509 0.994083 0.108461
1772700962.973661184 10.226969 -17.796223 -1.766737 -0.005080 -0.004789 0.994150 0.107782
1772700963.073736191 10.309996 -17.808131 -1.762316 -0.005363 -0.005110 0.994188 0.107402
1772700963.173821926 10.394846 -17.819360 -1.751606 -0.006035 -0.005775 0.994264 0.106628
1772700963.273922920 10.483776 -17.831733 -1.737332 -0.005655 -0.006691 0.994212 0.107075
1772700963.374032021 10.571426 -17.844905 -1.729423 -0.006253 -0.006516 0.994226 0.106923
1772700963.474081755 10.659636 -17.860041 -1.719810 -0.006498 -0.005983 0.994245 0.106765
1772700963.574130774 10.747799 -17.875441 -1.715731 -0.006741 -0.006388 0.994257 0.106614
1772700963.674144983 10.838625 -17.892160 -1.706920 -0.006909 -0.006801 0.994128 0.107780
1772700963.774148226 10.931147 -17.910901 -1.695819 -0.007373 -0.006548 0.994196 0.107135
1772700963.874140263 11.023541 -17.933894 -1.678424 -0.009573 -0.008300 0.994190 0.106887
1772700963.974156380 11.117236 -17.953755 -1.664267 -0.009226 -0.007557 0.994176 0.107109
1772700964.074159861 11.210760 -17.974419 -1.658034 -0.010325 -0.008714 0.993879 0.109648
1772700964.174121380 11.308042 -17.988329 -1.643174 -0.009967 -0.005987 0.993608 0.112284
1772700964.274049282 11.404860 -18.004884 -1.638207 -0.010718 -0.006763 0.993414 0.113874
1772700964.373902082 11.493255 -18.025443 -1.632340 -0.009395 -0.006990 0.993381 0.114269
1772700964.473799944 11.559480 -18.053026 -1.729095 -0.006337 -0.005815 0.993242 0.115741
1772700964.573743582 11.640139 -18.079408 -1.720527 -0.006031 -0.006880 0.993058 0.117273
1772700964.673653364 11.718021 -18.102119 -1.705718 -0.007788 -0.005847 0.993098 0.116884
1772700964.773650408 11.796788 -18.120371 -1.703393 -0.006989 -0.005691 0.992974 0.117992
1772700964.873657227 11.876434 -18.134143 -1.697203 -0.008417 -0.005571 0.992910 0.118440
1772700964.973614454 11.959505 -18.147286 -1.689593 -0.007014 -0.004492 0.993059 0.117321
1772700965.073563814 12.039291 -18.163937 -1.689002 -0.008538 -0.005653 0.993113 0.116715
1772700965.173615932 12.121322 -18.178798 -1.687479 -0.006451 -0.004633 0.992964 0.118150
1772700965.273721218 12.201316 -18.199751 -1.687382 -0.006663 -0.006239 0.992630 0.120839
1772700965.373844862 12.281627 -18.217139 -1.677562 -0.006994 -0.005074 0.992247 0.123980
1772700965.473816395 12.361338 -18.240540 -1.674991 -0.006949 -0.003922 0.992078 0.125368
1772700965.573840141 12.441336 -18.263033 -1.668947 -0.007994 -0.003974 0.991892 0.126767
1772700965.673869371 12.522208 -18.279673 -1.653433 -0.010728 -0.001976 0.991829 0.127108
1772700965.773954153 12.605814 -18.293918 -1.646735 -0.012025 -0.004157 0.991815 0.127048
1772700965.873987436 12.693324 -18.300274 -1.637312 -0.010959 -0.003023 0.992070 0.125172
1772700965.974038601 12.785588 -18.312303 -1.629009 -0.009054 -0.003167 0.991946 0.126295
1772700966.074138403 12.882416 -18.323138 -1.623988 -0.007132 -0.004614 0.991667 0.128545
1772700966.174135447 12.940687 -18.339334 -1.755157 0.002169 -0.002131 0.991552 0.129674
1772700966.274174452 13.042260 -18.360757 -1.746436 0.002184 -0.002758 0.991586 0.129398
1772700966.374181271 13.140404 -18.384981 -1.740308 0.001983 -0.001914 0.991548 0.129712
1772700966.474182129 13.233531 -18.410220 -1.737679 0.001438 -0.001640 0.991538 0.129794
1772700966.574152708 13.321550 -18.436102 -1.732224 -0.001054 -0.002432 0.991710 0.128470
1772700966.674111843 13.406464 -18.460236 -1.718014 -0.001694 -0.002238 0.991700 0.128545
1772700966.774024963 13.490607 -18.482260 -1.712060 -0.002011 -0.003301 0.991513 0.129951
1772700966.873924971 13.575436 -18.500880 -1.702788 -0.002044 -0.002334 0.991420 0.130680
1772700966.973828316 13.658996 -18.520958 -1.693051 -0.002973 -0.003872 0.991463 0.130293
1772700967.073748827 13.746582 -18.537973 -1.680003 -0.001849 -0.002772 0.991425 0.130635
1772700967.173807859 13.840195 -18.554355 -1.666378 -0.002310 -0.003491 0.991407 0.130748
1772700967.273846626 13.938022 -18.572567 -1.655195 -0.001657 -0.003438 0.991441 0.130499
1772700967.373954535 14.036246 -18.589029 -1.642363 -0.001594 -0.003243 0.991503 0.130036
1772700967.474084377 14.133635 -18.609733 -1.640222 -0.000610 -0.002962 0.991642 0.128984
1772700967.574269772 14.224318 -18.632627 -1.634676 -0.000282 -0.003045 0.992017 0.126065
1772700967.674386740 14.306071 -18.658201 -1.626496 -0.001740 -0.003464 0.992413 0.122887
1772700967.774607182 14.381923 -18.679956 -1.621308 -0.002165 -0.003145 0.992676 0.120743
1772700967.874777079 14.458400 -18.700925 -1.611996 -0.002939 -0.001984 0.992710 0.120475
1772700967.974733829 14.534294 -18.721123 -1.609492 -0.003226 -0.001659 0.992756 0.120090
1772700968.074564219 14.610027 -18.739578 -1.603915 -0.004676 -0.002752 0.992807 0.119601
1772700968.174293041 14.686827 -18.756277 -1.593593 -0.004541 -0.001026 0.992895 0.118898
1772700968.274075747 14.764254 -18.776102 -1.588179 -0.005113 -0.002247 0.992877 0.119014
1772700968.373974323 14.832498 -18.803052 -1.768664 0.000601 -0.003196 0.992969 0.118334
1772700968.473699331 14.910441 -18.819816 -1.766657 -0.000443 -0.003505 0.993018 0.117910
1772700968.573629379 14.992450 -18.833978 -1.755436 0.000082 -0.004233 0.993147 0.116800
1772700968.673728466 15.079553 -18.848328 -1.741337 -0.000646 -0.003307 0.993344 0.115134
1772700968.773911238 15.169225 -18.862641 -1.745091 0.001078 -0.003950 0.993349 0.115072
1772700968.874033689 15.257246 -18.877781 -1.740994 0.001109 -0.004283 0.993461 0.114086
1772700968.974107742 15.345187 -18.895527 -1.728610 0.000834 -0.003191 0.993556 0.113298
1772700969.074137926 15.434175 -18.915397 -1.729201 0.001249 -0.005905 0.993556 0.113183
1772700969.174211740 15.519474 -18.931879 -1.718880 0.000639 -0.003244 0.993584 0.113047
1772700969.274226904 15.604124 -18.951123 -1.709092 -0.000002 -0.006961 0.993482 0.113774
1772700969.374293327 15.692899 -18.962191 -1.688885 -0.000918 -0.005588 0.993545 0.113298
1772700969.474242926 15.783519 -18.975711 -1.685925 0.001412 -0.003874 0.993681 0.112166
1772700969.574228525 15.872122 -18.992620 -1.696172 0.002474 -0.004746 0.993685 0.112077
1772700969.674153328 15.965330 -19.007899 -1.687304 0.002537 -0.004606 0.993780 0.111235
1772700969.774084330 16.056003 -19.027508 -1.685144 0.001409 -0.005197 0.993920 0.109974
1772700969.874058247 16.147149 -19.043729 -1.675128 0.002728 -0.005681 0.993995 0.109244
1772700969.974143744 16.234279 -19.061022 -1.667496 0.001747 -0.004234 0.993985 0.109416
1772700970.074396610 16.321500 -19.078787 -1.661155 0.001279 -0.002491 0.993900 0.110253
1772700970.174510717 16.407097 -19.093248 -1.652057 0.001319 -0.002263 0.993909 0.110171
1772700970.274534464 16.495217 -19.108646 -1.649843 0.001263 -0.001301 0.993969 0.109648
1772700970.374504089 16.585771 -19.122694 -1.649683 0.001548 -0.002813 0.993975 0.109561
1772700970.474450111 16.673135 -19.117154 -1.730897 0.004843 -0.002973 0.994108 0.108243
1772700970.574429274 16.756684 -19.136292 -1.733915 0.003686 -0.004825 0.994102 0.108273
1772700970.674364090 16.839936 -19.153345 -1.728810 0.005014 -0.003233 0.994101 0.108293
1772700970.774384260 16.919485 -19.175838 -1.720541 0.003177 -0.002249 0.994088 0.108509
1772700970.874344349 16.999296 -19.198350 -1.712016 0.000700 -0.002005 0.994022 0.109158
1772700970.974372864 17.080469 -19.216457 -1.712570 0.000730 -0.002002 0.993984 0.109501
1772700971.074393034 17.161158 -19.237208 -1.721598 0.001977 -0.002932 0.993721 0.111832
1772700971.174484491 17.246680 -19.256427 -1.721147 0.001856 -0.004149 0.993351 0.115036
1772700971.274455786 17.338013 -19.277186 -1.713780 0.003264 -0.004254 0.992867 0.119102
1772700971.374308109 17.433453 -19.299211 -1.710244 0.005464 -0.005040 0.992483 0.122157
1772700971.474091768 17.528185 -19.320968 -1.700971 0.004406 -0.003315 0.992202 0.124514
1772700971.573919058 17.621760 -19.346970 -1.702746 0.004994 -0.003334 0.991984 0.126216
1772700971.673798323 17.712180 -19.376840 -1.701154 0.004975 -0.004296 0.991443 0.130372
1772700971.773849726 17.799474 -19.406722 -1.701567 0.004366 -0.003823 0.990729 0.135725
1772700971.805616617 17.828558 -19.416944 -1.701902 0.004843 -0.003263 0.990416 0.137992
1772700971.974070311 17.987774 -19.476497 -1.690935 0.005349 -0.002505 0.989361 0.145358
1772700972.074168444 18.078582 -19.515808 -1.699523 0.005275 -0.000445 0.988885 0.148586
1772700972.174146175 18.166683 -19.553860 -1.716770 0.004405 -0.000179 0.988555 0.150796
1772700972.274037600 18.252567 -19.591783 -1.735315 0.004074 0.000065 0.988406 0.151779
1772700972.373917580 18.328656 -19.621998 -1.728572 0.001628 -0.001090 0.988499 0.151214
1772700972.406771660 18.356106 -19.630933 -1.725941 0.001410 -0.000582 0.988397 0.151884
1772700972.406771660 18.296824 -19.542303 -1.754736 0.007198 -0.002913 0.988511 0.150950
1772700972.406771660 18.232560 -19.523045 -1.764471 0.008607 -0.002223 0.988491 0.151019
1772700972.773851633 18.573626 -19.644542 -1.786412 0.008897 -0.005549 0.987919 0.154614
1772700972.873843431 18.662592 -19.670249 -1.786539 0.010227 -0.006081 0.987818 0.155160
1772700972.973856688 18.741302 -19.696050 -1.786506 0.011088 -0.007773 0.987663 0.156009
1772700973.073858261 18.810939 -19.719781 -1.778152 0.013681 -0.007840 0.987600 0.156197
1772700973.173856974 18.871638 -19.743994 -1.777068 0.013832 -0.008320 0.987571 0.156340
1772700973.273804426 18.930638 -19.762929 -1.773224 0.014855 -0.007541 0.987636 0.155875
1772700973.373931646 18.985175 -19.780109 -1.771454 0.016113 -0.008119 0.987452 0.156882
1772700973.474004269 19.033936 -19.793072 -1.769060 0.016335 -0.007678 0.987351 0.157522
1772700973.574056149 19.079921 -19.806610 -1.769884 0.018174 -0.007909 0.987202 0.158241
1772700973.674077034 19.120459 -19.819846 -1.767428 0.018818 -0.008014 0.987149 0.158490
1772700973.774050474 19.161018 -19.835337 -1.769115 0.019764 -0.008965 0.987150 0.158317
1772700973.874001503 19.199485 -19.852050 -1.770724 0.021640 -0.008849 0.987074 0.158554
1772700973.974008083 19.240505 -19.868637 -1.773101 0.023106 -0.009933 0.986946 0.159077
1772700974.074074030 19.284116 -19.885572 -1.768672 0.024276 -0.010224 0.986622 0.160885
1772700974.174089909 19.328082 -19.899910 -1.764466 0.025994 -0.009812 0.986308 0.162556
1772700974.274033070 19.371022 -19.912898 -1.760429 0.028769 -0.009454 0.985949 0.164276
1772700974.373939037 19.444491 -19.933096 -1.783840 0.030744 -0.012867 0.985551 0.166066
1772700974.473851204 19.485414 -19.946129 -1.786034 0.033527 -0.012819 0.985192 0.167660
1772700974.573776722 19.521997 -19.958189 -1.788021 0.035364 -0.013073 0.984806 0.169514
1772700974.673697710 19.554597 -19.968528 -1.791238 0.038037 -0.013608 0.984318 0.171718
1772700974.773572206 19.582130 -19.980995 -1.803077 0.043109 -0.014980 0.983645 0.174243
1772700974.873511553 19.614341 -19.993009 -1.808925 0.045410 -0.014816 0.983286 0.175690
1772700974.973416328 19.651128 -20.008907 -1.817448 0.045383 -0.015943 0.983154 0.176338
1772700975.073387384 19.689009 -20.025900 -1.824859 0.046790 -0.016204 0.983010 0.176746
1772700975.173353195 19.725418 -20.043499 -1.835435 0.046923 -0.018356 0.983021 0.176444
1772700975.273315907 19.765006 -20.057471 -1.837807 0.048020 -0.019112 0.983051 0.175899
1772700975.373473167 19.802383 -20.073537 -1.842945 0.048304 -0.020116 0.983077 0.175561
1772700975.473571777 19.840562 -20.087292 -1.841983 0.050398 -0.020144 0.983049 0.175124
1772700975.573617935 19.880452 -20.102506 -1.846064 0.050523 -0.020197 0.982950 0.175638
1772700975.673621178 19.924554 -20.116243 -1.856055 0.050331 -0.020111 0.982900 0.175982
1772700975.773572445 19.972601 -20.131851 -1.865951 0.050270 -0.020811 0.982820 0.176366
1772700975.873594761 20.018110 -20.145532 -1.869203 0.050885 -0.020511 0.982802 0.176327
1772700975.973561287 20.061823 -20.156913 -1.870583 0.051304 -0.019909 0.982866 0.175914
1772700976.073515654 20.105851 -20.167985 -1.881907 0.051924 -0.020561 0.982801 0.176022
1772700976.173550367 20.153049 -20.175631 -1.885036 0.053311 -0.020238 0.982628 0.176607
1772700976.273455858 20.199355 -20.184251 -1.887932 0.054442 -0.019901 0.982503 0.176996
1772700976.373382092 20.244710 -20.194155 -1.890313 0.054967 -0.019125 0.982123 0.179020
1772700976.473224401 20.290373 -20.205427 -1.893819 0.055678 -0.018777 0.981722 0.181022
1772700976.573130846 20.334276 -20.217530 -1.901989 0.056072 -0.018658 0.981385 0.182731
1772700976.673105717 20.377093 -20.228959 -1.910799 0.056713 -0.018750 0.981096 0.184072
1772700976.773048639 20.418996 -20.245254 -1.924450 0.056090 -0.019551 0.981014 0.184619
1772700976.872991562 20.461057 -20.262173 -1.935346 0.057503 -0.020330 0.980916 0.184622
1772700976.972970009 20.481137 -20.309782 -1.927911 0.053877 -0.018585 0.980930 0.185819
1772700977.072938919 20.518030 -20.325208 -1.930031 0.054773 -0.018103 0.980996 0.185254
1772700977.172891617 20.551531 -20.343442 -1.936550 0.054528 -0.019522 0.981125 0.184501
1772700977.272903442 20.579400 -20.356736 -1.939921 0.054482 -0.020352 0.981193 0.184058
1772700977.372892380 20.609962 -20.366862 -1.942693 0.053913 -0.019364 0.981193 0.184332
1772700977.472859144 20.644336 -20.373888 -1.950026 0.053903 -0.019245 0.981238 0.184111
1772700977.572773218 20.679443 -20.381259 -1.956968 0.054600 -0.019141 0.981193 0.184154
1772700977.672687769 20.712755 -20.390309 -1.965248 0.053842 -0.019119 0.981112 0.184811
1772700977.772647142 20.749161 -20.396693 -1.970496 0.053845 -0.019440 0.981052 0.185094
1772700977.872687578 20.786389 -20.405058 -1.974493 0.054453 -0.018966 0.980868 0.185937
1772700977.972789764 20.821548 -20.414380 -1.983001 0.053852 -0.018491 0.980582 0.187665
1772700978.072860956 20.857308 -20.426097 -1.995390 0.053110 -0.020015 0.980349 0.188932
1772700978.172978401 20.897194 -20.439217 -2.004180 0.053942 -0.019706 0.979995 0.190557
1772700978.273043394 20.935852 -20.453884 -2.010170 0.054755 -0.019881 0.979501 0.192836
1772700978.373003244 20.973971 -20.468006 -2.008117 0.054623 -0.019529 0.979135 0.194757
1772700978.473014355 21.012878 -20.482453 -2.014973 0.055167 -0.020382 0.978561 0.197380
1772700978.572996140 21.051944 -20.494284 -2.013718 0.056742 -0.019440 0.977819 0.200679
1772700978.672952414 21.088558 -20.507612 -2.015358 0.058497 -0.018888 0.977150 0.203471
1772700978.772936344 21.123735 -20.521655 -2.023498 0.058837 -0.019576 0.976443 0.206673
1772700978.872892618 21.159410 -20.535203 -2.032071 0.061708 -0.018821 0.975602 0.209853
1772700978.972807884 21.192348 -20.552831 -2.038046 0.060688 -0.020196 0.975430 0.210822
1772700979.072727203 21.229765 -20.571348 -2.041221 0.061538 -0.020695 0.975146 0.211838
1772700979.172657728 21.268004 -20.589986 -2.041939 0.062100 -0.020254 0.974982 0.212470
1772700979.272699833 21.306292 -20.609419 -2.045771 0.061586 -0.021122 0.975040 0.212267
1772700979.372679949 21.345390 -20.627554 -2.050481 0.062763 -0.020975 0.974840 0.212859
1772700979.472697020 21.382369 -20.643813 -2.048922 0.063279 -0.020134 0.974765 0.213127
1772700979.572739840 21.416981 -20.660520 -2.051746 0.062582 -0.019988 0.974690 0.213689
1772700979.672898769 21.453932 -20.675089 -2.058453 0.062073 -0.019746 0.974302 0.215622
1772700979.773032188 21.491323 -20.690551 -2.068841 0.061375 -0.018805 0.973788 0.218211
1772700979.873143196 21.527621 -20.708726 -2.089146 0.060961 -0.020316 0.973067 0.221384
1772700979.973184586 21.565514 -20.726918 -2.096501 0.059901 -0.020245 0.972683 0.223360
1772700980.073230743 21.601853 -20.747199 -2.108115 0.060955 -0.020710 0.972102 0.225551
1772700980.173215389 21.637301 -20.766381 -2.115696 0.059770 -0.022310 0.971619 0.227784
1772700980.273163557 21.674945 -20.783372 -2.119837 0.060394 -0.022599 0.970949 0.230435
1772700980.373032331 21.709037 -20.800897 -2.127305 0.059793 -0.023460 0.970404 0.232787
1772700980.472859859 21.742268 -20.819596 -2.131621 0.060092 -0.023270 0.970120 0.233912
1772700980.572801590 21.775767 -20.837433 -2.138008 0.059862 -0.024240 0.969778 0.235288
1772700980.611824751 21.791834 -20.844170 -2.139740 0.060450 -0.022821 0.969655 0.235785
1772700980.772893429 21.869685 -20.880127 -2.152002 0.060412 -0.023074 0.969491 0.236445
1772700980.872977018 21.911497 -20.898460 -2.157266 0.060470 -0.022686 0.969426 0.236734
1772700980.973072052 21.943323 -20.915015 -2.161018 0.060388 -0.022575 0.969229 0.237568
1772700981.073145151 21.976203 -20.933622 -2.167566 0.059819 -0.022771 0.968991 0.238663
1772700981.173056602 22.013756 -20.955661 -2.179064 0.060161 -0.022989 0.968691 0.239772
1772700981.273022413 22.053736 -20.976880 -2.188359 0.061011 -0.023325 0.968468 0.240423
1772700981.372933388 22.092552 -20.998435 -2.198082 0.060526 -0.023920 0.968161 0.241721
1772700981.472747803 22.129889 -21.019389 -2.205968 0.059846 -0.024651 0.968145 0.241882
1772700981.572644472 22.164278 -21.067180 -2.214520 0.057669 -0.025774 0.968487 0.240920
1772700981.672548294 22.199123 -21.090889 -2.214277 0.057447 -0.027803 0.968638 0.240139
1772700981.772554636 22.232959 -21.112414 -2.212188 0.056894 -0.027042 0.968661 0.240267
1772700981.872617245 22.270388 -21.129158 -2.210830 0.056650 -0.026600 0.968717 0.240148
1772700981.972704649 22.307716 -21.143573 -2.216220 0.055992 -0.025578 0.968711 0.240434
1772700982.072772503 22.344670 -21.156078 -2.224341 0.056267 -0.023881 0.968654 0.240774
1772700982.172786951 22.382948 -21.168620 -2.230032 0.055101 -0.022034 0.968757 0.240806
1772700982.272831678 22.424968 -21.181814 -2.238935 0.054474 -0.020656 0.968773 0.241005
1772700982.373024464 22.469671 -21.197706 -2.254461 0.054035 -0.020894 0.968691 0.241416
1772700982.473111868 22.518417 -21.215201 -2.266034 0.053850 -0.021563 0.968744 0.241183
1772700982.573207855 22.562624 -21.233633 -2.276801 0.053566 -0.021817 0.968882 0.240670
1772700982.673265457 22.604577 -21.253803 -2.283606 0.053249 -0.021749 0.968974 0.240376
1772700982.773202896 22.645613 -21.275325 -2.290780 0.053378 -0.021534 0.969146 0.239673
1772700982.873089075 22.686262 -21.297025 -2.298123 0.053640 -0.021889 0.969143 0.239595
1772700982.972985268 22.725523 -21.320329 -2.303650 0.053688 -0.021511 0.969184 0.239452
1772700983.073036432 22.759835 -21.344632 -2.308986 0.054649 -0.021860 0.969004 0.239929
1772700983.172879934 22.787028 -21.365948 -2.307777 0.055115 -0.021195 0.968942 0.240133
1772700983.273010492 22.816942 -21.385771 -2.309738 0.055056 -0.020637 0.968729 0.241053
1772700983.373005629 22.851199 -21.406131 -2.319158 0.054748 -0.021007 0.968508 0.241978
1772700983.473135710 22.887484 -21.425783 -2.328366 0.053963 -0.021275 0.968271 0.243077
1772700983.573235750 22.924873 -21.443501 -2.333853 0.053234 -0.020457 0.968159 0.243755
1772700983.673343897 22.962112 -21.463446 -2.338450 0.052791 -0.020300 0.967804 0.245267
1772700983.773394823 22.999048 -21.482090 -2.339586 0.052364 -0.019551 0.967291 0.247433
1772700983.873399019 23.036753 -21.500636 -2.341666 0.051711 -0.018596 0.966914 0.249113
1772700983.973398209 23.079555 -21.518555 -2.344956 0.051289 -0.018451 0.966340 0.251428
1772700984.073370934 23.127044 -21.539303 -2.350425 0.051096 -0.017873 0.965821 0.253495
1772700984.173326731 23.173726 -21.557163 -2.351379 0.050676 -0.017132 0.965284 0.255664
1772700984.273270607 23.214298 -21.575839 -2.359224 0.049996 -0.016418 0.964667 0.258162
1772700984.373325348 23.255481 -21.592376 -2.368941 0.049988 -0.015835 0.963976 0.260769
1772700984.473355532 23.295435 -21.609756 -2.378831 0.049882 -0.015528 0.963332 0.263178
1772700984.573321581 23.331840 -21.629630 -2.384507 0.049384 -0.015503 0.962826 0.265118
1772700984.673286676 23.366420 -21.652385 -2.388552 0.049334 -0.015034 0.962289 0.267096
1772700984.773269176 23.396818 -21.676119 -2.393983 0.048120 -0.014894 0.961821 0.269003
1772700984.873239994 23.429342 -21.699209 -2.400435 0.048141 -0.014438 0.961326 0.270788
1772700984.973246336 23.459797 -21.725906 -2.413255 0.047175 -0.014893 0.960824 0.272709
1772700985.073292255 23.492807 -21.751380 -2.420885 0.046382 -0.014828 0.960533 0.273870
1772700985.173345327 23.528067 -21.778317 -2.423487 0.045808 -0.014662 0.960121 0.275417
1772700985.273531675 23.564967 -21.803633 -2.425715 0.045385 -0.013672 0.959743 0.276851
1772700985.373674631 23.599876 -21.828138 -2.437843 0.045289 -0.014134 0.959210 0.278683
1772700985.473736763 23.635422 -21.849157 -2.441085 0.044814 -0.013687 0.958667 0.280646
1772700985.573697567 23.671588 -21.870854 -2.445834 0.044336 -0.013414 0.958164 0.282446
1772700985.673595190 23.709865 -21.890856 -2.453069 0.044574 -0.013575 0.957470 0.284746
1772700985.773460388 23.748709 -21.910909 -2.459441 0.044320 -0.013224 0.956806 0.287026
1772700985.873336315 23.788356 -21.933893 -2.469083 0.045440 -0.013130 0.956072 0.289291
1772700985.973157406 23.827788 -21.958558 -2.476047 0.045328 -0.013736 0.955550 0.290999
1772700986.073075056 23.866127 -21.985773 -2.483278 0.045350 -0.014277 0.955107 0.292419
1772700986.173020124 23.901777 -22.012254 -2.485033 0.044089 -0.014523 0.954701 0.293923
1772700986.273027182 23.936064 -22.038630 -2.482154 0.043923 -0.014230 0.954158 0.295722
1772700986.373130322 23.968957 -22.062225 -2.479869 0.043451 -0.013689 0.953788 0.297007
1772700986.473219156 24.001108 -22.082675 -2.483901 0.042981 -0.014148 0.953058 0.299386
1772700986.573243141 24.034701 -22.100205 -2.487212 0.042279 -0.013496 0.952851 0.300174
1772700986.673234224 24.067168 -22.118323 -2.492489 0.040815 -0.013471 0.952614 0.301130
1772700986.773214102 24.112960 -22.157403 -2.562325 0.027578 -0.015567 0.953302 0.300354
1772700986.873146057 24.145623 -22.176999 -2.571646 0.026313 -0.015749 0.953289 0.300500
1772700986.973045826 24.175750 -22.195307 -2.577477 0.024971 -0.015129 0.953448 0.300140
1772700987.073054075 24.205623 -22.213248 -2.585110 0.023191 -0.014363 0.953428 0.300384
1772700987.173167706 24.235373 -22.232667 -2.602688 0.020898 -0.014059 0.953537 0.300222
1772700987.273189783 24.268384 -22.250410 -2.617182 0.019191 -0.013373 0.953613 0.300124
1772700987.373272896 24.304940 -22.268061 -2.632619 0.019267 -0.012202 0.953526 0.300446
1772700987.473336935 24.342226 -22.289044 -2.654333 0.018883 -0.011460 0.953518 0.300524
1772700987.573372602 24.381157 -22.309810 -2.672297 0.017324 -0.011695 0.953602 0.300343
1772700987.673439503 24.417855 -22.331616 -2.689478 0.016516 -0.010658 0.953516 0.300701
1772700987.773458242 24.445565 -22.353231 -2.686004 0.015842 -0.011796 0.953639 0.300303
1772700987.873527050 24.473118 -22.374489 -2.677837 0.015438 -0.011443 0.953814 0.299782
1772700987.973647594 24.503700 -22.397637 -2.673753 0.014123 -0.011018 0.953880 0.299652
1772700988.073760033 24.536131 -22.422767 -2.678846 0.013560 -0.011612 0.953667 0.300335
1772700988.173829317 24.570529 -22.446614 -2.679491 0.012808 -0.012166 0.953438 0.301072
1772700988.273822546 24.604065 -22.471891 -2.681302 0.012613 -0.012029 0.953293 0.301545
1772700988.373737574 24.635457 -22.497998 -2.682747 0.011666 -0.012902 0.953322 0.301453
1772700988.473691463 24.664884 -22.523870 -2.682900 0.010659 -0.013292 0.953188 0.301899
1772700988.573632717 24.694872 -22.550714 -2.684640 0.009564 -0.013714 0.953146 0.302049
1772700988.673582315 24.724853 -22.578830 -2.690414 0.008256 -0.015268 0.952957 0.302607
1772700988.773538351 24.755471 -22.603320 -2.681988 0.006430 -0.014998 0.953065 0.302326
1772700988.873500586 24.784561 -22.627148 -2.679874 0.004738 -0.015995 0.953006 0.302491
1772700988.916309595 24.798493 -22.636222 -2.679210 0.003426 -0.016238 0.952957 0.302649
1772700989.073662996 24.854790 -22.673696 -2.671760 0.003521 -0.015953 0.952740 0.303348
1772700989.173765421 24.891971 -22.698473 -2.671716 0.002789 -0.016558 0.952626 0.303680
1772700989.273960590 24.928793 -22.720481 -2.670195 0.002626 -0.016234 0.952632 0.303681
1772700989.374110460 24.965239 -22.743959 -2.669189 0.002080 -0.016649 0.952334 0.304595
1772700989.474014521 25.000942 -22.768226 -2.667672 0.001231 -0.016865 0.952194 0.305024
1772700989.573928356 25.038556 -22.793845 -2.666884 0.000378 -0.017364 0.952086 0.305337
1772700989.673855066 25.077149 -22.817971 -2.663918 -0.000598 -0.017720 0.951863 0.306010
1772700989.773906946 25.116061 -22.841958 -2.659370 -0.001013 -0.017122 0.951635 0.306751
1772700989.873893499 25.154005 -22.866215 -2.654617 -0.002352 -0.017654 0.951446 0.307299
1772700989.973940134 25.190554 -22.888261 -2.648424 -0.003048 -0.017296 0.950842 0.309179
1772700990.073961973 25.223563 -22.911475 -2.642109 -0.003752 -0.017405 0.950424 0.310446
1772700990.173923016 25.255322 -22.938251 -2.641881 -0.004416 -0.017159 0.950320 0.310771
1772700990.273852825 25.289256 -22.968133 -2.644198 -0.005966 -0.018706 0.950172 0.311107
1772700990.373712063 25.325142 -22.996224 -2.639167 -0.006557 -0.018830 0.950227 0.310920
1772700990.473656178 25.360426 -23.026099 -2.630841 -0.007797 -0.018953 0.950180 0.311026
1772700990.573593140 25.396379 -23.058238 -2.627667 -0.008026 -0.019275 0.950217 0.310887
1772700990.673653126 25.432334 -23.090644 -2.622412 -0.008777 -0.019798 0.950279 0.310647
1772700990.773722410 25.470476 -23.120578 -2.615744 -0.008922 -0.019528 0.950391 0.310316
1772700990.873727322 25.508749 -23.147578 -2.610150 -0.009685 -0.019768 0.950343 0.310424
1772700990.973681450 25.548863 -23.172595 -2.603048 -0.009750 -0.019122 0.950250 0.310748
1772700991.073649168 25.589918 -23.200160 -2.598833 -0.010082 -0.019252 0.950219 0.310825
1772700991.173621893 25.630557 -23.228420 -2.597432 -0.010374 -0.019675 0.950215 0.310799
1772700991.273565531 25.671106 -23.255386 -2.592555 -0.011487 -0.019907 0.950321 0.310421
1772700991.373467207 25.710970 -23.282406 -2.585142 -0.012465 -0.019884 0.950399 0.310148
1772700991.473426819 25.751104 -23.309556 -2.580267 -0.012491 -0.020043 0.950492 0.309850
1772700991.573340893 25.790721 -23.337118 -2.574371 -0.013066 -0.019961 0.950567 0.309602
1772700991.673285484 25.830469 -23.363674 -2.565696 -0.013113 -0.020030 0.950712 0.309149
1772700991.773247957 25.867920 -23.388313 -2.554651 -0.013683 -0.019430 0.950862 0.308702
1772700991.873269081 25.907613 -23.412354 -2.549396 -0.013251 -0.019384 0.951025 0.308222
1772700991.973333120 25.948695 -23.435957 -2.543847 -0.013588 -0.019398 0.950956 0.308418
1772700992.073389769 26.032106 -23.545850 -2.801787 0.002003 -0.012795 0.950431 0.310666
1772700992.173474312 26.076539 -23.574370 -2.799846 0.001911 -0.013257 0.950482 0.310492
1772700992.273507595 26.119404 -23.607758 -2.800391 0.002364 -0.013242 0.950802 0.309508
1772700992.373571634 26.160119 -23.643222 -2.802087 0.001967 -0.014491 0.950996 0.308858
1772700992.473634720 26.201506 -23.675865 -2.794860 0.002283 -0.015288 0.951126 0.308417
1772700992.573679924 26.242289 -23.706525 -2.782491 0.002516 -0.015386 0.951172 0.308268
1772700992.673704386 26.280920 -23.735615 -2.772744 0.002698 -0.015062 0.950976 0.308885
1772700992.773653507 26.319352 -23.765534 -2.765222 0.001669 -0.015650 0.951023 0.308718
1772700992.873563051 26.357737 -23.793214 -2.755412 0.001605 -0.015347 0.951175 0.308264
1772700992.973498106 26.395531 -23.820379 -2.741644 0.000766 -0.015033 0.951203 0.308197
1772700993.073361874 26.436671 -23.847661 -2.725319 -0.000840 -0.013878 0.951245 0.308122
1772700993.173358440 26.480372 -23.875929 -2.720551 -0.001518 -0.014541 0.951324 0.307845
1772700993.273279905 26.523458 -23.905054 -2.719907 -0.001831 -0.015468 0.951428 0.307477
1772700993.373265505 26.566692 -23.936850 -2.717130 -0.002974 -0.015609 0.951579 0.306993
1772700993.473239660 26.611966 -23.972360 -2.713628 -0.003502 -0.015933 0.951713 0.306554
1772700993.573215723 26.656655 -24.006459 -2.713093 -0.003097 -0.015816 0.951831 0.306199
1772700993.619452000 26.676490 -24.022074 -2.711882 -0.004673 -0.016462 0.951818 0.306185
1772700993.773259878 26.751033 -24.072519 -2.710293 -0.003640 -0.016798 0.951759 0.306364
1772700993.873296022 26.798220 -24.104790 -2.710927 -0.003033 -0.016322 0.952037 0.305533
1772700993.973420620 26.843195 -24.135772 -2.711272 -0.003135 -0.016599 0.952031 0.305534
1772700994.073448896 26.886118 -24.166667 -2.718589 -0.003693 -0.016436 0.952028 0.305548
1772700994.173413754 26.924296 -24.195349 -2.733151 -0.003756 -0.017156 0.952022 0.305525
1772700994.273445845 26.954458 -24.221303 -2.753952 -0.005098 -0.016755 0.952060 0.305409
1772700994.373507261 26.981124 -24.242310 -2.806113 -0.006194 -0.016674 0.950834 0.309190
1772700994.473413229 27.024701 -24.275322 -2.877530 -0.013920 -0.020930 0.950824 0.308709
1772700994.573305368 27.071131 -24.301322 -2.928668 -0.023004 -0.019521 0.951552 0.306003
1772700994.673310041 27.103979 -24.324778 -2.914531 -0.025269 -0.015369 0.951782 0.305346
1772700994.773433208 27.134352 -24.351573 -2.902444 -0.027461 -0.015147 0.951617 0.305684
1772700994.873525143 27.170494 -24.374315 -2.883210 -0.032272 -0.011476 0.950990 0.307318
1772700994.973566532 27.214114 -24.400170 -2.868066 -0.036639 -0.010573 0.950441 0.308558
1772700995.073588848 27.247866 -24.423247 -2.708315 -0.044942 -0.013680 0.949492 0.310254
1772700995.173704147 27.305074 -24.454910 -2.682332 -0.039911 -0.016311 0.948848 0.312777
1772700995.221139669 27.331806 -24.472039 -2.682464 -0.042305 -0.015083 0.949380 0.310902
1772700995.373765945 27.402017 -24.519492 -2.711678 -0.040909 -0.020153 0.949132 0.311559
1772700995.420632601 27.431115 -24.531838 -2.718885 -0.037067 -0.018820 0.949559 0.310823
1772700995.573913813 27.513898 -24.579752 -2.722427 -0.039089 -0.016722 0.949815 0.309909
1772700995.621857643 27.537167 -24.596439 -2.722451 -0.039051 -0.016536 0.949861 0.309783
1772700995.774029255 27.609133 -24.648432 -2.720928 -0.038613 -0.017002 0.950097 0.309088
1772700995.874104977 27.647601 -24.677562 -2.717095 -0.036659 -0.017242 0.950315 0.308644
1772700995.921682596 27.659823 -24.689887 -2.704952 -0.039584 -0.017713 0.950259 0.308429
1772700996.074074745 27.707814 -24.727522 -2.648739 -0.046167 -0.011986 0.949183 0.311091
1772700996.174227476 27.747469 -24.771072 -2.662900 -0.031528 -0.011713 0.948814 0.314040
1772700996.274270535 27.779162 -24.788105 -2.667183 -0.040486 -0.010277 0.948842 0.312977
1772700996.374414921 27.816758 -24.815249 -2.665261 -0.038181 -0.008928 0.948913 0.313091
1772700996.474550724 27.857063 -24.838922 -2.658474 -0.038353 -0.007794 0.948864 0.313250
1772700996.574621916 27.896563 -24.864922 -2.653395 -0.037847 -0.008096 0.948775 0.313573
1772700996.621937752 27.916338 -24.877542 -2.650081 -0.038146 -0.007754 0.948593 0.314095
1772700996.774631023 27.983103 -24.919823 -2.635839 -0.037606 -0.007609 0.948718 0.313788
1772700996.874502897 28.025611 -24.948411 -2.620302 -0.038322 -0.008713 0.948523 0.314260
1772700996.974524260 28.069258 -24.979537 -2.609286 -0.037632 -0.008198 0.947973 0.316013
1772700997.074466944 28.114490 -25.011862 -2.601035 -0.036285 -0.008915 0.947436 0.317757
1772700997.122994661 28.137345 -25.027858 -2.595975 -0.036641 -0.008640 0.947182 0.318481
1772700997.274455547 28.212146 -25.076005 -2.584743 -0.036553 -0.008026 0.946825 0.319565
1772700997.374407768 28.260514 -25.107121 -2.582047 -0.035974 -0.008870 0.946631 0.320184
1772700997.474340916 28.334656 -25.254909 -3.004064 -0.013567 0.006139 0.946231 0.323148
1772700997.574278116 28.379642 -25.288061 -3.001502 -0.013814 0.005711 0.946216 0.323192
1772700997.674154282 28.425829 -25.318724 -2.992793 -0.014609 0.006546 0.946323 0.322825
1772700997.774030447 28.473762 -25.349137 -2.987882 -0.013339 0.005982 0.946327 0.322881
1772700997.822436571 28.497535 -25.364027 -2.986108 -0.013511 0.006737 0.946187 0.323270
1772700997.973807812 28.573708 -25.413756 -2.990024 -0.014279 0.005499 0.946052 0.323655
1772700998.073818922 28.624192 -25.445595 -2.985069 -0.013762 0.006394 0.945848 0.324254
1772700998.173809290 28.671312 -25.478756 -2.981860 -0.013658 0.005793 0.945791 0.324438
1772700998.222701550 28.692623 -25.494620 -2.980912 -0.014185 0.005518 0.945709 0.324659
1772700998.323851585 28.737572 -25.526203 -2.974566 -0.014061 0.005694 0.945563 0.325087
1772700998.423583746 28.781996 -25.560090 -2.965229 -0.013643 0.005677 0.945195 0.326172
1772700998.573682070 28.846305 -25.610418 -2.960966 -0.015751 0.005081 0.944375 0.328455
1772700998.622936726 28.868615 -25.628221 -2.961378 -0.014794 0.005366 0.943972 0.329650
1772700998.724411726 28.914156 -25.663990 -2.960130 -0.015587 0.004972 0.943450 0.331110
1772700998.873522758 28.985275 -25.713888 -2.951578 -0.015027 0.004631 0.942472 0.333915
1772700998.973599195 29.032249 -25.750698 -2.942737 -0.014568 0.003881 0.941476 0.336743
1772700999.023211718 29.055128 -25.770368 -2.939140 -0.015397 0.003797 0.941112 0.337724
1772700999.124208689 29.104356 -25.810252 -2.934589 -0.015466 0.003234 0.940608 0.339127
1772700999.225210667 29.155302 -25.848337 -2.927911 -0.014761 0.003142 0.940312 0.339979
1772700999.373630524 29.232328 -25.903009 -2.921427 -0.014406 0.001343 0.939944 0.341022
1772700999.473688364 29.281428 -25.940648 -2.909974 -0.013881 0.001313 0.939960 0.340999
1772700999.524871588 29.305286 -25.960587 -2.904032 -0.014100 0.001528 0.940080 0.340659
1772700999.673814297 29.372139 -26.019906 -2.893597 -0.014070 0.001348 0.940105 0.340594
1772700999.723897696 29.393354 -26.037922 -2.886843 -0.014152 0.001560 0.940221 0.340267
1772700999.823740721 29.437304 -26.074308 -2.864648 -0.014548 0.001155 0.940309 0.340010
1772700999.973760128 29.515242 -26.128099 -2.817358 -0.016410 0.000036 0.940572 0.339197
1772701000.024213552 29.539053 -26.146608 -2.814235 -0.016047 0.000616 0.940647 0.339006
1772701000.123908758 29.582213 -26.184822 -2.806840 -0.016138 0.000610 0.940761 0.338686
1772701000.225091696 29.630590 -26.219406 -2.797103 -0.016107 0.001003 0.940846 0.338452
1772701000.373526812 29.707172 -26.273932 -2.793224 -0.014961 0.001522 0.940851 0.338487
1772701000.473436832 29.757060 -26.314271 -2.786282 -0.014794 0.001067 0.940853 0.338490
1772701000.524091721 29.781183 -26.334305 -2.782303 -0.015054 0.001356 0.941010 0.338041
1772701000.624207735 29.829208 -26.376531 -2.777944 -0.014601 0.001384 0.941225 0.337462
1772701000.725440741 29.881988 -26.419315 -2.770874 -0.014242 0.001248 0.941483 0.336758
1772701000.825114727 29.935894 -26.460862 -2.762728 -0.013246 0.000980 0.941624 0.336404
1772701000.925185680 29.989381 -26.502748 -2.759010 -0.012230 0.000662 0.941709 0.336205
1772701001.025609732 30.046152 -26.541424 -2.751553 -0.010850 0.000342 0.941743 0.336158
1772701001.173304081 30.122783 -26.598977 -2.745444 -0.008008 -0.000434 0.942004 0.335505
1772701001.224907637 30.174163 -26.533956 -2.701438 -0.013817 -0.001922 0.942673 0.333426
1772701001.326394558 30.222131 -26.572345 -2.694669 -0.013444 -0.001765 0.942645 0.333521
1772701001.425086737 30.269863 -26.607926 -2.687503 -0.012561 -0.001608 0.942752 0.333253
1772701001.526053667 30.315354 -26.646086 -2.683038 -0.012678 -0.001349 0.942868 0.332922
1772701001.626401663 30.362752 -26.681753 -2.675700 -0.013248 -0.000305 0.943030 0.332444
1772701001.773582458 30.433398 -26.734547 -2.657777 -0.014692 0.003358 0.943201 0.331879
1772701001.825533628 30.457804 -26.753263 -2.654029 -0.014512 0.003532 0.943288 0.331639
1772701001.926245689 30.504582 -26.788892 -2.647937 -0.015404 0.005086 0.943336 0.331443
1772701002.073774099 30.575004 -26.842215 -2.636764 -0.016299 0.007073 0.943390 0.331208
1772701002.125203609 30.600330 -26.862174 -2.632770 -0.016594 0.007571 0.943423 0.331090
1772701002.226826668 30.652525 -26.904443 -2.626992 -0.016782 0.008034 0.943436 0.331033
1772701002.326322556 30.704925 -26.947207 -2.622732 -0.017022 0.008495 0.943504 0.330814
1772701002.426073551 30.761529 -26.988908 -2.612446 -0.016572 0.008361 0.943544 0.330728
1772701002.525546551 30.817966 -27.026888 -2.603308 -0.015883 0.008045 0.943522 0.330830
1772701002.626024723 30.876844 -27.067489 -2.603781 -0.016156 0.008682 0.943295 0.331450
1772701002.726710558 30.933779 -27.109841 -2.600607 -0.016526 0.008175 0.943252 0.331566
1772701002.825832605 30.989937 -27.148830 -2.589239 -0.016307 0.008237 0.943442 0.331032
1772701002.927466631 31.048796 -27.189460 -2.575456 -0.016094 0.008269 0.943690 0.330335
1772701003.026556730 31.109471 -27.231455 -2.563395 -0.015635 0.008355 0.943818 0.329990
1772701003.126841545 31.170276 -27.270268 -2.560661 -0.015819 0.008414 0.944049 0.329318
1772701003.226559639 31.228776 -27.310376 -2.558469 -0.015782 0.008332 0.944245 0.328758
1772701003.325978756 31.283011 -27.353762 -2.549768 -0.016633 0.008022 0.944444 0.328153
1772701003.426509619 31.339936 -27.397197 -2.537426 -0.016291 0.008338 0.944571 0.327797
1772701003.528889656 31.401531 -27.439719 -2.526927 -0.015810 0.007861 0.944541 0.327919
1772701003.626755714 31.460369 -27.480345 -2.524443 -0.016083 0.008049 0.944448 0.328168
1772701003.726211548 31.518293 -27.522448 -2.520370 -0.016770 0.008032 0.944529 0.327900
1772701003.826260567 31.574965 -27.565920 -2.513760 -0.017492 0.008449 0.944546 0.327804
1772701003.928462744 31.632258 -27.609238 -2.505175 -0.018257 0.008381 0.944689 0.327351
1772701004.028214693 31.688344 -27.650287 -2.497989 -0.018811 0.009386 0.944869 0.326774
1772701004.126549721 31.745482 -27.694131 -2.485838 -0.019312 0.009575 0.944968 0.326452
1772701004.227122545 31.806018 -27.744157 -2.470542 -0.019365 0.009247 0.945132 0.325984
1772701004.327738762 31.841118 -27.756521 -2.634366 -0.043720 -0.015682 0.944584 0.324967
1772701004.427311659 31.904000 -27.804035 -2.630960 -0.043860 -0.016730 0.944517 0.325090
1772701004.526714563 31.966105 -27.851118 -2.620451 -0.044264 -0.016904 0.944596 0.324796
1772701004.628293753 32.031102 -27.897200 -2.605510 -0.043475 -0.017058 0.944768 0.324397
1772701004.728043556 32.095117 -27.939739 -2.597639 -0.044007 -0.016805 0.944873 0.324031
1772701004.827991724 32.158100 -27.983336 -2.580366 -0.044745 -0.017313 0.944884 0.323869
1772701004.926988602 32.217157 -28.028304 -2.548345 -0.044807 -0.018351 0.945007 0.323447
1772701005.027096748 32.278290 -28.073528 -2.512202 -0.043959 -0.017660 0.945366 0.322550
1772701005.128211737 32.344440 -28.124185 -2.513317 -0.043819 -0.018750 0.945424 0.322338
1772701005.227944613 32.409740 -28.170270 -2.515166 -0.043375 -0.018720 0.945459 0.322298
1772701005.327483654 32.474011 -28.214434 -2.511748 -0.043067 -0.018581 0.945544 0.322096
1772701005.427585602 32.538062 -28.259031 -2.502598 -0.043037 -0.018720 0.945644 0.321798
1772701005.528538704 32.601533 -28.308506 -2.486555 -0.042577 -0.018202 0.945905 0.321123
1772701005.627885580 32.660920 -28.363412 -2.473240 -0.042302 -0.020430 0.945915 0.320996
1772701005.728057623 32.723941 -28.414578 -2.466520 -0.040910 -0.019954 0.946010 0.320925
1772701005.831692696 32.788537 -28.468240 -2.456711 -0.040368 -0.020524 0.946059 0.320815
1772701005.928610563 32.849161 -28.516802 -2.445352 -0.039626 -0.021464 0.946130 0.320634
1772701006.031682730 32.912130 -28.563057 -2.433902 -0.038349 -0.021498 0.946267 0.320385
1772701006.127854586 32.964210 -28.600867 -2.434268 -0.038345 -0.021512 0.946261 0.320403
1772701006.228014708 33.012591 -28.641334 -2.432296 -0.039305 -0.022127 0.946383 0.319884
1772701006.328487635 33.057872 -28.680876 -2.423252 -0.039961 -0.022609 0.946643 0.318996
1772701006.428255558 33.103708 -28.719067 -2.406419 -0.040328 -0.023167 0.946786 0.318484
1772701006.527980566 33.153485 -28.756808 -2.387322 -0.040555 -0.024112 0.946912 0.318014
1772701006.628165722 33.186951 -28.854055 -2.434610 -0.010414 -0.000858 0.947747 0.318852
1772701006.729265690 33.240849 -28.890498 -2.424312 -0.010116 -0.001701 0.947779 0.318763
1772701006.829082727 33.291548 -28.926471 -2.416295 -0.010737 -0.002173 0.947823 0.318608
1772701006.928242683 33.341078 -28.962814 -2.406534 -0.011284 -0.002725 0.947900 0.318355
1772701007.028453588 33.390694 -28.998039 -2.398481 -0.011226 -0.002636 0.948123 0.317693
1772701007.129587650 33.438825 -29.033258 -2.385557 -0.011757 -0.003296 0.948427 0.316762
1772701007.229208708 33.487595 -29.066745 -2.377379 -0.012123 -0.003234 0.948660 0.316049
1772701007.328768730 33.535451 -29.098107 -2.367751 -0.012913 -0.003589 0.948942 0.315166
1772701007.429325581 33.582216 -29.127508 -2.359071 -0.013458 -0.003727 0.949293 0.314084
1772701007.530060768 33.631472 -29.161652 -2.348073 -0.013922 -0.004050 0.949816 0.312473
1772701007.629913568 33.682266 -29.196386 -2.335239 -0.013927 -0.004490 0.950407 0.310664
1772701007.728865623 33.732685 -29.229861 -2.325842 -0.013923 -0.005027 0.951128 0.308442
1772701007.829035759 33.783226 -29.262008 -2.319055 -0.013642 -0.005567 0.951778 0.306433
1772701007.930600643 33.832998 -29.293294 -2.314460 -0.013275 -0.005351 0.952676 0.303651
1772701008.030040741 33.880294 -29.324874 -2.309596 -0.013203 -0.005548 0.953450 0.301210
1772701008.129462719 33.927602 -29.357477 -2.302970 -0.013076 -0.005747 0.954311 0.298474
1772701008.229327679 33.971119 -29.388668 -2.299872 -0.013142 -0.005956 0.955222 0.295538
1772701008.330181599 34.010934 -29.419576 -2.298409 -0.013431 -0.005780 0.956231 0.292249
1772701008.431110620 34.046305 -29.449608 -2.295217 -0.013989 -0.006268 0.957298 0.288696
1772701008.529474735 34.079876 -29.477230 -2.294281 -0.014930 -0.005819 0.958355 0.285130
1772701008.629688740 34.116212 -29.506220 -2.289686 -0.016264 -0.006240 0.959469 0.281277
1772701008.730576754 34.155910 -29.533051 -2.277310 -0.017735 -0.006502 0.960521 0.277566
1772701008.829720736 34.194271 -29.557415 -2.265409 -0.018738 -0.005409 0.961616 0.273706
1772701008.929955482 34.234479 -29.583869 -2.252939 -0.020275 -0.005590 0.962710 0.269718
1772701009.030672550 34.278016 -29.610010 -2.245406 -0.022018 -0.004209 0.963754 0.265847
1772701009.130071640 34.321207 -29.660199 -2.286949 -0.023589 -0.001649 0.964777 0.262006
1772701009.230497599 34.368203 -29.692993 -2.276582 -0.025169 -0.001219 0.965894 0.257709
1772701009.330320597 34.419020 -29.724728 -2.269356 -0.026149 0.000162 0.966841 0.254035
1772701009.430160761 34.470974 -29.751996 -2.263759 -0.027347 0.001180 0.967742 0.250454
1772701009.530582666 34.519923 -29.771690 -2.250093 -0.027970 0.001175 0.968765 0.246394
1772701009.630385637 34.567789 -29.789901 -2.240493 -0.028543 0.002135 0.969679 0.242699
1772701009.730263710 34.615440 -29.811709 -2.230526 -0.029104 0.002474 0.970547 0.239135
1772701009.830420732 34.665393 -29.832322 -2.220004 -0.029583 0.003343 0.971369 0.235705
1772701009.931007624 34.718192 -29.852960 -2.209610 -0.030032 0.003340 0.972242 0.232020
1772701010.030814648 34.771798 -29.873174 -2.206322 -0.030327 0.004290 0.973000 0.228762
1772701010.130685568 34.826347 -29.891743 -2.201293 -0.031140 0.005170 0.973818 0.225126
1772701010.231435776 34.882752 -29.912605 -2.195092 -0.031592 0.005785 0.974599 0.221644
1772701010.331843615 34.937314 -29.934498 -2.187606 -0.032892 0.006092 0.975500 0.217443
1772701010.431919575 34.989940 -29.953986 -2.182120 -0.033674 0.006964 0.976425 0.213102
1772701010.530974627 35.040544 -29.971800 -2.174642 -0.034001 0.008217 0.977355 0.208696
1772701010.630958557 35.089993 -29.988056 -2.167795 -0.034711 0.008791 0.978388 0.203655
1772701010.731899738 35.141464 -30.004290 -2.162393 -0.035982 0.009994 0.979370 0.198595
1772701010.831388712 35.191170 -30.018575 -2.153123 -0.037044 0.011317 0.980310 0.193631
1772701010.931290627 35.240187 -30.032536 -2.143151 -0.037981 0.012599 0.981236 0.188616
1772701011.031181574 35.288664 -30.048571 -2.133602 -0.038783 0.013509 0.982188 0.183358
1772701011.132417679 35.338351 -30.065664 -2.123655 -0.039431 0.013944 0.983231 0.177506
1772701011.232507706 35.386420 -30.082786 -2.113711 -0.039488 0.014976 0.984285 0.171463
1772701011.331555605 35.432476 -30.100947 -2.100536 -0.039677 0.015173 0.985366 0.165074
1772701011.431588650 35.480777 -30.118019 -2.085713 -0.039473 0.015765 0.986455 0.158434
1772701011.532523632 35.521206 -30.142344 -2.279595 -0.031310 0.011152 0.987697 0.152810
1772701011.631866693 35.578443 -30.149107 -2.275263 -0.030779 0.011853 0.988724 0.146073
1772701011.731636763 35.637388 -30.154379 -2.269458 -0.031207 0.012131 0.989730 0.138972
1772701011.832320690 35.699204 -30.158520 -2.261941 -0.031135 0.013249 0.990878 0.130443
1772701011.932853699 35.764845 -30.164200 -2.251678 -0.030987 0.014069 0.992001 0.121553
1772701012.032169580 35.830477 -30.169227 -2.248481 -0.031478 0.014347 0.992982 0.113090
1772701012.131865740 35.891616 -30.176988 -2.243472 -0.031401 0.014362 0.993990 0.103884
1772701012.233516693 35.945802 -30.185355 -2.237113 -0.031552 0.014679 0.994945 0.094197
1772701012.332954645 35.995084 -30.193938 -2.228692 -0.031380 0.015838 0.995833 0.084146
1772701012.432854652 36.045629 -30.200749 -2.221629 -0.031814 0.016240 0.996618 0.074009
1772701012.532946587 36.093732 -30.207123 -2.210930 -0.031792 0.016449 0.997292 0.064241
1772701012.632571697 36.139897 -30.210183 -2.201194 -0.031508 0.017847 0.997880 0.054070
1772701012.734411716 36.192509 -30.213425 -2.192278 -0.031727 0.018132 0.998374 0.043753
1772701012.832729578 36.244030 -30.212256 -2.185866 -0.031587 0.018441 0.998757 0.033858
1772701012.932402611 36.294890 -30.213876 -2.183409 -0.031451 0.017642 0.999071 0.023576
1772701013.032566547 36.339603 -30.213161 -2.178408 -0.031703 0.018775 0.999245 0.012307
1772701013.133157730 36.381404 -30.215726 -2.168255 -0.031852 0.019102 0.999309 0.001160
1772701013.233019590 36.424682 -30.214576 -2.157136 -0.032127 0.019781 0.999241 -0.009699
1772701013.332850695 36.465666 -30.210085 -2.147366 -0.032302 0.020546 0.999057 -0.020488
1772701013.432572603 36.508937 -30.206220 -2.136749 -0.032049 0.020937 0.998788 -0.030937
1772701013.533605576 36.553128 -30.196917 -2.124866 -0.032474 0.021231 0.998371 -0.041844
1772701013.634528637 36.596023 -30.181957 -2.112488 -0.032133 0.022687 0.997818 -0.053022
1772701013.732926607 36.638333 -30.170062 -2.100685 -0.033010 0.022639 0.997172 -0.063612
1772701013.833087683 36.680134 -30.163961 -2.097752 -0.033376 0.023420 0.996411 -0.074179
1772701013.934035778 36.719065 -30.155364 -2.083565 -0.033222 0.025493 0.995410 -0.086052
1772701014.034007549 36.762272 -30.147045 -2.079698 -0.033440 0.026854 0.994432 -0.096264
1772701014.133179665 36.878884 -30.034397 -2.151838 -0.036065 0.034254 0.993238 -0.104902
1772701014.235454559 36.927611 -30.020557 -2.146853 -0.036059 0.035072 0.992052 -0.115337
1772701014.334318638 36.970893 -30.007245 -2.142136 -0.036524 0.035797 0.990697 -0.126109
1772701014.434048653 37.014473 -29.994630 -2.139228 -0.037345 0.036763 0.989298 -0.136176
1772701014.535290718 37.056450 -29.981712 -2.128419 -0.037687 0.037389 0.987688 -0.147157
1772701014.633395672 37.094743 -29.966629 -2.115575 -0.037284 0.038227 0.985996 -0.157990
1772701014.734053612 37.132415 -29.946658 -2.107745 -0.037152 0.039232 0.984113 -0.169119
1772701014.833897591 37.170346 -29.927954 -2.104805 -0.037893 0.039458 0.982260 -0.179367
1772701014.933774710 37.206244 -29.906934 -2.092954 -0.037406 0.040703 0.980268 -0.189788
1772701015.033851624 37.243920 -29.885720 -2.089384 -0.037608 0.041378 0.978144 -0.200270
1772701015.134321690 37.279467 -29.863189 -2.086788 -0.037912 0.042112 0.975873 -0.210858
1772701015.234653711 37.315433 -29.839749 -2.076866 -0.037832 0.042524 0.973551 -0.221265
1772701015.334105730 37.354006 -29.814807 -2.070143 -0.036863 0.043151 0.971155 -0.231598
1772701015.435943604 37.394388 -29.781207 -2.077212 -0.037378 0.043222 0.967646 -0.245756
1772701015.535142660 37.437246 -29.747773 -2.080042 -0.039066 0.043274 0.964897 -0.256075
1772701015.634898663 37.475674 -29.718008 -2.074198 -0.036699 0.042280 0.962537 -0.265307
1772701015.734485626 37.510599 -29.687575 -2.077765 -0.037112 0.042975 0.959266 -0.276739
1772701015.834515572 37.545138 -29.656209 -2.072445 -0.037270 0.042723 0.956194 -0.287190
1772701015.935667753 37.576635 -29.619883 -2.067398 -0.036975 0.044470 0.952616 -0.298626
1772701016.036335707 37.611991 -29.585748 -2.072853 -0.037767 0.043798 0.949181 -0.309371
1772701016.134691715 37.645616 -29.547869 -2.073546 -0.037488 0.044146 0.945713 -0.319800
1772701016.234887600 37.676183 -29.502743 -2.072692 -0.036922 0.045218 0.941817 -0.331016
1772701016.336013556 37.720002 -29.421917 -2.120096 -0.030156 0.049380 0.937552 -0.342999
1772701016.435802698 37.755698 -29.378466 -2.126028 -0.029996 0.050118 0.934044 -0.352349
1772701016.536382675 37.791158 -29.338923 -2.136595 -0.030731 0.049780 0.931103 -0.360036
1772701016.635056734 37.826769 -29.301592 -2.147618 -0.030754 0.049103 0.929340 -0.364652
1772701016.739092588 37.863690 -29.264827 -2.159700 -0.031406 0.048254 0.928328 -0.367277
1772701016.835692644 37.898133 -29.231953 -2.172816 -0.032329 0.047647 0.927429 -0.369539
1772701016.936634779 37.934299 -29.199277 -2.191183 -0.032410 0.048292 0.926836 -0.370934
1772701017.035479546 37.963410 -29.166911 -2.191854 -0.035090 0.045732 0.926553 -0.371721
1772701017.136649609 37.993272 -29.127943 -2.183533 -0.037228 0.045514 0.926233 -0.372336
1772701017.235792637 38.027960 -29.090548 -2.188443 -0.040089 0.044140 0.926048 -0.372667
1772701017.335974693 38.063753 -29.048479 -2.187251 -0.042978 0.041171 0.926058 -0.372659
1772701017.435630560 38.095627 -29.002987 -2.175477 -0.045125 0.039379 0.924628 -0.376134
1772701017.536261559 38.129729 -28.959928 -2.171535 -0.046633 0.037118 0.923389 -0.379211
1772701017.636469603 38.164475 -28.913856 -2.155710 -0.047170 0.035623 0.921867 -0.382973
1772701017.735916615 38.200139 -28.872358 -2.147701 -0.048059 0.034152 0.920429 -0.386439
1772701017.836421728 38.235102 -28.833641 -2.142530 -0.048092 0.033887 0.918639 -0.390693
1772701017.936501741 38.253710 -28.819104 -2.116870 -0.048830 0.032759 0.916771 -0.395060
1772701018.036650658 38.293956 -28.789922 -2.124859 -0.049249 0.031485 0.914169 -0.401097
1772701018.136137724 38.330048 -28.760799 -2.115839 -0.049421 0.029067 0.911288 -0.407758
1772701018.236465693 38.360307 -28.727861 -2.098601 -0.048966 0.025856 0.907708 -0.415933
1772701018.337011576 38.379843 -28.690192 -2.092568 -0.052418 0.024611 0.903883 -0.423842
1772701018.440797567 38.398833 -28.647485 -2.084051 -0.054614 0.022612 0.900223 -0.431398
1772701018.538960695 38.417513 -28.608663 -2.072903 -0.056964 0.020412 0.896778 -0.438323
1772701018.637618780 38.436284 -28.570541 -2.058596 -0.058233 0.019152 0.892763 -0.446336
1772701018.737997770 38.455121 -28.533544 -2.056277 -0.060311 0.018285 0.888836 -0.453871
1772701018.837401628 38.475800 -28.495336 -2.051986 -0.062227 0.017275 0.884927 -0.461230
1772701018.936963558 38.496175 -28.457491 -2.035189 -0.064270 0.016025 0.880616 -0.469178
1772701019.037249565 38.518589 -28.420652 -2.018997 -0.064935 0.015679 0.876262 -0.477182
1772701019.138577700 38.543806 -28.384372 -2.012146 -0.064914 0.015944 0.872169 -0.484616
1772701019.239966631 38.568736 -28.347175 -2.004197 -0.065216 0.016605 0.868150 -0.491718
1772701019.337969780 38.591469 -28.309473 -2.000432 -0.065503 0.017789 0.864272 -0.498424
1772701019.437508583 38.591257 -28.223486 -1.943782 0.069273 -0.025624 -0.860699 0.503727
1772701019.538266659 38.614197 -28.184473 -1.934403 0.069740 -0.025700 -0.856574 0.510643
1772701019.638201714 38.637101 -28.144240 -1.923517 0.070514 -0.026657 -0.852460 0.517328
1772701019.739521742 38.664738 -28.104002 -1.916315 0.070588 -0.026760 -0.848999 0.522973
1772701019.837485552 38.684553 -28.061849 -1.910298 0.070735 -0.026938 -0.845378 0.528779
1772701019.938560724 38.702464 -28.021598 -1.904398 0.070879 -0.026290 -0.841619 0.534754
1772701020.038230658 38.715853 -27.981372 -1.895645 0.071302 -0.025125 -0.838070 0.540299
1772701020.139096737 38.724802 -27.941307 -1.886990 0.072344 -0.025422 -0.834681 0.545369
1772701020.239265680 38.733843 -27.898841 -1.878072 0.072914 -0.024792 -0.831759 0.549769
1772701020.337806702 38.738975 -27.855058 -1.868865 0.073372 -0.024433 -0.829185 0.553598
1772701020.438475609 38.750446 -27.810970 -1.864669 0.075118 -0.024595 -0.826884 0.556789
1772701020.539378643 38.763605 -27.767697 -1.852972 0.075688 -0.024195 -0.824353 0.560471
1772701020.638842583 38.774833 -27.728125 -1.851020 0.076880 -0.023855 -0.821868 0.563962
1772701020.738138676 38.783961 -27.685956 -1.841359 0.078411 -0.023643 -0.818921 0.568032
1772701020.840152740 38.795219 -27.643950 -1.826501 0.079905 -0.023887 -0.816075 0.571896
1772701020.938442707 38.767036 -27.645434 -1.806904 0.080187 -0.025502 -0.814102 0.574594
1772701021.039561749 38.781458 -27.605036 -1.797255 0.080303 -0.026221 -0.811584 0.578096
1772701021.140062571 38.795743 -27.565706 -1.793090 0.080038 -0.026566 -0.809261 0.581365
1772701021.240685701 38.809020 -27.526772 -1.785296 0.079304 -0.026956 -0.806808 0.584846
1772701021.338906765 38.820598 -27.485205 -1.775058 0.078650 -0.027545 -0.804269 0.588393
1772701021.440025568 38.830685 -27.441256 -1.772401 0.077602 -0.029002 -0.802250 0.591213
1772701021.539974689 38.844350 -27.400453 -1.772848 0.076789 -0.029375 -0.800522 0.593638
1772701021.639137745 38.856269 -27.361793 -1.768628 0.076255 -0.030140 -0.799437 0.595128
1772701021.739048719 38.868877 -27.328094 -1.765514 0.075808 -0.029354 -0.798716 0.596191
1772701021.840487719 38.878143 -27.290928 -1.749546 0.075240 -0.029749 -0.798251 0.596866
1772701021.938861609 38.889402 -27.251888 -1.734888 0.074786 -0.029409 -0.797875 0.597442
1772701022.038906574 38.905711 -27.211564 -1.730346 0.074407 -0.029605 -0.797709 0.597702
1772701022.140719652 38.921963 -27.166555 -1.720441 0.073661 -0.029611 -0.797758 0.597729
1772701022.239143610 38.937206 -27.121109 -1.711890 0.072244 -0.030007 -0.797585 0.598112
1772701022.339450598 38.952324 -27.077900 -1.706344 0.070234 -0.030486 -0.797588 0.598324
1772701022.441419601 38.961968 -27.065451 -1.690814 0.064201 -0.040652 -0.797183 0.598936
1772701022.539742708 38.976838 -27.017933 -1.689529 0.061758 -0.041731 -0.797411 0.598815
1772701022.639396667 38.991821 -26.961900 -1.688120 0.058870 -0.043226 -0.797679 0.598643
1772701022.739292622 39.004618 -26.895482 -1.685368 0.055237 -0.045068 -0.797658 0.598882
1772701022.839126587 39.015428 -26.828620 -1.687815 0.047781 -0.045072 -0.798394 0.598541
1772701022.940021753 39.032521 -26.766407 -1.708865 0.043080 -0.049771 -0.798800 0.597983
1772701023.039515734 39.049361 -26.709727 -1.727924 0.036470 -0.051815 -0.799904 0.596774
1772701023.141461611 39.066815 -26.650952 -1.736780 0.031597 -0.054533 -0.799879 0.596842
1772701023.240052700 39.084833 -26.598357 -1.737386 0.027892 -0.057717 -0.799666 0.597013
1772701023.340512753 39.101726 -26.551950 -1.732862 0.024018 -0.061267 -0.799904 0.596508
1772701023.440235615 39.111228 -26.511743 -1.740747 0.020638 -0.062565 -0.800093 0.596248
1772701023.540635586 39.106413 -26.479401 -1.746671 0.019493 -0.065630 -0.799843 0.596291
1772701023.639772654 39.112517 -26.451192 -1.743911 0.015867 -0.064022 -0.798308 0.598626
1772701023.740326643 39.114471 -26.419508 -1.749319 0.016272 -0.065110 -0.798588 0.598124
1772701023.841027737 39.124881 -26.375624 -1.756569 0.018238 -0.062452 -0.797843 0.599344
1772701023.941083670 39.094509 -26.336198 -1.748593 0.025016 -0.056901 -0.798211 0.599163
1772701024.041230679 39.105062 -26.292547 -1.741882 0.026830 -0.054333 -0.798007 0.599595
1772701024.142107725 39.112224 -26.256752 -1.748337 0.028269 -0.054515 -0.797491 0.600197
1772701024.240547657 39.117635 -26.218641 -1.743190 0.028395 -0.055024 -0.797268 0.600441
1772701024.340424776 39.126096 -26.181278 -1.745924 0.029357 -0.054841 -0.797185 0.600523
1772701024.442628622 39.136168 -26.138842 -1.733172 0.030182 -0.055119 -0.796569 0.601273
1772701024.540560722 39.146903 -26.095906 -1.716907 0.029740 -0.056390 -0.795861 0.602113
1772701024.641810656 39.156161 -26.056365 -1.727636 0.031046 -0.058353 -0.797087 0.600236
1772701024.742815733 39.174513 -26.013422 -1.718349 0.028795 -0.057827 -0.798452 0.598583
1772701024.841691732 39.186574 -25.972931 -1.718807 0.029482 -0.061067 -0.798086 0.598715
1772701024.942618608 39.201401 -25.937187 -1.717720 0.027022 -0.061507 -0.798902 0.597697
1772701025.041358709 39.215998 -25.898890 -1.713156 0.026422 -0.062279 -0.800215 0.595885
1772701025.141715765 39.231063 -25.858814 -1.708358 0.025933 -0.062387 -0.801318 0.594411
1772701025.243431568 39.245957 -25.819596 -1.710098 0.026302 -0.061952 -0.802796 0.592443
1772701025.340671778 39.256797 -25.779324 -1.709092 0.026497 -0.062763 -0.804553 0.589959
1772701025.442235708 39.270671 -25.738517 -1.707888 0.026576 -0.062624 -0.806980 0.586647
1772701025.541066647 39.282424 -25.696400 -1.707659 0.026427 -0.062379 -0.809391 0.583349
1772701025.642318726 39.294196 -25.655678 -1.706637 0.026709 -0.063384 -0.810092 0.582255
1772701025.741745710 39.307811 -25.620507 -1.709507 0.027408 -0.062950 -0.810752 0.581350
1772701025.843128681 39.321121 -25.580669 -1.708262 0.027578 -0.063184 -0.812411 0.578995
1772701025.942683697 39.309127 -25.526091 -1.718638 0.023465 -0.060381 -0.813742 0.577604
1772701026.041888714 39.324952 -25.480034 -1.717668 0.023588 -0.059803 -0.814752 0.576234
1772701026.142251730 39.341747 -25.429383 -1.712944 0.023294 -0.060658 -0.814968 0.575851
1772701026.241634607 39.358674 -25.378498 -1.713983 0.022970 -0.060230 -0.815514 0.575136
1772701026.342641592 39.376018 -25.328708 -1.712361 0.022271 -0.061026 -0.815430 0.575198
1772701026.442850590 39.391586 -25.283640 -1.711356 0.022651 -0.060798 -0.815790 0.574697
1772701026.542719603 39.406938 -25.238224 -1.706887 0.021646 -0.061101 -0.816740 0.573354
1772701026.642546654 39.420997 -25.193455 -1.703637 0.021323 -0.062119 -0.816514 0.573577
1772701026.743270636 39.434642 -25.153063 -1.699650 0.021207 -0.061988 -0.816480 0.573644
1772701026.842942715 39.449264 -25.116348 -1.697677 0.020751 -0.063193 -0.817292 0.572372
1772701026.942953587 39.463911 -25.078839 -1.696389 0.020770 -0.062397 -0.820008 0.568560
1772701027.044887781 39.478125 -25.037434 -1.698113 0.020340 -0.061681 -0.821884 0.565939
1772701027.142370701 39.488317 -24.998603 -1.697778 0.020580 -0.061991 -0.822053 0.565651
1772701027.243967772 39.497863 -24.959309 -1.694538 0.020575 -0.062105 -0.822517 0.564964
1772701027.343505621 39.510247 -24.919358 -1.691125 0.020790 -0.062088 -0.823190 0.563977
1772701027.444072723 39.524997 -24.874866 -1.691866 0.020982 -0.061986 -0.824445 0.562146
1772701027.544361591 39.537284 -24.826647 -1.693189 0.021264 -0.062442 -0.826627 0.558869
1772701027.642454624 39.550661 -24.783101 -1.695417 0.021629 -0.061929 -0.827356 0.557834
1772701027.742830753 39.566832 -24.742254 -1.692875 0.021890 -0.061735 -0.827557 0.557546
1772701027.843890667 39.594543 -24.705019 -1.679664 0.022044 -0.060855 -0.828376 0.556420
1772701027.944448709 39.609117 -24.665406 -1.677451 0.022421 -0.061276 -0.830266 0.553535
1772701028.043182611 39.623674 -24.625682 -1.674235 0.022142 -0.060720 -0.832223 0.550660
1772701028.142680645 39.642198 -24.583178 -1.672571 0.022278 -0.060723 -0.832204 0.550683
1772701028.243831635 39.660658 -24.538714 -1.665515 0.021780 -0.060896 -0.832561 0.550144
1772701028.342957735 39.680940 -24.497899 -1.663264 0.022043 -0.060872 -0.832981 0.549500
1772701028.444501638 39.701569 -24.456627 -1.663628 0.022203 -0.060592 -0.834824 0.546722
1772701028.543587685 39.718860 -24.415833 -1.659236 0.022510 -0.059843 -0.837102 0.543296
1772701028.644647598 39.738841 -24.374315 -1.658343 0.022519 -0.059602 -0.837514 0.542687
1772701028.744411707 39.758192 -24.334112 -1.652095 0.022800 -0.059650 -0.837758 0.542295
1772701028.771753311 39.763328 -24.322951 -1.650648 0.022975 -0.059851 -0.837893 0.542056
1772701028.943646669 39.792511 -24.256267 -1.648441 0.023177 -0.059305 -0.838554 0.541085
1772701029.043825626 39.807245 -24.215914 -1.641515 0.023575 -0.059282 -0.838604 0.540992
1772701029.144040585 39.823726 -24.178420 -1.640907 0.023741 -0.058577 -0.838972 0.540490
1772701029.244317770 39.837977 -24.141194 -1.638704 0.024444 -0.058796 -0.838769 0.540750
1772701029.344726562 39.852943 -24.103294 -1.635478 0.025126 -0.057965 -0.838713 0.540895
1772701029.443652630 39.866560 -24.061422 -1.632745 0.025592 -0.058602 -0.838526 0.541096
1772701029.544324636 39.884031 -24.025678 -1.619907 0.023813 -0.057885 -0.838659 0.541048
1772701029.645608664 39.901989 -23.982866 -1.618926 0.024206 -0.057082 -0.838558 0.541273
1772701029.743977547 39.915642 -23.938257 -1.612418 0.024400 -0.057791 -0.838290 0.541604
1772701029.843922615 39.929632 -23.895630 -1.611234 0.024623 -0.057329 -0.837951 0.542168
1772701029.945622683 39.943930 -23.851256 -1.613519 0.024776 -0.057270 -0.837848 0.542326
1772701030.045382738 39.956106 -23.807103 -1.610010 0.025008 -0.057533 -0.837688 0.542535
1772701030.143990755 39.972707 -23.764284 -1.606139 0.024922 -0.057092 -0.837585 0.542745
1772701030.245047569 39.988455 -23.720520 -1.602307 0.025090 -0.057302 -0.837525 0.542806
1772701030.344617605 40.004298 -23.679419 -1.594568 0.025552 -0.056680 -0.837433 0.542993
1772701030.444420576 40.023611 -23.633344 -1.590865 0.025454 -0.056667 -0.837144 0.543444
1772701030.544317722 40.045470 -23.580482 -1.586091 0.025259 -0.056723 -0.837387 0.543072
1772701030.645151615 40.068100 -23.524026 -1.578620 0.025155 -0.057282 -0.836882 0.543798
1772701030.745378733 40.092654 -23.466951 -1.569268 0.025082 -0.057248 -0.836750 0.544006
1772701030.846482754 40.119648 -23.408638 -1.562890 0.025044 -0.056710 -0.836704 0.544135
1772701030.945099592 40.146366 -23.347605 -1.556392 0.024491 -0.057545 -0.836495 0.544395
1772701031.044901609 40.171691 -23.287204 -1.550321 0.024786 -0.057214 -0.836287 0.544735
1772701031.145806551 40.164218 -23.282507 -1.568508 0.023494 -0.055998 -0.836271 0.544945
1772701031.244953632 40.188710 -23.222874 -1.563188 0.022980 -0.056240 -0.836105 0.545196
1772701031.345095634 40.212802 -23.162445 -1.560105 0.023645 -0.056800 -0.835770 0.545622
1772701031.445518732 40.240422 -23.102993 -1.555747 0.024236 -0.055792 -0.835736 0.545753
1772701031.546752691 40.268263 -23.040192 -1.546620 0.023777 -0.056406 -0.835737 0.545708
1772701031.645212650 40.296927 -22.976964 -1.540012 0.023796 -0.056003 -0.835760 0.545713
1772701031.745853662 40.326741 -22.907771 -1.531938 0.023971 -0.056658 -0.835484 0.546061
1772701031.847095728 40.359826 -22.837382 -1.526283 0.023294 -0.057206 -0.835240 0.546406
1772701031.945730686 40.387697 -22.771988 -1.526543 0.023630 -0.056665 -0.835037 0.546758
1772701032.045591593 40.410931 -22.710460 -1.519109 0.023800 -0.056857 -0.834723 0.547210
1772701032.147411585 40.435191 -22.645737 -1.516395 0.023499 -0.056854 -0.834593 0.547421
1772701032.245817661 40.458577 -22.584374 -1.513753 0.023815 -0.057035 -0.834421 0.547650
1772701032.346805573 40.481443 -22.522769 -1.510008 0.024002 -0.056468 -0.834092 0.548202
1772701032.445937634 40.503943 -22.463454 -1.506758 0.024302 -0.055991 -0.833953 0.548450
1772701032.545857668 40.528799 -22.404049 -1.502057 0.024147 -0.055322 -0.834133 0.548250
1772701032.645684719 40.550440 -22.343745 -1.495340 0.023935 -0.057250 -0.833917 0.548391
1772701032.746488571 40.566824 -22.337180 -1.525869 0.025244 -0.054656 -0.833848 0.548703
1772701032.846042633 40.589785 -22.280935 -1.514787 0.025075 -0.055118 -0.833689 0.548905
1772701032.947294712 40.614996 -22.222147 -1.508002 0.024924 -0.055356 -0.833710 0.548856
1772701033.046262741 40.641927 -22.161272 -1.503759 0.024817 -0.054980 -0.833621 0.549034
1772701033.146642685 40.669317 -22.095838 -1.491045 0.024612 -0.054958 -0.833461 0.549288
1772701033.246314764 40.697678 -22.030927 -1.485993 0.024779 -0.054833 -0.833163 0.549746
1772701033.346643686 40.728332 -21.964923 -1.479372 0.024467 -0.054383 -0.833330 0.549552
1772701033.446576595 40.756641 -21.896578 -1.471460 0.024246 -0.055155 -0.833282 0.549557
1772701033.547458649 40.786235 -21.833136 -1.466413 0.023933 -0.054197 -0.833192 0.549802
1772701033.647315741 40.815157 -21.772127 -1.457590 0.024184 -0.054372 -0.833014 0.550044
1772701033.746924639 40.844579 -21.710255 -1.450062 0.023865 -0.054475 -0.832923 0.550184
1772701033.846658707 40.871563 -21.644930 -1.440817 0.023649 -0.054108 -0.832878 0.550298
1772701033.946694613 40.899530 -21.578977 -1.433652 0.023183 -0.055378 -0.832683 0.550487
1772701034.047198772 40.929780 -21.514106 -1.432699 0.022993 -0.053629 -0.832623 0.550759
1772701034.148654699 40.956358 -21.447081 -1.426105 0.023276 -0.054403 -0.832165 0.551363
1772701034.248133659 40.982080 -21.382644 -1.422842 0.022846 -0.054817 -0.832296 0.551142
1772701034.347344637 41.007319 -21.323064 -1.416792 0.023186 -0.054462 -0.831959 0.551672
1772701034.447353601 41.031095 -21.269486 -1.407859 0.023393 -0.053734 -0.831929 0.551779
1772701034.547021627 41.054466 -21.216172 -1.397308 0.023645 -0.053504 -0.832012 0.551665
1772701034.646943569 41.079124 -21.162617 -1.385583 0.023748 -0.052663 -0.832427 0.551116
1772701034.747182608 41.102786 -21.109241 -1.377486 0.023766 -0.053087 -0.832068 0.551617
1772701034.849056721 41.099522 -21.140628 -1.365363 0.024503 -0.049899 -0.831743 0.552371
1772701034.947356701 41.121605 -21.085841 -1.354054 0.024446 -0.050480 -0.831686 0.552406
1772701035.048562765 41.146709 -21.022843 -1.350406 0.024149 -0.049929 -0.831684 0.552472
1772701035.148281574 41.169441 -20.958824 -1.347595 0.024145 -0.049690 -0.831869 0.552216
1772701035.248077631 41.187140 -20.888619 -1.342070 0.023946 -0.049024 -0.832853 0.550798
1772701035.348283768 41.207137 -20.816359 -1.341571 0.023969 -0.048392 -0.832633 0.551186
1772701035.448337555 41.231669 -20.753624 -1.336586 0.023612 -0.049068 -0.832646 0.551122
1772701035.548208714 41.257001 -20.695037 -1.331652 0.023412 -0.048504 -0.832549 0.551327
1772701035.648488760 41.279042 -20.635395 -1.330048 0.022879 -0.049208 -0.832511 0.551345
1772701035.749520779 41.301975 -20.574503 -1.329503 0.023144 -0.048432 -0.832570 0.551314
1772701035.849495649 41.322243 -20.512849 -1.324733 0.023152 -0.048985 -0.832351 0.551594
1772701035.949107647 41.342026 -20.451270 -1.320158 0.022864 -0.048536 -0.832133 0.551976
1772701036.048092604 41.362660 -20.388523 -1.313697 0.022443 -0.049603 -0.831854 0.552318
1772701036.148722649 41.387188 -20.325300 -1.311084 0.022489 -0.049955 -0.831761 0.552423
1772701036.248983622 41.412527 -20.266241 -1.311249 0.022531 -0.049483 -0.831907 0.552245
1772701036.348530769 41.435015 -20.211729 -1.309694 0.022801 -0.049059 -0.832451 0.551453
1772701036.450462580 41.456251 -20.154932 -1.304998 0.022312 -0.048812 -0.834407 0.548530
1772701036.548929691 41.477655 -20.097745 -1.300720 0.022835 -0.048832 -0.834191 0.548833
1772701036.648500681 41.498941 -20.041350 -1.295762 0.022759 -0.049203 -0.834394 0.548495
1772701036.749430656 41.519458 -19.982641 -1.296224 0.022578 -0.048218 -0.834694 0.548134
1772701036.850394726 41.536747 -19.926043 -1.292351 0.022889 -0.049310 -0.834779 0.547895
1772701036.950856686 41.558371 -19.870098 -1.293157 0.022852 -0.047933 -0.835043 0.547617
1772701037.048979759 41.578438 -19.811018 -1.285169 0.023085 -0.048684 -0.834929 0.547714
1772701037.149159670 41.601461 -19.747792 -1.278238 0.022777 -0.048855 -0.834682 0.548088
1772701037.250906706 41.626194 -19.684886 -1.276665 0.022344 -0.048624 -0.834760 0.548008
1772701037.349078655 41.648893 -19.624062 -1.272371 0.022699 -0.048492 -0.835130 0.547441
1772701037.449216604 41.671859 -19.557638 -1.267015 0.022607 -0.049194 -0.835312 0.547104
1772701037.549575567 41.695709 -19.490485 -1.266377 0.022049 -0.049507 -0.835072 0.547465
1772701037.649583578 41.748428 -19.483566 -1.226430 0.021409 -0.044297 -0.835707 0.546967
1772701037.749046564 41.773921 -19.418838 -1.222391 0.020907 -0.044269 -0.835924 0.546657
1772701037.849534988 41.796527 -19.354251 -1.224374 0.021713 -0.043867 -0.835786 0.546868
1772701037.949516773 41.816264 -19.296228 -1.216977 0.021633 -0.043551 -0.835691 0.547043
1772701038.049897671 41.836709 -19.240844 -1.212801 0.021763 -0.043155 -0.835556 0.547274
1772701038.151310682 41.857971 -19.184606 -1.205484 0.021655 -0.043914 -0.835535 0.547251
1772701038.250037670 41.881369 -19.128775 -1.205137 0.021611 -0.043137 -0.835498 0.547372
1772701038.349675655 41.903514 -19.073283 -1.199853 0.022061 -0.043097 -0.835458 0.547417
1772701038.451434612 41.928163 -19.017321 -1.197020 0.021508 -0.042413 -0.835374 0.547621
1772701038.549711704 41.950410 -18.960433 -1.191058 0.022057 -0.043026 -0.835131 0.547922
1772701038.649693727 41.974492 -18.900334 -1.189321 0.021697 -0.042221 -0.834957 0.548263
1772701038.750222683 41.997615 -18.839586 -1.184894 0.021930 -0.042810 -0.834690 0.548614
1772701038.851935625 42.020889 -18.779043 -1.183859 0.021397 -0.042564 -0.834626 0.548752
1772701038.950626612 42.043517 -18.720871 -1.180799 0.022306 -0.042881 -0.834388 0.549053
1772701039.050023556 42.068263 -18.660806 -1.180580 0.021762 -0.042027 -0.834229 0.549383
1772701039.151377678 42.091578 -18.598366 -1.175225 0.021829 -0.042757 -0.834070 0.549564
1772701039.250913620 42.115434 -18.536858 -1.168802 0.021653 -0.043180 -0.833826 0.549908
1772701039.350976706 42.139089 -18.474133 -1.166469 0.021297 -0.042426 -0.833848 0.549948
1772701039.450304747 42.161465 -18.409841 -1.160831 0.021860 -0.043343 -0.833582 0.550258
1772701039.552151680 42.187407 -18.347939 -1.158632 0.021694 -0.042660 -0.833680 0.550170
1772701039.651796579 42.209566 -18.289841 -1.156870 0.021949 -0.041742 -0.834910 0.548362
1772701039.750372648 42.229318 -18.234521 -1.151903 0.022290 -0.042243 -0.834947 0.548254
1772701039.851760626 42.252461 -18.181485 -1.146822 0.022541 -0.041875 -0.834984 0.548215
1772701039.952289581 42.277664 -18.126054 -1.143786 0.022374 -0.041045 -0.834871 0.548457
1772701040.051862717 42.301305 -18.068238 -1.138143 0.022576 -0.041382 -0.834824 0.548495
1772701040.150463581 42.323684 -18.010357 -1.131035 0.022865 -0.041301 -0.834771 0.548570
1772701040.251252651 42.349057 -17.945829 -1.120351 0.022381 -0.041894 -0.834770 0.548545
1772701040.351998568 42.378500 -17.879009 -1.116422 0.021810 -0.040967 -0.834713 0.548725
1772701040.451522589 42.405055 -17.813037 -1.110395 0.022643 -0.041174 -0.834480 0.549031
1772701040.551171780 42.432580 -17.745715 -1.105236 0.022869 -0.040539 -0.834397 0.549195
1772701040.652415752 42.461208 -17.672646 -1.098096 0.022435 -0.040261 -0.834178 0.549566
1772701040.753701687 42.486381 -17.596689 -1.089238 0.022876 -0.041015 -0.833909 0.549900
1772701040.851249695 42.514219 -17.523776 -1.083258 0.022437 -0.040537 -0.833732 0.550222
1772701040.952213764 42.542139 -17.453773 -1.076692 0.022709 -0.039557 -0.833867 0.550077
1772701041.051845551 42.568185 -17.385175 -1.066498 0.022742 -0.040260 -0.833702 0.550275
1772701041.152490616 42.593078 -17.315312 -1.057127 0.022434 -0.039520 -0.834397 0.549287
1772701041.251791716 42.619933 -17.241347 -1.049910 0.022169 -0.039686 -0.834401 0.549279
1772701041.351760626 42.649149 -17.168404 -1.048318 0.022697 -0.038748 -0.834412 0.549308
1772701041.451941729 42.677990 -17.097245 -1.044113 0.023065 -0.038593 -0.834337 0.549418
1772701041.552022696 42.704618 -17.032384 -1.032762 0.023212 -0.038237 -0.834201 0.549644
1772701041.652784586 42.732336 -16.965974 -1.027035 0.023615 -0.037878 -0.834116 0.549780
1772701041.751839638 42.762437 -16.898489 -1.022335 0.023623 -0.036714 -0.834077 0.549917
1772701041.852061749 42.792025 -16.829476 -1.015837 0.024090 -0.036814 -0.834141 0.549793
1772701041.954994678 42.821606 -16.759767 -1.003308 0.024261 -0.036199 -0.833799 0.550345
1772701042.052294731 42.850809 -16.694239 -0.995909 0.024381 -0.035733 -0.833513 0.550804
1772701042.151985645 42.879431 -16.625574 -0.989976 0.024801 -0.035617 -0.833493 0.550822
1772701042.254480600 42.907108 -16.555658 -0.983053 0.024738 -0.035576 -0.833303 0.551116
1772701042.353570700 42.984263 -16.408998 -0.974198 0.028107 -0.028071 -0.833414 0.551220
1772701042.452382565 43.010102 -16.344957 -0.961652 0.027697 -0.028629 -0.833371 0.551276
1772701042.553385735 43.036030 -16.279971 -0.952316 0.028544 -0.028314 -0.833103 0.551655
1772701042.654219627 43.063417 -16.211675 -0.941739 0.028098 -0.027675 -0.833375 0.551299
1772701042.753137589 43.088191 -16.142546 -0.930786 0.028432 -0.027859 -0.833163 0.551594
1772701042.853016615 43.113216 -16.073196 -0.922088 0.028428 -0.027535 -0.833016 0.551831
1772701042.954534769 43.137349 -16.004009 -0.912671 0.028583 -0.027308 -0.833012 0.551840
1772701043.052975655 43.162259 -15.937508 -0.907229 0.028904 -0.026857 -0.832823 0.552131
1772701043.154387712 43.188442 -15.871349 -0.896850 0.029176 -0.025903 -0.832698 0.552352
1772701043.253253460 43.213154 -15.803731 -0.885123 0.028948 -0.026097 -0.832346 0.552885
1772701043.352555752 43.239699 -15.735836 -0.878239 0.029503 -0.025666 -0.832231 0.553047
1772701043.453204632 43.268426 -15.667791 -0.869041 0.030009 -0.025075 -0.832274 0.552983
1772701043.555307627 43.300095 -15.599671 -0.855226 0.029606 -0.024496 -0.832112 0.553274
1772701043.654097557 43.329177 -15.532930 -0.840512 0.030143 -0.023993 -0.831937 0.553531
1772701043.753856659 43.359011 -15.460329 -0.831817 0.029829 -0.023918 -0.831869 0.553653
1772701043.854282618 43.386572 -15.385133 -0.821227 0.030188 -0.023260 -0.831891 0.553629
1772701043.954052687 43.414122 -15.306785 -0.813686 0.030668 -0.022252 -0.831695 0.553939
1772701044.053743601 43.444276 -15.234752 -0.808321 0.030192 -0.022161 -0.831334 0.554509
1772701044.153516769 43.473786 -15.166227 -0.800574 0.030391 -0.022795 -0.831155 0.554741
1772701044.253968716 43.504261 -15.099759 -0.792543 0.030231 -0.022446 -0.831065 0.554899
1772701044.354134560 43.532225 -15.031654 -0.784672 0.030852 -0.021744 -0.831010 0.554976
1772701044.454689741 43.557563 -14.961367 -0.779431 0.030389 -0.021614 -0.830651 0.555544
1772701044.554395676 43.579719 -14.893534 -0.772971 0.031090 -0.021481 -0.830637 0.555530
1772701044.655199766 43.605594 -14.824080 -0.760823 0.031336 -0.020362 -0.830404 0.555906
1772701044.754290581 43.630526 -14.751203 -0.746551 0.030917 -0.021179 -0.830188 0.556222
1772701044.855650663 43.658574 -14.675339 -0.742148 0.030592 -0.020021 -0.830170 0.556311
1772701044.955751657 43.686649 -14.601957 -0.732606 0.031428 -0.020235 -0.829912 0.556641
1772701045.056368589 43.717233 -14.529275 -0.725249 0.031198 -0.019144 -0.830034 0.556511
1772701045.155138731 43.745043 -14.452055 -0.716937 0.030877 -0.019775 -0.829706 0.556994
1772701045.254147768 43.772405 -14.375314 -0.708435 0.030862 -0.019162 -0.829839 0.556819
1772701045.353935719 43.797102 -14.301450 -0.699075 0.031092 -0.018911 -0.829968 0.556622
1772701045.454550743 43.821520 -14.225779 -0.688994 0.031456 -0.017991 -0.830001 0.556583
1772701045.555749655 43.847488 -14.148764 -0.680506 0.031715 -0.017247 -0.829790 0.556907
1772701045.654676676 43.875295 -14.073929 -0.673392 0.031791 -0.016710 -0.829592 0.557214
1772701045.756943703 43.902684 -13.997839 -0.661665 0.032199 -0.016353 -0.829382 0.557514
1772701045.854668617 43.928563 -13.924182 -0.655984 0.032138 -0.016649 -0.829281 0.557659
1772701045.955171585 43.954782 -13.850581 -0.647823 0.032014 -0.015308 -0.829218 0.557797
1772701046.055848598 43.980416 -13.775554 -0.639107 0.032230 -0.015279 -0.829019 0.558083
1772701046.155897617 44.007559 -13.696888 -0.631355 0.032413 -0.014417 -0.828769 0.558465
1772701046.254870653 44.030714 -13.617424 -0.622618 0.032288 -0.014701 -0.828521 0.558834
1772701046.355060577 44.050968 -13.541184 -0.615737 0.033427 -0.013377 -0.828233 0.559226
1772701046.455842733 44.072051 -13.462442 -0.604904 0.032749 -0.013588 -0.828008 0.559593
1772701046.556115627 44.095384 -13.386640 -0.599753 0.032976 -0.012731 -0.828072 0.559506
1772701046.655540705 44.117727 -13.313040 -0.591127 0.033834 -0.012181 -0.828983 0.558116
1772701046.755490780 44.141472 -13.239927 -0.581714 0.033855 -0.011847 -0.828871 0.558288
1772701046.855218649 44.166128 -13.164298 -0.571045 0.034083 -0.010911 -0.828682 0.558574
1772701046.955162764 44.350423 -12.893081 -0.550434 0.052233 -0.027328 -0.829192 0.555847
1772701047.055408716 44.377448 -12.813999 -0.537936 0.052393 -0.027344 -0.829159 0.555880
1772701047.155753613 44.407992 -12.736755 -0.527261 0.052458 -0.026789 -0.828941 0.556226
1772701047.255948544 44.437795 -12.657261 -0.512265 0.052234 -0.026623 -0.830024 0.554638
1772701047.356502771 44.467917 -12.576136 -0.502600 0.052283 -0.026014 -0.832011 0.551677
1772701047.456830740 44.497983 -12.497729 -0.490359 0.052805 -0.025863 -0.831960 0.551711
1772701047.556403637 44.527150 -12.422205 -0.479972 0.052653 -0.025222 -0.832268 0.551291
1772701047.657974720 44.557566 -12.347705 -0.471488 0.053029 -0.024278 -0.832273 0.551290
1772701047.756233692 44.587782 -12.276097 -0.462181 0.053011 -0.023912 -0.832327 0.551226
1772701047.857772589 44.614487 -12.203435 -0.448145 0.053486 -0.024605 -0.832403 0.551035
1772701047.956343651 44.638745 -12.133147 -0.432986 0.053837 -0.023901 -0.833134 0.549925
1772701048.058291674 44.666991 -12.058147 -0.420133 0.053881 -0.023198 -0.832952 0.550227
1772701048.156557560 44.693243 -11.982371 -0.407205 0.054092 -0.023790 -0.833012 0.550091
1772701048.256866693 44.725906 -11.903885 -0.394032 0.053411 -0.022620 -0.832950 0.550300
1772701048.357079744 44.755134 -11.824521 -0.380603 0.053365 -0.023841 -0.832538 0.550875
1772701048.458493710 44.782299 -11.750163 -0.372130 0.053808 -0.022558 -0.832496 0.550950
1772701048.556244612 44.805924 -11.680592 -0.360341 0.054741 -0.022536 -0.832360 0.551065
1772701048.657636642 44.833712 -11.605865 -0.353126 0.054517 -0.021712 -0.832237 0.551306
1772701048.756985664 44.858628 -11.534056 -0.342254 0.055217 -0.022334 -0.831965 0.551622
1772701048.857446671 44.885381 -11.464591 -0.331061 0.055943 -0.021790 -0.831714 0.551950
1772701048.956475735 44.914851 -11.395764 -0.319991 0.055722 -0.021460 -0.831555 0.552225
1772701049.058224678 44.945168 -11.326297 -0.311502 0.056501 -0.020844 -0.831427 0.552360
1772701049.157051563 44.973033 -11.255496 -0.301084 0.056505 -0.021383 -0.831706 0.551920
1772701049.257246733 44.998612 -11.182658 -0.288863 0.057055 -0.020857 -0.832146 0.551220
1772701049.358516693 45.026022 -11.111003 -0.272583 0.057566 -0.020885 -0.831903 0.551532
1772701049.459232569 45.055159 -11.035180 -0.261887 0.057693 -0.020469 -0.831819 0.551661
1772701049.557571650 45.083008 -10.960385 -0.246566 0.057961 -0.022100 -0.831665 0.551802
1772701049.659291744 45.115000 -10.883827 -0.237641 0.058043 -0.020376 -0.832132 0.551156
1772701049.757221699 45.143716 -10.801816 -0.224460 0.058158 -0.021282 -0.834224 0.547938
1772701049.858135700 45.177682 -10.717384 -0.216073 0.057575 -0.020170 -0.835028 0.546816
1772701049.958485603 45.210667 -10.638014 -0.203982 0.058449 -0.020652 -0.834795 0.547060
1772701050.057891607 45.241768 -10.561281 -0.194476 0.058260 -0.020580 -0.835156 0.546531
1772701050.159087658 45.273425 -10.489109 -0.187696 0.059113 -0.018928 -0.835431 0.546079
1772701050.259798765 45.303111 -10.418141 -0.176539 0.059761 -0.017589 -0.835625 0.545757
1772701050.358375549 45.332125 -10.348269 -0.156916 0.060623 -0.018333 -0.835617 0.545648
1772701050.458483696 45.364522 -10.276504 -0.143321 0.061009 -0.017298 -0.835272 0.546169
1772701050.559169769 45.395115 -10.202584 -0.125773 0.061901 -0.018077 -0.835010 0.546444
1772701050.657773733 45.426502 -10.124778 -0.110533 0.062136 -0.018215 -0.834618 0.547010
1772701050.758210659 45.484599 -10.038349 -0.262991 0.054659 -0.027872 -0.836296 0.544835
1772701050.858104706 45.517261 -9.956529 -0.252342 0.054970 -0.028065 -0.835763 0.545612
1772701050.958745718 45.550579 -9.874360 -0.245760 0.055291 -0.027936 -0.835501 0.545986
1772701051.058354616 45.583045 -9.791779 -0.238095 0.055978 -0.027623 -0.835270 0.546285
1772701051.158396721 45.610659 -9.708901 -0.223898 0.055722 -0.028280 -0.835234 0.546333
1772701051.259374619 45.638751 -9.626120 -0.214108 0.056047 -0.027829 -0.835105 0.546521
1772701051.358385563 45.668083 -9.545390 -0.205311 0.055842 -0.027872 -0.835098 0.546549
1772701051.458973646 45.701851 -9.465748 -0.197444 0.055864 -0.027399 -0.834846 0.546957
1772701051.559684753 45.735234 -9.389557 -0.183305 0.056071 -0.027727 -0.834504 0.547439
1772701051.659472704 45.769237 -9.314646 -0.173674 0.056066 -0.027001 -0.834228 0.547897
1772701051.759204626 45.800776 -9.239660 -0.161864 0.056371 -0.027355 -0.834081 0.548072
1772701051.860364676 45.834302 -9.161309 -0.154275 0.056310 -0.026957 -0.833885 0.548397
1772701051.959666729 45.864560 -9.086230 -0.144618 0.056680 -0.026926 -0.833673 0.548682
1772701052.061533689 45.892916 -9.013601 -0.132865 0.057356 -0.026602 -0.833376 0.549078
1772701052.160742760 45.920413 -8.940415 -0.121886 0.057536 -0.026669 -0.833327 0.549132
1772701052.260582685 45.948410 -8.867168 -0.114091 0.058285 -0.026198 -0.832902 0.549720
1772701052.359616756 45.976962 -8.793413 -0.100534 0.059687 -0.026322 -0.832605 0.550013
1772701052.459341764 46.008696 -8.716895 -0.089998 0.059962 -0.025410 -0.832479 0.550215
1772701052.560186625 46.037029 -8.642265 -0.077934 0.061435 -0.026164 -0.832203 0.550435
1772701052.659053564 46.066705 -8.567091 -0.065798 0.061825 -0.025179 -0.832110 0.550579
1772701052.759856701 46.094501 -8.484669 -0.050347 0.061886 -0.025662 -0.832011 0.550699
1772701052.859781742 46.121273 -8.400683 -0.036145 0.062167 -0.026048 -0.831898 0.550820
1772701052.961511612 46.149666 -8.315195 -0.031092 0.062157 -0.025566 -0.831545 0.551377
1772701053.061708689 46.177713 -8.237339 -0.021734 0.062079 -0.026447 -0.831543 0.551347
1772701053.160641670 46.203953 -8.169775 -0.009533 0.062499 -0.025292 -0.831267 0.551769
1772701053.260354757 46.227090 -8.101262 0.001487 0.063064 -0.026032 -0.831054 0.551992
1772701053.359792709 46.251590 -8.038227 0.009322 0.063266 -0.025988 -0.830838 0.552296
1772701053.460011721 46.274830 -7.981067 0.017635 0.063572 -0.025790 -0.830627 0.552587
1772701053.560302734 46.297109 -7.925811 0.022223 0.064407 -0.025163 -0.830496 0.552717
1772701053.660274744 46.321586 -7.868620 0.024552 0.063781 -0.024526 -0.830480 0.552843
1772701053.759856701 46.343830 -7.817539 0.035474 0.065788 -0.024172 -0.830153 0.553112
1772701053.860913754 46.365856 -7.764736 0.043941 0.066399 -0.024167 -0.829963 0.553324
1772701053.961866617 46.388523 -7.708309 0.054329 0.066103 -0.024187 -0.829676 0.553790
1772701054.061244726 46.409970 -7.650505 0.059445 0.066498 -0.024049 -0.829569 0.553909
1772701054.160887718 46.431905 -7.595883 0.069887 0.066803 -0.023324 -0.829616 0.553833
1772701054.262744665 46.455882 -7.538684 0.079344 0.067058 -0.023836 -0.829244 0.554337
1772701054.360778570 46.479068 -7.482109 0.088422 0.066949 -0.022468 -0.829138 0.554566
1772701054.460724592 46.494786 -7.420708 0.100542 0.066730 -0.024200 -0.828769 0.555071
1772701054.560678720 46.511446 -7.362958 0.106420 0.066644 -0.023290 -0.828651 0.555296
1772701054.660972595 46.526055 -7.308951 0.110911 0.067300 -0.022782 -0.828370 0.555657
1772701054.760829687 46.539984 -7.257074 0.119550 0.067479 -0.023068 -0.828150 0.555953
1772701054.862527609 46.556457 -7.204048 0.130557 0.067555 -0.023126 -0.828001 0.556163
1772701054.960846663 46.572074 -7.148660 0.141515 0.067295 -0.023384 -0.827957 0.556249
1772701055.063234568 46.586707 -7.088425 0.147099 0.067248 -0.023912 -0.828353 0.555641
1772701055.161766768 46.600273 -7.036153 0.153021 0.067957 -0.023206 -0.828952 0.554691
1772701055.261360645 46.615014 -6.983249 0.160121 0.068198 -0.022722 -0.830020 0.553083
1772701055.361517668 46.628460 -6.927046 0.169074 0.068172 -0.023449 -0.831102 0.551428
1772701055.461323738 46.645724 -6.870777 0.173715 0.067900 -0.022478 -0.832185 0.549865
1772701055.561606646 46.662740 -6.816174 0.180576 0.068517 -0.022745 -0.832836 0.548791
1772701055.661419630 46.683435 -6.761837 0.187150 0.069187 -0.022224 -0.833102 0.548326
1772701055.761642694 46.752021 -6.641039 0.145865 0.062903 -0.022615 -0.834405 0.547083
1772701055.861661673 46.773534 -6.587945 0.149057 0.064275 -0.022854 -0.834530 0.546723
1772701055.961127758 46.796319 -6.532877 0.158234 0.064481 -0.022660 -0.835211 0.545665
1772701056.062429667 46.817657 -6.474676 0.164176 0.064381 -0.022563 -0.836456 0.543770
1772701056.162669659 46.837629 -6.415749 0.165267 0.064669 -0.022074 -0.837849 0.541608
1772701056.261948586 46.858398 -6.360995 0.173555 0.065189 -0.021792 -0.838820 0.540051
1772701056.362446547 46.881192 -6.305533 0.178029 0.065683 -0.020675 -0.839165 0.539501
1772701056.461996555 46.901577 -6.249050 0.184870 0.066308 -0.021371 -0.839281 0.539216
1772701056.563908577 46.923455 -6.190150 0.193638 0.066535 -0.021528 -0.839441 0.538933
1772701056.661876678 46.945768 -6.131620 0.199297 0.066835 -0.021168 -0.839656 0.538575
1772701056.762441635 46.969494 -6.070057 0.207701 0.067380 -0.021169 -0.839770 0.538329
1772701056.863666773 46.998112 -6.004756 0.216168 0.066947 -0.020622 -0.839736 0.538457
1772701056.964447737 47.025266 -5.940012 0.222641 0.067748 -0.020503 -0.839513 0.538708
1772701057.061945677 47.050178 -5.878292 0.232688 0.067980 -0.021273 -0.839372 0.538868
1772701057.163746595 47.073030 -5.816029 0.243207 0.068198 -0.021717 -0.839046 0.539332
1772701057.262272596 47.095132 -5.756908 0.247805 0.069149 -0.020764 -0.838945 0.539405
1772701057.362495661 47.119482 -5.698154 0.256230 0.069535 -0.020713 -0.838865 0.539483
1772701057.461962700 47.144897 -5.642886 0.266206 0.070121 -0.020712 -0.838804 0.539502
1772701057.563108683 47.173730 -5.585569 0.275197 0.069863 -0.020184 -0.838713 0.539696
1772701057.664313555 47.202230 -5.527161 0.283497 0.070140 -0.021144 -0.838417 0.540083
1772701057.762908697 47.230680 -5.470044 0.290871 0.070585 -0.021390 -0.838312 0.540179
1772701057.862833738 47.261872 -5.411730 0.298726 0.070343 -0.021042 -0.838331 0.540194
1772701057.963915586 47.293832 -5.351729 0.308993 0.070377 -0.021997 -0.838298 0.540202
1772701058.063316584 47.325495 -5.294505 0.316608 0.069953 -0.022559 -0.838172 0.540430
1772701058.163548708 47.352453 -5.243686 0.320331 0.070754 -0.022107 -0.838085 0.540480
1772701058.263898611 47.375909 -5.196698 0.327584 0.070537 -0.022880 -0.837878 0.540797
1772701058.364946604 47.397439 -5.152809 0.332100 0.071263 -0.022439 -0.837854 0.540757
1772701058.463896751 47.416327 -5.107965 0.338476 0.071408 -0.022579 -0.837652 0.541044
1772701058.564095736 47.433689 -5.062706 0.345759 0.071498 -0.022918 -0.837577 0.541135
1772701058.663628578 47.448360 -5.019476 0.350484 0.071648 -0.023059 -0.837448 0.541309
1772701058.764944553 47.462097 -4.974989 0.356599 0.072454 -0.023254 -0.837373 0.541310
1772701058.863929749 47.479949 -4.930070 0.363156 0.072273 -0.023011 -0.837302 0.541454
1772701058.964326620 47.499507 -4.886265 0.368653 0.072354 -0.023387 -0.836969 0.541943
1772701059.063667774 47.517362 -4.846650 0.370793 0.072684 -0.022945 -0.836596 0.542493
1772701059.163865566 47.532025 -4.806920 0.378148 0.073369 -0.024424 -0.835842 0.543497
1772701059.264630556 47.547608 -4.768096 0.383674 0.073887 -0.024016 -0.835204 0.544424
1772701059.363757610 47.566643 -4.725747 0.386574 0.074062 -0.023386 -0.834516 0.545482
1772701059.463404655 47.582721 -4.684519 0.393924 0.074488 -0.024271 -0.833507 0.546927
1772701059.563070774 47.599549 -4.644237 0.398522 0.074619 -0.024670 -0.832328 0.548682
1772701059.665415764 47.618518 -4.604021 0.400926 0.074920 -0.024288 -0.831290 0.550230
1772701059.763536692 47.635436 -4.566983 0.405541 0.075323 -0.024391 -0.829932 0.552218
1772701059.864730597 47.651482 -4.529648 0.410021 0.075654 -0.024817 -0.828371 0.554493
1772701059.963988781 47.665864 -4.495103 0.414249 0.076063 -0.024931 -0.826616 0.557044
1772701060.064135551 47.678815 -4.459201 0.419165 0.076390 -0.025439 -0.824550 0.560030
1772701060.163687706 47.693140 -4.421783 0.422987 0.076913 -0.025249 -0.822509 0.562963
1772701060.264091730 47.708331 -4.382641 0.428567 0.076734 -0.026028 -0.820593 0.565740
1772701060.365553617 47.723762 -4.342322 0.432345 0.077470 -0.026185 -0.818548 0.568587
1772701060.465933561 47.741269 -4.302143 0.437095 0.077503 -0.026723 -0.816261 0.571836
1772701060.564598560 47.756675 -4.263839 0.440844 0.077839 -0.026296 -0.813822 0.575276
1772701060.664679766 47.769177 -4.223810 0.445125 0.078396 -0.026992 -0.811378 0.578612
1772701060.765990734 47.780983 -4.181570 0.447546 0.078472 -0.027786 -0.808828 0.582123
1772701060.865772724 47.792888 -4.140692 0.452127 0.078576 -0.027734 -0.806742 0.584999
1772701060.965342999 47.800723 -4.103195 0.456724 0.079344 -0.028825 -0.804472 0.587961
1772701061.065629721 47.809603 -4.066708 0.459281 0.079929 -0.028752 -0.802292 0.590857
1772701061.165113688 47.818794 -4.028817 0.459654 0.080006 -0.028409 -0.800294 0.593567
1772701061.264960766 47.826240 -3.991208 0.462815 0.080648 -0.029440 -0.798390 0.595988
1772701061.364646673 47.834608 -3.953179 0.464712 0.080893 -0.028829 -0.796477 0.598539
1772701061.465302706 47.842255 -3.914550 0.466272 0.081616 -0.029026 -0.794381 0.601211
1772701061.565431595 47.800946 -3.836240 0.496756 0.073982 -0.020423 -0.792453 0.605085
1772701061.665830612 47.813156 -3.798318 0.499491 0.074544 -0.020363 -0.790412 0.607682
1772701061.765402555 47.827677 -3.759245 0.502895 0.074454 -0.020048 -0.788338 0.610392
1772701061.865985632 47.839810 -3.720059 0.506894 0.075449 -0.020489 -0.786357 0.612806
1772701061.966342688 47.851389 -3.680979 0.512058 0.075846 -0.020639 -0.784454 0.615186
1772701062.067698717 47.860332 -3.642008 0.516443 0.075902 -0.021418 -0.782463 0.617682
1772701062.165032625 47.867474 -3.605483 0.517817 0.076505 -0.021372 -0.780672 0.619873
1772701062.267350674 47.876122 -3.567568 0.522428 0.076648 -0.021203 -0.778863 0.622132
1772701062.368112564 47.882654 -3.531250 0.529489 0.076816 -0.021909 -0.777211 0.624150
1772701062.465832710 47.889549 -3.492409 0.532410 0.076969 -0.021622 -0.775809 0.625882
1772701062.566277742 47.898414 -3.447136 0.536495 0.076744 -0.022238 -0.774097 0.628005
1772701062.665909767 47.907442 -3.403767 0.542407 0.076787 -0.022722 -0.772313 0.630175
1772701062.766103745 47.914699 -3.359993 0.546511 0.076824 -0.023276 -0.770299 0.632611
1772701062.867715597 47.920772 -3.317678 0.548830 0.076928 -0.023017 -0.768386 0.634930
1772701062.965810776 47.926521 -3.279127 0.551067 0.077023 -0.022879 -0.766222 0.637533
1772701063.066481590 47.934051 -3.239699 0.551569 0.076868 -0.023203 -0.763786 0.640456
1772701063.166358709 47.941590 -3.204265 0.552449 0.077657 -0.023261 -0.761492 0.643086
1772701063.266928673 47.949177 -3.168895 0.553729 0.077928 -0.023824 -0.758607 0.646433
1772701063.367185593 47.959493 -3.132077 0.551600 0.077432 -0.023381 -0.755587 0.650035
1772701063.466777563 47.969337 -3.096710 0.552579 0.077813 -0.023781 -0.752478 0.653572
1772701063.568305731 47.978989 -3.058886 0.552255 0.077549 -0.023735 -0.748950 0.657645
1772701063.665987730 47.986340 -3.021195 0.552523 0.077899 -0.023971 -0.745599 0.661393
1772701063.766923666 47.994625 -2.983705 0.550008 0.077689 -0.023519 -0.741549 0.665971
1772701063.866583586 48.000985 -2.951099 0.554957 0.078500 -0.023284 -0.737584 0.670273
1772701063.968562603 48.005082 -2.917836 0.560571 0.078711 -0.024305 -0.733428 0.674757
1772701064.067421675 48.007988 -2.883626 0.561579 0.078744 -0.023416 -0.729333 0.679209
1772701064.167155743 48.006940 -2.846385 0.569177 0.079465 -0.024729 -0.725580 0.683087
1772701064.266677618 48.005920 -2.808151 0.570483 0.079710 -0.024491 -0.721592 0.687279
1772701064.367986679 48.003377 -2.767539 0.569763 0.079756 -0.025322 -0.717549 0.691463
1772701064.466943741 48.003014 -2.727711 0.571455 0.079868 -0.024658 -0.713930 0.695210
1772701064.566712618 48.006244 -2.687751 0.573538 0.079911 -0.025184 -0.709920 0.699281
1772701064.666827679 48.011104 -2.647176 0.574994 0.080377 -0.024754 -0.705841 0.703360
1772701064.767245770 48.016864 -2.603383 0.574856 0.079464 -0.024591 -0.701862 0.707440
1772701064.867796659 48.022395 -2.559777 0.576479 0.079798 -0.024646 -0.697607 0.711596
1772701064.967382669 48.027469 -2.516385 0.577619 0.080241 -0.024527 -0.693831 0.715234
1772701065.067573547 48.030373 -2.476658 0.577311 0.078732 -0.023335 -0.689926 0.719207
1772701065.168814659 48.028798 -2.442729 0.581776 0.079314 -0.024119 -0.685805 0.723049
1772701065.268301725 48.028755 -2.414482 0.581590 0.078039 -0.020553 -0.682549 0.726371
1772701065.367604733 48.022411 -2.388253 0.590594 0.078735 -0.019175 -0.678389 0.730220
1772701065.469266653 48.020186 -2.358194 0.594295 0.080106 -0.017523 -0.674498 0.733709
1772701065.569331646 47.951183 -2.348091 0.553075 0.077808 -0.013238 -0.670762 0.737461
1772701065.668167591 47.946630 -2.310268 0.561642 0.079824 -0.013150 -0.666550 0.741057
1772701065.767434597 47.943337 -2.271777 0.564998 0.080597 -0.012058 -0.662372 0.744729
1772701065.867692709 47.936643 -2.230740 0.571147 0.081185 -0.011607 -0.658347 0.748233
1772701065.969549656 47.922968 -2.188101 0.581718 0.082061 -0.013742 -0.653930 0.751966
1772701066.069467545 47.909375 -2.146849 0.581461 0.082556 -0.013409 -0.649948 0.755362
1772701066.168092728 47.896300 -2.105979 0.579171 0.082193 -0.012947 -0.645652 0.759085
1772701066.269474745 47.879859 -2.069956 0.588396 0.083435 -0.014161 -0.640839 0.762996
1772701066.368769646 47.869014 -2.033200 0.588166 0.083554 -0.014591 -0.636416 0.766668
1772701066.469703674 47.860015 -1.994005 0.589802 0.082655 -0.014702 -0.631807 0.770566
1772701066.568525553 47.851715 -1.955101 0.593915 0.082545 -0.015213 -0.627357 0.774195
1772701066.668271780 47.844536 -1.914855 0.594351 0.082302 -0.015715 -0.623147 0.777604
1772701066.769084692 47.839264 -1.873426 0.597189 0.081267 -0.015040 -0.618700 0.781268
1772701066.868179560 47.829831 -1.833101 0.605661 0.080975 -0.016687 -0.614366 0.784677
1772701066.968452692 47.825455 -1.791777 0.601697 0.079360 -0.015567 -0.610192 0.788115
1772701067.068568707 47.814985 -1.758235 0.607759 0.078639 -0.015189 -0.605902 0.791497
1772701067.170667648 47.806270 -1.722915 0.612684 0.078193 -0.014671 -0.601599 0.794827
1772701067.269714594 47.799969 -1.686453 0.613121 0.076773 -0.014630 -0.597416 0.798114
1772701067.370215654 47.788863 -1.652412 0.615419 0.075050 -0.014666 -0.592842 0.801680
1772701067.468818665 47.774696 -1.623604 0.623860 0.076979 -0.013610 -0.589651 0.803866
1772701067.569331646 47.765917 -1.580758 0.621234 0.074847 -0.013228 -0.585782 0.806897
1772701067.668683767 47.757943 -1.532876 0.622956 0.074106 -0.012775 -0.581910 0.809769
1772701067.770450592 47.745419 -1.486906 0.634046 0.073633 -0.013228 -0.577161 0.813196
1772701067.868906736 47.732356 -1.443644 0.638888 0.072389 -0.013461 -0.572935 0.816287
1772701067.969724655 47.714818 -1.399755 0.646084 0.071181 -0.014086 -0.568492 0.819483
1772701068.071360588 47.692943 -1.356470 0.652955 0.070083 -0.015217 -0.564205 0.822514
1772701068.170253754 47.635386 -1.433847 0.281106 0.073155 -0.045695 -0.556493 0.826363
1772701068.270316601 47.610118 -1.391367 0.285070 0.072052 -0.046885 -0.552056 0.829364
1772701068.370518684 47.587489 -1.349654 0.282438 0.070413 -0.047560 -0.547656 0.832378
1772701068.470770597 47.565855 -1.309758 0.281672 0.069278 -0.047997 -0.543110 0.835421
1772701068.570671558 47.542569 -1.271892 0.286201 0.068350 -0.048885 -0.538067 0.838703
1772701068.670923710 47.522073 -1.234889 0.282660 0.066841 -0.049747 -0.533627 0.841606
1772701068.769879580 47.501754 -1.201509 0.281595 0.065959 -0.050161 -0.529007 0.844562
1772701068.871804714 47.479258 -1.167526 0.280386 0.065212 -0.050637 -0.524500 0.847398
1772701068.970322609 47.456327 -1.137205 0.278744 0.064450 -0.051370 -0.519658 0.850389
1772701069.069793701 47.434329 -1.108385 0.273046 0.064020 -0.051771 -0.515116 0.853157
1772701069.171501637 47.413551 -1.075855 0.267954 0.063022 -0.052322 -0.509505 0.856560
1772701069.270596743 47.394778 -1.042929 0.261988 0.062194 -0.052672 -0.503277 0.860273
1772701069.371408701 47.374050 -1.011546 0.261459 0.061761 -0.052887 -0.496465 0.864240
1772701069.470575571 47.352590 -0.980608 0.260911 0.061137 -0.053763 -0.489465 0.868214
1772701069.571009636 47.329315 -0.951967 0.254322 0.060114 -0.054009 -0.482128 0.872365
1772701069.671415567 47.304277 -0.927752 0.251737 0.059973 -0.054853 -0.474752 0.876359
1772701069.770456553 47.283099 -0.901481 0.241708 0.058945 -0.055121 -0.467105 0.880511
1772701069.870850563 47.257446 -0.878498 0.237601 0.058098 -0.055616 -0.459178 0.884696
1772701069.971779108 47.228428 -0.856590 0.234945 0.057738 -0.056191 -0.451056 0.888852
1772701070.071088552 47.203048 -0.832601 0.221481 0.056774 -0.056335 -0.443181 0.892857
1772701070.170862675 47.174168 -0.810881 0.223199 0.056454 -0.057308 -0.435199 0.896733
1772701070.271404743 47.149611 -0.787715 0.210003 0.055462 -0.057218 -0.427346 0.900569
1772701070.371212482 47.123594 -0.765007 0.208460 0.055133 -0.057583 -0.419206 0.904384
1772701070.471120596 47.097164 -0.739339 0.202680 0.054304 -0.057697 -0.411139 0.908123
1772701070.571006536 47.067403 -0.715036 0.200964 0.053828 -0.058224 -0.403440 0.911564
1772701070.670937538 47.039201 -0.690436 0.191614 0.053131 -0.058347 -0.395466 0.915084
1772701070.770885468 47.009878 -0.664713 0.186115 0.052154 -0.058433 -0.387545 0.918517
1772701070.870930910 46.979218 -0.641364 0.182843 0.051793 -0.058751 -0.379457 0.921888
1772701070.971003771 46.948246 -0.618050 0.179021 0.050883 -0.059065 -0.371359 0.925210
1772701071.071066618 46.916104 -0.593961 0.175159 0.050473 -0.059283 -0.363489 0.928339
1772701071.171111584 46.881876 -0.571038 0.170066 0.049813 -0.059551 -0.356021 0.931247
1772701071.271149874 46.849229 -0.548511 0.162787 0.049224 -0.059669 -0.348482 0.934118
1772701071.371125698 46.817700 -0.527499 0.157350 0.048446 -0.059662 -0.340841 0.936974
1772701071.471100807 46.786766 -0.506647 0.154849 0.047784 -0.059795 -0.333183 0.939750
1772701071.571063995 46.757086 -0.486707 0.153020 0.047121 -0.059828 -0.325563 0.942448
1772701071.671056509 46.728182 -0.466473 0.150344 0.046598 -0.059704 -0.318204 0.944992
1772701071.771084070 46.699558 -0.444950 0.145897 0.045491 -0.059870 -0.310659 0.947543
1772701071.871156931 46.669889 -0.426010 0.144846 0.045027 -0.059765 -0.303540 0.949876
1772701071.971260309 46.645847 -0.411828 0.138604 0.043957 -0.059776 -0.296167 0.952250
1772701071.973208666 46.623572 -0.395773 0.144921 0.042989 -0.059511 -0.296338 0.952257
1772701072.171354294 46.566973 -0.366171 0.138483 0.042487 -0.059806 -0.281639 0.956712
1772701072.271294594 46.538948 -0.351292 0.130246 0.041541 -0.059673 -0.274295 0.958893
1772701072.371240377 46.506126 -0.335858 0.125187 0.040222 -0.059408 -0.267020 0.961017
1772701072.471234322 46.470750 -0.323299 0.124499 0.039743 -0.059402 -0.259668 0.963049
1772701072.571285486 46.436610 -0.308366 0.119840 0.038479 -0.059100 -0.252294 0.965077
1772701072.671325207 46.403643 -0.291320 0.116120 0.037238 -0.058565 -0.245018 0.967031
1772701072.771385431 46.388958 -0.199002 0.540352 0.040432 -0.029279 -0.240677 0.969321
1772701072.871402979 46.355274 -0.186462 0.539120 0.040060 -0.028977 -0.233353 0.971134
1772701072.971453667 46.322680 -0.173740 0.534725 0.038688 -0.028308 -0.226038 0.972938
1772701073.071503401 46.289668 -0.160477 0.532450 0.037755 -0.028061 -0.218271 0.974754
1772701073.171546459 46.256950 -0.148540 0.530413 0.037070 -0.027758 -0.210871 0.976416
1772701073.271553993 46.224186 -0.135794 0.525766 0.036000 -0.027351 -0.202967 0.978141
1772701073.371622801 46.189832 -0.125864 0.525429 0.035736 -0.027247 -0.195407 0.979692
1772701073.471685648 46.155576 -0.111802 0.517020 0.034520 -0.026401 -0.187812 0.981243
1772701073.571799040 46.116383 -0.100829 0.514627 0.034357 -0.026856 -0.179967 0.982706
1772701073.671917439 46.076955 -0.090367 0.508839 0.033330 -0.026261 -0.171941 0.984193
1772701073.772061110 46.036500 -0.082879 0.509344 0.032927 -0.026631 -0.164196 0.985518
1772701073.872217655 45.996115 -0.072396 0.503122 0.031814 -0.026304 -0.156554 0.986806
1772701073.972262621 45.955112 -0.063877 0.498554 0.031256 -0.026275 -0.148506 0.988068
1772701074.072379351 45.915182 -0.058752 0.498502 0.030531 -0.026375 -0.140368 0.989277
1772701074.172399759 45.876368 -0.053766 0.495763 0.029892 -0.026341 -0.132526 0.990379
1772701074.272434711 45.836485 -0.049021 0.494258 0.029228 -0.026669 -0.124427 0.991440
1772701074.372349024 45.794488 -0.044628 0.491684 0.028651 -0.027125 -0.116366 0.992423
1772701074.472192049 45.750299 -0.042734 0.490125 0.028188 -0.027455 -0.108661 0.993300
1772701074.572036982 45.707668 -0.041472 0.486159 0.026921 -0.027860 -0.100482 0.994184
1772701074.671866179 45.666449 -0.040575 0.482852 0.026265 -0.028106 -0.092691 0.994952
1772701074.771827459 45.624732 -0.040821 0.481458 0.025632 -0.028712 -0.085518 0.995593
1772701074.871794462 45.584302 -0.041767 0.479058 0.024891 -0.028847 -0.079036 0.996143
1772701074.971942425 45.546154 -0.043544 0.477393 0.024786 -0.029546 -0.072653 0.996611
1772701075.072036982 45.508533 -0.043468 0.472233 0.023922 -0.029727 -0.066650 0.997047
1772701075.171998024 45.469739 -0.047100 0.471662 0.023539 -0.030358 -0.060291 0.997441
1772701075.272027731 45.430921 -0.047961 0.467612 0.022794 -0.030084 -0.054380 0.997807
1772701075.371973038 45.391708 -0.049422 0.466589 0.023225 -0.030908 -0.048878 0.998056
1772701075.471960545 45.354411 -0.044605 0.459449 0.021827 -0.030890 -0.043114 0.998354
1772701075.571856499 45.317886 -0.042605 0.456267 0.021610 -0.030958 -0.036925 0.998605
1772701075.671764135 45.281700 -0.039287 0.451763 0.020948 -0.031131 -0.031104 0.998812
1772701075.771730900 45.245850 -0.035606 0.445442 0.020275 -0.031067 -0.025733 0.998980
1772701075.871694803 45.208043 -0.037512 0.445099 0.020481 -0.031481 -0.021584 0.999062
1772701075.971643686 45.172162 -0.037568 0.437950 0.019457 -0.031076 -0.017474 0.999175
1772701076.071604490 45.136067 -0.037948 0.433304 0.018941 -0.031202 -0.012936 0.999250
1772701076.171511889 45.100821 -0.041648 0.429983 0.018496 -0.031011 -0.008064 0.999315
1772701076.271475554 45.066246 -0.048713 0.426910 0.018309 -0.031019 -0.003341 0.999346
1772701076.371464014 45.032167 -0.052152 0.419818 0.017810 -0.031222 0.001312 0.999353
1772701076.471496820 44.999135 -0.058150 0.414482 0.017195 -0.030856 0.005378 0.999362
1772701076.571530819 44.965389 -0.065882 0.411739 0.017372 -0.030821 0.009744 0.999327
1772701076.671658993 44.932510 -0.071942 0.405929 0.017043 -0.030579 0.013112 0.999301
1772701076.771782637 44.898205 -0.073784 0.401589 0.016687 -0.030171 0.015843 0.999280
1772701076.871885777 44.863955 -0.077192 0.397679 0.016580 -0.029977 0.017228 0.999265
1772701076.971957445 44.828657 -0.080127 0.394337 0.016622 -0.030173 0.018748 0.999231
1772701077.071947575 44.792151 -0.083126 0.390948 0.016638 -0.029810 0.019256 0.999232
1772701077.171896696 44.753064 -0.083872 0.388384 0.016745 -0.030100 0.019322 0.999220
1772701077.271794558 44.714652 -0.080310 0.381488 0.016300 -0.029814 0.017538 0.999269
1772701077.371662855 44.676138 -0.079747 0.379020 0.016569 -0.029767 0.014962 0.999308
1772701077.471569300 44.640262 -0.079989 0.376863 0.016987 -0.029386 0.011070 0.999363
1772701077.571423054 44.612950 -0.082834 0.371724 0.016775 -0.029702 0.006253 0.999399
1772701077.576399565 44.583749 -0.066447 0.375550 0.016574 -0.030093 0.005749 0.999393
1772701077.771145105 44.516901 -0.070225 0.366423 0.016848 -0.029282 -0.003211 0.999424
1772701077.871021509 44.479662 -0.071818 0.364001 0.016652 -0.029455 -0.007407 0.999400
1772701077.970930576 44.439937 -0.072446 0.360917 0.016569 -0.029475 -0.010756 0.999370
1772701078.070859194 44.400936 -0.072432 0.359729 0.016618 -0.029290 -0.013690 0.999339
1772701078.170855284 44.362848 -0.072011 0.358704 0.016775 -0.029288 -0.017069 0.999285
1772701078.270852089 44.325147 -0.072088 0.358425 0.016725 -0.029218 -0.021012 0.999212
1772701078.370923042 44.288927 -0.071741 0.356068 0.016992 -0.029062 -0.025272 0.999114
1772701078.470971584 44.286937 -0.073146 0.362786 0.017852 -0.029058 -0.030199 0.998962
1772701078.477359772 44.252418 -0.061548 0.366474 0.017263 -0.029417 -0.030888 0.998941
1772701078.670828819 44.189662 -0.057893 0.361606 0.017395 -0.028572 -0.034972 0.998828
1772701078.770783663 44.156970 -0.057419 0.363624 0.017481 -0.028102 -0.036406 0.998789
1772701078.870714903 44.123203 -0.051574 0.360466 0.017006 -0.027981 -0.037497 0.998760
1772701078.970696449 44.089637 -0.046230 0.359613 0.016694 -0.028341 -0.038160 0.998730
1772701079.070657492 44.053675 -0.040641 0.360399 0.016455 -0.027785 -0.038385 0.998741
1772701079.170695066 44.015549 -0.032730 0.358505 0.016053 -0.027129 -0.039476 0.998723
1772701079.270853519 43.976596 -0.028556 0.359099 0.015495 -0.026648 -0.041115 0.998679
1772701079.370892763 43.937620 -0.022163 0.358483 0.015339 -0.026299 -0.042055 0.998651
1772701079.470917940 43.896531 -0.016190 0.359317 0.015165 -0.026315 -0.041886 0.998661
1772701079.570936203 43.853020 -0.010140 0.361056 0.015003 -0.026038 -0.042559 0.998642
1772701079.670876980 43.810851 -0.004834 0.358714 0.014851 -0.025819 -0.042553 0.998650
1772701079.770883322 43.768458 0.000471 0.353990 0.014017 -0.025600 -0.043214 0.998639
1772701079.871072292 43.724375 0.004695 0.356193 0.014234 -0.025427 -0.042915 0.998654
1772701079.970901489 43.681574 0.008090 0.354784 0.013725 -0.024793 -0.042977 0.998674
1772701080.070947170 43.635285 0.013085 0.351279 0.013746 -0.025057 -0.042802 0.998675
1772701080.171008110 43.587388 0.014906 0.352057 0.013619 -0.025178 -0.042954 0.998667
1772701080.271027803 43.539279 0.019158 0.346481 0.012775 -0.024819 -0.043410 0.998667
1772701080.371159077 43.489041 0.021940 0.347080 0.013098 -0.024704 -0.043691 0.998654
1772701080.471359491 43.438335 0.025312 0.344251 0.012793 -0.024597 -0.044948 0.998605
1772701080.571542501 43.390386 0.031501 0.339208 0.012276 -0.024127 -0.045972 0.998576
1772701080.671694517 43.343495 0.039864 0.333172 0.011637 -0.023591 -0.047245 0.998537
1772701080.771778345 43.293832 0.043578 0.336225 0.011705 -0.023880 -0.048368 0.998475
1772701080.871755123 43.247141 0.051348 0.327330 0.010902 -0.023523 -0.049802 0.998422
1772701080.971728325 43.198869 0.054924 0.327920 0.011190 -0.023825 -0.050793 0.998362
1772701081.071727276 43.153074 0.058377 0.323704 0.010354 -0.023352 -0.051817 0.998330
1772701081.171667814 43.106037 0.063896 0.320832 0.009613 -0.023386 -0.053089 0.998270
1772701081.271682739 43.058445 0.070609 0.316458 0.009435 -0.023003 -0.054229 0.998219
1772701081.371626377 43.011414 0.072047 0.316523 0.009489 -0.023404 -0.055343 0.998148
1772701081.471687078 42.973159 0.075800 0.308398 0.009001 -0.023260 -0.056468 0.998093
1772701081.478905678 42.934141 0.086569 0.313019 0.008450 -0.024205 -0.056847 0.998054
1772701081.671548128 42.850236 0.091139 0.305753 0.008607 -0.023346 -0.057450 0.998038
1772701081.771526098 42.804022 0.096164 0.300775 0.008367 -0.023785 -0.058119 0.997991
1772701081.871266127 42.756635 0.101340 0.295566 0.007688 -0.024203 -0.058148 0.997985
1772701081.971086502 42.707290 0.104005 0.295365 0.007461 -0.024445 -0.057729 0.998005
1772701082.070953369 42.658867 0.111487 0.287316 0.006580 -0.024314 -0.055583 0.998136
1772701082.170985699 42.611867 0.119432 0.283697 0.006120 -0.024578 -0.054360 0.998200
1772701082.271080017 42.566223 0.123849 0.281272 0.006163 -0.024514 -0.053975 0.998222
1772701082.371226788 42.520479 0.127927 0.279511 0.005479 -0.024704 -0.053406 0.998252
1772701082.471438646 42.475084 0.134348 0.273457 0.005144 -0.024667 -0.052837 0.998285
1772701082.571627855 42.430372 0.138587 0.274157 0.005080 -0.024672 -0.052308 0.998313
1772701082.671736002 42.387284 0.146148 0.267962 0.004477 -0.024456 -0.050722 0.998403
1772701082.771729946 42.344669 0.151390 0.266799 0.004483 -0.024185 -0.048709 0.998510
1772701082.871689081 42.302931 0.157180 0.260201 0.003832 -0.023838 -0.046621 0.998621
1772701082.971632957 42.258742 0.160772 0.257829 0.003540 -0.024027 -0.044406 0.998718
1772701083.071485996 42.214670 0.163572 0.254911 0.002934 -0.023420 -0.041706 0.998851
1772701083.171396017 42.169022 0.164611 0.255018 0.002812 -0.023480 -0.039221 0.998951
1772701083.271355867 42.122863 0.170626 0.247528 0.002523 -0.023411 -0.036569 0.999054
1772701083.371354580 42.077094 0.174477 0.242437 0.002109 -0.023106 -0.034837 0.999124
1772701083.471386671 42.031698 0.179599 0.237420 0.001580 -0.022867 -0.033221 0.999185
1772701083.571431637 41.986359 0.180383 0.238195 0.001661 -0.022841 -0.030759 0.999264
1772701083.671519041 41.769637 -0.022845 -0.344952 -0.006276 -0.052477 -0.023248 0.998332
1772701083.681644678 41.740258 -0.022517 -0.349493 -0.006037 -0.052387 -0.023140 0.998341
1772701083.871685505 41.656154 -0.025231 -0.358853 -0.006429 -0.052330 -0.019922 0.998410
1772701083.971745729 41.613798 -0.028098 -0.362261 -0.006546 -0.052326 -0.019215 0.998424
1772701084.071716785 41.569349 -0.029302 -0.371109 -0.006588 -0.052067 -0.018867 0.998444
1772701084.171653748 41.523264 -0.031354 -0.380716 -0.006384 -0.051724 -0.018257 0.998474
1772701084.271534204 41.471560 -0.035531 -0.382843 -0.006235 -0.052021 -0.017859 0.998467
1772701084.371400833 41.420566 -0.033018 -0.393868 -0.006456 -0.051194 -0.017314 0.998518
1772701084.471337795 41.366921 -0.034315 -0.400814 -0.006079 -0.051894 -0.017341 0.998484
1772701084.571337700 41.312921 -0.033937 -0.411551 -0.006460 -0.051330 -0.017488 0.998508
1772701084.671311378 41.258622 -0.034257 -0.419115 -0.006285 -0.051289 -0.017088 0.998518
1772701084.771263361 41.201757 -0.035061 -0.423290 -0.006332 -0.051152 -0.015625 0.998549
1772701084.871197224 41.144835 -0.033234 -0.432080 -0.006436 -0.050830 -0.014023 0.998588
1772701084.971178770 41.087806 -0.033860 -0.440958 -0.006711 -0.050873 -0.012229 0.998608
1772701085.071188211 41.031174 -0.037704 -0.448407 -0.006532 -0.050520 -0.009865 0.998653
1772701085.171201706 40.972465 -0.038850 -0.457131 -0.007065 -0.049772 -0.007615 0.998707
1772701085.271157265 40.907788 -0.037664 -0.460302 -0.006096 -0.049546 -0.004720 0.998742
1772701085.371268034 40.842703 -0.043907 -0.467226 -0.007175 -0.049816 -0.003962 0.998725
1772701085.471088886 40.777563 -0.045812 -0.480572 -0.007150 -0.049121 -0.001839 0.998766
1772701085.571093559 40.714495 -0.048302 -0.488055 -0.007135 -0.049308 0.000062 0.998758
1772701085.671066046 40.653597 -0.047204 -0.501532 -0.007980 -0.048731 0.001436 0.998779
1772701085.771090269 40.591060 -0.047685 -0.510854 -0.007678 -0.048783 0.002144 0.998778
1772701085.871022701 40.526154 -0.047942 -0.526178 -0.008116 -0.048577 0.002904 0.998782
1772701085.970951557 40.457179 -0.053850 -0.543637 -0.008351 -0.048330 0.002862 0.998793
1772701086.070869923 40.382891 -0.067295 -0.560223 -0.008749 -0.048015 0.003407 0.998803
1772701086.170789480 40.317557 -0.073745 -0.590747 -0.008385 -0.048309 0.003686 0.998790
1772701086.270829916 40.254660 -0.077087 -0.580155 -0.008281 -0.048162 0.004074 0.998797
1772701086.370793104 40.196920 -0.077387 -0.578184 -0.008139 -0.048047 0.004536 0.998802
1772701086.470829725 40.135917 -0.077780 -0.582989 -0.008362 -0.048161 0.004265 0.998795
1772701086.570891619 40.069416 -0.083622 -0.582486 -0.008003 -0.048687 0.004370 0.998772
1772701086.670946121 40.001953 -0.084118 -0.592132 -0.008373 -0.048434 0.004863 0.998779
1772701086.771014690 39.934505 -0.085673 -0.594223 -0.008382 -0.048487 0.004981 0.998776
1772701086.871109486 39.868100 -0.083031 -0.597564 -0.008230 -0.048626 0.004984 0.998771
1772701086.971139431 39.804247 -0.077503 -0.602418 -0.008683 -0.048595 0.004994 0.998768
1772701087.071171522 39.742033 -0.072704 -0.604700 -0.008492 -0.048557 0.005159 0.998771
1772701087.171167135 39.681756 -0.069094 -0.602243 -0.008506 -0.048083 0.005441 0.998792
1772701087.271195889 39.621404 -0.065422 -0.606146 -0.008990 -0.047441 0.005917 0.998816
1772701087.371286154 39.556112 -0.071500 -0.603374 -0.008288 -0.048521 0.005098 0.998775
1772701087.471296787 39.492308 -0.061129 -0.611687 -0.008898 -0.047851 0.005346 0.998801
1772701087.571303844 39.427193 -0.060928 -0.610427 -0.009068 -0.048044 0.005897 0.998787
1772701087.671308756 39.361334 -0.058717 -0.619192 -0.009357 -0.047792 0.006507 0.998792
1772701087.771334171 39.294474 -0.062269 -0.617182 -0.009230 -0.047640 0.006816 0.998799
1772701087.871353149 39.172763 -0.068202 -0.628510 -0.008459 -0.047918 0.007052 0.998791
1772701087.971583843 39.108446 -0.068473 -0.630736 -0.008541 -0.047544 0.007667 0.998803
1772701088.071685314 39.043485 -0.066931 -0.631713 -0.008250 -0.046926 0.007417 0.998837
1772701088.171602726 38.981318 -0.066438 -0.631546 -0.008252 -0.046280 0.007746 0.998865
1772701088.271476030 38.920604 -0.066650 -0.631739 -0.007888 -0.045678 0.008015 0.998893
1772701088.371295214 38.857300 -0.065564 -0.629056 -0.007908 -0.045380 0.008126 0.998906
1772701088.471282721 38.793930 -0.061291 -0.630208 -0.007534 -0.044776 0.008052 0.998936
1772701088.571258545 38.731651 -0.057447 -0.633576 -0.007292 -0.044295 0.006886 0.998968
1772701088.671247005 38.669015 -0.055769 -0.635558 -0.007445 -0.044054 0.003856 0.998994
1772701088.771226645 38.604435 -0.053901 -0.635740 -0.007105 -0.043510 0.000633 0.999028
1772701088.871233463 38.539241 -0.053704 -0.638611 -0.006503 -0.042953 -0.003780 0.999049
1772701088.971269131 38.471924 -0.051771 -0.642213 -0.006134 -0.042730 -0.010392 0.999014
1772701089.071309566 38.405181 -0.051543 -0.645514 -0.005812 -0.042429 -0.017441 0.998931
1772701089.171304941 38.335755 -0.054669 -0.648401 -0.004919 -0.042006 -0.025811 0.998772
1772701089.271323442 38.265931 -0.057276 -0.652888 -0.004348 -0.041883 -0.036186 0.998458
1772701089.371314049 38.198066 -0.055861 -0.656411 -0.003797 -0.041513 -0.047145 0.998018
1772701089.471276760 38.129852 -0.051481 -0.660567 -0.003229 -0.041466 -0.058312 0.997432
1772701089.571460009 38.061460 -0.044669 -0.663632 -0.002936 -0.041556 -0.069264 0.996728
1772701089.671230793 37.993457 -0.031530 -0.667114 -0.002676 -0.041839 -0.077359 0.996121
1772701089.771181345 37.924803 -0.017253 -0.670061 -0.002582 -0.041673 -0.082494 0.995717
1772701089.871124029 37.854431 -0.000592 -0.675231 -0.002296 -0.042117 -0.085112 0.995478
1772701089.971016407 37.784770 0.015885 -0.677063 -0.002583 -0.041899 -0.086828 0.995339
1772701090.070993423 37.719909 0.033588 -0.683168 -0.002522 -0.041772 -0.088591 0.995189
1772701090.171024561 37.657718 0.050434 -0.685138 -0.002388 -0.041642 -0.090924 0.994984
1772701090.271070480 37.593746 0.064187 -0.680354 -0.002156 -0.041806 -0.092754 0.994809
1772701090.371077061 37.530937 0.077821 -0.683166 -0.002318 -0.041426 -0.093140 0.994788
1772701090.471169949 37.468399 0.090951 -0.685927 -0.002516 -0.041207 -0.093379 0.994775
1772701090.571187019 37.406729 0.100143 -0.686120 -0.002327 -0.041322 -0.093729 0.994737
1772701090.671252728 37.344714 0.109244 -0.690072 -0.002626 -0.041225 -0.093792 0.994735
1772701090.771330595 37.282335 0.119971 -0.688173 -0.002598 -0.041061 -0.093759 0.994745
1772701090.871407032 37.221793 0.134415 -0.693179 -0.002639 -0.041070 -0.093541 0.994765
1772701090.971407413 37.160307 0.146536 -0.694152 -0.002974 -0.040957 -0.092225 0.994891
1772701091.071307182 37.097801 0.154500 -0.690058 -0.002817 -0.040884 -0.087029 0.995363
1772701091.171246529 37.034107 0.162468 -0.690090 -0.002707 -0.040688 -0.080811 0.995895
1772701091.271376610 36.968050 0.173756 -0.695277 -0.002968 -0.040941 -0.077630 0.996137
1772701091.371491432 36.900070 0.185092 -0.692056 -0.002794 -0.041113 -0.076297 0.996233
1772701091.471514702 36.832998 0.197253 -0.692511 -0.002871 -0.041493 -0.074509 0.996353
1772701091.571436644 36.768826 0.211407 -0.694959 -0.002878 -0.041237 -0.073296 0.996453
1772701091.671298265 36.705139 0.224130 -0.694846 -0.003143 -0.041317 -0.072009 0.996543
1772701091.771173954 36.642156 0.233927 -0.691549 -0.003051 -0.041316 -0.071439 0.996584
1772701091.870997429 36.496191 0.263730 -0.721329 -0.000201 -0.043485 -0.070103 0.996591
1772701091.970910788 36.435702 0.273911 -0.723584 -0.000557 -0.043478 -0.069843 0.996610
1772701092.070903778 36.376522 0.283439 -0.722084 -0.000642 -0.043000 -0.069341 0.996666
1772701092.170825720 36.316182 0.289780 -0.717905 -0.000060 -0.042990 -0.067456 0.996795
1772701092.270787954 36.257064 0.298892 -0.719592 -0.000433 -0.042635 -0.065242 0.996958
1772701092.370818138 36.196476 0.304447 -0.715378 -0.000260 -0.042704 -0.064903 0.996977
1772701092.470831394 36.137566 0.312563 -0.720641 -0.000518 -0.042529 -0.064392 0.997018
1772701092.570821285 36.078069 0.322737 -0.721655 -0.000561 -0.042351 -0.063639 0.997074
1772701092.670817614 36.015471 0.330789 -0.719677 -0.000887 -0.042671 -0.063072 0.997096
1772701092.770765305 35.952458 0.338176 -0.718930 -0.001297 -0.043209 -0.061957 0.997142
1772701092.870626450 35.892235 0.350498 -0.725350 -0.001842 -0.042826 -0.058914 0.997342
1772701092.970628262 35.830478 0.358291 -0.721386 -0.001560 -0.042732 -0.057540 0.997427
1772701093.070613861 35.770893 0.367825 -0.720448 -0.001983 -0.042420 -0.057225 0.997458
1772701093.170684338 35.711471 0.378238 -0.719606 -0.002256 -0.042824 -0.056607 0.997475
1772701093.270609856 35.652415 0.387971 -0.719820 -0.002283 -0.042611 -0.056075 0.997514
1772701093.370532274 35.593006 0.397681 -0.718684 -0.002581 -0.042586 -0.055919 0.997523
1772701093.470490456 35.529310 0.407434 -0.716384 -0.003042 -0.042571 -0.054631 0.997594
1772701093.570443153 35.463715 0.415344 -0.713109 -0.003131 -0.042565 -0.052232 0.997723
1772701093.670510292 35.397802 0.421554 -0.715148 -0.003347 -0.042609 -0.052313 0.997716
1772701093.770556211 35.329846 0.427739 -0.717704 -0.003491 -0.042892 -0.051380 0.997751
1772701093.870587587 35.260502 0.430439 -0.714785 -0.003481 -0.042945 -0.050768 0.997780
1772701093.970599890 35.193781 0.435189 -0.709560 -0.003065 -0.042338 -0.050527 0.997820
1772701094.070614815 35.126467 0.450183 -0.719868 -0.004699 -0.042373 -0.050742 0.997801
1772701094.170641422 35.055527 0.452555 -0.713922 -0.003582 -0.042093 -0.049828 0.997864
1772701094.270678997 34.984635 0.459367 -0.714762 -0.004584 -0.042777 -0.049582 0.997843
1772701094.370714426 34.915564 0.465332 -0.719051 -0.004574 -0.042066 -0.049420 0.997881
1772701094.470730066 34.845180 0.469858 -0.715538 -0.004743 -0.041982 -0.049113 0.997899
1772701094.570796967 34.777433 0.473311 -0.714450 -0.004644 -0.042301 -0.048990 0.997892
1772701094.670827866 34.715653 0.481734 -0.725563 -0.005517 -0.041329 -0.049057 0.997925
1772701094.770858765 34.654469 0.482660 -0.718247 -0.005137 -0.041346 -0.048644 0.997947
1772701094.870862007 34.597586 0.484625 -0.716276 -0.005643 -0.040814 -0.048170 0.997989
1772701094.970851898 34.541283 0.487232 -0.715618 -0.005525 -0.040648 -0.047745 0.998017
1772701095.070898056 34.485465 0.492396 -0.717462 -0.005958 -0.040275 -0.047620 0.998035
1772701095.170961618 34.429572 0.494656 -0.718007 -0.005758 -0.040119 -0.047502 0.998048
1772701095.271082163 34.372906 0.499033 -0.719874 -0.005991 -0.039922 -0.047350 0.998062
1772701095.371340036 34.316034 0.507456 -0.716279 -0.006207 -0.038929 -0.046365 0.998146
1772701095.471522093 34.258362 0.520904 -0.708721 -0.007164 -0.037744 -0.045726 0.998215
1772701095.571583509 34.167162 0.544754 -0.728289 -0.005394 -0.038406 -0.044897 0.998238
1772701095.671511412 34.107804 0.549521 -0.725720 -0.005046 -0.038163 -0.044925 0.998248
1772701095.771491051 34.049631 0.550363 -0.725579 -0.005458 -0.037521 -0.044478 0.998291
1772701095.871405602 33.989693 0.546537 -0.721639 -0.005276 -0.037802 -0.044060 0.998299
1772701095.971322775 33.925747 0.540796 -0.720163 -0.004744 -0.037475 -0.043804 0.998326
1772701096.071229696 33.857063 0.538715 -0.727139 -0.004611 -0.037759 -0.044143 0.998301
1772701096.171137571 33.783231 0.538732 -0.740812 -0.004980 -0.038441 -0.043840 0.998286
1772701096.271255016 33.706488 0.537458 -0.744312 -0.004008 -0.038826 -0.043435 0.998293
1772701096.371315241 33.628836 0.540344 -0.752150 -0.004527 -0.039035 -0.042847 0.998308
1772701096.471294165 33.550462 0.540635 -0.756313 -0.004191 -0.039523 -0.042346 0.998312
1772701096.571211576 33.472552 0.543730 -0.758983 -0.004259 -0.039775 -0.041728 0.998328
1772701096.671045780 33.397706 0.548354 -0.760749 -0.003520 -0.040013 -0.041767 0.998320
1772701096.770941257 33.324824 0.554204 -0.763957 -0.003902 -0.040150 -0.041701 0.998315
1772701096.870824337 33.253111 0.557023 -0.762835 -0.003604 -0.040182 -0.041083 0.998341
1772701096.970870495 33.185491 0.561027 -0.762570 -0.003685 -0.039858 -0.041081 0.998354
1772701097.070889235 33.120851 0.564868 -0.765159 -0.003627 -0.040047 -0.040376 0.998375
1772701097.170954704 33.054452 0.566156 -0.762906 -0.003419 -0.040119 -0.040118 0.998383
1772701097.271014214 32.986612 0.568921 -0.763945 -0.003695 -0.040192 -0.039839 0.998391
1772701097.370999575 32.919351 0.571976 -0.763133 -0.003227 -0.040423 -0.039590 0.998393
1772701097.470966101 32.854667 0.579853 -0.764985 -0.003505 -0.039747 -0.039301 0.998430
1772701097.570972919 32.787611 0.587009 -0.762578 -0.003525 -0.040073 -0.038713 0.998440
1772701097.671037912 32.720444 0.595322 -0.765197 -0.003588 -0.040140 -0.038383 0.998450
1772701097.771116018 32.655247 0.601425 -0.761581 -0.003101 -0.039595 -0.038104 0.998484
1772701097.871200562 32.590987 0.611522 -0.760799 -0.003352 -0.039125 -0.037561 0.998522
1772701097.971268654 32.525225 0.619334 -0.759136 -0.003302 -0.039629 -0.037246 0.998514
1772701098.071351528 32.458088 0.627357 -0.759836 -0.003282 -0.039284 -0.037217 0.998529
1772701098.171450377 32.387851 0.634055 -0.759580 -0.003513 -0.039846 -0.036804 0.998522
1772701098.271481037 32.313713 0.638722 -0.758629 -0.003026 -0.039044 -0.035770 0.998592
1772701098.371405840 32.236682 0.642874 -0.757594 -0.003228 -0.039117 -0.034013 0.998650
1772701098.471350908 32.159582 0.646992 -0.757824 -0.002953 -0.039234 -0.032311 0.998703
1772701098.571243763 32.082813 0.651658 -0.759648 -0.003448 -0.039343 -0.030376 0.998758
1772701098.671093225 32.007398 0.654550 -0.760478 -0.002983 -0.039151 -0.028092 0.998834
1772701098.770997286 31.932168 0.655630 -0.759534 -0.003323 -0.039019 -0.027033 0.998867
1772701098.870909214 31.856475 0.656597 -0.758857 -0.003156 -0.039266 -0.026142 0.998882
1772701098.970824480 31.783245 0.657959 -0.759786 -0.003322 -0.038872 -0.025353 0.998917
1772701099.070745945 31.709678 0.658879 -0.757974 -0.003060 -0.039209 -0.025138 0.998910
1772701099.170725107 31.637948 0.661552 -0.758948 -0.003278 -0.038499 -0.023555 0.998976
1772701099.270675421 31.566783 0.665866 -0.758179 -0.003554 -0.038265 -0.020491 0.999051
1772701099.370658398 31.496330 0.668075 -0.755803 -0.003511 -0.038448 -0.016906 0.999111
1772701099.470684052 31.426100 0.672153 -0.755725 -0.003700 -0.038446 -0.014647 0.999146
1772701099.570741415 31.248734 0.639990 -0.782629 -0.003756 -0.039960 -0.011583 0.999127
1772701099.670742035 31.180691 0.640019 -0.780917 -0.003793 -0.039306 -0.010403 0.999166
1772701099.770747423 31.111045 0.643179 -0.781236 -0.003696 -0.039551 -0.006760 0.999188
1772701099.870866060 31.043531 0.647852 -0.781142 -0.003615 -0.038775 -0.002906 0.999237
1772701099.971035480 30.978009 0.651026 -0.779586 -0.004003 -0.039276 -0.001997 0.999218
1772701100.071215391 30.916219 0.651708 -0.781039 -0.003922 -0.038244 -0.001176 0.999260
1772701100.171304941 30.852475 0.648629 -0.777000 -0.003731 -0.038492 -0.000565 0.999252
1772701100.271342278 30.787235 0.644480 -0.777067 -0.003335 -0.038179 0.000529 0.999265
1772701100.371242046 30.720463 0.643726 -0.772638 -0.003957 -0.037856 0.001008 0.999275
1772701100.471161366 30.652932 0.640194 -0.769162 -0.003002 -0.037531 0.001126 0.999290
1772701100.571111679 30.586529 0.641211 -0.771456 -0.003611 -0.037207 -0.000679 0.999301
1772701100.671087265 30.521591 0.639930 -0.770294 -0.002623 -0.037335 -0.000578 0.999299
1772701100.771108150 30.458479 0.638377 -0.771247 -0.003427 -0.036956 -0.000617 0.999311
1772701100.871184587 30.395554 0.631297 -0.765554 -0.002189 -0.037081 -0.000871 0.999309
1772701100.971212864 30.335325 0.630612 -0.766439 -0.002398 -0.035949 -0.001304 0.999350
1772701101.071196795 30.274255 0.635193 -0.770143 -0.001804 -0.035189 -0.001261 0.999378
1772701101.171345711 30.210994 0.636138 -0.768159 -0.002024 -0.035483 -0.004369 0.999358
1772701101.271368742 30.146792 0.636905 -0.768196 -0.001924 -0.035783 -0.007253 0.999331
1772701101.371290207 30.082259 0.636217 -0.769502 -0.002642 -0.035530 -0.009961 0.999315
1772701101.471104383 30.016327 0.636139 -0.766085 -0.001396 -0.035021 -0.010028 0.999335
1772701101.570973158 29.946818 0.642173 -0.766950 -0.002008 -0.035597 -0.011125 0.999302
1772701101.670943260 29.876560 0.652788 -0.772837 -0.002467 -0.035101 -0.012664 0.999300
1772701101.770948648 29.808221 0.656413 -0.768751 -0.002477 -0.035254 -0.015556 0.999254
1772701101.871023178 29.741507 0.658517 -0.764465 -0.003357 -0.034132 -0.019389 0.999223
1772701101.971103907 29.672823 0.656995 -0.756682 -0.003408 -0.035065 -0.022837 0.999118
1772701102.071240902 29.607222 0.653686 -0.753636 -0.003341 -0.034206 -0.026289 0.999063
1772701102.171344757 29.543582 0.649971 -0.746091 -0.002605 -0.033901 -0.028422 0.999018
1772701102.271577120 29.482258 0.647103 -0.739239 -0.002740 -0.032520 -0.029797 0.999023
1772701102.371756315 29.420161 0.643939 -0.729530 -0.001259 -0.031414 -0.030928 0.999027
1772701102.471920013 29.355243 0.642571 -0.723767 -0.001615 -0.031182 -0.035913 0.998867
1772701102.571891785 29.289932 0.640876 -0.713442 -0.000328 -0.029942 -0.041061 0.998708
1772701102.671734333 29.220826 0.642731 -0.707398 0.000723 -0.029416 -0.045644 0.998524
1772701102.771689415 29.153340 0.659218 -0.727207 -0.000142 -0.030114 -0.048347 0.998376
1772701102.871686935 29.046062 0.703385 -0.777092 0.000121 -0.031241 -0.053657 0.998071
1772701102.971626282 28.977501 0.705966 -0.761221 0.002896 -0.030125 -0.057811 0.997869
1772701103.071539164 28.908300 0.715798 -0.756392 0.001337 -0.030775 -0.063052 0.997535
1772701103.171468258 28.840761 0.724502 -0.758127 0.001239 -0.030791 -0.069791 0.997085
1772701103.271381855 28.773260 0.730925 -0.754924 0.000986 -0.029445 -0.073851 0.996834
1772701103.371225595 28.698943 0.740205 -0.749132 0.001596 -0.027128 -0.075792 0.996753
1772701103.471037149 28.608962 0.745785 -0.742902 -0.000154 -0.026826 -0.076710 0.996692
1772701103.570874929 28.520515 0.750036 -0.747772 0.001356 -0.028630 -0.076532 0.996655
1772701103.670930862 28.434490 0.752509 -0.748799 0.000756 -0.029832 -0.077574 0.996540
1772701103.770925522 28.352038 0.756669 -0.752533 0.001592 -0.029987 -0.077373 0.996550
1772701103.871034622 28.273919 0.762148 -0.754653 0.001216 -0.031037 -0.077482 0.996510
1772701103.971096277 28.200454 0.771135 -0.757832 0.001392 -0.031987 -0.076861 0.996528
1772701104.071273804 28.127336 0.782193 -0.761766 0.001113 -0.032642 -0.076513 0.996533
1772701104.171437502 28.056576 0.793576 -0.763113 0.001103 -0.033906 -0.075857 0.996542
1772701104.271474361 27.988268 0.805682 -0.762772 0.001291 -0.034130 -0.075548 0.996557
1772701104.371453047 27.920935 0.822011 -0.766888 0.000739 -0.034375 -0.075384 0.996562
1772701104.471336365 27.859988 0.836327 -0.765085 0.001051 -0.033965 -0.075266 0.996584
1772701104.571258783 27.805789 0.852784 -0.761827 0.000574 -0.033579 -0.075570 0.996575
1772701104.671202421 27.754908 0.867282 -0.757225 0.000119 -0.032790 -0.078070 0.996409
1772701104.771156549 27.698181 0.877443 -0.751409 -0.000393 -0.032538 -0.079329 0.996317
1772701104.871103764 27.613478 0.912649 -0.849437 0.000096 -0.039249 -0.079241 0.996082
1772701104.971119165 27.542101 0.923225 -0.847810 -0.000255 -0.038414 -0.079611 0.996085
1772701105.071129799 27.473934 0.933806 -0.845396 0.000040 -0.038000 -0.079394 0.996119
1772701105.171190262 27.404239 0.946790 -0.844907 -0.000174 -0.037631 -0.079397 0.996132
1772701105.271268129 27.330319 0.958433 -0.846504 -0.000334 -0.037780 -0.079373 0.996129
1772701105.371300459 27.255067 0.964865 -0.843903 -0.000004 -0.037862 -0.079499 0.996116
1772701105.471334696 27.179716 0.974116 -0.846026 -0.000237 -0.038283 -0.079286 0.996116
1772701105.571351290 27.106379 0.985044 -0.844730 -0.000014 -0.037908 -0.079324 0.996128
1772701105.671370029 27.031610 0.998444 -0.846771 -0.000105 -0.037060 -0.078830 0.996199
1772701105.771370888 26.957068 1.011657 -0.847502 -0.000218 -0.037690 -0.078582 0.996195
1772701105.871301889 26.885521 1.024955 -0.846901 -0.000719 -0.036785 -0.078220 0.996257
1772701105.971208334 26.811651 1.036199 -0.843017 -0.000161 -0.036869 -0.077480 0.996312
1772701106.071114540 26.737391 1.051524 -0.844139 -0.000532 -0.036409 -0.077655 0.996315
1772701106.171006203 26.662517 1.065439 -0.844603 -0.000208 -0.036178 -0.077328 0.996349
1772701106.270941734 26.586452 1.081533 -0.844767 -0.000140 -0.036354 -0.076986 0.996369
1772701106.370921135 26.510941 1.094628 -0.839494 -0.000195 -0.036337 -0.076892 0.996377
1772701106.470890522 26.434727 1.109363 -0.838280 -0.000551 -0.036275 -0.076836 0.996383
1772701106.570888519 26.360614 1.126947 -0.838160 -0.000549 -0.035573 -0.076358 0.996446
1772701106.670920372 26.290519 1.143123 -0.839925 -0.000763 -0.035691 -0.075921 0.996475
1772701106.770931244 26.223163 1.157931 -0.838978 -0.000750 -0.035042 -0.075542 0.996526
1772701106.871037483 26.157770 1.173025 -0.839988 -0.001498 -0.034464 -0.075405 0.996556
1772701106.971133709 26.092750 1.186296 -0.836869 -0.001156 -0.033376 -0.074901 0.996631
1772701107.071276665 26.027328 1.201744 -0.836700 -0.002172 -0.032089 -0.075051 0.996661
1772701107.171330452 25.962196 1.216335 -0.836639 -0.002843 -0.030497 -0.074499 0.996751
1772701107.271346569 25.894435 1.225859 -0.833955 -0.003287 -0.029391 -0.074204 0.996804
1772701107.371344090 25.824754 1.234830 -0.829083 -0.004304 -0.026487 -0.074486 0.996861
1772701107.471281528 25.752872 1.243947 -0.824902 -0.004520 -0.024872 -0.074204 0.996923
1772701107.571178913 25.684680 1.251623 -0.821549 -0.004846 -0.023193 -0.073821 0.996990
1772701107.671115398 25.619159 1.258275 -0.816531 -0.005331 -0.021993 -0.073793 0.997017
1772701107.771114349 25.558932 1.268398 -0.817894 -0.005782 -0.020729 -0.073592 0.997056
1772701107.871139765 25.494665 1.276524 -0.813167 -0.006314 -0.020203 -0.073241 0.997090
1772701107.971152544 25.431094 1.285847 -0.809536 -0.006924 -0.018899 -0.072885 0.997137
1772701108.071174622 25.368666 1.297935 -0.810223 -0.006743 -0.018136 -0.072517 0.997179
1772701108.171214104 25.303332 1.311789 -0.809365 -0.006918 -0.017444 -0.072512 0.997191
1772701108.271253109 25.233927 1.325478 -0.805258 -0.007655 -0.016519 -0.072146 0.997228
1772701108.371242523 25.154435 1.331365 -0.798206 -0.006879 -0.015888 -0.071544 0.997287
1772701108.471252918 25.067003 1.336653 -0.798254 -0.007040 -0.015285 -0.071377 0.997307
1772701108.571285248 25.075570 1.433501 -0.830348 -0.006605 -0.027620 -0.072816 0.996941
1772701108.671319962 24.988908 1.435636 -0.824849 -0.006155 -0.027556 -0.072091 0.996998
1772701108.771349907 24.906414 1.438523 -0.824130 -0.006570 -0.026946 -0.071664 0.997043
1772701108.871344805 24.822726 1.440548 -0.825910 -0.006820 -0.026901 -0.071032 0.997088
1772701108.971369743 24.738343 1.439082 -0.825085 -0.006391 -0.026723 -0.070637 0.997124
1772701109.071412086 24.653317 1.441821 -0.824573 -0.006758 -0.026499 -0.070375 0.997146
1772701109.171462059 24.567005 1.449369 -0.824567 -0.006912 -0.025800 -0.070051 0.997186
1772701109.271529436 24.478598 1.455602 -0.820391 -0.007551 -0.025550 -0.069756 0.997208
1772701109.371571064 24.391355 1.459674 -0.819800 -0.007678 -0.024999 -0.068243 0.997326
1772701109.471629143 24.306153 1.461714 -0.815257 -0.007472 -0.023983 -0.065454 0.997539
1772701109.571756363 24.219729 1.464814 -0.810554 -0.007544 -0.023427 -0.065200 0.997569
1772701109.672019243 24.132061 1.467250 -0.809819 -0.007378 -0.022940 -0.064368 0.997635
1772701109.772161722 24.040899 1.465850 -0.802177 -0.007475 -0.022977 -0.063827 0.997668
1772701109.872235775 23.946244 1.460664 -0.801792 -0.008325 -0.022215 -0.062773 0.997746
1772701109.972267866 23.844941 1.450450 -0.799627 -0.009232 -0.021540 -0.061774 0.997815
1772701110.072253227 23.744095 1.435866 -0.795122 -0.010545 -0.020385 -0.060921 0.997879
1772701110.172319889 23.648713 1.422618 -0.792945 -0.011420 -0.019819 -0.060640 0.997898
1772701110.272269249 23.558537 1.415379 -0.795780 -0.012495 -0.019046 -0.059841 0.997948
1772701110.372128010 23.472397 1.409966 -0.791880 -0.012702 -0.017401 -0.059807 0.997978
1772701110.471975327 23.390225 1.419891 -0.791474 -0.013333 -0.017000 -0.059492 0.997995
1772701110.571692705 23.308848 1.433098 -0.789407 -0.014016 -0.016127 -0.058050 0.998085
1772701110.671558857 23.226947 1.442343 -0.782540 -0.013764 -0.016157 -0.056165 0.998196
1772701110.698218584 23.207076 1.445439 -0.781464 -0.014041 -0.016373 -0.056153 0.998189
1772701110.871426582 23.092793 1.462705 -0.777856 -0.014328 -0.015323 -0.054506 0.998293
1772701110.971376419 23.026787 1.466907 -0.773065 -0.013986 -0.015744 -0.051069 0.998473
1772701111.071423054 22.957704 1.472616 -0.770585 -0.013613 -0.016015 -0.046889 0.998679
1772701111.171578407 22.886552 1.479697 -0.771643 -0.014323 -0.016356 -0.045843 0.998712
1772701111.271639109 22.810794 1.480122 -0.769470 -0.013843 -0.016180 -0.044445 0.998785
1772701111.371585846 22.730370 1.478607 -0.764986 -0.013550 -0.016391 -0.040006 0.998973
1772701111.471588612 22.649372 1.478635 -0.763370 -0.013903 -0.015914 -0.032334 0.999254
1772701111.571534395 22.567679 1.474405 -0.757161 -0.013438 -0.016165 -0.024050 0.999490
1772701111.671477556 22.487143 1.469485 -0.756352 -0.013007 -0.015764 -0.015566 0.999670
1772701111.771497488 22.406486 1.461575 -0.753938 -0.013003 -0.015672 -0.009098 0.999751
1772701111.871490717 22.326304 1.452606 -0.749435 -0.012678 -0.015401 -0.005556 0.999786
1772701111.971415520 22.326471 1.532302 -0.761968 -0.008334 -0.026126 -0.005051 0.999611
1772701112.071293592 22.250684 1.527207 -0.759960 -0.008194 -0.025225 -0.002822 0.999644
1772701112.171208858 22.175443 1.523180 -0.757049 -0.007949 -0.024883 -0.001117 0.999658
1772701112.271215916 22.102275 1.521254 -0.754492 -0.007437 -0.024595 -0.000439 0.999670
1772701112.371174812 22.029717 1.520193 -0.749737 -0.007294 -0.022629 0.000123 0.999717
1772701112.471234322 21.955068 1.520091 -0.751395 -0.007297 -0.022815 0.000294 0.999713
1772701112.571363449 21.878275 1.516953 -0.747516 -0.007413 -0.022492 0.000818 0.999719
1772701112.671479702 21.798348 1.515215 -0.745203 -0.007078 -0.022035 0.002694 0.999728
1772701112.771590710 21.714270 1.517792 -0.746665 -0.007260 -0.021991 0.003574 0.999725
1772701112.871637344 21.628814 1.516777 -0.745229 -0.006815 -0.021756 0.004006 0.999732
1772701112.971637964 21.543421 1.516265 -0.744316 -0.006902 -0.021743 0.004431 0.999730
1772701113.071627378 21.461252 1.514163 -0.742221 -0.006750 -0.021347 0.004905 0.999737
1772701113.171507359 21.381138 1.511704 -0.742495 -0.007079 -0.020377 0.005553 0.999752
1772701113.271376371 21.302325 1.508601 -0.741161 -0.007176 -0.020252 0.005710 0.999753
1772701113.371237040 21.226704 1.504217 -0.738062 -0.007581 -0.019167 0.005845 0.999770
1772701113.471131802 21.150771 1.499205 -0.734306 -0.007163 -0.018706 0.006718 0.999777
1772701113.571118116 21.074487 1.494332 -0.730759 -0.007219 -0.016977 0.006843 0.999806
1772701113.671131134 20.996529 1.491772 -0.729411 -0.006974 -0.016082 0.005836 0.999829
1772701113.771189690 20.919586 1.485503 -0.723657 -0.007048 -0.014996 0.003186 0.999857
1772701113.871130466 20.840388 1.477523 -0.716385 -0.006492 -0.013548 0.001882 0.999885
1772701113.971054554 20.758861 1.471210 -0.716432 -0.006011 -0.013594 0.002147 0.999887
1772701114.071008205 20.676587 1.465669 -0.710727 -0.005698 -0.013402 0.001266 0.999893
1772701114.170905352 20.594424 1.464029 -0.709737 -0.005063 -0.013392 0.001390 0.999896
1772701114.270980597 20.511913 1.463708 -0.706749 -0.004272 -0.013571 0.001157 0.999898
1772701114.370983839 20.429455 1.464543 -0.702937 -0.004062 -0.012740 -0.000262 0.999910
1772701114.471029520 20.347868 1.460971 -0.699032 -0.003840 -0.013192 -0.002976 0.999901
1772701114.570945024 20.268732 1.457094 -0.696638 -0.003586 -0.011767 -0.002112 0.999922
1772701114.670902967 20.187121 1.449718 -0.695017 -0.003534 -0.012723 -0.002390 0.999910
1772701114.770798206 20.102386 1.440810 -0.689723 -0.003144 -0.012651 0.000357 0.999915
1772701114.870682240 20.017362 1.438311 -0.689059 -0.003027 -0.012482 0.004889 0.999906
1772701114.970713854 19.932665 1.434748 -0.685141 -0.002898 -0.012123 0.006527 0.999901
1772701115.070782661 19.852581 1.429054 -0.683853 -0.002939 -0.012068 0.007610 0.999894
1772701115.170860767 19.775009 1.422464 -0.682464 -0.003044 -0.011514 0.008931 0.999889
1772701115.270990372 19.696683 1.415073 -0.681523 -0.002398 -0.011722 0.010141 0.999877
1772701115.370981932 19.609154 1.451455 -0.615033 0.000795 -0.022559 0.010150 0.999694
1772701115.470943928 19.528521 1.447533 -0.611184 0.001492 -0.021348 0.015399 0.999653
1772701115.570964336 19.449558 1.448175 -0.613296 0.001225 -0.020579 0.020857 0.999570
1772701115.671099901 19.376229 1.448854 -0.619064 0.001939 -0.019957 0.023121 0.999532
1772701115.771218777 19.306403 1.446168 -0.624671 0.002260 -0.019583 0.024421 0.999508
1772701115.871322393 19.238052 1.440354 -0.637534 0.002831 -0.019681 0.025647 0.999473
1772701115.971349001 19.168385 1.430018 -0.646747 0.002591 -0.018756 0.026719 0.999464
1772701116.071290970 19.095966 1.415629 -0.631936 0.002688 -0.018247 0.030144 0.999376
1772701116.171118021 19.022284 1.409587 -0.626608 0.002561 -0.017167 0.036698 0.999176
1772701116.271131277 18.949418 1.401788 -0.625584 0.002549 -0.017560 0.042049 0.998958
1772701116.371282101 18.875922 1.393173 -0.623260 0.002587 -0.016630 0.042966 0.998935
1772701116.471395731 18.801387 1.384761 -0.620904 0.003139 -0.016292 0.044717 0.998862
1772701116.571494818 18.725923 1.377055 -0.618793 0.003109 -0.015865 0.046087 0.998807
1772701116.671602249 18.649807 1.365699 -0.612992 0.004027 -0.015366 0.047257 0.998757
1772701116.771610498 18.572866 1.357624 -0.614532 0.004211 -0.014949 0.048177 0.998718
1772701116.871619701 18.493438 1.348894 -0.612257 0.004422 -0.014742 0.048223 0.998718
1772701116.971595287 18.410275 1.341800 -0.612241 0.005109 -0.014244 0.048567 0.998705
1772701117.071756124 18.325025 1.332283 -0.607632 0.005819 -0.014042 0.048598 0.998703
1772701117.171858788 18.242516 1.328225 -0.605991 0.006282 -0.013226 0.048850 0.998699
1772701117.271840096 18.162396 1.322633 -0.606097 0.006859 -0.013572 0.049093 0.998679
1772701117.371802568 18.081218 1.315380 -0.605043 0.006890 -0.013279 0.049050 0.998684
1772701117.471714735 18.000551 1.303918 -0.603015 0.007659 -0.013034 0.049340 0.998668
1772701117.571725607 17.922564 1.296554 -0.601121 0.008555 -0.013275 0.049712 0.998639
1772701117.671743393 17.845873 1.288843 -0.600909 0.008781 -0.013259 0.049722 0.998637
1772701117.771877050 17.769649 1.278118 -0.598600 0.009258 -0.013234 0.049993 0.998619
1772701117.871885061 17.692215 1.266475 -0.599530 0.009276 -0.013704 0.050090 0.998608
1772701117.972006559 17.615114 1.253177 -0.596149 0.009659 -0.013426 0.049800 0.998622
1772701118.072082043 17.538705 1.240951 -0.595325 0.009214 -0.013365 0.046426 0.998790
1772701118.171999216 17.462694 1.233107 -0.592060 0.010346 -0.013608 0.046773 0.998759
1772701118.272004366 17.385736 1.226412 -0.589981 0.009499 -0.013226 0.046310 0.998795
1772701118.371879816 17.307325 1.215953 -0.582526 0.010481 -0.013297 0.046607 0.998770
1772701118.471814871 17.229714 1.210851 -0.581107 0.009511 -0.012994 0.046054 0.998809
1772701118.571739435 17.156286 1.203855 -0.579045 0.009723 -0.013354 0.046194 0.998796
1772701118.671702147 17.088046 1.196018 -0.575626 0.009859 -0.013173 0.046485 0.998784
1772701118.771636486 17.020262 1.188944 -0.571096 0.009743 -0.013283 0.046932 0.998762
1772701118.871612310 16.952577 1.182924 -0.565235 0.009079 -0.012338 0.047145 0.998771
1772701118.971518040 16.885841 1.173324 -0.561981 0.009714 -0.012568 0.047583 0.998741
1772701119.071363688 16.817738 1.163295 -0.558776 0.008972 -0.011790 0.047840 0.998745
1772701119.171468019 16.630343 1.158655 -0.547451 0.012993 -0.021200 0.049250 0.998477
1772701119.271120071 16.549525 1.146873 -0.541710 0.014154 -0.020802 0.052146 0.998322
1772701119.371171951 16.469355 1.137255 -0.536606 0.012884 -0.019461 0.052451 0.998351
1772701119.471283913 16.392073 1.122613 -0.534080 0.013552 -0.019554 0.053557 0.998281
1772701119.571491241 16.318104 1.108225 -0.534430 0.013155 -0.018642 0.054075 0.998276
1772701119.671659231 16.246644 1.091212 -0.535291 0.012691 -0.019155 0.055712 0.998182
1772701119.771642208 16.177994 1.077898 -0.529207 0.012895 -0.016596 0.061366 0.997894
1772701119.871759653 16.110312 1.069187 -0.527025 0.012880 -0.017585 0.063393 0.997751
1772701119.971904755 16.039978 1.058856 -0.518610 0.013185 -0.016887 0.064389 0.997695
1772701120.071889162 15.966541 1.047804 -0.514559 0.013355 -0.016135 0.065335 0.997644
1772701120.171716690 15.889383 1.032939 -0.509420 0.012739 -0.015978 0.065896 0.997617
1772701120.271575212 15.810995 1.014815 -0.502314 0.012882 -0.015710 0.066995 0.997546
1772701120.371407032 15.733041 1.000370 -0.499607 0.012490 -0.015705 0.067700 0.997504
1772701120.471304178 15.653507 0.985698 -0.496241 0.012533 -0.015645 0.068117 0.997476
1772701120.571256399 15.573196 0.973386 -0.494296 0.012270 -0.015805 0.068402 0.997457
1772701120.671234846 15.492599 0.961028 -0.491428 0.012209 -0.016500 0.068712 0.997425
1772701120.771155834 15.414280 0.947551 -0.489040 0.011001 -0.016301 0.068937 0.997427
1772701120.871073246 15.334340 0.933204 -0.485653 0.010974 -0.016141 0.069107 0.997418
1772701120.970977306 15.253488 0.923401 -0.489942 0.011641 -0.016715 0.069706 0.997360
1772701121.070977449 15.172081 0.909138 -0.484159 0.011500 -0.016309 0.069837 0.997359
1772701121.170920610 15.090715 0.895170 -0.481168 0.010915 -0.015699 0.070348 0.997339
1772701121.270875692 15.011322 0.881262 -0.477763 0.010592 -0.015561 0.070485 0.997335
1772701121.370861292 14.932715 0.868355 -0.469561 0.011485 -0.015069 0.070951 0.997300
1772701121.470947981 14.854653 0.855681 -0.465462 0.011248 -0.013745 0.069732 0.997408
1772701121.571115971 14.778002 0.842933 -0.464256 0.011015 -0.013453 0.067154 0.997591
1772701121.671191931 14.701756 0.826898 -0.459591 0.011601 -0.012804 0.065224 0.997721
1772701121.771157503 14.624225 0.812273 -0.454212 0.011621 -0.012950 0.064498 0.997766
1772701121.871028185 14.544386 0.798591 -0.445573 0.011595 -0.011757 0.064072 0.997809
1772701121.970935822 14.462311 0.784994 -0.440202 0.012014 -0.010974 0.064011 0.997817
1772701122.070895195 14.383145 0.771902 -0.436688 0.012188 -0.010990 0.062582 0.997905
1772701122.170963049 14.306176 0.755703 -0.434476 0.011818 -0.011150 0.058327 0.998165
1772701122.270951509 14.227730 0.736549 -0.428071 0.011935 -0.011421 0.055602 0.998316
1772701122.370872736 14.147011 0.721059 -0.422731 0.011809 -0.010573 0.056052 0.998302
1772701122.470983505 14.065435 0.709738 -0.421917 0.011404 -0.010842 0.055174 0.998353
1772701122.571075439 13.984198 0.700276 -0.417744 0.012078 -0.010326 0.054386 0.998393
1772701122.671292305 13.904801 0.691076 -0.418128 0.011522 -0.011561 0.051121 0.998559
1772701122.771434307 13.822769 0.679693 -0.411430 0.011680 -0.010148 0.047780 0.998738
1772701122.871450424 13.738461 0.670847 -0.408391 0.011104 -0.009616 0.046245 0.998822
1772701122.907153606 13.709436 0.668681 -0.407171 0.010843 -0.009625 0.046432 0.998816
1772701123.071493149 13.595003 0.658184 -0.400603 0.011373 -0.009372 0.044376 0.998906
1772701123.171640635 13.524612 0.648320 -0.394628 0.010044 -0.008094 0.037457 0.999215
1772701123.271725178 13.447631 0.636976 -0.388320 0.009876 -0.007456 0.031436 0.999429
1772701123.371547937 13.366707 0.631942 -0.381877 0.009524 -0.007050 0.030020 0.999479
1772701123.471468449 13.255107 0.626732 -0.388585 0.011550 -0.013579 0.029308 0.999411
1772701123.571398973 13.179057 0.619991 -0.386167 0.010543 -0.013608 0.028357 0.999449
1772701123.671371222 13.102796 0.612818 -0.377631 0.010283 -0.012959 0.027859 0.999475
1772701123.771388292 13.026050 0.604412 -0.374036 0.009739 -0.013343 0.027904 0.999474
1772701123.871451378 12.951363 0.596605 -0.369203 0.009499 -0.014264 0.027268 0.999481
1772701123.971465111 12.880642 0.590199 -0.365291 0.008856 -0.013813 0.026784 0.999506
1772701124.071413040 12.807639 0.582688 -0.358436 0.009582 -0.013662 0.026200 0.999517
1772701124.171373606 12.731268 0.577380 -0.351802 0.009396 -0.012903 0.026556 0.999520
1772701124.271309614 12.653848 0.569124 -0.346087 0.009007 -0.013089 0.026378 0.999526
1772701124.371259689 12.578178 0.556863 -0.338434 0.008883 -0.013340 0.026890 0.999510
1772701124.471123695 12.502155 0.547874 -0.334259 0.007899 -0.013423 0.029867 0.999432
1772701124.570961714 12.425116 0.540898 -0.328495 0.009953 -0.014154 0.035364 0.999225
1772701124.671004534 12.349690 0.536199 -0.326303 0.008983 -0.014561 0.038760 0.999102
1772701124.771082401 12.273338 0.527705 -0.322971 0.009974 -0.014873 0.039870 0.999044
1772701124.871185064 12.195653 0.522762 -0.320022 0.009753 -0.015314 0.041414 0.998977
1772701124.971456528 12.115563 0.514914 -0.316068 0.010901 -0.015390 0.042254 0.998929
1772701125.071617365 12.035760 0.507185 -0.318857 0.010458 -0.015918 0.043786 0.998859
1772701125.171616077 11.955195 0.499166 -0.314442 0.012091 -0.014987 0.047962 0.998663
1772701125.271526575 11.874512 0.495786 -0.317233 0.011792 -0.015897 0.052358 0.998432
1772701125.371640682 11.794873 0.487825 -0.310782 0.011366 -0.014628 0.053015 0.998422
1772701125.471643925 11.718941 0.475981 -0.307456 0.011111 -0.014326 0.054030 0.998374
1772701125.571577787 11.643150 0.465894 -0.304220 0.010865 -0.013671 0.055186 0.998323
1772701125.671480656 11.564848 0.455499 -0.299787 0.011572 -0.013396 0.056111 0.998267
1772701125.771376133 11.485628 0.448762 -0.300599 0.011015 -0.012328 0.056238 0.998280
1772701125.871428967 11.402968 0.443256 -0.297676 0.011434 -0.012616 0.056898 0.998234
1772701125.971431732 11.317573 0.439387 -0.287576 0.011852 -0.011992 0.057280 0.998216
1772701126.071430445 11.234570 0.435329 -0.283303 0.011766 -0.011003 0.055211 0.998345
1772701126.171454430 11.154789 0.428302 -0.284064 0.010727 -0.010090 0.050276 0.998627
1772701126.271428108 11.074034 0.414010 -0.277364 0.010534 -0.010195 0.045244 0.998868
1772701126.371230841 10.993262 0.401756 -0.274126 0.010541 -0.010242 0.043481 0.998946
1772701126.471078157 10.912926 0.331022 -0.252958 0.009058 -0.014355 0.042785 0.998940
1772701126.571017027 10.825945 0.325059 -0.247476 0.009905 -0.012901 0.041594 0.999002
1772701126.671074629 10.739854 0.322519 -0.245928 0.008927 -0.012838 0.036923 0.999196
1772701126.771193266 10.652991 0.317102 -0.242283 0.008700 -0.012368 0.029194 0.999459
1772701126.871289968 10.562365 0.313099 -0.239123 0.007337 -0.012459 0.019731 0.999701
1772701126.908756733 10.529222 0.311291 -0.236955 0.006404 -0.012517 0.016910 0.999758
1772701127.071140051 10.403141 0.297462 -0.231267 0.007434 -0.013113 0.013035 0.999802
1772701127.171099186 10.326126 0.292326 -0.227654 0.006347 -0.013213 0.011325 0.999829
1772701127.271135807 10.242703 0.288391 -0.224869 0.006043 -0.014919 0.010297 0.999818
1772701127.371211052 10.155400 0.281649 -0.214444 0.005827 -0.013663 0.009397 0.999846
1772701127.471263885 10.068350 0.271938 -0.209842 0.005029 -0.014728 0.009033 0.999838
1772701127.571291447 9.984608 0.265988 -0.205938 0.005219 -0.013778 0.010223 0.999839
1772701127.671349764 9.900336 0.265018 -0.204989 0.004846 -0.015119 0.011784 0.999805
1772701127.771329880 9.818502 0.264993 -0.204147 0.004530 -0.014944 0.012399 0.999801
1772701127.871331930 9.736992 0.258832 -0.198866 0.003813 -0.015160 0.012942 0.999794
1772701127.971202612 9.653365 0.248648 -0.194390 0.002884 -0.014982 0.014539 0.999778
1772701128.070989370 9.571420 0.236948 -0.184914 0.004463 -0.014038 0.022780 0.999632
1772701128.170819283 9.494603 0.229476 -0.181833 0.004159 -0.012889 0.031443 0.999414
1772701128.270762920 9.419428 0.222251 -0.175833 0.004879 -0.013667 0.040990 0.999054
1772701128.370779991 9.344690 0.214084 -0.169550 0.005186 -0.013703 0.050700 0.998607
1772701128.470810175 9.267093 0.203963 -0.162530 0.006324 -0.013458 0.058240 0.998192
1772701128.571025372 9.187887 0.193461 -0.158836 0.005323 -0.013790 0.061672 0.997987
1772701128.671104431 9.107654 0.182700 -0.154167 0.005848 -0.013674 0.064408 0.997813
1772701128.771098375 9.048887 0.145605 -0.133690 0.007990 -0.020582 0.065654 0.997598
1772701128.871047974 8.963936 0.136405 -0.130597 0.007365 -0.021568 0.066933 0.997497
1772701128.971082926 8.878520 0.129228 -0.129827 0.007459 -0.020361 0.068216 0.997435
1772701129.071050167 8.794312 0.117073 -0.126908 0.006990 -0.020741 0.068690 0.997398
1772701129.171052217 8.706615 0.102392 -0.117147 0.006879 -0.020045 0.069468 0.997359
1772701129.271011114 8.617296 0.088297 -0.117115 0.006264 -0.020159 0.069113 0.997386
1772701129.370843887 8.530248 0.075380 -0.117915 0.006640 -0.019890 0.069651 0.997351
1772701129.470814705 8.447675 0.061158 -0.117832 0.005628 -0.019681 0.069960 0.997340
1772701129.570774317 8.366776 0.045707 -0.112913 0.005926 -0.019261 0.070419 0.997314
1772701129.670758486 8.289979 0.028738 -0.114379 0.005819 -0.019722 0.070708 0.997285
1772701129.770738125 8.214430 0.015663 -0.111915 0.005778 -0.018804 0.070632 0.997309
1772701129.870779037 8.140753 0.001323 -0.111073 0.007843 -0.018529 0.071586 0.997232
1772701129.970768213 8.068452 -0.011570 -0.111361 0.006307 -0.018538 0.071382 0.997257
1772701130.070727587 7.995635 -0.028744 -0.104698 0.006705 -0.017827 0.071825 0.997235
1772701130.170734882 7.920068 -0.044024 -0.109258 0.006244 -0.018881 0.071908 0.997213
1772701130.270703316 7.843378 -0.060728 -0.106212 0.006794 -0.018388 0.072405 0.997183
1772701130.370758772 7.766888 -0.077564 -0.105161 0.005784 -0.018895 0.072607 0.997165
1772701130.470865250 7.690297 -0.093898 -0.100917 0.006262 -0.018094 0.072658 0.997173
1772701130.570889950 7.612901 -0.110355 -0.102609 0.006174 -0.018201 0.073098 0.997140
1772701130.670936346 7.535088 -0.126805 -0.101886 0.005662 -0.017240 0.073622 0.997121
1772701130.770882845 7.454794 -0.146700 -0.098534 0.006319 -0.016949 0.074503 0.997057
1772701130.870877743 7.370394 -0.163982 -0.091801 0.005584 -0.016752 0.074791 0.997043
1772701130.970865726 7.285789 -0.183616 -0.080711 0.005952 -0.015283 0.075234 0.997031
1772701131.070877790 7.202370 -0.198618 -0.080171 0.005683 -0.015635 0.075373 0.997017
1772701131.170970201 7.123191 -0.213207 -0.071061 0.006135 -0.014696 0.075372 0.997028
1772701131.271174192 7.051989 -0.224055 -0.071314 0.005023 -0.015227 0.072163 0.997264
1772701131.371246099 6.982133 -0.232964 -0.073194 0.005247 -0.016166 0.068901 0.997479
1772701131.471260071 6.914983 -0.240501 -0.072266 0.004414 -0.016209 0.065456 0.997714
1772701131.571208954 6.850247 -0.252768 -0.065472 0.005000 -0.016139 0.062737 0.997887
1772701131.671112537 6.784792 -0.261445 -0.065655 0.003969 -0.016374 0.058440 0.998149
1772701131.771011353 6.708393 -0.264337 -0.038469 0.004009 -0.021040 0.051697 0.998433
1772701131.871176481 6.632522 -0.276056 -0.032276 0.002942 -0.022009 0.046957 0.998650
1772701131.971174240 6.559927 -0.281848 -0.028903 0.003583 -0.021134 0.043301 0.998832
1772701132.071261406 6.486891 -0.283846 -0.029418 0.001983 -0.021908 0.039424 0.998980
1772701132.171257019 6.411828 -0.291246 -0.022575 0.002608 -0.021334 0.033685 0.999201
1772701132.271240234 6.337373 -0.297719 -0.024085 0.001440 -0.022419 0.027887 0.999358
1772701132.371354342 6.265122 -0.306828 -0.018797 0.001930 -0.022087 0.021112 0.999531
1772701132.471348524 6.193411 -0.313147 -0.018719 0.001666 -0.022391 0.014538 0.999642
1772701132.571363926 6.120730 -0.318509 -0.017359 0.000508 -0.021924 0.009497 0.999714
1772701132.671200514 6.047238 -0.324337 -0.017889 0.001637 -0.022419 0.007553 0.999718
1772701132.771217346 5.974619 -0.325233 -0.013172 0.000099 -0.021834 0.005362 0.999747
1772701132.871162176 5.904266 -0.325635 -0.010738 0.000826 -0.021989 0.004356 0.999748
1772701132.971143246 5.836138 -0.324429 -0.006492 0.000254 -0.021604 0.001788 0.999765
1772701133.071155787 5.766371 -0.326839 -0.000855 -0.000401 -0.020540 -0.002380 0.999786
1772701133.171020269 5.695064 -0.332170 0.004620 -0.000545 -0.021085 -0.004330 0.999768
1772701133.270962000 5.626302 -0.334691 0.005319 -0.001178 -0.021146 -0.004375 0.999766
1772701133.370899916 5.558964 -0.338633 0.007664 -0.001251 -0.020599 -0.004676 0.999776
1772701133.470926046 5.490508 -0.344301 0.008981 -0.001277 -0.020940 -0.004920 0.999768
1772701133.570910692 5.419118 -0.350739 0.011463 -0.000953 -0.022452 -0.004663 0.999736
1772701133.670948505 5.346455 -0.353354 0.011725 -0.001684 -0.022866 -0.006357 0.999717
1772701133.771031141 5.272715 -0.360330 0.019060 -0.001362 -0.021651 -0.008929 0.999725
1772701133.870983601 5.198914 -0.363868 0.015022 -0.002402 -0.022769 -0.008271 0.999704
1772701133.971039057 5.125943 -0.368535 0.023347 -0.002037 -0.022264 -0.008295 0.999715
1772701134.070983171 5.055943 -0.370755 0.022951 -0.002918 -0.022566 -0.008130 0.999708
1772701134.171006203 4.988436 -0.370411 0.024730 -0.002830 -0.022079 -0.008009 0.999720
1772701134.271038532 4.921828 -0.372219 0.028772 -0.002441 -0.022342 -0.008870 0.999708
1772701134.371053457 4.854270 -0.374776 0.029728 -0.003336 -0.022148 -0.011534 0.999683
1772701134.471036911 4.785494 -0.379200 0.035201 -0.002602 -0.022034 -0.011799 0.999684
1772701134.571042538 4.715124 -0.382369 0.034788 -0.002327 -0.021767 -0.011680 0.999692
1772701134.671107531 4.642696 -0.385135 0.034898 -0.002722 -0.021745 -0.011800 0.999690
1772701134.771189690 4.570112 -0.386455 0.036062 -0.002770 -0.022153 -0.012066 0.999678
1772701134.871232510 4.498252 -0.386130 0.035090 -0.003466 -0.020962 -0.011665 0.999706
1772701134.971279621 4.422914 -0.385195 0.034214 -0.003066 -0.021093 -0.011261 0.999709
1772701135.071334362 4.340657 -0.355794 0.052045 -0.001052 -0.024351 -0.013705 0.999609
1772701135.171302319 4.270206 -0.356114 0.050144 -0.001446 -0.023560 -0.012741 0.999640
1772701135.271324635 4.204334 -0.357253 0.049732 -0.001509 -0.023893 -0.012366 0.999637
1772701135.371318579 4.143025 -0.356659 0.050247 -0.001980 -0.023229 -0.012157 0.999654
1772701135.471257210 4.077669 -0.356860 0.053451 -0.001841 -0.023303 -0.011708 0.999658
1772701135.571121454 4.006550 -0.358320 0.059095 -0.002379 -0.022872 -0.011485 0.999670
1772701135.670943260 3.933975 -0.362114 0.060805 -0.002636 -0.023574 -0.010797 0.999660
1772701135.770818710 3.861252 -0.365474 0.061124 -0.002690 -0.023449 -0.010430 0.999667
1772701135.870719910 3.786148 -0.369044 0.061826 -0.002645 -0.023814 -0.009898 0.999664
1772701135.970614433 3.706538 -0.372416 0.061678 -0.002722 -0.025209 -0.009295 0.999635
1772701136.070515871 3.623684 -0.376195 0.061035 -0.002266 -0.025133 -0.009012 0.999641
1772701136.170475483 3.538305 -0.381204 0.065480 -0.001531 -0.025390 -0.008605 0.999639
1772701136.270547152 3.459195 -0.383345 0.064383 -0.001124 -0.025051 -0.009455 0.999641
1772701136.370686531 3.384900 -0.386453 0.067549 -0.001434 -0.025354 -0.013517 0.999586
1772701136.470754147 3.312645 -0.387845 0.072102 -0.002133 -0.025204 -0.017238 0.999531
1772701136.570713758 3.240949 -0.388355 0.073908 -0.001844 -0.023756 -0.018921 0.999537
1772701136.670660734 3.168972 -0.389250 0.074397 -0.001035 -0.023733 -0.019428 0.999529
1772701136.770565033 3.095565 -0.392042 0.079896 -0.001256 -0.022748 -0.019522 0.999550
1772701136.870511532 3.021205 -0.393282 0.082488 -0.001282 -0.022315 -0.020106 0.999548
1772701136.970524073 2.945706 -0.392397 0.081600 -0.001061 -0.021954 -0.019732 0.999564
1772701137.070547342 2.875293 -0.394157 0.086731 -0.000997 -0.022388 -0.019630 0.999556
1772701137.170617342 2.807686 -0.393023 0.086442 -0.001363 -0.022290 -0.019527 0.999560
1772701137.270673990 2.739683 -0.393053 0.089723 -0.001081 -0.021541 -0.019169 0.999584
1772701137.370731592 2.670169 -0.392397 0.090719 0.000101 -0.021779 -0.018889 0.999584
1772701137.470792770 2.597453 -0.390082 0.092878 -0.000943 -0.022567 -0.018574 0.999572
1772701137.570801973 2.524810 -0.387656 0.103250 0.000326 -0.021591 -0.018269 0.999600
1772701137.670779943 2.453003 -0.380765 0.095413 -0.001380 -0.020894 -0.018244 0.999614
1772701137.770788431 2.378062 -0.378087 0.096344 -0.000725 -0.021790 -0.017743 0.999605
1772701137.870825768 2.304736 -0.380310 0.096953 -0.000217 -0.022645 -0.017310 0.999594
1772701137.971051455 2.232077 -0.379569 0.102726 -0.000384 -0.021443 -0.017187 0.999622
1772701138.071247101 2.158411 -0.376895 0.103193 0.000090 -0.021303 -0.016539 0.999636
1772701138.171355963 2.082782 -0.374424 0.103120 -0.000012 -0.021904 -0.015915 0.999633
1772701138.271349192 2.005697 -0.373444 0.107327 -0.000683 -0.021261 -0.014195 0.999673
1772701138.371450663 1.948599 -0.335613 0.120745 0.002330 -0.025660 -0.013433 0.999578
1772701138.471236467 1.875526 -0.334675 0.125740 0.002773 -0.025782 -0.011083 0.999602
1772701138.571168423 1.806916 -0.333282 0.126824 0.002576 -0.025454 -0.009630 0.999626
1772701138.671027184 1.738057 -0.332512 0.124707 0.002383 -0.025268 -0.006422 0.999657
1772701138.771021366 1.665062 -0.337779 0.125063 0.003035 -0.025727 -0.003936 0.999657
1772701138.871124268 1.592178 -0.338438 0.123192 0.002865 -0.025455 -0.001920 0.999670
1772701138.971208096 1.519628 -0.341551 0.126794 0.003673 -0.025176 -0.000969 0.999676
1772701139.071231365 1.447746 -0.341076 0.127704 0.002932 -0.024845 -0.000139 0.999687
1772701139.171244621 1.375653 -0.342366 0.131195 0.004535 -0.024827 -0.000163 0.999681
1772701139.217325687 1.342044 -0.341054 0.131424 0.003554 -0.024771 0.000217 0.999687
1772701139.371225357 1.245703 -0.344685 0.130254 0.003445 -0.024638 0.001191 0.999690
1772701139.471116066 1.189855 -0.346836 0.129976 0.003524 -0.023642 0.001318 0.999713
1772701139.570996761 1.132496 -0.350917 0.130465 0.003249 -0.024271 0.001641 0.999699
1772701139.670861721 1.076168 -0.354100 0.132185 0.003951 -0.024812 0.002104 0.999682
1772701139.770818949 1.018614 -0.356622 0.137692 0.003138 -0.023340 0.002084 0.999721
1772701139.870776415 0.961143 -0.357452 0.135559 0.003196 -0.023858 0.002710 0.999706
1772701139.970881462 0.906829 -0.359416 0.134092 0.003514 -0.023383 0.002827 0.999716
1772701140.070958376 0.850306 -0.361279 0.132608 0.003452 -0.023509 0.003329 0.999712
1772701140.171133041 0.791805 -0.365659 0.133662 0.003618 -0.022914 0.003818 0.999724
1772701140.271221399 0.726359 -0.371087 0.136499 0.003237 -0.023226 0.004137 0.999716
1772701140.371207237 0.656729 -0.373063 0.139540 0.003005 -0.022133 0.004009 0.999742
1772701140.471121550 0.588677 -0.377100 0.147984 0.003439 -0.021464 0.004098 0.999755
1772701140.519757748 0.557040 -0.378790 0.150192 0.002774 -0.022118 0.004342 0.999742
1772701140.670797110 0.468063 -0.385341 0.146320 0.003307 -0.021195 0.004817 0.999758
1772701140.770672560 0.409800 -0.387671 0.149349 0.003548 -0.021785 0.005097 0.999743
1772701140.870704412 0.351910 -0.387116 0.148813 0.002701 -0.021935 0.005056 0.999743
1772701140.970832109 0.294673 -0.390114 0.152737 0.003261 -0.021188 0.004991 0.999758
1772701141.070992231 0.238730 -0.392446 0.154843 0.004016 -0.021205 0.004858 0.999755
1772701141.171092749 0.183466 -0.391982 0.156130 0.003700 -0.020370 0.003389 0.999780
1772701141.271178722 0.127004 -0.388584 0.153005 0.003749 -0.020684 0.002462 0.999776
1772701141.371140242 0.070238 -0.386929 0.156552 0.003769 -0.021634 0.002451 0.999756
1772701141.471081734 0.015651 -0.387938 0.160112 0.004568 -0.021192 0.002126 0.999763
1772701141.518529654 -0.010011 -0.387263 0.164745 0.004046 -0.020705 0.002272 0.999775
1772701141.619332552 -0.062305 -0.385931 0.167459 0.003465 -0.020704 0.001222 0.999779
1772701141.770761251 -0.121767 -0.374322 0.125434 0.005345 -0.024461 -0.001058 0.999686
1772701141.870677233 -0.171858 -0.377017 0.129223 0.006329 -0.024534 -0.001443 0.999678
1772701141.970613480 -0.223690 -0.378847 0.130826 0.005819 -0.024407 -0.001241 0.999684
1772701142.070607662 -0.274793 -0.379927 0.135172 0.005970 -0.024390 -0.001048 0.999684
1772701142.170656681 -0.328114 -0.379473 0.136133 0.005882 -0.024539 -0.001996 0.999680
1772701142.270747423 -0.383143 -0.377210 0.138973 0.005986 -0.024371 -0.002750 0.999681
1772701142.370785952 -0.441071 -0.375666 0.142161 0.006403 -0.024500 -0.002452 0.999676
1772701142.420461655 -0.470118 -0.373896 0.143967 0.005645 -0.024241 -0.002685 0.999687
1772701142.570876122 -0.547456 -0.374807 0.145741 0.005825 -0.024618 -0.002714 0.999676
1772701142.670918703 -0.601791 -0.378706 0.152615 0.005881 -0.024320 -0.003516 0.999681
1772701142.771065235 -0.662405 -0.380247 0.155840 0.004965 -0.023135 -0.008297 0.999686
1772701142.820804596 -0.692388 -0.380035 0.157197 0.004662 -0.023784 -0.009566 0.999660
1772701142.971052170 -0.773143 -0.377054 0.153462 0.004312 -0.022937 -0.011022 0.999667
1772701143.071033001 -0.826414 -0.375866 0.151254 0.005268 -0.023308 -0.011981 0.999643
1772701143.119870663 -0.851968 -0.375395 0.151530 0.005138 -0.022380 -0.011964 0.999665
1772701143.270817518 -0.929038 -0.376463 0.155564 0.003257 -0.021666 -0.012497 0.999682
1772701143.370638371 -0.978447 -0.378454 0.159022 0.003119 -0.021276 -0.012336 0.999693
1772701143.470658302 -1.026856 -0.379556 0.158549 0.003478 -0.021015 -0.012323 0.999697
1772701143.570412874 -1.077360 -0.382743 0.160369 0.002616 -0.020273 -0.012314 0.999715
1772701143.670372963 -1.131400 -0.383964 0.162887 0.003166 -0.020373 -0.012266 0.999712
1772701143.770390987 -1.187816 -0.385876 0.164413 0.002975 -0.020723 -0.011925 0.999710
1772701143.870493174 -1.246617 -0.387537 0.168012 0.002683 -0.019939 -0.011665 0.999730
1772701143.970479488 -1.311995 -0.386383 0.166593 0.002973 -0.020027 -0.011388 0.999730
1772701144.070434332 -1.382494 -0.386863 0.172092 0.002564 -0.020184 -0.011092 0.999731
1772701144.120935678 -1.416825 -0.389221 0.176189 0.002367 -0.019725 -0.011112 0.999741
1772701144.270570755 -1.509215 -0.389610 0.177292 0.002887 -0.019946 -0.010674 0.999740
1772701144.370455027 -1.579614 -0.394093 0.182833 0.002353 -0.019216 -0.010303 0.999760
1772701144.470432043 -1.661033 -0.398288 0.178650 0.001821 -0.018674 -0.009477 0.999779
1772701144.570471287 -1.747159 -0.407217 0.186283 0.001805 -0.019047 -0.009284 0.999774
1772701144.620619774 -1.789812 -0.410168 0.191235 0.002238 -0.017502 -0.009360 0.999800
1772701144.721127748 -1.867157 -0.410734 0.200901 0.001986 -0.017179 -0.008949 0.999811
1772701144.870821953 -1.941478 -0.411287 0.202206 0.001502 -0.016072 -0.008556 0.999833
1772701144.970953703 -1.988678 -0.409664 0.202631 0.001914 -0.017336 -0.007905 0.999817
1772701145.071086168 -2.036528 -0.404393 0.203614 0.001574 -0.016976 -0.008205 0.999821
1772701145.171129704 -2.091570 -0.403743 0.206150 0.001810 -0.016674 -0.007614 0.999830
1772701145.271108866 -2.153170 -0.401570 0.202260 0.001664 -0.017074 -0.007492 0.999825
1772701145.371073246 -2.216185 -0.398932 0.201293 0.001307 -0.017132 -0.007342 0.999825
1772701145.470917940 -2.280499 -0.399837 0.204560 0.002089 -0.016874 -0.006855 0.999832
1772701145.570699453 -2.346520 -0.403097 0.212541 0.001114 -0.015898 -0.006320 0.999853
1772701145.770395517 -2.412728 -0.382598 0.219339 0.002789 -0.024237 -0.007983 0.999671
1772701145.870291233 -2.471612 -0.381845 0.224974 0.003405 -0.024431 -0.007040 0.999671
1772701145.970275164 -2.532131 -0.382345 0.230847 0.003218 -0.024161 -0.006718 0.999680
1772701146.070312977 -2.596495 -0.381962 0.232293 0.003640 -0.024278 -0.006277 0.999679
1772701146.170437336 -2.664658 -0.380588 0.235419 0.003428 -0.024189 -0.006746 0.999679
1772701146.270543814 -2.737289 -0.380606 0.239390 0.003872 -0.024377 -0.006118 0.999677
1772701146.322320700 -2.777017 -0.379601 0.242221 0.003843 -0.024640 -0.006058 0.999671
1772701146.423977613 -2.847683 -0.377015 0.241779 0.003772 -0.024426 -0.006101 0.999676
1772701146.570517063 -2.938817 -0.375026 0.241562 0.004715 -0.024272 -0.005124 0.999681
1772701146.621828556 -2.971278 -0.374437 0.245213 0.004095 -0.024241 -0.005236 0.999684
1772701146.770571232 -3.058291 -0.371779 0.244261 0.004613 -0.023985 -0.004836 0.999690
1772701146.822546721 -3.088099 -0.370501 0.245757 0.004510 -0.023989 -0.004888 0.999690
1772701146.970758677 -3.164285 -0.366429 0.238413 0.004736 -0.023086 -0.004428 0.999713
1772701147.070756912 -3.224310 -0.367647 0.246581 0.005142 -0.023183 -0.004265 0.999709
1772701147.122214556 -3.256871 -0.367554 0.249605 0.004836 -0.022693 -0.004285 0.999722
1772701147.270717382 -3.343630 -0.367675 0.250168 0.004670 -0.021431 -0.004191 0.999751
1772701147.322592735 -3.373605 -0.369131 0.254013 0.005121 -0.021995 -0.004195 0.999736
1772701147.470822334 -3.445977 -0.367269 0.249140 0.004863 -0.021692 -0.003642 0.999746
1772701147.570884943 -3.495908 -0.366338 0.254422 0.004778 -0.021000 -0.003510 0.999762
1772701147.623241663 -3.523939 -0.366800 0.258632 0.005245 -0.020679 -0.003330 0.999767
1772701147.725056648 -3.578801 -0.366041 0.263022 0.005265 -0.020916 -0.003270 0.999762
1772701147.822332621 -3.629280 -0.368406 0.267331 0.005237 -0.020804 -0.003042 0.999765
1772701147.922588587 -3.678955 -0.370756 0.267915 0.005005 -0.020653 -0.002679 0.999771
1772701148.023331642 -3.725466 -0.377196 0.267587 0.005535 -0.019999 -0.002387 0.999782
1772701148.126145601 -3.769858 -0.383098 0.269259 0.005065 -0.019841 -0.002208 0.999788
1772701148.270135641 -3.829887 -0.385818 0.269519 0.005322 -0.019927 -0.001408 0.999786
1772701148.322849751 -3.856752 -0.385277 0.272656 0.005029 -0.019756 -0.001598 0.999791
1772701148.423639774 -3.907549 -0.385304 0.277635 0.004678 -0.019442 -0.001262 0.999799
1772701148.523948669 -3.952062 -0.386330 0.278960 0.004992 -0.019163 -0.001168 0.999803
1772701148.670314550 -4.014673 -0.389473 0.283031 0.005128 -0.018501 -0.000689 0.999816
1772701148.770390511 -4.066849 -0.389115 0.284381 0.004677 -0.018127 -0.000314 0.999825
1772701148.823376656 -4.095684 -0.388963 0.286076 0.004908 -0.017954 -0.000285 0.999827
1772701148.923982620 -4.142216 -0.388828 0.287756 0.004133 -0.017937 -0.000555 0.999830
1772701149.023233652 -4.187397 -0.390889 0.290610 0.005209 -0.017085 -0.000041 0.999841
1772701149.124303579 -4.233501 -0.390656 0.296883 0.004397 -0.017583 0.000229 0.999836
1772701149.223968744 -4.270667 -0.393516 0.296201 0.004490 -0.017035 0.000057 0.999845
1772701149.370342493 -4.317053 -0.397960 0.297554 0.005089 -0.018021 0.000536 0.999825
1772701149.423019648 -4.333249 -0.398064 0.301480 0.004539 -0.017714 0.000310 0.999833
1772701149.524021626 -4.359321 -0.398998 0.301608 0.004812 -0.017412 0.000893 0.999837
1772701149.624671698 -4.375685 -0.399676 0.300662 0.004897 -0.017130 0.000849 0.999841
1772701149.724349737 -4.391823 -0.398880 0.302085 0.004341 -0.016591 0.000784 0.999853
1772701149.824177742 -4.406276 -0.398515 0.305095 0.004390 -0.016928 0.000879 0.999847
1772701149.924022675 -4.414610 -0.398797 0.304487 0.004483 -0.016622 0.000878 0.999852
1772701150.024376631 -4.419145 -0.399103 0.306633 0.004273 -0.016654 0.000888 0.999852
1772701150.124650717 -4.422104 -0.399048 0.306461 0.004327 -0.016419 0.000960 0.999856
1772701150.224305630 -4.424379 -0.398997 0.306711 0.004295 -0.016411 0.000938 0.999856
1772701150.324722767 -4.425888 -0.398148 0.307017 0.004351 -0.016497 0.001046 0.999854
1772701150.425032616 -4.426442 -0.399501 0.306542 0.004261 -0.016378 0.001163 0.999856
1772701150.524784565 -4.427385 -0.401090 0.307244 0.004127 -0.016419 0.001116 0.999856
1772701150.627296686 -4.428517 -0.402651 0.307967 0.004332 -0.016284 0.001171 0.999857
1772701150.725820780 -4.429604 -0.404346 0.308352 0.004370 -0.016376 0.001152 0.999856
1772701150.825212717 -4.429395 -0.405722 0.309492 0.004297 -0.016276 0.001175 0.999858
1772701150.925180674 -4.430538 -0.406253 0.310430 0.004386 -0.016237 0.001261 0.999858
1772701151.024611712 -4.432294 -0.405366 0.309757 0.004302 -0.016419 0.001205 0.999855
1772701151.125553608 -4.432813 -0.404957 0.307835 0.004338 -0.016202 0.001283 0.999859
1772701151.225480556 -4.432680 -0.404817 0.307449 0.004238 -0.016239 0.001236 0.999859
1772701151.325310707 -4.432805 -0.404611 0.306283 0.004304 -0.016235 0.001177 0.999858
1772701151.425403595 -4.432175 -0.405233 0.307030 0.004292 -0.016115 0.001241 0.999860
1772701151.524950743 -4.431993 -0.405660 0.306795 0.004131 -0.016277 0.001124 0.999859
1772701151.625446558 -4.432176 -0.406320 0.308413 0.004337 -0.016112 0.001237 0.999860
1772701151.725410700 -4.432154 -0.406321 0.307895 0.004354 -0.016147 0.001286 0.999859
1772701151.825207710 -4.433411 -0.405704 0.308190 0.004287 -0.016031 0.001313 0.999862
1772701151.926084757 -4.433061 -0.405787 0.308704 0.004206 -0.016088 0.001333 0.999861
1772701152.025693655 -4.433797 -0.406327 0.309072 0.004155 -0.016293 0.001316 0.999858
1772701152.125577688 -4.435152 -0.406006 0.307334 0.004169 -0.016253 0.001436 0.999858
1772701152.225963593 -4.435796 -0.406251 0.307377 0.004118 -0.015951 0.001442 0.999863
1772701152.325652599 -4.435989 -0.405918 0.307424 0.004087 -0.016017 0.001478 0.999862
1772701152.426648617 -4.436492 -0.404712 0.307725 0.004016 -0.015951 0.001510 0.999864
1772701152.526131630 -4.436418 -0.403977 0.307301 0.004015 -0.016125 0.001509 0.999861
1772701152.625816584 -4.436254 -0.404624 0.307089 0.004014 -0.015989 0.001462 0.999863
1772701152.726028681 -4.436164 -0.406286 0.306607 0.004146 -0.015793 0.001535 0.999866
1772701152.826224566 -4.433892 -0.407203 0.307279 0.003981 -0.016017 0.001539 0.999863
1772701152.926306725 -4.433040 -0.407167 0.306413 0.003932 -0.016206 0.001519 0.999860
1772701153.026173592 -4.431165 -0.406515 0.306821 0.003922 -0.016146 0.001614 0.999861
1772701153.126259565 -4.429106 -0.405130 0.307345 0.003866 -0.016315 0.001572 0.999858
1772701153.227077723 -4.427411 -0.403189 0.307226 0.003849 -0.016351 0.001832 0.999857
1772701153.327079773 -4.424782 -0.402580 0.308309 0.003850 -0.016497 0.001840 0.999855
1772701153.426599741 -4.423251 -0.402624 0.309668 0.003864 -0.016555 0.001917 0.999854
1772701153.526500702 -4.420953 -0.403276 0.310635 0.003879 -0.016810 0.001924 0.999849
1772701153.627269745 -4.418467 -0.404187 0.311286 0.003732 -0.016857 0.002055 0.999849
1772701153.727082729 -4.416918 -0.404387 0.312919 0.003943 -0.016989 0.002008 0.999846
1772701153.827653646 -4.414573 -0.403870 0.314781 0.003931 -0.017085 0.002080 0.999844
1772701153.927080631 -4.411834 -0.403392 0.316401 0.003834 -0.017505 0.002103 0.999837
1772701154.027417660 -4.408986 -0.404627 0.317287 0.003891 -0.017437 0.002135 0.999838
1772701154.127416611 -4.406793 -0.405412 0.318189 0.003847 -0.017676 0.002019 0.999835
1772701154.227113724 -4.404939 -0.407168 0.318330 0.003708 -0.017685 0.001927 0.999835
1772701154.327419758 -4.404787 -0.408333 0.319417 0.003956 -0.017779 0.001898 0.999832
1772701154.427840710 -4.404655 -0.407903 0.319787 0.003751 -0.017933 0.001931 0.999830
1772701154.527078629 -4.404436 -0.407347 0.318107 0.003717 -0.017867 0.001909 0.999832
1772701154.627374649 -4.404626 -0.407723 0.319264 0.003727 -0.017882 0.001935 0.999832
1772701154.727126598 -4.404226 -0.407518 0.319092 0.003835 -0.018059 0.001846 0.999828
1772701154.828901768 -4.403821 -0.407240 0.318514 0.003798 -0.017922 0.001905 0.999831
1772701154.928402662 -4.403766 -0.406820 0.318229 0.003795 -0.018069 0.001797 0.999828
1772701155.027711630 -4.404760 -0.406776 0.316577 0.003745 -0.017783 0.001703 0.999834
1772701155.127262592 -4.404853 -0.406895 0.317603 0.003781 -0.017961 0.001733 0.999830
1772701155.227852583 -4.404435 -0.407748 0.317327 0.003721 -0.018107 0.001645 0.999828
1772701155.327814579 -4.403956 -0.409150 0.316906 0.003850 -0.017977 0.001742 0.999830
1772701155.428074598 -4.403307 -0.410009 0.316646 0.003787 -0.017881 0.001754 0.999832
1772701155.527720690 -4.402385 -0.409812 0.317090 0.003786 -0.018028 0.001846 0.999829
1772701155.629574776 -4.400125 -0.408469 0.315756 0.003615 -0.018074 0.001809 0.999829
1772701155.727831602 -4.398880 -0.407272 0.316137 0.003750 -0.018158 0.001858 0.999827
1772701155.828674555 -4.398807 -0.405623 0.315274 0.003741 -0.018069 0.001800 0.999828
1772701155.927828550 -4.398893 -0.404096 0.314841 0.003870 -0.018164 0.001731 0.999826
1772701156.028641701 -4.397875 -0.402652 0.313780 0.003724 -0.018158 0.001806 0.999827
1772701156.129576683 -4.397185 -0.401188 0.313579 0.003775 -0.018124 0.001861 0.999827
1772701156.227806568 -4.396164 -0.398680 0.313879 0.003825 -0.018161 0.001812 0.999826
1772701156.328368664 -4.394962 -0.395884 0.313953 0.003890 -0.018096 0.001852 0.999827
1772701156.428978682 -4.394461 -0.393711 0.314590 0.003933 -0.018213 0.001873 0.999825
1772701156.528896570 -4.393713 -0.392250 0.314680 0.003996 -0.018297 0.001950 0.999823
1772701156.628944635 -4.358934 -0.385002 0.351286 0.005889 -0.021805 0.001427 0.999744
1772701156.728615761 -4.356335 -0.383565 0.352512 0.005932 -0.021958 0.001464 0.999740
1772701156.829249620 -4.353715 -0.383094 0.354153 0.006075 -0.021779 0.001454 0.999743
1772701156.929669619 -4.350939 -0.383980 0.355757 0.005839 -0.022193 0.001461 0.999736
1772701157.029183626 -4.348205 -0.385179 0.354059 0.006033 -0.021933 0.001392 0.999740
1772701157.128744602 -4.346910 -0.386099 0.354870 0.005935 -0.021878 0.001347 0.999742
1772701157.229623556 -4.344408 -0.386349 0.355317 0.005921 -0.021896 0.001334 0.999742
1772701157.329579592 -4.342795 -0.387803 0.354111 0.005908 -0.021945 0.001233 0.999741
1772701157.429279566 -4.341925 -0.390622 0.352678 0.006048 -0.021665 0.001192 0.999746
1772701157.530483723 -4.340203 -0.393770 0.352113 0.006003 -0.021827 0.000933 0.999743
1772701157.630307674 -4.338486 -0.395734 0.351145 0.005923 -0.021682 0.000977 0.999747
1772701157.729523659 -4.337579 -0.397512 0.350004 0.006018 -0.021771 0.000787 0.999745
1772701157.829563618 -4.336841 -0.398345 0.349263 0.005992 -0.021629 0.000836 0.999748
1772701157.929731607 -4.336346 -0.398421 0.349441 0.005995 -0.021684 0.000704 0.999747
1772701158.030615568 -4.336178 -0.398126 0.349309 0.006058 -0.021615 0.000649 0.999748
1772701158.129582644 -4.337286 -0.398247 0.350229 0.006104 -0.021636 0.000582 0.999747
1772701158.229523659 -4.339266 -0.397862 0.350373 0.006127 -0.021637 0.000649 0.999747
1772701158.329863548 -4.341238 -0.397543 0.350562 0.005966 -0.021660 0.000559 0.999747
1772701158.430276632 -4.341815 -0.397186 0.350680 0.006102 -0.021512 0.000508 0.999750
1772701158.531415701 -4.343501 -0.397202 0.351691 0.006194 -0.021488 0.000529 0.999750
1772701158.630110741 -4.345359 -0.397495 0.352337 0.006101 -0.021695 0.000468 0.999746
1772701158.729837656 -4.346754 -0.398806 0.352775 0.006195 -0.021735 0.000484 0.999744
1772701158.830670595 -4.348608 -0.399927 0.353938 0.006101 -0.021777 0.000584 0.999744
1772701158.930150747 -4.350809 -0.400356 0.355510 0.006275 -0.021904 0.000453 0.999740
1772701159.030285597 -4.353662 -0.399248 0.357859 0.006302 -0.021921 0.000585 0.999740
1772701159.130442619 -4.354843 -0.398190 0.359967 0.006369 -0.022208 0.000485 0.999733
1772701159.230433702 -4.353823 -0.398158 0.360639 0.006356 -0.022427 0.000500 0.999728
1772701159.330592632 -4.354655 -0.398609 0.360608 0.006631 -0.022387 0.000510 0.999727
1772701159.430903673 -4.355808 -0.397312 0.361253 0.006688 -0.022301 0.000445 0.999729
1772701159.530350685 -4.357138 -0.394397 0.361811 0.006678 -0.022602 0.000544 0.999722
1772701159.630956650 -4.358591 -0.391899 0.362679 0.006668 -0.022554 0.000622 0.999723
1772701159.730938673 -4.359053 -0.389534 0.362025 0.006701 -0.022806 0.000513 0.999717
1772701159.831060648 -4.359236 -0.388479 0.362972 0.006769 -0.022723 0.000630 0.999719
1772701159.930737734 -4.359058 -0.387903 0.363097 0.006839 -0.022868 0.000542 0.999715
1772701160.031374693 -4.359017 -0.386763 0.363349 0.006826 -0.022839 0.000739 0.999716
1772701160.131385565 -4.359220 -0.386073 0.362405 0.007006 -0.022671 0.000692 0.999718
1772701160.230723619 -4.358747 -0.385842 0.362093 0.006944 -0.022557 0.000651 0.999721
1772701160.330785751 -4.357811 -0.384614 0.362050 0.006967 -0.022709 0.000604 0.999718
1772701160.431338549 -4.356618 -0.383725 0.361609 0.006769 -0.022739 0.000544 0.999718
1772701160.531667709 -4.356874 -0.383811 0.361526 0.006824 -0.022771 0.000463 0.999717
1772701160.632016659 -4.357341 -0.383538 0.361730 0.007085 -0.022511 0.000548 0.999721
1772701160.731382608 -4.357663 -0.383118 0.363300 0.006930 -0.022851 0.000509 0.999715
1772701160.831231594 -4.358159 -0.383924 0.364607 0.006958 -0.022906 0.000459 0.999713
1772701160.931672573 -4.359943 -0.383739 0.363090 0.006842 -0.022805 0.000507 0.999716
1772701161.031690598 -4.361464 -0.384315 0.362832 0.006960 -0.022702 0.000476 0.999718
1772701161.131469727 -4.361802 -0.385309 0.363272 0.006932 -0.022781 0.000465 0.999716
1772701161.231918573 -4.360744 -0.384517 0.363951 0.006835 -0.022848 0.000497 0.999715
1772701161.332212687 -4.359560 -0.383501 0.364587 0.006954 -0.022923 0.000426 0.999713
1772701161.431074619 -4.358272 -0.383375 0.365046 0.006878 -0.022954 0.000298 0.999713
1772701161.531797647 -4.357616 -0.384559 0.364050 0.006934 -0.022767 0.000327 0.999717
1772701161.631656647 -4.357780 -0.386573 0.365428 0.006867 -0.022774 0.000389 0.999717
1772701161.732201576 -4.357878 -0.388430 0.365389 0.006711 -0.023082 0.000288 0.999711
1772701161.832418680 -4.358992 -0.389025 0.364734 0.006878 -0.022867 0.000275 0.999715
1772701161.931679726 -4.358679 -0.389565 0.364474 0.006752 -0.022971 0.000210 0.999713
1772701162.033447742 -4.357428 -0.390189 0.364419 0.006793 -0.022812 0.000304 0.999717
1772701162.132523775 -4.358595 -0.390639 0.364144 0.006890 -0.022812 0.000246 0.999716
1772701162.232035637 -4.359674 -0.390751 0.364191 0.006798 -0.023076 0.000199 0.999711
1772701162.331736565 -4.360977 -0.390613 0.365253 0.006857 -0.022968 0.000275 0.999713
1772701162.432016611 -4.360860 -0.390882 0.364605 0.007005 -0.022674 0.000327 0.999718
1772701162.532875776 -4.360256 -0.389693 0.364276 0.006961 -0.022659 0.000308 0.999719
1772701162.632523775 -4.360066 -0.387832 0.364514 0.006888 -0.022967 0.000343 0.999713
1772701162.732345581 -4.360801 -0.386232 0.364168 0.006876 -0.022782 0.000243 0.999717
1772701162.832759619 -4.361227 -0.384122 0.363794 0.006810 -0.022878 0.000277 0.999715
1772701162.932931662 -4.360339 -0.382796 0.363194 0.007039 -0.022683 0.000169 0.999718
1772701163.032602549 -4.360168 -0.382141 0.362444 0.006870 -0.022921 0.000271 0.999714
1772701163.132541656 -4.359942 -0.382690 0.361134 0.006881 -0.022804 0.000222 0.999716
1772701163.234208584 -4.357796 -0.384219 0.360790 0.006973 -0.022726 0.000238 0.999717
1772701163.332597733 -4.356637 -0.384724 0.360667 0.006906 -0.022945 0.000259 0.999713
1772701163.435203552 -4.355664 -0.385921 0.361084 0.006962 -0.022722 0.000252 0.999718
1772701163.532666683 -4.356071 -0.388298 0.360803 0.006827 -0.022950 0.000099 0.999713
1772701163.633358002 -4.356527 -0.390884 0.361265 0.006849 -0.022947 0.000242 0.999713
1772701163.734459639 -4.356483 -0.393101 0.361354 0.007000 -0.022825 0.000299 0.999715
1772701163.833296776 -4.357168 -0.394544 0.361635 0.006849 -0.022812 0.000292 0.999716
1772701163.933152676 -4.357842 -0.394324 0.363253 0.006839 -0.022839 0.000348 0.999716
1772701164.033457756 -4.358220 -0.394276 0.363932 0.006725 -0.022897 0.000315 0.999715
1772701164.133421659 -4.358540 -0.394283 0.363220 0.006986 -0.022748 0.000314 0.999717
1772701164.233079672 -4.358552 -0.394404 0.362739 0.006738 -0.022731 0.000323 0.999719
1772701164.333194733 -4.358632 -0.393975 0.362422 0.006823 -0.022835 0.000361 0.999716
1772701164.433957577 -4.358059 -0.393338 0.363193 0.006677 -0.022630 0.000466 0.999721
1772701164.533980608 -4.357370 -0.392002 0.361801 0.006776 -0.022799 0.000476 0.999717
1772701164.633476734 -4.358759 -0.390460 0.360780 0.006761 -0.022655 0.000551 0.999720
1772701164.733971596 -4.358698 -0.390695 0.360466 0.006843 -0.022561 0.000635 0.999722
1772701164.834186554 -4.359071 -0.391330 0.360326 0.006663 -0.022686 0.000583 0.999720
1772701164.934115648 -4.360083 -0.391175 0.360027 0.006845 -0.022467 0.000629 0.999724
1772701165.033750772 -4.359813 -0.390839 0.359117 0.006691 -0.022472 0.000614 0.999725
1772701165.134350777 -4.359705 -0.390659 0.359077 0.006860 -0.022424 0.000600 0.999725
1772701165.234635592 -4.360285 -0.390312 0.360197 0.006753 -0.022549 0.000698 0.999723
1772701165.333887577 -4.361643 -0.390321 0.359777 0.006795 -0.022566 0.000565 0.999722
1772701165.433974743 -4.364159 -0.390753 0.359874 0.006825 -0.022338 0.000646 0.999727
1772701165.534543753 -4.364752 -0.389650 0.359944 0.006838 -0.022410 0.000586 0.999725
1772701165.634851694 -4.364675 -0.387593 0.360215 0.006709 -0.022471 0.000613 0.999725
1772701165.734729767 -4.365669 -0.384611 0.359928 0.006852 -0.022281 0.000725 0.999728
1772701165.835615635 -4.366670 -0.382164 0.361355 0.006809 -0.022465 0.000649 0.999724
1772701165.934515715 -4.365592 -0.380756 0.361459 0.006755 -0.022585 0.000571 0.999722
1772701166.038912773 -4.364712 -0.380878 0.360939 0.006937 -0.022301 0.000812 0.999727
1772701166.135078669 -4.365496 -0.381693 0.360166 0.006910 -0.022364 0.000648 0.999726
1772701166.234873772 -4.367108 -0.382078 0.359777 0.006963 -0.022397 0.000716 0.999725
1772701166.334300756 -4.367514 -0.382263 0.360419 0.006862 -0.022456 0.000609 0.999724
1772701166.435400724 -4.366328 -0.382516 0.361229 0.006784 -0.022559 0.000611 0.999722
1772701166.534794569 -4.366305 -0.382781 0.361967 0.006811 -0.022572 0.000617 0.999722
1772701166.635036707 -4.364785 -0.383012 0.362222 0.006897 -0.022476 0.000617 0.999723
1772701166.734858751 -4.362991 -0.383274 0.363645 0.006711 -0.022633 0.000524 0.999721
1772701166.835713625 -4.361082 -0.383657 0.363731 0.006843 -0.022471 0.000598 0.999724
1772701166.935651779 -4.359933 -0.383736 0.362717 0.006707 -0.022554 0.000514 0.999723
1772701167.036699772 -4.361253 -0.384677 0.362113 0.006764 -0.022334 0.000494 0.999728
1772701167.134925604 -4.362321 -0.385660 0.362354 0.006664 -0.022527 0.000435 0.999724
1772701167.235738754 -4.362014 -0.385971 0.361761 0.006624 -0.022443 0.000339 0.999726
1772701167.336165667 -4.360729 -0.386074 0.361071 0.006633 -0.022487 0.000337 0.999725
1772701167.435908556 -4.360378 -0.385916 0.361529 0.006696 -0.022519 0.000165 0.999724
1772701167.535438776 -4.359504 -0.385841 0.361204 0.006747 -0.022563 0.000109 0.999723
1772701167.635878563 -4.358780 -0.385259 0.361722 0.006732 -0.022427 0.000090 0.999726
1772701167.735451698 -4.358117 -0.385257 0.361527 0.006833 -0.022483 0.000041 0.999724
1772701167.835495710 -4.358313 -0.385844 0.362786 0.006844 -0.022392 0.000147 0.999726
1772701167.936075687 -4.358612 -0.385588 0.363295 0.006803 -0.022613 0.000135 0.999721
1772701168.036574602 -4.358619 -0.385404 0.363705 0.006835 -0.022576 0.000240 0.999722
1772701168.138196707 -4.358082 -0.386112 0.363868 0.006712 -0.022711 0.000221 0.999720
1772701168.240571737 -4.357495 -0.387110 0.364941 0.006770 -0.022738 0.000218 0.999719
1772701168.335764647 -4.358151 -0.387542 0.364560 0.006870 -0.022820 0.000265 0.999716
1772701168.435995579 -4.357852 -0.388248 0.365824 0.006649 -0.023007 0.000363 0.999713
1772701168.536427736 -4.355978 -0.389398 0.365386 0.006908 -0.022877 0.000233 0.999714
1772701168.636056662 -4.354827 -0.390653 0.366100 0.006891 -0.022887 0.000218 0.999714
1772701168.737037659 -4.354305 -0.390419 0.365960 0.006877 -0.023072 0.000206 0.999710
1772701168.836933613 -4.353873 -0.390733 0.366722 0.006751 -0.022935 0.000225 0.999714
1772701168.936774731 -4.353557 -0.391791 0.366411 0.006741 -0.023186 0.000183 0.999708
1772701169.036499739 -4.354523 -0.391418 0.366426 0.006787 -0.023128 0.000212 0.999709
1772701169.136740685 -4.356039 -0.390908 0.366199 0.006942 -0.023067 0.000137 0.999710
1772701169.238642693 -4.356540 -0.389811 0.366091 0.006898 -0.023002 0.000250 0.999712
1772701169.337272644 -4.357305 -0.388121 0.366834 0.006884 -0.023059 0.000164 0.999710
1772701169.436840773 -4.357489 -0.386220 0.366857 0.006840 -0.023010 0.000236 0.999712
1772701169.537258625 -4.356253 -0.384602 0.365572 0.006825 -0.023045 0.000281 0.999711
1772701169.639037609 -4.354292 -0.383088 0.364503 0.006965 -0.022968 0.000252 0.999712
1772701169.737458706 -4.355417 -0.382287 0.363727 0.006770 -0.023016 0.000271 0.999712
1772701169.837750673 -4.356389 -0.382968 0.363182 0.006724 -0.023094 0.000257 0.999711
1772701169.937349558 -4.356243 -0.382982 0.363597 0.006889 -0.023142 0.000295 0.999708
1772701170.039182663 -4.355770 -0.384349 0.363387 0.006908 -0.022986 0.000323 0.999712
1772701170.137656689 -4.356586 -0.384969 0.362712 0.006815 -0.023156 0.000367 0.999708
1772701170.238804579 -4.356516 -0.385655 0.362966 0.006930 -0.023029 0.000446 0.999711
1772701170.337396622 -4.356238 -0.386775 0.363890 0.006870 -0.023140 0.000358 0.999709
1772701170.437479734 -4.355097 -0.386518 0.363267 0.006923 -0.023041 0.000423 0.999710
1772701170.538837671 -4.354150 -0.386318 0.364161 0.006854 -0.023262 0.000346 0.999706
1772701170.637605667 -4.352553 -0.386466 0.364729 0.006823 -0.023279 0.000370 0.999706
1772701170.738316774 -4.350983 -0.386489 0.366119 0.006880 -0.023424 0.000337 0.999702
1772701170.837842703 -4.349252 -0.386977 0.365872 0.007005 -0.023192 0.000296 0.999706
1772701170.942254543 -4.346184 -0.387757 0.365298 0.006991 -0.023162 0.000208 0.999707
1772701171.037879705 -4.345115 -0.388406 0.364479 0.006875 -0.023233 0.000143 0.999706
1772701171.138405561 -4.344160 -0.389736 0.365124 0.006987 -0.023350 0.000146 0.999703
1772701171.239187717 -4.343088 -0.389999 0.365434 0.006828 -0.023339 0.000170 0.999704
1772701171.339073658 -4.343126 -0.389614 0.365620 0.006762 -0.023407 0.000222 0.999703
1772701171.439055681 -4.343933 -0.389584 0.364301 0.006872 -0.023504 0.000147 0.999700
1772701171.537972689 -4.344865 -0.389365 0.363011 0.006811 -0.023360 0.000228 0.999704
1772701171.639416695 -4.344222 -0.389158 0.363803 0.006819 -0.023343 0.000408 0.999704
1772701171.739403725 -4.343397 -0.388635 0.363250 0.006842 -0.023519 0.000436 0.999700
1772701171.838211775 -4.343045 -0.387132 0.363137 0.006869 -0.023339 0.000394 0.999704
1772701171.938531637 -4.342096 -0.385570 0.362415 0.006806 -0.023436 0.000421 0.999702
1772701172.040358543 -4.340715 -0.385781 0.363370 0.006795 -0.023472 0.000437 0.999701
1772701172.138873577 -4.340388 -0.386221 0.362912 0.006862 -0.023556 0.000440 0.999699
1772701172.238544703 -4.340442 -0.386759 0.363507 0.006753 -0.023488 0.000373 0.999701
1772701172.338802576 -4.340251 -0.387884 0.363759 0.006913 -0.023455 0.000423 0.999701
1772701172.439564705 -4.339887 -0.388248 0.364785 0.006722 -0.023465 0.000523 0.999702
1772701172.539790630 -4.340180 -0.389247 0.365113 0.006666 -0.023683 0.000431 0.999697
1772701172.640415668 -4.340814 -0.390612 0.364024 0.006801 -0.023349 0.000427 0.999704
1772701172.738641739 -4.340258 -0.391066 0.363638 0.006794 -0.023403 0.000491 0.999703
1772701172.841989756 -4.339980 -0.391821 0.363252 0.006553 -0.023502 0.000533 0.999702
1772701172.939978600 -4.340248 -0.393016 0.362853 0.006626 -0.023439 0.000544 0.999703
1772701173.038983583 -4.340505 -0.393176 0.363211 0.006725 -0.023487 0.000532 0.999701
1772701173.139016628 -4.340394 -0.392315 0.363248 0.006725 -0.023421 0.000657 0.999703
1772701173.241625547 -4.336930 -0.389464 0.363900 0.006606 -0.023483 0.000635 0.999702
