x,y,z,yaw
-0.007255,0.01178,-0.007725,0.258800834037354
-0.006936,0.012972,-0.00703,0.251353763058853
-0.006991,0.012935,-0.007707,0.256262920885771
-0.006655,0.012908,-0.007367,0.248179954403711
-0.006145,0.01253,-0.008006,0.245707330019369
-0.006117,0.012312,-0.008244,0.244156049582381
-0.005988,0.012376,-0.007622,0.243702086799302
-0.005312,0.012206,-0.007951,0.241993789437195
-0.00467,0.012932,-0.008338,0.252045971634884
-0.003071,0.014221,-0.007528,0.251113899011806
-0.001816,0.014311,-0.007496,0.250654790998388
-0.002132,0.013692,-0.007741,0.245488362367088
-0.002379,0.013238,-0.007201,0.247258332964009
-0.002412,0.012814,-0.006648,0.244953218035977
-0.001972,0.012172,-0.007947,0.251462501465635
-0.001097,0.012201,-0.00806,0.247983902439525
-0.001295,0.012623,-0.008491,0.251331532268492
-0.002659,0.013039,-0.007928,0.245513549863059
-0.003072,0.012654,-0.008616,0.254032838147635
-0.002494,0.012701,-0.007891,0.250257550096777
-0.002419,0.012709,-0.006844,0.24652340879481
-0.00346,0.012815,-0.00737,0.245039446854178
-0.003835,0.012632,-0.007533,0.249844466002752
-0.003185,0.013017,-0.007929,0.245239580380213
-0.002329,0.013901,-0.008267,0.249167399747094
-0.001835,0.014816,-0.007838,0.247443214771206
-0.001252,0.015114,-0.007931,0.242149709298292
-0.001889,0.014864,-0.00722,0.238987334674639
-0.002215,0.014518,-0.007028,0.238737791770015
-0.001754,0.014018,-0.007504,0.24639863344988
-0.001685,0.013305,-0.008057,0.251538594709272
-0.002013,0.013012,-0.008975,0.238853437280308
-0.001779,0.012265,-0.008906,0.237987428311789
-0.001026,0.012775,-0.008454,0.24710242148549
-0.00004,0.012625,-0.008755,0.247856364904254
-0.000027,0.012106,-0.007735,0.239800434279805
-0.000451,0.012649,-0.008112,0.24029300605412
-0.001168,0.012476,-0.008398,0.239065066751523
-0.002017,0.012098,-0.008704,0.243815375026549
-0.003425,0.011692,-0.008505,0.242796685343093
-0.002888,0.011688,-0.008649,0.234925268761543
-0.00212,0.012116,-0.007959,0.24949483163416
-0.002281,0.012757,-0.007055,0.236507122612743
-0.002217,0.011944,-0.007731,0.238676464047793
-0.002082,0.011211,-0.007839,0.235888357628012
-0.002384,0.010514,-0.007296,0.229462374631795
-0.003786,0.01031,-0.006438,0.229630009646947
-0.004851,0.010329,-0.006951,0.24424911917839
-0.005433,0.009833,-0.00723,0.239832463543717
-0.006065,0.009182,-0.007415,0.234755420916995
-0.006403,0.008992,-0.007769,0.235041982409289
-0.006188,0.00986,-0.008488,0.24465922730807
-0.006071,0.010613,-0.00833,0.24576328453951
-0.006448,0.011051,-0.007647,0.243306428998462
-0.005897,0.011444,-0.007125,0.236237356335725
-0.005934,0.012047,-0.006273,0.238428507319146
-0.005646,0.012359,-0.006407,0.249455870016979
-0.004345,0.011669,-0.006766,0.246845989736383
-0.003232,0.010813,-0.008228,0.238591677487004
-0.003255,0.010452,-0.008007,0.240830455881542
-0.003866,0.010116,-0.008299,0.23590710906491
-0.003871,0.009777,-0.008096,0.237638449011223
-0.003557,0.010195,-0.006455,0.243595670506923
-0.002957,0.011389,-0.006027,0.236544965994982
-0.003211,0.011916,-0.006354,0.241054980642765
-0.002942,0.012455,-0.006844,0.238605540251135
-0.002278,0.013383,-0.006898,0.246254849450753
-0.002228,0.013906,-0.007485,0.246335135289016
-0.002148,0.012321,-0.007798,0.256324860246968
-0.002209,0.010749,-0.007687,0.24725511047559
-0.002652,0.010826,-0.007785,0.249531356396073
-0.002422,0.012293,-0.007455,0.249898440335765
-0.002283,0.013508,-0.007308,0.250415459265452
-0.003108,0.013236,-0.007986,0.236879796982926
-0.003468,0.012001,-0.007898,0.234252960385218
-0.003671,0.011159,-0.007667,0.242841500315174
-0.004076,0.011242,-0.007022,0.242784407299572
-0.004346,0.011239,-0.007517,0.244643817399665
-0.004085,0.010916,-0.00717,0.246707138100844
-0.004362,0.011555,-0.007847,0.233784018299622
-0.003955,0.011817,-0.008248,0.232687921554401
-0.002594,0.011618,-0.008155,0.24302726873218
-0.002186,0.011717,-0.007776,0.24659499563811
-0.002317,0.010992,-0.007336,0.242314206544756
-0.002524,0.010267,-0.007299,0.243427231553149
-0.002581,0.010571,-0.006928,0.244295365331387
-0.003359,0.010009,-0.008005,0.2466046484092
-0.00277,0.009136,-0.007946,0.240636653860126
-0.001515,0.009355,-0.008403,0.227886070319501
-0.000982,0.010366,-0.007917,0.235160088044192
-0.000748,0.010902,-0.007355,0.241008471019737
-0.00133,0.010949,-0.00776,0.243557624240456
-0.003392,0.011004,-0.007078,0.238780060439014
-0.004848,0.01101,-0.006446,0.23814268661902
-0.004136,0.010233,-0.006791,0.242328499400457
-0.003154,0.00846,-0.007659,0.241056672176183
-0.003106,0.007973,-0.008227,0.241833273552694
-0.002766,0.009127,-0.007272,0.245666773861884
-0.003092,0.010023,-0.007215,0.244935024013145
-0.002656,0.009476,-0.007657,0.231538985060187
-0.001545,0.00816,-0.007692,0.241814859581677
-0.000788,0.008161,-0.007474,0.225533357486178
-0.001288,0.008959,-0.00725,0.216403586036305
-0.002204,0.010351,-0.007067,0.232632963364319
-0.002,0.010988,-0.006868,0.246647368685404
-0.000675,0.011228,-0.007772,0.225749422676422
-0.000831,0.010397,-0.008127,0.233773305313813
-0.001427,0.009418,-0.007973,0.23490277391086
-0.00205,0.009496,-0.008083,0.231630723969317
-0.003092,0.009506,-0.007935,0.233321023892898
-0.004093,0.009269,-0.007917,0.235406197835123
-0.005101,0.008859,-0.007647,0.230588097149792
-0.004901,0.008838,-0.007714,0.232999595259361
-0.003165,0.009195,-0.007332,0.229616318237595
-0.001996,0.009473,-0.007062,0.237207602215547
-0.001973,0.010419,-0.0075,0.247076656922891
-0.002604,0.012083,-0.007772,0.243798499802688
-0.002843,0.011985,-0.008326,0.24602082331937
-0.002783,0.011371,-0.008397,0.247099482179002
-0.002571,0.011305,-0.008136,0.250054292662054
-0.002456,0.010693,-0.008139,0.245287889456586
-0.002722,0.010949,-0.008089,0.237679380167067
-0.002713,0.011652,-0.007751,0.241054334929245
-0.002204,0.012167,-0.007323,0.24313598552165
-0.001621,0.011963,-0.006383,0.245464477636346
-0.00208,0.011708,-0.006593,0.246479561926101
-0.001587,0.011838,-0.007387,0.235876814379532
-0.001126,0.01115,-0.007605,0.241432526732253
-0.002374,0.010966,-0.007837,0.236975416951301
-0.003154,0.011167,-0.008515,0.249762988899551
-0.003061,0.010666,-0.008375,0.244031241493225
-0.002437,0.009963,-0.00787,0.240895642333974
-0.002942,0.00983,-0.007877,0.249817097484806
-0.004214,0.010846,-0.007432,0.249406345042426
-0.004374,0.011571,-0.00756,0.241512591883764
-0.004628,0.011506,-0.008209,0.246630201679068
-0.005365,0.010641,-0.007868,0.244937071877609
-0.005765,0.008979,-0.007707,0.234685759490048
-0.005389,0.007854,-0.008508,0.237092018551358
-0.004637,0.00901,-0.007688,0.237675718447256
-0.004916,0.010406,-0.007156,0.238598300218035
-0.004177,0.011466,-0.007042,0.241189299000521
-0.003564,0.012027,-0.007926,0.243645924763556
-0.004074,0.012095,-0.008677,0.238731290153741
-0.004022,0.011462,-0.008644,0.244719604863227
-0.003513,0.010831,-0.007854,0.248178339519027
-0.002974,0.010265,-0.007284,0.242231482200204
-0.00314,0.010942,-0.007156,0.243149283613257
-0.003234,0.012185,-0.007571,0.245781281911958
-0.003213,0.012682,-0.007914,0.236319302188321
-0.003176,0.012495,-0.008312,0.238435674718918
-0.003435,0.011945,-0.008261,0.23183949977387
-0.003575,0.011882,-0.008824,0.238861555967412
-0.00335,0.011799,-0.008618,0.238221524744227
-0.002801,0.011828,-0.008688,0.242711169248694
-0.003068,0.011313,-0.008905,0.249018866807975
-0.0031,0.010914,-0.008297,0.237696965122136
-0.00299,0.011079,-0.008059,0.239629581421457
-0.002728,0.010692,-0.008015,0.237244025493794
-0.002661,0.009807,-0.008083,0.236576167280447
-0.00235,0.009483,-0.008008,0.232839887908801
-0.001513,0.010151,-0.007126,0.237972646028294
-0.000807,0.010432,-0.007351,0.241437106106285
-0.001959,0.010222,-0.00791,0.241508793314872
-0.003859,0.010446,-0.007455,0.240519218516295
-0.004555,0.010794,-0.007621,0.248151523262444
-0.004019,0.010802,-0.008299,0.246233967905468
-0.004362,0.011118,-0.007906,0.24743438422204
-0.004911,0.011567,-0.007532,0.251050751013265
-0.005285,0.011455,-0.008254,0.243511569021316
-0.004955,0.011382,-0.008573,0.250180004211836
-0.003187,0.011745,-0.009073,0.244178748178608
-0.002258,0.01341,-0.008506,0.245950775644919
-0.002015,0.014041,-0.008504,0.240571994793854
-0.001672,0.012812,-0.007342,0.230186021499741
-0.001344,0.011031,-0.007103,0.240460107970967
-0.000626,0.011345,-0.006957,0.240864553409776
-0.000845,0.011827,-0.007189,0.241986750525174
-0.002536,0.011894,-0.008031,0.233276112595356
-0.0036,0.011876,-0.00885,0.239266872099053
-0.003883,0.012268,-0.008764,0.240999802851648
-0.003209,0.012174,-0.008664,0.244592877215585
-0.003257,0.011277,-0.00762,0.240501934082881
-0.004235,0.01094,-0.008041,0.243766646817315
-0.004037,0.011101,-0.007638,0.23855807984316
-0.002384,0.011427,-0.007263,0.240187747307873
-0.001916,0.011412,-0.007899,0.233510230601357
-0.002837,0.010309,-0.007977,0.233331033346522
-0.00434,0.009226,-0.007872,0.239815141342208
-0.005361,0.009597,-0.007343,0.242290396542269
-0.005764,0.010771,-0.006482,0.247450951806805
-0.005818,0.012079,-0.007156,0.239412047835461
-0.005962,0.012387,-0.008566,0.240766876062732
-0.006874,0.011692,-0.008984,0.245709501519572
-0.006312,0.011506,-0.00865,0.247472423581097
-0.00505,0.012089,-0.008389,0.24498388496275
-0.004299,0.012771,-0.00763,0.247820642327113
-0.004224,0.013445,-0.007526,0.247264018296554
-0.004305,0.01434,-0.00762,0.244226691279842
-0.005386,0.01419,-0.007694,0.24380723968981
-0.005592,0.013292,-0.007185,0.244439623826884
-0.004557,0.011915,-0.007986,0.252068624219859
-0.004714,0.010541,-0.008626,0.238947887746164
-0.004796,0.009258,-0.008894,0.239144174271495
-0.004112,0.009285,-0.008624,0.234090606956222
-0.004044,0.010133,-0.007055,0.244860797723852
-0.003201,0.010177,-0.007342,0.246458763553393
-0.003315,0.00988,-0.0083,0.249571553405118
-0.004034,0.010096,-0.00797,0.241211956150369
-0.004994,0.010333,-0.008271,0.243418180764822
-0.005517,0.010834,-0.008419,0.234209544932218
-0.005339,0.010912,-0.009136,0.24062188154634
-0.004612,0.011207,-0.009258,0.239620511150555
-0.003233,0.011831,-0.00937,0.235439401364599
-0.00172,0.011597,-0.009027,0.238076382004792
-0.001586,0.011614,-0.007089,0.233936897719883
-0.002707,0.011067,-0.007021,0.237911244486186
-0.003111,0.009558,-0.008167,0.237885745271492
-0.002778,0.008627,-0.008437,0.244524786229406
-0.001903,0.00906,-0.008562,0.243627498475138
-0.001184,0.009363,-0.008459,0.236432918960287
-0.001637,0.008827,-0.008301,0.23584397502755
-0.002405,0.008523,-0.00718,0.233548235195473
-0.002845,0.008101,-0.006657,0.218948119704149
-0.003629,0.008063,-0.006407,0.232824860222252
-0.005288,0.007866,-0.006753,0.228364401069152
-0.005685,0.008259,-0.007487,0.243612000382624
-0.00517,0.00967,-0.007767,0.240519374608271
-0.005847,0.010217,-0.008412,0.243330120711697
-0.00687,0.010197,-0.009023,0.246347308978745
-0.007464,0.01054,-0.009296,0.246300029445492
-0.007182,0.010128,-0.009541,0.243352091426853
-0.00702,0.009464,-0.009112,0.238292305619213
-0.006344,0.009206,-0.007873,0.245675242501329
-0.006631,0.009066,-0.007653,0.242753045407027
-0.006405,0.008922,-0.007442,0.238071732547193
-0.006432,0.009386,-0.007357,0.247139253727312
-0.006003,0.009682,-0.007203,0.248799041520335
-0.006128,0.010092,-0.007202,0.242593811279943
-0.005651,0.01055,-0.007183,0.247720427863564
-0.005039,0.010596,-0.007577,0.235024748436898
-0.005314,0.009967,-0.00745,0.236967373013121
-0.00666,0.009768,-0.008103,0.243944652912808
-0.007241,0.010414,-0.007577,0.237899838932656
-0.006305,0.011136,-0.008226,0.232738081000941
-0.005613,0.011926,-0.00744,0.237252447716689
-0.005944,0.012399,-0.007754,0.252962406390973
-0.00732,0.011454,-0.007243,0.243692918988116
-0.006876,0.010093,-0.007319,0.234874885083886
-0.006774,0.009616,-0.008109,0.248876106184327
-0.005407,0.010485,-0.00908,0.238567051529372
-0.003744,0.011625,-0.009194,0.239358040898861
-0.003345,0.012511,-0.008673,0.2438008658357
-0.003497,0.012343,-0.00826,0.23148144111599
-0.003651,0.012149,-0.008345,0.241351596275125
-0.003897,0.011939,-0.008552,0.242189897676484
-0.003814,0.011727,-0.007914,0.247026570725598
-0.00362,0.011999,-0.007663,0.24412368449434
-0.003263,0.011452,-0.007094,0.246465921187737
-0.003014,0.010645,-0.007418,0.245918801555698
-0.002993,0.010623,-0.008364,0.242912396205392
-0.002259,0.011022,-0.009037,0.238577723650468
-0.002331,0.012049,-0.008089,0.242125299450427
-0.003812,0.012658,-0.007575,0.242532955700272
-0.004965,0.012086,-0.007173,0.240887672908979
-0.004773,0.011969,-0.007555,0.244542232104765
-0.004756,0.011668,-0.007314,0.240432471291782
-0.005237,0.011047,-0.007262,0.235204392048816
-0.005612,0.010452,-0.008085,0.238429978483038
-0.005587,0.009844,-0.008319,0.23493967513244
-0.004887,0.009134,-0.007442,0.241141210172875
-0.004149,0.00816,-0.007952,0.243274264208251
-0.003702,0.009166,-0.007683,0.238812390502114
-0.004224,0.010502,-0.006861,0.239801431349518
-0.005092,0.01063,-0.0063,0.236237325241659
-0.006094,0.010303,-0.006736,0.238460297712695
-0.005488,0.009247,-0.007994,0.238491099959145
-0.004488,0.008612,-0.008185,0.229853608782592
-0.003871,0.008832,-0.008158,0.236224086423034
-0.004188,0.009848,-0.007528,0.244622807920045
-0.003738,0.009734,-0.007241,0.248557159363759
-0.003788,0.00938,-0.008099,0.241589155424572
-0.00376,0.009895,-0.006317,0.249147966207118
-0.004333,0.010933,-0.00651,0.254587184504568
-0.005667,0.011416,-0.007581,0.253393253679545
-0.006043,0.01237,-0.007608,0.248049298407847
-0.005222,0.012699,-0.008615,0.24469158180954
-0.004653,0.011553,-0.008235,0.24989773823099
-0.003832,0.011071,-0.007607,0.237174651847608
-0.003174,0.012113,-0.007279,0.25195160176301
-0.002841,0.013087,-0.007326,0.24263576713689
-0.003054,0.014035,-0.007068,0.250084830698852
-0.003021,0.014204,-0.007553,0.257899834459295
-0.003225,0.012916,-0.007247,0.257192281858843
-0.003155,0.011208,-0.007679,0.245917569892272
-0.003814,0.010586,-0.00709,0.247874112092642
-0.004987,0.010102,-0.007217,0.248384631516986
-0.005686,0.01003,-0.007261,0.236331053963207
-0.006109,0.010491,-0.006886,0.241238863572175
-0.005736,0.010095,-0.007273,0.242133831605414
-0.004818,0.010505,-0.007263,0.25006547075537
-0.004118,0.010821,-0.006997,0.248610805487655
-0.003894,0.011373,-0.006861,0.246300606951749
-0.004,0.012712,-0.006855,0.245998740308562
-0.003693,0.013223,-0.007472,0.250507987092782
-0.003848,0.012302,-0.00766,0.24272886685854
-0.003791,0.011148,-0.008127,0.239243759971905
-0.003388,0.009847,-0.008482,0.232419167661605
-0.002764,0.009236,-0.007017,0.230687686565479
-0.002531,0.009373,-0.006824,0.23259023598203
-0.002942,0.009862,-0.007041,0.234948073988393
-0.003417,0.010303,-0.006337,0.238228758869566
-0.003496,0.011375,-0.007272,0.241625589812485
-0.004042,0.01258,-0.007305,0.243006448418691
-0.00434,0.012562,-0.007449,0.254071559511697
-0.00459,0.012961,-0.008096,0.250392539222247
-0.003937,0.013479,-0.007657,0.251514907027918
-0.004066,0.012763,-0.007657,0.246156987758829
-0.004893,0.011764,-0.00768,0.242732279182189
-0.004774,0.010632,-0.007125,0.243361024610611
-0.005076,0.009569,-0.006272,0.24549311217569
-0.005306,0.009549,-0.006269,0.240997008616562
-0.005306,0.010102,-0.006977,0.25221319318582
-0.005148,0.009851,-0.007412,0.238953299591087
-0.005137,0.009585,-0.007491,0.248111050128135
-0.004554,0.010312,-0.007682,0.249694175336428
-0.004596,0.010603,-0.007303,0.23766053137301
-0.005123,0.011068,-0.007737,0.238294608219949
-0.004804,0.011006,-0.00718,0.2369223959232
-0.004778,0.010148,-0.007045,0.244624238049788
-0.004417,0.009054,-0.007142,0.241996670234103
-0.004481,0.009648,-0.007629,0.252297246164299
-0.004739,0.010231,-0.007193,0.255721742279823
-0.004319,0.01022,-0.007168,0.251901104406519
-0.003025,0.010349,-0.007204,0.247227082907852
-0.002309,0.010217,-0.006832,0.249283512173017
-0.002325,0.009907,-0.006554,0.247718387060542
-0.003315,0.009203,-0.006445,0.251614188575153
-0.004622,0.009181,-0.006881,0.243566175040263
-0.004666,0.009308,-0.007935,0.23327035897571
-0.004854,0.009258,-0.007919,0.249870659080171
-0.005449,0.010095,-0.007382,0.249242262688327
-0.004509,0.010975,-0.007046,0.235606383060294
-0.004457,0.011939,-0.006669,0.235562416492086
-0.007731,0.012842,-0.006677,0.239851686218268
-0.011916,0.013181,-0.006825,0.245356174564405
-0.016268,0.012896,-0.006665,0.248085592385176
-0.021463,0.012372,-0.005974,0.241412784631288
-0.027573,0.012392,-0.005738,0.235181268690601
-0.035538,0.011296,-0.005155,0.218633179173158
-0.044128,0.010343,-0.004798,0.207414226093478
-0.054021,0.010818,-0.004124,0.214947846740212
-0.065325,0.010529,-0.004633,0.215173116181192
-0.07622,0.009754,-0.004445,0.212451265997526
-0.087535,0.009348,-0.00303,0.213725862196701
-0.100417,0.008785,-0.002414,0.230253628705333
-0.11275,0.008076,-0.002194,0.219613014863841
-0.124428,0.007299,-0.001561,0.224138731492487
-0.136513,0.005868,-0.001035,0.218509293425131
-0.150568,0.005316,-0.000774,0.201707886366041
-0.165792,0.005245,-0.000893,0.19176267168048
-0.182059,0.00512,-0.000339,0.201252725999365
-0.2003,0.005531,-0.000344,0.193777883986856
-0.217399,0.007221,0.000265,0.19752049199038
-0.235421,0.009252,0.000332,0.270894578384482
-0.252805,0.008491,0.001738,0.541210782072603
-0.2689,0.007184,0.00317,0.868052616732061
-0.285217,0.006539,0.003784,1.08691487832066
-0.302953,0.005029,0.003686,1.32244512555453
-0.318724,0.003578,0.004509,1.64152679275028
-0.336374,0.001641,0.00512,1.9704496820923
-0.353767,-0.000768,0.007039,2.41768658447223
-0.370644,-0.003651,0.008258,2.92507986750636
-0.387888,-0.008455,0.0071,3.45045616363462
-0.403848,-0.011943,0.007607,4.00153554616541
-0.420718,-0.014744,0.009247,4.55132216965522
-0.43814,-0.018333,0.008771,4.94589168763021
-0.456503,-0.022022,0.009533,5.29285495345651
-0.474209,-0.025655,0.009249,5.58072522884344
-0.492985,-0.029811,0.008912,5.78096843584214
-0.512174,-0.033591,0.008927,5.93375819757487
-0.532358,-0.035656,0.010456,5.98420362288285
-0.55187,-0.037044,0.012095,5.99091656431666
-0.573765,-0.038608,0.012328,5.99111145960031
-0.595993,-0.03855,0.012327,6.00350292592623
-0.619848,-0.039885,0.012618,6.01722092345531
-0.644407,-0.042583,0.01136,5.99185384237171
-0.668783,-0.044213,0.012558,5.97824726328586
-0.693685,-0.046151,0.013574,5.95421917649632
-0.718371,-0.048378,0.015761,5.94116457069906
-0.741326,-0.052099,0.017504,5.96002336050541
-0.763203,-0.055871,0.017849,5.93138946346971
-0.786647,-0.061096,0.01829,5.96350046992512
-0.809454,-0.064326,0.020246,5.93048470556213
-0.830425,-0.06697,0.0221,5.94555543236415
-0.851338,-0.071398,0.022211,5.94074997985959
-0.872939,-0.075564,0.025315,5.91283844600109
-0.895345,-0.080224,0.025006,5.94381882166095
-0.918138,-0.084707,0.024739,5.92800923356869
-0.941323,-0.089375,0.0277,5.92014145789065
-0.963998,-0.093657,0.026601,5.93920012320139
-0.986972,-0.098537,0.026855,5.90553886777115
-1.009551,-0.101954,0.027784,5.93016286205175
-1.033611,-0.10395,0.028846,5.91505530639271
-1.057831,-0.106001,0.0285,5.93586292557002
-1.082781,-0.107275,0.027506,5.92535771104927
-1.107411,-0.108818,0.028934,5.94693371434756
-1.132611,-0.110156,0.028309,5.96070183616677
-1.158851,-0.113351,0.027371,5.97794713240191
-1.184551,-0.11712,0.02908,5.99112907534173
-1.209181,-0.120263,0.030079,5.98255095599788
-1.234021,-0.122857,0.031226,5.97103065332501
-1.261161,-0.126081,0.029676,5.99747820255837
-1.288721,-0.129068,0.031138,5.97738954518085
-1.315921,-0.132713,0.032908,5.94391129716615
-1.342831,-0.1367,0.034134,5.94570827741471
-1.371241,-0.140196,0.033943,5.93627208284517
-1.398331,-0.144038,0.035541,5.94238702097671
-1.425761,-0.147473,0.036539,5.90525843708536
-1.454541,-0.150851,0.038268,5.90644475336114
-1.485231,-0.154571,0.037778,5.90753880472592
-1.515121,-0.159128,0.039093,5.87223515537385
-1.544731,-0.163568,0.04076,5.87125394174057
-1.576111,-0.168245,0.041655,5.76168226151577
-1.608721,-0.171351,0.042824,5.37691151550497
-1.640251,-0.172669,0.041704,4.69239994561979
-1.669871,-0.172757,0.043324,3.79893583785147
-1.697331,-0.171039,0.044808,2.85648356129036
-1.722631,-0.169536,0.045752,1.95327811233349
-1.742651,-0.169256,0.043527,1.28433175812649
-1.755761,-0.168817,0.043409,0.928839088561258
-1.766151,-0.168532,0.044314,0.803713260297913
-1.773971,-0.167334,0.045646,0.776286359419354
-1.778731,-0.165744,0.046283,0.774214527377089
-1.782241,-0.164791,0.044933,0.771526992954821
-1.783931,-0.164807,0.045006,0.752115866129268
-1.785661,-0.164903,0.044376,0.74331127790453
-1.786961,-0.164795,0.043938,0.739788080444544
-1.787111,-0.165019,0.04441,0.732953027824919
-1.787591,-0.165345,0.044695,0.747882364295453
-1.787551,-0.165672,0.044754,0.737908087358345
-1.787361,-0.165574,0.044889,0.736788311646965
-1.786801,-0.16572,0.045135,0.738089256686677
-1.786851,-0.167085,0.044082,0.735926703790297
-1.787421,-0.168201,0.044215,0.734775451156152
-1.787821,-0.168036,0.044787,0.732025186715818
-1.787571,-0.167007,0.044697,0.737245684720697
-1.786941,-0.165446,0.045131,0.735265481156352
-1.786241,-0.164775,0.045597,0.735050016980688
-1.786181,-0.165052,0.045792,0.732751397409676
-1.785881,-0.165091,0.045165,0.73722426253099
-1.785311,-0.164056,0.044526,0.729403087053749
-1.786161,-0.162798,0.044863,0.740689928081284
-1.786091,-0.16328,0.04417,0.74227006593332
-1.785381,-0.163664,0.044297,0.738432187043433
-1.785301,-0.163605,0.04438,0.73724376585067
-1.784641,-0.163201,0.044713,0.740322878495087
-1.783821,-0.163788,0.044365,0.737548683256186
-1.784451,-0.164391,0.04438,0.737923854839405
-1.785951,-0.165144,0.044402,0.74037317198167
-1.787261,-0.16521,0.044142,0.742923174401778
-1.787341,-0.164668,0.044047,0.747606032416941
-1.787091,-0.164049,0.044103,0.737607801121457
-1.786651,-0.163591,0.04397,0.75066138061693
-1.786131,-0.163371,0.044664,0.744187150791309
-1.785891,-0.163294,0.043189,0.736024733273169
-1.786051,-0.163914,0.043039,0.73297068791789
-1.786101,-0.16454,0.042943,0.735069220254878
-1.785871,-0.164326,0.043555,0.72551492408417
-1.786731,-0.163717,0.043538,0.732419014516548
-1.786781,-0.163695,0.044368,0.738032770375028
-1.786411,-0.163557,0.044302,0.736324377034516
-1.786391,-0.163168,0.045268,0.741549725845279
-1.786001,-0.163105,0.044941,0.736772365940228
-1.786641,-0.162729,0.044478,0.748032599181304
-1.786461,-0.162703,0.043609,0.748643555708914
-1.786031,-0.162888,0.043941,0.737999908896609
-1.785881,-0.163221,0.044095,0.73588406275415
-1.786051,-0.164175,0.044994,0.744681279563527
-1.786881,-0.164478,0.044882,0.746511832035399
-1.785961,-0.164133,0.044028,0.741588489495186
-1.784751,-0.163565,0.043777,0.731966004169863
-1.784331,-0.162566,0.0441,0.750857351536936
-1.785631,-0.161492,0.045178,0.753538998002028
-1.788131,-0.161474,0.04521,0.749652049414706
-1.790601,-0.161329,0.045015,0.744582923405247
-1.791351,-0.161707,0.043714,0.740287036784699
-1.791141,-0.161759,0.044155,0.738149942923915
-1.793531,-0.162155,0.044615,0.748891390730103
-1.798811,-0.162546,0.044787,0.75671656297865
-1.805431,-0.162138,0.045095,0.73922706180165
-1.812991,-0.160858,0.04496,0.745200618489453
-1.822111,-0.160648,0.044106,0.755472983149143
-1.831061,-0.161333,0.043941,0.753910227549619
-1.839591,-0.161672,0.04466,0.76766260514372
-1.849511,-0.160446,0.044684,0.768071327777178
-1.860241,-0.159409,0.044835,0.771239507057785
-1.871141,-0.159066,0.046129,0.782580074824797
-1.883581,-0.1585,0.046,0.781617502286172
-1.895651,-0.159403,0.046186,0.790478275181895
-1.907831,-0.160785,0.04728,0.775223768497222
-1.921091,-0.161536,0.04752,0.767263100134865
-1.933501,-0.161453,0.047481,0.761414461311351
-1.945501,-0.160536,0.047511,0.765464289115705
-1.957741,-0.160025,0.048256,0.753150585303786
-1.970831,-0.160007,0.049669,0.762909464083834
-1.985461,-0.160672,0.049434,0.761116090295996
-2.000721,-0.161192,0.050888,0.749574070525005
-2.016641,-0.162206,0.051488,0.75278701417376
-2.033281,-0.164046,0.049891,0.761383010551339
-2.048761,-0.165193,0.050814,0.779535423627626
-2.062802,-0.165713,0.05198,0.777529398434328
-2.077622,-0.165747,0.051602,0.772153176903535
-2.093762,-0.166489,0.051597,0.789172278283161
-2.109512,-0.167077,0.052234,0.771372143019627
-2.129162,-0.166546,0.053369,0.797324319966313
-2.150702,-0.165627,0.053068,0.782575077258932
-2.174862,-0.165082,0.053361,0.712621660564664
-2.201512,-0.166326,0.054253,0.662007606807811
-2.230112,-0.168639,0.054614,0.642687618462013
-2.260722,-0.170547,0.053957,0.600650929893447
-2.290032,-0.171254,0.053875,0.551437467144954
-2.317872,-0.172427,0.055449,0.532682168257753
-2.346062,-0.174425,0.05835,0.524794959547716
-2.376582,-0.176418,0.05864,0.534649876444797
-2.408282,-0.179114,0.059011,0.489379326458348
-2.435932,-0.180662,0.059935,0.475378429744953
-2.465712,-0.181436,0.059364,0.451304867171768
-2.496362,-0.182414,0.060522,0.414046175334335
-2.527982,-0.184125,0.062155,0.417949019026708
-2.559662,-0.183532,0.064475,0.405571995948026
-2.590912,-0.183637,0.063132,0.424740095697245
-2.625112,-0.183499,0.062415,0.446874864687891
-2.659842,-0.183653,0.064472,0.451838131462964
-2.694492,-0.184658,0.066607,0.453900725283317
-2.728652,-0.186785,0.067293,0.475191966130619
-2.763222,-0.188551,0.067044,0.467438296726952
-2.799042,-0.189183,0.068385,0.385794234593741
-2.834162,-0.187733,0.068547,0.0344287185639078
-2.868032,-0.184977,0.069632,-0.504703385124258
-2.902882,-0.182715,0.068336,-1.01333241580207
-2.936312,-0.181396,0.071341,-1.49738381582272
-2.969522,-0.179108,0.071781,-1.76480388543979
-3.002822,-0.175993,0.071134,-1.95372579175406
-3.036892,-0.174365,0.071108,-2.09320380195999
-3.071942,-0.173606,0.070903,-2.20879044848213
-3.107592,-0.17265,0.071239,-2.2980825427847
-3.143772,-0.172772,0.071309,-2.42118386741189
-3.179512,-0.173102,0.07235,-2.41663966810133
-3.215282,-0.172054,0.072641,-2.42232305682719
-3.250682,-0.171543,0.074713,-2.38037213019062
-3.287922,-0.172051,0.075559,-2.46579599142008
-3.349962,-0.206662,0.064607,-2.62479781072929
-3.389631,-0.205403,0.064213,-2.60499397634131
-3.42887,-0.203861,0.062747,-2.65907498392638
-3.46842,-0.202413,0.063038,-2.67858227177975
-3.510148,-0.199409,0.064875,-2.65902559315572
-3.554196,-0.19573,0.06729,-2.70713198942845
-3.597814,-0.192815,0.067996,-2.670841549872
-3.641773,-0.190893,0.066844,-2.70718417371491
-3.686743,-0.190655,0.067829,-2.69354609705512
-3.732113,-0.191337,0.067652,-2.6797467257867
-3.777024,-0.191438,0.067814,-2.70901098335575
-3.819343,-0.190969,0.068388,-2.72982055804775
-3.862302,-0.189133,0.067334,-2.73740080225166
-3.903602,-0.188488,0.070167,-2.72949725169599
-3.946002,-0.188063,0.070219,-2.73617120189311
-3.989002,-0.188708,0.070575,-2.72537162247813
-4.032541,-0.187176,0.070038,-2.74864573456516
-4.075421,-0.185911,0.073954,-2.69899163028769
-4.1181,-0.184871,0.073285,-2.71003215995327
-4.161511,-0.184932,0.073279,-2.70618532208326
-4.20398,-0.18322,0.076966,-2.71626808760525
-4.246508,-0.18015,0.075798,-2.77716728150343
-4.290275,-0.17663,0.073229,-3.21486966123367
-4.334054,-0.1739,0.073307,-3.63198460942312
-4.376202,-0.170874,0.074572,-3.61380511021524
-4.41827,-0.167775,0.075444,-3.76153712214983
-4.462959,-0.165784,0.075705,-3.86126769957065
-4.508218,-0.164606,0.073258,-3.94215215738497
-4.551837,-0.16288,0.072915,-3.98595301214273
-4.595566,-0.160556,0.074678,-4.06811510156541
-4.639644,-0.157937,0.075162,-4.30575589559474
-4.684272,-0.153839,0.0746,-4.33115896020493
-4.729551,-0.151858,0.0758,-4.40656116403169
-4.7747,-0.150141,0.076298,-4.43296173888482
-4.820188,-0.147489,0.076648,-4.45121829973164
-4.863056,-0.14443,0.076589,-4.66078237141439
-4.906285,-0.142094,0.077165,-4.98894743594692
-4.952894,-0.139619,0.077053,-4.95340936307162
-4.998952,-0.137262,0.076917,-5.07402431573627
-5.043771,-0.134593,0.080215,-5.10436531559018
-5.088868,-0.129671,0.082352,-5.15548250350501
-5.133766,-0.125845,0.082061,-5.2010879512765
-5.180033,-0.12172,0.080295,-5.20199319887713
-5.224361,-0.118361,0.08179,-5.18195016548066
-5.265968,-0.113848,0.082079,-5.24216161128201
-5.307687,-0.110978,0.084436,-5.2405733502339
-5.350564,-0.107023,0.082347,-5.19366480043643
-5.393832,-0.10312,0.086172,-5.18713381776821
-5.436819,-0.098445,0.08503,-5.2086001012773
-5.480286,-0.092954,0.081646,-5.19063675169875
-5.522613,-0.088686,0.08435,-5.18011313153785
-5.565671,-0.085678,0.082399,-5.18831642083936
-5.609749,-0.082025,0.083437,-5.20232165360308
-5.654376,-0.077957,0.081858,-5.19547872875386
-5.700785,-0.075412,0.082558,-5.17625725100853
-5.745804,-0.073069,0.082134,-5.17627868043915
-5.788832,-0.071078,0.083245,-5.16571222236925
-5.83029,-0.066458,0.086754,-5.17862372068523
-5.872007,-0.061483,0.084592,-5.16657336139653
-5.914423,-0.056084,0.083613,-5.16552013600885
-5.95651,-0.051223,0.084862,-5.1622276564541
-5.999948,-0.047067,0.08259,-5.13151025607901
-6.043246,-0.043663,0.082556,-5.15791648226998
-6.086443,-0.039613,0.083476,-5.13501411428029
-6.129961,-0.03569,0.084843,-5.13152998754613
-6.175219,-0.032998,0.084835,-5.12201082081165
-6.221868,-0.030781,0.083703,-5.10702033802646
-6.266416,-0.027899,0.085172,-5.12734725512214
-6.312484,-0.024849,0.083803,-5.11275519594646
-6.358852,-0.020712,0.083233,-5.12692413207077
-6.40313,-0.017026,0.084331,-5.11016884607339
-6.447557,-0.01302,0.084956,-5.13893967668058
-6.491214,-0.007636,0.086597,-5.15300688610814
-6.533031,-0.002745,0.085372,-5.18925693778514
-6.576938,0.001242,0.084396,-5.18191612353547
-6.621256,0.005034,0.08501,-5.13896894956633
-6.666755,0.007551,0.085969,-5.11996352986235
-6.713293,0.010398,0.086834,-5.1140528655991
-6.759112,0.012624,0.087785,-5.1027243180443
-6.806031,0.014772,0.087393,-5.1114472986769
-6.852119,0.017104,0.08838,-5.1226472531576
-6.897838,0.019448,0.086735,-5.0985411516076
-6.943406,0.022614,0.086348,-5.07080807010625
-6.988514,0.025046,0.086473,-5.05302412844788
-7.034082,0.027294,0.08399,-5.02144190053096
-7.078222,0.029306,0.086064,-5.00655561919804
-7.095226,0.053317,0.094193,-4.99104112858674
-7.140374,0.055921,0.094933,-4.98408715463275
-7.186323,0.057966,0.092613,-5.00420354328901
-7.229473,0.059509,0.092914,-5.04114510630082
-7.271742,0.060209,0.088555,-5.03057419467315
-7.314921,0.062525,0.086851,-4.99056527181274
-7.358949,0.065808,0.085948,-5.0088820897321
-7.402728,0.068441,0.083163,-5.00068039928321
-7.445747,0.070188,0.082951,-4.99128780484107
-7.487926,0.071251,0.083825,-4.95142180236484
-7.531396,0.07243,0.082538,-4.95873206376825
-7.576545,0.074086,0.080857,-4.95892403456017
-7.621583,0.077716,0.082565,-4.93782224569532
-7.666681,0.082694,0.083633,-4.94866338225303
-7.710458,0.088173,0.084786,-4.89704143850258
-7.752596,0.09257,0.084813,-4.94395979094269
-7.794044,0.096363,0.08342,-4.93068871304023
-7.837683,0.09746,0.081369,-4.93773556486214
-7.881783,0.098607,0.08149,-4.92100223455349
-7.925381,0.101941,0.084103,-4.92509431526556
-7.96961,0.105088,0.084594,-4.90635137808711
-8.013428,0.108578,0.081509,-4.88269353782539
-8.056257,0.110619,0.083806,-4.87617165019737
-8.099167,0.111163,0.081251,-4.84487720954863
-8.144297,0.110996,0.079957,-4.86826969729226
-8.189206,0.112939,0.078848,-4.89167168422796
-8.233704,0.116437,0.076139,-4.8896841108396
-8.278322,0.119806,0.075718,-4.87525544114762
-8.32178,0.124562,0.075042,-4.85795621861095
-8.364348,0.128497,0.075092,-4.88536662926366
-8.407676,0.132182,0.073352,-4.86050579889897
-8.450355,0.135385,0.073975,-4.87181328092404
-8.493413,0.138012,0.073662,-4.88925409018225
-8.536662,0.141441,0.074209,-4.85432543978305
-8.58,0.145723,0.074226,-4.86672843604952
-8.622558,0.14884,0.075808,-4.86902191194181
-8.665867,0.151026,0.072758,-4.84122324952803
-8.709246,0.153291,0.074451,-4.80247816103505
-8.751533,0.158568,0.073933,-4.80786176972804
-8.794611,0.162497,0.074061,-4.8074135723974
-8.83898,0.165356,0.072118,-4.80229819276371
-8.882659,0.167837,0.075503,-4.81694569451501
-8.925398,0.170378,0.076476,-4.7872632358191
-8.969526,0.173792,0.076962,-4.75762917031411
-9.013164,0.177369,0.076348,-4.76495881640784
-9.057253,0.181123,0.077468,-4.72651332742236
-9.10126,0.185524,0.076337,-4.69712408652653
-9.145539,0.188944,0.075628,-4.6888358834826
-9.190718,0.191054,0.077149,-4.68635209441817
-9.236506,0.194173,0.075728,-4.68218770781943
-9.282084,0.197509,0.072522,-4.62294795768118
-9.327773,0.200437,0.074922,-4.60145716776606
-9.372922,0.203106,0.07318,-4.59484026712289
-9.418771,0.203334,0.071611,-4.57204547561585
-9.464711,0.203718,0.072062,-4.58453482734063
-9.509921,0.204855,0.070092,-4.55818920435539
-9.55556,0.206016,0.069932,-4.58106822934819
-9.60067,0.20758,0.073485,-4.55608338547258
-9.642468,0.210161,0.073643,-4.54893799035712
-9.682707,0.211808,0.071542,-4.5521636623874
-9.726116,0.215335,0.073683,-4.55085797971585
-9.782133,0.220923,0.074584,-4.56605322697959
-9.849521,0.224975,0.072366,-4.58799948632276
-9.918129,0.228928,0.072434,-4.5464302505636
-9.992246,0.235027,0.068788,-4.47436713263983
-10.076312,0.241979,0.064895,-4.48365701284789
-10.16291,0.247262,0.06426,-4.48763649795232
-10.248408,0.250075,0.064096,-4.47264077980923
-10.332107,0.251514,0.060189,-4.47196550425121
-10.418707,0.253395,0.059689,-4.46795569725479
-10.505804,0.257637,0.056852,-4.46405745666842
-10.594201,0.263698,0.057668,-4.4403326151348
-10.683799,0.269652,0.058275,-4.4239243630656
-10.768295,0.276305,0.059151,-4.40427636798187
-10.854892,0.282476,0.05853,-4.40998811142403
-10.94349,0.287836,0.058649,-4.39214301259013
-11.034686,0.296256,0.059176,-4.35019421786146
-11.126281,0.305113,0.060417,-4.29848235722582
-11.216778,0.311806,0.061201,-4.30458307366108
-11.306576,0.316288,0.061991,-4.27673897793573
-11.394774,0.32116,0.05985,-4.24299105566141
-11.484271,0.325414,0.05703,-4.24615089963733
-11.572869,0.329226,0.055502,-4.24936338538972
-11.661268,0.332149,0.056246,-4.24615695462462
-11.749366,0.33598,0.0582,-4.19298488955442
-11.83069,0.342152,0.037005,-4.07239366145299
-11.919596,0.346659,0.035188,-4.07227527141864
-12.012304,0.352249,0.033342,-4.06508739818283
-12.110611,0.358625,0.032656,-4.00718816961475
-12.219315,0.361927,0.0327,-4.06176630020472
-12.328815,0.362411,0.033759,-4.00188966549523
-12.429918,0.364807,0.033184,-3.99545284402859
-12.53123,0.373018,0.028051,-3.97467021050899
-12.636538,0.382092,0.030965,-4.09553442332648
-12.74735,0.390074,0.026722,-4.46467142975751
-12.846057,0.395597,0.025208,-4.46734982044239
-12.936063,0.39908,0.022729,-4.47714664610689
-13.02317,0.404334,0.020537,-4.51448085006644
-13.108475,0.409675,0.021348,-4.53849339977139
-13.193684,0.415754,0.019064,-4.54912461859216
-13.280692,0.421456,0.016635,-4.5579648655817
-13.366798,0.426913,0.016383,-4.52052092727175
-13.450605,0.436191,0.020195,-4.51964567729499
-13.534313,0.444193,0.021403,-4.53625936059077
-13.621019,0.448134,0.019499,-4.53364505809549
-13.708126,0.453515,0.017501,-4.5213107673902
-13.797332,0.457993,0.015228,-4.47307861935321
-13.88884,0.463741,0.01364,-4.437318003036
-13.981345,0.470151,0.015783,-4.39528444432331
-14.071251,0.474984,0.015208,-4.34158145086866
-14.159455,0.477867,0.013964,-4.32518329447594
-14.25036,0.480693,0.011382,-4.31010139150769
-14.341459,0.481379,0.014061,-4.29181165672008
-14.42836,0.482161,0.013397,-4.24590238147725
-14.514864,0.482719,0.009853,-4.22435020789125
-14.605871,0.485963,0.005328,-4.20556508820332
-14.697074,0.489226,0.006095,-4.1265914260645
-14.784478,0.493647,0.006953,-4.12994384166081
-14.871485,0.498211,0.003455,-4.1077430415322
-14.960894,0.503197,-0.00102,-4.13061481794873
-15.049105,0.509309,-0.006422,-4.12182723833568
-15.134912,0.514757,-0.008063,-4.44016462468902
-15.221221,0.521613,-0.010694,-4.45232884000216
-15.308931,0.529605,-0.012762,-4.50571694088252
-15.397334,0.535218,-0.008191,-4.42977793491868
-15.483842,0.541464,-0.009274,-4.4359417208728
-15.571951,0.546771,-0.014865,-4.93634953761114
-15.660857,0.554014,-0.011009,-5.3865773951467
-15.748768,0.565388,-0.00951,-5.25315765176044
-15.836073,0.572942,-0.005674,-5.37665659632639
-15.923385,0.581177,-0.009426,-5.43850452435132
-16.012394,0.586494,-0.014181,-5.99357140752539
-16.101297,0.589149,-0.014569,-6.79362009633667
-16.187309,0.596272,-0.020093,-6.57659149128283
-16.273016,0.602804,-0.019912,-6.73939031296469
-16.361724,0.610263,-0.01998,-6.81316033988694
-16.455831,0.638402,-0.027061,-6.90967004275353
-16.541036,0.644472,-0.032413,-6.86671830789201
-16.630139,0.648981,-0.034927,-6.9338905187821
-16.721038,0.653305,-0.030705,-6.90716119549586
-16.81254,0.661263,-0.029474,-6.84737619129254
-16.907246,0.671579,-0.032988,-6.79575932651298
-16.99825,0.681626,-0.033647,-6.82742621948193
-17.086254,0.691423,-0.035053,-6.79442373110291
-17.175058,0.700032,-0.036606,-6.82809581548037
-17.264062,0.706824,-0.038912,-6.82349850901518
-17.351468,0.716261,-0.043638,-6.85006322699022
-17.436572,0.72468,-0.046538,-6.79016788632001
-17.521277,0.735097,-0.047808,-6.76823841267279
-17.60748,0.745034,-0.047518,-6.7618709521507
-17.692784,0.755293,-0.048325,-6.768125507715
-17.776687,0.765065,-0.045538,-6.732769352208
-17.861191,0.773006,-0.049092,-6.69929119746701
-17.948597,0.781988,-0.053896,-6.70051173489402
-18.038403,0.792913,-0.056936,-6.6801491783357
-18.126407,0.804185,-0.057284,-6.63369971700627
-18.213514,0.816068,-0.061948,-6.6006104224553
-18.302217,0.825488,-0.06225,-6.61826806160815
-18.39022,0.832334,-0.062759,-6.59985255368329
-18.478024,0.84244,-0.063342,-6.63157912876049
-18.569828,0.851566,-0.064415,-6.57925586478365
-18.658933,0.862493,-0.066844,-6.6906634689552
-18.749836,0.874141,-0.063283,-6.63113694469885
-18.843341,0.884089,-0.066044,-6.59727265328429
-18.933146,0.892809,-0.069768,-6.60424393586685
-19.02175,0.902287,-0.070969,-6.60536773385914
-19.107955,0.911813,-0.073769,-6.61579236266973
-19.19446,0.921936,-0.076527,-6.58125574780454
-19.282365,0.930868,-0.079822,-6.59871443636484
-19.366872,0.939748,-0.086898,-6.63848585948651
-19.453777,0.948279,-0.089662,-6.61833476043491
-19.540882,0.957955,-0.093359,-6.61844581668747
-19.629785,0.968704,-0.092084,-6.56062571300966
-19.716287,0.978955,-0.088598,-6.57588348387883
-19.798492,0.989967,-0.089733,-6.52143601686114
-19.881496,1.000931,-0.09014,-6.54263831320151
-19.969103,1.012174,-0.094542,-6.55241929871767
-20.060507,1.022656,-0.09536,-6.54695416654618
-20.162509,1.034703,-0.091957,-6.45478168429991
-20.266915,1.046329,-0.094627,-6.42802044223142
-20.37812,1.056151,-0.097222,-6.50705521201629
-20.493424,1.062662,-0.108419,-6.61726169899741
-20.626716,1.072288,-0.114266,-6.5855076146519
-20.755207,1.085652,-0.110992,-6.52756095672958
-20.885296,1.102908,-0.10495,-6.56959132716286
-21.015285,1.115993,-0.108028,-6.56960246296325
-21.14568,1.123383,-0.109451,-6.58399332556122
-21.278571,1.13379,-0.115522,-6.56207344526093
-21.41396,1.149477,-0.111761,-6.53106614566844
-21.546746,1.169226,-0.108996,-6.54558847173399
-21.675237,1.183453,-0.10374,-6.51379059030038
-21.800428,1.195045,-0.1069,-6.43099492579237
-21.927622,1.204094,-0.105548,-6.25659856118611
-22.059917,1.213302,-0.096635,-6.18988909680674
-22.198508,1.227508,-0.091819,-6.25146385397585
-22.340103,1.235861,-0.08855,-6.31463487965566
-22.479895,1.244965,-0.092282,-6.29867599980497
-22.616089,1.25408,-0.093703,-6.29261306812543
-22.763381,1.265516,-0.090035,-6.23281432443956
-22.89697,1.277468,-0.09767,-5.86550373634815
-23.036666,1.284725,-0.095955,-6.09588377593073
-23.150859,1.293236,-0.098221,-5.98588790233557
-23.24116,1.291378,-0.09998,-6.31251498081017
-23.336376,1.306616,-0.122238,-6.44711939901368
-23.434785,1.31816,-0.132158,-6.2422398212337
-23.534387,1.334304,-0.11921,-6.65424071429133
-23.638196,1.350216,-0.124984,-6.46208073531483
-23.719192,1.350004,-0.113201,-6.1645590117224
-23.801093,1.35622,-0.109589,-5.9766816124963
-23.879499,1.36469,-0.11478,-5.96007364521788
-23.963006,1.37052,-0.124694,-5.7643511928363
-24.058607,1.378136,-0.118089,-5.71215108682651
-24.15291,1.3875,-0.117182,-5.66726798556991
-24.244616,1.397323,-0.120086,-5.63253032576965
-24.335817,1.406727,-0.112586,-5.70972433829237
-24.42342,1.414648,-0.110284,-5.67096429018441
-24.510325,1.422369,-0.114552,-5.64319881201275
-24.598527,1.428854,-0.111147,-5.58935792341854
-24.687232,1.43816,-0.112222,-5.62776612032555
-24.774034,1.449038,-0.105112,-5.57109230844641
-24.860139,1.459518,-0.10679,-5.48509926882832
-24.947243,1.469036,-0.106207,-5.52658969004251
-25.033847,1.473195,-0.109817,-5.70210425601612
-25.119148,1.478458,-0.107853,-5.64815600181652
-25.206351,1.483928,-0.107621,-5.70740347933794
-25.296453,1.489249,-0.107889,-5.68023474700038
-25.385357,1.492142,-0.11249,-5.72628737005805
-25.47546,1.496784,-0.115116,-5.67533566035857
-25.560963,1.503235,-0.116898,-5.64834083415738
-25.644868,1.51071,-0.11947,-5.64760371266713
-25.730068,1.517518,-0.112276,-5.6769596665268
-25.813374,1.525987,-0.117713,-5.58669537086077
-25.894778,1.535025,-0.116444,-5.58414068499894
-25.978781,1.542412,-0.115353,-5.59673161853347
-26.071582,1.547541,-0.113217,-5.56277991591886
-26.165183,1.551352,-0.111568,-5.50101931020561
-26.259687,1.55465,-0.115761,-5.39929280123156
-26.351787,1.557243,-0.112496,-5.40515401449506
-26.443589,1.563882,-0.110304,-5.55359231331773
-26.530092,1.570181,-0.111909,-6.7191260931672
-26.598159,1.592931,-0.119753,-7.95872251656048
-26.685862,1.604559,-0.1261,-8.00972823617438
-26.770655,1.617111,-0.122268,-8.36531808400568
-26.853852,1.629965,-0.122469,-8.47334076241997
-26.941946,1.643195,-0.119957,-8.60527713154704
-27.030348,1.654636,-0.125148,-8.62985509007663
-27.117141,1.666728,-0.121069,-8.58723588554789
-27.200935,1.680087,-0.118566,-8.68970744701084
-27.289735,1.693196,-0.121403,-8.64835641998645
-27.380738,1.70339,-0.126851,-8.57473488012637
-27.471938,1.712567,-0.12929,-8.57430011892037
-27.560633,1.723352,-0.127692,-8.59343128617388
-27.650029,1.732147,-0.126002,-8.59090650614006
-27.743128,1.742491,-0.127548,-8.55191897676835
-27.836827,1.753833,-0.128945,-8.54133745034295
-27.928224,1.76627,-0.129332,-8.47818171973374
-28.016623,1.780848,-0.131943,-8.452655533035
-28.100717,1.794118,-0.129694,-8.47459445846089
-28.184411,1.805805,-0.126722,-8.45117743241403
-28.267111,1.816662,-0.129419,-8.42771754238597
-28.35241,1.826871,-0.13066,-8.48821516853043
-28.43751,1.837799,-0.133526,-8.4486038621711
-28.52421,1.850788,-0.136317,-8.46310044622666
-28.610809,1.862626,-0.139172,-8.42208279469427
-28.69561,1.87732,-0.143135,-8.43597052058016
-28.780107,1.890386,-0.143769,-8.38108282162548
-28.865911,1.900013,-0.150044,-8.37116402180118
-28.953907,1.910878,-0.148541,-8.34962117325113
-29.039403,1.921655,-0.147419,-8.37853451312787
-29.127302,1.931776,-0.148734,-8.38385873985622
-29.2119,1.940911,-0.149233,-8.37653871098758
-29.296502,1.951112,-0.154394,-8.39683466953235
-29.385498,1.962198,-0.152959,-8.18885058816305
-29.472697,1.972419,-0.154385,-7.74991588235015
-29.562497,1.980541,-0.155939,-7.85104902699859
-29.653094,1.992187,-0.156124,-7.75690602082396
-29.740891,2.0029,-0.156131,-7.71635082290932
-29.828288,2.016298,-0.156908,-7.69574651663027
-29.915883,2.02973,-0.154711,-7.65378167935593
-30.005985,2.041661,-0.159728,-7.66976128759319
-30.095677,2.051889,-0.154962,-7.64453879520619
-30.187579,2.062556,-0.159079,-7.62806254455176
-30.276872,2.073331,-0.155465,-7.45070474399245
-30.367065,2.085193,-0.151329,-6.34382349994958
-30.454168,2.092612,-0.156159,-5.38967887313253
-30.539062,2.096941,-0.151697,-5.50025487648143
-30.624962,2.102039,-0.152633,-5.19969137449805
-30.712564,2.105746,-0.155117,-5.09957403229223
-30.799763,2.110399,-0.155137,-4.89013136734901
-30.887765,2.11591,-0.158332,-4.84941898311051
-30.975864,2.120245,-0.158619,-4.8269482625558
-31.064262,2.124074,-0.157892,-4.84459818497171
-31.154264,2.127634,-0.160859,-4.97103320154509
-31.243763,2.130096,-0.160489,-5.03066770356552
-31.334568,2.135069,-0.165816,-5.05773118603163
-31.422664,2.143768,-0.164938,-5.04548423119927
-31.510668,2.152923,-0.170796,-5.33507228322862
-31.597267,2.160192,-0.1719,-5.65527230775614
-31.683671,2.168244,-0.177266,-5.6189041247717
-31.747104,2.16427,-0.181386,-5.59667209805315
-31.830415,2.172895,-0.184186,-5.66809856337483
-31.916822,2.181601,-0.184067,-5.67651741406599
-32.005932,2.190989,-0.184849,-5.7106570861533
-32.095234,2.199947,-0.180594,-5.72112324928027
-32.188344,2.206548,-0.183965,-5.70723946997397
-32.28185,2.212789,-0.184308,-5.71745305745436
-32.374155,2.219494,-0.183253,-5.71170283633612
-32.460562,2.225476,-0.184242,-5.69463655473212
-32.544668,2.235234,-0.182631,-5.68535099415562
-32.629281,2.245189,-0.18551,-5.69204829393899
-32.717396,2.255301,-0.18998,-5.69947489735635
-32.809009,2.264107,-0.1941,-5.63003581736592
-32.89902,2.271967,-0.196917,-5.60710910422429
-32.985425,2.277773,-0.196931,-5.6217237147841
-33.068933,2.283844,-0.199117,-5.68033242153918
-33.153739,2.289457,-0.199965,-5.64601605666592
-33.239044,2.292434,-0.201617,-5.6374909480384
-33.321858,2.29537,-0.209458,-5.66123376057757
-33.406071,2.304867,-0.212723,-5.64964361659691
-33.491183,2.315599,-0.215121,-5.60116439903996
-33.577003,2.326172,-0.222781,-5.59811221067546
-33.66411,2.336288,-0.221336,-5.60106543328151
-33.749121,2.34555,-0.223693,-5.6235053317201
-33.83463,2.353791,-0.224487,-5.64742196135325
-33.923138,2.361504,-0.225948,-5.62937519703089
-34.010646,2.367667,-0.227251,-5.6032234294055
-34.100242,2.375217,-0.220028,-5.55741425611665
-34.191055,2.381677,-0.224707,-5.55481769938099
-34.285161,2.3905,-0.223661,-5.52447289735786
-34.377663,2.397972,-0.220539,-5.47551265102469
-34.467072,2.404388,-0.222608,-5.45907386265938
-34.551472,2.410225,-0.219123,-5.48396123673959
-34.636383,2.414663,-0.224342,-5.54069050665036
-34.724193,2.420318,-0.227557,-5.55550975187291
-34.813403,2.427291,-0.230852,-5.5215269925302
-34.901511,2.434929,-0.231516,-5.49773942482309
-34.988021,2.440576,-0.23489,-5.5218211721787
-35.078226,2.444863,-0.23572,-5.44541296184692
-35.168532,2.451357,-0.235887,-5.44563331485932
-35.256743,2.457757,-0.240064,-5.4126648038397
-35.34435,2.463508,-0.241112,-5.42696299636198
-35.431955,2.467977,-0.241894,-5.45217194713792
-35.521762,2.472674,-0.244159,-5.4563452927021
-35.606968,2.479409,-0.2439,-5.46502692044042
-35.693279,2.487045,-0.247172,-5.48014750851008
-35.781186,2.494014,-0.247777,-5.44715795430754
-35.865895,2.498872,-0.251304,-5.46077281317017
-35.950205,2.505041,-0.254743,-5.4589826202862
-36.03562,2.515406,-0.259441,-5.46890716653647
-36.121422,2.52824,-0.252404,-5.46616009352881
-36.206933,2.539631,-0.253108,-5.50063289490234
-36.291143,2.550471,-0.253455,-5.51694433232812
-36.37425,2.560739,-0.251725,-5.53049320916449
-36.456762,2.570375,-0.254399,-5.50998953819448
-36.54197,2.58033,-0.254025,-5.50423862045566
-36.618488,2.576761,-0.257768,-6.14845413231702
-36.71019,2.582508,-0.2559,-6.57003864840222
-36.801698,2.592197,-0.254426,-6.45272557310018
-36.893809,2.600874,-0.25481,-6.66302045753813
-36.981918,2.608831,-0.254406,-6.70810602336693
-37.069828,2.618529,-0.253987,-6.80512997080966
-37.15735,2.629696,-0.257598,-7.50217067956911
-37.244456,2.640595,-0.254909,-8.01326370821838
-37.332184,2.655164,-0.259094,-7.98423304140823
-37.418499,2.668545,-0.258846,-8.13380550814636
-37.500798,2.684075,-0.251093,-8.20169137265537
-37.584826,2.697083,-0.256159,-8.30441027648255
-37.670541,2.709157,-0.256403,-8.30666420484218
-37.754845,2.722519,-0.251802,-8.35454093777446
-37.839275,2.736528,-0.25722,-8.36076474026192
-37.923982,2.754056,-0.251745,-8.41089713019794
-38.008499,2.769888,-0.251354,-8.97530799540892
-38.095325,2.782729,-0.255593,-8.7484726910053
-38.180539,2.796748,-0.254608,-8.88355912783238
-38.266149,2.812355,-0.25138,-8.89045900224249
-38.353668,2.826829,-0.252208,-8.91712310032613
-38.442167,2.840576,-0.245241,-8.92815856115024
-38.530078,2.853049,-0.243634,-8.94779724787865
-38.618713,2.864259,-0.252428,-9.00165767831127
-38.707013,2.87655,-0.246475,-9.39399123948982
-38.795631,2.890004,-0.247359,-9.27123366515932
-38.883542,2.901798,-0.246222,-9.38457629625092
-38.969553,2.913295,-0.245096,-9.37953049619835
-39.058888,2.926121,-0.253242,-9.60081375818017
-39.146518,2.938033,-0.260093,-10.7001082543592
-39.233318,2.954247,-0.252069,-11.5264133803888
-39.316942,2.972588,-0.253318,-11.5216903710112
-39.400454,2.990246,-0.249707,-11.8492308361229
-39.482774,3.008699,-0.248959,-11.9285409350524
-39.565593,3.024935,-0.249005,-12.0809044518885
-39.651606,3.042643,-0.245934,-12.0813760509847
-39.740813,3.063647,-0.238656,-12.1641134957096
-39.831831,3.081389,-0.237562,-12.1548306195012
-39.923956,3.095032,-0.241543,-12.5276830509017
-40.016164,3.112273,-0.236309,-13.280938050233
-40.105406,3.135989,-0.242284,-13.0833871123274
-40.189018,3.160314,-0.23571,-13.3067863802735
-40.268243,3.184687,-0.234303,-13.3524812791679
-40.346975,3.208125,-0.235968,-13.9554568080051
-40.428291,3.229178,-0.232781,-15.316190129314
-40.509918,3.253612,-0.232037,-15.5060729867183
-40.591751,3.278935,-0.233439,-15.7080372343688
-40.674581,3.305569,-0.233002,-15.8609773448836
-40.755311,3.335668,-0.230971,-16.448178382716
-40.838446,3.36726,-0.230223,-17.9969740224519
-40.920768,3.395826,-0.225943,-19.3468692703767
-40.999208,3.446926,-0.224789,-19.3781210001101
-41.079043,3.473622,-0.222115,-19.7774456439033
-41.157276,3.498802,-0.219783,-19.992991688723
-41.237908,3.524852,-0.216056,-20.1912146468628
-41.31704,3.55255,-0.211535,-20.3136714646675
-41.400492,3.583017,-0.21394,-20.3265176717104
-41.483446,3.614705,-0.21635,-20.9691211849284
-41.561405,3.643723,-0.223262,-22.5715503184381
-41.639656,3.675233,-0.22463,-24.0351307802688
-41.717615,3.71275,-0.225465,-24.1852736164714
-41.793767,3.752613,-0.221097,-24.5915529630575
-41.873126,3.792441,-0.220383,-24.7915647402053
-41.951984,3.832994,-0.218837,-25.0128383261046
-42.031135,3.872731,-0.214117,-25.1510690817855
-42.11189,3.909816,-0.213364,-25.2134035566913
-42.188645,3.944287,-0.214589,-25.5570664331567
-42.266112,3.984414,-0.217062,-27.0064943828384
-42.34378,4.02859,-0.217476,-28.6985969008205
-42.419838,4.076063,-0.211154,-29.7435457628492
-42.495806,4.122293,-0.209906,-30.1664278262066
-42.567468,4.165965,-0.207891,-30.5813295887009
-42.641523,4.208999,-0.203079,-30.8127804583621
-42.716991,4.256923,-0.200521,-31.1295764978718
-42.793463,4.306899,-0.198639,-32.3946597592167
-42.868839,4.35872,-0.197487,-34.4124094973747
-42.943423,4.413867,-0.197153,-35.8418359773923
-43.013299,4.466911,-0.195106,-36.1801285105156
-43.082481,4.515497,-0.198819,-36.6027601219034
-43.150561,4.567825,-0.198782,-36.8911139000863
-43.218043,4.623398,-0.197663,-37.0499751229046
-43.286937,4.677791,-0.202662,-37.674594111588
-43.353308,4.735274,-0.195261,-39.2472398202649
-43.416009,4.793229,-0.200899,-41.6043736160637
-43.476492,4.857543,-0.193925,-43.9672425086563
-43.528505,4.920019,-0.202391,-45.7530141204577
-43.582691,4.985994,-0.195769,-48.7121906853589
-43.636106,5.050742,-0.202995,-50.8074854156632
-43.688202,5.115151,-0.202388,-51.7551312087996
-43.7365,5.182519,-0.200325,-52.3504382886311
-43.792118,5.25301,-0.205064,-52.8929753144448
-43.843736,5.326309,-0.208128,-53.2395191692047
-43.89434,5.399865,-0.204361,-54.0277672073499
-43.944459,5.471663,-0.208799,-55.7489759645032
-43.995065,5.545384,-0.206043,-57.2528513044899
-44.041999,5.619046,-0.216013,-57.3639708865741
-44.087212,5.695561,-0.214636,-57.8555184202253
-44.126954,5.773097,-0.225211,-59.2185624277086
-44.165598,5.853483,-0.235351,-61.4743441148539
-44.205023,5.939291,-0.232737,-63.4127720088441
-44.240748,6.029401,-0.227353,-63.9043071365072
-44.272796,6.115721,-0.234691,-64.5427956088925
-44.305617,6.201034,-0.23097,-66.01455945372
-44.33955,6.285395,-0.233084,-67.8726562230039
-44.365882,6.369776,-0.234953,-68.2515810340422
-44.388514,6.450473,-0.238778,-68.8681945727826
-44.415029,6.53054,-0.236057,-70.306900252376
-44.443951,6.608346,-0.237795,-70.9711943481683
-44.473274,6.683085,-0.242009,-71.2197166388565
-44.494762,6.75568,-0.240391,-71.3985583915092
-44.522117,6.833572,-0.245235,-71.5469290199573
-44.55196,6.910559,-0.246783,-71.7948025335478
-44.580908,6.989791,-0.248642,-71.7467097114179
-44.608747,7.069654,-0.247182,-71.7233676278592
-44.634403,7.148516,-0.25154,-71.8534396617218
-44.655538,7.23265,-0.246443,-72.8654885048832
-44.674565,7.316244,-0.239089,-74.713545015
-44.690441,7.395102,-0.250042,-77.5414916730201
-44.700797,7.484417,-0.248638,-80.5601979497729
-44.711254,7.582234,-0.242453,-82.9750217630889
-44.715545,7.67368,-0.251271,-84.0836047124286
-44.718297,7.758286,-0.251134,-84.75730709556
-44.719963,7.842981,-0.25558,-86.1262494411837
-44.716016,7.927751,-0.255798,-88.1916819398297
-44.708663,8.008122,-0.256776,-91.0402102762083
-44.699418,8.087724,-0.260778,-94.0951589697059
-44.688375,8.17385,-0.261576,-96.0467557970824
-44.672729,8.26505,-0.258347,-96.8074703906999
-44.656708,8.35063,-0.266635,-97.9294560286054
-44.641358,8.437556,-0.26458,-99.8791261486661
-44.62263,8.520895,-0.271922,-102.610234248614
-44.602188,8.60943,-0.271455,-104.58466327211
-44.576851,8.700646,-0.271236,-105.156576557291
-44.548613,8.790541,-0.271741,-105.651901287263
-44.521267,8.87675,-0.271471,-106.974454841205
-44.496235,8.959661,-0.277464,-108.809468160451
-44.464814,9.040205,-0.288574,-109.520091079615
-44.430971,9.123273,-0.29128,-109.732163024366
-44.397708,9.204767,-0.288478,-110.031526584601
-44.367262,9.280287,-0.294308,-110.541263803207
-44.339713,9.358428,-0.297757,-111.84146261122
-44.307369,9.43891,-0.301495,-112.090495570588
-44.275426,9.514081,-0.308651,-112.206324307733
-44.244468,9.594912,-0.307846,-112.288597425415
-44.210132,9.669843,-0.317518,-112.769424039094
-44.173675,9.743758,-0.320674,-114.198299318237
-44.137532,9.823052,-0.325475,-115.25397764336
-44.099284,9.90861,-0.325129,-115.367479949011
-44.06085,9.990138,-0.331531,-115.683664257854
-44.021196,10.068839,-0.33307,-115.814465043433
-43.98146,10.146259,-0.34109,-116.017805303173
-43.940513,10.230637,-0.341696,-116.3918977696
-43.898567,10.312427,-0.344036,-116.78392863091
-43.854031,10.394242,-0.349743,-116.709855022924
-43.813998,10.47416,-0.35744,-116.836753299328
-43.775754,10.553456,-0.361869,-116.781175161172
-43.738698,10.634223,-0.361701,-117.346315697888
-43.701948,10.719085,-0.360837,-118.042123032058
-43.659912,10.797306,-0.368399,-117.931362170047
-43.619657,10.881668,-0.366557,-118.11399950221
-43.579523,10.961185,-0.373969,-118.205509466295
-43.540468,11.040762,-0.374887,-118.228935860599
-43.499722,11.114378,-0.381983,-118.196233310019
-43.458571,11.189978,-0.386291,-118.195254172974
-43.419522,11.263983,-0.392072,-118.121061335009
-43.369653,11.3359,-0.39599,-118.0251364791
-43.328658,11.413121,-0.398684,-118.025030395895
-43.288974,11.487768,-0.406003,-118.015928409295
-43.24977,11.564271,-0.406603,-117.997221126083
-43.209795,11.641522,-0.414447,-117.979973351533
-43.168507,11.723335,-0.415618,-117.966531860816
-43.129622,11.80455,-0.418162,-117.969167184836
-43.093425,11.881456,-0.420302,-117.918583550557
-43.054747,11.957505,-0.428402,-117.899804995357
-43.01666,12.033735,-0.433709,-117.840737040659
-42.978178,12.10609,-0.44285,-117.868563407305
-42.941767,12.184568,-0.440372,-117.844373135598
-42.905192,12.25942,-0.449866,-117.816652292636
-42.867908,12.334857,-0.456544,-117.839602965575
-42.828616,12.409787,-0.461408,-117.805157950954
-42.788015,12.488092,-0.461572,-117.753531119832
-42.745734,12.564643,-0.46847,-117.764962248377
-42.703127,12.645731,-0.465234,-117.705216302402
-42.665641,12.723755,-0.469659,-117.692190423716
-42.631247,12.800759,-0.472377,-117.654801277535
-42.595264,12.879581,-0.477119,-117.59764537646
-42.555389,12.964201,-0.480054,-117.587379193665
-42.514599,13.051984,-0.476664,-117.573973145007
-42.47393,13.131737,-0.484548,-117.568460593274
-42.434257,13.213672,-0.48987,-117.57363988822
-42.392272,13.296188,-0.4913,-117.557724004887
-42.350571,13.374995,-0.491423,-117.59508362202
-42.308606,13.448582,-0.504418,-118.030255379544
-42.266505,13.520219,-0.509134,-118.391725753697
-42.225094,13.590842,-0.51191,-118.26423595635
-42.18628,13.663245,-0.512637,-118.373624641298
-42.1454,13.736009,-0.522152,-118.419924678276
-42.106215,13.81115,-0.528805,-118.420571373114
-42.065933,13.889883,-0.533742,-118.462393035869
-42.02655,13.970106,-0.537374,-118.459578852553
-41.987664,14.049328,-0.540972,-118.47890839118
-41.94729,14.127578,-0.548551,-118.529722571407
-41.9058,14.209089,-0.549405,-118.47364261066
-41.864205,14.290395,-0.549299,-118.443324044922
-41.821732,14.367855,-0.557645,-118.448872793175
-41.781336,14.448159,-0.557718,-118.386463347822
-41.742546,14.527574,-0.560224,-118.353862801358
-41.704342,14.608058,-0.558067,-118.336917043211
-41.665863,14.686294,-0.564201,-118.34553149982
-41.624982,14.760948,-0.572254,-118.295816296509
-41.582684,14.838466,-0.573797,-118.280976433226
-41.551937,14.916778,-0.575505,-118.324275247442
-41.512961,14.990182,-0.583936,-118.293601519508
-41.474087,15.063593,-0.593673,-118.327416274648
-41.43159,15.145817,-0.586987,-118.286588429622
-41.389615,15.22491,-0.592664,-118.31938541185
-41.348242,15.299621,-0.601773,-118.292449146629
-41.307351,15.374885,-0.602599,-118.280463193938
-41.267076,15.451485,-0.609994,-118.222666192371
-41.225787,15.527947,-0.610439,-118.226982021285
-41.188114,15.602854,-0.619764,-118.088915423063
-41.151731,15.674047,-0.626986,-118.19439396803
-41.112439,15.756877,-0.622098,-118.166159852312
-41.072968,15.834084,-0.630893,-118.194448395846
-41.034585,15.907171,-0.636611,-118.180625445694
-40.995996,15.98393,-0.637099,-118.142790444472
-40.955811,16.067278,-0.63523,-118.087812286891
-40.915219,16.153499,-0.628461,-118.127119218315
-40.873552,16.233208,-0.637163,-118.100490081332
-40.832067,16.311378,-0.63888,-118.095259445551
-40.788696,16.389086,-0.646897,-118.105027353701
-40.743913,16.466966,-0.649549,-118.580840779998
-40.703913,16.545394,-0.644288,-119.067758589186
-40.661835,16.617403,-0.652928,-118.941288204449
-40.617746,16.686699,-0.658558,-119.094077197619
-40.573662,16.758695,-0.664327,-119.22496121363
-40.534085,16.837681,-0.669336,-120.046256293231
-40.499303,16.916544,-0.671565,-120.069226009816
-40.462624,16.996216,-0.674958,-120.219653407933
-40.42035,17.080492,-0.677545,-120.252666243367
-40.370863,17.164048,-0.674724,-120.355955862452
-40.324077,17.239033,-0.677873,-120.990046672804
-40.281189,17.309425,-0.683285,-121.066393642856
-40.239805,17.378628,-0.690923,-121.123895338032
-40.194823,17.449438,-0.698911,-121.178540146676
-40.148948,17.521063,-0.709337,-121.623873338865
-40.105764,17.599534,-0.710952,-122.320685512974
-40.05918,17.675023,-0.71469,-122.137483008662
-40.013684,17.749583,-0.713711,-122.263777623422
-39.965597,17.822775,-0.71772,-122.460872107435
-39.918016,17.892991,-0.726133,-123.616770308516
-39.871405,17.971201,-0.71594,-124.493994982342
-39.82153,18.046715,-0.723415,-124.379829195087
-39.771233,18.120283,-0.722582,-124.646482092489
-39.722366,18.188148,-0.739451,-124.74476089952
-39.673972,18.260423,-0.740425,-124.872754005541
-39.628082,18.318387,-0.751347,-124.989696044076
-39.579394,18.390098,-0.752,-124.956864894736
-39.52793,18.460056,-0.760933,-124.989773608125
-39.479072,18.526327,-0.772122,-124.976548092175
-39.43309,18.595749,-0.774831,-124.939244078875
-39.3881,18.669556,-0.774881,-124.91826390841
-39.342732,18.742805,-0.782333,-124.890490217044
-39.294428,18.818984,-0.777209,-124.840611767929
-39.240453,18.888721,-0.782457,-124.950447325914
-39.190177,18.955857,-0.787397,-126.070536048554
-39.143198,19.023485,-0.7912,-127.577799978722
-39.088819,19.095215,-0.795041,-127.96538235285
-39.03105,19.166563,-0.802127,-128.148573518761
-38.975455,19.239062,-0.800385,-128.365615916484
-38.916887,19.312913,-0.808025,-128.605459011031
-38.861996,19.385919,-0.807637,-128.714783359298
-38.808514,19.455344,-0.810509,-128.791907111821
-38.754434,19.521472,-0.814118,-128.819258428996
-38.703153,19.586799,-0.817537,-128.797225764407
-38.651313,19.646405,-0.834989,-128.825302099259
-38.598727,19.713723,-0.836781,-129.13168692979
-38.545226,19.786707,-0.832674,-128.994199676901
-38.494731,19.859006,-0.831007,-129.097847414546
-38.43996,19.924552,-0.837882,-129.032023190043
-38.385579,19.993479,-0.841158,-129.055328805563
-38.332304,20.064315,-0.846131,-129.078038435861
-38.27881,20.139415,-0.844692,-129.039753114047
-38.22512,20.208523,-0.844749,-128.973682945554
-38.171637,20.278145,-0.84722,-129.174768597424
-38.119848,20.348155,-0.847635,-129.28135711798
-38.067181,20.413909,-0.855819,-129.245287502646
-38.012619,20.477472,-0.865672,-129.310039363172
-37.959446,20.545314,-0.871667,-129.3344820154
-37.90726,20.612931,-0.873332,-129.33820990359
-37.853993,20.678686,-0.881559,-129.344760172678
-37.799509,20.745606,-0.883738,-129.324083333558
-37.74464,20.817354,-0.890826,-129.272839547272
-37.69134,20.893042,-0.88723,-128.836473122514
-37.638948,20.968745,-0.886378,-128.69746931093
-37.583859,21.045653,-0.886404,-128.616149389115
-37.529992,21.117506,-0.89439,-128.548805728096
-37.475209,21.189127,-0.896576,-128.481440449076
-37.41944,21.257478,-0.90415,-128.463326739899
-37.36374,21.327066,-0.90058,-127.906379643642
-37.308061,21.398495,-0.90432,-127.964893138787
-37.255688,21.466037,-0.910468,-127.82049427504
-37.212936,21.533238,-0.914848,-127.731222922698
-37.164319,21.602117,-0.920118,-127.644173773146
-37.110501,21.676383,-0.921912,-127.595073056472
-37.058883,21.747055,-0.925229,-127.587646169805
-37.007451,21.816299,-0.923334,-127.577991610168
-36.955327,21.887657,-0.923819,-127.55437358822
-36.90211,21.961426,-0.926334,-127.507934679341
-36.848394,22.037395,-0.928559,-127.384738348469
-36.794188,22.107998,-0.937382,-126.871014212471
-36.74347,22.180864,-0.939716,-127.024280828808
-36.690154,22.252242,-0.943914,-126.88830219591
-36.636046,22.322444,-0.95249,-126.90880630131
-36.584436,22.391339,-0.960267,-126.851302411099
-36.535014,22.4625,-0.962017,-126.791774733997
-36.48649,22.530063,-0.964323,-126.741402884308
-36.437572,22.596642,-0.969536,-126.685679610429
-36.387346,22.663905,-0.971298,-126.652472902958
-36.336728,22.729589,-0.9773,-126.63934598176
-36.285003,22.799049,-0.978294,-126.64067577142
-36.232486,22.870723,-0.981768,-126.64946863464
-36.17926,22.947363,-0.978728,-126.60102067537
-36.12897,23.019397,-0.994106,-126.572461287738
-36.077146,23.094546,-0.99306,-126.586430943956
-36.025041,23.167943,-1.001035,-126.572960913114
-35.972827,23.241221,-1.00549,-126.534045754407
-35.921708,23.315383,-1.006928,-126.509533205327
-35.871498,23.389064,-1.012447,-126.498032891331
-35.81859,23.459862,-1.020427,-126.457007512245
-35.764971,23.534825,-1.021726,-126.439211365855
-35.711768,23.610522,-1.029541,-126.38471941725
-35.660747,23.682684,-1.03093,-126.369226243992
-35.612527,23.747863,-1.036328,-126.341097259677
-35.56511,23.814842,-1.041986,-126.395852793961
-35.517294,23.888209,-1.045131,-126.347109587
-35.469186,23.958504,-1.053453,-126.367159851758
-35.421563,24.028064,-1.055377,-126.323827061529
-35.37057,24.098695,-1.070143,-126.345535719488
-35.319853,24.170665,-1.073352,-126.301157992456
-35.268438,24.242245,-1.078115,-126.242574509214
-35.215708,24.315983,-1.074769,-126.20717881029
-35.164501,24.386081,-1.083208,-126.210017107231
-35.115579,24.453251,-1.086818,-126.181199212477
-35.066953,24.520012,-1.088639,-126.185900077774
-35.015831,24.590178,-1.090818,-126.146362149335
-34.96752,24.659367,-1.098066,-126.044852466228
-34.917801,24.729137,-1.101574,-125.573069292979
-34.868487,24.812264,-1.092628,-125.708198500799
-34.821669,24.888047,-1.098545,-125.530327464644
-34.772857,24.962351,-1.107218,-125.426851612443
-34.723936,25.026258,-1.116254,-125.3795677695
-34.6746,25.095312,-1.117835,-125.408763094372
-34.624964,25.169954,-1.117527,-125.350103680214
-34.576133,25.242015,-1.120056,-125.375904401546
-34.528105,25.315678,-1.123041,-125.380064442574
-34.479576,25.393331,-1.124469,-125.359908022487
-34.42875,25.471891,-1.126597,-125.32017798295
-34.376723,25.548456,-1.129283,-125.27467874147
-34.323608,25.620662,-1.137662,-125.614056680591
-34.27177,25.697594,-1.135755,-126.24737411706
-34.217555,25.771497,-1.143645,-126.074438926901
-34.16862,25.841052,-1.145271,-126.20347785049
-34.117102,25.90786,-1.154274,-126.166844825071
-34.064278,25.97615,-1.16039,-126.37704244465
-34.012842,26.047602,-1.16139,-127.032365019495
-33.958519,26.115896,-1.16794,-126.871193274334
-33.903,26.182605,-1.176585,-127.069732334476
-33.848863,26.249566,-1.178574,-127.088799146976
-33.797825,26.320811,-1.178514,-127.132795700957
-33.748887,26.391159,-1.179184,-127.089967043637
-33.699962,26.460142,-1.184845,-127.084023405937
-33.650246,26.526453,-1.194416,-127.060175461929
-33.599099,26.600671,-1.190626,-127.024177813354
-33.548168,26.679517,-1.190802,-126.97365188589
-33.495056,26.758914,-1.197851,-126.989294443254
-33.443038,26.8361,-1.203633,-126.923195148693
-33.391521,26.908397,-1.210877,-126.703599604199
-33.339592,26.978372,-1.215048,-126.818133108522
-33.285361,27.04814,-1.218008,-126.723636746213
-33.231537,27.120424,-1.223188,-126.677887637472
-33.176015,27.194308,-1.228203,-126.601214103642
-33.123685,27.267869,-1.23042,-126.601050782745
-33.073355,27.336342,-1.234408,-126.576189528276
-33.023335,27.400649,-1.243434,-126.511491937303
-32.975697,27.466505,-1.245403,-126.450151403488
-32.930377,27.531007,-1.254235,-126.419596977225
-32.883951,27.603178,-1.258596,-126.386325655139
-32.836122,27.674346,-1.262138,-126.378159041064
-32.786597,27.742331,-1.268097,-126.431599410274
-32.735276,27.809829,-1.275645,-126.439501638206
-32.685352,27.876419,-1.282155,-126.3690790083
-32.63652,27.94269,-1.286244,-126.349916641858
-32.587596,28.011575,-1.292195,-126.397680764985
-32.534309,28.067852,-1.278578,-126.355795644547
-32.485688,28.147709,-1.283449,-126.304951412097
-32.433965,28.228366,-1.287327,-126.275509255615
-32.378943,28.308327,-1.291798,-125.99150204307
-32.324226,28.385995,-1.298256,-126.053419637191
-32.269303,28.462259,-1.303361,-125.967818939548
-32.216385,28.533831,-1.311247,-126.019397563575
-32.165252,28.601787,-1.315191,-125.938250428832
-32.116713,28.66434,-1.318747,-125.78277030645
-32.066978,28.722902,-1.324583,-125.167669730219
-32.017988,28.776921,-1.345593,-124.964269775545
-31.975282,28.853395,-1.356008,-125.837731933291
-31.942452,28.940922,-1.355939,-124.498920597876
-31.911619,29.03204,-1.354071,-122.140668707647
-31.867256,29.116858,-1.375849,-119.441002267108
-31.811706,29.166434,-1.410498,-118.09099197221
-31.770467,29.254777,-1.439083,-117.106660791597
-31.763326,29.309381,-1.412288,-115.973175257067
-31.747656,29.36016,-1.377294,-116.013220940959
-31.732842,29.400617,-1.362797,-116.050544771243
-31.720895,29.43551,-1.359418,-115.886705296278
-31.70539,29.454319,-1.381632,-115.916536100231
-31.70299,29.46733,-1.383707,-115.84607827951
-31.699291,29.474715,-1.38069,-115.828984555509
-31.697893,29.484381,-1.373672,-115.853329977079
-31.690994,29.505062,-1.369769,-115.77454248781
-31.672691,29.531344,-1.386296,-116.440816571307
-31.662886,29.559354,-1.408706,-116.494593860687
-31.664086,29.57406,-1.409754,-116.694483237051
-31.659385,29.591378,-1.413398,-116.945770697436
-31.651886,29.609468,-1.411327,-117.184357394691
-31.645288,29.624137,-1.404864,-117.213211530268
-31.64289,29.631701,-1.397486,-117.216041950548
-31.638493,29.639044,-1.385919,-117.222128901927
-31.623594,29.656739,-1.384748,-117.248763971833
-31.602388,29.674172,-1.411807,-117.844609696655
-31.600187,29.694594,-1.416117,-118.355449239508
-31.595745,29.725389,-1.420894,-118.607148058185
-31.580559,29.748888,-1.417753,-118.799376544781
-31.56307,29.780077,-1.412495,-119.044100842982
-31.542149,29.809652,-1.419857,-119.272334082395
-31.529077,29.835163,-1.418942,-119.541325858236
-31.515874,29.861137,-1.412294,-119.703454219764
-31.492586,29.886862,-1.426804,-119.884911743022
-31.473352,29.916719,-1.431775,-119.95472742965
-31.45421,29.947566,-1.435168,-119.964439869519
-31.438672,29.976216,-1.439616,-119.964570730592
-31.427024,30.00415,-1.442538,-119.98325541401
-31.419065,30.030669,-1.443768,-120.044721891695
-31.40894,30.056632,-1.451305,-120.072005398209
-31.397727,30.082311,-1.461179,-120.124448353236
-31.384974,30.11044,-1.463135,-120.146055067904
-31.366327,30.161125,-1.468589,-120.13657985776
-31.348133,30.191177,-1.486281,-120.149054345875
-31.330786,30.223915,-1.48801,-120.142103806135
-31.312649,30.255178,-1.493242,-120.081827374388
-31.296007,30.277753,-1.500361,-119.997560759712
-31.277445,30.302485,-1.501072,-120.00849222307
-31.260003,30.324066,-1.508931,-119.948634867804
-31.244834,30.346784,-1.508364,-119.884898473889
-31.230269,30.368614,-1.50965,-119.910524273931
-31.213334,30.395391,-1.517021,-119.892677892839
-31.192579,30.431608,-1.515227,-119.895033848928
-31.170133,30.468145,-1.515917,-119.996811483372
-31.146616,30.503046,-1.525294,-120.017999181218
-31.124609,30.537664,-1.537446,-120.046877859562
-31.099094,30.571973,-1.547534,-120.040082140411
-31.072462,30.614724,-1.549325,-119.995802537224
-31.046761,30.662624,-1.558106,-119.923784827668
-31.01618,30.714559,-1.570746,-119.967699088253
-30.987293,30.775752,-1.577934,-120.001851975295
-30.954758,30.836156,-1.599861,-119.933649838827
-30.92162,30.899845,-1.619617,-119.941126885501
-30.88907,30.961616,-1.636904,-119.891885434107
-30.858402,31.007596,-1.634866,-119.944015698851
-30.823855,31.060924,-1.644248,-119.943343593637
-30.787624,31.118302,-1.657668,-120.530832211345
-30.75089,31.174371,-1.670375,-121.211016681049
-30.714679,31.223829,-1.69055,-122.203432763392
-30.678252,31.276227,-1.705711,-123.817766236141
-30.642786,31.332883,-1.709056,-125.447586901538
-30.60244,31.384219,-1.718882,-126.391898035989
-30.563293,31.430457,-1.729005,-126.830491839882
-30.525443,31.476088,-1.738571,-127.406073801419
-30.487109,31.517476,-1.75286,-128.016894957987
-30.447946,31.556867,-1.759064,-129.075680283451
-30.410651,31.602339,-1.755399,-130.412316335195
-30.367782,31.641812,-1.760026,-130.66713654012
-30.318915,31.679495,-1.765285,-131.018064208041
-30.272451,31.719485,-1.771228,-131.403479734136
-30.226102,31.758629,-1.781641,-132.406494431608
-30.185328,31.800281,-1.784565,-133.15801448352
-30.143347,31.841409,-1.785408,-133.196965384003
-30.109008,31.883654,-1.799073,-133.420197345734
-30.065555,31.929639,-1.804529,-133.976232660801
-30.022404,31.973662,-1.81472,-135.103800921143
-29.978448,32.014372,-1.823248,-136.727260135223
-29.932787,32.051069,-1.829858,-138.823141970892
-29.88342,32.083742,-1.833033,-140.845427966746
-29.833448,32.109529,-1.838062,-142.518498348944
-29.783175,32.13254,-1.846013,-144.833062048364
-29.729901,32.155734,-1.851395,-147.30402480476
-29.672424,32.179695,-1.852083,-149.826418386891
-29.612651,32.203504,-1.858674,-152.489867744701
-29.552175,32.224911,-1.864855,-155.169458914829
-29.488594,32.244176,-1.865424,-157.888276752986
-29.424213,32.261772,-1.869737,-160.562979044567
-29.359632,32.274616,-1.880168,-163.241584446638
-29.295241,32.282296,-1.882539,-165.987882309513
-29.232842,32.285931,-1.87951,-168.543024283167
-29.174745,32.283442,-1.886628,-170.934371842429
-29.115448,32.285017,-1.889014,-172.925215468169
-29.057353,32.290185,-1.89053,-174.205366608871
-28.99916,32.295264,-1.893588,-174.928915225914
-28.942965,32.300422,-1.894154,-175.482980850553
-28.885169,32.300715,-1.899069,-175.786870543031
-28.827772,32.300111,-1.904351,-176.092742351873
-28.767072,32.298883,-1.90619,-176.898602723977
-28.705971,32.296657,-1.908227,-178.233062558829
-28.646166,32.295968,-1.90235,179.913017954556
-28.584962,32.291821,-1.901783,178.070100244817
-28.521657,32.278077,-1.913952,175.590031186089
-28.455743,32.263837,-1.913787,173.393858242469
-28.394971,32.24161,-1.947989,171.282448541999
-28.333263,32.225615,-1.945496,169.445653589796
-28.271162,32.208272,-1.951043,168.484425960368
-28.209762,32.193027,-1.956186,167.863312687899
-28.146761,32.177276,-1.960433,167.370133153827
-28.083968,32.159483,-1.973574,167.047043564627
-28.017862,32.144899,-1.972617,166.969811954018
-27.953561,32.129648,-1.976693,166.627323809822
-27.886362,32.113214,-1.983349,165.650119871798
-27.816857,32.096443,-1.9842,165.063417981485
-27.748759,32.076627,-1.993519,165.029974285938
-27.684756,32.059665,-1.995936,164.80878871629
-27.620952,32.041502,-1.99834,164.711968751943
-27.557749,32.021646,-2.001844,164.663392086004
-27.499242,32.002569,-2.002269,164.675730471232
-27.441037,31.982699,-2.003778,164.634800120801
-27.379338,31.962176,-2.012485,164.653243293405
-27.317135,31.946009,-2.014285,164.6599213851
-27.259433,31.932447,-2.017082,164.383878397602
-27.206731,31.918585,-2.020077,164.532772499278
-27.148728,31.903224,-2.023047,164.488947019072
-27.094329,31.887678,-2.028514,164.151282443462
-27.037926,31.873811,-2.030703,163.443768848938
-26.981823,31.860343,-2.032628,163.397292534546
-26.925921,31.846579,-2.035265,163.081698238225
-26.868617,31.827916,-2.037936,162.282173652377
-26.809315,31.80657,-2.043066,160.975090025145
-26.75251,31.782912,-2.046599,159.041205276896
-26.699299,31.760309,-2.043341,156.930047671497
-26.644393,31.735745,-2.046087,155.304008721009
-26.59239,31.706411,-2.053562,154.449738924786
-26.542284,31.676753,-2.057476,153.081404994057
-26.492674,31.644778,-2.058776,151.094456920437
-26.443566,31.611721,-2.062831,148.750451083236
-26.396663,31.5749,-2.07266,146.441786529349
-26.346952,31.536729,-2.074539,144.782945176795
-26.297239,31.49316,-2.076854,143.962448231921
-26.245726,31.448793,-2.079356,143.393015172757
-26.190506,31.404689,-2.07591,142.847966192737
-26.138497,31.357752,-2.082999,142.562827072785
-26.08925,31.320763,-2.089902,142.453383534034
-26.036195,31.277054,-2.092237,142.388708531308
-25.97982,31.239087,-2.08614,142.423068125937
-25.924471,31.202772,-2.087318,142.524567982193
-25.869409,31.168719,-2.083307,142.551688170237
-25.815059,31.133795,-2.08343,142.319193331519
-25.761412,31.094492,-2.086464,142.286631065148
-25.708363,31.056379,-2.088197,142.300807712497
-25.653916,31.013489,-2.092781,142.340975731589
-25.598554,30.969169,-2.093328,142.283900349413
-25.54369,30.921555,-2.094589,142.217697354335
-25.490357,30.873412,-2.105728,142.179117705123
-25.434498,30.828302,-2.107433,142.184341587492
-25.382446,30.785596,-2.110348,142.156595041315
-25.331989,30.742776,-2.111697,142.171493942612
-25.278812,30.70161,-2.106404,142.230574124561
-25.221252,30.66009,-2.106477,142.288312070599
-25.160483,30.618257,-2.104084,142.286515502669
-25.099525,30.573256,-2.106025,142.27775203121
-25.038862,30.524657,-2.108272,142.200817987628
-24.979597,30.477445,-2.109044,141.348905635901
-24.921047,30.431662,-2.113874,140.301794487665
-24.866088,30.384759,-2.116679,140.206383167378
-24.811124,30.340533,-2.116374,139.923873774649
-24.757165,30.294525,-2.11872,139.755104456331
-24.70542,30.247248,-2.125617,139.57037083345
-24.654264,30.200145,-2.129102,139.51453898484
-24.604803,30.155422,-2.130183,139.497707428241
-24.55776,30.111234,-2.136521,139.384284870916
-24.511723,30.067058,-2.144577,138.629953806434
-24.463058,30.027208,-2.142228,137.701427118602
-24.414896,29.987066,-2.14114,137.605700084689
-24.364552,29.944674,-2.146226,137.381770796387
-24.313099,29.902961,-2.148251,137.210750966539
-24.262549,29.859061,-2.152279,137.055174944632
-24.214594,29.813451,-2.155512,136.970469658336
-24.165632,29.767031,-2.157124,136.939013066478
-24.116982,29.720836,-2.162163,136.956952917786
-24.06934,29.674856,-2.169467,136.948759078924
-24.021495,29.631961,-2.174539,136.922850918674
-23.970745,29.588758,-2.178143,136.972158968823
-23.919181,29.542934,-2.178769,137.001454554735
-23.867421,29.495424,-2.181258,136.992327986836
-23.813345,29.446087,-2.179719,137.036902747028
-23.756452,29.394425,-2.174306,137.078588929322
-23.723396,29.337023,-2.180627,137.063526074096
-23.667106,29.288026,-2.180816,137.1791358506
-23.612424,29.240733,-2.18238,137.222189697179
-23.558861,29.195753,-2.187068,137.749718686307
-23.509114,29.151184,-2.195527,138.428445301541
-23.458169,29.107318,-2.204079,138.302046026952
-23.407184,29.063606,-2.2031,138.544457320112
-23.356408,29.020704,-2.204155,138.64872075153
-23.305848,28.97632,-2.209318,138.759648347585
-23.25469,28.930743,-2.215518,138.755060026451
-23.19872,28.885561,-2.218878,138.821283623795
-23.145058,28.839585,-2.224321,138.878189275092
-23.090874,28.793586,-2.224816,138.952852533092
-23.03749,28.748782,-2.224543,138.961730981719
-22.986712,28.70388,-2.225758,138.944137178498
-22.936646,28.659191,-2.22991,138.917394565683
-22.884769,28.613495,-2.231804,138.894025860269
-22.829783,28.566297,-2.232259,138.88858255919
-22.773376,28.519577,-2.227587,139.220648587809
-22.718378,28.472964,-2.224959,139.587188250297
-22.661397,28.426872,-2.225918,139.568177654222
-22.603916,28.380284,-2.22734,139.670664402466
-22.544633,28.333995,-2.228089,139.767497227681
-22.481248,28.286515,-2.228991,140.238900279101
-22.419061,28.237432,-2.229826,141.126779859491
-22.355779,28.193247,-2.229902,141.139878887782
-22.293121,28.147492,-2.236273,141.33702749696
-22.228066,28.104239,-2.242252,141.380396956364
-22.163404,28.058484,-2.247802,141.70425854019
-22.102947,28.010031,-2.255517,142.49037565248
-22.043382,27.967256,-2.25893,142.444726045666
-21.981819,27.924187,-2.262823,142.686958090758
-21.920562,27.881125,-2.268365,142.78742920772
-21.860109,27.834075,-2.276493,142.770861040782
-21.800167,27.782244,-2.289091,142.034723512999
-21.736884,27.729077,-2.292801,140.653916880612
-21.674884,27.678383,-2.291353,139.678737980887
-21.620716,27.624917,-2.298694,139.635315083465
-21.559743,27.573553,-2.303955,139.245719632319
-21.501373,27.522688,-2.309752,139.015207350161
-21.440393,27.476505,-2.311088,138.795530027467
-21.381136,27.430446,-2.317956,138.831503468358
-21.321562,27.387561,-2.31926,138.813830054494
-21.263505,27.3412,-2.326204,138.913444670197
-21.20495,27.297735,-2.332106,138.787024160864
-21.144856,27.256725,-2.328173,139.186020167358
-21.088002,27.204477,-2.33811,139.738766085105
-21.044593,27.140468,-2.317007,139.506319620138
-20.984543,27.096933,-2.321111,139.790746559641
-20.920188,27.050108,-2.321571,140.083725425353
-20.852121,26.99168,-2.327525,140.855770551115
-20.784465,26.945363,-2.325638,141.389226309924
-20.717815,26.901638,-2.328825,142.512000940991
-20.64706,26.853914,-2.334037,144.164454814244
-20.576414,26.811687,-2.340988,144.80310061666
-20.515468,26.768141,-2.352592,144.853712129462
-20.44943,26.733108,-2.360161,145.457025564759
-20.391601,26.703258,-2.372235,145.616434959222
-20.338692,26.687592,-2.391497,146.176040389682
-20.267568,26.647204,-2.438201,145.752877919954
-20.205653,26.614403,-2.486282,145.30038395848
-20.13392,26.582776,-2.49478,145.798215696427
-20.052458,26.527963,-2.501067,146.672296706472
-19.97309,26.467142,-2.510793,147.107036563872
-19.891395,26.444665,-2.469522,147.091462149274
-19.835055,26.383814,-2.456694,147.468985258224
-19.751673,26.352733,-2.439313,147.250729757477
-19.681494,26.309549,-2.45243,147.522822280932
-19.625435,26.277141,-2.463072,147.563858086612
-19.560581,26.245041,-2.478441,147.827803504147
-19.49419,26.189307,-2.508975,147.87358324125
-19.429602,26.147544,-2.508621,147.908234992488
-19.360402,26.102301,-2.503853,147.805812775526
-19.293409,26.057137,-2.506333,147.707424360348
-19.227605,26.00898,-2.504504,147.674972429655
-19.165089,25.955821,-2.500541,146.547802637951
-19.099567,25.90349,-2.487902,144.679671393561
-19.031147,25.855988,-2.466108,143.168941343296
-18.968819,25.798235,-2.459473,142.987494083958
-18.905108,25.745771,-2.458832,142.5336478117
-18.844396,25.694308,-2.455301,142.252751292762
-18.784476,25.639646,-2.450221,142.018696077073
-18.718254,25.583996,-2.445955,141.888501168758
-18.653533,25.53126,-2.434904,141.797897650047
-18.584513,25.478126,-2.426317,141.767322064389
-18.511803,25.426282,-2.425426,141.754736110851
-18.439495,25.373726,-2.429032,141.659289606636
-18.36729,25.32448,-2.428057,141.702119770559
-18.296283,25.27544,-2.424101,141.983930997979
-18.22827,25.223891,-2.420676,142.752011537378
-18.142991,25.18663,-2.364051,142.592134220801
-18.0733,25.134647,-2.364655,142.733667227105
-18.00019,25.077774,-2.365499,142.801851352152
-17.916258,25.014635,-2.366274,142.894247838534
-17.828569,24.947997,-2.369589,143.023234900138
-17.745197,24.874554,-2.370791,142.990617770646
-17.647636,24.79584,-2.375879,143.012260677918
-17.543972,24.722888,-2.370872,143.15794520531
-17.447578,24.643586,-2.372119,143.189500683857
-17.347879,24.566892,-2.374047,143.13574423201
-17.244621,24.494315,-2.37444,143.185574164944
-17.154326,24.416817,-2.370451,143.902002658134
-17.061108,24.346864,-2.357841,143.430757332713
-16.959066,24.279332,-2.346954,143.316488866243
-16.867951,24.213023,-2.346119,143.150523126663
-16.765706,24.149839,-2.347499,143.193753324042
-16.665443,24.072783,-2.364259,144.606754358892
-16.571151,23.994102,-2.382458,145.521591753634
-16.475397,23.930896,-2.384393,145.643616691688
-16.37659,23.860992,-2.388007,145.875554405628
-16.27567,23.79259,-2.392659,146.778840419314
-16.17566,23.719191,-2.395837,148.131402391065
-16.072037,23.651845,-2.389524,148.027517333328
-15.977246,23.586752,-2.387578,147.90436854593
-15.876862,23.526674,-2.386064,147.860529269435
-15.763196,23.485882,-2.332402,148.149992094793
-15.658134,23.423723,-2.325496,148.204340824517
-15.54384,23.360145,-2.324629,148.25430357042
-15.428226,23.297933,-2.315312,148.408812878331
-15.315505,23.240939,-2.302302,148.37431644097
-15.200808,23.18366,-2.288039,148.512905556482
-15.088181,23.122133,-2.279499,148.666847338712
-14.9745,23.055061,-2.27753,148.546191573994
-14.855128,23.003668,-2.253259,148.705334309148
-14.742765,22.935174,-2.2262,148.673086753719
-14.629397,22.866183,-2.199297,148.637996687791
-14.51443,22.793034,-2.16697,148.741523129844
-14.400329,22.727039,-2.113247,148.798676604172
-14.284697,22.651408,-2.078827,148.882476530998
-14.169651,22.574966,-2.059458,148.794478328431
-14.049996,22.507829,-2.027316,148.928544330386
-13.935149,22.448643,-1.986379,148.922430344201
-13.825893,22.396497,-1.951721,149.813025405511
-13.714157,22.340968,-1.915587,150.453804925909
-13.636918,22.274647,-1.921606,150.071175024345
-13.530415,22.205601,-1.911036,149.972141994333
-13.421509,22.135084,-1.914206,149.907457458834
-13.312665,22.067159,-1.91328,149.923402425022
-13.202571,22.009102,-1.895815,149.970910629136
-13.086925,21.949955,-1.881831,149.968828713965
-12.964048,21.897678,-1.849745,151.684093378581
-12.848564,21.837836,-1.838294,154.062895809386
-12.728786,21.775324,-1.839818,154.392311627989
-12.600313,21.720377,-1.820966,154.658688747309
-12.469912,21.662034,-1.803752,154.83922769617
-12.34286,21.60531,-1.797006,155.022746514855
-12.215483,21.551976,-1.785238,155.285120856727
-12.093093,21.509128,-1.768112,155.282639904213
-11.961344,21.468382,-1.748203,156.864379350989
-11.830267,21.395941,-1.740212,159.050659851892
-11.698157,21.344323,-1.750864,159.383629121218
-11.566898,21.306122,-1.739463,159.670709163313
-11.442584,21.260823,-1.732251,159.800150548794
-11.31954,21.215934,-1.72807,160.058305526344
-11.192342,21.174237,-1.719874,160.204733521018
-11.066624,21.133946,-1.713909,160.534133925548
-10.948582,21.087481,-1.718986,160.56903391819
-10.82397,21.049123,-1.722445,160.477313424465
-10.699122,21.009041,-1.719458,160.600174525803
-10.577674,20.967152,-1.716183,160.40041806117
-10.448926,20.922111,-1.722005,160.425597600113
-10.320788,20.873462,-1.726176,160.485139738653
-10.193398,20.835465,-1.717864,160.823376638921
-10.067494,20.794268,-1.71049,161.380354940241
-9.942996,20.739994,-1.741176,161.108110502301
-9.816949,20.698896,-1.740929,161.41508622931
-9.687782,20.661068,-1.731596,161.495306089955
-9.560558,20.621968,-1.73034,161.522189998294
-9.437559,20.589157,-1.727186,161.584039680872
-9.323158,20.560658,-1.729319,161.513668447524
-9.220718,20.532839,-1.728579,161.921464816127
-9.120594,20.507197,-1.721905,162.536847016939
-9.020892,20.473125,-1.734926,162.232780775087
-8.9344,20.443796,-1.735252,162.454317957218
-8.848401,20.419039,-1.727347,162.477524838028
-8.765219,20.387427,-1.733226,162.485254697191
-8.67719,20.36021,-1.736209,162.554551860908
-8.591738,20.334462,-1.731323,162.702270324861
-8.507748,20.305325,-1.729694,162.809350217272
-8.422693,20.279754,-1.718462,162.927202261516
-8.369763,20.272549,-1.723107,162.833017139078
-8.288416,20.246046,-1.723528,162.792868661494
-8.207396,20.221833,-1.722419,162.798266233199
-8.124732,20.195153,-1.726458,162.814612824887
-8.04143,20.17371,-1.719839,162.859909247834
-7.954262,20.151593,-1.716726,163.029980308371
-7.869846,20.127318,-1.721244,163.418696069566
-7.783147,20.109285,-1.715741,163.302370355621
-7.701862,20.085412,-1.721187,163.377572429005
-7.618001,20.066883,-1.716826,163.455245754349
-7.538448,20.044814,-1.723359,163.532163589787
-7.455068,20.018256,-1.731001,163.532724151165
-7.360072,19.995258,-1.729635,163.560897638361
-7.247292,19.962193,-1.730374,163.509081062071
-7.131522,19.927925,-1.72999,163.654437231868
-7.019621,19.891334,-1.726488,164.114008212203
-6.904159,19.856102,-1.732263,164.281156917325
-6.788501,19.830626,-1.730607,164.556965937179
-6.639202,19.784969,-1.731301,164.506553857055
-6.511117,19.752569,-1.73767,164.559466873826
-6.383729,19.72325,-1.741097,164.493492697178
-6.253493,19.691731,-1.744212,164.561894869005
-6.124501,19.658693,-1.744527,164.605839646741
-5.995611,19.626012,-1.73791,164.623972269593
-5.867342,19.592186,-1.740157,164.630795598275
-5.738331,19.560384,-1.746095,164.563482272669
-5.609335,19.531544,-1.745934,164.651580183341
-5.482001,19.498535,-1.751034,164.569551771529
-5.353324,19.46167,-1.763086,164.652604989394
-5.226156,19.425992,-1.773015,164.699193518454
-5.102743,19.389121,-1.784534,164.661671226517
-4.976877,19.359616,-1.774214,165.011033663447
-4.852095,19.326977,-1.774594,165.076827678174
-4.728755,19.293485,-1.782683,165.23502508907
-4.601497,19.266832,-1.780523,165.375290078623
-4.471201,19.23867,-1.792927,165.42023046753
-4.338152,19.214307,-1.788772,166.554244426771
-4.216165,19.201013,-1.801262,167.275410564312
-4.087462,19.174321,-1.806859,167.085729693527
-3.958948,19.147585,-1.806457,167.28360110209
-3.83482,19.123963,-1.808783,167.428217161891
-3.703588,19.101756,-1.811881,167.719778977956
-3.574131,19.072775,-1.819089,169.012955242091
-3.442634,19.057521,-1.815346,168.840917697262
-3.313577,19.034472,-1.813045,169.191213945534
-3.183281,19.012347,-1.813779,168.994948606437
-3.058734,18.990359,-1.82082,169.250000229386
-2.935328,18.967077,-1.828878,169.209574173485
-2.807644,18.94744,-1.828412,169.404910831757
-2.680961,18.921957,-1.835703,169.425041638438
-2.547677,18.900624,-1.834802,169.415060320702
-2.418708,18.881884,-1.833641,169.600451605733
-2.28306,18.860121,-1.842217,169.61543487294
-2.147062,18.837048,-1.84923,169.555529238627
-2.012068,18.820682,-1.843272,169.488329921136
-1.876608,18.795685,-1.847082,169.433728902488
-1.744734,18.769318,-1.855736,169.463682005244
-1.619932,18.744832,-1.863033,169.054179569108
-1.493629,18.723954,-1.871105,167.218236113277
-1.380168,18.693693,-1.866937,167.386014649291
-1.254734,18.662305,-1.879731,167.018848450249
-1.126178,18.635179,-1.886283,167.105508620957
-0.996294,18.608858,-1.893601,167.052928310465
-0.867767,18.583886,-1.893349,167.07034226154
-0.736008,18.558513,-1.892516,167.078707514164
-0.605729,18.52769,-1.899382,167.132408302348
-0.473256,18.493282,-1.908206,167.063613183992
-0.339372,18.462734,-1.910803,167.20147099118
-0.20992,18.431137,-1.92162,167.200656191458
-0.080353,18.399921,-1.929553,167.218918638798
0.045662,18.373273,-1.93337,167.211542782169
0.17117,18.349845,-1.940059,167.286389367663
0.300627,18.323967,-1.953757,167.30295901924
0.424465,18.296007,-1.970849,167.405869227307
0.549135,18.273838,-1.971746,167.400286853936
0.675364,18.250887,-1.974996,167.8060370512
0.805496,18.219219,-1.975218,168.923737048093
0.939463,18.193638,-1.972831,168.431413744546
1.075679,18.169594,-1.975679,168.622466183416
1.210511,18.147275,-1.982384,168.490008384475
1.344896,18.124647,-1.987945,168.501102789003
1.473449,18.103234,-1.996389,168.39625136687
1.595498,18.08351,-2.004318,168.467208687292
1.716691,18.062088,-2.012694,168.557236231013
1.822453,18.032214,-2.033566,168.763406222275
1.948423,18.007355,-2.039114,168.777303627732
2.077354,17.979518,-2.047183,168.822611355143
2.205859,17.952053,-2.051442,168.724576921837
2.342349,17.922164,-2.064674,168.70133102392
2.478353,17.897284,-2.064934,168.846542131822
2.61252,17.869941,-2.070834,168.883131209294
2.746081,17.843413,-2.079242,168.936966396726
2.877113,17.824422,-2.078966,168.991849333244
3.007603,17.803657,-2.082565,169.005297307765
3.138079,17.784791,-2.086051,169.030335371747
3.266117,17.762879,-2.097935,169.011261649898
3.393408,17.743552,-2.107847,169.033775137851
3.516907,17.72574,-2.120803,169.034934026807
3.640904,17.706024,-2.13309,169.029621619784
3.766405,17.688457,-2.137571,169.135240703694
3.889463,17.667898,-2.143779,169.179705327749
4.017725,17.640301,-2.157931,169.243323143715
4.149106,17.614471,-2.166419,169.226978662919
4.286583,17.590228,-2.171625,169.10384521368
4.425004,17.567673,-2.174903,169.220451756643
4.560038,17.541631,-2.180788,169.36170792343
4.695097,17.516976,-2.184773,169.497595463319
4.824337,17.496608,-2.188378,169.533340456795
4.949538,17.476768,-2.196807,169.469888291875
5.074526,17.457514,-2.203354,169.746762756461
5.199993,17.435297,-2.215097,169.693658152125
5.321658,17.412189,-2.229083,169.866291827762
5.442849,17.394194,-2.230596,169.782613197567
5.5693,17.37116,-2.239649,169.841365551557
5.69827,17.339376,-2.255535,169.427929654871
5.84101,17.329934,-2.26612,168.314159027303
5.97373,17.304509,-2.274829,168.311619402546
6.107711,17.27945,-2.279485,167.864785094249
6.241119,17.248584,-2.294718,167.780136043906
6.365423,17.223745,-2.30415,167.684790995324
6.484298,17.20485,-2.308447,167.643503373015
6.606257,17.184149,-2.311369,167.598665839971
6.72437,17.158205,-2.321764,167.713994974773
6.847706,17.134747,-2.329141,167.812870029169
6.978409,17.107051,-2.330463,168.05117716819
7.112521,17.075187,-2.334529,168.07746946406
7.244132,17.038931,-2.351392,168.115778688791
7.382103,17.013529,-2.350213,168.192732557241
7.516377,16.985692,-2.357303,168.249632652803
7.646302,16.953222,-2.373004,167.98650158161
7.776345,16.933283,-2.369622,168.091394344605
7.907161,16.913137,-2.376437,168.287865823516
8.032349,16.889497,-2.385422,168.24990329471
8.156536,16.872095,-2.387629,168.399042265145
8.286782,16.850506,-2.38986,168.345949072164
8.415933,16.823782,-2.399665,168.506236077186
8.550689,16.794069,-2.409288,169.092814522159
8.684953,16.767011,-2.425221,168.735551395739
8.813956,16.742633,-2.428996,169.004988766227
8.94198,16.725837,-2.43096,169.068870612792
9.062969,16.696006,-2.445784,169.186499748706
9.190367,16.671132,-2.454664,169.305144160178
9.318894,16.650552,-2.461883,169.324965466973
9.446058,16.632445,-2.464966,169.380285246512
9.575105,16.609887,-2.475932,169.245788318938
9.701811,16.591189,-2.480722,169.27202625526
9.828105,16.569791,-2.48581,169.298829760206
9.959476,16.548827,-2.494841,169.327543753948
10.092599,16.526074,-2.50511,169.484255437831
10.226018,16.502416,-2.514452,169.470257931475
10.355041,16.477651,-2.52424,169.532172072396
10.478867,16.454278,-2.534657,169.472506726868
10.602285,16.434505,-2.545146,169.359481953632
10.727849,16.414293,-2.547833,169.439761813584
10.855953,16.393416,-2.555895,169.621358612499
10.985752,16.370837,-2.562796,169.75049334038
11.120156,16.346468,-2.569825,169.786486971656
11.254626,16.325777,-2.572933,169.879945655256
11.386988,16.308582,-2.576145,169.81464992036
11.522898,16.28913,-2.585616,169.865698066085
11.654797,16.271764,-2.594033,169.917207077393
11.77913,16.253608,-2.607156,169.839071448178
11.902668,16.228743,-2.618994,169.70770108617
12.032738,16.207141,-2.621957,169.679099719843
12.165438,16.184569,-2.629027,169.766735624148
12.296397,16.171793,-2.668272,169.878391226238
12.424338,16.148781,-2.670649,169.96774770586
12.555254,16.129534,-2.668331,170.02087283294
12.686091,16.111531,-2.671202,169.962132287252
12.812773,16.091303,-2.683702,169.926548884919
12.944127,16.068821,-2.689059,169.96461999809
13.07288,16.046134,-2.6942,170.049526465844
13.203288,16.029378,-2.690973,170.023442966116
13.331551,16.009817,-2.699239,170.129749483672
13.45752,15.986555,-2.707837,170.175903971957
13.582874,15.965569,-2.713678,170.202940858047
13.708227,15.944983,-2.719495,170.029933713266
13.84159,15.924929,-2.727784,170.097233774735
13.981162,15.897381,-2.735868,170.186555414785
14.116232,15.871425,-2.743789,170.234780450389
14.255881,15.852354,-2.749121,170.41280602641
14.386945,15.834904,-2.758268,170.333710342621
14.513603,15.817236,-2.766085,170.409329478429
14.63598,15.798198,-2.777963,170.431299228718
14.760134,15.784428,-2.785919,170.428853039438
14.883193,15.770066,-2.794904,170.473154213668
15.00876,15.751211,-2.804296,170.461139476547
15.136607,15.731518,-2.808966,170.463834855099
15.261557,15.714937,-2.815311,170.599771486952
15.387017,15.699177,-2.824218,170.601827038312
15.512758,15.688092,-2.829994,170.630985603683
15.640415,15.683965,-2.818652,170.836130574334
15.771424,15.661589,-2.836631,170.868200545751
15.907916,15.644902,-2.852478,171.022494845177
16.048103,15.626507,-2.866712,171.066311420252
16.178777,15.601457,-2.875985,170.888142408601
16.313914,15.583171,-2.88027,170.855403792875
16.445862,15.563551,-2.889312,170.910000064542
16.575708,15.545729,-2.898283,171.046443883673
16.702318,15.529614,-2.89784,171.14766903784
16.831871,15.512712,-2.908984,171.157439834856
16.963289,15.498623,-2.910924,171.222790296963
17.096442,15.482123,-2.92189,171.159169099728
17.225018,15.463375,-2.938766,171.208508707197
17.348035,15.44978,-2.940672,171.281378967207
17.469244,15.43396,-2.940046,171.203504406871
17.59548,15.415708,-2.946255,171.251452005638
17.724552,15.390339,-2.960832,171.13658356456
17.860982,15.369072,-2.964723,171.219013262791
17.997617,15.352629,-2.971036,171.379289899145
18.135894,15.330885,-2.987504,171.354661452006
18.270922,15.316925,-2.992189,171.381731244328
18.40525,15.300463,-2.996681,171.388394159814
18.547226,15.281223,-3.013382,171.473768381245
18.685583,15.263535,-3.025291,171.487917995446
18.821226,15.249114,-3.033959,171.489526193638
18.948476,15.232905,-3.044454,171.432617495537
19.070338,15.213414,-3.057242,171.312360029711
19.188564,15.198337,-3.06141,171.351093978742
19.311207,15.184709,-3.070328,171.627002546135
19.437894,15.16699,-3.090191,171.611936501133
19.569673,15.15146,-3.108624,171.674411464516
19.706728,15.134166,-3.120024,171.745142981042
19.845372,15.118246,-3.128565,171.806972468979
19.973921,15.099228,-3.138083,171.813055921829
20.102473,15.083724,-3.149057,171.7887429609
20.245824,15.074627,-3.147482,171.827462926687
20.37342,15.053007,-3.162344,171.782764510844
20.504074,15.037543,-3.170377,171.819603636473
20.631815,15.021259,-3.175681,171.879633373509
20.763596,15.004827,-3.188365,171.873788943484
20.891279,14.984593,-3.201167,171.893553335806
21.019237,14.963427,-3.209103,171.914636717439
21.147784,14.945951,-3.215591,171.89308479367
21.274851,14.926697,-3.22545,171.965627772156
21.401724,14.909552,-3.236595,172.005340141068
21.525595,14.898507,-3.248165,171.913930266416
21.65346,14.889559,-3.258699,172.153187218005
21.779193,14.873364,-3.262684,172.410436115481
21.902747,14.860397,-3.270949,173.30535784992
22.040529,14.850875,-3.284473,173.15834668024
22.177356,14.838482,-3.287671,173.319596187723
22.314606,14.828121,-3.295434,173.37649908746
22.444573,14.813672,-3.305754,173.654555916755
22.5779,14.80358,-3.309416,173.652490331171
22.707812,14.79967,-3.310774,173.736762028239
22.826872,14.79031,-3.320359,173.775505267972
22.952655,14.782584,-3.334566,173.80179588003
23.080118,14.774934,-3.344894,173.922939874341
23.212139,14.762256,-3.365421,173.851625754548
23.342703,14.746402,-3.374987,173.746092215679
23.466749,14.729923,-3.381383,173.651515017924
23.584574,14.716214,-3.384054,173.624552903778
23.712844,14.704472,-3.395445,173.736202023175
23.8394,14.690899,-3.402705,173.954489104041
23.979058,14.678629,-3.413699,173.9204070639
24.123861,14.660515,-3.433822,174.747460802591
24.253972,14.647183,-3.434646,175.130976157129
24.370785,14.64035,-3.436413,175.117924883716
24.492404,14.634851,-3.461132,174.910418142509
24.618255,14.637952,-3.45066,175.487430785118
24.748048,14.640806,-3.449201,177.527500182833
24.879345,14.630482,-3.468642,178.592293156777
25.012952,14.629953,-3.469746,178.17600140689
25.139948,14.63271,-3.469051,178.474783116802
25.267487,14.631217,-3.476878,179.144071316857
25.398265,14.623571,-3.492556,179.964515652439
25.529364,14.627735,-3.492634,179.691637380163
25.65861,14.626251,-3.501913,179.805266142807
25.778516,14.625014,-3.502844,-179.954726303301
25.906608,14.63317,-3.501763,-178.507113556517
26.029099,14.629238,-3.520548,-177.667762830578
26.155205,14.633207,-3.52188,-178.039170989484
26.289471,14.647336,-3.515655,-177.922028161938
26.427453,14.649605,-3.533373,-177.841938430785
26.562376,14.663179,-3.541515,-177.44904178018
26.68381,14.676803,-3.525664,-175.78293814355
26.803502,14.691353,-3.524913,-175.289621036039
26.938072,14.705581,-3.544428,-175.072761833329
27.067981,14.720574,-3.548215,-175.169474001728
27.195076,14.742041,-3.549117,-174.83630567694
27.327006,14.760885,-3.558773,-174.610832265836
27.460311,14.776773,-3.561779,-174.585506756371
27.601089,14.79941,-3.558199,-174.51378355371
27.744789,14.817292,-3.559938,-174.327932890925
27.876181,14.83285,-3.559433,-174.304596174188
28.008448,14.840864,-3.5776,-174.218391826806
28.133048,14.857936,-3.579169,-174.071469317267
28.261274,14.870163,-3.587065,-174.214569653876
28.387824,14.87994,-3.600978,-174.229218585531
28.509166,14.884491,-3.612246,-174.136138945508
28.628587,14.889996,-3.618042,-174.204434604374
28.75909,14.906177,-3.620306,-174.116810166604
28.88991,14.91659,-3.626417,-174.057850342449
29.027927,14.932205,-3.632397,-174.030472402139
29.16583,14.950592,-3.635024,-173.623702233098
29.303909,14.972331,-3.631862,-173.825137698461
29.440484,15.000363,-3.628033,-173.9713804832
29.579108,15.01942,-3.645708,-173.706231698414
29.7162,15.035757,-3.658218,-173.742959336347
29.845765,15.058318,-3.654202,-173.786364310194
29.976548,15.074415,-3.658879,-173.747175791654
30.101457,15.082651,-3.675655,-174.047079491784
30.228948,15.09847,-3.687028,-176.056026060385
30.352126,15.117652,-3.690472,-176.867866574831
30.47473,15.12537,-3.703202,-176.714325711518
30.609687,15.146401,-3.689696,-176.917720101016
30.739702,15.154168,-3.712377,-177.090941196286
30.864802,15.164384,-3.723905,-177.145739388264
30.994699,15.171486,-3.730329,-177.219618553497
31.115311,15.173399,-3.742534,-177.153231422293
31.240125,15.17633,-3.75793,-177.161100458496
31.372028,15.181043,-3.766421,-177.046011020963
31.500598,15.193573,-3.754646,-176.873287126965
31.630305,15.201208,-3.769498,-176.888023391221
31.764574,15.219371,-3.764264,-176.682864592172
31.906858,15.241627,-3.777771,-176.601234649768
32.034493,15.248265,-3.792344,-176.136793467936
32.165185,15.258316,-3.79068,-176.220087431579
32.286781,15.269175,-3.791105,-176.064459916666
32.389574,15.284521,-3.790866,-176.103394779154
32.483782,15.289887,-3.794972,-175.813202972881
32.592066,15.299811,-3.790207,-174.984732980505
32.69237,15.307572,-3.792995,-174.808024704384
32.785171,15.315925,-3.794799,-174.687405150257
32.87419,15.318206,-3.802215,-174.587069417919
32.955687,15.324043,-3.802032,-174.335609759047
33.031515,15.325037,-3.81297,-173.832629362505
33.102946,15.329639,-3.82579,-173.939476570041
33.170872,15.336931,-3.836904,-173.773511920692
33.241069,15.352471,-3.838218,-173.649638614911
33.314117,15.37762,-3.822632,-173.010503705879
33.39058,15.394293,-3.811113,-172.909771435533
33.49048,15.404146,-3.81241,-173.036559955057
33.618963,15.422088,-3.809169,-172.99578207255
33.712019,15.450747,-3.791174,-172.903121591291
33.805278,15.465129,-3.777696,-173.196718032456
33.933801,15.476348,-3.783595,-173.127599254482
34.067992,15.486295,-3.780064,-173.107319443683
34.196126,15.514207,-3.75801,-172.966087532947
34.321171,15.541947,-3.739607,-171.80976811674
34.436663,15.556696,-3.735843,-171.067662452734
34.549846,15.581724,-3.72906,-171.371607536376
34.700642,15.598276,-3.726465,-171.980461568049
34.836985,15.631204,-3.706866,-171.917740736056
34.95667,15.653435,-3.700582,-171.926896803391
35.075649,15.671356,-3.693123,-171.787482530421
35.183498,15.69421,-3.676134,-171.671895996966
35.299068,15.715008,-3.665364,-171.447785851606
35.427667,15.728072,-3.664029,-171.203770624714
35.55498,15.737269,-3.667006,-171.16613113057
35.673379,15.750236,-3.665616,-171.056938598875
35.794215,15.772358,-3.644819,-171.086001637624
35.877738,15.774867,-3.633589,-171.163240384951
36.00652,15.795806,-3.605457,-171.176836352589
36.132526,15.816384,-3.583917,-171.09527780005
36.26308,15.835347,-3.575441,-171.263987969916
36.375064,15.86088,-3.548891,-171.169016854948
36.48702,15.892476,-3.516172,-171.557612523953
36.604232,15.917061,-3.497169,-171.593880495677
36.727866,15.932779,-3.482468,-171.241193233629
36.849593,15.951586,-3.466195,-171.107652553662
36.96692,15.983136,-3.425437,-171.021350272668
37.104421,16.001786,-3.429929,-170.94681166877
37.238152,16.025218,-3.416044,-170.957651402028
37.363064,16.05825,-3.37124,-170.838481312307
37.505191,16.071942,-3.381777,-171.174507938382
37.639468,16.091448,-3.379675,-170.96614564928
37.745015,16.131797,-3.334416,-170.502260244555
37.849718,16.151328,-3.287292,-170.659306216328
37.962935,16.178119,-3.263597,-170.586396311639
38.106578,16.204898,-3.244396,-169.864668153156
38.250502,16.213937,-3.251651,-171.182812489397
38.374645,16.228441,-3.209851,-171.527606241078
38.525721,16.247163,-3.211878,-172.406892932701
38.676477,16.269472,-3.211665,-172.373871435153
38.828837,16.273857,-3.223772,-173.481636862146
38.977661,16.281503,-3.230389,-175.822551890722
39.118836,16.303903,-3.215488,-176.870171481147
39.251236,16.317594,-3.201947,-176.767352189596
39.363687,16.330197,-3.197414,-177.331624197234
39.463383,16.336509,-3.198618,-177.693699878659
39.543365,16.346975,-3.198925,-177.807459468454
39.652215,16.348071,-3.210518,-177.907094576346
39.714097,16.354441,-3.207405,-178.172862675118
39.766394,16.356105,-3.206825,-178.727924015863
39.816112,16.351877,-3.210449,-179.777972739747
39.865407,16.348032,-3.207723,178.873760159861
39.911319,16.341692,-3.208854,177.44740318207
39.956627,16.335248,-3.208608,175.743583695206
40.000531,16.3292,-3.207415,173.943363680675
40.042434,16.322649,-3.205911,172.12429547674
40.085147,16.311902,-3.205694,170.30073011008
40.126399,16.293475,-3.214231,168.37212225803
40.16852,16.274426,-3.213506,166.70199067223
40.210659,16.25619,-3.218039,165.539861140546
40.25217,16.241437,-3.215996,164.912080419428
40.294991,16.225991,-3.21617,164.357802227379
40.338807,16.211844,-3.215678,163.588509268874
40.381035,16.193802,-3.21742,162.546246185262
40.420071,16.173057,-3.22028,161.183053351736
40.461594,16.152707,-3.219411,159.794023779932
40.502341,16.128371,-3.224414,158.262116016366
40.543473,16.104623,-3.224974,156.889866555713
40.583109,16.081478,-3.227048,156.093143514377
40.62104,16.058728,-3.227896,155.655714454885
40.660167,16.037977,-3.227946,155.156430139018
40.700306,16.015935,-3.231265,154.464823400832
40.738137,15.993085,-3.232164,153.436536757903
40.771279,15.968334,-3.235374,152.109319908774
40.803799,15.945868,-3.23277,150.750475320487
40.839517,15.924507,-3.230272,149.538489348632
40.875237,15.903046,-3.228095,148.886365640304
40.908157,15.881983,-3.226166,148.484511603727
40.943005,15.857239,-3.23119,148.109645077393
40.980833,15.833986,-3.2311,147.828700551233
41.019157,15.813232,-3.230342,147.696439207023
41.057203,15.788891,-3.234934,147.421746546206
41.095741,15.764545,-3.237294,146.850464981671
41.134275,15.740996,-3.238593,146.526303497391
41.170473,15.717498,-3.24333,146.574916045527
41.209808,15.694458,-3.244745,146.432703212673
41.249849,15.67003,-3.249003,146.368437838973
41.289087,15.64509,-3.250435,146.289382978425
41.327827,15.619552,-3.25234,146.235778173803
41.365064,15.593605,-3.252478,146.23828125132
41.399798,15.568352,-3.251729,145.898913004009
41.434937,15.543209,-3.253758,145.158319667539
41.469474,15.51826,-3.254548,143.982605500154
41.501107,15.491495,-3.251788,142.599039990787
41.532258,15.460553,-3.255575,141.085182881827
41.563005,15.428701,-3.256905,139.447112295924
41.592949,15.398545,-3.257501,137.736830111824
41.621601,15.365095,-3.26021,135.921005104719
41.647559,15.327442,-3.263028,134.121789593078
41.673517,15.289187,-3.265499,132.282068298806
41.696273,15.251524,-3.266933,130.483106990067
41.72052,15.216252,-3.265166,128.847601650927
41.742764,15.18077,-3.261363,127.630877528684
41.762608,15.145587,-3.258373,126.071678909277
41.782763,15.107619,-3.259152,124.307658147961
41.802713,15.07004,-3.257191,122.743409312294
41.820365,15.032663,-3.256702,121.041828847844
41.83743,14.991099,-3.260099,119.311301367665
41.855581,14.952316,-3.257755,117.823387081756
41.873339,14.911843,-3.258347,116.748167673998
41.890911,14.866082,-3.262488,115.536686565589
41.906382,14.818612,-3.264928,113.973513698982
41.919649,14.77143,-3.264711,112.328174876036
41.930107,14.726233,-3.261342,110.698364673735
41.937774,14.679446,-3.262093,108.99546840369
41.943042,14.631654,-3.262212,107.291541583993
41.9497,14.587854,-3.259684,105.517188707963
41.956154,14.547255,-3.257576,103.699117959241
41.961209,14.505555,-3.255393,101.878425913173
41.964463,14.465453,-3.253558,99.978859811437
41.967221,14.422551,-3.252094,98.1346999220207
41.966873,14.383945,-3.25056,96.2827765987755
41.963836,14.341746,-3.252223,94.4637468971999
41.960297,14.296937,-3.251246,92.9450907444395
41.95576,14.251929,-3.250701,91.9323329284073
41.951114,14.207805,-3.245783,91.4416423231549
41.950075,14.162395,-3.243454,91.0180781426477
41.950642,14.117203,-3.245571,90.6624135391171
41.952699,14.072993,-3.242053,90.5330031078207
41.954061,14.026889,-3.240472,90.4258595630988
41.954918,13.981174,-3.235871,90.4179964408597
41.955381,13.935268,-3.234231,90.2564460671897
41.953844,13.890465,-3.23396,89.6954629522056
41.9532,13.848759,-3.232498,88.7788484363561
41.953155,13.806448,-3.229686,88.1455484996855
41.950016,13.762842,-3.229374,87.9579173136475
41.946781,13.717941,-3.230217,87.7225317962909
41.942243,13.67343,-3.22925,87.3862770222827
41.937597,13.632415,-3.226802,86.739960834653
41.933956,13.590511,-3.227134,85.8079577590653
41.928509,13.548989,-3.223209,85.2075265086846
41.923567,13.504873,-3.220742,85.04229658801
41.920427,13.461867,-3.220488,84.7664573867059
41.916375,13.421443,-3.215186,84.6143501917787
41.913038,13.377638,-3.215345,84.5143020872635
41.909801,13.331229,-3.214203,84.4390100675229
41.905467,13.284521,-3.213624,84.4257767640895
41.902135,13.237419,-3.214625,84.3875961705355
41.898892,13.193002,-3.211136,84.0932234024346
41.891456,13.150801,-3.213816,83.3239878806682
41.884616,13.108089,-3.213457,82.3733640404338
41.877364,13.06776,-3.208101,82.0291747389958
41.869723,13.026651,-3.208597,81.7984535186176
41.862878,12.984029,-3.205448,81.5287001996562
41.855733,12.94161,-3.202799,81.3615845519493
41.848984,12.899983,-3.197946,81.2508644494037
41.841948,12.856879,-3.199859,81.1521626677163
41.834903,12.814958,-3.196837,81.1544468520977
41.827562,12.77355,-3.197355,81.153955903864
41.822014,12.732328,-3.193538,81.1823029256352
41.815071,12.68941,-3.19135,81.2396823586422
41.810607,12.648248,-3.189164,81.2951399399435
41.803197,12.603124,-3.186735,81.318836849113
41.793296,12.553293,-3.184057,81.3265110881625
41.783615,12.485028,-3.171383,81.4532017752007
41.773178,12.405599,-3.16948,81.4702902798942
41.760931,12.331669,-3.16848,80.7241606192625
41.743192,12.249712,-3.162929,79.0499265215069
41.717969,12.164959,-3.163051,76.4610749886819
41.688628,12.084477,-3.157536,73.4571714958355
41.654784,12.005791,-3.153304,70.7583301208673
41.618443,11.927405,-3.150715,68.5815778067059
41.581689,11.848792,-3.140577,67.4499470615267
41.545943,11.771201,-3.136165,66.8325901727315
41.512997,11.692411,-3.130361,66.2610004434699
41.480461,11.613541,-3.130146,65.9214869282478
41.448211,11.535046,-3.12242,65.7483510042395
41.412875,11.455768,-3.121592,65.634406379246
41.375525,11.378768,-3.11565,64.7404566400811
41.337361,11.305655,-3.106316,63.2478087750221
41.2996,11.231948,-3.098594,62.6154977297181
41.260958,11.155863,-3.097511,62.5765791064631
41.224117,11.07858,-3.096159,62.2703504825102
41.185358,11.003971,-3.088521,62.1212705545977
41.145096,10.927745,-3.076592,62.0743723835659
41.106851,10.850753,-3.073592,62.0301024616864
41.069303,10.772452,-3.067405,61.9913730102556
41.028054,10.69404,-3.060405,61.9403952152659
40.985395,10.616912,-3.049394,62.0340675678355
40.945644,10.540408,-3.043644,62.0515771715125
40.9057,10.462812,-3.040439,62.09845811021
40.868842,10.387906,-3.032499,62.1404246804184
40.830397,10.311918,-3.030356,62.1684005503829
40.792543,10.237721,-3.025635,62.2188681834966
40.75379,10.160522,-3.017966,62.299046121944
40.715744,10.083367,-3.013706,62.2659909407422
40.674689,10.007233,-3.005948,62.0738621579833
40.63108,9.934207,-2.98826,60.8725266367527
40.587538,9.858091,-2.982048,59.6633588381542
40.54179,9.782572,-2.972066,59.6848387473047
40.49844,9.710219,-2.966256,59.3519122397711
40.453685,9.638674,-2.956733,59.2335674541576
40.406828,9.566676,-2.945345,59.0846861742636
40.359974,9.493812,-2.934801,59.0424245260629
40.313917,9.421892,-2.922862,58.6504887633175
40.267475,9.349284,-2.923566,57.2856098397862
40.222222,9.27546,-2.912395,56.024493645998
40.17198,9.199016,-2.905553,55.974829617105
40.12214,9.123529,-2.901785,55.5803566550164
40.071596,9.045491,-2.89012,55.447405752505
40.021654,8.970849,-2.887488,55.2437726115788
39.972494,8.900686,-2.876253,55.1405682943221
39.923237,8.830257,-2.86778,55.137962520503
39.87348,8.761309,-2.86192,55.1279030869838
39.824012,8.694314,-2.850381,55.137990093966
39.776153,8.626787,-2.845802,55.1890936330372
39.729487,8.561167,-2.838042,55.2265298754328
39.680216,8.495604,-2.826645,55.2762998995486
39.631458,8.426178,-2.818767,55.3066299246135
39.583601,8.354844,-2.808686,55.3342698444334
39.533852,8.280217,-2.798754,55.3325409675154
39.486008,8.206487,-2.795665,55.3354947763102
39.439544,8.137102,-2.782884,55.3577478454679
39.392885,8.068656,-2.775918,55.3879535178589
39.346328,7.997819,-2.766794,55.4069286820871
39.301073,7.92657,-2.758541,55.4014035326465
39.253508,7.857975,-2.746027,55.3945369332716
39.205248,7.78715,-2.733924,55.379171596206
39.157401,7.712416,-2.726041,55.4742084832299
39.110748,7.638755,-2.71401,55.470600137575
39.065893,7.563691,-2.698475,55.5239740760887
39.019154,7.487155,-2.693779,55.4931170878708
38.9727,7.412869,-2.680631,55.6496135284115
38.924065,7.335462,-2.678462,55.7663163303438
38.876706,7.261887,-2.661842,55.7311267547274
38.829257,7.189165,-2.656128,55.7575734941723
38.782801,7.117614,-2.646117,55.7786475329979
38.735734,7.049527,-2.633,55.7707923201986
38.68877,6.980764,-2.620686,55.8251514439453
38.650116,6.910708,-2.623749,55.8201623675418
38.604943,6.840186,-2.619978,55.8685624818762
38.556559,6.768102,-2.60935,55.8688896124221
38.505775,6.693514,-2.596246,55.8737533663187
38.451301,6.619048,-2.588268,55.9058512217216
38.398928,6.547077,-2.583097,55.9042727514104
38.352122,6.477031,-2.563138,55.9146693094811
38.303052,6.401761,-2.556693,55.9645029549843
38.25408,6.323988,-2.546587,55.9941509038211
38.20291,6.244346,-2.535283,55.9790937829082
38.153645,6.168353,-2.530421,56.0130520571427
38.104567,6.091008,-2.517464,56.1021353481264
38.058502,6.015744,-2.513373,56.1160258392719
38.012318,5.944014,-2.502829,56.0741336294387
37.966335,5.872138,-2.492975,56.1858998664223
37.921828,5.803539,-2.473975,56.1392634782765
37.878447,5.733388,-2.466689,56.2097313192746
37.835478,5.658522,-2.460681,56.192847000261
37.792803,5.582701,-2.450645,56.2420465061085
37.74692,5.50698,-2.436946,56.3088785596035
37.703834,5.433909,-2.42455,56.3483998895878
37.659867,5.358563,-2.418885,56.349826601726
37.613807,5.282317,-2.410597,56.4500946513111
37.564346,5.200477,-2.406452,56.4162535542406
37.512781,5.120401,-2.401852,56.3533161838893
37.462378,5.044951,-2.382998,56.3649762043141
37.411502,4.967643,-2.375704,56.3687432386044
37.363537,4.887202,-2.370629,56.3739840686489
37.313289,4.805212,-2.373216,56.3555689983243
37.26681,4.726498,-2.362859,56.3922658153434
37.220642,4.652842,-2.362489,56.2687574344513
37.172555,4.579481,-2.353421,55.9360773846461
37.120774,4.506036,-2.34684,55.9745193245016
37.072593,4.432376,-2.339994,55.8946860523152
37.021896,4.359579,-2.326388,55.8125842169747
36.968628,4.288563,-2.328809,54.8278681746498
36.916042,4.221169,-2.325002,52.9665862419443
36.862531,4.153718,-2.309307,51.2462661519513
36.803456,4.084902,-2.30985,50.9376341824603
36.746363,4.016158,-2.301338,50.5405252106846
36.690266,3.949549,-2.293504,50.2301071653274
36.633755,3.886096,-2.280686,49.9438992447573
36.571771,3.824315,-2.283182,48.8217036465161
36.511363,3.761357,-2.273169,47.118278777327
36.450169,3.696009,-2.26738,46.3367519145571
36.387766,3.630265,-2.256805,46.2344825982743
36.327666,3.564173,-2.247696,45.9485311885394
36.265362,3.504673,-2.242192,45.4505790686634
36.199563,3.448142,-2.24195,43.9409289327617
36.132474,3.386631,-2.242175,41.9898746535296
36.068322,3.324616,-2.247523,41.3536178444467
36.004048,3.265278,-2.243379,41.1256665282919
35.935957,3.20747,-2.235509,40.5835831427683
35.863061,3.153455,-2.228523,39.3223078222788
35.791168,3.105112,-2.226591,37.2294529461798
35.719265,3.054702,-2.220091,34.7346834205165
35.644765,3.002576,-2.21346,33.6985808045223
35.572457,2.954988,-2.207485,33.3155639473269
35.500451,2.909916,-2.203994,32.8059001563553
35.42774,2.865304,-2.199204,32.5208487155804
35.356928,2.818497,-2.192649,32.3448995227746
35.284153,2.765945,-2.193155,32.2478678983486
35.20924,2.713955,-2.182564,32.217662525761
35.133688,2.668535,-2.165337,32.2497483218313
35.058079,2.62387,-2.161086,32.2224285982571
34.979577,2.575315,-2.156348,32.3307139281909
34.902253,2.527829,-2.145649,32.3476482189098
34.83413,2.482344,-2.136678,32.4244456742725
34.767054,2.429121,-2.136288,33.0967042849064
34.696596,2.366011,-2.134366,34.8813623023216
34.630138,2.301474,-2.131449,37.4559888022448
34.563385,2.24303,-2.134218,39.3027449052362
34.497585,2.183104,-2.122223,40.0104181871509
34.433223,2.119447,-2.118473,40.5488293300737
34.370462,2.058099,-2.117076,40.9658195826724
34.306002,1.998162,-2.116686,41.2481667052485
34.24202,1.941782,-2.112104,41.5080762437286
34.175231,1.885215,-2.105642,41.6000446148527
34.108746,1.826596,-2.098871,41.6287975548819
34.040797,1.767935,-2.102685,41.1055883112638
33.972228,1.712593,-2.103063,39.5321806584885
33.901527,1.657932,-2.094013,37.8676738832589
33.831818,1.606474,-2.085112,37.6008859537769
33.760036,1.556142,-2.085181,37.2134453761583
33.686939,1.50553,-2.080466,36.8668049374383
33.614035,1.459212,-2.076376,35.9776064918401
33.54493,1.410474,-2.070717,34.4451729743023
33.475525,1.361433,-2.064611,33.9471162841804
33.404417,1.313789,-2.058812,33.761919048487
33.329724,1.263812,-2.055679,33.6132741976843
33.253426,1.215931,-2.052449,33.3067497131541
33.181381,1.174326,-2.039839,32.2398019326361
33.10547,1.127846,-2.03381,31.8250496301971
33.025391,1.077844,-2.034725,31.8174078340276
32.942003,1.025339,-2.031375,31.5346529588949
32.862985,0.981331,-2.025042,30.2678410940025
32.790973,0.938955,-2.021686,28.594707127539
32.715849,0.899039,-2.016357,28.3335168863285
32.638829,0.859788,-2.01286,28.0589524884323
32.557899,0.81994,-2.005619,27.8365659655253
32.478581,0.783164,-2.004486,27.2211732661727
32.40405,0.745024,-1.998254,25.6968741319203
32.327327,0.70266,-1.991714,24.8497370995285
32.245197,0.663369,-1.984974,24.7989200828961
32.162763,0.623978,-1.977296,24.4793451997928
32.082157,0.5874,-1.979595,24.2784677543116
32.002619,0.553576,-1.974426,23.2364676159521
31.924367,0.516007,-1.962593,22.4627130586967
31.846152,0.482318,-1.964268,22.5586877069941
31.767938,0.446262,-1.964707,22.2882829927531
31.690399,0.410608,-1.958251,22.2493613045411
31.611068,0.375693,-1.954346,22.1198091005959
31.532435,0.342005,-1.950763,22.1518144709708
31.480809,0.320044,-1.979888,22.1194538998126
31.399466,0.291354,-1.979158,22.1214992590196
31.317359,0.260254,-1.966925,22.2002012391938
31.236361,0.227599,-1.955512,22.1986319490703
31.157179,0.194352,-1.946491,22.2419374676743
31.076924,0.157585,-1.940784,22.2650572583606
30.996123,0.120821,-1.94389,22.1823906290864
30.917241,0.085682,-1.934367,22.2527695643084
30.839981,0.052486,-1.929064,22.2730069458311
30.771361,0.020029,-1.930586,22.2923709286042
30.708654,-0.011964,-1.934461,22.2819150781528
30.634389,-0.049153,-1.926859,22.2182431835301
30.561809,-0.083731,-1.917805,22.4543751922
30.491136,-0.113823,-1.911318,22.4661055800036
30.41647,-0.145497,-1.905642,22.3381709418475
30.337202,-0.176611,-1.899782,22.3450281205036
30.25594,-0.210765,-1.893798,22.4078454266095
30.172174,-0.244074,-1.887465,22.3713897607759
30.092355,-0.27651,-1.872714,22.4477616491631
30.012485,-0.306925,-1.866834,22.467931929596
29.933997,-0.341172,-1.856613,22.4776180463289
29.852142,-0.37762,-1.850824,22.4835892409874
29.771762,-0.414272,-1.841047,22.486797759586
29.689683,-0.449925,-1.831636,22.5377909569868
29.607509,-0.484721,-1.823551,22.4749384615339
29.524731,-0.51866,-1.815045,22.5417322445914
29.445254,-0.553275,-1.806402,22.5732820697283
29.365207,-0.589095,-1.80227,22.572206813663
29.284848,-0.622501,-1.797077,22.5680327750648
29.204373,-0.655325,-1.789372,22.5213304464138
29.123217,-0.689648,-1.784358,22.5111644563391
29.03637,-0.724455,-1.780741,22.4904802443564
28.943419,-0.757671,-1.776964,22.0747374086504
28.851028,-0.787162,-1.767864,20.8597156714804
28.764313,-0.808659,-1.757861,18.7132368380351
28.68151,-0.82276,-1.752439,15.7004428040407
28.599806,-0.832875,-1.748351,12.6338615036658
28.517685,-0.840012,-1.742591,9.23983770700873
28.433777,-0.845159,-1.739572,6.59146921118254
28.34684,-0.847653,-1.732888,5.28360154718054
28.257888,-0.851595,-1.723123,4.58993901388835
28.170128,-0.856228,-1.711875,3.89049773924654
28.084901,-0.862282,-1.705428,3.54930623769577
27.999405,-0.869012,-1.703916,3.32729311812605
27.913073,-0.874399,-1.696993,3.29952699143599
27.824662,-0.879975,-1.693423,3.26124509776397
27.734726,-0.885195,-1.685721,3.31524569271077
27.645294,-0.890009,-1.679013,3.40858426640483
27.554385,-0.897081,-1.675296,3.45292188727936
27.45335,-0.903266,-1.667535,3.43331915119432
27.337889,-0.910435,-1.655216,3.60846111035467
27.218774,-0.917315,-1.650687,3.65972700689067
27.098766,-0.927577,-1.645991,3.6187414035777
26.970929,-0.940194,-1.635693,3.63043788553941
26.837613,-0.949722,-1.629993,3.61733153103314
26.711251,-0.951108,-1.637973,3.6296993164045
26.585985,-0.955526,-1.629749,2.48476912444824
26.461617,-0.965058,-1.619944,0.476439932607717
26.336471,-0.97033,-1.613772,0.558376792575484
26.209092,-0.973167,-1.604451,0.167233679905105
26.072407,-0.975808,-1.59462,0.20412975373531
25.935452,-0.974854,-1.589149,0.0393744558311237
25.799906,-0.966508,-1.586712,-0.830792551609048
25.663119,-0.959291,-1.579159,-3.34590619765625
25.52848,-0.952659,-1.565449,-5.03086270770659
25.399652,-0.939094,-1.554856,-5.17658268154922
25.2736,-0.926164,-1.552872,-5.77134110875296
25.146194,-0.908703,-1.545814,-5.92867194779879
25.019271,-0.889426,-1.537386,-6.08778260111768
24.891703,-0.869288,-1.52389,-6.10294951759232
24.767761,-0.847708,-1.513738,-6.13232762833032
24.64153,-0.82759,-1.516112,-5.93274406669694
24.51188,-0.815138,-1.50264,-6.07207460059872
24.377689,-0.79873,-1.497194,-6.08317410925665
24.247607,-0.785512,-1.480223,-6.19413817688955
24.118817,-0.772398,-1.462361,-5.13923880790815
23.992632,-0.761761,-1.455875,-4.63699206344851
23.862019,-0.759658,-1.443955,-4.73031618504064
23.735427,-0.753249,-1.435667,-4.6597735895136
23.608928,-0.750463,-1.42556,-4.55587757585877
23.481129,-0.751649,-1.414347,-4.04486498796365
23.351501,-0.75139,-1.411845,-1.93391116696699
23.226633,-0.754782,-1.403665,-1.29380978178927
23.097123,-0.758102,-1.390643,-1.24351002003469
22.968499,-0.760542,-1.376272,-0.946964232633498
22.840556,-0.765226,-1.370592,-0.847288217899135
22.709527,-0.769907,-1.366579,-0.776944976703754
22.581068,-0.774092,-1.359302,-0.65968980707268
22.449864,-0.777831,-1.346937,-0.608787083340332
22.316608,-0.785208,-1.339032,0.763702112434405
22.183939,-0.789782,-1.330532,2.00335408430318
22.054348,-0.803159,-1.316995,1.73991536243425
21.925689,-0.812604,-1.308297,2.08202763354465
21.797031,-0.822368,-1.29957,2.16168375597729
21.664843,-0.830366,-1.287868,2.33173095734487
21.529579,-0.83806,-1.279031,2.36770769674191
21.39669,-0.845819,-1.267284,2.43437439797993
21.266854,-0.853569,-1.261691,2.41020359480253
21.134517,-0.860332,-1.256246,2.42317863256693
21.009945,-0.863531,-1.247622,2.4181059064082
20.900856,-0.862248,-1.238219,1.35311803918171
20.791327,-0.866065,-1.222747,-0.0571802631890779
20.686338,-0.865271,-1.213171,-0.0625969281067233
20.596862,-0.864948,-1.204952,-0.288952276948094
20.517691,-0.850811,-1.238601,-0.375639052113455
20.461125,-0.849369,-1.231986,-0.474781864437897
20.403737,-0.847542,-1.223095,-0.562530599035908
20.34967,-0.848473,-1.215794,-0.561037977565471
20.30042,-0.848969,-1.210366,-0.548338414629587
20.254778,-0.849372,-1.205875,-0.515600821442701
20.208462,-0.849823,-1.20424,-0.517271972083284
20.152665,-0.850743,-1.193654,-0.504444786013855
20.083187,-0.853161,-1.184934,-0.427969167477725
20.012575,-0.854928,-1.18351,-0.402730888601151
19.93746,-0.853829,-1.171486,-0.425240910407218
19.856032,-0.854951,-1.157625,-0.457107869575498
19.772371,-0.855576,-1.151151,-0.442509763951723
19.685104,-0.857607,-1.143821,-0.363263575539984
19.598682,-0.858811,-1.141527,-0.336190498311871
19.512145,-0.859919,-1.137573,-0.382049889017624
19.425694,-0.862827,-1.131641,-0.365973581339217
19.338741,-0.862494,-1.126381,-0.318876861071993
19.25142,-0.864498,-1.11302,-0.252996478478803
19.163378,-0.864543,-1.108912,-0.287513326985692
19.075675,-0.867284,-1.108291,-0.265818909241806
18.986195,-0.86627,-1.100179,-0.25140124382007
18.90103,-0.864139,-1.094039,-0.279378795094814
18.813187,-0.864049,-1.078838,-0.227618811426195
18.725557,-0.865822,-1.075579,-0.426044603366702
18.64079,-0.871126,-1.067329,-1.30430514076177
18.552318,-0.876666,-1.058494,-1.24641053559797
18.460633,-0.88035,-1.048664,-1.42997131243048
18.364211,-0.883525,-1.045966,-1.32618502061165
18.267068,-0.882641,-1.041944,-1.4031486528629
18.172589,-0.880687,-1.034171,-1.58496809541853
18.081785,-0.880276,-1.023385,-2.40362394602305
17.992846,-0.880091,-1.019604,-2.75073588391332
17.906992,-0.87985,-1.014164,-2.77909333159294
17.82117,-0.880106,-1.012068,-2.9001900387141
17.737018,-0.87937,-1.00696,-2.83474698136623
17.646379,-0.878187,-1.003397,-2.87863008316984
17.552241,-0.877061,-1.000067,-2.88729163315584
17.460609,-0.873241,-0.997905,-2.90783246701015
17.372109,-0.870445,-0.988121,-2.89620998539658
17.288354,-0.863543,-0.984155,-2.94646241131876
17.208154,-0.859686,-0.974628,-2.94398877021479
17.124771,-0.854145,-0.967268,-2.90323042085215
17.038191,-0.847207,-0.960718,-2.83136574616943
16.950026,-0.84395,-0.954858,-2.77578480049469
16.860711,-0.839756,-0.954662,-2.7878037492552
16.773851,-0.838003,-0.948981,-2.79442249753832
16.692162,-0.835245,-0.940226,-2.63285415963466
16.623817,-0.831616,-0.936602,-2.66600273084353
16.562017,-0.828977,-0.937537,-2.73734372438631
16.502186,-0.829802,-0.934188,-2.76571027415524
16.445183,-0.831135,-0.933887,-2.76144556714739
16.387149,-0.83007,-0.930638,-2.75943380508244
16.31688,-0.82875,-0.923819,-2.69271521359403
16.244265,-0.824112,-0.923618,-2.69455553530599
16.170097,-0.819119,-0.917828,-2.63012799736184
16.091202,-0.815423,-0.90872,-2.64783361212077
16.008603,-0.813642,-0.8987,-2.70750052129381
15.921633,-0.812905,-0.891697,-2.64404517118038
15.836864,-0.812764,-0.884538,-2.54973877802127
15.755704,-0.813107,-0.878339,-2.5291129471535
15.670759,-0.813217,-0.873724,-2.50081772116453
15.58432,-0.811555,-0.87033,-2.48219280732967
15.496768,-0.807886,-0.865991,-2.4571114454678
15.408493,-0.804695,-0.859016,-2.47141349828519
15.308238,-0.786787,-0.875166,-2.51431891433657
15.22226,-0.783391,-0.863619,-2.50432683602313
15.137236,-0.782794,-0.860278,-2.49754839566121
15.051126,-0.78473,-0.858424,-2.56539761941347
14.966606,-0.786721,-0.854999,-2.48110979465683
14.880064,-0.785797,-0.848716,-2.43876619687924
14.792826,-0.782142,-0.843631,-2.47413221358327
14.706281,-0.779053,-0.837474,-2.50957367186351
14.619366,-0.776962,-0.835757,-2.45990457935582
14.533846,-0.776312,-0.832984,-2.48603592926383
14.445809,-0.774553,-0.827713,-2.45555291539516
14.355467,-0.770195,-0.822163,-2.40122592719552
14.264123,-0.768407,-0.815884,-2.33255691216441
14.175282,-0.766979,-0.809816,-2.37639505677155
14.087325,-0.765228,-0.80134,-2.30745469377953
13.997069,-0.762581,-0.793139,-2.29635236305055
13.904417,-0.7607,-0.785454,-2.28711724259044
13.81419,-0.758691,-0.781954,-2.23840362569608
13.72436,-0.758273,-0.777508,-2.1827245585522
13.633837,-0.759486,-0.773669,-2.1651582686334
13.549098,-0.759149,-0.76773,-2.1420442297483
13.463857,-0.757008,-0.761868,-2.14609567552491
13.377798,-0.752454,-0.753772,-2.15227611386107
13.291735,-0.747909,-0.744923,-2.15170976687686
13.207398,-0.748058,-0.739191,-2.17797459922089
13.118485,-0.749911,-0.736834,-2.22248230502704
13.028354,-0.750899,-0.731907,-2.18960617751295
12.937801,-0.750667,-0.723725,-2.10188523866974
12.847163,-0.749664,-0.718173,-1.98119216066242
12.756127,-0.746306,-0.713373,-2.00919692078548
12.667092,-0.745703,-0.708176,-1.95309426664586
12.58154,-0.743602,-0.700569,-1.97214333245998
12.494695,-0.740806,-0.694252,-1.94683208000843
12.409442,-0.740242,-0.686011,-1.97830033742633
12.326106,-0.739389,-0.680699,-2.0320427723701
12.241965,-0.74096,-0.674005,-1.9645734367305
12.158421,-0.743258,-0.666516,-1.90126126184499
12.075777,-0.742524,-0.659873,-1.89220923057717
11.993127,-0.740757,-0.652498,-1.87783285559733
11.911665,-0.736854,-0.64365,-1.84778211941346
11.830617,-0.732844,-0.637182,-1.85579759936886
11.748447,-0.728454,-0.627048,-1.82423029490959
11.66409,-0.723785,-0.619273,-1.79945189232193
11.575055,-0.72031,-0.61472,-1.79592711229158
11.487034,-0.716521,-0.61243,-1.77454051557659
11.397398,-0.713078,-0.607723,-1.7189399040131
11.305685,-0.711045,-0.606457,-1.67621384280959
11.213557,-0.710552,-0.602277,-1.75367357200106
11.111407,-0.737416,-0.614713,-1.7631021564674
11.019086,-0.737919,-0.609446,-1.82679753832787
10.930542,-0.736972,-0.599032,-1.8080811875626
10.843797,-0.733686,-0.588883,-1.77927403460851
10.757861,-0.730122,-0.580814,-1.76269009513478
10.672031,-0.729404,-0.57389,-1.68088514018903
10.587399,-0.729534,-0.56592,-1.70193158464265
10.499977,-0.729438,-0.560628,-1.68908247482951
10.414343,-0.726088,-0.553248,-1.65808903367014
10.324428,-0.722444,-0.550723,-1.65583884213836
10.233513,-0.718654,-0.547951,-1.65212332851052
10.144895,-0.716782,-0.544258,-1.65862205754612
10.056057,-0.715773,-0.535201,-1.60293874074101
9.968043,-0.711872,-0.527896,-1.61642435173194
9.880004,-0.70772,-0.516839,-1.57662462881841
9.791486,-0.705074,-0.510663,-1.55431278778907
9.704613,-0.701539,-0.503648,-1.55712262247656
9.617799,-0.695937,-0.494283,-1.53071088670856
9.531975,-0.689832,-0.487503,-1.51006172601559
9.445759,-0.685032,-0.48469,-1.50399545268496
9.360904,-0.682605,-0.479386,-1.51276018186689
9.274005,-0.681004,-0.475114,-1.51182566571471
9.186905,-0.67987,-0.470632,-1.50813900707728
9.099182,-0.679687,-0.465251,-1.50257625262238
9.013981,-0.679692,-0.462696,-1.48019403683466
8.926549,-0.678983,-0.457646,-1.45405393856725
8.837666,-0.677851,-0.452315,-1.45854755336404
8.750032,-0.67692,-0.444312,-1.48144212924836
8.663937,-0.675823,-0.436046,-1.48429672701935
8.575858,-0.675811,-0.431545,-1.47016265337483
8.485793,-0.675073,-0.428018,-1.44049767379111
8.396914,-0.674187,-0.418877,-1.43763573732276
8.310023,-0.675018,-0.413522,-1.35136173113718
8.219853,-0.675355,-0.411181,-1.36896211988261
8.129056,-0.676987,-0.409334,-1.38583067698634
8.040867,-0.679187,-0.404072,-1.32356525048388
7.955135,-0.681873,-0.398252,-1.27756643106668
7.87003,-0.682851,-0.391955,-1.26077123687141
7.786806,-0.68416,-0.38828,-1.23494782042575
7.703436,-0.68184,-0.38166,-1.26490104671284
7.617908,-0.678257,-0.373318,-1.28062501797254
7.529359,-0.677037,-0.364042,-1.24078451834922
7.441477,-0.677892,-0.355983,-1.30734340117944
7.354282,-0.67869,-0.349731,-1.23290022667569
7.266152,-0.677115,-0.348003,-1.19963688957647
7.178893,-0.673481,-0.341689,-1.35462113676207
7.095353,-0.666969,-0.330992,-2.40097869351
7.012915,-0.660988,-0.323236,-4.22595126396828
6.927304,-0.650871,-0.318291,-5.45232900585514
6.839674,-0.637845,-0.311574,-5.78624403648321
6.751684,-0.627154,-0.30447,-6.17955245705548
6.662644,-0.61758,-0.299578,-6.4721503892444
6.574546,-0.607576,-0.290387,-6.73102937355894
6.483399,-0.61549,-0.287266,-6.87081188227716
6.393942,-0.605719,-0.286649,-6.95121012010057
6.307032,-0.595261,-0.281097,-6.94633225443475
6.22073,-0.586227,-0.27451,-6.91251166847921
6.133254,-0.576483,-0.270444,-6.90935014326941
6.046006,-0.564211,-0.262189,-6.89250818629937
5.957227,-0.551726,-0.261108,-6.83744794912623
5.871022,-0.541212,-0.257651,-6.8540704065418
5.786324,-0.533404,-0.252571,-6.84762775001997
5.699245,-0.523165,-0.251032,-6.78377187612953
5.607995,-0.511493,-0.245492,-6.80612988892812
5.514838,-0.498685,-0.24157,-6.82514695786849
5.424571,-0.487458,-0.23743,-6.85896689812979
5.334973,-0.477131,-0.228825,-6.80309554444515
5.249257,-0.467332,-0.221172,-6.79851676907161
5.163267,-0.460898,-0.214753,-6.74546078441693
5.079291,-0.456465,-0.209663,-6.73915654558851
4.994459,-0.450153,-0.20265,-6.70499764825723
4.907655,-0.441747,-0.195217,-6.66716080718896
4.820384,-0.432866,-0.189299,-6.72350724622267
4.733077,-0.423451,-0.180792,-6.72440361700004
4.646715,-0.416699,-0.177782,-6.69142988726188
4.560704,-0.409499,-0.17488,-6.70034527911374
4.473397,-0.401692,-0.173713,-6.68460144900276
4.386126,-0.39215,-0.171682,-6.72035330202767
4.297975,-0.381309,-0.16571,-6.65752085916142
4.210061,-0.367698,-0.159191,-6.66177300056769
4.122924,-0.356249,-0.155148,-6.63540959381646
4.038009,-0.344407,-0.147771,-6.58036419074841
3.951167,-0.335192,-0.145224,-6.58800022587354
3.863895,-0.323989,-0.142653,-6.62001468055522
3.773445,-0.311758,-0.137522,-6.59341581262178
3.683134,-0.298444,-0.132321,-6.5712263388931
3.591343,-0.286022,-0.130384,-6.57336769831138
3.50111,-0.276209,-0.127237,-6.55589711411418
3.408232,-0.267318,-0.126037,-6.59862479581793
3.319206,-0.258721,-0.121854,-6.51246642480498
3.230889,-0.251869,-0.109278,-6.52007254217916
3.144817,-0.243158,-0.106335,-6.5541649439527
3.058139,-0.237161,-0.104737,-6.53599006725708
2.968749,-0.231742,-0.101976,-6.49700659521758
2.884156,-0.23888,-0.105339,-6.54481272072261
2.79614,-0.232709,-0.103261,-6.50876268357058
2.708346,-0.223735,-0.098552,-6.54184406853854
2.620424,-0.2164,-0.098175,-6.50940895734413
2.532498,-0.206088,-0.092665,-6.49429548423685
2.4472,-0.194818,-0.082297,-6.49342783573567
2.362826,-0.183638,-0.081466,-6.5010852704779
2.27359,-0.176853,-0.079465,-6.44987904432856
2.182254,-0.168284,-0.06974,-5.86912985575601
2.093877,-0.158665,-0.067627,-5.50637726285804
2.006414,-0.152334,-0.062874,-5.48400727092325
1.921638,-0.145704,-0.065177,-5.38421416627248
1.833838,-0.14077,-0.057533,-5.29779873980453
1.743083,-0.135668,-0.047999,-4.47842021335973
1.652659,-0.130375,-0.050593,-3.50433732152869
1.565453,-0.130033,-0.048391,-3.61857341003425
1.479613,-0.127465,-0.044668,-3.26818472184055
1.393037,-0.124739,-0.038694,-3.21080119076725
1.304602,-0.11991,-0.03289,-3.10770644262836
1.221124,-0.116846,-0.025844,-3.16989162066844
1.136818,-0.114597,-0.023829,-3.09457179627858
1.046917,-0.115008,-0.023442,-3.05413025552893
0.954507,-0.115958,-0.021747,-3.01921887864484
0.862689,-0.114625,-0.022382,-3.05491093685388
0.769681,-0.115478,-0.022424,-3.04709243293194
0.68043,-0.111082,-0.01537,-3.0996763652721
0.594038,-0.105745,-0.009549,-3.11947814395006
0.507698,-0.098282,-0.006855,-3.16501390590433
0.422687,-0.093276,-0.005605,-3.17094915160751
0.335289,-0.08537,-0.003189,-3.14290842889172
0.247604,-0.07855,0.004047,-3.0844214297977
0.157811,-0.074955,0.006728,-3.04963961367134
0.072469,-0.07151,0.006637,-3.08892396515866
-0.01261,-0.071275,0.011262,-3.0543474101144
-0.095793,-0.067918,0.013167,-2.99534240745458
-0.180398,-0.067261,0.019681,-3.0554648555048
-0.268362,-0.064089,0.024288,-3.03372750240602
-0.35616,-0.060608,0.024117,-3.0223235670424
-0.445928,-0.057139,0.024803,-3.00399531291565
-0.538335,-0.055015,0.026839,-3.03360510800711
-0.631357,-0.049721,0.026579,-3.03975140853414
-0.72471,-0.047525,0.026764,-2.94542973774576
-0.804756,-0.051458,0.026487,-2.89128795508906
-0.894282,-0.051287,0.029744,-2.86046517755021
-0.984204,-0.048233,0.031084,-2.87700296464793
-1.070834,-0.043968,0.035669,-2.90470812535523
-1.159285,-0.039253,0.040731,-2.90294026869207
-1.246796,-0.036828,0.040787,-2.89418968863599
-1.333021,-0.035587,0.048254,-2.86806165651479
-1.420433,-0.03096,0.048885,-2.92562312655248
-1.509787,-0.0278,0.04548,-2.92402427845994
-1.598299,-0.027157,0.046147,-2.89183414354065
-1.685468,-0.024704,0.050509,-2.89262279890755
-1.771979,-0.022468,0.050834,-2.8498531343834
-1.857722,-0.018798,0.056731,-2.83560349378013
-1.944688,-0.013664,0.059525,-2.86883344291662
-2.034521,-0.010869,0.060659,-2.81917732040571
-2.122264,-0.007493,0.061681,-2.77235896002078
-2.210057,-0.005704,0.063056,-2.77317166731149
-2.298059,-0.003683,0.063543,-2.74882252969813
-2.387515,-0.000134,0.066168,-2.75797648241559
-2.479716,0.002249,0.066479,-2.76056085105898
-2.570076,0.003939,0.066315,-2.81343428704676
-2.659142,0.006243,0.069035,-2.83949992775122
-2.746626,0.008222,0.070685,-2.78772183852757
-2.833813,0.009907,0.074305,-2.78167125116042
-2.921004,0.012826,0.074119,-2.70917830715028
-3.009774,0.014237,0.074048,-2.76027350028802
-3.098128,0.016393,0.075497,-2.72893971699636
-3.186714,0.019566,0.078261,-2.71573006377391
-3.275767,0.023604,0.079293,-2.72525912522593
-3.367195,0.025894,0.083047,-2.71631570363974
-3.460949,0.028114,0.079743,-2.68694792924996
-3.554653,0.03236,0.076147,-2.66970608858544
-3.645813,0.035702,0.080753,-3.00854425054677
-3.7331,0.038781,0.083992,-3.88732906731984
-3.819718,0.044512,0.082439,-3.65443089706172
-3.906874,0.048271,0.084848,-3.86066744692114
-3.991277,0.052937,0.086054,-3.93289117722437
-4.078108,0.055472,0.091258,-3.9856284083454
-4.162689,0.060697,0.090931,-4.03647849001553
-4.246171,0.065138,0.091702,-4.0575651309748
-4.33225,0.068331,0.09066,-4.12909786715726
-4.421217,0.070916,0.089008,-4.0623130087583
-4.511625,0.07416,0.087471,-4.02085900894216
-4.600443,0.077754,0.085692,-4.04344328715463
-4.690364,0.081721,0.085879,-4.04739064039174
-4.779436,0.085948,0.086167,-4.00304653869441
-4.871035,0.091341,0.085132,-3.99692430998915
-4.959643,0.095886,0.088799,-3.94091111292465
-5.048568,0.104227,0.090393,-3.95886685638849
-5.138537,0.11227,0.094068,-3.9205449500771
-5.226832,0.118212,0.095608,-3.92614144900276
-5.314199,0.122426,0.093481,-3.95360796014459
-5.400685,0.124078,0.096395,-3.95643052248444
-5.494577,0.122128,0.091799,-3.96387655331357
-5.581338,0.126235,0.091836,-3.96364661282017
-5.667022,0.130169,0.094586,-3.9355222187308
-5.754555,0.136117,0.09612,-3.88071143843587
-5.843034,0.141937,0.094984,-3.84404336261085
-5.929052,0.146742,0.092254,-3.84980835639297
-6.007295,0.15128,0.094636,-3.86843570248421
-6.08188,0.15589,0.097309,-3.89741627206017
-6.153908,0.159456,0.09529,-3.91567619323933
-6.221386,0.162955,0.093325,-3.94632588046647
-6.283248,0.167328,0.094678,-3.91877025051585
-6.334709,0.171928,0.094579,-3.89342266233276
-6.383181,0.174625,0.096092,-3.89325521133257
-6.416369,0.176407,0.094101,-3.82601369351109
-6.443609,0.178645,0.09392,-3.8365014187838
-6.464901,0.179796,0.095032,-3.86276059738274
-6.475729,0.180622,0.093796,-3.89619283872568
-6.479209,0.181254,0.093182,-3.89513669424868
-6.479949,0.181509,0.093289,-3.89071533440435
-6.47938,0.181247,0.093777,-3.89138616322649
-6.478579,0.179899,0.093145,-3.88050239455454
-6.479238,0.178412,0.092518,-3.88179286266623
-6.480268,0.177893,0.093057,-3.87913563009051
-6.480268,0.178262,0.092759,-3.88831900003954
-6.479276,0.177898,0.091682,-3.87546257683327
-6.478016,0.177674,0.09142,-3.88171187557697
-6.476927,0.176848,0.092257,-3.88399959309436
-6.476518,0.176112,0.093309,-3.87743247142779
-6.477789,0.176966,0.093565,-3.87071125033916
-6.478607,0.178277,0.092403,-3.88437335520927
-6.479329,0.179167,0.09321,-3.87976433338159
-6.479317,0.178536,0.092212,-3.87691653817961
-6.479178,0.178362,0.0926,-3.8802156195922
-6.479216,0.177517,0.091616,-3.87483801420514
-6.479267,0.177652,0.092069,-3.88404356473432
-6.479948,0.178862,0.092465,-3.87405250584053
-6.480018,0.179165,0.093102,-3.86586720868368
-6.480178,0.178804,0.093182,-3.87087277380489
-6.481398,0.178617,0.092978,-3.87042162219707
-6.481948,0.178514,0.093051,-3.87718558762017
-6.482288,0.178844,0.092736,-3.86468622488064
-6.482328,0.178776,0.092429,-3.87422382019973
-6.482598,0.177941,0.092809,-3.86255781290138
-6.483267,0.177471,0.092559,-3.87135914831913
-6.484328,0.178317,0.093247,-3.86224589773402
-6.484727,0.178845,0.092399,-3.85914983606884
-6.485177,0.178919,0.092332,-3.86682170372426
-6.484756,0.177089,0.091517,-3.87670662951897
-6.483576,0.175492,0.091676,-3.87114396622732
-6.481916,0.175526,0.091976,-3.8730202106017
-6.481336,0.175905,0.091263,-3.87389874501065
-6.482687,0.176623,0.092119,-3.86604844855286
-6.483736,0.176695,0.091506,-3.87114668391545
-6.483905,0.176421,0.090987,-3.87227207616026
-6.483665,0.176248,0.090853,-3.8744882167827
-6.483976,0.176282,0.091145,-3.87201996351538
-6.483996,0.176341,0.091342,-3.87033385855511
-6.483946,0.176069,0.091255,-3.87456948971846
-6.483606,0.175498,0.091721,-3.86249992274506
-6.483157,0.175701,0.092143,-3.87338752214533
-6.483166,0.176108,0.09131,-3.87837662936669
-6.483956,0.17648,0.091147,-3.88071273766009
-6.484326,0.176224,0.091547,-3.87431871336128
-6.483826,0.176507,0.091548,-3.86631627707195
-6.483547,0.177698,0.092075,-3.86226758367566
-6.484317,0.178216,0.091981,-3.86797530088807
-6.484056,0.177575,0.09127,-3.86836733059309
-6.485046,0.178094,0.091639,-3.86432169197956
-6.486727,0.178626,0.092355,-3.85939479033659
-6.487839,0.17852,0.093261,-3.86501941156029
-6.488547,0.178031,0.092465,-3.85910875438234
-6.488067,0.178113,0.092113,-3.86621311894416
-6.486847,0.177839,0.091834,-3.86467083393049
-6.486077,0.176914,0.092055,-3.86916106857711
-6.486576,0.175424,0.091639,-3.86156725691918
-6.488057,0.17541,0.092026,-3.87414492158757
-6.488407,0.176629,0.092123,-3.87398393266247
-6.487416,0.176788,0.091511,-3.87414130047318
-6.486016,0.176652,0.091637,-3.87479310698254
-6.484987,0.177186,0.091952,-3.86923286385577
-6.485016,0.177945,0.091629,-3.86847762340924
-6.485397,0.179431,0.091972,-3.8640071389614
-6.485846,0.180695,0.091323,-3.85716898090037
-6.485856,0.181323,0.090845,-3.87234691386123
-6.485756,0.180912,0.09121,-3.86256919476903
-6.485676,0.180466,0.090905,-3.86010175291408
-6.485586,0.180515,0.090655,-3.86367244340843
-6.486095,0.181047,0.090439,-3.85383088485655
-6.486837,0.181357,0.091661,-3.85923243734445
-6.487117,0.180958,0.091593,-3.85407299781224
-6.486757,0.180662,0.091773,-3.86765493699155
-6.485986,0.180346,0.091165,-3.85801105566934
-6.485135,0.17954,0.090248,-3.87124106935552
-6.485755,0.179879,0.090313,-3.86910141766917
-6.485544,0.179449,0.089722,-3.86120981781766
-6.485085,0.178517,0.090394,-3.86416692414432
-6.484256,0.177467,0.091481,-3.8582395939289
-6.484086,0.177631,0.091195,-3.85652039794934
-6.485275,0.177321,0.090928,-3.857159066198
-6.485626,0.175892,0.091213,-3.86624473559457
-6.486246,0.176228,0.091256,-3.85672364146027
-6.487277,0.176715,0.091951,-3.85854597703679
-6.488286,0.177547,0.091378,-3.86435305361638
-6.489146,0.178868,0.090812,-3.85707664945013
-6.489446,0.178998,0.091088,-3.85198935110896
-6.489885,0.178748,0.090772,-3.86195258092025
-6.489376,0.178849,0.091023,-3.86325795138461
-6.487996,0.178592,0.090879,-3.86522653951716
-6.487945,0.178975,0.090631,-3.85885554551929
-6.488016,0.178992,0.090818,-3.85910642070855
-6.488566,0.178484,0.091353,-3.85820388583346
-6.488456,0.177843,0.091548,-3.8652160375767
-6.487616,0.177935,0.091695,-3.86544878014571
-6.486966,0.17878,0.091359,-3.86468838732687
-6.486196,0.179027,0.091238,-3.86295954633419
-6.486336,0.179213,0.090925,-3.86977363186717
-6.486586,0.179768,0.090914,-3.86447418033132
-6.486136,0.179965,0.091208,-3.86412788813666
-6.487957,0.180786,0.091661,-3.86572314503402
-6.489247,0.181341,0.091956,-3.86465615619599
-6.490077,0.181599,0.091345,-3.86473645584565
-6.489255,0.1818,0.090264,-3.87459771843193
-6.489615,0.181078,0.09037,-3.87726130435684
-6.490246,0.18054,0.090862,-3.88161904645852
-6.489876,0.179825,0.091226,-3.87332900111522
-6.488997,0.179104,0.09207,-3.87345303384988
-6.487897,0.178238,0.092349,-3.87343690739878
-6.488227,0.177979,0.092121,-3.87078559811703
-6.488226,0.177132,0.091164,-3.86969077882676
-6.487576,0.176533,0.091467,-3.87106294910348
-6.486666,0.175818,0.091584,-3.87969635872385
-6.486707,0.176588,0.09236,-3.87548236536008
-6.486207,0.177481,0.092464,-3.87558406042391
-6.485248,0.177639,0.092609,-3.86683388974461
-6.484657,0.177667,0.092171,-3.87699908506166
-6.485127,0.177466,0.092123,-3.8663686575234
-6.484996,0.177444,0.091655,-3.86863824933188
-6.485846,0.178187,0.091371,-3.86201376088993
-6.486916,0.1788,0.09143,-3.86097492099986
-6.487517,0.178052,0.091967,-3.85096629880027
-6.487806,0.176982,0.091791,-3.86737084599669
-6.488186,0.176633,0.091282,-3.86301562165574
-6.489046,0.177502,0.091487,-3.8707747042519
-6.489216,0.178245,0.091058,-3.87420068388327
-6.489166,0.178515,0.091305,-3.87644593683989
-6.489306,0.178441,0.091356,-3.87288493972715
-6.489236,0.178247,0.091085,-3.87439812667285
-6.488217,0.178138,0.09198,-3.87026124075328
-6.487196,0.178076,0.091196,-3.87699019321539
-6.486828,0.179542,0.092455,-3.86759432194779
-6.486028,0.180294,0.092388,-3.86908907201093
-6.485288,0.179964,0.092791,-3.86981240305403
-6.485617,0.179244,0.091787,-3.87213432490479
-6.487396,0.179567,0.091468,-3.86790689706701
-6.488126,0.17971,0.090817,-3.88167664194807
-6.488896,0.179073,0.091081,-3.87392277996806
-6.489417,0.178172,0.092026,-3.87824600717146
-6.488797,0.178406,0.092026,-3.88043301778547
-6.488066,0.179279,0.091208,-3.87386578943836
-6.487466,0.179591,0.09076,-3.87200774513393
-6.487177,0.179549,0.09164,-3.87377544208009
-6.487706,0.179961,0.091242,-3.87124793454501
-6.488257,0.17983,0.092018,-3.86602300395721
-6.488447,0.179264,0.091959,-3.86468225324303
-6.488557,0.179177,0.091649,-3.87132296437151
-6.488215,0.178575,0.090774,-3.87500725539105
-6.488617,0.178813,0.091601,-3.86494217330562
-6.492257,0.180488,0.092136,-3.86554213339416
-6.49816,0.1823,0.093673,-3.85645155991348
-6.491769,0.183867,0.092722,-3.85169077099273
-6.498521,0.182316,0.095142,-3.89597145403571
-6.502447,0.181454,0.091667,-3.891565628067
-6.503427,0.180514,0.091591,-3.87369606231578
-6.505137,0.179571,0.091499,-3.88320657389844
-6.508016,0.179128,0.091003,-3.88006226481234
-6.508996,0.178906,0.091305,-3.88491800746215
-6.508795,0.177588,0.090791,-3.87879165589728
-6.509465,0.17704,0.090657,-3.87870761284011
-6.509186,0.177493,0.091622,-3.88500864401963
-6.508925,0.178281,0.09043,-3.88802415106229
-6.509326,0.178883,0.091093,-3.89207910398163
-6.509665,0.179654,0.090523,-3.887906888922
-6.509756,0.180957,0.090666,-3.88914608530024
-6.509425,0.181538,0.090283,-3.88009794523493
-6.508656,0.181678,0.091093,-3.88326760000413
-6.508686,0.180416,0.090994,-3.87984755561174
-6.509977,0.17946,0.09188,-3.88477882262168
-6.512076,0.179849,0.091354,-3.88070650663527
-6.513595,0.180315,0.090543,-3.87867788396386
-6.513075,0.180103,0.090194,-3.87633796604745
-6.512174,0.179113,0.089879,-3.88389359367545
-6.511185,0.178491,0.090427,-3.87771809353969
-6.511175,0.177938,0.090759,-3.87512588428299
-6.511735,0.176994,0.090655,-3.87514484684112
-6.511325,0.17661,0.090446,-3.87778118801142
-6.510615,0.177017,0.0907,-3.88012208617114
-6.509985,0.177819,0.090349,-3.89407841572497
-6.509556,0.179261,0.09119,-3.89102128185375
-6.509526,0.180338,0.090995,-3.89307232289379
-6.510126,0.180471,0.090675,-3.88569682672014
-6.509944,0.179022,0.089854,-3.8941960903364
-6.508855,0.178699,0.09063,-3.89276051358389
-6.508546,0.179322,0.091195,-3.88447730878138
-6.507856,0.178689,0.091208,-3.87973566970727
-6.507437,0.178588,0.091713,-3.87544394414255
-6.508375,0.179685,0.090656,-3.89069683510601
-6.508386,0.17922,0.091206,-3.88988731426474
-6.508165,0.177741,0.090552,-3.87561775574734
-6.508504,0.176858,0.089937,-3.87200178437106
-6.508704,0.175922,0.090252,-3.87712140000549
-6.509385,0.175799,0.090536,-3.87992170084236
-6.510666,0.176774,0.091015,-3.87221336342084
-6.510576,0.177273,0.091325,-3.86702070099252
-6.510866,0.177336,0.091209,-3.86831925250591
-6.511295,0.177897,0.090526,-3.87770327760721
-6.511214,0.178152,0.089705,-3.87170003997379
-6.510175,0.178344,0.090158,-3.87689239617025
-6.508225,0.178184,0.090412,-3.87216074700342
-6.507165,0.178529,0.090247,-3.88424392395853
-6.507465,0.18092,0.089923,-3.87252115205405
-6.507915,0.181355,0.090221,-3.87528832199404
-6.508346,0.18061,0.091043,-3.87776696663044
-6.508477,0.179771,0.09146,-3.87488355350444
-6.508767,0.179676,0.091691,-3.88480282333157
-6.509526,0.180137,0.090779,-3.88760063502208
-6.510257,0.180346,0.091812,-3.88269138605338
-6.510427,0.180441,0.091681,-3.88096174931998
-6.510396,0.180169,0.090626,-3.87617594639428
-6.511015,0.180411,0.090356,-3.88509035130859
-6.512135,0.180528,0.090461,-3.88073388211066
-6.512866,0.179919,0.091199,-3.88401619437269
-6.512156,0.178849,0.091468,-3.8729310354404
-6.511287,0.179792,0.092038,-3.88963310231357
-6.511146,0.180631,0.091208,-3.87344678489731
-6.512016,0.181676,0.091204,-3.87792428573115
-6.512346,0.181708,0.090723,-3.86426329071437
-6.512606,0.181709,0.090495,-3.86797376633394
-6.512877,0.181896,0.091569,-3.86294850225809
-6.512007,0.182136,0.091603,-3.86808793845061
-6.511727,0.183033,0.091297,-3.86755832001456
-6.512367,0.182878,0.091352,-3.86423405841958
-6.512197,0.181904,0.091196,-3.87237339300995
-6.512107,0.181605,0.091666,-3.87237584293087
-6.511726,0.181205,0.091096,-3.87873932775248
-6.511025,0.181984,0.090353,-3.87338893742093
-6.510296,0.182235,0.090586,-3.86888794791825
-6.510166,0.180746,0.090905,-3.87112996124757
-6.509786,0.180325,0.090943,-3.87428530294869
-6.510187,0.181043,0.091801,-3.87518220365662
-6.510946,0.180162,0.091407,-3.86580847015123
-6.511408,0.179193,0.092504,-3.86542860686893
-6.511367,0.17885,0.091748,-3.86978260222964
-6.511107,0.179235,0.091577,-3.85834900307502
-6.511138,0.1792,0.092473,-3.8615463130064
-6.512647,0.178873,0.092147,-3.86387067257169
-6.512957,0.178529,0.092291,-3.86850845850118
-6.511407,0.177998,0.091756,-3.87032153924741
-6.510917,0.178545,0.091688,-3.87239886478647
-6.511467,0.179918,0.091562,-3.86134202637294
-6.511477,0.180725,0.09169,-3.86336596843711
-6.510636,0.180316,0.090815,-3.87245383634656
-6.510225,0.178985,0.090716,-3.87281278548905
-6.509905,0.178037,0.090626,-3.86900447973297
-6.509745,0.178209,0.090782,-3.8719438578326
-6.509615,0.17904,0.090295,-3.88263769529375
-6.509775,0.178979,0.090018,-3.88278209396586
-6.509494,0.179002,0.089529,-3.88455010967377
-6.510555,0.179099,0.090015,-3.87620544094855
-6.512075,0.179083,0.090432,-3.88314192694756
-6.512956,0.179487,0.091385,-3.88535369775385
-6.512726,0.179006,0.091241,-3.87327875874174
-6.512045,0.178553,0.090722,-3.87289949590587
-6.510315,0.178401,0.09025,-3.87535972789035
-6.508595,0.178507,0.090184,-3.87652994421465
-6.508415,0.179007,0.0907,-3.86535029902866
-6.508937,0.179601,0.092031,-3.86956791652746
-6.508997,0.179465,0.091584,-3.87829349421241
-6.510046,0.179664,0.090832,-3.87810850159891
-6.511207,0.179795,0.091577,-3.88124906896046
-6.511626,0.179875,0.091131,-3.88677589600249
-6.510326,0.179249,0.091515,-3.88331604066876
-6.510265,0.177943,0.090353,-3.86871094224503
-6.510745,0.178556,0.090439,-3.87293211401679
-6.511466,0.180075,0.090961,-3.88434599129947
-6.512657,0.180794,0.091406,-3.87387507472736
-6.512646,0.181252,0.091231,-3.87350824870808
-6.512676,0.180936,0.090605,-3.88294573452441
-6.513496,0.180448,0.090571,-3.87458525745643
-6.513686,0.180338,0.09085,-3.87812377543103
-6.513937,0.18042,0.091555,-3.88760112699279
-6.514717,0.180417,0.09157,-3.89962136903036
-6.514888,0.179676,0.092319,-3.88386345627767
-6.514077,0.178439,0.091803,-3.90256262934745
-6.513286,0.178216,0.091542,-3.89661682012661
-6.513216,0.178732,0.091191,-3.89684603971251
-6.513476,0.17895,0.090841,-3.90003191624904
-6.513746,0.179741,0.09127,-3.90136875433168
-6.514046,0.18011,0.091239,-3.89319620948078
-6.514677,0.180746,0.091873,-3.8891082468053
-6.516147,0.181405,0.091932,-3.891392356307
-6.516506,0.180714,0.091134,-3.89566072957074
-6.515797,0.18065,0.091793,-3.88556218763322
-6.515457,0.181197,0.091699,-3.89091485429624
-6.514447,0.180249,0.09148,-3.88017081572225
-6.513776,0.178778,0.091058,-3.88079315698265
-6.513066,0.177725,0.091676,-3.87556355160496
-6.512147,0.177779,0.09211,-3.88059660561521
-6.511407,0.178592,0.092286,-3.87603498495455
-6.511577,0.180291,0.092052,-3.87352496981493
-6.512547,0.182174,0.091352,-3.87813091371841
-6.513567,0.182899,0.091076,-3.87522011993514
-6.513706,0.182421,0.090544,-3.86319242203596
-6.513007,0.181974,0.091463,-3.87839437458235
-6.512547,0.181817,0.091773,-3.8752017028348
-6.512518,0.182606,0.092056,-3.87562265427125
-6.513598,0.183114,0.092366,-3.87661316325391
-6.513528,0.182451,0.092595,-3.88297024341244
-6.513288,0.180323,0.092444,-3.87882884507699
-6.513067,0.179054,0.09204,-3.87724531527923
-6.513356,0.178957,0.090858,-3.87559699398809
-6.514055,0.178958,0.090383,-3.87094497351813
-6.515045,0.17909,0.089975,-3.87021900759992
-6.515305,0.178706,0.090054,-3.87716947310529
-6.514856,0.179024,0.091061,-3.88371794174167
-6.515427,0.18051,0.091489,-3.88834486580798
-6.515947,0.181854,0.091493,-3.89039285544436
-6.515777,0.182471,0.091696,-3.89136769622212
-6.514916,0.181889,0.091044,-3.8895352391855
-6.513296,0.181425,0.091023,-3.89227611216379
-6.511657,0.181675,0.091626,-3.8899876361963
-6.511857,0.18182,0.091476,-3.88479911016419
-6.512717,0.181753,0.09132,-3.8869879479345
-6.513806,0.182342,0.090588,-3.88441679104064
-6.514616,0.183485,0.090927,-3.88248598413586
-6.515207,0.183383,0.091258,-3.8815078476951
-6.516017,0.18239,0.091812,-3.88557540793377
-6.516797,0.181353,0.091922,-3.87604533994041
-6.516247,0.180912,0.091591,-3.88907319267427
-6.515657,0.181992,0.091359,-3.87876643189481
-6.514737,0.183396,0.091296,-3.87975309609733
-6.514608,0.183298,0.092196,-3.86784003528774
-6.514357,0.183332,0.091808,-3.86755583599914
-6.514217,0.182967,0.091647,-3.87046359051299
-6.513507,0.182905,0.091515,-3.87723716728984
-6.512637,0.182618,0.091909,-3.87744297019873
-6.511987,0.181582,0.091418,-3.87146784916985
-6.512387,0.181488,0.091391,-3.86769996209216
-6.512978,0.182269,0.092207,-3.87139447682925
-6.514328,0.18274,0.092008,-3.87839843240955
-6.515608,0.182131,0.092133,-3.87579381663038
-6.515727,0.180504,0.091804,-3.87103927987377
-6.514647,0.179877,0.091731,-3.87434295749732
-6.514447,0.179671,0.091628,-3.88117084416951
-6.514817,0.179155,0.092005,-3.88257933104356
-6.514356,0.180004,0.091316,-3.88466267191837
-6.513928,0.181185,0.092348,-3.87527509432955
-6.514007,0.180769,0.09142,-3.88240288835429
-6.515657,0.181331,0.091524,-3.87755069259991
-6.517087,0.182249,0.091393,-3.87954384006093
-6.517477,0.182464,0.091915,-3.88785733837023
-6.517018,0.181303,0.092076,-3.88136381146782
-6.517166,0.180829,0.091101,-3.8779507783622
-6.517986,0.181777,0.090773,-3.88295849852987
-6.519076,0.18238,0.090621,-3.88368324279665
-6.519296,0.182275,0.090385,-3.87402026691962
-6.518916,0.181901,0.091016,-3.88535159735224
-6.518487,0.18132,0.091413,-3.88059682452902
-6.518758,0.181172,0.09242,-3.8870567028038
-6.518758,0.181758,0.092139,-3.88387560459611
-6.519067,0.182368,0.091914,-3.88122802894647
-6.518837,0.181948,0.091511,-3.88882010027805
-6.518026,0.181231,0.090814,-3.88414949398064
-6.517436,0.180551,0.091019,-3.89186565528109
-6.517075,0.17964,0.090486,-3.8890303389066
-6.516915,0.179513,0.090555,-3.88514072948212
-6.516746,0.179333,0.090739,-3.87446417437292
-6.516716,0.178349,0.091245,-3.88502501665915
-6.517337,0.178419,0.091742,-3.88973516896873
-6.518127,0.178938,0.091976,-3.89560291463574
-6.518527,0.179075,0.091749,-3.89465748467796
-6.517896,0.179586,0.091419,-3.88487370554284
-6.517806,0.17941,0.091445,-3.88775896593642
-6.518316,0.179482,0.091332,-3.87937241058067
-6.518026,0.179218,0.091013,-3.87501363120976
-6.517046,0.178598,0.091479,-3.87633714449861
-6.515786,0.178211,0.091158,-3.87082441602799
-6.515425,0.179872,0.090484,-3.88395210387431
-6.515446,0.181323,0.090642,-3.88697564848549
-6.514836,0.181265,0.090702,-3.8904302380242
-6.514717,0.182062,0.09137,-3.88801709909614
-6.515327,0.182721,0.091631,-3.88195003098283
-6.516617,0.182608,0.091797,-3.86984272090016
-6.516747,0.181802,0.09151,-3.88000392827686
-6.515597,0.18069,0.091724,-3.87614727285539
-6.515178,0.180302,0.092318,-3.8823475137652
-6.515818,0.180618,0.092831,-3.8894398728819
-6.515869,0.18136,0.092959,-3.88204991741468
-6.516628,0.181807,0.092741,-3.89263524035623
-6.517599,0.181902,0.093155,-3.8826067291044
-6.516998,0.181635,0.092314,-3.88188182917516
-6.516537,0.180461,0.092094,-3.88665133427974
-6.516368,0.179959,0.092339,-3.88749518853581
-6.515647,0.17996,0.091841,-3.88650796688461
-6.515298,0.180198,0.092673,-3.88139083945247
-6.515618,0.179678,0.093047,-3.87193622516637
-6.515808,0.179532,0.092803,-3.88538167061634
-6.515478,0.180617,0.092368,-3.8786505285588
-6.515239,0.181658,0.093228,-3.86695321951693
-6.516068,0.182044,0.091995,-3.87084608889857
-6.517588,0.181512,0.092169,-3.86861643183732
-6.518548,0.180642,0.092874,-3.85902459401693
-6.518128,0.179116,0.092686,-3.88231861136295
-6.517707,0.17798,0.092463,-3.87063263375442
-6.518027,0.17683,0.091942,-3.87066775598636
-6.517526,0.176307,0.091248,-3.86781694908338
-6.516347,0.17715,0.091799,-3.87538200620574
-6.515357,0.178009,0.091685,-3.86791572062668
-6.513917,0.17787,0.092331,-3.87481977358507
-6.512788,0.178192,0.092877,-3.87456261090779
-6.512528,0.17831,0.092565,-3.8685944814345
-6.512676,0.177377,0.091635,-3.87771473880166
-6.512036,0.177554,0.091332,-3.87854711099444
-6.512046,0.178474,0.091361,-3.87915774242499
-6.512927,0.179721,0.091691,-3.87698981537037
-6.514037,0.180593,0.091989,-3.88306886057691
-6.514836,0.180328,0.091081,-3.87530204095878
-6.516636,0.179879,0.091352,-3.88047473241937
-6.518238,0.180527,0.092403,-3.86932502308855
-6.518018,0.180696,0.092243,-3.87010037607158
-6.517187,0.180738,0.091717,-3.87409669991651
-6.516856,0.180989,0.090803,-3.8850578181917
-6.516496,0.181752,0.090434,-3.87912107557529
-6.517326,0.181191,0.091182,-3.87888791052021
-6.518267,0.180232,0.09168,-3.88596803294832
-6.518366,0.179579,0.091106,-3.88620554947878
-6.518287,0.180612,0.091667,-3.88388468055842
-6.518407,0.181266,0.091826,-3.87325229720011
-6.518927,0.181336,0.092017,-3.88013145019833
-6.518887,0.181698,0.091661,-3.87863902178856
-6.518446,0.182136,0.091039,-3.88294938084186
-6.518226,0.182085,0.090573,-3.88349532741273
-6.517366,0.181077,0.090512,-3.87174422445883
-6.516556,0.181056,0.090579,-3.8767180235227
-6.517065,0.181841,0.090373,-3.87755170220644
-6.518156,0.182167,0.090873,-3.87676549617172
-6.518946,0.1828,0.090446,-3.87446987506629
-6.518176,0.18322,0.090516,-3.88210791477001
-6.518035,0.183133,0.089444,-3.86916002919396
-6.518155,0.183557,0.089846,-3.87245605584347
-6.517246,0.183695,0.090937,-3.87372044964688
-6.515767,0.184044,0.091082,-3.87387841875572
-6.515246,0.185332,0.090443,-3.86764594251026
-6.514545,0.186159,0.089472,-3.87807148890147
-6.513626,0.186038,0.089937,-3.87715611069386
-6.513066,0.186664,0.089814,-3.87634812991924
-6.513495,0.187116,0.08964,-3.86306429143236
-6.513746,0.18724,0.089882,-3.8706903805904
-6.513576,0.186767,0.090297,-3.87936772208076
-6.514896,0.186828,0.090347,-3.88408556477579
-6.515205,0.186532,0.089159,-3.88640511699275
-6.515114,0.185051,0.088854,-3.88560977569389
-6.514985,0.183483,0.08953,-3.8796817338007
-6.513785,0.182781,0.090145,-3.88476065027924
-6.513155,0.182821,0.090061,-3.88039423670806
-6.513415,0.182733,0.090029,-3.87954420249953
-6.513214,0.182329,0.089232,-3.88564865882523
-6.513414,0.181404,0.089375,-3.88499036175674
-6.513414,0.180308,0.089682,-3.8795428334182
-6.512925,0.179552,0.090137,-3.89601115247149
-6.512684,0.178605,0.089442,-3.89195309110584
-6.512653,0.177298,0.089324,-3.89399429369899
-6.512503,0.175724,0.089312,-3.9033434169761
-6.513113,0.175121,0.088899,-3.89736472165182
-6.514613,0.175346,0.088759,-3.89479908722934
-6.516722,0.175971,0.088097,-3.88840004729126
-6.518112,0.176397,0.088521,-3.8894774217927
-6.517894,0.177378,0.089802,-3.88846945533133
-6.518475,0.179112,0.090039,-3.88182493137416
-6.519635,0.179446,0.090239,-3.88258415395917
-6.519564,0.178631,0.089872,-3.89084129453128
-6.519664,0.178333,0.089988,-3.89045258024988
-6.519563,0.177839,0.089181,-3.8859360343029
-6.518762,0.177288,0.088371,-3.89026889346296
-6.518732,0.176973,0.088253,-3.89312199016991
-6.518863,0.177931,0.089192,-3.89268001955006
-6.519684,0.179363,0.089817,-3.88928227147217
-6.519605,0.179524,0.090005,-3.88932674946308
-6.518005,0.178765,0.090639,-3.89656723530108
-6.517006,0.177975,0.090897,-3.89442844606236
-6.516534,0.177078,0.09016,-3.89789218784517
-6.516695,0.177225,0.090758,-3.89861777697261
-6.517115,0.17817,0.090528,-3.88951751640495
-6.516475,0.178759,0.09063,-3.88995191678593
-6.516605,0.178386,0.09026,-3.89352554179935
-6.517135,0.178418,0.0906,-3.89954601606149
-6.517447,0.179479,0.091574,-3.903823098626
-6.518466,0.180148,0.090968,-3.89697701457636
-6.519796,0.181103,0.090946,-3.89331164450432
-6.520016,0.182687,0.090544,-3.89440160512711
-6.519445,0.183373,0.090097,-3.88505432996369
-6.519666,0.183251,0.09024,-3.88033184529225
-6.520866,0.182423,0.090424,-3.87807307281546
-6.520735,0.180546,0.090297,-3.8761006289472
-6.519285,0.179723,0.090404,-3.87485804978092
-6.518745,0.179589,0.09037,-3.8745930027776
-6.519165,0.179617,0.090299,-3.87491848103133
-6.517704,0.179921,0.089703,-3.88508788845615
-6.516674,0.180254,0.089682,-3.87582905126167
-6.517125,0.180451,0.089917,-3.88030487787789
-6.518064,0.180365,0.089731,-3.88078163397035
-6.518906,0.180281,0.090678,-3.88229626546179
-6.519456,0.18008,0.091378,-3.87689813874776
